theta_test_id,rollout_id,sequence,y_obs,u_ctrl,u_req_true,excess_control,u_ctrl_prior,changed_from_prior,reduced_from_prior,increased_from_prior,safe_total,max_rocof,frequency_nadir,rocof_safe,nadir_safe,posterior_ess,max_posterior_weight,posterior_mean_U,posterior_std_U,posterior_mean_U_error,runtime_s,exact_tie_count,near_tie_count,action_index_tie_break_count,median_co_tied_action_count,mean_score_gap,mean_decision_runtime_s,rule_terminal_rule_hash,rule_quantile_level,rule_additive_margin,rule_alpha,rule_snap_up,rule_control_grid_hash,rule_source,rule_rule,method
0,0,"[13, 18]","[2.458634680164457, 4.660853069074917]",0.96,0.0,0.96,1.04,True,True,False,True,4.948483499689389,-0.42680762448357806,True,True,1.9868010887580183,0.6664416012639837,4.0666614165527355e-14,1.8035607560949554e-07,4.0666614165527355e-14,0.12761836010031402,0,0,0,nan,nan,0.0010095395846292377,5b4c2191621b1bbc,0.95,0.9,0.05,True,2a35b5c585aa23b1,/home/grads/g/g.lin/Documents/dad_mocu_kuramoto_v4/experiments/dad_cross_system_improvement/ieee9_T2/selected_policy_robust_rule.json,snap_up(Q_{1-alpha}(U|w) + margin),dad
1,1,"[13, 18]","[1.784853572971937, 9.647212475590045]",0.96,0.0,0.96,1.04,True,True,False,True,15.06317443770887,-0.5043849788728458,True,True,1.0000000000002547,0.9999999999998725,0.0,0.0,0.0,0.11865047388710082,0,0,0,nan,nan,0.001039795926772058,5b4c2191621b1bbc,0.95,0.9,0.05,True,2a35b5c585aa23b1,/home/grads/g/g.lin/Documents/dad_mocu_kuramoto_v4/experiments/dad_cross_system_improvement/ieee9_T2/selected_policy_robust_rule.json,snap_up(Q_{1-alpha}(U|w) + margin),dad
2,2,"[13, 18]","[2.4945090478273, 6.697728974849527]",0.96,0.0,0.96,1.04,True,True,False,True,8.622302454139804,-0.5151064628816457,True,True,1.000000000016207,0.9999999999918965,3.772560873029274e-66,1.7372532050404798e-33,3.772560873029274e-66,0.12710649310611188,0,0,0,nan,nan,0.001119237975217402,5b4c2191621b1bbc,0.95,0.9,0.05,True,2a35b5c585aa23b1,/home/grads/g/g.lin/Documents/dad_mocu_kuramoto_v4/experiments/dad_cross_system_improvement/ieee9_T2/selected_policy_robust_rule.json,snap_up(Q_{1-alpha}(U|w) + margin),dad
3,3,"[13, 18]","[2.9365632256361307, 5.968446534077408]",0.96,0.0,0.96,1.04,True,True,False,True,7.32352426611295,-0.46794511935115835,True,True,1.0000000000004783,0.9999999999997609,1.912833612611538e-13,3.911862587168502e-07,1.912833612611538e-13,0.12419255799613893,0,0,0,nan,nan,0.0011058420641347766,5b4c2191621b1bbc,0.95,0.9,0.05,True,2a35b5c585aa23b1,/home/grads/g/g.lin/Documents/dad_mocu_kuramoto_v4/experiments/dad_cross_system_improvement/ieee9_T2/selected_policy_robust_rule.json,snap_up(Q_{1-alpha}(U|w) + margin),dad
4,4,"[13, 18]","[2.420279282726794, 10.21625032368906]",0.96,0.32,0.6399999999999999,1.04,True,True,False,True,14.43790030192405,-0.6303425473388712,True,True,1.0,1.0,0.0,0.0,-0.32,0.12855648598633707,0,0,0,nan,nan,0.0009156670421361923,5b4c2191621b1bbc,0.95,0.9,0.05,True,2a35b5c585aa23b1,/home/grads/g/g.lin/Documents/dad_mocu_kuramoto_v4/experiments/dad_cross_system_improvement/ieee9_T2/selected_policy_robust_rule.json,snap_up(Q_{1-alpha}(U|w) + margin),dad
5,5,"[13, 18]","[1.8532914661959203, 5.073893606096594]",0.96,0.0,0.96,1.04,True,True,False,True,7.781657682970818,-0.4708646840928323,True,True,1.7809463274816484,0.7179994417767255,4.4363923335879424e-10,5.983487535767785e-06,4.4363923335879424e-10,0.12454662285745144,0,0,0,nan,nan,0.0011299970792606473,5b4c2191621b1bbc,0.95,0.9,0.05,True,2a35b5c585aa23b1,/home/grads/g/g.lin/Documents/dad_mocu_kuramoto_v4/experiments/dad_cross_system_improvement/ieee9_T2/selected_policy_robust_rule.json,snap_up(Q_{1-alpha}(U|w) + margin),dad
6,6,"[13, 18]","[1.1732134443789086, 7.607514046224372]",0.96,0.0,0.96,1.04,True,True,False,True,8.961007936194259,-0.4384225536353909,True,True,1.0000715994311242,0.9999642015659658,2.0918043657919436e-226,1.2936164395343602e-113,2.0918043657919436e-226,0.1291700629517436,0,0,0,nan,nan,0.0010356234852224588,5b4c2191621b1bbc,0.95,0.9,0.05,True,2a35b5c585aa23b1,/home/grads/g/g.lin/Documents/dad_mocu_kuramoto_v4/experiments/dad_cross_system_improvement/ieee9_T2/selected_policy_robust_rule.json,snap_up(Q_{1-alpha}(U|w) + margin),dad
7,7,"[13, 18]","[2.3215435755980014, 3.767423385954533]",1.12,0.0,1.12,1.04,True,False,True,True,6.560092299319013,-0.4781087923505804,True,True,3.1038766029787994,0.3850756722282198,0.05979108671706981,0.06036594687253397,0.05979108671706981,0.12552451784722507,0,0,0,nan,nan,0.0008640815503895283,5b4c2191621b1bbc,0.95,0.9,0.05,True,2a35b5c585aa23b1,/home/grads/g/g.lin/Documents/dad_mocu_kuramoto_v4/experiments/dad_cross_system_improvement/ieee9_T2/selected_policy_robust_rule.json,snap_up(Q_{1-alpha}(U|w) + margin),dad
8,8,"[13, 18]","[1.5837619541499304, 3.268014278340663]",0.96,0.0,0.96,1.04,True,True,False,True,5.6780854999992,-0.4176225122407299,True,True,2.8820303975546144,0.4897643199995822,1.8403194775915627e-22,7.97912376306275e-12,1.8403194775915627e-22,0.12679643603041768,0,0,0,nan,nan,0.001088069868274033,5b4c2191621b1bbc,0.95,0.9,0.05,True,2a35b5c585aa23b1,/home/grads/g/g.lin/Documents/dad_mocu_kuramoto_v4/experiments/dad_cross_system_improvement/ieee9_T2/selected_policy_robust_rule.json,snap_up(Q_{1-alpha}(U|w) + margin),dad
9,9,"[13, 18]","[1.9359858019005478, 6.556247383290257]",0.96,0.0,0.96,1.04,True,True,False,True,7.851977293620081,-0.44642008555349066,True,True,1.0000232180176845,0.9999883911325044,1.9460734390062545e-61,3.945704944879944e-31,1.9460734390062545e-61,0.12239937693811953,0,0,0,nan,nan,0.001258497009985149,5b4c2191621b1bbc,0.95,0.9,0.05,True,2a35b5c585aa23b1,/home/grads/g/g.lin/Documents/dad_mocu_kuramoto_v4/experiments/dad_cross_system_improvement/ieee9_T2/selected_policy_robust_rule.json,snap_up(Q_{1-alpha}(U|w) + margin),dad
10,10,"[13, 18]","[1.8994784421503248, 4.025799933477797]",1.2,0.0,1.2,1.04,True,False,True,True,8.432532617569672,-0.42983493606655837,True,True,2.9534415788578086,0.5331458243297618,0.21325963269727288,0.199559187773826,0.21325963269727288,0.12648962414823472,0,0,0,nan,nan,0.0013847744558006525,5b4c2191621b1bbc,0.95,0.9,0.05,True,2a35b5c585aa23b1,/home/grads/g/g.lin/Documents/dad_mocu_kuramoto_v4/experiments/dad_cross_system_improvement/ieee9_T2/selected_policy_robust_rule.json,snap_up(Q_{1-alpha}(U|w) + margin),dad
11,11,"[13, 18]","[1.766815329324162, 3.797623532734128]",0.96,0.0,0.96,1.04,True,True,False,True,4.248413669032564,-0.39810126788690003,True,True,1.5391452538259085,0.794116166098996,0.00044424774398040885,0.013322779322932493,0.00044424774398040885,0.12235669116489589,0,0,0,nan,nan,0.0010484595550224185,5b4c2191621b1bbc,0.95,0.9,0.05,True,2a35b5c585aa23b1,/home/grads/g/g.lin/Documents/dad_mocu_kuramoto_v4/experiments/dad_cross_system_improvement/ieee9_T2/selected_policy_robust_rule.json,snap_up(Q_{1-alpha}(U|w) + margin),dad
12,12,"[13, 18]","[2.3876913690594974, 3.1479848811862388]",0.96,0.0,0.96,1.04,True,True,False,True,6.751568902381649,-0.5297100728691743,True,True,1.7137939208835102,0.7175461901912399,2.9744915091488626e-12,4.88181900090578e-07,2.9744915091488626e-12,0.12542126700282097,0,0,0,nan,nan,0.001050524995662272,5b4c2191621b1bbc,0.95,0.9,0.05,True,2a35b5c585aa23b1,/home/grads/g/g.lin/Documents/dad_mocu_kuramoto_v4/experiments/dad_cross_system_improvement/ieee9_T2/selected_policy_robust_rule.json,snap_up(Q_{1-alpha}(U|w) + margin),dad
13,13,"[13, 18]","[1.7639426053794918, 5.597337472065501]",0.96,0.0,0.96,1.04,True,True,False,True,6.710820899861146,-0.5434168797577088,True,True,1.0292535847355908,0.9856104125335355,5.643819079596178e-17,6.719416093439177e-09,5.643819079596178e-17,0.125954250106588,0,0,0,nan,nan,0.00103811698500067,5b4c2191621b1bbc,0.95,0.9,0.05,True,2a35b5c585aa23b1,/home/grads/g/g.lin/Documents/dad_mocu_kuramoto_v4/experiments/dad_cross_system_improvement/ieee9_T2/selected_policy_robust_rule.json,snap_up(Q_{1-alpha}(U|w) + margin),dad
14,14,"[13, 18]","[2.340451466515293, 9.459692456561735]",0.96,0.0,0.96,1.04,True,True,False,True,11.289175671439477,-0.4882397594782111,True,True,1.0006200379583845,0.9996900771049096,0.0,0.0,0.0,0.12811259692534804,0,0,0,nan,nan,0.0014345295494422317,5b4c2191621b1bbc,0.95,0.9,0.05,True,2a35b5c585aa23b1,/home/grads/g/g.lin/Documents/dad_mocu_kuramoto_v4/experiments/dad_cross_system_improvement/ieee9_T2/selected_policy_robust_rule.json,snap_up(Q_{1-alpha}(U|w) + margin),dad
15,15,"[13, 18]","[2.2757667468864797, 3.7289978035695994]",1.12,0.0,1.12,1.04,True,False,True,True,4.889595303149377,-0.449528535573651,True,True,3.012475971139898,0.40592030238666077,0.06778722969011941,0.06553245491237383,0.06778722969011941,0.12644062703475356,0,0,0,nan,nan,0.0009236140176653862,5b4c2191621b1bbc,0.95,0.9,0.05,True,2a35b5c585aa23b1,/home/grads/g/g.lin/Documents/dad_mocu_kuramoto_v4/experiments/dad_cross_system_improvement/ieee9_T2/selected_policy_robust_rule.json,snap_up(Q_{1-alpha}(U|w) + margin),dad
16,16,"[13, 18]","[1.7436592014844714, 4.638423200685138]",1.04,0.0,1.04,1.04,False,False,False,True,4.994557111113752,-0.402282722457645,True,True,3.190769824103127,0.4032176218491627,0.026489548988103594,0.03764927241601287,0.026489548988103594,0.12454454903490841,0,0,0,nan,nan,0.0014544945443049073,5b4c2191621b1bbc,0.95,0.9,0.05,True,2a35b5c585aa23b1,/home/grads/g/g.lin/Documents/dad_mocu_kuramoto_v4/experiments/dad_cross_system_improvement/ieee9_T2/selected_policy_robust_rule.json,snap_up(Q_{1-alpha}(U|w) + margin),dad
17,17,"[13, 18]","[2.4608109247053727, 3.6011558083988104]",1.04,0.0,1.04,1.04,False,False,False,True,6.010331476012954,-0.42707610054356576,True,True,2.556728745677169,0.4569128382391292,0.033238621374699455,0.04002685295882034,0.033238621374699455,0.12164863501675427,0,0,0,nan,nan,0.001174281002022326,5b4c2191621b1bbc,0.95,0.9,0.05,True,2a35b5c585aa23b1,/home/grads/g/g.lin/Documents/dad_mocu_kuramoto_v4/experiments/dad_cross_system_improvement/ieee9_T2/selected_policy_robust_rule.json,snap_up(Q_{1-alpha}(U|w) + margin),dad
18,18,"[13, 18]","[2.9519238661375353, 4.5738980188979825]",0.96,0.0,0.96,1.04,True,True,False,True,7.593466986003247,-0.537229057804493,True,True,1.0673974100218075,0.9675855109440715,3.057401494423244e-25,4.945625537151351e-13,3.057401494423244e-25,0.1235158781055361,0,0,0,nan,nan,0.0010191216133534908,5b4c2191621b1bbc,0.95,0.9,0.05,True,2a35b5c585aa23b1,/home/grads/g/g.lin/Documents/dad_mocu_kuramoto_v4/experiments/dad_cross_system_improvement/ieee9_T2/selected_policy_robust_rule.json,snap_up(Q_{1-alpha}(U|w) + margin),dad
19,19,"[13, 18]","[2.1822163557687793, 6.307065716865705]",0.96,0.0,0.96,1.04,True,True,False,True,7.927223499490062,-0.5758539531458229,True,True,1.8406265199654896,0.6491205468457218,2.486400009393748e-34,1.4103616584107066e-17,2.486400009393748e-34,0.12135501718148589,0,0,0,nan,nan,0.0011364328674972057,5b4c2191621b1bbc,0.95,0.9,0.05,True,2a35b5c585aa23b1,/home/grads/g/g.lin/Documents/dad_mocu_kuramoto_v4/experiments/dad_cross_system_improvement/ieee9_T2/selected_policy_robust_rule.json,snap_up(Q_{1-alpha}(U|w) + margin),dad
20,20,"[13, 18]","[2.1107729090828076, 3.7262433578647562]",1.12,0.0,1.12,1.04,True,False,True,True,4.441070130026861,-0.41348451139239334,True,True,2.6949978490767537,0.4338948505407255,0.0739830167567944,0.08673284723294536,0.0739830167567944,0.1271166568621993,0,0,0,nan,nan,0.0010993535397574306,5b4c2191621b1bbc,0.95,0.9,0.05,True,2a35b5c585aa23b1,/home/grads/g/g.lin/Documents/dad_mocu_kuramoto_v4/experiments/dad_cross_system_improvement/ieee9_T2/selected_policy_robust_rule.json,snap_up(Q_{1-alpha}(U|w) + margin),dad
21,21,"[13, 18]","[1.7507592486148553, 5.007940184853383]",0.96,0.0,0.96,1.04,True,True,False,True,8.061839654099542,-0.5974876731992318,True,True,2.456627278756178,0.5162268852248837,5.476895760875205e-07,0.00020932000890841934,5.476895760875205e-07,0.12611137400381267,0,0,0,nan,nan,0.0010293651139363647,5b4c2191621b1bbc,0.95,0.9,0.05,True,2a35b5c585aa23b1,/home/grads/g/g.lin/Documents/dad_mocu_kuramoto_v4/experiments/dad_cross_system_improvement/ieee9_T2/selected_policy_robust_rule.json,snap_up(Q_{1-alpha}(U|w) + margin),dad
22,22,"[13, 18]","[1.6553112611350798, 9.610440033700476]",0.96,0.08,0.88,1.04,True,True,False,True,10.694570660003832,-0.6224213041372098,True,True,1.000000000004237,0.9999999999978813,0.0,0.0,-0.08,0.12874028994701803,0,0,0,nan,nan,0.0012662254739552736,5b4c2191621b1bbc,0.95,0.9,0.05,True,2a35b5c585aa23b1,/home/grads/g/g.lin/Documents/dad_mocu_kuramoto_v4/experiments/dad_cross_system_improvement/ieee9_T2/selected_policy_robust_rule.json,snap_up(Q_{1-alpha}(U|w) + margin),dad
23,23,"[13, 18]","[1.5431094824147495, 5.916333892924657]",0.96,0.0,0.96,1.04,True,True,False,True,7.166647061352755,-0.4424386866988107,True,True,1.0219151389478462,0.9891623898830478,2.6993442697414502e-34,1.469515367661448e-17,2.6993442697414502e-34,0.1270715738646686,0,0,0,nan,nan,0.0010221580741927028,5b4c2191621b1bbc,0.95,0.9,0.05,True,2a35b5c585aa23b1,/home/grads/g/g.lin/Documents/dad_mocu_kuramoto_v4/experiments/dad_cross_system_improvement/ieee9_T2/selected_policy_robust_rule.json,snap_up(Q_{1-alpha}(U|w) + margin),dad
24,24,"[13, 18]","[2.296941446189571, 11.578914032742123]",0.96,0.0,0.96,1.04,True,True,False,True,14.85859381051062,-0.44251342840304264,True,True,1.0,1.0,0.0,0.0,0.0,0.12254480994306505,0,0,0,nan,nan,0.0011664850171655416,5b4c2191621b1bbc,0.95,0.9,0.05,True,2a35b5c585aa23b1,/home/grads/g/g.lin/Documents/dad_mocu_kuramoto_v4/experiments/dad_cross_system_improvement/ieee9_T2/selected_policy_robust_rule.json,snap_up(Q_{1-alpha}(U|w) + margin),dad
25,25,"[13, 18]","[2.6190281652923995, 4.264991897094777]",0.96,0.0,0.96,1.04,True,True,False,True,7.567721659310262,-0.4905580998006619,True,True,1.6033493966926604,0.7501400472303861,3.0203967493532074e-12,5.462524703351215e-07,3.0203967493532074e-12,0.12319372408092022,0,0,0,nan,nan,0.0015145480865612626,5b4c2191621b1bbc,0.95,0.9,0.05,True,2a35b5c585aa23b1,/home/grads/g/g.lin/Documents/dad_mocu_kuramoto_v4/experiments/dad_cross_system_improvement/ieee9_T2/selected_policy_robust_rule.json,snap_up(Q_{1-alpha}(U|w) + margin),dad
26,26,"[13, 18]","[1.5605562615385635, 3.518773810861219]",0.96,0.0,0.96,1.04,True,True,False,True,5.782712054204944,-0.4279622217898982,True,True,1.3173237433071583,0.8617228090429505,8.255791070654071e-15,5.7462907531108104e-08,8.255791070654071e-15,0.12151805707253516,0,0,0,nan,nan,0.0011323244543746114,5b4c2191621b1bbc,0.95,0.9,0.05,True,2a35b5c585aa23b1,/home/grads/g/g.lin/Documents/dad_mocu_kuramoto_v4/experiments/dad_cross_system_improvement/ieee9_T2/selected_policy_robust_rule.json,snap_up(Q_{1-alpha}(U|w) + margin),dad
27,27,"[13, 18]","[2.612885905315449, 4.319272842393609]",0.96,0.0,0.96,1.04,True,True,False,True,7.025456035164314,-0.5490581799175094,True,True,1.7740810250096966,0.7034962766269968,7.459144196882942e-14,9.45277936160472e-08,7.459144196882942e-14,0.12572162481956184,0,0,0,nan,nan,0.001189612434245646,5b4c2191621b1bbc,0.95,0.9,0.05,True,2a35b5c585aa23b1,/home/grads/g/g.lin/Documents/dad_mocu_kuramoto_v4/experiments/dad_cross_system_improvement/ieee9_T2/selected_policy_robust_rule.json,snap_up(Q_{1-alpha}(U|w) + margin),dad
28,28,"[13, 18]","[2.1189630142406615, 4.962208182087857]",0.96,0.0,0.96,1.04,True,True,False,True,5.7239781922246245,-0.455039528164657,True,True,1.4965278185406496,0.7972357735993572,3.301591221272595e-07,0.0005138328617833352,3.301591221272595e-07,0.12815404613502324,0,0,0,nan,nan,0.0011841418454423547,5b4c2191621b1bbc,0.95,0.9,0.05,True,2a35b5c585aa23b1,/home/grads/g/g.lin/Documents/dad_mocu_kuramoto_v4/experiments/dad_cross_system_improvement/ieee9_T2/selected_policy_robust_rule.json,snap_up(Q_{1-alpha}(U|w) + margin),dad
29,29,"[13, 18]","[1.9283780205710257, 4.101915531916537]",1.2,0.0,1.2,1.04,True,False,True,True,5.092938611391068,-0.43338900960474497,True,True,2.5246723328144545,0.564985622422261,0.08205053370296457,0.1615174476554712,0.08205053370296457,0.12473597005009651,0,0,0,nan,nan,0.0011221389286220074,5b4c2191621b1bbc,0.95,0.9,0.05,True,2a35b5c585aa23b1,/home/grads/g/g.lin/Documents/dad_mocu_kuramoto_v4/experiments/dad_cross_system_improvement/ieee9_T2/selected_policy_robust_rule.json,snap_up(Q_{1-alpha}(U|w) + margin),dad
30,30,"[13, 18]","[1.7118895483891512, 8.645870770406605]",0.96,0.0,0.96,1.04,True,True,False,True,10.528481518189245,-0.4126299402114316,True,True,1.2617387212174949,0.8827128354347662,0.0,0.0,0.0,0.12438450986519456,0,0,0,nan,nan,0.0007179640233516693,5b4c2191621b1bbc,0.95,0.9,0.05,True,2a35b5c585aa23b1,/home/grads/g/g.lin/Documents/dad_mocu_kuramoto_v4/experiments/dad_cross_system_improvement/ieee9_T2/selected_policy_robust_rule.json,snap_up(Q_{1-alpha}(U|w) + margin),dad
31,31,"[13, 18]","[1.6293220412597273, 8.447670555610502]",0.96,0.0,0.96,1.04,True,True,False,True,11.096443717408796,-0.4453138079500316,True,True,1.438175682046433,0.8126000363471148,0.0,0.0,0.0,0.1242477148771286,0,0,0,nan,nan,0.0011136075481772423,5b4c2191621b1bbc,0.95,0.9,0.05,True,2a35b5c585aa23b1,/home/grads/g/g.lin/Documents/dad_mocu_kuramoto_v4/experiments/dad_cross_system_improvement/ieee9_T2/selected_policy_robust_rule.json,snap_up(Q_{1-alpha}(U|w) + margin),dad
0,32,"[13, 18]","[2.279486711221524, 4.532578532404029]",0.96,0.0,0.96,1.04,True,True,False,True,4.948483499689389,-0.42680762448357806,True,True,1.5323940901602284,0.7875338686490693,3.796446592530921e-11,1.7437140729093296e-06,3.796446592530921e-11,0.12142811599187553,0,0,0,nan,nan,0.001416513929143548,5b4c2191621b1bbc,0.95,0.9,0.05,True,2a35b5c585aa23b1,/home/grads/g/g.lin/Documents/dad_mocu_kuramoto_v4/experiments/dad_cross_system_improvement/ieee9_T2/selected_policy_robust_rule.json,snap_up(Q_{1-alpha}(U|w) + margin),dad
1,33,"[13, 18]","[1.882817922461312, 9.53477342362483]",0.96,0.0,0.96,1.04,True,True,False,True,15.06317443770887,-0.5043849788728458,True,True,1.0000000050425346,0.9999999974787326,0.0,0.0,0.0,0.12779854401014745,0,0,0,nan,nan,0.0011953820940107107,5b4c2191621b1bbc,0.95,0.9,0.05,True,2a35b5c585aa23b1,/home/grads/g/g.lin/Documents/dad_mocu_kuramoto_v4/experiments/dad_cross_system_improvement/ieee9_T2/selected_policy_robust_rule.json,snap_up(Q_{1-alpha}(U|w) + margin),dad
2,34,"[13, 18]","[2.383324411194844, 6.832860531996452]",0.96,0.0,0.96,1.04,True,True,False,True,8.622302454139804,-0.5151064628816457,True,True,1.0000000008018455,0.9999999995990771,1.9858260503665214e-79,3.985800848378174e-40,1.9858260503665214e-79,0.11933860811404884,0,0,0,nan,nan,0.0007502614753320813,5b4c2191621b1bbc,0.95,0.9,0.05,True,2a35b5c585aa23b1,/home/grads/g/g.lin/Documents/dad_mocu_kuramoto_v4/experiments/dad_cross_system_improvement/ieee9_T2/selected_policy_robust_rule.json,snap_up(Q_{1-alpha}(U|w) + margin),dad
3,35,"[13, 18]","[2.8530470386702445, 5.981504304865357]",0.96,0.0,0.96,1.04,True,True,False,True,7.32352426611295,-0.46794511935115835,True,True,1.0000000000000548,0.9999999999999725,2.060647179969974e-14,1.28394616085564e-07,2.060647179969974e-14,0.1269094659946859,0,0,0,nan,nan,0.0011985681485384703,5b4c2191621b1bbc,0.95,0.9,0.05,True,2a35b5c585aa23b1,/home/grads/g/g.lin/Documents/dad_mocu_kuramoto_v4/experiments/dad_cross_system_improvement/ieee9_T2/selected_policy_robust_rule.json,snap_up(Q_{1-alpha}(U|w) + margin),dad
4,36,"[13, 18]","[2.343352079403353, 10.089985940726308]",0.96,0.32,0.6399999999999999,1.04,True,True,False,True,14.43790030192405,-0.6303425473388712,True,True,1.0,1.0,0.0,0.0,-0.32,0.12477119197137654,0,0,0,nan,nan,0.0010442794300615788,5b4c2191621b1bbc,0.95,0.9,0.05,True,2a35b5c585aa23b1,/home/grads/g/g.lin/Documents/dad_mocu_kuramoto_v4/experiments/dad_cross_system_improvement/ieee9_T2/selected_policy_robust_rule.json,snap_up(Q_{1-alpha}(U|w) + margin),dad
5,37,"[13, 18]","[1.9349787737581001, 4.70797280669642]",0.96,0.0,0.96,1.04,True,True,False,True,7.781657682970818,-0.4708646840928323,True,True,1.5914535208678102,0.7775418935309255,0.0021819413619769946,0.013030519592520228,0.0021819413619769946,0.12730941688641906,0,0,0,nan,nan,0.0013255825033411384,5b4c2191621b1bbc,0.95,0.9,0.05,True,2a35b5c585aa23b1,/home/grads/g/g.lin/Documents/dad_mocu_kuramoto_v4/experiments/dad_cross_system_improvement/ieee9_T2/selected_policy_robust_rule.json,snap_up(Q_{1-alpha}(U|w) + margin),dad
6,38,"[13, 18]","[1.1441191489171696, 7.762486753654918]",0.96,0.0,0.96,1.04,True,True,False,True,8.961007936194259,-0.4384225536353909,True,True,1.0000045911638327,0.9999977044233533,6.452098959040045e-254,2.2719329143335276e-127,6.452098959040045e-254,0.12387282098643482,0,0,0,nan,nan,0.0010961864609271288,5b4c2191621b1bbc,0.95,0.9,0.05,True,2a35b5c585aa23b1,/home/grads/g/g.lin/Documents/dad_mocu_kuramoto_v4/experiments/dad_cross_system_improvement/ieee9_T2/selected_policy_robust_rule.json,snap_up(Q_{1-alpha}(U|w) + margin),dad
7,39,"[13, 18]","[2.1865564218455797, 3.8028671445633297]",1.12,0.0,1.12,1.04,True,False,True,True,6.560092299319013,-0.4781087923505804,True,True,2.47195115430415,0.5953327657897262,0.10664719166928263,0.08185572302912894,0.10664719166928263,0.12403006106615067,0,0,0,nan,nan,0.0011302714701741934,5b4c2191621b1bbc,0.95,0.9,0.05,True,2a35b5c585aa23b1,/home/grads/g/g.lin/Documents/dad_mocu_kuramoto_v4/experiments/dad_cross_system_improvement/ieee9_T2/selected_policy_robust_rule.json,snap_up(Q_{1-alpha}(U|w) + margin),dad
8,40,"[13, 18]","[1.5315066796737051, 3.325475538312082]",0.96,0.0,0.96,1.04,True,True,False,True,5.6780854999992,-0.4176225122407299,True,True,3.488417752914558,0.4027670795072535,2.560390308417533e-21,3.188331139384459e-11,2.560390308417533e-21,0.12595481798052788,0,0,0,nan,nan,0.0009593914728611708,5b4c2191621b1bbc,0.95,0.9,0.05,True,2a35b5c585aa23b1,/home/grads/g/g.lin/Documents/dad_mocu_kuramoto_v4/experiments/dad_cross_system_improvement/ieee9_T2/selected_policy_robust_rule.json,snap_up(Q_{1-alpha}(U|w) + margin),dad
9,41,"[13, 18]","[1.9060366530440755, 6.393437595286087]",0.96,0.0,0.96,1.04,True,True,False,True,7.851977293620081,-0.44642008555349066,True,True,1.0628944078260691,0.9694822832752125,1.7379344722429683e-49,3.728736485452378e-25,1.7379344722429683e-49,0.12270476412959397,0,0,0,nan,nan,0.0010996259516105056,5b4c2191621b1bbc,0.95,0.9,0.05,True,2a35b5c585aa23b1,/home/grads/g/g.lin/Documents/dad_mocu_kuramoto_v4/experiments/dad_cross_system_improvement/ieee9_T2/selected_policy_robust_rule.json,snap_up(Q_{1-alpha}(U|w) + margin),dad
10,42,"[13, 18]","[1.9706904478538338, 4.064502680238163]",1.2,0.0,1.2,1.04,True,False,True,True,8.432532617569672,-0.42983493606655837,True,True,1.9762242375220003,0.6692881063211289,0.267720315945599,0.18818273338717836,0.267720315945599,0.12666582013480365,0,0,0,nan,nan,0.001806290470995009,5b4c2191621b1bbc,0.95,0.9,0.05,True,2a35b5c585aa23b1,/home/grads/g/g.lin/Documents/dad_mocu_kuramoto_v4/experiments/dad_cross_system_improvement/ieee9_T2/selected_policy_robust_rule.json,snap_up(Q_{1-alpha}(U|w) + margin),dad
11,43,"[13, 18]","[1.525165771378256, 3.70141416360293]",0.96,0.0,0.96,1.04,True,True,False,True,4.248413669032564,-0.39810126788690003,True,True,1.0262787171156094,0.9870665104803309,5.391342834332789e-11,4.643852493203469e-06,5.391342834332789e-11,0.1260078230407089,0,0,0,nan,nan,0.0012197114992886782,5b4c2191621b1bbc,0.95,0.9,0.05,True,2a35b5c585aa23b1,/home/grads/g/g.lin/Documents/dad_mocu_kuramoto_v4/experiments/dad_cross_system_improvement/ieee9_T2/selected_policy_robust_rule.json,snap_up(Q_{1-alpha}(U|w) + margin),dad
12,44,"[13, 18]","[2.3043088408660823, 3.2478856281928796]",0.96,0.0,0.96,1.04,True,True,False,True,6.751568902381649,-0.5297100728691743,True,True,2.6060980186473732,0.4756396154036381,8.87583031326865e-10,8.497117589658568e-06,8.87583031326865e-10,0.1312267379835248,0,0,0,nan,nan,0.001497564953751862,5b4c2191621b1bbc,0.95,0.9,0.05,True,2a35b5c585aa23b1,/home/grads/g/g.lin/Documents/dad_mocu_kuramoto_v4/experiments/dad_cross_system_improvement/ieee9_T2/selected_policy_robust_rule.json,snap_up(Q_{1-alpha}(U|w) + margin),dad
13,45,"[13, 18]","[1.5891508039763633, 5.70830875509698]",0.96,0.0,0.96,1.04,True,True,False,True,6.710820899861146,-0.5434168797577088,True,True,1.001271244501147,0.9993648811026513,1.41751213994183e-25,3.3675060682253626e-13,1.41751213994183e-25,0.12665167613886297,0,0,0,nan,nan,0.0009064985206350684,5b4c2191621b1bbc,0.95,0.9,0.05,True,2a35b5c585aa23b1,/home/grads/g/g.lin/Documents/dad_mocu_kuramoto_v4/experiments/dad_cross_system_improvement/ieee9_T2/selected_policy_robust_rule.json,snap_up(Q_{1-alpha}(U|w) + margin),dad
14,46,"[13, 18]","[2.167092538353756, 9.39968125773755]",0.96,0.0,0.96,1.04,True,True,False,True,11.289175671439477,-0.4882397594782111,True,True,1.0000170535733126,0.9999914732947689,0.0,0.0,0.0,0.12360229808837175,0,0,0,nan,nan,0.0012487604981288314,5b4c2191621b1bbc,0.95,0.9,0.05,True,2a35b5c585aa23b1,/home/grads/g/g.lin/Documents/dad_mocu_kuramoto_v4/experiments/dad_cross_system_improvement/ieee9_T2/selected_policy_robust_rule.json,snap_up(Q_{1-alpha}(U|w) + margin),dad
15,47,"[13, 18]","[2.3018016772688132, 3.5471920715151426]",1.04,0.0,1.04,1.04,False,False,False,True,4.879891571084799,-0.4573453425982995,True,True,4.2102825787444065,0.3852338539490965,0.01356074504563898,0.03322011532060868,0.01356074504563898,0.11902054096572101,0,0,0,nan,nan,0.0008420129306614399,5b4c2191621b1bbc,0.95,0.9,0.05,True,2a35b5c585aa23b1,/home/grads/g/g.lin/Documents/dad_mocu_kuramoto_v4/experiments/dad_cross_system_improvement/ieee9_T2/selected_policy_robust_rule.json,snap_up(Q_{1-alpha}(U|w) + margin),dad
16,48,"[13, 18]","[1.777556261845909, 4.678148664459651]",1.04,0.0,1.04,1.04,False,False,False,True,4.994557111113752,-0.402282722457645,True,True,3.834235656682577,0.3953457799665077,0.018343959360102895,0.03363057989097311,0.018343959360102895,0.12340094498358667,0,0,0,nan,nan,0.0010202227858826518,5b4c2191621b1bbc,0.95,0.9,0.05,True,2a35b5c585aa23b1,/home/grads/g/g.lin/Documents/dad_mocu_kuramoto_v4/experiments/dad_cross_system_improvement/ieee9_T2/selected_policy_robust_rule.json,snap_up(Q_{1-alpha}(U|w) + margin),dad
17,49,"[13, 18]","[2.49917669421313, 3.5280824492562846]",1.04,0.0,1.04,1.04,False,False,False,True,6.010331476012954,-0.42707610054356576,True,True,2.5047085840722882,0.5345919672627363,0.02633751298671678,0.03772753827795546,0.02633751298671678,0.12792827608063817,0,0,0,nan,nan,0.0015727065037935972,5b4c2191621b1bbc,0.95,0.9,0.05,True,2a35b5c585aa23b1,/home/grads/g/g.lin/Documents/dad_mocu_kuramoto_v4/experiments/dad_cross_system_improvement/ieee9_T2/selected_policy_robust_rule.json,snap_up(Q_{1-alpha}(U|w) + margin),dad
18,50,"[13, 18]","[2.9289033178178125, 4.754840972161539]",0.96,0.0,0.96,1.04,True,True,False,True,7.593466986003247,-0.537229057804493,True,True,2.7841035982824,0.42967198205198576,2.7241256427081033e-17,4.66829788484677e-09,2.7241256427081033e-17,0.12450652406550944,0,0,0,nan,nan,0.002236013999208808,5b4c2191621b1bbc,0.95,0.9,0.05,True,2a35b5c585aa23b1,/home/grads/g/g.lin/Documents/dad_mocu_kuramoto_v4/experiments/dad_cross_system_improvement/ieee9_T2/selected_policy_robust_rule.json,snap_up(Q_{1-alpha}(U|w) + margin),dad
19,51,"[13, 18]","[2.165781269312051, 6.287528042270864]",0.96,0.0,0.96,1.04,True,True,False,True,7.927223499490062,-0.5758539531458229,True,True,1.829684980440557,0.6580314365656634,2.5645916317308505e-33,4.5295400488180704e-17,2.5645916317308505e-33,0.12709742900915444,0,0,0,nan,nan,0.0009593014838173985,5b4c2191621b1bbc,0.95,0.9,0.05,True,2a35b5c585aa23b1,/home/grads/g/g.lin/Documents/dad_mocu_kuramoto_v4/experiments/dad_cross_system_improvement/ieee9_T2/selected_policy_robust_rule.json,snap_up(Q_{1-alpha}(U|w) + margin),dad
20,52,"[13, 18]","[2.1326857243307646, 3.7748165767840733]",1.12,0.0,1.12,1.04,True,False,True,True,4.441070130026861,-0.41348451139239334,True,True,2.8067700696039326,0.5348839544756558,0.10094703142820582,0.09452011531496458,0.10094703142820582,0.12420037295669317,0,0,0,nan,nan,0.001008002320304513,5b4c2191621b1bbc,0.95,0.9,0.05,True,2a35b5c585aa23b1,/home/grads/g/g.lin/Documents/dad_mocu_kuramoto_v4/experiments/dad_cross_system_improvement/ieee9_T2/selected_policy_robust_rule.json,snap_up(Q_{1-alpha}(U|w) + margin),dad
21,53,"[13, 18]","[1.8109192270308578, 5.036291580423279]",0.96,0.0,0.96,1.04,True,True,False,True,8.061839654099542,-0.5974876731992318,True,True,1.7836566539919345,0.7202474717393695,1.976340126669968e-08,3.976272545594536e-05,1.976340126669968e-08,0.1290342139545828,0,0,0,nan,nan,0.0011363874655216932,5b4c2191621b1bbc,0.95,0.9,0.05,True,2a35b5c585aa23b1,/home/grads/g/g.lin/Documents/dad_mocu_kuramoto_v4/experiments/dad_cross_system_improvement/ieee9_T2/selected_policy_robust_rule.json,snap_up(Q_{1-alpha}(U|w) + margin),dad
22,54,"[13, 18]","[1.606961563366722, 9.774891705083046]",0.96,0.08,0.88,1.04,True,True,False,True,10.694570660003832,-0.6224213041372098,True,True,1.0,1.0,0.0,0.0,-0.08,0.12237665499560535,0,0,0,nan,nan,0.0014568120241165161,5b4c2191621b1bbc,0.95,0.9,0.05,True,2a35b5c585aa23b1,/home/grads/g/g.lin/Documents/dad_mocu_kuramoto_v4/experiments/dad_cross_system_improvement/ieee9_T2/selected_policy_robust_rule.json,snap_up(Q_{1-alpha}(U|w) + margin),dad
23,55,"[13, 18]","[1.4459198338292154, 6.015946422433871]",0.96,0.0,0.96,1.04,True,True,False,True,7.166647061352755,-0.4424386866988107,True,True,1.0000014330678375,0.9999992834666158,3.2119686843304115e-44,1.6029893784627302e-22,3.2119686843304115e-44,0.12628848105669022,0,0,0,nan,nan,0.0013174659106880426,5b4c2191621b1bbc,0.95,0.9,0.05,True,2a35b5c585aa23b1,/home/grads/g/g.lin/Documents/dad_mocu_kuramoto_v4/experiments/dad_cross_system_improvement/ieee9_T2/selected_policy_robust_rule.json,snap_up(Q_{1-alpha}(U|w) + margin),dad
24,56,"[13, 18]","[2.1819231512200536, 11.621603433478139]",0.96,0.0,0.96,1.04,True,True,False,True,14.85859381051062,-0.44251342840304264,True,True,1.0,1.0,0.0,0.0,0.0,0.12304813996888697,0,0,0,nan,nan,0.0008087115129455924,5b4c2191621b1bbc,0.95,0.9,0.05,True,2a35b5c585aa23b1,/home/grads/g/g.lin/Documents/dad_mocu_kuramoto_v4/experiments/dad_cross_system_improvement/ieee9_T2/selected_policy_robust_rule.json,snap_up(Q_{1-alpha}(U|w) + margin),dad
25,57,"[13, 18]","[2.794782568749416, 4.2802916943350535]",0.96,0.0,0.96,1.04,True,True,False,True,7.567721659310262,-0.4905580998006619,True,True,1.0000799532665163,0.9999600250466687,6.609058107045626e-19,2.3121514281242315e-10,6.609058107045626e-19,0.1287349232006818,0,0,0,nan,nan,0.0012183199869468808,5b4c2191621b1bbc,0.95,0.9,0.05,True,2a35b5c585aa23b1,/home/grads/g/g.lin/Documents/dad_mocu_kuramoto_v4/experiments/dad_cross_system_improvement/ieee9_T2/selected_policy_robust_rule.json,snap_up(Q_{1-alpha}(U|w) + margin),dad
26,58,"[13, 18]","[1.3654527255362154, 3.6197159236467207]",0.96,0.0,0.96,1.04,True,True,False,True,5.782712054204944,-0.4279622217898982,True,True,1.0010307493378368,0.9994848917403888,4.3286558716816794e-18,1.3158504166782908e-09,4.3286558716816794e-18,0.12725011608563364,0,0,0,nan,nan,0.0009028714848682284,5b4c2191621b1bbc,0.95,0.9,0.05,True,2a35b5c585aa23b1,/home/grads/g/g.lin/Documents/dad_mocu_kuramoto_v4/experiments/dad_cross_system_improvement/ieee9_T2/selected_policy_robust_rule.json,snap_up(Q_{1-alpha}(U|w) + margin),dad
27,59,"[13, 18]","[2.6955344960782104, 4.336575801356234]",0.96,0.0,0.96,1.04,True,True,False,True,7.025456035164314,-0.5490581799175094,True,True,1.0064588691196243,0.9967814912314354,3.826142313444494e-17,1.8456498194642454e-09,3.826142313444494e-17,0.1298058731481433,0,0,0,nan,nan,0.0016960555221885443,5b4c2191621b1bbc,0.95,0.9,0.05,True,2a35b5c585aa23b1,/home/grads/g/g.lin/Documents/dad_mocu_kuramoto_v4/experiments/dad_cross_system_improvement/ieee9_T2/selected_policy_robust_rule.json,snap_up(Q_{1-alpha}(U|w) + margin),dad
28,60,"[13, 18]","[2.3406273521833674, 4.944152628129103]",0.96,0.0,0.96,1.04,True,True,False,True,5.7239781922246245,-0.455039528164657,True,True,1.0609563363800198,0.9706217341975775,0.0003124558785066575,0.01580718425682488,0.0003124558785066575,0.12726335995830595,0,0,0,nan,nan,0.0009291054448112845,5b4c2191621b1bbc,0.95,0.9,0.05,True,2a35b5c585aa23b1,/home/grads/g/g.lin/Documents/dad_mocu_kuramoto_v4/experiments/dad_cross_system_improvement/ieee9_T2/selected_policy_robust_rule.json,snap_up(Q_{1-alpha}(U|w) + margin),dad
29,61,"[13, 18]","[1.8110619902456178, 4.013771634338798]",0.96,0.0,0.96,1.04,True,True,False,True,5.092938611391068,-0.4656964508287679,True,True,2.430635836888102,0.4788778353799884,0.009177324218734148,0.05988910716124709,0.009177324218734148,0.12003410002216697,0,0,0,nan,nan,0.0014412079472094774,5b4c2191621b1bbc,0.95,0.9,0.05,True,2a35b5c585aa23b1,/home/grads/g/g.lin/Documents/dad_mocu_kuramoto_v4/experiments/dad_cross_system_improvement/ieee9_T2/selected_policy_robust_rule.json,snap_up(Q_{1-alpha}(U|w) + margin),dad
30,62,"[13, 18]","[1.7013261451882753, 8.538220939248854]",0.96,0.0,0.96,1.04,True,True,False,True,10.528481518189245,-0.4126299402114316,True,True,1.0631086389685909,0.9695976173673886,0.0,0.0,0.0,0.12525702104903758,0,0,0,nan,nan,0.0011466449359431863,5b4c2191621b1bbc,0.95,0.9,0.05,True,2a35b5c585aa23b1,/home/grads/g/g.lin/Documents/dad_mocu_kuramoto_v4/experiments/dad_cross_system_improvement/ieee9_T2/selected_policy_robust_rule.json,snap_up(Q_{1-alpha}(U|w) + margin),dad
31,63,"[13, 18]","[1.7327661828752812, 8.43049862842176]",0.96,0.0,0.96,1.04,True,True,False,True,11.096443717408796,-0.4453138079500316,True,True,1.0074652971466833,0.996282222405658,0.0,0.0,0.0,0.12202377198264003,0,0,0,nan,nan,0.0008050589822232723,5b4c2191621b1bbc,0.95,0.9,0.05,True,2a35b5c585aa23b1,/home/grads/g/g.lin/Documents/dad_mocu_kuramoto_v4/experiments/dad_cross_system_improvement/ieee9_T2/selected_policy_robust_rule.json,snap_up(Q_{1-alpha}(U|w) + margin),dad
0,64,"[13, 18]","[2.369628289721892, 4.640980253001697]",0.96,0.0,0.96,1.04,True,True,False,True,4.948483499689389,-0.42680762448357806,True,True,1.8812404667673517,0.6320528923377746,2.8136075420638403e-14,5.9589112049939767e-08,2.8136075420638403e-14,0.12629488506354392,0,0,0,nan,nan,0.0010601469548419118,5b4c2191621b1bbc,0.95,0.9,0.05,True,2a35b5c585aa23b1,/home/grads/g/g.lin/Documents/dad_mocu_kuramoto_v4/experiments/dad_cross_system_improvement/ieee9_T2/selected_policy_robust_rule.json,snap_up(Q_{1-alpha}(U|w) + margin),dad
1,65,"[13, 18]","[1.8464235134944973, 9.614995491325402]",0.96,0.0,0.96,1.04,True,True,False,True,15.06317443770887,-0.5043849788728458,True,True,1.0000000000090423,0.9999999999954787,0.0,0.0,0.0,0.12544390722177923,0,0,0,nan,nan,0.0008142141159623861,5b4c2191621b1bbc,0.95,0.9,0.05,True,2a35b5c585aa23b1,/home/grads/g/g.lin/Documents/dad_mocu_kuramoto_v4/experiments/dad_cross_system_improvement/ieee9_T2/selected_policy_robust_rule.json,snap_up(Q_{1-alpha}(U|w) + margin),dad
2,66,"[13, 18]","[2.4692098185773834, 6.835697348838531]",0.96,0.0,0.96,1.04,True,True,False,True,8.622302454139804,-0.5151064628816457,True,True,1.0000000000179892,0.9999999999910054,2.552143146398712e-79,4.518533519980758e-40,2.552143146398712e-79,0.1264944770373404,0,0,0,nan,nan,0.0012999664759263396,5b4c2191621b1bbc,0.95,0.9,0.05,True,2a35b5c585aa23b1,/home/grads/g/g.lin/Documents/dad_mocu_kuramoto_v4/experiments/dad_cross_system_improvement/ieee9_T2/selected_policy_robust_rule.json,snap_up(Q_{1-alpha}(U|w) + margin),dad
3,67,"[13, 18]","[2.717413854855418, 6.250401880362684]",0.96,0.0,0.96,1.04,True,True,False,True,7.32352426611295,-0.46794511935115835,True,True,1.000000532467471,0.9999997337663353,2.091880175341113e-29,4.090848494228172e-15,2.091880175341113e-29,0.1259136509615928,0,0,0,nan,nan,0.0009535716380923986,5b4c2191621b1bbc,0.95,0.9,0.05,True,2a35b5c585aa23b1,/home/grads/g/g.lin/Documents/dad_mocu_kuramoto_v4/experiments/dad_cross_system_improvement/ieee9_T2/selected_policy_robust_rule.json,snap_up(Q_{1-alpha}(U|w) + margin),dad
4,68,"[13, 18]","[2.4886427340325663, 10.145442791399882]",0.96,0.32,0.6399999999999999,1.04,True,True,False,True,14.43790030192405,-0.6303425473388712,True,True,1.0,1.0,0.0,0.0,-0.32,0.12625482212752104,0,0,0,nan,nan,0.0019948125118389726,5b4c2191621b1bbc,0.95,0.9,0.05,True,2a35b5c585aa23b1,/home/grads/g/g.lin/Documents/dad_mocu_kuramoto_v4/experiments/dad_cross_system_improvement/ieee9_T2/selected_policy_robust_rule.json,snap_up(Q_{1-alpha}(U|w) + margin),dad
5,69,"[13, 18]","[1.847021642446466, 4.955444314782277]",0.96,0.0,0.96,1.04,True,True,False,True,7.781657682970818,-0.4708646840928323,True,True,3.120797105061016,0.41646724772017585,1.1124452100272273e-06,0.0002983192584160266,1.1124452100272273e-06,0.12528412882238626,0,0,0,nan,nan,0.0012843100121244788,5b4c2191621b1bbc,0.95,0.9,0.05,True,2a35b5c585aa23b1,/home/grads/g/g.lin/Documents/dad_mocu_kuramoto_v4/experiments/dad_cross_system_improvement/ieee9_T2/selected_policy_robust_rule.json,snap_up(Q_{1-alpha}(U|w) + margin),dad
6,70,"[13, 18]","[1.1513510313315565, 7.663616164918097]",0.96,0.0,0.96,1.04,True,True,False,True,8.961007936194259,-0.4384225536353909,True,True,1.000020124290036,0.9999899379562268,5.261936021141316e-237,6.488103588039463e-119,5.261936021141316e-237,0.11970049003139138,0,0,0,nan,nan,0.0015903430758044124,5b4c2191621b1bbc,0.95,0.9,0.05,True,2a35b5c585aa23b1,/home/grads/g/g.lin/Documents/dad_mocu_kuramoto_v4/experiments/dad_cross_system_improvement/ieee9_T2/selected_policy_robust_rule.json,snap_up(Q_{1-alpha}(U|w) + margin),dad
7,71,"[13, 18]","[2.2186160576459253, 3.5999670194978433]",1.12,0.0,1.12,1.04,True,False,True,True,6.560092299319013,-0.4781087923505804,True,True,4.1346730197925705,0.38848111600484225,0.03106689441573554,0.05560426306683163,0.03106689441573554,0.12799998419359326,0,0,0,nan,nan,0.0012666515540331602,5b4c2191621b1bbc,0.95,0.9,0.05,True,2a35b5c585aa23b1,/home/grads/g/g.lin/Documents/dad_mocu_kuramoto_v4/experiments/dad_cross_system_improvement/ieee9_T2/selected_policy_robust_rule.json,snap_up(Q_{1-alpha}(U|w) + margin),dad
8,72,"[13, 18]","[1.6948808930299921, 3.224438064699007]",0.96,0.0,0.96,1.04,True,True,False,True,5.6780854999992,-0.4176225122407299,True,True,3.037870164108364,0.33889442364668493,5.173711120736869e-21,2.950154763395464e-11,5.173711120736869e-21,0.12393223587423563,0,0,0,nan,nan,0.0009040685836225748,5b4c2191621b1bbc,0.95,0.9,0.05,True,2a35b5c585aa23b1,/home/grads/g/g.lin/Documents/dad_mocu_kuramoto_v4/experiments/dad_cross_system_improvement/ieee9_T2/selected_policy_robust_rule.json,snap_up(Q_{1-alpha}(U|w) + margin),dad
9,73,"[13, 18]","[2.101823393066464, 6.80677257095159]",0.96,0.0,0.96,1.04,True,True,False,True,7.851977293620081,-0.44642008555349066,True,True,1.0144496582594018,0.9928267727912512,3.3636902730322706e-78,1.6404122099112212e-39,3.3636902730322706e-78,0.1323420030530542,0,0,0,nan,nan,0.0020436759805306792,5b4c2191621b1bbc,0.95,0.9,0.05,True,2a35b5c585aa23b1,/home/grads/g/g.lin/Documents/dad_mocu_kuramoto_v4/experiments/dad_cross_system_improvement/ieee9_T2/selected_policy_robust_rule.json,snap_up(Q_{1-alpha}(U|w) + margin),dad
10,74,"[13, 18]","[2.0145763456759673, 4.006881065842515]",1.2,0.0,1.2,1.04,True,False,True,True,8.432532617569672,-0.42983493606655837,True,True,1.4627054959057562,0.811085760700981,0.3245451706402438,0.15640297011313167,0.3245451706402438,0.1288962601684034,0,0,0,nan,nan,0.001093878410756588,5b4c2191621b1bbc,0.95,0.9,0.05,True,2a35b5c585aa23b1,/home/grads/g/g.lin/Documents/dad_mocu_kuramoto_v4/experiments/dad_cross_system_improvement/ieee9_T2/selected_policy_robust_rule.json,snap_up(Q_{1-alpha}(U|w) + margin),dad
11,75,"[13, 18]","[1.6972181318974964, 3.8055392682369353]",0.96,0.0,0.96,1.04,True,True,False,True,4.248413669032564,-0.39810126788690003,True,True,2.7828131597853725,0.44749206085674864,4.334460831948573e-05,0.004163642003916128,4.334460831948573e-05,0.12759896903298795,0,0,0,nan,nan,0.0013792228419333696,5b4c2191621b1bbc,0.95,0.9,0.05,True,2a35b5c585aa23b1,/home/grads/g/g.lin/Documents/dad_mocu_kuramoto_v4/experiments/dad_cross_system_improvement/ieee9_T2/selected_policy_robust_rule.json,snap_up(Q_{1-alpha}(U|w) + margin),dad
12,76,"[13, 18]","[2.285683897033898, 3.0677666550408036]",0.96,0.0,0.96,1.04,True,True,False,True,6.751568902381649,-0.5297100728691743,True,True,1.7614438034202595,0.7256312629295696,1.5223016765329435e-15,1.1064273061564596e-08,1.5223016765329435e-15,0.12500000488944352,0,0,0,nan,nan,0.0010229127947241068,5b4c2191621b1bbc,0.95,0.9,0.05,True,2a35b5c585aa23b1,/home/grads/g/g.lin/Documents/dad_mocu_kuramoto_v4/experiments/dad_cross_system_improvement/ieee9_T2/selected_policy_robust_rule.json,snap_up(Q_{1-alpha}(U|w) + margin),dad
13,77,"[13, 18]","[1.5822363608335035, 5.712852363779504]",0.96,0.0,0.96,1.04,True,True,False,True,6.710820899861146,-0.5434168797577088,True,True,1.0011733694427425,0.9994137459641067,6.415862196149079e-26,2.26554403111466e-13,6.415862196149079e-26,0.11973446211777627,0,0,0,nan,nan,0.0011767050018534064,5b4c2191621b1bbc,0.95,0.9,0.05,True,2a35b5c585aa23b1,/home/grads/g/g.lin/Documents/dad_mocu_kuramoto_v4/experiments/dad_cross_system_improvement/ieee9_T2/selected_policy_robust_rule.json,snap_up(Q_{1-alpha}(U|w) + margin),dad
14,78,"[13, 18]","[2.2771159602811633, 9.49488976225947]",0.96,0.0,0.96,1.04,True,True,False,True,11.289175671439477,-0.4882397594782111,True,True,1.0000255016712705,0.9999872493354023,0.0,0.0,0.0,0.12739534582942724,0,0,0,nan,nan,0.0012868869816884398,5b4c2191621b1bbc,0.95,0.9,0.05,True,2a35b5c585aa23b1,/home/grads/g/g.lin/Documents/dad_mocu_kuramoto_v4/experiments/dad_cross_system_improvement/ieee9_T2/selected_policy_robust_rule.json,snap_up(Q_{1-alpha}(U|w) + margin),dad
15,79,"[13, 18]","[2.355098536044062, 3.6640118237154664]",1.12,0.0,1.12,1.04,True,False,True,True,4.889595303149377,-0.449528535573651,True,True,2.565862433855978,0.5059714469666099,0.049716022110099345,0.04737808315019896,0.049716022110099345,0.12211543298326433,0,0,0,nan,nan,0.0011105058947578073,5b4c2191621b1bbc,0.95,0.9,0.05,True,2a35b5c585aa23b1,/home/grads/g/g.lin/Documents/dad_mocu_kuramoto_v4/experiments/dad_cross_system_improvement/ieee9_T2/selected_policy_robust_rule.json,snap_up(Q_{1-alpha}(U|w) + margin),dad
16,80,"[13, 18]","[1.7077771549909961, 4.709983187424061]",1.04,0.0,1.04,1.04,False,False,False,True,4.994557111113752,-0.402282722457645,True,True,2.9683445397325765,0.43273897432487973,0.009294932245629689,0.02563588918293119,0.009294932245629689,0.1286783181130886,0,0,0,nan,nan,0.0012408971088007092,5b4c2191621b1bbc,0.95,0.9,0.05,True,2a35b5c585aa23b1,/home/grads/g/g.lin/Documents/dad_mocu_kuramoto_v4/experiments/dad_cross_system_improvement/ieee9_T2/selected_policy_robust_rule.json,snap_up(Q_{1-alpha}(U|w) + margin),dad
17,81,"[13, 18]","[2.3760714997689893, 3.5190755037665182]",1.04,0.0,1.04,1.04,False,False,False,True,6.010331476012954,-0.42707610054356576,True,True,5.163546395931675,0.27317179269071706,0.015037464974224288,0.03206900846930338,0.015037464974224288,0.12953254603780806,0,0,0,nan,nan,0.0017940548714250326,5b4c2191621b1bbc,0.95,0.9,0.05,True,2a35b5c585aa23b1,/home/grads/g/g.lin/Documents/dad_mocu_kuramoto_v4/experiments/dad_cross_system_improvement/ieee9_T2/selected_policy_robust_rule.json,snap_up(Q_{1-alpha}(U|w) + margin),dad
18,82,"[13, 18]","[2.736533544779933, 4.606417764299121]",0.96,0.0,0.96,1.04,True,True,False,True,7.593466986003247,-0.537229057804493,True,True,1.0060284922478688,0.9969966311197475,5.242841483022867e-19,6.476320858646507e-10,5.242841483022867e-19,0.12498862808570266,0,0,0,nan,nan,0.000976630486547947,5b4c2191621b1bbc,0.95,0.9,0.05,True,2a35b5c585aa23b1,/home/grads/g/g.lin/Documents/dad_mocu_kuramoto_v4/experiments/dad_cross_system_improvement/ieee9_T2/selected_policy_robust_rule.json,snap_up(Q_{1-alpha}(U|w) + margin),dad
19,83,"[13, 18]","[2.1299650813819087, 6.468075826924019]",0.96,0.0,0.96,1.04,True,True,False,True,7.927223499490062,-0.5758539531458229,True,True,1.010434013428272,0.9948100060201097,2.6594653488847544e-48,1.458619991330094e-24,2.6594653488847544e-48,0.1261085190344602,0,0,0,nan,nan,0.001096465508453548,5b4c2191621b1bbc,0.95,0.9,0.05,True,2a35b5c585aa23b1,/home/grads/g/g.lin/Documents/dad_mocu_kuramoto_v4/experiments/dad_cross_system_improvement/ieee9_T2/selected_policy_robust_rule.json,snap_up(Q_{1-alpha}(U|w) + margin),dad
20,84,"[13, 18]","[1.9598034850969253, 3.7812123507137483]",1.2,0.0,1.2,1.04,True,False,True,True,4.441070130026861,-0.4006042285009923,True,True,1.9076930672570382,0.6714101158973632,0.02293552025541236,0.09218548059417479,0.02293552025541236,0.12438866682350636,0,0,0,nan,nan,0.001433951430954039,5b4c2191621b1bbc,0.95,0.9,0.05,True,2a35b5c585aa23b1,/home/grads/g/g.lin/Documents/dad_mocu_kuramoto_v4/experiments/dad_cross_system_improvement/ieee9_T2/selected_policy_robust_rule.json,snap_up(Q_{1-alpha}(U|w) + margin),dad
21,85,"[13, 18]","[1.8473330076730525, 5.026434381688638]",0.96,0.0,0.96,1.04,True,True,False,True,8.061839654099542,-0.5974876731992318,True,True,1.8902984853444058,0.6797319372477328,1.3239492868104194e-08,3.254509979273576e-05,1.3239492868104194e-08,0.12422997807152569,0,0,0,nan,nan,0.0008903244743123651,5b4c2191621b1bbc,0.95,0.9,0.05,True,2a35b5c585aa23b1,/home/grads/g/g.lin/Documents/dad_mocu_kuramoto_v4/experiments/dad_cross_system_improvement/ieee9_T2/selected_policy_robust_rule.json,snap_up(Q_{1-alpha}(U|w) + margin),dad
22,86,"[13, 18]","[1.6582741047321286, 9.779919585404619]",0.96,0.08,0.88,1.04,True,True,False,True,10.694570660003832,-0.6224213041372098,True,True,1.0,1.0,0.0,0.0,-0.08,0.12120296619832516,0,0,0,nan,nan,0.0011046524159610271,5b4c2191621b1bbc,0.95,0.9,0.05,True,2a35b5c585aa23b1,/home/grads/g/g.lin/Documents/dad_mocu_kuramoto_v4/experiments/dad_cross_system_improvement/ieee9_T2/selected_policy_robust_rule.json,snap_up(Q_{1-alpha}(U|w) + margin),dad
23,87,"[13, 18]","[1.2571078199175612, 6.00812088190734]",0.96,0.0,0.96,1.04,True,True,False,True,7.166647061352755,-0.4424386866988107,True,True,1.0000002117848301,0.9999998941075988,1.7930349820825575e-51,3.787384302742522e-26,1.7930349820825575e-51,0.12593257008120418,0,0,0,nan,nan,0.001146469498053193,5b4c2191621b1bbc,0.95,0.9,0.05,True,2a35b5c585aa23b1,/home/grads/g/g.lin/Documents/dad_mocu_kuramoto_v4/experiments/dad_cross_system_improvement/ieee9_T2/selected_policy_robust_rule.json,snap_up(Q_{1-alpha}(U|w) + margin),dad
24,88,"[13, 18]","[2.1421948779317592, 11.697581853577912]",0.96,0.0,0.96,1.04,True,True,False,True,14.85859381051062,-0.44251342840304264,True,True,1.0000000234363162,0.9999999882818419,0.0,0.0,0.0,0.12449507904238999,0,0,0,nan,nan,0.0011355470633134246,5b4c2191621b1bbc,0.95,0.9,0.05,True,2a35b5c585aa23b1,/home/grads/g/g.lin/Documents/dad_mocu_kuramoto_v4/experiments/dad_cross_system_improvement/ieee9_T2/selected_policy_robust_rule.json,snap_up(Q_{1-alpha}(U|w) + margin),dad
25,89,"[13, 18]","[2.653729396224928, 4.251850374713962]",0.96,0.0,0.96,1.04,True,True,False,True,7.567721659310262,-0.4905580998006619,True,True,1.422408119069966,0.8188275297085413,1.2901042891156372e-12,3.390935629029003e-07,1.2901042891156372e-12,0.12410621717572212,0,0,0,nan,nan,0.001265242462977767,5b4c2191621b1bbc,0.95,0.9,0.05,True,2a35b5c585aa23b1,/home/grads/g/g.lin/Documents/dad_mocu_kuramoto_v4/experiments/dad_cross_system_improvement/ieee9_T2/selected_policy_robust_rule.json,snap_up(Q_{1-alpha}(U|w) + margin),dad
26,90,"[13, 18]","[1.3448963046738585, 3.7139923091167617]",0.96,0.0,0.96,1.04,True,True,False,True,5.782712054204944,-0.4279622217898982,True,True,1.0008986348501396,0.9995509454134763,3.1954388728256637e-16,1.130564260981871e-08,3.1954388728256637e-16,0.12576461699791253,0,0,0,nan,nan,0.0015482496237382293,5b4c2191621b1bbc,0.95,0.9,0.05,True,2a35b5c585aa23b1,/home/grads/g/g.lin/Documents/dad_mocu_kuramoto_v4/experiments/dad_cross_system_improvement/ieee9_T2/selected_policy_robust_rule.json,snap_up(Q_{1-alpha}(U|w) + margin),dad
27,91,"[13, 18]","[2.669528818876478, 4.370052286621126]",0.96,0.0,0.96,1.04,True,True,False,True,7.025456035164314,-0.5490581799175094,True,True,1.0460155582175994,0.9776020040557557,2.5841849104373742e-17,1.6287332371501986e-09,2.5841849104373742e-17,0.12519191182218492,0,0,0,nan,nan,0.0010532170999795198,5b4c2191621b1bbc,0.95,0.9,0.05,True,2a35b5c585aa23b1,/home/grads/g/g.lin/Documents/dad_mocu_kuramoto_v4/experiments/dad_cross_system_improvement/ieee9_T2/selected_policy_robust_rule.json,snap_up(Q_{1-alpha}(U|w) + margin),dad
28,92,"[13, 18]","[2.4408059214574784, 4.877179127322624]",0.96,0.0,0.96,1.04,True,True,False,True,5.7239781922246245,-0.455039528164657,True,True,1.9493026601190757,0.6240652491369705,3.059718396381419e-06,0.001564533590316426,3.059718396381419e-06,0.12455759686417878,0,0,0,nan,nan,0.000850777025334537,5b4c2191621b1bbc,0.95,0.9,0.05,True,2a35b5c585aa23b1,/home/grads/g/g.lin/Documents/dad_mocu_kuramoto_v4/experiments/dad_cross_system_improvement/ieee9_T2/selected_policy_robust_rule.json,snap_up(Q_{1-alpha}(U|w) + margin),dad
29,93,"[13, 18]","[1.783412965003727, 4.097171433909672]",0.96,0.0,0.96,1.04,True,True,False,True,5.092938611391068,-0.4656964508287679,True,True,3.0881978740975082,0.43120855965180777,0.000989198946922659,0.019867078799736898,0.000989198946922659,0.12435247306711972,0,0,0,nan,nan,0.0017311974661424756,5b4c2191621b1bbc,0.95,0.9,0.05,True,2a35b5c585aa23b1,/home/grads/g/g.lin/Documents/dad_mocu_kuramoto_v4/experiments/dad_cross_system_improvement/ieee9_T2/selected_policy_robust_rule.json,snap_up(Q_{1-alpha}(U|w) + margin),dad
30,94,"[13, 18]","[1.8163131278463853, 8.659938750028795]",0.96,0.0,0.96,1.04,True,True,False,True,10.528481518189245,-0.4126299402114316,True,True,2.108924917472453,0.573221960664222,0.0,0.0,0.0,0.12541481503285468,0,0,0,nan,nan,0.0013226885348558426,5b4c2191621b1bbc,0.95,0.9,0.05,True,2a35b5c585aa23b1,/home/grads/g/g.lin/Documents/dad_mocu_kuramoto_v4/experiments/dad_cross_system_improvement/ieee9_T2/selected_policy_robust_rule.json,snap_up(Q_{1-alpha}(U|w) + margin),dad
31,95,"[13, 18]","[1.7963557133781858, 8.39019835814371]",0.96,0.0,0.96,1.04,True,True,False,True,11.096443717408796,-0.4453138079500316,True,True,1.0015943782629906,0.9992035073479524,0.0,0.0,0.0,0.12111459719017148,0,0,0,nan,nan,0.001006216974928975,5b4c2191621b1bbc,0.95,0.9,0.05,True,2a35b5c585aa23b1,/home/grads/g/g.lin/Documents/dad_mocu_kuramoto_v4/experiments/dad_cross_system_improvement/ieee9_T2/selected_policy_robust_rule.json,snap_up(Q_{1-alpha}(U|w) + margin),dad
0,96,"[13, 18]","[2.4383661851163168, 4.613536350490264]",0.96,0.0,0.96,1.04,True,True,False,True,4.948483499689389,-0.42680762448357806,True,True,1.826370582554354,0.6705532025877736,3.1393477971980014e-16,1.4213083843309248e-08,3.1393477971980014e-16,0.1262686571571976,0,0,0,nan,nan,0.0010118279606103897,5b4c2191621b1bbc,0.95,0.9,0.05,True,2a35b5c585aa23b1,/home/grads/g/g.lin/Documents/dad_mocu_kuramoto_v4/experiments/dad_cross_system_improvement/ieee9_T2/selected_policy_robust_rule.json,snap_up(Q_{1-alpha}(U|w) + margin),dad
1,97,"[13, 18]","[1.8071545134027667, 9.557900740188677]",0.96,0.0,0.96,1.04,True,True,False,True,15.06317443770887,-0.5043849788728458,True,True,1.0000000000601732,0.9999999999699136,0.0,0.0,0.0,0.12875760882161558,0,0,0,nan,nan,0.0014832710148766637,5b4c2191621b1bbc,0.95,0.9,0.05,True,2a35b5c585aa23b1,/home/grads/g/g.lin/Documents/dad_mocu_kuramoto_v4/experiments/dad_cross_system_improvement/ieee9_T2/selected_policy_robust_rule.json,snap_up(Q_{1-alpha}(U|w) + margin),dad
2,98,"[13, 18]","[2.473554475828413, 6.6551343173856425]",0.96,0.0,0.96,1.04,True,True,False,True,8.622302454139804,-0.5151064628816457,True,True,1.0000000003740817,0.9999999998129592,3.281516258394564e-62,1.6202509085680685e-31,3.281516258394564e-62,0.11989826103672385,0,0,0,nan,nan,0.0011596884578466415,5b4c2191621b1bbc,0.95,0.9,0.05,True,2a35b5c585aa23b1,/home/grads/g/g.lin/Documents/dad_mocu_kuramoto_v4/experiments/dad_cross_system_improvement/ieee9_T2/selected_policy_robust_rule.json,snap_up(Q_{1-alpha}(U|w) + margin),dad
3,99,"[13, 18]","[2.8291956273948125, 5.991626382817416]",0.96,0.0,0.96,1.04,True,True,False,True,7.32352426611295,-0.46794511935115835,True,True,1.00000000000002,0.99999999999999,4.911631873802873e-15,6.268417263585981e-08,4.911631873802873e-15,0.13047896581701934,0,0,0,nan,nan,0.0013870835537090898,5b4c2191621b1bbc,0.95,0.9,0.05,True,2a35b5c585aa23b1,/home/grads/g/g.lin/Documents/dad_mocu_kuramoto_v4/experiments/dad_cross_system_improvement/ieee9_T2/selected_policy_robust_rule.json,snap_up(Q_{1-alpha}(U|w) + margin),dad
4,100,"[13, 18]","[2.395718586367009, 10.16971742623791]",0.96,0.32,0.6399999999999999,1.04,True,True,False,True,14.43790030192405,-0.6303425473388712,True,True,1.0,1.0,0.0,0.0,-0.32,0.12117360392585397,0,0,0,nan,nan,0.0008547330508008599,5b4c2191621b1bbc,0.95,0.9,0.05,True,2a35b5c585aa23b1,/home/grads/g/g.lin/Documents/dad_mocu_kuramoto_v4/experiments/dad_cross_system_improvement/ieee9_T2/selected_policy_robust_rule.json,snap_up(Q_{1-alpha}(U|w) + margin),dad
5,101,"[13, 18]","[1.928589561866583, 4.923936561355605]",0.96,0.0,0.96,1.04,True,True,False,True,7.781657682970818,-0.4708646840928323,True,True,3.0082646382829474,0.44259050694896607,7.814903273554792e-07,0.00025003734544318284,7.814903273554792e-07,0.12354479194618762,0,0,0,nan,nan,0.0009890140499919653,5b4c2191621b1bbc,0.95,0.9,0.05,True,2a35b5c585aa23b1,/home/grads/g/g.lin/Documents/dad_mocu_kuramoto_v4/experiments/dad_cross_system_improvement/ieee9_T2/selected_policy_robust_rule.json,snap_up(Q_{1-alpha}(U|w) + margin),dad
6,102,"[13, 18]","[1.333736028599419, 7.783113488067579]",0.96,0.0,0.96,1.04,True,True,False,True,8.961007936194259,-0.4384225536353909,True,True,1.0003473163920713,0.9998263719506633,1.201146039214723e-246,9.80263654009358e-124,1.201146039214723e-246,0.12199693988077343,0,0,0,nan,nan,0.0009898676071316004,5b4c2191621b1bbc,0.95,0.9,0.05,True,2a35b5c585aa23b1,/home/grads/g/g.lin/Documents/dad_mocu_kuramoto_v4/experiments/dad_cross_system_improvement/ieee9_T2/selected_policy_robust_rule.json,snap_up(Q_{1-alpha}(U|w) + margin),dad
7,103,"[13, 18]","[2.326416849504447, 3.697068367339311]",1.12,0.0,1.12,1.04,True,False,True,True,6.560092299319013,-0.4781087923505804,True,True,2.7236083132770528,0.4423487922225502,0.05373655451515843,0.053660262534454814,0.05373655451515843,0.125141714932397,0,0,0,nan,nan,0.0011078431271016598,5b4c2191621b1bbc,0.95,0.9,0.05,True,2a35b5c585aa23b1,/home/grads/g/g.lin/Documents/dad_mocu_kuramoto_v4/experiments/dad_cross_system_improvement/ieee9_T2/selected_policy_robust_rule.json,snap_up(Q_{1-alpha}(U|w) + margin),dad
8,104,"[13, 18]","[1.6743281357408295, 3.2968623514445823]",0.96,0.0,0.96,1.04,True,True,False,True,5.6780854999992,-0.4176225122407299,True,True,2.2929573732169275,0.5239375988536364,2.938206728263863e-19,2.637946108386836e-10,2.938206728263863e-19,0.12583241518586874,0,0,0,nan,nan,0.0012164519866928458,5b4c2191621b1bbc,0.95,0.9,0.05,True,2a35b5c585aa23b1,/home/grads/g/g.lin/Documents/dad_mocu_kuramoto_v4/experiments/dad_cross_system_improvement/ieee9_T2/selected_policy_robust_rule.json,snap_up(Q_{1-alpha}(U|w) + margin),dad
9,105,"[13, 18]","[2.071076314065167, 6.688712072672823]",0.96,0.0,0.96,1.04,True,True,False,True,7.851977293620081,-0.44642008555349066,True,True,1.567494982551893,0.7626410346329956,8.800348078860631e-68,2.653352306628071e-34,8.800348078860631e-68,0.1281742008868605,0,0,0,nan,nan,0.001008196035400033,5b4c2191621b1bbc,0.95,0.9,0.05,True,2a35b5c585aa23b1,/home/grads/g/g.lin/Documents/dad_mocu_kuramoto_v4/experiments/dad_cross_system_improvement/ieee9_T2/selected_policy_robust_rule.json,snap_up(Q_{1-alpha}(U|w) + margin),dad
10,106,"[13, 18]","[2.0140693727816523, 3.9407047359445544]",1.2,0.0,1.2,1.04,True,False,True,True,8.432532617569672,-0.42983493606655837,True,True,1.608846202721595,0.7720739686495729,0.30944739352894246,0.1669519715748114,0.30944739352894246,0.1253589391708374,0,0,0,nan,nan,0.0013562930980697274,5b4c2191621b1bbc,0.95,0.9,0.05,True,2a35b5c585aa23b1,/home/grads/g/g.lin/Documents/dad_mocu_kuramoto_v4/experiments/dad_cross_system_improvement/ieee9_T2/selected_policy_robust_rule.json,snap_up(Q_{1-alpha}(U|w) + margin),dad
11,107,"[13, 18]","[1.782280417806708, 3.770813057372176]",0.96,0.0,0.96,1.04,True,True,False,True,4.248413669032564,-0.39810126788690003,True,True,1.2410617007714662,0.8956080437170566,0.0003734825228201769,0.01221633466247993,0.0003734825228201769,0.12438978697173297,0,0,0,nan,nan,0.0009215879254043102,5b4c2191621b1bbc,0.95,0.9,0.05,True,2a35b5c585aa23b1,/home/grads/g/g.lin/Documents/dad_mocu_kuramoto_v4/experiments/dad_cross_system_improvement/ieee9_T2/selected_policy_robust_rule.json,snap_up(Q_{1-alpha}(U|w) + margin),dad
12,108,"[13, 18]","[2.307858015967707, 3.190175110186642]",0.96,0.0,0.96,1.04,True,True,False,True,6.751568902381649,-0.5297100728691743,True,True,2.0351936296665243,0.6369817042701044,1.7118165274816246e-11,1.1758946852884079e-06,1.7118165274816246e-11,0.12447068397887051,0,0,0,nan,nan,0.0011192894307896495,5b4c2191621b1bbc,0.95,0.9,0.05,True,2a35b5c585aa23b1,/home/grads/g/g.lin/Documents/dad_mocu_kuramoto_v4/experiments/dad_cross_system_improvement/ieee9_T2/selected_policy_robust_rule.json,snap_up(Q_{1-alpha}(U|w) + margin),dad
13,109,"[13, 18]","[1.6335133041709016, 5.598653614377348]",0.96,0.0,0.96,1.04,True,True,False,True,6.710820899861146,-0.5434168797577088,True,True,1.0030637373884517,0.998471123978479,2.3820189357235972e-21,4.365335208868415e-11,2.3820189357235972e-21,0.12307381699793041,0,0,0,nan,nan,0.0011485760333016515,5b4c2191621b1bbc,0.95,0.9,0.05,True,2a35b5c585aa23b1,/home/grads/g/g.lin/Documents/dad_mocu_kuramoto_v4/experiments/dad_cross_system_improvement/ieee9_T2/selected_policy_robust_rule.json,snap_up(Q_{1-alpha}(U|w) + margin),dad
14,110,"[13, 18]","[2.220430005236576, 9.395390647790377]",0.96,0.0,0.96,1.04,True,True,False,True,11.289175671439477,-0.4882397594782111,True,True,1.000000479434595,0.9999997602827686,0.0,0.0,0.0,0.12286319280974567,0,0,0,nan,nan,0.0015577824087813497,5b4c2191621b1bbc,0.95,0.9,0.05,True,2a35b5c585aa23b1,/home/grads/g/g.lin/Documents/dad_mocu_kuramoto_v4/experiments/dad_cross_system_improvement/ieee9_T2/selected_policy_robust_rule.json,snap_up(Q_{1-alpha}(U|w) + margin),dad
15,111,"[13, 18]","[2.2412338320285823, 3.601698262669606]",1.12,0.0,1.12,1.04,True,False,True,True,4.889595303149377,-0.449528535573651,True,True,4.4495847391221615,0.29837615101423726,0.03526395194251802,0.05550499040770485,0.03526395194251802,0.1270155468955636,0,0,0,nan,nan,0.0013733344385400414,5b4c2191621b1bbc,0.95,0.9,0.05,True,2a35b5c585aa23b1,/home/grads/g/g.lin/Documents/dad_mocu_kuramoto_v4/experiments/dad_cross_system_improvement/ieee9_T2/selected_policy_robust_rule.json,snap_up(Q_{1-alpha}(U|w) + margin),dad
16,112,"[13, 18]","[1.7348253875686463, 4.6436158273293575]",1.04,0.0,1.04,1.04,False,False,False,True,4.994557111113752,-0.402282722457645,True,True,3.1978397326015013,0.40737535354987114,0.02449036111424117,0.03687073502974083,0.02449036111424117,0.1226092770230025,0,0,0,nan,nan,0.0014290889957919717,5b4c2191621b1bbc,0.95,0.9,0.05,True,2a35b5c585aa23b1,/home/grads/g/g.lin/Documents/dad_mocu_kuramoto_v4/experiments/dad_cross_system_improvement/ieee9_T2/selected_policy_robust_rule.json,snap_up(Q_{1-alpha}(U|w) + margin),dad
17,113,"[13, 18]","[2.365619108609064, 3.555145957714289]",1.04,0.0,1.04,1.04,False,False,False,True,6.010331476012954,-0.42707610054356576,True,True,4.155070501961495,0.3903135722789481,0.03353839739731522,0.04175299759498471,0.03353839739731522,0.12886519799940288,0,0,0,nan,nan,0.0013216730440035462,5b4c2191621b1bbc,0.95,0.9,0.05,True,2a35b5c585aa23b1,/home/grads/g/g.lin/Documents/dad_mocu_kuramoto_v4/experiments/dad_cross_system_improvement/ieee9_T2/selected_policy_robust_rule.json,snap_up(Q_{1-alpha}(U|w) + margin),dad
18,114,"[13, 18]","[3.058375791964345, 4.688983472285133]",0.96,0.0,0.96,1.04,True,True,False,True,7.593466986003247,-0.537229057804493,True,True,1.0000313344198768,0.9999843331094332,5.774780133084496e-26,2.1493776090923617e-13,5.774780133084496e-26,0.12997336289845407,0,0,0,nan,nan,0.0014105159789323807,5b4c2191621b1bbc,0.95,0.9,0.05,True,2a35b5c585aa23b1,/home/grads/g/g.lin/Documents/dad_mocu_kuramoto_v4/experiments/dad_cross_system_improvement/ieee9_T2/selected_policy_robust_rule.json,snap_up(Q_{1-alpha}(U|w) + margin),dad
19,115,"[13, 18]","[2.169176054536985, 6.330000595441224]",0.96,0.0,0.96,1.04,True,True,False,True,7.927223499490062,-0.5758539531458229,True,True,1.406680914510342,0.8252785141830029,3.4433766159883084e-36,1.6597292829828144e-18,3.4433766159883084e-36,0.12175228889100254,0,0,0,nan,nan,0.0012321720132604241,5b4c2191621b1bbc,0.95,0.9,0.05,True,2a35b5c585aa23b1,/home/grads/g/g.lin/Documents/dad_mocu_kuramoto_v4/experiments/dad_cross_system_improvement/ieee9_T2/selected_policy_robust_rule.json,snap_up(Q_{1-alpha}(U|w) + margin),dad
20,116,"[13, 18]","[1.928300626214323, 3.6714240273831282]",0.96,0.0,0.96,1.04,True,True,False,True,4.441070130026861,-0.4414910435412835,True,True,1.9565933006975142,0.5947880962496165,0.0008253517113809181,0.017193273255037583,0.0008253517113809181,0.12548300111666322,0,0,0,nan,nan,0.0011417834321036935,5b4c2191621b1bbc,0.95,0.9,0.05,True,2a35b5c585aa23b1,/home/grads/g/g.lin/Documents/dad_mocu_kuramoto_v4/experiments/dad_cross_system_improvement/ieee9_T2/selected_policy_robust_rule.json,snap_up(Q_{1-alpha}(U|w) + margin),dad
21,117,"[13, 18]","[1.8681125325802157, 5.058967290235047]",0.96,0.0,0.96,1.04,True,True,False,True,8.061839654099542,-0.5974876731992318,True,True,1.8357218347483486,0.6946035074031727,7.943047611660947e-10,8.001211774903678e-06,7.943047611660947e-10,0.12629739800468087,0,0,0,nan,nan,0.001710947952233255,5b4c2191621b1bbc,0.95,0.9,0.05,True,2a35b5c585aa23b1,/home/grads/g/g.lin/Documents/dad_mocu_kuramoto_v4/experiments/dad_cross_system_improvement/ieee9_T2/selected_policy_robust_rule.json,snap_up(Q_{1-alpha}(U|w) + margin),dad
22,118,"[13, 18]","[1.7866373889420395, 9.480604290048657]",0.96,0.08,0.88,1.04,True,True,False,True,10.694570660003832,-0.6224213041372098,True,True,1.000000007839434,0.9999999960802832,0.0,0.0,-0.08,0.12792555592022836,0,0,0,nan,nan,0.0015204380033537745,5b4c2191621b1bbc,0.95,0.9,0.05,True,2a35b5c585aa23b1,/home/grads/g/g.lin/Documents/dad_mocu_kuramoto_v4/experiments/dad_cross_system_improvement/ieee9_T2/selected_policy_robust_rule.json,snap_up(Q_{1-alpha}(U|w) + margin),dad
23,119,"[13, 18]","[1.4662356591512729, 5.923067414113039]",0.96,0.0,0.96,1.04,True,True,False,True,7.166647061352755,-0.4424386866988107,True,True,1.0033038791053324,0.9983507974129192,7.747766604209593e-38,2.4896211124120225e-19,7.747766604209593e-38,0.13149679405614734,0,0,0,nan,nan,0.0013190569588914514,5b4c2191621b1bbc,0.95,0.9,0.05,True,2a35b5c585aa23b1,/home/grads/g/g.lin/Documents/dad_mocu_kuramoto_v4/experiments/dad_cross_system_improvement/ieee9_T2/selected_policy_robust_rule.json,snap_up(Q_{1-alpha}(U|w) + margin),dad
24,120,"[13, 18]","[2.081960037006545, 11.617674687379413]",0.96,0.0,0.96,1.04,True,True,False,True,14.85859381051062,-0.44251342840304264,True,True,1.0000000000000004,0.9999999999999998,0.0,0.0,0.0,0.12290103803388774,0,0,0,nan,nan,0.0013457925524562597,5b4c2191621b1bbc,0.95,0.9,0.05,True,2a35b5c585aa23b1,/home/grads/g/g.lin/Documents/dad_mocu_kuramoto_v4/experiments/dad_cross_system_improvement/ieee9_T2/selected_policy_robust_rule.json,snap_up(Q_{1-alpha}(U|w) + margin),dad
25,121,"[13, 18]","[2.6242864571947444, 4.1541939001873285]",0.96,0.0,0.96,1.04,True,True,False,True,7.567721659310262,-0.4905580998006619,True,True,1.3341372044060793,0.8565330711356073,7.762556718052543e-09,2.597848194299227e-05,7.762556718052543e-09,0.13095686794258654,0,0,0,nan,nan,0.0012434229720383883,5b4c2191621b1bbc,0.95,0.9,0.05,True,2a35b5c585aa23b1,/home/grads/g/g.lin/Documents/dad_mocu_kuramoto_v4/experiments/dad_cross_system_improvement/ieee9_T2/selected_policy_robust_rule.json,snap_up(Q_{1-alpha}(U|w) + margin),dad
26,122,"[13, 18]","[1.362882812591274, 3.7257029434122524]",0.96,0.0,0.96,1.04,True,True,False,True,5.782712054204944,-0.4279622217898982,True,True,1.0021159706000615,0.9989434569428931,2.3473361578252196e-15,3.064203750202583e-08,2.3473361578252196e-15,0.1238145271781832,0,0,0,nan,nan,0.0013704184675589204,5b4c2191621b1bbc,0.95,0.9,0.05,True,2a35b5c585aa23b1,/home/grads/g/g.lin/Documents/dad_mocu_kuramoto_v4/experiments/dad_cross_system_improvement/ieee9_T2/selected_policy_robust_rule.json,snap_up(Q_{1-alpha}(U|w) + margin),dad
27,123,"[13, 18]","[2.480958412886738, 4.458360163678022]",0.96,0.0,0.96,1.04,True,True,False,True,7.025456035164314,-0.5490581799175094,True,True,1.0652954539024557,0.9686186533509689,4.36159732682285e-16,1.3194199728398617e-08,4.36159732682285e-16,0.12261220603249967,0,0,0,nan,nan,0.0010397449368610978,5b4c2191621b1bbc,0.95,0.9,0.05,True,2a35b5c585aa23b1,/home/grads/g/g.lin/Documents/dad_mocu_kuramoto_v4/experiments/dad_cross_system_improvement/ieee9_T2/selected_policy_robust_rule.json,snap_up(Q_{1-alpha}(U|w) + margin),dad
28,124,"[13, 18]","[2.2020717672353145, 5.0860916100316835]",0.96,0.0,0.96,1.04,True,True,False,True,5.7239781922246245,-0.455039528164657,True,True,1.3486987459855548,0.85662204007214,0.0029063069075362146,0.04813105968278714,0.0029063069075362146,0.12281777220778167,0,0,0,nan,nan,0.0011447705328464508,5b4c2191621b1bbc,0.95,0.9,0.05,True,2a35b5c585aa23b1,/home/grads/g/g.lin/Documents/dad_mocu_kuramoto_v4/experiments/dad_cross_system_improvement/ieee9_T2/selected_policy_robust_rule.json,snap_up(Q_{1-alpha}(U|w) + margin),dad
29,125,"[13, 18]","[1.7932869569735677, 4.114533035819455]",0.96,0.0,0.96,1.04,True,True,False,True,5.092938611391068,-0.4656964508287679,True,True,2.4066540976683024,0.5943566635809563,0.00098168752190061,0.01979167561811757,0.00098168752190061,0.12384826387278736,0,0,0,nan,nan,0.001194940647110343,5b4c2191621b1bbc,0.95,0.9,0.05,True,2a35b5c585aa23b1,/home/grads/g/g.lin/Documents/dad_mocu_kuramoto_v4/experiments/dad_cross_system_improvement/ieee9_T2/selected_policy_robust_rule.json,snap_up(Q_{1-alpha}(U|w) + margin),dad
30,126,"[13, 18]","[1.7789908733166049, 8.775654830380267]",0.96,0.0,0.96,1.04,True,True,False,True,10.528481518189245,-0.4126299402114316,True,True,1.3645618637056807,0.8491231097792359,0.0,0.0,0.0,0.12653928110376,0,0,0,nan,nan,0.0008339110063388944,5b4c2191621b1bbc,0.95,0.9,0.05,True,2a35b5c585aa23b1,/home/grads/g/g.lin/Documents/dad_mocu_kuramoto_v4/experiments/dad_cross_system_improvement/ieee9_T2/selected_policy_robust_rule.json,snap_up(Q_{1-alpha}(U|w) + margin),dad
31,127,"[13, 18]","[1.7678410109085116, 8.37886958940272]",0.96,0.0,0.96,1.04,True,True,False,True,11.096443717408796,-0.4453138079500316,True,True,1.0025434901381503,0.9987299068503142,0.0,0.0,0.0,0.12908746697939932,0,0,0,nan,nan,0.0007420564070343971,5b4c2191621b1bbc,0.95,0.9,0.05,True,2a35b5c585aa23b1,/home/grads/g/g.lin/Documents/dad_mocu_kuramoto_v4/experiments/dad_cross_system_improvement/ieee9_T2/selected_policy_robust_rule.json,snap_up(Q_{1-alpha}(U|w) + margin),dad
0,128,"[13, 18]","[2.310332000966511, 4.551005506040996]",0.96,0.0,0.96,1.04,True,True,False,True,4.948483499689389,-0.42680762448357806,True,True,1.3133890639821368,0.867329272468029,3.4405881656252957e-12,5.248116353199166e-07,3.4405881656252957e-12,0.12324586301110685,0,0,0,nan,nan,0.0012893429957330227,5b4c2191621b1bbc,0.95,0.9,0.05,True,2a35b5c585aa23b1,/home/grads/g/g.lin/Documents/dad_mocu_kuramoto_v4/experiments/dad_cross_system_improvement/ieee9_T2/selected_policy_robust_rule.json,snap_up(Q_{1-alpha}(U|w) + margin),dad
1,129,"[13, 18]","[1.8394708880709743, 9.768511806653901]",0.96,0.0,0.96,1.04,True,True,False,True,15.06317443770887,-0.5043849788728458,True,True,1.0000000000002411,0.9999999999998794,0.0,0.0,0.0,0.1311386269517243,0,0,0,nan,nan,0.0015509444056078792,5b4c2191621b1bbc,0.95,0.9,0.05,True,2a35b5c585aa23b1,/home/grads/g/g.lin/Documents/dad_mocu_kuramoto_v4/experiments/dad_cross_system_improvement/ieee9_T2/selected_policy_robust_rule.json,snap_up(Q_{1-alpha}(U|w) + margin),dad
2,130,"[13, 18]","[2.563353334595052, 6.791420545239244]",0.96,0.0,0.96,1.04,True,True,False,True,8.622302454139804,-0.5151064628816457,True,True,1.0000000000000115,0.9999999999999942,1.0266228201080932e-74,9.062550723093773e-38,1.0266228201080932e-74,0.12104030698537827,0,0,0,nan,nan,0.0007648194441571832,5b4c2191621b1bbc,0.95,0.9,0.05,True,2a35b5c585aa23b1,/home/grads/g/g.lin/Documents/dad_mocu_kuramoto_v4/experiments/dad_cross_system_improvement/ieee9_T2/selected_policy_robust_rule.json,snap_up(Q_{1-alpha}(U|w) + margin),dad
3,131,"[13, 18]","[2.903874392962382, 6.078461344131856]",0.96,0.0,0.96,1.04,True,True,False,True,7.32352426611295,-0.46794511935115835,True,True,1.0000000000000338,0.9999999999999831,1.65338964663709e-19,3.636910388378675e-10,1.65338964663709e-19,0.12603060784749687,0,0,0,nan,nan,0.0015935824485495687,5b4c2191621b1bbc,0.95,0.9,0.05,True,2a35b5c585aa23b1,/home/grads/g/g.lin/Documents/dad_mocu_kuramoto_v4/experiments/dad_cross_system_improvement/ieee9_T2/selected_policy_robust_rule.json,snap_up(Q_{1-alpha}(U|w) + margin),dad
4,132,"[13, 18]","[2.533804473659902, 10.13549764099893]",0.96,0.32,0.6399999999999999,1.04,True,True,False,True,14.43790030192405,-0.6303425473388712,True,True,1.0,1.0,0.0,0.0,-0.32,0.12356563797220588,0,0,0,nan,nan,0.0008606049232184887,5b4c2191621b1bbc,0.95,0.9,0.05,True,2a35b5c585aa23b1,/home/grads/g/g.lin/Documents/dad_mocu_kuramoto_v4/experiments/dad_cross_system_improvement/ieee9_T2/selected_policy_robust_rule.json,snap_up(Q_{1-alpha}(U|w) + margin),dad
5,133,"[13, 18]","[1.8598596224567476, 5.053460237067414]",0.96,0.0,0.96,1.04,True,True,False,True,7.781657682970818,-0.4708646840928323,True,True,1.8049598721447413,0.7028868762766961,1.4832880671802416e-09,1.0902663866448649e-05,1.4832880671802416e-09,0.12446981784887612,0,0,0,nan,nan,0.0011079094838351011,5b4c2191621b1bbc,0.95,0.9,0.05,True,2a35b5c585aa23b1,/home/grads/g/g.lin/Documents/dad_mocu_kuramoto_v4/experiments/dad_cross_system_improvement/ieee9_T2/selected_policy_robust_rule.json,snap_up(Q_{1-alpha}(U|w) + margin),dad
6,134,"[13, 18]","[1.3087959860778502, 7.633008395023406]",0.96,0.0,0.96,1.04,True,True,False,True,8.961007936194259,-0.4384225536353909,True,True,1.0013703827722014,0.999315277458418,5.308088167127349e-223,6.516494865878343e-112,5.308088167127349e-223,0.12977446499280632,0,0,0,nan,nan,0.0014284385833889246,5b4c2191621b1bbc,0.95,0.9,0.05,True,2a35b5c585aa23b1,/home/grads/g/g.lin/Documents/dad_mocu_kuramoto_v4/experiments/dad_cross_system_improvement/ieee9_T2/selected_policy_robust_rule.json,snap_up(Q_{1-alpha}(U|w) + margin),dad
7,135,"[13, 18]","[2.224977603797512, 3.659745233978842]",1.12,0.0,1.12,1.04,True,False,True,True,6.560092299319013,-0.4781087923505804,True,True,3.3034388187706383,0.38948711856123164,0.06746814868885684,0.06871980695769389,0.06746814868885684,0.12233269400894642,0,0,0,nan,nan,0.001255200942978263,5b4c2191621b1bbc,0.95,0.9,0.05,True,2a35b5c585aa23b1,/home/grads/g/g.lin/Documents/dad_mocu_kuramoto_v4/experiments/dad_cross_system_improvement/ieee9_T2/selected_policy_robust_rule.json,snap_up(Q_{1-alpha}(U|w) + margin),dad
8,136,"[13, 18]","[1.486142265875706, 3.293593636421956]",0.96,0.0,0.96,1.04,True,True,False,True,5.6780854999992,-0.4176225122407299,True,True,3.632795972924234,0.35121305780889794,1.794833927563984e-23,2.67351082680603e-12,1.794833927563984e-23,0.1297412069980055,0,0,0,nan,nan,0.0017193054081872106,5b4c2191621b1bbc,0.95,0.9,0.05,True,2a35b5c585aa23b1,/home/grads/g/g.lin/Documents/dad_mocu_kuramoto_v4/experiments/dad_cross_system_improvement/ieee9_T2/selected_policy_robust_rule.json,snap_up(Q_{1-alpha}(U|w) + margin),dad
9,137,"[13, 18]","[2.007733209924956, 6.68314332225873]",0.96,0.0,0.96,1.04,True,True,False,True,7.851977293620081,-0.44642008555349066,True,True,1.0095649142661896,0.9952402029424519,3.1279797972749007e-69,5.002383269822416e-35,3.1279797972749007e-69,0.12106781592592597,0,0,0,nan,nan,0.0011641355231404305,5b4c2191621b1bbc,0.95,0.9,0.05,True,2a35b5c585aa23b1,/home/grads/g/g.lin/Documents/dad_mocu_kuramoto_v4/experiments/dad_cross_system_improvement/ieee9_T2/selected_policy_robust_rule.json,snap_up(Q_{1-alpha}(U|w) + margin),dad
10,138,"[13, 18]","[2.2257671534084196, 4.062547394527652]",0.96,0.0,0.96,1.04,True,True,False,True,6.306151546132639,-0.46026083949573776,True,True,1.5012406411098111,0.8052977211954692,0.018470515628053037,0.08270390681994906,0.018470515628053037,0.12794174603186548,0,0,0,nan,nan,0.0011760230408981442,5b4c2191621b1bbc,0.95,0.9,0.05,True,2a35b5c585aa23b1,/home/grads/g/g.lin/Documents/dad_mocu_kuramoto_v4/experiments/dad_cross_system_improvement/ieee9_T2/selected_policy_robust_rule.json,snap_up(Q_{1-alpha}(U|w) + margin),dad
11,139,"[13, 18]","[1.7505373121463979, 3.7292925108444153]",0.96,0.0,0.96,1.04,True,True,False,True,4.248413669032564,-0.39810126788690003,True,True,1.227908467270493,0.901254766984093,4.930024365314985e-05,0.004440204565658031,4.930024365314985e-05,0.11697578895837069,0,0,0,nan,nan,0.001042483956553042,5b4c2191621b1bbc,0.95,0.9,0.05,True,2a35b5c585aa23b1,/home/grads/g/g.lin/Documents/dad_mocu_kuramoto_v4/experiments/dad_cross_system_improvement/ieee9_T2/selected_policy_robust_rule.json,snap_up(Q_{1-alpha}(U|w) + margin),dad
12,140,"[13, 18]","[2.5321766066822566, 3.159258673689026]",0.96,0.0,0.96,1.04,True,True,False,True,6.751568902381649,-0.5297100728691743,True,True,1.9131899433142385,0.6189437760881298,5.955497215770646e-11,2.1828713184623456e-06,5.955497215770646e-11,0.13134834519587457,0,0,0,nan,nan,0.0014615855179727077,5b4c2191621b1bbc,0.95,0.9,0.05,True,2a35b5c585aa23b1,/home/grads/g/g.lin/Documents/dad_mocu_kuramoto_v4/experiments/dad_cross_system_improvement/ieee9_T2/selected_policy_robust_rule.json,snap_up(Q_{1-alpha}(U|w) + margin),dad
13,141,"[13, 18]","[1.7537200993106836, 5.80585203945932]",0.96,0.0,0.96,1.04,True,True,False,True,6.710820899861146,-0.5434168797577088,True,True,1.141903099906154,0.9340347998225164,1.457521063340871e-22,1.0798226014826217e-11,1.457521063340871e-22,0.1268734869081527,0,0,0,nan,nan,0.0014422399690374732,5b4c2191621b1bbc,0.95,0.9,0.05,True,2a35b5c585aa23b1,/home/grads/g/g.lin/Documents/dad_mocu_kuramoto_v4/experiments/dad_cross_system_improvement/ieee9_T2/selected_policy_robust_rule.json,snap_up(Q_{1-alpha}(U|w) + margin),dad
14,142,"[13, 18]","[2.2435657804604365, 9.58756533135663]",0.96,0.0,0.96,1.04,True,True,False,True,11.289175671439477,-0.4882397594782111,True,True,1.0685644778039733,0.9668209382374493,0.0,0.0,0.0,0.12259628996253014,0,0,0,nan,nan,0.0006967675872147083,5b4c2191621b1bbc,0.95,0.9,0.05,True,2a35b5c585aa23b1,/home/grads/g/g.lin/Documents/dad_mocu_kuramoto_v4/experiments/dad_cross_system_improvement/ieee9_T2/selected_policy_robust_rule.json,snap_up(Q_{1-alpha}(U|w) + margin),dad
15,143,"[13, 18]","[2.23196360985155, 3.6571496773988037]",1.12,0.0,1.12,1.04,True,False,True,True,4.889595303149377,-0.449528535573651,True,True,3.29599890315679,0.39719116018400996,0.06500755675259755,0.0673926996266595,0.06500755675259755,0.1286692419089377,0,0,0,nan,nan,0.0009119419846683741,5b4c2191621b1bbc,0.95,0.9,0.05,True,2a35b5c585aa23b1,/home/grads/g/g.lin/Documents/dad_mocu_kuramoto_v4/experiments/dad_cross_system_improvement/ieee9_T2/selected_policy_robust_rule.json,snap_up(Q_{1-alpha}(U|w) + margin),dad
16,144,"[13, 18]","[1.8391140355279378, 4.658753171147146]",1.04,0.0,1.04,1.04,False,False,False,True,4.994557111113752,-0.402282722457645,True,True,4.154705484135128,0.2996496962486602,0.021258526507684432,0.03533775843678873,0.021258526507684432,0.12364290095865726,0,0,0,nan,nan,0.0020459775114431977,5b4c2191621b1bbc,0.95,0.9,0.05,True,2a35b5c585aa23b1,/home/grads/g/g.lin/Documents/dad_mocu_kuramoto_v4/experiments/dad_cross_system_improvement/ieee9_T2/selected_policy_robust_rule.json,snap_up(Q_{1-alpha}(U|w) + margin),dad
17,145,"[13, 18]","[2.569044193657915, 3.5440389675267587]",1.04,0.0,1.04,1.04,False,False,False,True,6.010331476012954,-0.42707610054356576,True,True,1.2641022464274352,0.8836508400178236,0.008031319990158974,0.024061368868305993,0.008031319990158974,0.12500655185431242,0,0,0,nan,nan,0.0008752570720389485,5b4c2191621b1bbc,0.95,0.9,0.05,True,2a35b5c585aa23b1,/home/grads/g/g.lin/Documents/dad_mocu_kuramoto_v4/experiments/dad_cross_system_improvement/ieee9_T2/selected_policy_robust_rule.json,snap_up(Q_{1-alpha}(U|w) + margin),dad
18,146,"[13, 18]","[2.965350817653931, 4.525489180338552]",0.96,0.0,0.96,1.04,True,True,False,True,7.593466986003247,-0.537229057804493,True,True,1.0011106899345261,0.9994449978935037,4.053441406217403e-29,5.694492155561804e-15,4.053441406217403e-29,0.12571149389259517,0,0,0,nan,nan,0.001682303030975163,5b4c2191621b1bbc,0.95,0.9,0.05,True,2a35b5c585aa23b1,/home/grads/g/g.lin/Documents/dad_mocu_kuramoto_v4/experiments/dad_cross_system_improvement/ieee9_T2/selected_policy_robust_rule.json,snap_up(Q_{1-alpha}(U|w) + margin),dad
19,147,"[13, 18]","[2.1572375992193176, 6.245990032908819]",0.96,0.0,0.96,1.04,True,True,False,True,7.927223499490062,-0.5758539531458229,True,True,1.1817273736287708,0.9168424282927717,5.988609090290984e-31,6.921623561154412e-16,5.988609090290984e-31,0.12346614501439035,0,0,0,nan,nan,0.001001516473479569,5b4c2191621b1bbc,0.95,0.9,0.05,True,2a35b5c585aa23b1,/home/grads/g/g.lin/Documents/dad_mocu_kuramoto_v4/experiments/dad_cross_system_improvement/ieee9_T2/selected_policy_robust_rule.json,snap_up(Q_{1-alpha}(U|w) + margin),dad
20,148,"[13, 18]","[2.0809543485045507, 3.671091320150914]",1.12,0.0,1.12,1.04,True,False,True,True,4.441070130026861,-0.41348451139239334,True,True,1.9809472327684676,0.6780836952008203,0.03454048070802622,0.06800642798953818,0.03454048070802622,0.12713649007491767,0,0,0,nan,nan,0.0015172314597293735,5b4c2191621b1bbc,0.95,0.9,0.05,True,2a35b5c585aa23b1,/home/grads/g/g.lin/Documents/dad_mocu_kuramoto_v4/experiments/dad_cross_system_improvement/ieee9_T2/selected_policy_robust_rule.json,snap_up(Q_{1-alpha}(U|w) + margin),dad
21,149,"[13, 18]","[1.8828384982846893, 4.946814118508393]",0.96,0.0,0.96,1.04,True,True,False,True,8.061839654099542,-0.5974876731992318,True,True,3.0777260933513597,0.41021332469733357,7.265791509064694e-07,0.00024109295036460498,7.265791509064694e-07,0.12469923705793917,0,0,0,nan,nan,0.0015389114851132035,5b4c2191621b1bbc,0.95,0.9,0.05,True,2a35b5c585aa23b1,/home/grads/g/g.lin/Documents/dad_mocu_kuramoto_v4/experiments/dad_cross_system_improvement/ieee9_T2/selected_policy_robust_rule.json,snap_up(Q_{1-alpha}(U|w) + margin),dad
22,150,"[13, 18]","[1.6596525851529769, 9.642389015111817]",0.96,0.08,0.88,1.04,True,True,False,True,10.694570660003832,-0.6224213041372098,True,True,1.0000000000005693,0.9999999999997153,0.0,0.0,-0.08,0.1265858979895711,0,0,0,nan,nan,0.0009259511716663837,5b4c2191621b1bbc,0.95,0.9,0.05,True,2a35b5c585aa23b1,/home/grads/g/g.lin/Documents/dad_mocu_kuramoto_v4/experiments/dad_cross_system_improvement/ieee9_T2/selected_policy_robust_rule.json,snap_up(Q_{1-alpha}(U|w) + margin),dad
23,151,"[13, 18]","[1.4450717930074277, 5.929058934052723]",0.96,0.0,0.96,1.04,True,True,False,True,7.166647061352755,-0.4424386866988107,True,True,1.0014136482402698,0.9992936772525892,4.634112461530611e-39,6.088751899383394e-20,4.634112461530611e-39,0.12278385297395289,0,0,0,nan,nan,0.0009226795518770814,5b4c2191621b1bbc,0.95,0.9,0.05,True,2a35b5c585aa23b1,/home/grads/g/g.lin/Documents/dad_mocu_kuramoto_v4/experiments/dad_cross_system_improvement/ieee9_T2/selected_policy_robust_rule.json,snap_up(Q_{1-alpha}(U|w) + margin),dad
24,152,"[13, 18]","[2.0933193514318456, 11.468697100869164]",0.96,0.0,0.96,1.04,True,True,False,True,14.85859381051062,-0.44251342840304264,True,True,1.0,1.0,0.0,0.0,0.0,0.12368924706242979,0,0,0,nan,nan,0.001844162936322391,5b4c2191621b1bbc,0.95,0.9,0.05,True,2a35b5c585aa23b1,/home/grads/g/g.lin/Documents/dad_mocu_kuramoto_v4/experiments/dad_cross_system_improvement/ieee9_T2/selected_policy_robust_rule.json,snap_up(Q_{1-alpha}(U|w) + margin),dad
25,153,"[13, 18]","[2.5572312978503287, 4.464378856689666]",0.96,0.0,0.96,1.04,True,True,False,True,7.567721659310262,-0.4905580998006619,True,True,1.0407253391242424,0.9801609272817184,7.071084860011177e-18,1.6666652815785372e-09,7.071084860011177e-18,0.12040643091313541,0,0,0,nan,nan,0.001175236888229847,5b4c2191621b1bbc,0.95,0.9,0.05,True,2a35b5c585aa23b1,/home/grads/g/g.lin/Documents/dad_mocu_kuramoto_v4/experiments/dad_cross_system_improvement/ieee9_T2/selected_policy_robust_rule.json,snap_up(Q_{1-alpha}(U|w) + margin),dad
26,154,"[13, 18]","[1.468505453177757, 3.6888589149331756]",0.96,0.0,0.96,1.04,True,True,False,True,5.782712054204944,-0.4279622217898982,True,True,1.0064790663795866,0.996772022912705,4.4978175259592347e-13,4.241611603262727e-07,4.4978175259592347e-13,0.12581499479711056,0,0,0,nan,nan,0.0014610099606215954,5b4c2191621b1bbc,0.95,0.9,0.05,True,2a35b5c585aa23b1,/home/grads/g/g.lin/Documents/dad_mocu_kuramoto_v4/experiments/dad_cross_system_improvement/ieee9_T2/selected_policy_robust_rule.json,snap_up(Q_{1-alpha}(U|w) + margin),dad
27,155,"[13, 18]","[2.5539115551907354, 4.3543402512620055]",0.96,0.0,0.96,1.04,True,True,False,True,7.025456035164314,-0.5490581799175094,True,True,1.8055262687484979,0.6783468402646616,4.3364861868717806e-14,1.1340460068315598e-07,4.3364861868717806e-14,0.12520428095012903,0,0,0,nan,nan,0.0015150710241869092,5b4c2191621b1bbc,0.95,0.9,0.05,True,2a35b5c585aa23b1,/home/grads/g/g.lin/Documents/dad_mocu_kuramoto_v4/experiments/dad_cross_system_improvement/ieee9_T2/selected_policy_robust_rule.json,snap_up(Q_{1-alpha}(U|w) + margin),dad
28,156,"[13, 18]","[2.302645743599089, 4.886001389168934]",0.96,0.0,0.96,1.04,True,True,False,True,5.7239781922246245,-0.455039528164657,True,True,1.003704946984983,0.9981520915848323,1.2509446043132948e-06,0.0010003769814150546,1.2509446043132948e-06,0.12559210695326328,0,0,0,nan,nan,0.001098059001378715,5b4c2191621b1bbc,0.95,0.9,0.05,True,2a35b5c585aa23b1,/home/grads/g/g.lin/Documents/dad_mocu_kuramoto_v4/experiments/dad_cross_system_improvement/ieee9_T2/selected_policy_robust_rule.json,snap_up(Q_{1-alpha}(U|w) + margin),dad
29,157,"[13, 18]","[1.9579667149920055, 3.982554214176272]",1.2,0.0,1.2,1.04,True,False,True,True,5.092938611391068,-0.43338900960474497,True,True,1.321233096106561,0.8676592756998176,0.34710425060491534,0.13546442054971863,0.34710425060491534,0.12906440696679056,0,0,0,nan,nan,0.0009304170962423086,5b4c2191621b1bbc,0.95,0.9,0.05,True,2a35b5c585aa23b1,/home/grads/g/g.lin/Documents/dad_mocu_kuramoto_v4/experiments/dad_cross_system_improvement/ieee9_T2/selected_policy_robust_rule.json,snap_up(Q_{1-alpha}(U|w) + margin),dad
30,158,"[13, 18]","[1.7934566196237962, 8.697107043632515]",0.96,0.0,0.96,1.04,True,True,False,True,10.528481518189245,-0.4126299402114316,True,True,1.8388624639533357,0.6672361793988393,0.0,0.0,0.0,0.12184518994763494,0,0,0,nan,nan,0.0012432434596121311,5b4c2191621b1bbc,0.95,0.9,0.05,True,2a35b5c585aa23b1,/home/grads/g/g.lin/Documents/dad_mocu_kuramoto_v4/experiments/dad_cross_system_improvement/ieee9_T2/selected_policy_robust_rule.json,snap_up(Q_{1-alpha}(U|w) + margin),dad
31,159,"[13, 18]","[1.517341857826564, 8.434709829647865]",0.96,0.0,0.96,1.04,True,True,False,True,11.096443717408796,-0.4453138079500316,True,True,1.0019928872038313,0.9990045715998713,0.0,0.0,0.0,0.13092458015307784,0,0,0,nan,nan,0.0008166899206116796,5b4c2191621b1bbc,0.95,0.9,0.05,True,2a35b5c585aa23b1,/home/grads/g/g.lin/Documents/dad_mocu_kuramoto_v4/experiments/dad_cross_system_improvement/ieee9_T2/selected_policy_robust_rule.json,snap_up(Q_{1-alpha}(U|w) + margin),dad
0,160,"[13, 18]","[2.354365631926247, 4.564972486442017]",0.96,0.0,0.96,1.04,True,True,False,True,4.948483499689389,-0.42680762448357806,True,True,1.2340670496212276,0.89697749999405,8.404258822812281e-14,8.20399613039535e-08,8.404258822812281e-14,0.11691631888970733,0,0,0,nan,nan,0.000917574972845614,5b4c2191621b1bbc,0.95,0.9,0.05,True,2a35b5c585aa23b1,/home/grads/g/g.lin/Documents/dad_mocu_kuramoto_v4/experiments/dad_cross_system_improvement/ieee9_T2/selected_policy_robust_rule.json,snap_up(Q_{1-alpha}(U|w) + margin),dad
1,161,"[13, 18]","[2.0221998703062756, 9.561135168454978]",0.96,0.0,0.96,1.04,True,True,False,True,15.06317443770887,-0.5043849788728458,True,True,1.0007782193111452,0.9996110416331279,0.0,0.0,0.0,0.12505681696347892,0,0,0,nan,nan,0.0008271834813058376,5b4c2191621b1bbc,0.95,0.9,0.05,True,2a35b5c585aa23b1,/home/grads/g/g.lin/Documents/dad_mocu_kuramoto_v4/experiments/dad_cross_system_improvement/ieee9_T2/selected_policy_robust_rule.json,snap_up(Q_{1-alpha}(U|w) + margin),dad
2,162,"[13, 18]","[2.5299394410489384, 6.72742043149653]",0.96,0.0,0.96,1.04,True,True,False,True,8.622302454139804,-0.5151064628816457,True,True,1.0000000000007123,0.9999999999996438,8.35779077210016e-69,8.176938680019637e-35,8.35779077210016e-69,0.12091000797227025,0,0,0,nan,nan,0.0011946724262088537,5b4c2191621b1bbc,0.95,0.9,0.05,True,2a35b5c585aa23b1,/home/grads/g/g.lin/Documents/dad_mocu_kuramoto_v4/experiments/dad_cross_system_improvement/ieee9_T2/selected_policy_robust_rule.json,snap_up(Q_{1-alpha}(U|w) + margin),dad
3,163,"[13, 18]","[2.8200291236789155, 6.146131594830353]",0.96,0.0,0.96,1.04,True,True,False,True,7.32352426611295,-0.46794511935115835,True,True,1.0000000000237703,0.9999999999881148,1.9513178217333195e-23,3.951017916166232e-12,1.9513178217333195e-23,0.1283108568750322,0,0,0,nan,nan,0.0012067609932273626,5b4c2191621b1bbc,0.95,0.9,0.05,True,2a35b5c585aa23b1,/home/grads/g/g.lin/Documents/dad_mocu_kuramoto_v4/experiments/dad_cross_system_improvement/ieee9_T2/selected_policy_robust_rule.json,snap_up(Q_{1-alpha}(U|w) + margin),dad
4,164,"[13, 18]","[2.487457498311881, 10.270560605215705]",0.96,0.32,0.6399999999999999,1.04,True,True,False,True,14.43790030192405,-0.6303425473388712,True,True,1.0,1.0,0.0,0.0,-0.32,0.1273847429547459,0,0,0,nan,nan,0.0009849125053733587,5b4c2191621b1bbc,0.95,0.9,0.05,True,2a35b5c585aa23b1,/home/grads/g/g.lin/Documents/dad_mocu_kuramoto_v4/experiments/dad_cross_system_improvement/ieee9_T2/selected_policy_robust_rule.json,snap_up(Q_{1-alpha}(U|w) + margin),dad
5,165,"[13, 18]","[1.830730402012175, 5.082860873775201]",0.96,0.0,0.96,1.04,True,True,False,True,7.781657682970818,-0.4708646840928323,True,True,1.6958015018333528,0.7460547241571581,4.673509707022175e-10,6.1218474586730545e-06,4.673509707022175e-10,0.12279946892522275,0,0,0,nan,nan,0.0012137594167143106,5b4c2191621b1bbc,0.95,0.9,0.05,True,2a35b5c585aa23b1,/home/grads/g/g.lin/Documents/dad_mocu_kuramoto_v4/experiments/dad_cross_system_improvement/ieee9_T2/selected_policy_robust_rule.json,snap_up(Q_{1-alpha}(U|w) + margin),dad
6,166,"[13, 18]","[1.2633551127870455, 7.58496732057941]",0.96,0.0,0.96,1.04,True,True,False,True,8.961007936194259,-0.4384225536353909,True,True,1.0008573524003457,0.9995715074056635,1.501335237227585e-217,3.465643071324669e-109,1.501335237227585e-217,0.13121784292161465,0,0,0,nan,nan,0.0012888620840385556,5b4c2191621b1bbc,0.95,0.9,0.05,True,2a35b5c585aa23b1,/home/grads/g/g.lin/Documents/dad_mocu_kuramoto_v4/experiments/dad_cross_system_improvement/ieee9_T2/selected_policy_robust_rule.json,snap_up(Q_{1-alpha}(U|w) + margin),dad
7,167,"[13, 18]","[2.104430346931184, 3.718471505067232]",1.12,0.0,1.12,1.04,True,False,True,True,6.560092299319013,-0.4781087923505804,True,True,2.562753540158879,0.49389299594857244,0.066103807745919,0.08504764351075678,0.066103807745919,0.12402869807556272,0,0,0,nan,nan,0.001227410975843668,5b4c2191621b1bbc,0.95,0.9,0.05,True,2a35b5c585aa23b1,/home/grads/g/g.lin/Documents/dad_mocu_kuramoto_v4/experiments/dad_cross_system_improvement/ieee9_T2/selected_policy_robust_rule.json,snap_up(Q_{1-alpha}(U|w) + margin),dad
8,168,"[13, 18]","[1.5398580009550824, 3.353915902180945]",0.96,0.0,0.96,1.04,True,True,False,True,5.6780854999992,-0.4176225122407299,True,True,3.366040064556602,0.39382790372216536,3.6641959405534693e-20,1.2079371070975487e-10,3.6641959405534693e-20,0.12737474800087512,0,0,0,nan,nan,0.0015622510109096766,5b4c2191621b1bbc,0.95,0.9,0.05,True,2a35b5c585aa23b1,/home/grads/g/g.lin/Documents/dad_mocu_kuramoto_v4/experiments/dad_cross_system_improvement/ieee9_T2/selected_policy_robust_rule.json,snap_up(Q_{1-alpha}(U|w) + margin),dad
9,169,"[13, 18]","[2.2118131594723534, 6.611720856104791]",0.96,0.0,0.96,1.04,True,True,False,True,7.851977293620081,-0.44642008555349066,True,True,1.0140932537233471,0.9930023355969005,2.9628360226576162e-59,4.8685406623813805e-30,2.9628360226576162e-59,0.12615223787724972,0,0,0,nan,nan,0.001464411965571344,5b4c2191621b1bbc,0.95,0.9,0.05,True,2a35b5c585aa23b1,/home/grads/g/g.lin/Documents/dad_mocu_kuramoto_v4/experiments/dad_cross_system_improvement/ieee9_T2/selected_policy_robust_rule.json,snap_up(Q_{1-alpha}(U|w) + margin),dad
10,170,"[13, 18]","[1.9828107703141238, 3.9828400337578476]",1.2,0.0,1.2,1.04,True,False,True,True,8.432532617569672,-0.42983493606655837,True,True,1.322333225918518,0.8649771451689555,0.3460764977469711,0.1365324190970663,0.3460764977469711,0.1247205981053412,0,0,0,nan,nan,0.0009902999736368656,5b4c2191621b1bbc,0.95,0.9,0.05,True,2a35b5c585aa23b1,/home/grads/g/g.lin/Documents/dad_mocu_kuramoto_v4/experiments/dad_cross_system_improvement/ieee9_T2/selected_policy_robust_rule.json,snap_up(Q_{1-alpha}(U|w) + margin),dad
11,171,"[13, 18]","[1.5745442816953308, 3.7024790661407727]",0.96,0.0,0.96,1.04,True,True,False,True,4.248413669032564,-0.39810126788690003,True,True,1.0981380298032706,0.9537568406223297,1.8613335420324573e-09,2.728612471405555e-05,1.8613335420324573e-09,0.1283020640257746,0,0,0,nan,nan,0.0015901400474831462,5b4c2191621b1bbc,0.95,0.9,0.05,True,2a35b5c585aa23b1,/home/grads/g/g.lin/Documents/dad_mocu_kuramoto_v4/experiments/dad_cross_system_improvement/ieee9_T2/selected_policy_robust_rule.json,snap_up(Q_{1-alpha}(U|w) + margin),dad
12,172,"[13, 18]","[2.271262792144427, 3.18092701662159]",0.96,0.0,0.96,1.04,True,True,False,True,6.751568902381649,-0.5297100728691743,True,True,2.107873076914008,0.6402769362394796,4.861559223542008e-12,6.291258746871122e-07,4.861559223542008e-12,0.12695379904471338,0,0,0,nan,nan,0.0012509714579209685,5b4c2191621b1bbc,0.95,0.9,0.05,True,2a35b5c585aa23b1,/home/grads/g/g.lin/Documents/dad_mocu_kuramoto_v4/experiments/dad_cross_system_improvement/ieee9_T2/selected_policy_robust_rule.json,snap_up(Q_{1-alpha}(U|w) + margin),dad
13,173,"[13, 18]","[1.674473934695727, 5.673368622365971]",0.96,0.0,0.96,1.04,True,True,False,True,6.710820899861146,-0.5434168797577088,True,True,1.0051160161666246,0.997449592594913,7.41165276317739e-22,2.4350199610150864e-11,7.41165276317739e-22,0.12433207593858242,0,0,0,nan,nan,0.0012744390405714512,5b4c2191621b1bbc,0.95,0.9,0.05,True,2a35b5c585aa23b1,/home/grads/g/g.lin/Documents/dad_mocu_kuramoto_v4/experiments/dad_cross_system_improvement/ieee9_T2/selected_policy_robust_rule.json,snap_up(Q_{1-alpha}(U|w) + margin),dad
14,174,"[13, 18]","[2.1567870884238274, 9.453953236571534]",0.96,0.0,0.96,1.04,True,True,False,True,11.289175671439477,-0.4882397594782111,True,True,1.0003056289306427,0.9998472089186737,0.0,0.0,0.0,0.12769449106417596,0,0,0,nan,nan,0.0008557501714676619,5b4c2191621b1bbc,0.95,0.9,0.05,True,2a35b5c585aa23b1,/home/grads/g/g.lin/Documents/dad_mocu_kuramoto_v4/experiments/dad_cross_system_improvement/ieee9_T2/selected_policy_robust_rule.json,snap_up(Q_{1-alpha}(U|w) + margin),dad
15,175,"[13, 18]","[2.1874710907431836, 3.6833782948596285]",1.12,0.0,1.12,1.04,True,False,True,True,4.889595303149377,-0.449528535573651,True,True,2.973932508676371,0.4587783426673137,0.08527482541440073,0.0740284024538383,0.08527482541440073,0.12256520381197333,0,0,0,nan,nan,0.0011050296016037464,5b4c2191621b1bbc,0.95,0.9,0.05,True,2a35b5c585aa23b1,/home/grads/g/g.lin/Documents/dad_mocu_kuramoto_v4/experiments/dad_cross_system_improvement/ieee9_T2/selected_policy_robust_rule.json,snap_up(Q_{1-alpha}(U|w) + margin),dad
16,176,"[13, 18]","[1.8078967868497384, 4.701294073923379]",1.04,0.0,1.04,1.04,False,False,False,True,4.994557111113752,-0.402282722457645,True,True,4.545750988118474,0.3099354382853634,0.01215638815219939,0.028718169845396095,0.01215638815219939,0.12491027102805674,0,0,0,nan,nan,0.001178151578642428,5b4c2191621b1bbc,0.95,0.9,0.05,True,2a35b5c585aa23b1,/home/grads/g/g.lin/Documents/dad_mocu_kuramoto_v4/experiments/dad_cross_system_improvement/ieee9_T2/selected_policy_robust_rule.json,snap_up(Q_{1-alpha}(U|w) + margin),dad
17,177,"[13, 18]","[2.481292142987331, 3.610473990359827]",1.04,0.0,1.04,1.04,False,False,False,True,6.010331476012954,-0.42707610054356576,True,True,2.1692958028443066,0.595572788203044,0.025490379427534106,0.0376383495122502,0.025490379427534106,0.12934871017932892,0,0,0,nan,nan,0.0014403864042833447,5b4c2191621b1bbc,0.95,0.9,0.05,True,2a35b5c585aa23b1,/home/grads/g/g.lin/Documents/dad_mocu_kuramoto_v4/experiments/dad_cross_system_improvement/ieee9_T2/selected_policy_robust_rule.json,snap_up(Q_{1-alpha}(U|w) + margin),dad
18,178,"[13, 18]","[2.8222095110788623, 4.751906026785627]",0.96,0.0,0.96,1.04,True,True,False,True,7.593466986003247,-0.537229057804493,True,True,1.3455850252566641,0.8487023064210665,1.7380878114910905e-15,3.728900976417676e-08,1.7380878114910905e-15,0.12792153493501246,0,0,0,nan,nan,0.0011004400439560413,5b4c2191621b1bbc,0.95,0.9,0.05,True,2a35b5c585aa23b1,/home/grads/g/g.lin/Documents/dad_mocu_kuramoto_v4/experiments/dad_cross_system_improvement/ieee9_T2/selected_policy_robust_rule.json,snap_up(Q_{1-alpha}(U|w) + margin),dad
19,179,"[13, 18]","[2.104301613577445, 6.269678162727276]",0.96,0.0,0.96,1.04,True,True,False,True,7.927223499490062,-0.5758539531458229,True,True,1.450271080613502,0.8204791771724271,1.8357391701112012e-33,3.832220421751548e-17,1.8357391701112012e-33,0.12643342395313084,0,0,0,nan,nan,0.00154190044850111,5b4c2191621b1bbc,0.95,0.9,0.05,True,2a35b5c585aa23b1,/home/grads/g/g.lin/Documents/dad_mocu_kuramoto_v4/experiments/dad_cross_system_improvement/ieee9_T2/selected_policy_robust_rule.json,snap_up(Q_{1-alpha}(U|w) + margin),dad
20,180,"[13, 18]","[2.000885535988885, 3.6675140697138047]",0.96,0.0,0.96,1.04,True,True,False,True,4.441070130026861,-0.4414910435412835,True,True,1.3005604946551979,0.8709320427270648,0.003771275820645156,0.0296527898360577,0.003771275820645156,0.12545216782018542,0,0,0,nan,nan,0.0011606289772316813,5b4c2191621b1bbc,0.95,0.9,0.05,True,2a35b5c585aa23b1,/home/grads/g/g.lin/Documents/dad_mocu_kuramoto_v4/experiments/dad_cross_system_improvement/ieee9_T2/selected_policy_robust_rule.json,snap_up(Q_{1-alpha}(U|w) + margin),dad
21,181,"[13, 18]","[1.7823710950981475, 4.904350264922844]",0.96,0.0,0.96,1.04,True,True,False,True,8.061839654099542,-0.5974876731992318,True,True,1.6911413747661888,0.7581070889748587,3.8815747590899254e-05,0.001761747185327963,3.8815747590899254e-05,0.12347015389241278,0,0,0,nan,nan,0.0012775070499628782,5b4c2191621b1bbc,0.95,0.9,0.05,True,2a35b5c585aa23b1,/home/grads/g/g.lin/Documents/dad_mocu_kuramoto_v4/experiments/dad_cross_system_improvement/ieee9_T2/selected_policy_robust_rule.json,snap_up(Q_{1-alpha}(U|w) + margin),dad
22,182,"[13, 18]","[1.850426148549863, 9.55111236942132]",0.96,0.08,0.88,1.04,True,True,False,True,10.694570660003832,-0.6224213041372098,True,True,1.0000000002014628,0.9999999998992688,0.0,0.0,-0.08,0.1289767420385033,0,0,0,nan,nan,0.0012287999270483851,5b4c2191621b1bbc,0.95,0.9,0.05,True,2a35b5c585aa23b1,/home/grads/g/g.lin/Documents/dad_mocu_kuramoto_v4/experiments/dad_cross_system_improvement/ieee9_T2/selected_policy_robust_rule.json,snap_up(Q_{1-alpha}(U|w) + margin),dad
23,183,"[13, 18]","[1.5285745272014073, 5.919157987331505]",0.96,0.0,0.96,1.04,True,True,False,True,7.166647061352755,-0.4424386866988107,True,True,1.0135247362314401,0.9932835336976562,4.675921387122161e-35,6.116156562497177e-18,4.675921387122161e-35,0.12168229906819761,0,0,0,nan,nan,0.0012767885345965624,5b4c2191621b1bbc,0.95,0.9,0.05,True,2a35b5c585aa23b1,/home/grads/g/g.lin/Documents/dad_mocu_kuramoto_v4/experiments/dad_cross_system_improvement/ieee9_T2/selected_policy_robust_rule.json,snap_up(Q_{1-alpha}(U|w) + margin),dad
24,184,"[13, 18]","[2.301222589930074, 11.611291291542633]",0.96,0.0,0.96,1.04,True,True,False,True,14.85859381051062,-0.44251342840304264,True,True,1.0,1.0,0.0,0.0,0.0,0.12756891991011798,0,0,0,nan,nan,0.00088739232160151,5b4c2191621b1bbc,0.95,0.9,0.05,True,2a35b5c585aa23b1,/home/grads/g/g.lin/Documents/dad_mocu_kuramoto_v4/experiments/dad_cross_system_improvement/ieee9_T2/selected_policy_robust_rule.json,snap_up(Q_{1-alpha}(U|w) + margin),dad
25,185,"[13, 18]","[2.5956003681809623, 4.192644131581509]",0.96,0.0,0.96,1.04,True,True,False,True,7.567721659310262,-0.4905580998006619,True,True,1.0467981565061464,0.9771408994016778,7.769697119261858e-10,8.598735875579996e-06,7.769697119261858e-10,0.12980923592112958,0,0,0,nan,nan,0.0014725616201758385,5b4c2191621b1bbc,0.95,0.9,0.05,True,2a35b5c585aa23b1,/home/grads/g/g.lin/Documents/dad_mocu_kuramoto_v4/experiments/dad_cross_system_improvement/ieee9_T2/selected_policy_robust_rule.json,snap_up(Q_{1-alpha}(U|w) + margin),dad
26,186,"[13, 18]","[1.5780602717947474, 3.6651680024166446]",0.96,0.0,0.96,1.04,True,True,False,True,5.782712054204944,-0.4279622217898982,True,True,1.1070312143062553,0.9492870725127864,2.43106895299092e-10,9.861157931598432e-06,2.43106895299092e-10,0.12371054803952575,0,0,0,nan,nan,0.0011691414983943105,5b4c2191621b1bbc,0.95,0.9,0.05,True,2a35b5c585aa23b1,/home/grads/g/g.lin/Documents/dad_mocu_kuramoto_v4/experiments/dad_cross_system_improvement/ieee9_T2/selected_policy_robust_rule.json,snap_up(Q_{1-alpha}(U|w) + margin),dad
27,187,"[13, 18]","[2.63077274839997, 4.353293278554276]",0.96,0.0,0.96,1.04,True,True,False,True,7.025456035164314,-0.5490581799175094,True,True,1.9793459965403004,0.6468072109485626,2.3867746186911952e-15,1.722359527661599e-08,2.3867746186911952e-15,0.12691402318887413,0,0,0,nan,nan,0.001047603553161025,5b4c2191621b1bbc,0.95,0.9,0.05,True,2a35b5c585aa23b1,/home/grads/g/g.lin/Documents/dad_mocu_kuramoto_v4/experiments/dad_cross_system_improvement/ieee9_T2/selected_policy_robust_rule.json,snap_up(Q_{1-alpha}(U|w) + margin),dad
28,188,"[13, 18]","[2.2116646289552673, 4.8373338965522255]",0.96,0.0,0.96,1.04,True,True,False,True,5.7239781922246245,-0.455039528164657,True,True,1.0273004893355238,0.9865511343350987,4.9968961411531545e-09,6.210766024275072e-05,4.9968961411531545e-09,0.1244113389402628,0,0,0,nan,nan,0.001190360402688384,5b4c2191621b1bbc,0.95,0.9,0.05,True,2a35b5c585aa23b1,/home/grads/g/g.lin/Documents/dad_mocu_kuramoto_v4/experiments/dad_cross_system_improvement/ieee9_T2/selected_policy_robust_rule.json,snap_up(Q_{1-alpha}(U|w) + margin),dad
29,189,"[13, 18]","[1.9127772595612518, 3.950603351129841]",1.2,0.0,1.2,1.04,True,False,True,True,5.092938611391068,-0.43338900960474497,True,True,2.199481233899203,0.6526717582500164,0.26108684646868735,0.190431201991719,0.26108684646868735,0.12632797588594258,0,0,0,nan,nan,0.0011721510672941804,5b4c2191621b1bbc,0.95,0.9,0.05,True,2a35b5c585aa23b1,/home/grads/g/g.lin/Documents/dad_mocu_kuramoto_v4/experiments/dad_cross_system_improvement/ieee9_T2/selected_policy_robust_rule.json,snap_up(Q_{1-alpha}(U|w) + margin),dad
30,190,"[13, 18]","[1.7140012974727905, 8.592522427876933]",0.96,0.0,0.96,1.04,True,True,False,True,10.528481518189245,-0.4126299402114316,True,True,1.0876565694847231,0.957986442433434,0.0,0.0,0.0,0.12598875095136464,0,0,0,nan,nan,0.001036109053529799,5b4c2191621b1bbc,0.95,0.9,0.05,True,2a35b5c585aa23b1,/home/grads/g/g.lin/Documents/dad_mocu_kuramoto_v4/experiments/dad_cross_system_improvement/ieee9_T2/selected_policy_robust_rule.json,snap_up(Q_{1-alpha}(U|w) + margin),dad
31,191,"[13, 18]","[1.7406588197455837, 8.642190400257883]",0.96,0.0,0.96,1.04,True,True,False,True,11.096443717408796,-0.4453138079500316,True,True,1.4221101602471946,0.8193666249524412,0.0,0.0,0.0,0.1245282490272075,0,0,0,nan,nan,0.000823752605356276,5b4c2191621b1bbc,0.95,0.9,0.05,True,2a35b5c585aa23b1,/home/grads/g/g.lin/Documents/dad_mocu_kuramoto_v4/experiments/dad_cross_system_improvement/ieee9_T2/selected_policy_robust_rule.json,snap_up(Q_{1-alpha}(U|w) + margin),dad
0,192,"[13, 18]","[2.299753391528574, 4.622471596589947]",0.96,0.0,0.96,1.04,True,True,False,True,4.948483499689389,-0.42680762448357806,True,True,2.081031540097229,0.5001731129257863,1.4583974235521623e-11,1.0801795803695777e-06,1.4583974235521623e-11,0.13003602903336287,0,0,0,nan,nan,0.0013851419789716601,5b4c2191621b1bbc,0.95,0.9,0.05,True,2a35b5c585aa23b1,/home/grads/g/g.lin/Documents/dad_mocu_kuramoto_v4/experiments/dad_cross_system_improvement/ieee9_T2/selected_policy_robust_rule.json,snap_up(Q_{1-alpha}(U|w) + margin),dad
1,193,"[13, 18]","[1.8375625339471156, 9.755178632582385]",0.96,0.0,0.96,1.04,True,True,False,True,15.06317443770887,-0.5043849788728458,True,True,1.0000000000000664,0.9999999999999667,0.0,0.0,0.0,0.1236053688917309,0,0,0,nan,nan,0.001389337470754981,5b4c2191621b1bbc,0.95,0.9,0.05,True,2a35b5c585aa23b1,/home/grads/g/g.lin/Documents/dad_mocu_kuramoto_v4/experiments/dad_cross_system_improvement/ieee9_T2/selected_policy_robust_rule.json,snap_up(Q_{1-alpha}(U|w) + margin),dad
2,194,"[13, 18]","[2.5902505318861877, 6.7436627280180295]",0.96,0.0,0.96,1.04,True,True,False,True,8.622302454139804,-0.5151064628816457,True,True,1.000000000000063,0.9999999999999685,4.465231250462014e-70,1.8900224867364968e-35,4.465231250462014e-70,0.12473259004764259,0,0,0,nan,nan,0.0012229109415784478,5b4c2191621b1bbc,0.95,0.9,0.05,True,2a35b5c585aa23b1,/home/grads/g/g.lin/Documents/dad_mocu_kuramoto_v4/experiments/dad_cross_system_improvement/ieee9_T2/selected_policy_robust_rule.json,snap_up(Q_{1-alpha}(U|w) + margin),dad
3,195,"[13, 18]","[2.87011967184333, 5.987551398509508]",0.96,0.0,0.96,1.04,True,True,False,True,7.32352426611295,-0.46794511935115835,True,True,1.0000000000000284,0.9999999999999858,1.0951982511595594e-14,9.360334400691225e-08,1.0951982511595594e-14,0.12194113479927182,0,0,0,nan,nan,0.0007603825069963932,5b4c2191621b1bbc,0.95,0.9,0.05,True,2a35b5c585aa23b1,/home/grads/g/g.lin/Documents/dad_mocu_kuramoto_v4/experiments/dad_cross_system_improvement/ieee9_T2/selected_policy_robust_rule.json,snap_up(Q_{1-alpha}(U|w) + margin),dad
4,196,"[13, 18]","[2.3050981099986956, 10.125976533847165]",0.96,0.32,0.6399999999999999,1.04,True,True,False,True,14.43790030192405,-0.6303425473388712,True,True,1.0,1.0,0.0,0.0,-0.32,0.12582503398880363,0,0,0,nan,nan,0.0012897675624117255,5b4c2191621b1bbc,0.95,0.9,0.05,True,2a35b5c585aa23b1,/home/grads/g/g.lin/Documents/dad_mocu_kuramoto_v4/experiments/dad_cross_system_improvement/ieee9_T2/selected_policy_robust_rule.json,snap_up(Q_{1-alpha}(U|w) + margin),dad
5,197,"[13, 18]","[1.8949038953006643, 4.789438505856138]",0.96,0.0,0.96,1.04,True,True,False,True,7.781657682970818,-0.4708646840928323,True,True,2.1709416967576654,0.5599292166477633,0.00042245732993619116,0.0057981131585437985,0.00042245732993619116,0.12839381699450314,0,0,0,nan,nan,0.0010019401088356972,5b4c2191621b1bbc,0.95,0.9,0.05,True,2a35b5c585aa23b1,/home/grads/g/g.lin/Documents/dad_mocu_kuramoto_v4/experiments/dad_cross_system_improvement/ieee9_T2/selected_policy_robust_rule.json,snap_up(Q_{1-alpha}(U|w) + margin),dad
6,198,"[13, 18]","[1.2512997232620402, 7.752138281353605]",0.96,0.0,0.96,1.04,True,True,False,True,8.961007936194259,-0.4384225536353909,True,True,1.0000707650335374,0.9999646187350653,3.9121048763432674e-246,1.7690912642016562e-123,3.9121048763432674e-246,0.1258656729478389,0,0,0,nan,nan,0.001149338553659618,5b4c2191621b1bbc,0.95,0.9,0.05,True,2a35b5c585aa23b1,/home/grads/g/g.lin/Documents/dad_mocu_kuramoto_v4/experiments/dad_cross_system_improvement/ieee9_T2/selected_policy_robust_rule.json,snap_up(Q_{1-alpha}(U|w) + margin),dad
7,199,"[13, 18]","[2.3149906209953417, 3.6683523045791113]",1.12,0.0,1.12,1.04,True,False,True,True,6.560092299319013,-0.4781087923505804,True,True,2.663396815173652,0.4439408614069802,0.053386355647545264,0.053391343056143875,0.053386355647545264,0.123879156075418,0,0,0,nan,nan,0.0007280480349436402,5b4c2191621b1bbc,0.95,0.9,0.05,True,2a35b5c585aa23b1,/home/grads/g/g.lin/Documents/dad_mocu_kuramoto_v4/experiments/dad_cross_system_improvement/ieee9_T2/selected_policy_robust_rule.json,snap_up(Q_{1-alpha}(U|w) + margin),dad
8,200,"[13, 18]","[1.6146826571294866, 3.282198298336026]",0.96,0.0,0.96,1.04,True,True,False,True,5.6780854999992,-0.4176225122407299,True,True,2.5112751894983245,0.5350877168557209,3.1351312634192088e-21,3.162197188046718e-11,3.1351312634192088e-21,0.13373231212608516,0,0,0,nan,nan,0.0017610234208405018,5b4c2191621b1bbc,0.95,0.9,0.05,True,2a35b5c585aa23b1,/home/grads/g/g.lin/Documents/dad_mocu_kuramoto_v4/experiments/dad_cross_system_improvement/ieee9_T2/selected_policy_robust_rule.json,snap_up(Q_{1-alpha}(U|w) + margin),dad
9,201,"[13, 18]","[1.9629115202833554, 6.731891875048178]",0.96,0.0,0.96,1.04,True,True,False,True,7.851977293620081,-0.44642008555349066,True,True,1.0041533459358223,0.997928382480353,1.6225370675524858e-74,1.1393110435881804e-37,1.6225370675524858e-74,0.12088150111958385,0,0,0,nan,nan,0.0011111445492133498,5b4c2191621b1bbc,0.95,0.9,0.05,True,2a35b5c585aa23b1,/home/grads/g/g.lin/Documents/dad_mocu_kuramoto_v4/experiments/dad_cross_system_improvement/ieee9_T2/selected_policy_robust_rule.json,snap_up(Q_{1-alpha}(U|w) + margin),dad
10,202,"[13, 18]","[2.0163893023234807, 4.052037480821175]",1.2,0.0,1.2,1.04,True,False,True,True,8.432532617569672,-0.42983493606655837,True,True,1.7174301305293005,0.7409125166438365,0.296396724256214,0.1752143219803488,0.296396724256214,0.12466837395913899,0,0,0,nan,nan,0.0008891616016626358,5b4c2191621b1bbc,0.95,0.9,0.05,True,2a35b5c585aa23b1,/home/grads/g/g.lin/Documents/dad_mocu_kuramoto_v4/experiments/dad_cross_system_improvement/ieee9_T2/selected_policy_robust_rule.json,snap_up(Q_{1-alpha}(U|w) + margin),dad
11,203,"[13, 18]","[1.6888123030514108, 3.753424690503149]",0.96,0.0,0.96,1.04,True,True,False,True,4.248413669032564,-0.39810126788690003,True,True,1.9949068063772428,0.6853710997993315,1.2624083201553159e-05,0.0022470932808184184,1.2624083201553159e-05,0.12782504502683878,0,0,0,nan,nan,0.0010578646324574947,5b4c2191621b1bbc,0.95,0.9,0.05,True,2a35b5c585aa23b1,/home/grads/g/g.lin/Documents/dad_mocu_kuramoto_v4/experiments/dad_cross_system_improvement/ieee9_T2/selected_policy_robust_rule.json,snap_up(Q_{1-alpha}(U|w) + margin),dad
12,204,"[13, 18]","[2.2624828963820582, 3.239395973506323]",0.96,0.0,0.96,1.04,True,True,False,True,6.751568902381649,-0.5297100728691743,True,True,2.7301668469090203,0.49665790464518483,2.5721041942464035e-10,4.61206863319863e-06,2.5721041942464035e-10,0.12364567210897803,0,0,0,nan,nan,0.0013079135678708553,5b4c2191621b1bbc,0.95,0.9,0.05,True,2a35b5c585aa23b1,/home/grads/g/g.lin/Documents/dad_mocu_kuramoto_v4/experiments/dad_cross_system_improvement/ieee9_T2/selected_policy_robust_rule.json,snap_up(Q_{1-alpha}(U|w) + margin),dad
13,205,"[13, 18]","[1.6367900617099724, 5.66284456247769]",0.96,0.0,0.96,1.04,True,True,False,True,6.710820899861146,-0.5434168797577088,True,True,1.0023539145368607,0.9988246392848907,7.55346121796352e-23,7.773524923978065e-12,7.55346121796352e-23,0.12879627710208297,0,0,0,nan,nan,0.0012555235298350453,5b4c2191621b1bbc,0.95,0.9,0.05,True,2a35b5c585aa23b1,/home/grads/g/g.lin/Documents/dad_mocu_kuramoto_v4/experiments/dad_cross_system_improvement/ieee9_T2/selected_policy_robust_rule.json,snap_up(Q_{1-alpha}(U|w) + margin),dad
14,206,"[13, 18]","[2.1694749107981393, 9.43951987672999]",0.96,0.0,0.96,1.04,True,True,False,True,11.289175671439477,-0.4882397594782111,True,True,1.0000544057148486,0.9999727978897117,0.0,0.0,0.0,0.12404540902934968,0,0,0,nan,nan,0.001207844470627606,5b4c2191621b1bbc,0.95,0.9,0.05,True,2a35b5c585aa23b1,/home/grads/g/g.lin/Documents/dad_mocu_kuramoto_v4/experiments/dad_cross_system_improvement/ieee9_T2/selected_policy_robust_rule.json,snap_up(Q_{1-alpha}(U|w) + margin),dad
15,207,"[13, 18]","[2.385099111279396, 3.7815479221021113]",1.12,0.0,1.12,1.04,True,False,True,True,4.889595303149377,-0.449528535573651,True,True,3.3038851755120713,0.3897854673763008,0.042207967843190336,0.049773026853991945,0.042207967843190336,0.127742009004578,0,0,0,nan,nan,0.0012902989983558655,5b4c2191621b1bbc,0.95,0.9,0.05,True,2a35b5c585aa23b1,/home/grads/g/g.lin/Documents/dad_mocu_kuramoto_v4/experiments/dad_cross_system_improvement/ieee9_T2/selected_policy_robust_rule.json,snap_up(Q_{1-alpha}(U|w) + margin),dad
16,208,"[13, 18]","[1.7981085300410313, 4.700338429484678]",1.04,0.0,1.04,1.04,False,False,False,True,4.994557111113752,-0.402282722457645,True,True,4.502956661067695,0.33310200087615494,0.012794696666614994,0.02932356510621638,0.012794696666614994,0.12446132907643914,0,0,0,nan,nan,0.0012679420178756118,5b4c2191621b1bbc,0.95,0.9,0.05,True,2a35b5c585aa23b1,/home/grads/g/g.lin/Documents/dad_mocu_kuramoto_v4/experiments/dad_cross_system_improvement/ieee9_T2/selected_policy_robust_rule.json,snap_up(Q_{1-alpha}(U|w) + margin),dad
17,209,"[13, 18]","[2.463614331743961, 3.6919397270902476]",1.04,0.0,1.04,1.04,False,False,False,True,6.010331476012954,-0.42707610054356576,True,True,2.1445538165757174,0.6147496717714359,0.023237388081918574,0.037236139874167476,0.023237388081918574,0.12230962002649903,0,0,0,nan,nan,0.0014678019797429442,5b4c2191621b1bbc,0.95,0.9,0.05,True,2a35b5c585aa23b1,/home/grads/g/g.lin/Documents/dad_mocu_kuramoto_v4/experiments/dad_cross_system_improvement/ieee9_T2/selected_policy_robust_rule.json,snap_up(Q_{1-alpha}(U|w) + margin),dad
18,210,"[13, 18]","[2.9886402424443315, 4.734311904253897]",0.96,0.0,0.96,1.04,True,True,False,True,7.593466986003247,-0.537229057804493,True,True,1.012814839996112,0.9936428817319419,8.399408605609618e-21,8.197272036773999e-11,8.399408605609618e-21,0.12730960082262754,0,0,0,nan,nan,0.0009897624840959907,5b4c2191621b1bbc,0.95,0.9,0.05,True,2a35b5c585aa23b1,/home/grads/g/g.lin/Documents/dad_mocu_kuramoto_v4/experiments/dad_cross_system_improvement/ieee9_T2/selected_policy_robust_rule.json,snap_up(Q_{1-alpha}(U|w) + margin),dad
19,211,"[13, 18]","[2.1225856384334905, 6.319060004015977]",0.96,0.0,0.96,1.04,True,True,False,True,7.927223499490062,-0.5758539531458229,True,True,1.0551744891903838,0.9733000262737581,1.0012036922273461e-36,8.94965336637055e-19,1.0012036922273461e-36,0.12101574009284377,0,0,0,nan,nan,0.0014196219854056835,5b4c2191621b1bbc,0.95,0.9,0.05,True,2a35b5c585aa23b1,/home/grads/g/g.lin/Documents/dad_mocu_kuramoto_v4/experiments/dad_cross_system_improvement/ieee9_T2/selected_policy_robust_rule.json,snap_up(Q_{1-alpha}(U|w) + margin),dad
20,212,"[13, 18]","[1.9724202921602867, 3.6222266829159113]",0.96,0.0,0.96,1.04,True,True,False,True,4.441070130026861,-0.4414910435412835,True,True,1.5161412420182785,0.7948278201003319,0.001034009805887175,0.015042028717842899,0.001034009805887175,0.12816418893635273,0,0,0,nan,nan,0.0007922925287857652,5b4c2191621b1bbc,0.95,0.9,0.05,True,2a35b5c585aa23b1,/home/grads/g/g.lin/Documents/dad_mocu_kuramoto_v4/experiments/dad_cross_system_improvement/ieee9_T2/selected_policy_robust_rule.json,snap_up(Q_{1-alpha}(U|w) + margin),dad
21,213,"[13, 18]","[1.9445526959138508, 4.920600712486201]",0.96,0.0,0.96,1.04,True,True,False,True,8.061839654099542,-0.5974876731992318,True,True,2.80303349387686,0.4876181850993701,6.001908069898974e-07,0.0002191233975756349,6.001908069898974e-07,0.12182756699621677,0,0,0,nan,nan,0.0009599959012120962,5b4c2191621b1bbc,0.95,0.9,0.05,True,2a35b5c585aa23b1,/home/grads/g/g.lin/Documents/dad_mocu_kuramoto_v4/experiments/dad_cross_system_improvement/ieee9_T2/selected_policy_robust_rule.json,snap_up(Q_{1-alpha}(U|w) + margin),dad
22,214,"[13, 18]","[1.752571636275289, 9.422979942734584]",0.96,0.08,0.88,1.04,True,True,False,True,10.694570660003832,-0.6224213041372098,True,True,1.0000003271681845,0.9999998364159345,0.0,0.0,-0.08,0.1276130680926144,0,0,0,nan,nan,0.0014690060634166002,5b4c2191621b1bbc,0.95,0.9,0.05,True,2a35b5c585aa23b1,/home/grads/g/g.lin/Documents/dad_mocu_kuramoto_v4/experiments/dad_cross_system_improvement/ieee9_T2/selected_policy_robust_rule.json,snap_up(Q_{1-alpha}(U|w) + margin),dad
23,215,"[13, 18]","[1.4394703998057201, 6.010696875834501]",0.96,0.0,0.96,1.04,True,True,False,True,7.166647061352755,-0.4424386866988107,True,True,1.0000019304644074,0.9999990347687584,3.604610304276674e-44,1.6981425863046187e-22,3.604610304276674e-44,0.12468651705421507,0,0,0,nan,nan,0.0008635518606752157,5b4c2191621b1bbc,0.95,0.9,0.05,True,2a35b5c585aa23b1,/home/grads/g/g.lin/Documents/dad_mocu_kuramoto_v4/experiments/dad_cross_system_improvement/ieee9_T2/selected_policy_robust_rule.json,snap_up(Q_{1-alpha}(U|w) + margin),dad
24,216,"[13, 18]","[2.1455417477672403, 11.580603074661266]",0.96,0.0,0.96,1.04,True,True,False,True,14.85859381051062,-0.44251342840304264,True,True,1.0,1.0,0.0,0.0,0.0,0.12003278895281255,0,0,0,nan,nan,0.0010699479607865214,5b4c2191621b1bbc,0.95,0.9,0.05,True,2a35b5c585aa23b1,/home/grads/g/g.lin/Documents/dad_mocu_kuramoto_v4/experiments/dad_cross_system_improvement/ieee9_T2/selected_policy_robust_rule.json,snap_up(Q_{1-alpha}(U|w) + margin),dad
25,217,"[13, 18]","[2.7175595308449436, 4.197339908876707]",0.96,0.0,0.96,1.04,True,True,False,True,7.567721659310262,-0.4905580998006619,True,True,1.018023691551229,0.9910842002711285,5.040604393500752e-13,2.0311925943842393e-07,5.040604393500752e-13,0.12576283002272248,0,0,0,nan,nan,0.0014161445433273911,5b4c2191621b1bbc,0.95,0.9,0.05,True,2a35b5c585aa23b1,/home/grads/g/g.lin/Documents/dad_mocu_kuramoto_v4/experiments/dad_cross_system_improvement/ieee9_T2/selected_policy_robust_rule.json,snap_up(Q_{1-alpha}(U|w) + margin),dad
26,218,"[13, 18]","[1.659963866383347, 3.68447241715699]",0.96,0.0,0.96,1.04,True,True,False,True,5.782712054204944,-0.4279622217898982,True,True,2.0528820274549666,0.6568316524579384,1.851330877060118e-07,0.0002721239088235668,1.851330877060118e-07,0.12832431797869503,0,0,0,nan,nan,0.000985771999694407,5b4c2191621b1bbc,0.95,0.9,0.05,True,2a35b5c585aa23b1,/home/grads/g/g.lin/Documents/dad_mocu_kuramoto_v4/experiments/dad_cross_system_improvement/ieee9_T2/selected_policy_robust_rule.json,snap_up(Q_{1-alpha}(U|w) + margin),dad
27,219,"[13, 18]","[2.5417636239053696, 4.337376087998615]",0.96,0.0,0.96,1.04,True,True,False,True,7.025456035164314,-0.5490581799175094,True,True,1.459093468857017,0.8084825394951842,1.9253146820344877e-13,2.3768844901248272e-07,1.9253146820344877e-13,0.12310820911079645,0,0,0,nan,nan,0.0008645640918985009,5b4c2191621b1bbc,0.95,0.9,0.05,True,2a35b5c585aa23b1,/home/grads/g/g.lin/Documents/dad_mocu_kuramoto_v4/experiments/dad_cross_system_improvement/ieee9_T2/selected_policy_robust_rule.json,snap_up(Q_{1-alpha}(U|w) + margin),dad
28,220,"[13, 18]","[2.2494807892506707, 4.952497293185242]",0.96,0.0,0.96,1.04,True,True,False,True,5.7239781922246245,-0.455039528164657,True,True,1.4040802442350555,0.8366337922777874,0.0001358583083160143,0.010424403531026678,0.0001358583083160143,0.12493213498964906,0,0,0,nan,nan,0.001221614540554583,5b4c2191621b1bbc,0.95,0.9,0.05,True,2a35b5c585aa23b1,/home/grads/g/g.lin/Documents/dad_mocu_kuramoto_v4/experiments/dad_cross_system_improvement/ieee9_T2/selected_policy_robust_rule.json,snap_up(Q_{1-alpha}(U|w) + margin),dad
29,221,"[13, 18]","[1.7982416503569614, 4.003870291560588]",0.96,0.0,0.96,1.04,True,True,False,True,5.092938611391068,-0.4656964508287679,True,True,2.3001326685976426,0.4859288471920114,0.005262159912974063,0.045576013483405835,0.005262159912974063,0.12608362408354878,0,0,0,nan,nan,0.0012258670758455992,5b4c2191621b1bbc,0.95,0.9,0.05,True,2a35b5c585aa23b1,/home/grads/g/g.lin/Documents/dad_mocu_kuramoto_v4/experiments/dad_cross_system_improvement/ieee9_T2/selected_policy_robust_rule.json,snap_up(Q_{1-alpha}(U|w) + margin),dad
30,222,"[13, 18]","[1.7866951383430252, 8.661778893018942]",0.96,0.0,0.96,1.04,True,True,False,True,10.528481518189245,-0.4126299402114316,True,True,2.0290845973628664,0.533287641880461,0.0,0.0,0.0,0.12126324884593487,0,0,0,nan,nan,0.0012419199338182807,5b4c2191621b1bbc,0.95,0.9,0.05,True,2a35b5c585aa23b1,/home/grads/g/g.lin/Documents/dad_mocu_kuramoto_v4/experiments/dad_cross_system_improvement/ieee9_T2/selected_policy_robust_rule.json,snap_up(Q_{1-alpha}(U|w) + margin),dad
31,223,"[13, 18]","[1.6163696361055415, 8.548229360418922]",0.96,0.0,0.96,1.04,True,True,False,True,11.096443717408796,-0.4453138079500316,True,True,1.0045912785770945,0.9977098149994674,0.0,0.0,0.0,0.1256924639455974,0,0,0,nan,nan,0.0014044455019757152,5b4c2191621b1bbc,0.95,0.9,0.05,True,2a35b5c585aa23b1,/home/grads/g/g.lin/Documents/dad_mocu_kuramoto_v4/experiments/dad_cross_system_improvement/ieee9_T2/selected_policy_robust_rule.json,snap_up(Q_{1-alpha}(U|w) + margin),dad
0,224,"[13, 18]","[2.2159200339617606, 4.636132230325389]",0.96,0.0,0.96,1.04,True,True,False,True,4.948483499689389,-0.42680762448357806,True,True,1.9401829533389994,0.6465922861862063,2.0311456636093347e-08,4.0310249394213545e-05,2.0311456636093347e-08,0.12334804190322757,0,0,0,nan,nan,0.0009968670783564448,5b4c2191621b1bbc,0.95,0.9,0.05,True,2a35b5c585aa23b1,/home/grads/g/g.lin/Documents/dad_mocu_kuramoto_v4/experiments/dad_cross_system_improvement/ieee9_T2/selected_policy_robust_rule.json,snap_up(Q_{1-alpha}(U|w) + margin),dad
1,225,"[13, 18]","[1.8210733527970744, 9.558306731542364]",0.96,0.0,0.96,1.04,True,True,False,True,15.06317443770887,-0.5043849788728458,True,True,1.000000000059972,0.999999999970014,0.0,0.0,0.0,0.12695305002853274,0,0,0,nan,nan,0.0008431141031906009,5b4c2191621b1bbc,0.95,0.9,0.05,True,2a35b5c585aa23b1,/home/grads/g/g.lin/Documents/dad_mocu_kuramoto_v4/experiments/dad_cross_system_improvement/ieee9_T2/selected_policy_robust_rule.json,snap_up(Q_{1-alpha}(U|w) + margin),dad
2,226,"[13, 18]","[2.4663619408930555, 6.6290719637066]",0.96,0.0,0.96,1.04,True,True,False,True,8.622302454139804,-0.5151064628816457,True,True,1.0000000025777114,0.9999999987111441,8.937870430414259e-60,2.674003804098156e-30,8.937870430414259e-60,0.12383722001686692,0,0,0,nan,nan,0.0014242115430533886,5b4c2191621b1bbc,0.95,0.9,0.05,True,2a35b5c585aa23b1,/home/grads/g/g.lin/Documents/dad_mocu_kuramoto_v4/experiments/dad_cross_system_improvement/ieee9_T2/selected_policy_robust_rule.json,snap_up(Q_{1-alpha}(U|w) + margin),dad
3,227,"[13, 18]","[2.7999976268616393, 5.992034036484462]",0.96,0.0,0.96,1.04,True,True,False,True,7.32352426611295,-0.46794511935115835,True,True,1.000000000000043,0.9999999999999785,3.78619967806484e-15,5.503598588607147e-08,3.78619967806484e-15,0.12401809799484909,0,0,0,nan,nan,0.0011479075765237212,5b4c2191621b1bbc,0.95,0.9,0.05,True,2a35b5c585aa23b1,/home/grads/g/g.lin/Documents/dad_mocu_kuramoto_v4/experiments/dad_cross_system_improvement/ieee9_T2/selected_policy_robust_rule.json,snap_up(Q_{1-alpha}(U|w) + margin),dad
4,228,"[13, 18]","[2.4352267379938235, 10.125741120139503]",0.96,0.32,0.6399999999999999,1.04,True,True,False,True,14.43790030192405,-0.6303425473388712,True,True,1.0,1.0,0.0,0.0,-0.32,0.12666712794452906,0,0,0,nan,nan,0.0010442123748362064,5b4c2191621b1bbc,0.95,0.9,0.05,True,2a35b5c585aa23b1,/home/grads/g/g.lin/Documents/dad_mocu_kuramoto_v4/experiments/dad_cross_system_improvement/ieee9_T2/selected_policy_robust_rule.json,snap_up(Q_{1-alpha}(U|w) + margin),dad
5,229,"[13, 18]","[1.8015996274727364, 4.811869550292463]",0.96,0.0,0.96,1.04,True,True,False,True,7.781657682970818,-0.4708646840928323,True,True,2.38889522705825,0.5879547645234015,0.0007645323282476163,0.00778319192740829,0.0007645323282476163,0.11982685304246843,0,0,0,nan,nan,0.0017243060283362865,5b4c2191621b1bbc,0.95,0.9,0.05,True,2a35b5c585aa23b1,/home/grads/g/g.lin/Documents/dad_mocu_kuramoto_v4/experiments/dad_cross_system_improvement/ieee9_T2/selected_policy_robust_rule.json,snap_up(Q_{1-alpha}(U|w) + margin),dad
6,230,"[13, 18]","[1.082963965931913, 7.661138706404346]",0.96,0.0,0.96,1.04,True,True,False,True,8.961007936194259,-0.4384225536353909,True,True,1.0000039602891158,0.9999980198593631,1.8663000206213359e-240,1.221900166338097e-120,1.8663000206213359e-240,0.12632562988437712,0,0,0,nan,nan,0.0010583294788375497,5b4c2191621b1bbc,0.95,0.9,0.05,True,2a35b5c585aa23b1,/home/grads/g/g.lin/Documents/dad_mocu_kuramoto_v4/experiments/dad_cross_system_improvement/ieee9_T2/selected_policy_robust_rule.json,snap_up(Q_{1-alpha}(U|w) + margin),dad
7,231,"[13, 18]","[2.2398580493319313, 3.7890376760944187]",1.12,0.0,1.12,1.04,True,False,True,True,6.560092299319013,-0.4781087923505804,True,True,2.82235396780769,0.47873263530021787,0.09052090837410426,0.07337984383632082,0.09052090837410426,0.1250003429595381,0,0,0,nan,nan,0.0011116594541817904,5b4c2191621b1bbc,0.95,0.9,0.05,True,2a35b5c585aa23b1,/home/grads/g/g.lin/Documents/dad_mocu_kuramoto_v4/experiments/dad_cross_system_improvement/ieee9_T2/selected_policy_robust_rule.json,snap_up(Q_{1-alpha}(U|w) + margin),dad
8,232,"[13, 18]","[1.5765074808866, 3.2735788603723153]",0.96,0.0,0.96,1.04,True,True,False,True,5.6780854999992,-0.4176225122407299,True,True,2.836576449755963,0.5065225671095464,2.1746066511339693e-22,8.846939632310855e-12,2.1746066511339693e-22,0.12009970797225833,0,0,0,nan,nan,0.0009408795740455389,5b4c2191621b1bbc,0.95,0.9,0.05,True,2a35b5c585aa23b1,/home/grads/g/g.lin/Documents/dad_mocu_kuramoto_v4/experiments/dad_cross_system_improvement/ieee9_T2/selected_policy_robust_rule.json,snap_up(Q_{1-alpha}(U|w) + margin),dad
9,233,"[13, 18]","[1.9259593295536592, 6.644975665416428]",0.96,0.0,0.96,1.04,True,True,False,True,7.851977293620081,-0.44642008555349066,True,True,1.0000173264111079,0.9999913368797305,8.593949636803524e-69,8.291658283746877e-35,8.593949636803524e-69,0.126654984196648,0,0,0,nan,nan,0.0012198265176266432,5b4c2191621b1bbc,0.95,0.9,0.05,True,2a35b5c585aa23b1,/home/grads/g/g.lin/Documents/dad_mocu_kuramoto_v4/experiments/dad_cross_system_improvement/ieee9_T2/selected_policy_robust_rule.json,snap_up(Q_{1-alpha}(U|w) + margin),dad
10,234,"[13, 18]","[2.130695173981981, 4.01229464564576]",1.2,0.0,1.2,1.04,True,False,True,True,8.432532617569672,-0.42983493606655837,True,True,1.7688395915944939,0.6913593337014249,0.11939851185345166,0.1822413672093752,0.11939851185345166,0.1246551750227809,0,0,0,nan,nan,0.0013431215193122625,5b4c2191621b1bbc,0.95,0.9,0.05,True,2a35b5c585aa23b1,/home/grads/g/g.lin/Documents/dad_mocu_kuramoto_v4/experiments/dad_cross_system_improvement/ieee9_T2/selected_policy_robust_rule.json,snap_up(Q_{1-alpha}(U|w) + margin),dad
11,235,"[13, 18]","[1.7142940129794413, 3.7984553892337636]",0.96,0.0,0.96,1.04,True,True,False,True,4.248413669032564,-0.39810126788690003,True,True,2.3187681712051487,0.5847433160920612,7.56903464808868e-05,0.0055018389809303,7.56903464808868e-05,0.12444600299932063,0,0,0,nan,nan,0.001116361003369093,5b4c2191621b1bbc,0.95,0.9,0.05,True,2a35b5c585aa23b1,/home/grads/g/g.lin/Documents/dad_mocu_kuramoto_v4/experiments/dad_cross_system_improvement/ieee9_T2/selected_policy_robust_rule.json,snap_up(Q_{1-alpha}(U|w) + margin),dad
12,236,"[13, 18]","[2.379136744446519, 3.2154788203647273]",0.96,0.0,0.96,1.04,True,True,False,True,6.751568902381649,-0.5297100728691743,True,True,2.1569581183936957,0.5535464516320979,3.0270182365539585e-10,4.928788454913834e-06,3.0270182365539585e-10,0.1288775361608714,0,0,0,nan,nan,0.001356185064651072,5b4c2191621b1bbc,0.95,0.9,0.05,True,2a35b5c585aa23b1,/home/grads/g/g.lin/Documents/dad_mocu_kuramoto_v4/experiments/dad_cross_system_improvement/ieee9_T2/selected_policy_robust_rule.json,snap_up(Q_{1-alpha}(U|w) + margin),dad
13,237,"[13, 18]","[1.6471807483111478, 5.6145141528960405]",0.96,0.0,0.96,1.04,True,True,False,True,6.710820899861146,-0.5434168797577088,True,True,1.0030794961430591,0.9984630613916019,2.7235363755976755e-21,4.667792947933883e-11,2.7235363755976755e-21,0.12155384290963411,0,0,0,nan,nan,0.0006715385243296623,5b4c2191621b1bbc,0.95,0.9,0.05,True,2a35b5c585aa23b1,/home/grads/g/g.lin/Documents/dad_mocu_kuramoto_v4/experiments/dad_cross_system_improvement/ieee9_T2/selected_policy_robust_rule.json,snap_up(Q_{1-alpha}(U|w) + margin),dad
14,238,"[13, 18]","[2.28918618431221, 9.377270220540783]",0.96,0.0,0.96,1.04,True,True,False,True,11.289175671439477,-0.4882397594782111,True,True,1.000000159806014,0.9999999200970011,0.0,0.0,0.0,0.12972478498704731,0,0,0,nan,nan,0.001081486465409398,5b4c2191621b1bbc,0.95,0.9,0.05,True,2a35b5c585aa23b1,/home/grads/g/g.lin/Documents/dad_mocu_kuramoto_v4/experiments/dad_cross_system_improvement/ieee9_T2/selected_policy_robust_rule.json,snap_up(Q_{1-alpha}(U|w) + margin),dad
15,239,"[13, 18]","[2.4122968019035755, 3.698379697290108]",1.04,0.0,1.04,1.04,False,False,False,True,4.879891571084799,-0.4573453425982995,True,True,2.9232597132621114,0.438769213376327,0.038766818203701925,0.043493736679320695,0.038766818203701925,0.12526408792473376,0,0,0,nan,nan,0.0015378709649667144,5b4c2191621b1bbc,0.95,0.9,0.05,True,2a35b5c585aa23b1,/home/grads/g/g.lin/Documents/dad_mocu_kuramoto_v4/experiments/dad_cross_system_improvement/ieee9_T2/selected_policy_robust_rule.json,snap_up(Q_{1-alpha}(U|w) + margin),dad
16,240,"[13, 18]","[1.7516211160428763, 4.713769178341567]",1.04,0.0,1.04,1.04,False,False,False,True,4.994557111113752,-0.402282722457645,True,True,3.841562152196927,0.3669289945823944,0.01037221063493801,0.026873669219879888,0.01037221063493801,0.12613226403482258,0,0,0,nan,nan,0.0007430670084431767,5b4c2191621b1bbc,0.95,0.9,0.05,True,2a35b5c585aa23b1,/home/grads/g/g.lin/Documents/dad_mocu_kuramoto_v4/experiments/dad_cross_system_improvement/ieee9_T2/selected_policy_robust_rule.json,snap_up(Q_{1-alpha}(U|w) + margin),dad
17,241,"[13, 18]","[2.4867384231969054, 3.5327807680929433]",1.04,0.0,1.04,1.04,False,False,False,True,6.010331476012954,-0.42707610054356576,True,True,2.745448045434567,0.46847540253124753,0.029669499436529356,0.03883447085472402,0.029669499436529356,0.12440346693620086,0,0,0,nan,nan,0.0013513745507225394,5b4c2191621b1bbc,0.95,0.9,0.05,True,2a35b5c585aa23b1,/home/grads/g/g.lin/Documents/dad_mocu_kuramoto_v4/experiments/dad_cross_system_improvement/ieee9_T2/selected_policy_robust_rule.json,snap_up(Q_{1-alpha}(U|w) + margin),dad
18,242,"[13, 18]","[2.9452023626329322, 4.660831423915067]",0.96,0.0,0.96,1.04,True,True,False,True,7.593466986003247,-0.537229057804493,True,True,1.7413387033917958,0.7116385136991593,8.73070193851904e-21,8.357368934548261e-11,8.73070193851904e-21,0.12573670921847224,0,0,0,nan,nan,0.0011267494410276413,5b4c2191621b1bbc,0.95,0.9,0.05,True,2a35b5c585aa23b1,/home/grads/g/g.lin/Documents/dad_mocu_kuramoto_v4/experiments/dad_cross_system_improvement/ieee9_T2/selected_policy_robust_rule.json,snap_up(Q_{1-alpha}(U|w) + margin),dad
19,243,"[13, 18]","[2.2558245652697773, 6.262659900857958]",0.96,0.0,0.96,1.04,True,True,False,True,7.927223499490062,-0.5758539531458229,True,True,1.0006624896920184,0.9996688666776858,1.65428725796021e-31,3.6378974784457137e-16,1.65428725796021e-31,0.12695792992599308,0,0,0,nan,nan,0.0013871855335310102,5b4c2191621b1bbc,0.95,0.9,0.05,True,2a35b5c585aa23b1,/home/grads/g/g.lin/Documents/dad_mocu_kuramoto_v4/experiments/dad_cross_system_improvement/ieee9_T2/selected_policy_robust_rule.json,snap_up(Q_{1-alpha}(U|w) + margin),dad
20,244,"[13, 18]","[1.9935966744578864, 3.6362771460893755]",0.96,0.0,0.96,1.04,True,True,False,True,4.441070130026861,-0.4414910435412835,True,True,1.3616675454175753,0.8495852341740606,0.002251149166244813,0.021543328844334936,0.002251149166244813,0.12870936607941985,0,0,0,nan,nan,0.0013440749607980251,5b4c2191621b1bbc,0.95,0.9,0.05,True,2a35b5c585aa23b1,/home/grads/g/g.lin/Documents/dad_mocu_kuramoto_v4/experiments/dad_cross_system_improvement/ieee9_T2/selected_policy_robust_rule.json,snap_up(Q_{1-alpha}(U|w) + margin),dad
21,245,"[13, 18]","[1.6142867149446078, 4.991951062548866]",0.96,0.0,0.96,1.04,True,True,False,True,8.061839654099542,-0.5974876731992318,True,True,1.3965993145254358,0.8382019147842336,1.2771627914891296e-06,0.00031964260068760304,1.2771627914891296e-06,0.12697988096624613,0,0,0,nan,nan,0.0012938599102199078,5b4c2191621b1bbc,0.95,0.9,0.05,True,2a35b5c585aa23b1,/home/grads/g/g.lin/Documents/dad_mocu_kuramoto_v4/experiments/dad_cross_system_improvement/ieee9_T2/selected_policy_robust_rule.json,snap_up(Q_{1-alpha}(U|w) + margin),dad
22,246,"[13, 18]","[1.6564657045565967, 9.664251667285644]",0.96,0.08,0.88,1.04,True,True,False,True,10.694570660003832,-0.6224213041372098,True,True,1.0000000000001479,0.9999999999999261,0.0,0.0,-0.08,0.12566535407677293,0,0,0,nan,nan,0.001539424411021173,5b4c2191621b1bbc,0.95,0.9,0.05,True,2a35b5c585aa23b1,/home/grads/g/g.lin/Documents/dad_mocu_kuramoto_v4/experiments/dad_cross_system_improvement/ieee9_T2/selected_policy_robust_rule.json,snap_up(Q_{1-alpha}(U|w) + margin),dad
23,247,"[13, 18]","[1.4905021349565277, 5.82717392021414]",0.96,0.0,0.96,1.04,True,True,False,True,7.166647061352755,-0.4424386866988107,True,True,1.362930599232139,0.8420241160846953,6.474297883412455e-32,2.275837935075774e-16,6.474297883412455e-32,0.12514030002057552,0,0,0,nan,nan,0.001017856877297163,5b4c2191621b1bbc,0.95,0.9,0.05,True,2a35b5c585aa23b1,/home/grads/g/g.lin/Documents/dad_mocu_kuramoto_v4/experiments/dad_cross_system_improvement/ieee9_T2/selected_policy_robust_rule.json,snap_up(Q_{1-alpha}(U|w) + margin),dad
24,248,"[13, 18]","[2.1005935778123024, 11.659917231095667]",0.96,0.0,0.96,1.04,True,True,False,True,14.85859381051062,-0.44251342840304264,True,True,1.0000000000142926,0.9999999999928537,0.0,0.0,0.0,0.12597268796525896,0,0,0,nan,nan,0.001540765049867332,5b4c2191621b1bbc,0.95,0.9,0.05,True,2a35b5c585aa23b1,/home/grads/g/g.lin/Documents/dad_mocu_kuramoto_v4/experiments/dad_cross_system_improvement/ieee9_T2/selected_policy_robust_rule.json,snap_up(Q_{1-alpha}(U|w) + margin),dad
25,249,"[13, 18]","[2.63612649538454, 4.224531524305185]",0.96,0.0,0.96,1.04,True,True,False,True,7.567721659310262,-0.4905580998006619,True,True,1.9872420130324795,0.5482830078177945,3.145007464376354e-11,1.6815228348797538e-06,3.145007464376354e-11,0.12226718105375767,0,0,0,nan,nan,0.0009828665060922503,5b4c2191621b1bbc,0.95,0.9,0.05,True,2a35b5c585aa23b1,/home/grads/g/g.lin/Documents/dad_mocu_kuramoto_v4/experiments/dad_cross_system_improvement/ieee9_T2/selected_policy_robust_rule.json,snap_up(Q_{1-alpha}(U|w) + margin),dad
26,250,"[13, 18]","[1.4623224859817445, 3.7090155180780986]",0.96,0.0,0.96,1.04,True,True,False,True,5.782712054204944,-0.4279622217898982,True,True,1.0062597897610284,0.9968824936905771,9.937027000183838e-13,6.304609965720346e-07,9.937027000183838e-13,0.12398310611024499,0,0,0,nan,nan,0.0010444179642945528,5b4c2191621b1bbc,0.95,0.9,0.05,True,2a35b5c585aa23b1,/home/grads/g/g.lin/Documents/dad_mocu_kuramoto_v4/experiments/dad_cross_system_improvement/ieee9_T2/selected_policy_robust_rule.json,snap_up(Q_{1-alpha}(U|w) + margin),dad
27,251,"[13, 18]","[2.621587866091711, 4.3016590662819505]",0.96,0.0,0.96,1.04,True,True,False,True,7.025456035164314,-0.5490581799175094,True,True,1.9364510115007394,0.613998647905191,1.910684714879737e-13,1.4250111231581107e-07,1.910684714879737e-13,0.12660480104386806,0,0,0,nan,nan,0.0012688145507127047,5b4c2191621b1bbc,0.95,0.9,0.05,True,2a35b5c585aa23b1,/home/grads/g/g.lin/Documents/dad_mocu_kuramoto_v4/experiments/dad_cross_system_improvement/ieee9_T2/selected_policy_robust_rule.json,snap_up(Q_{1-alpha}(U|w) + margin),dad
28,252,"[13, 18]","[2.191842268175288, 4.963751217448895]",0.96,0.0,0.96,1.04,True,True,False,True,5.7239781922246245,-0.455039528164657,True,True,2.1986011267192374,0.6321798174609868,3.681689415931401e-05,0.00542698390888542,3.681689415931401e-05,0.12172225094400346,0,0,0,nan,nan,0.0008792579174041748,5b4c2191621b1bbc,0.95,0.9,0.05,True,2a35b5c585aa23b1,/home/grads/g/g.lin/Documents/dad_mocu_kuramoto_v4/experiments/dad_cross_system_improvement/ieee9_T2/selected_policy_robust_rule.json,snap_up(Q_{1-alpha}(U|w) + margin),dad
29,253,"[13, 18]","[1.8570542641691725, 4.050156813416954]",1.2,0.0,1.2,1.04,True,False,True,True,5.092938611391068,-0.43338900960474497,True,True,4.183121836230742,0.3331017109213267,0.049247182609657006,0.13142898380200915,0.049247182609657006,0.12461115000769496,0,0,0,nan,nan,0.001740521052852273,5b4c2191621b1bbc,0.95,0.9,0.05,True,2a35b5c585aa23b1,/home/grads/g/g.lin/Documents/dad_mocu_kuramoto_v4/experiments/dad_cross_system_improvement/ieee9_T2/selected_policy_robust_rule.json,snap_up(Q_{1-alpha}(U|w) + margin),dad
30,254,"[13, 18]","[1.6777354997719476, 8.728540845343094]",0.96,0.0,0.96,1.04,True,True,False,True,10.528481518189245,-0.4126299402114316,True,True,1.7373760104266618,0.7050842731417591,0.0,0.0,0.0,0.12510659801773727,0,0,0,nan,nan,0.0015459408750757575,5b4c2191621b1bbc,0.95,0.9,0.05,True,2a35b5c585aa23b1,/home/grads/g/g.lin/Documents/dad_mocu_kuramoto_v4/experiments/dad_cross_system_improvement/ieee9_T2/selected_policy_robust_rule.json,snap_up(Q_{1-alpha}(U|w) + margin),dad
31,255,"[13, 18]","[1.680568697213591, 8.411275769078271]",0.96,0.0,0.96,1.04,True,True,False,True,11.096443717408796,-0.4453138079500316,True,True,1.0353468443885034,0.9826386812213062,0.0,0.0,0.0,0.1225756190251559,0,0,0,nan,nan,0.0006386559689417481,5b4c2191621b1bbc,0.95,0.9,0.05,True,2a35b5c585aa23b1,/home/grads/g/g.lin/Documents/dad_mocu_kuramoto_v4/experiments/dad_cross_system_improvement/ieee9_T2/selected_policy_robust_rule.json,snap_up(Q_{1-alpha}(U|w) + margin),dad
0,256,"[13, 18]","[2.212123159074999, 4.559124447663662]",0.96,0.0,0.96,1.04,True,True,False,True,4.948483499689389,-0.42680762448357806,True,True,2.0782084141325208,0.6214754333332166,1.8604336994545148e-08,3.8579188660777306e-05,1.8604336994545148e-08,0.12511138105764985,0,0,0,nan,nan,0.0013807653449475765,5b4c2191621b1bbc,0.95,0.9,0.05,True,2a35b5c585aa23b1,/home/grads/g/g.lin/Documents/dad_mocu_kuramoto_v4/experiments/dad_cross_system_improvement/ieee9_T2/selected_policy_robust_rule.json,snap_up(Q_{1-alpha}(U|w) + margin),dad
1,257,"[13, 18]","[1.8833457216757883, 9.73503992782805]",0.96,0.0,0.96,1.04,True,True,False,True,15.06317443770887,-0.5043849788728458,True,True,1.0000000000063753,0.9999999999968123,0.0,0.0,0.0,0.12538982811383903,0,0,0,nan,nan,0.0012099954765290022,5b4c2191621b1bbc,0.95,0.9,0.05,True,2a35b5c585aa23b1,/home/grads/g/g.lin/Documents/dad_mocu_kuramoto_v4/experiments/dad_cross_system_improvement/ieee9_T2/selected_policy_robust_rule.json,snap_up(Q_{1-alpha}(U|w) + margin),dad
2,258,"[13, 18]","[2.4573469015917095, 6.662579410236635]",0.96,0.0,0.96,1.04,True,True,False,True,8.622302454139804,-0.5151064628816457,True,True,1.0000000005416205,0.9999999997291897,5.497602989845392e-63,6.631803971677929e-32,5.497602989845392e-63,0.12923038890585303,0,0,0,nan,nan,0.0015212695579975843,5b4c2191621b1bbc,0.95,0.9,0.05,True,2a35b5c585aa23b1,/home/grads/g/g.lin/Documents/dad_mocu_kuramoto_v4/experiments/dad_cross_system_improvement/ieee9_T2/selected_policy_robust_rule.json,snap_up(Q_{1-alpha}(U|w) + margin),dad
3,259,"[13, 18]","[2.833832858362456, 6.1508606712137395]",0.96,0.0,0.96,1.04,True,True,False,True,7.32352426611295,-0.46794511935115835,True,True,1.0000000000354565,0.9999999999822717,1.1941464179649359e-23,3.090820496845375e-12,1.1941464179649359e-23,0.12104381201788783,0,0,0,nan,nan,0.0012120329774916172,5b4c2191621b1bbc,0.95,0.9,0.05,True,2a35b5c585aa23b1,/home/grads/g/g.lin/Documents/dad_mocu_kuramoto_v4/experiments/dad_cross_system_improvement/ieee9_T2/selected_policy_robust_rule.json,snap_up(Q_{1-alpha}(U|w) + margin),dad
4,260,"[13, 18]","[2.4728781707133916, 10.223858816276739]",0.96,0.32,0.6399999999999999,1.04,True,True,False,True,14.43790030192405,-0.6303425473388712,True,True,1.0,1.0,0.0,0.0,-0.32,0.1276486839633435,0,0,0,nan,nan,0.0014280364848673344,5b4c2191621b1bbc,0.95,0.9,0.05,True,2a35b5c585aa23b1,/home/grads/g/g.lin/Documents/dad_mocu_kuramoto_v4/experiments/dad_cross_system_improvement/ieee9_T2/selected_policy_robust_rule.json,snap_up(Q_{1-alpha}(U|w) + margin),dad
5,261,"[13, 18]","[1.8289639714779165, 4.875156179819706]",0.96,0.0,0.96,1.04,True,True,False,True,7.781657682970818,-0.4708646840928323,True,True,1.9983118114261254,0.6752391705480294,6.223923227564415e-05,0.0022305301746486147,6.223923227564415e-05,0.12645809003151953,0,0,0,nan,nan,0.0013362070312723517,5b4c2191621b1bbc,0.95,0.9,0.05,True,2a35b5c585aa23b1,/home/grads/g/g.lin/Documents/dad_mocu_kuramoto_v4/experiments/dad_cross_system_improvement/ieee9_T2/selected_policy_robust_rule.json,snap_up(Q_{1-alpha}(U|w) + margin),dad
6,262,"[13, 18]","[1.167699407123179, 7.910243224766827]",0.96,0.0,0.96,1.04,True,True,False,True,8.961007936194259,-0.4384225536353909,True,True,1.0000011612439634,0.9999994193783553,3.0153001868026287e-277,4.911456148070655e-139,3.0153001868026287e-277,0.12380300811491907,0,0,0,nan,nan,0.0009463614551350474,5b4c2191621b1bbc,0.95,0.9,0.05,True,2a35b5c585aa23b1,/home/grads/g/g.lin/Documents/dad_mocu_kuramoto_v4/experiments/dad_cross_system_improvement/ieee9_T2/selected_policy_robust_rule.json,snap_up(Q_{1-alpha}(U|w) + margin),dad
7,263,"[13, 18]","[2.1250279863620825, 3.667606669122216]",1.12,0.0,1.12,1.04,True,False,True,True,6.560092299319013,-0.4781087923505804,True,True,3.4965622111654433,0.40701076657973556,0.06949475039865412,0.07851671487518615,0.06949475039865412,0.12170466291718185,0,0,0,nan,nan,0.0009419184643775225,5b4c2191621b1bbc,0.95,0.9,0.05,True,2a35b5c585aa23b1,/home/grads/g/g.lin/Documents/dad_mocu_kuramoto_v4/experiments/dad_cross_system_improvement/ieee9_T2/selected_policy_robust_rule.json,snap_up(Q_{1-alpha}(U|w) + margin),dad
8,264,"[13, 18]","[1.5026812696495413, 3.252124411027562]",0.96,0.0,0.96,1.04,True,True,False,True,5.6780854999992,-0.4176225122407299,True,True,2.818426824918616,0.49620858310426735,7.19402579468488e-25,5.305845242643142e-13,7.19402579468488e-25,0.12586807506158948,0,0,0,nan,nan,0.0013678820105269551,5b4c2191621b1bbc,0.95,0.9,0.05,True,2a35b5c585aa23b1,/home/grads/g/g.lin/Documents/dad_mocu_kuramoto_v4/experiments/dad_cross_system_improvement/ieee9_T2/selected_policy_robust_rule.json,snap_up(Q_{1-alpha}(U|w) + margin),dad
9,265,"[13, 18]","[1.9996723789699575, 6.681169932581784]",0.96,0.0,0.96,1.04,True,True,False,True,7.851977293620081,-0.44642008555349066,True,True,1.0053779914674608,0.9973181997749768,2.4965670480688776e-69,4.4690643746259714e-35,2.4965670480688776e-69,0.12403143383562565,0,0,0,nan,nan,0.0013666930608451366,5b4c2191621b1bbc,0.95,0.9,0.05,True,2a35b5c585aa23b1,/home/grads/g/g.lin/Documents/dad_mocu_kuramoto_v4/experiments/dad_cross_system_improvement/ieee9_T2/selected_policy_robust_rule.json,snap_up(Q_{1-alpha}(U|w) + margin),dad
10,266,"[13, 18]","[2.2278344233098557, 4.04195656813147]",1.12,0.0,1.12,1.04,True,False,True,True,7.629411631135268,-0.44009127712806334,True,True,1.321288921764246,0.8659152308370845,0.020029768972399657,0.08490336698803555,0.020029768972399657,0.12823920510709286,0,0,0,nan,nan,0.0015189915429800749,5b4c2191621b1bbc,0.95,0.9,0.05,True,2a35b5c585aa23b1,/home/grads/g/g.lin/Documents/dad_mocu_kuramoto_v4/experiments/dad_cross_system_improvement/ieee9_T2/selected_policy_robust_rule.json,snap_up(Q_{1-alpha}(U|w) + margin),dad
11,267,"[13, 18]","[1.691415185054844, 3.8384846060476456]",0.96,0.0,0.96,1.04,True,True,False,True,4.248413669032564,-0.39810126788690003,True,True,2.7293898305130977,0.4848540134123789,4.2714877697611765e-05,0.004133292825276154,4.2714877697611765e-05,0.12367185391485691,0,0,0,nan,nan,0.001111629419028759,5b4c2191621b1bbc,0.95,0.9,0.05,True,2a35b5c585aa23b1,/home/grads/g/g.lin/Documents/dad_mocu_kuramoto_v4/experiments/dad_cross_system_improvement/ieee9_T2/selected_policy_robust_rule.json,snap_up(Q_{1-alpha}(U|w) + margin),dad
12,268,"[13, 18]","[2.297261636237024, 3.143607735984414]",0.96,0.0,0.96,1.04,True,True,False,True,6.751568902381649,-0.5297100728691743,True,True,1.7902657872021763,0.7177958341482311,5.101698201789204e-13,2.0282712206870235e-07,5.101698201789204e-13,0.12603202206082642,0,0,0,nan,nan,0.0008406010456383228,5b4c2191621b1bbc,0.95,0.9,0.05,True,2a35b5c585aa23b1,/home/grads/g/g.lin/Documents/dad_mocu_kuramoto_v4/experiments/dad_cross_system_improvement/ieee9_T2/selected_policy_robust_rule.json,snap_up(Q_{1-alpha}(U|w) + margin),dad
13,269,"[13, 18]","[1.6565179275370123, 5.771253217379991]",0.96,0.0,0.96,1.04,True,True,False,True,6.710820899861146,-0.5434168797577088,True,True,1.0117735244258594,0.9941541812230856,6.572051865447026e-25,7.250959586397943e-13,6.572051865447026e-25,0.12017083005048335,0,0,0,nan,nan,0.001142359571531415,5b4c2191621b1bbc,0.95,0.9,0.05,True,2a35b5c585aa23b1,/home/grads/g/g.lin/Documents/dad_mocu_kuramoto_v4/experiments/dad_cross_system_improvement/ieee9_T2/selected_policy_robust_rule.json,snap_up(Q_{1-alpha}(U|w) + margin),dad
14,270,"[13, 18]","[2.251691125483707, 9.447203260470092]",0.96,0.0,0.96,1.04,True,True,False,True,11.289175671439477,-0.4882397594782111,True,True,1.000000272557682,0.9999998637211808,0.0,0.0,0.0,0.12908229511231184,0,0,0,nan,nan,0.0010072310687974095,5b4c2191621b1bbc,0.95,0.9,0.05,True,2a35b5c585aa23b1,/home/grads/g/g.lin/Documents/dad_mocu_kuramoto_v4/experiments/dad_cross_system_improvement/ieee9_T2/selected_policy_robust_rule.json,snap_up(Q_{1-alpha}(U|w) + margin),dad
15,271,"[13, 18]","[2.2975340979285384, 3.76301541132347]",1.12,0.0,1.12,1.04,True,False,True,True,4.889595303149377,-0.449528535573651,True,True,3.0988004236827793,0.393024373203685,0.06616490503852077,0.06444097626610935,0.06616490503852077,0.12137009389698505,0,0,0,nan,nan,0.0010271400678902864,5b4c2191621b1bbc,0.95,0.9,0.05,True,2a35b5c585aa23b1,/home/grads/g/g.lin/Documents/dad_mocu_kuramoto_v4/experiments/dad_cross_system_improvement/ieee9_T2/selected_policy_robust_rule.json,snap_up(Q_{1-alpha}(U|w) + margin),dad
16,272,"[13, 18]","[1.784288573194037, 4.657206629518298]",1.04,0.0,1.04,1.04,False,False,False,True,4.994557111113752,-0.402282722457645,True,True,3.589396549807586,0.3952558121346815,0.02387068618467119,0.03660389645716209,0.02387068618467119,0.12638341798447073,0,0,0,nan,nan,0.0013580414233729243,5b4c2191621b1bbc,0.95,0.9,0.05,True,2a35b5c585aa23b1,/home/grads/g/g.lin/Documents/dad_mocu_kuramoto_v4/experiments/dad_cross_system_improvement/ieee9_T2/selected_policy_robust_rule.json,snap_up(Q_{1-alpha}(U|w) + margin),dad
17,273,"[13, 18]","[2.592866190845396, 3.7462017219082586]",0.96,0.0,0.96,1.04,True,True,False,True,6.035206190291975,-0.43805111316733647,True,True,1.0468003171270475,0.9772409623576439,0.0013371744986508175,0.010283348686238964,0.0013371744986508175,0.1249099571723491,0,0,0,nan,nan,0.0011348145781084895,5b4c2191621b1bbc,0.95,0.9,0.05,True,2a35b5c585aa23b1,/home/grads/g/g.lin/Documents/dad_mocu_kuramoto_v4/experiments/dad_cross_system_improvement/ieee9_T2/selected_policy_robust_rule.json,snap_up(Q_{1-alpha}(U|w) + margin),dad
18,274,"[13, 18]","[3.090986715549628, 4.678527676537851]",0.96,0.0,0.96,1.04,True,True,False,True,7.593466986003247,-0.537229057804493,True,True,1.0000049359826613,0.9999975320160517,4.663079425135969e-28,1.9314407938398673e-14,4.663079425135969e-28,0.12323925201781094,0,0,0,nan,nan,0.001005590078420937,5b4c2191621b1bbc,0.95,0.9,0.05,True,2a35b5c585aa23b1,/home/grads/g/g.lin/Documents/dad_mocu_kuramoto_v4/experiments/dad_cross_system_improvement/ieee9_T2/selected_policy_robust_rule.json,snap_up(Q_{1-alpha}(U|w) + margin),dad
19,275,"[13, 18]","[2.3070297736335785, 6.2550482446504905]",0.96,0.0,0.96,1.04,True,True,False,True,7.927223499490062,-0.5758539531458229,True,True,1.0000173021936598,0.9999913489883913,6.175648640442497e-31,7.028882494645929e-16,6.175648640442497e-31,0.12615939998067915,0,0,0,nan,nan,0.0015303766122087836,5b4c2191621b1bbc,0.95,0.9,0.05,True,2a35b5c585aa23b1,/home/grads/g/g.lin/Documents/dad_mocu_kuramoto_v4/experiments/dad_cross_system_improvement/ieee9_T2/selected_policy_robust_rule.json,snap_up(Q_{1-alpha}(U|w) + margin),dad
20,276,"[13, 18]","[1.9499326185571273, 3.833052236760554]",1.2,0.0,1.2,1.04,True,False,True,True,4.441070130026861,-0.4006042285009923,True,True,2.643323029077674,0.5112557326453241,0.07528116938266849,0.1560546410206363,0.07528116938266849,0.12298332713544369,0,0,0,nan,nan,0.0011152899824082851,5b4c2191621b1bbc,0.95,0.9,0.05,True,2a35b5c585aa23b1,/home/grads/g/g.lin/Documents/dad_mocu_kuramoto_v4/experiments/dad_cross_system_improvement/ieee9_T2/selected_policy_robust_rule.json,snap_up(Q_{1-alpha}(U|w) + margin),dad
21,277,"[13, 18]","[1.9208891368721148, 4.876099757541278]",0.96,0.0,0.96,1.04,True,True,False,True,8.061839654099542,-0.5974876731992318,True,True,3.7093975910634476,0.3435279362930631,1.1443641041053424e-05,0.0009567446514941501,1.1443641041053424e-05,0.12483663694001734,0,0,0,nan,nan,0.0009772200137376785,5b4c2191621b1bbc,0.95,0.9,0.05,True,2a35b5c585aa23b1,/home/grads/g/g.lin/Documents/dad_mocu_kuramoto_v4/experiments/dad_cross_system_improvement/ieee9_T2/selected_policy_robust_rule.json,snap_up(Q_{1-alpha}(U|w) + margin),dad
22,278,"[13, 18]","[1.6647620271126666, 9.499009840651615]",0.96,0.08,0.88,1.04,True,True,False,True,10.694570660003832,-0.6224213041372098,True,True,1.000000004183258,0.9999999979083709,0.0,0.0,-0.08,0.12492814799770713,0,0,0,nan,nan,0.0010445675579831004,5b4c2191621b1bbc,0.95,0.9,0.05,True,2a35b5c585aa23b1,/home/grads/g/g.lin/Documents/dad_mocu_kuramoto_v4/experiments/dad_cross_system_improvement/ieee9_T2/selected_policy_robust_rule.json,snap_up(Q_{1-alpha}(U|w) + margin),dad
23,279,"[13, 18]","[1.5837798189805874, 5.97568387276742]",0.96,0.0,0.96,1.04,True,True,False,True,7.166647061352755,-0.4424386866988107,True,True,1.0004534881189815,0.9997733144378346,3.556567802729766e-36,1.6867881438354411e-18,3.556567802729766e-36,0.1226766670588404,0,0,0,nan,nan,0.0009572689887136221,5b4c2191621b1bbc,0.95,0.9,0.05,True,2a35b5c585aa23b1,/home/grads/g/g.lin/Documents/dad_mocu_kuramoto_v4/experiments/dad_cross_system_improvement/ieee9_T2/selected_policy_robust_rule.json,snap_up(Q_{1-alpha}(U|w) + margin),dad
24,280,"[13, 18]","[2.1613618580920413, 11.589234773884785]",0.96,0.0,0.96,1.04,True,True,False,True,14.85859381051062,-0.44251342840304264,True,True,1.0,1.0,0.0,0.0,0.0,0.12887906795367599,0,0,0,nan,nan,0.001301153446547687,5b4c2191621b1bbc,0.95,0.9,0.05,True,2a35b5c585aa23b1,/home/grads/g/g.lin/Documents/dad_mocu_kuramoto_v4/experiments/dad_cross_system_improvement/ieee9_T2/selected_policy_robust_rule.json,snap_up(Q_{1-alpha}(U|w) + margin),dad
25,281,"[13, 18]","[2.5641914003468536, 4.191814663375461]",0.96,0.0,0.96,1.04,True,True,False,True,7.567721659310262,-0.4905580998006619,True,True,1.0044824075108443,0.9977646110491576,1.2019551141993253e-09,1.1224847712708094e-05,1.2019551141993253e-09,0.12021293095313013,0,0,0,nan,nan,0.0014710234245285392,5b4c2191621b1bbc,0.95,0.9,0.05,True,2a35b5c585aa23b1,/home/grads/g/g.lin/Documents/dad_mocu_kuramoto_v4/experiments/dad_cross_system_improvement/ieee9_T2/selected_policy_robust_rule.json,snap_up(Q_{1-alpha}(U|w) + margin),dad
26,282,"[13, 18]","[1.5724226492671878, 3.732375835558032]",0.96,0.0,0.96,1.04,True,True,False,True,5.782712054204944,-0.4279622217898982,True,True,1.1952101957610695,0.9136149997718693,9.535744477309868e-09,6.175998670961074e-05,9.535744477309868e-09,0.12743648001924157,0,0,0,nan,nan,0.0010810639942064881,5b4c2191621b1bbc,0.95,0.9,0.05,True,2a35b5c585aa23b1,/home/grads/g/g.lin/Documents/dad_mocu_kuramoto_v4/experiments/dad_cross_system_improvement/ieee9_T2/selected_policy_robust_rule.json,snap_up(Q_{1-alpha}(U|w) + margin),dad
27,283,"[13, 18]","[2.601963752783305, 4.46703893256076]",0.96,0.0,0.96,1.04,True,True,False,True,7.025456035164314,-0.5490581799175094,True,True,1.104678799883064,0.9510360726847905,7.067102078980529e-19,5.11050431095813e-10,7.067102078980529e-19,0.12429694412276149,0,0,0,nan,nan,0.0009769423631951213,5b4c2191621b1bbc,0.95,0.9,0.05,True,2a35b5c585aa23b1,/home/grads/g/g.lin/Documents/dad_mocu_kuramoto_v4/experiments/dad_cross_system_improvement/ieee9_T2/selected_policy_robust_rule.json,snap_up(Q_{1-alpha}(U|w) + margin),dad
28,284,"[13, 18]","[2.3068791525724675, 4.885024018056108]",0.96,0.0,0.96,1.04,True,True,False,True,5.7239781922246245,-0.455039528164657,True,True,1.0036671719278363,0.998170831252949,1.2279297389799568e-06,0.000991131814486661,1.2279297389799568e-06,0.12466505100019276,0,0,0,nan,nan,0.001788862980902195,5b4c2191621b1bbc,0.95,0.9,0.05,True,2a35b5c585aa23b1,/home/grads/g/g.lin/Documents/dad_mocu_kuramoto_v4/experiments/dad_cross_system_improvement/ieee9_T2/selected_policy_robust_rule.json,snap_up(Q_{1-alpha}(U|w) + margin),dad
29,285,"[13, 18]","[1.7767771153298417, 3.987996917381582]",0.96,0.0,0.96,1.04,True,True,False,True,5.092938611391068,-0.4656964508287679,True,True,2.202205537163953,0.48454461642762614,0.0020101883014769896,0.028284877072180817,0.0020101883014769896,0.12440639617852867,0,0,0,nan,nan,0.0007015689043328166,5b4c2191621b1bbc,0.95,0.9,0.05,True,2a35b5c585aa23b1,/home/grads/g/g.lin/Documents/dad_mocu_kuramoto_v4/experiments/dad_cross_system_improvement/ieee9_T2/selected_policy_robust_rule.json,snap_up(Q_{1-alpha}(U|w) + margin),dad
30,286,"[13, 18]","[1.7241937251936024, 8.757140015889682]",0.96,0.0,0.96,1.04,True,True,False,True,10.528481518189245,-0.4126299402114316,True,True,1.9672839348975575,0.631050271456918,0.0,0.0,0.0,0.12536149588413537,0,0,0,nan,nan,0.0009501446038484573,5b4c2191621b1bbc,0.95,0.9,0.05,True,2a35b5c585aa23b1,/home/grads/g/g.lin/Documents/dad_mocu_kuramoto_v4/experiments/dad_cross_system_improvement/ieee9_T2/selected_policy_robust_rule.json,snap_up(Q_{1-alpha}(U|w) + margin),dad
31,287,"[13, 18]","[1.6809015521451531, 8.590402793749618]",0.96,0.0,0.96,1.04,True,True,False,True,11.096443717408796,-0.4453138079500316,True,True,1.0420169660947718,0.9794214781852999,0.0,0.0,0.0,0.1265408860053867,0,0,0,nan,nan,0.0017054934287443757,5b4c2191621b1bbc,0.95,0.9,0.05,True,2a35b5c585aa23b1,/home/grads/g/g.lin/Documents/dad_mocu_kuramoto_v4/experiments/dad_cross_system_improvement/ieee9_T2/selected_policy_robust_rule.json,snap_up(Q_{1-alpha}(U|w) + margin),dad
0,288,"[13, 18]","[2.296355076288714, 4.639115986583602]",0.96,0.0,0.96,1.04,True,True,False,True,4.948483499689389,-0.42680762448357806,True,True,1.8565461528845368,0.6519326264990958,1.700011846459838e-11,1.1663539467496428e-06,1.700011846459838e-11,0.12975768791511655,0,0,0,nan,nan,0.0021718154894188046,5b4c2191621b1bbc,0.95,0.9,0.05,True,2a35b5c585aa23b1,/home/grads/g/g.lin/Documents/dad_mocu_kuramoto_v4/experiments/dad_cross_system_improvement/ieee9_T2/selected_policy_robust_rule.json,snap_up(Q_{1-alpha}(U|w) + margin),dad
1,289,"[13, 18]","[1.744088961266858, 9.716087892263488]",0.96,0.0,0.96,1.04,True,True,False,True,15.06317443770887,-0.5043849788728458,True,True,1.000000000000004,0.999999999999998,0.0,0.0,0.0,0.12429092405363917,0,0,0,nan,nan,0.0013454329455271363,5b4c2191621b1bbc,0.95,0.9,0.05,True,2a35b5c585aa23b1,/home/grads/g/g.lin/Documents/dad_mocu_kuramoto_v4/experiments/dad_cross_system_improvement/ieee9_T2/selected_policy_robust_rule.json,snap_up(Q_{1-alpha}(U|w) + margin),dad
2,290,"[13, 18]","[2.6236086907305207, 6.66044611385722]",0.96,0.0,0.96,1.04,True,True,False,True,8.622302454139804,-0.5151064628816457,True,True,1.000000000146224,0.9999999999268883,4.707664708809436e-62,1.9406524075803862e-31,4.707664708809436e-62,0.1249242490157485,0,0,0,nan,nan,0.0010774920228868723,5b4c2191621b1bbc,0.95,0.9,0.05,True,2a35b5c585aa23b1,/home/grads/g/g.lin/Documents/dad_mocu_kuramoto_v4/experiments/dad_cross_system_improvement/ieee9_T2/selected_policy_robust_rule.json,snap_up(Q_{1-alpha}(U|w) + margin),dad
3,291,"[13, 18]","[2.6729256605875795, 6.149966607585129]",0.96,0.0,0.96,1.04,True,True,False,True,7.32352426611295,-0.46794511935115835,True,True,1.0000000000524616,0.9999999999737694,4.2110132691147685e-24,1.835431996912938e-12,4.2110132691147685e-24,0.12389383395202458,0,0,0,nan,nan,0.0012498046271502972,5b4c2191621b1bbc,0.95,0.9,0.05,True,2a35b5c585aa23b1,/home/grads/g/g.lin/Documents/dad_mocu_kuramoto_v4/experiments/dad_cross_system_improvement/ieee9_T2/selected_policy_robust_rule.json,snap_up(Q_{1-alpha}(U|w) + margin),dad
4,292,"[13, 18]","[2.3787231808567304, 10.342890194766738]",0.96,0.32,0.6399999999999999,1.04,True,True,False,True,14.43790030192405,-0.6303425473388712,True,True,1.0000000000001825,0.9999999999999087,0.0,0.0,-0.32,0.12800676212646067,0,0,0,nan,nan,0.0010596050415188074,5b4c2191621b1bbc,0.95,0.9,0.05,True,2a35b5c585aa23b1,/home/grads/g/g.lin/Documents/dad_mocu_kuramoto_v4/experiments/dad_cross_system_improvement/ieee9_T2/selected_policy_robust_rule.json,snap_up(Q_{1-alpha}(U|w) + margin),dad
5,293,"[13, 18]","[1.756890558569387, 4.9654455337764825]",0.96,0.0,0.96,1.04,True,True,False,True,7.781657682970818,-0.4708646840928323,True,True,2.1754751908002614,0.6229333610740014,4.3152582110814195e-06,0.0005875389650345471,4.3152582110814195e-06,0.12538343691267073,0,0,0,nan,nan,0.0014402704546228051,5b4c2191621b1bbc,0.95,0.9,0.05,True,2a35b5c585aa23b1,/home/grads/g/g.lin/Documents/dad_mocu_kuramoto_v4/experiments/dad_cross_system_improvement/ieee9_T2/selected_policy_robust_rule.json,snap_up(Q_{1-alpha}(U|w) + margin),dad
6,294,"[13, 18]","[1.204567931995712, 7.761671220506925]",0.96,0.0,0.96,1.04,True,True,False,True,8.961007936194259,-0.4384225536353909,True,True,1.0000200983150838,0.9999899509434416,2.296248605179454e-250,1.3553593192004708e-125,2.296248605179454e-250,0.12715985509566963,0,0,0,nan,nan,0.0009204329689964652,5b4c2191621b1bbc,0.95,0.9,0.05,True,2a35b5c585aa23b1,/home/grads/g/g.lin/Documents/dad_mocu_kuramoto_v4/experiments/dad_cross_system_improvement/ieee9_T2/selected_policy_robust_rule.json,snap_up(Q_{1-alpha}(U|w) + margin),dad
7,295,"[13, 18]","[2.2419214171823785, 3.799979591446914]",1.12,0.0,1.12,1.04,True,False,True,True,6.560092299319013,-0.4781087923505804,True,True,2.8410918386070056,0.48462336922522964,0.09109544386962448,0.07388781501803512,0.09109544386962448,0.12951910099945962,0,0,0,nan,nan,0.001266362494789064,5b4c2191621b1bbc,0.95,0.9,0.05,True,2a35b5c585aa23b1,/home/grads/g/g.lin/Documents/dad_mocu_kuramoto_v4/experiments/dad_cross_system_improvement/ieee9_T2/selected_policy_robust_rule.json,snap_up(Q_{1-alpha}(U|w) + margin),dad
8,296,"[13, 18]","[1.558847111291831, 3.265890852840309]",0.96,0.0,0.96,1.04,True,True,False,True,5.6780854999992,-0.4176225122407299,True,True,3.072844078038825,0.46231881274242187,4.4742152403641084e-23,4.067762252646723e-12,4.4742152403641084e-23,0.12451115204021335,0,0,0,nan,nan,0.0014235423877835274,5b4c2191621b1bbc,0.95,0.9,0.05,True,2a35b5c585aa23b1,/home/grads/g/g.lin/Documents/dad_mocu_kuramoto_v4/experiments/dad_cross_system_improvement/ieee9_T2/selected_policy_robust_rule.json,snap_up(Q_{1-alpha}(U|w) + margin),dad
9,297,"[13, 18]","[1.899628049090646, 6.408132834709899]",0.96,0.0,0.96,1.04,True,True,False,True,7.851977293620081,-0.44642008555349066,True,True,1.0372311952514002,0.9817183879988806,7.532561441687056e-51,7.7627631377942e-26,7.532561441687056e-51,0.1230304988566786,0,0,0,nan,nan,0.0009355020010843873,5b4c2191621b1bbc,0.95,0.9,0.05,True,2a35b5c585aa23b1,/home/grads/g/g.lin/Documents/dad_mocu_kuramoto_v4/experiments/dad_cross_system_improvement/ieee9_T2/selected_policy_robust_rule.json,snap_up(Q_{1-alpha}(U|w) + margin),dad
10,298,"[13, 18]","[2.1907530597199085, 4.0347457095076456]",1.2,0.0,1.2,1.04,True,False,True,True,8.432532617569672,-0.42983493606655837,True,True,1.3066058717400422,0.8687056134759658,0.04219343822817577,0.12145440000911009,0.04219343822817577,0.12820656900294125,0,0,0,nan,nan,0.0015129306120797992,5b4c2191621b1bbc,0.95,0.9,0.05,True,2a35b5c585aa23b1,/home/grads/g/g.lin/Documents/dad_mocu_kuramoto_v4/experiments/dad_cross_system_improvement/ieee9_T2/selected_policy_robust_rule.json,snap_up(Q_{1-alpha}(U|w) + margin),dad
11,299,"[13, 18]","[1.7308741467586646, 3.695494851879102]",0.96,0.0,0.96,1.04,True,True,False,True,4.248413669032564,-0.39810126788690003,True,True,1.784969188754985,0.727303995256282,9.069223195870547e-06,0.0019044796388781706,9.069223195870547e-06,0.12485862104222178,0,0,0,nan,nan,0.0009176491294056177,5b4c2191621b1bbc,0.95,0.9,0.05,True,2a35b5c585aa23b1,/home/grads/g/g.lin/Documents/dad_mocu_kuramoto_v4/experiments/dad_cross_system_improvement/ieee9_T2/selected_policy_robust_rule.json,snap_up(Q_{1-alpha}(U|w) + margin),dad
12,300,"[13, 18]","[2.352492037568478, 3.12632148841904]",0.96,0.0,0.96,1.04,True,True,False,True,6.751568902381649,-0.5297100728691743,True,True,1.6003511830016277,0.7636305966635445,3.6081922807546073e-13,1.701066169438518e-07,3.6081922807546073e-13,0.12623940501362085,0,0,0,nan,nan,0.001175610115751624,5b4c2191621b1bbc,0.95,0.9,0.05,True,2a35b5c585aa23b1,/home/grads/g/g.lin/Documents/dad_mocu_kuramoto_v4/experiments/dad_cross_system_improvement/ieee9_T2/selected_policy_robust_rule.json,snap_up(Q_{1-alpha}(U|w) + margin),dad
13,301,"[13, 18]","[1.566834548400273, 5.705492361792815]",0.96,0.0,0.96,1.04,True,True,False,True,6.710820899861146,-0.5434168797577088,True,True,1.0008164146364416,0.9995920013528141,3.008641421953396e-26,1.5514229396146995e-13,3.008641421953396e-26,0.12654229602776468,0,0,0,nan,nan,0.0009369304170832038,5b4c2191621b1bbc,0.95,0.9,0.05,True,2a35b5c585aa23b1,/home/grads/g/g.lin/Documents/dad_mocu_kuramoto_v4/experiments/dad_cross_system_improvement/ieee9_T2/selected_policy_robust_rule.json,snap_up(Q_{1-alpha}(U|w) + margin),dad
14,302,"[13, 18]","[2.2605330187383648, 9.614598201166968]",0.96,0.0,0.96,1.04,True,True,False,True,11.289175671439477,-0.4882397594782111,True,True,1.6800180294016458,0.7186184631782699,0.0,0.0,0.0,0.12622996605932713,0,0,0,nan,nan,0.0013763795141130686,5b4c2191621b1bbc,0.95,0.9,0.05,True,2a35b5c585aa23b1,/home/grads/g/g.lin/Documents/dad_mocu_kuramoto_v4/experiments/dad_cross_system_improvement/ieee9_T2/selected_policy_robust_rule.json,snap_up(Q_{1-alpha}(U|w) + margin),dad
15,303,"[13, 18]","[2.2075864946659287, 3.7078189884850468]",1.12,0.0,1.12,1.04,True,False,True,True,4.889595303149377,-0.449528535573651,True,True,2.8346667683642868,0.45362011046070033,0.08646242971002659,0.07285020850921113,0.08646242971002659,0.1280703830998391,0,0,0,nan,nan,0.0010188480373471975,5b4c2191621b1bbc,0.95,0.9,0.05,True,2a35b5c585aa23b1,/home/grads/g/g.lin/Documents/dad_mocu_kuramoto_v4/experiments/dad_cross_system_improvement/ieee9_T2/selected_policy_robust_rule.json,snap_up(Q_{1-alpha}(U|w) + margin),dad
16,304,"[13, 18]","[1.7440893032727638, 4.713419784814904]",1.04,0.0,1.04,1.04,False,False,False,True,4.994557111113752,-0.402282722457645,True,True,3.6710051372708974,0.3703590744628998,0.010256311132191893,0.026745335528555778,0.010256311132191893,0.12203344888985157,0,0,0,nan,nan,0.001206465414725244,5b4c2191621b1bbc,0.95,0.9,0.05,True,2a35b5c585aa23b1,/home/grads/g/g.lin/Documents/dad_mocu_kuramoto_v4/experiments/dad_cross_system_improvement/ieee9_T2/selected_policy_robust_rule.json,snap_up(Q_{1-alpha}(U|w) + margin),dad
17,305,"[13, 18]","[2.5041098780527946, 3.4484251651273827]",1.04,0.0,1.04,1.04,False,False,False,True,6.010331476012954,-0.42707610054356576,True,True,3.926188000435615,0.3963558794540326,0.004816063810391866,0.01905100925870105,0.004816063810391866,0.13056524493731558,0,0,0,nan,nan,0.0012380050029605627,5b4c2191621b1bbc,0.95,0.9,0.05,True,2a35b5c585aa23b1,/home/grads/g/g.lin/Documents/dad_mocu_kuramoto_v4/experiments/dad_cross_system_improvement/ieee9_T2/selected_policy_robust_rule.json,snap_up(Q_{1-alpha}(U|w) + margin),dad
18,306,"[13, 18]","[2.887173154477038, 4.632729427914342]",0.96,0.0,0.96,1.04,True,True,False,True,7.593466986003247,-0.537229057804493,True,True,1.1452084713441808,0.933429548427544,2.5066946409718375e-20,1.4161058268284437e-10,2.5066946409718375e-20,0.12225976795889437,0,0,0,nan,nan,0.00120743946172297,5b4c2191621b1bbc,0.95,0.9,0.05,True,2a35b5c585aa23b1,/home/grads/g/g.lin/Documents/dad_mocu_kuramoto_v4/experiments/dad_cross_system_improvement/ieee9_T2/selected_policy_robust_rule.json,snap_up(Q_{1-alpha}(U|w) + margin),dad
19,307,"[13, 18]","[2.1546758835026694, 6.271558079924285]",0.96,0.0,0.96,1.04,True,True,False,True,7.927223499490062,-0.5758539531458229,True,True,1.7556363873824974,0.6952794424791172,1.835387087393648e-32,1.2117382844141382e-16,1.835387087393648e-32,0.12610155693255365,0,0,0,nan,nan,0.001126979012042284,5b4c2191621b1bbc,0.95,0.9,0.05,True,2a35b5c585aa23b1,/home/grads/g/g.lin/Documents/dad_mocu_kuramoto_v4/experiments/dad_cross_system_improvement/ieee9_T2/selected_policy_robust_rule.json,snap_up(Q_{1-alpha}(U|w) + margin),dad
20,308,"[13, 18]","[2.006750583351237, 3.8663738832632766]",1.2,0.0,1.2,1.04,True,False,True,True,4.441070130026861,-0.4006042285009923,True,True,2.6452103394456947,0.4731332712554675,0.1914959441214646,0.1984672448125951,0.1914959441214646,0.12620602501556277,0,0,0,nan,nan,0.0014178830897435546,5b4c2191621b1bbc,0.95,0.9,0.05,True,2a35b5c585aa23b1,/home/grads/g/g.lin/Documents/dad_mocu_kuramoto_v4/experiments/dad_cross_system_improvement/ieee9_T2/selected_policy_robust_rule.json,snap_up(Q_{1-alpha}(U|w) + margin),dad
21,309,"[13, 18]","[1.9242909559243986, 4.979189691184795]",0.96,0.0,0.96,1.04,True,True,False,True,8.061839654099542,-0.5974876731992318,True,True,2.2430494517218307,0.49291876074172336,2.8938164909290524e-08,4.8122242592605595e-05,2.8938164909290524e-08,0.12304708198644221,0,0,0,nan,nan,0.0011050514876842499,5b4c2191621b1bbc,0.95,0.9,0.05,True,2a35b5c585aa23b1,/home/grads/g/g.lin/Documents/dad_mocu_kuramoto_v4/experiments/dad_cross_system_improvement/ieee9_T2/selected_policy_robust_rule.json,snap_up(Q_{1-alpha}(U|w) + margin),dad
22,310,"[13, 18]","[1.7469857931393764, 9.621853257826167]",0.96,0.08,0.88,1.04,True,True,False,True,10.694570660003832,-0.6224213041372098,True,True,1.0000000000014104,0.9999999999992948,0.0,0.0,-0.08,0.1282554790377617,0,0,0,nan,nan,0.0011289010290056467,5b4c2191621b1bbc,0.95,0.9,0.05,True,2a35b5c585aa23b1,/home/grads/g/g.lin/Documents/dad_mocu_kuramoto_v4/experiments/dad_cross_system_improvement/ieee9_T2/selected_policy_robust_rule.json,snap_up(Q_{1-alpha}(U|w) + margin),dad
23,311,"[13, 18]","[1.4118329993213887, 5.8278251931241725]",0.96,0.0,0.96,1.04,True,True,False,True,7.166647061352755,-0.4424386866988107,True,True,2.0011230269740676,0.5590508993381962,9.883594183171865e-35,8.89206126077494e-18,9.883594183171865e-35,0.12509636511094868,0,0,0,nan,nan,0.0009827918838709593,5b4c2191621b1bbc,0.95,0.9,0.05,True,2a35b5c585aa23b1,/home/grads/g/g.lin/Documents/dad_mocu_kuramoto_v4/experiments/dad_cross_system_improvement/ieee9_T2/selected_policy_robust_rule.json,snap_up(Q_{1-alpha}(U|w) + margin),dad
24,312,"[13, 18]","[2.1627681641618732, 11.438777013018546]",0.96,0.0,0.96,1.04,True,True,False,True,14.85859381051062,-0.44251342840304264,True,True,1.0,1.0,0.0,0.0,0.0,0.12518889014609158,0,0,0,nan,nan,0.001039922353811562,5b4c2191621b1bbc,0.95,0.9,0.05,True,2a35b5c585aa23b1,/home/grads/g/g.lin/Documents/dad_mocu_kuramoto_v4/experiments/dad_cross_system_improvement/ieee9_T2/selected_policy_robust_rule.json,snap_up(Q_{1-alpha}(U|w) + margin),dad
25,313,"[13, 18]","[2.6201880632451857, 4.313735357913564]",0.96,0.0,0.96,1.04,True,True,False,True,7.567721659310262,-0.4905580998006619,True,True,1.9839125698493878,0.6026088000042324,8.372186983465632e-14,9.659273975382155e-08,8.372186983465632e-14,0.12387702194973826,0,0,0,nan,nan,0.0011473795166239142,5b4c2191621b1bbc,0.95,0.9,0.05,True,2a35b5c585aa23b1,/home/grads/g/g.lin/Documents/dad_mocu_kuramoto_v4/experiments/dad_cross_system_improvement/ieee9_T2/selected_policy_robust_rule.json,snap_up(Q_{1-alpha}(U|w) + margin),dad
26,314,"[13, 18]","[1.4956104753159636, 3.602840140150538]",0.96,0.0,0.96,1.04,True,True,False,True,5.782712054204944,-0.4279622217898982,True,True,1.0269251721656354,0.9867157157925525,1.591819056570278e-14,7.97951571435702e-08,1.591819056570278e-14,0.12734018894843757,0,0,0,nan,nan,0.0010423840722069144,5b4c2191621b1bbc,0.95,0.9,0.05,True,2a35b5c585aa23b1,/home/grads/g/g.lin/Documents/dad_mocu_kuramoto_v4/experiments/dad_cross_system_improvement/ieee9_T2/selected_policy_robust_rule.json,snap_up(Q_{1-alpha}(U|w) + margin),dad
27,315,"[13, 18]","[2.681616586492751, 4.3430002345608685]",0.96,0.0,0.96,1.04,True,True,False,True,7.025456035164314,-0.5490581799175094,True,True,1.0187976524638438,0.9906946404988766,7.794396728573281e-17,2.6865454815548573e-09,7.794396728573281e-17,0.12445604521781206,0,0,0,nan,nan,0.0008625284535810351,5b4c2191621b1bbc,0.95,0.9,0.05,True,2a35b5c585aa23b1,/home/grads/g/g.lin/Documents/dad_mocu_kuramoto_v4/experiments/dad_cross_system_improvement/ieee9_T2/selected_policy_robust_rule.json,snap_up(Q_{1-alpha}(U|w) + margin),dad
28,316,"[13, 18]","[2.2397995473069834, 4.955943944184728]",0.96,0.0,0.96,1.04,True,True,False,True,5.7239781922246245,-0.455039528164657,True,True,1.6765770198181098,0.7534560141953317,0.0001415815826335,0.010641673758849203,0.0001415815826335,0.12463173596188426,0,0,0,nan,nan,0.0010409544920548797,5b4c2191621b1bbc,0.95,0.9,0.05,True,2a35b5c585aa23b1,/home/grads/g/g.lin/Documents/dad_mocu_kuramoto_v4/experiments/dad_cross_system_improvement/ieee9_T2/selected_policy_robust_rule.json,snap_up(Q_{1-alpha}(U|w) + margin),dad
29,317,"[13, 18]","[1.9231060152221138, 4.146950573063654]",0.96,0.0,0.96,1.04,True,True,False,True,5.092938611391068,-0.4656964508287679,True,True,1.7329244274158973,0.7226681762807479,0.013726417540416463,0.07281586076987835,0.013726417540416463,0.125351038062945,0,0,0,nan,nan,0.0016028083628043532,5b4c2191621b1bbc,0.95,0.9,0.05,True,2a35b5c585aa23b1,/home/grads/g/g.lin/Documents/dad_mocu_kuramoto_v4/experiments/dad_cross_system_improvement/ieee9_T2/selected_policy_robust_rule.json,snap_up(Q_{1-alpha}(U|w) + margin),dad
30,318,"[13, 18]","[1.633189241520951, 8.651143364269986]",0.96,0.0,0.96,1.04,True,True,False,True,10.528481518189245,-0.4126299402114316,True,True,1.060202875314479,0.9707730031133032,0.0,0.0,0.0,0.1260369170922786,0,0,0,nan,nan,0.001716376980766654,5b4c2191621b1bbc,0.95,0.9,0.05,True,2a35b5c585aa23b1,/home/grads/g/g.lin/Documents/dad_mocu_kuramoto_v4/experiments/dad_cross_system_improvement/ieee9_T2/selected_policy_robust_rule.json,snap_up(Q_{1-alpha}(U|w) + margin),dad
31,319,"[13, 18]","[1.5646120298437265, 8.367798548041284]",0.96,0.0,0.96,1.04,True,True,False,True,11.096443717408796,-0.4453138079500316,True,True,1.8712263099711255,0.6357349423133104,0.0,0.0,0.0,0.12379723787307739,0,0,0,nan,nan,0.0009190075797960162,5b4c2191621b1bbc,0.95,0.9,0.05,True,2a35b5c585aa23b1,/home/grads/g/g.lin/Documents/dad_mocu_kuramoto_v4/experiments/dad_cross_system_improvement/ieee9_T2/selected_policy_robust_rule.json,snap_up(Q_{1-alpha}(U|w) + margin),dad
0,320,"[13, 18]","[2.242691574128605, 4.769611597809291]",0.96,0.0,0.96,1.04,True,True,False,True,4.948483499689389,-0.42680762448357806,True,True,1.0046686703950911,0.9976718575296691,1.0619747980765653e-10,5.079910617288703e-06,1.0619747980765653e-10,0.12305320706218481,0,0,0,nan,nan,0.0009056838462129235,5b4c2191621b1bbc,0.95,0.9,0.05,True,2a35b5c585aa23b1,/home/grads/g/g.lin/Documents/dad_mocu_kuramoto_v4/experiments/dad_cross_system_improvement/ieee9_T2/selected_policy_robust_rule.json,snap_up(Q_{1-alpha}(U|w) + margin),dad
1,321,"[13, 18]","[1.7183454310464064, 9.687183678271982]",0.96,0.0,0.96,1.04,True,True,False,True,15.06317443770887,-0.5043849788728458,True,True,1.000000000000027,0.9999999999999865,0.0,0.0,0.0,0.12453771103173494,0,0,0,nan,nan,0.0011629785876721144,5b4c2191621b1bbc,0.95,0.9,0.05,True,2a35b5c585aa23b1,/home/grads/g/g.lin/Documents/dad_mocu_kuramoto_v4/experiments/dad_cross_system_improvement/ieee9_T2/selected_policy_robust_rule.json,snap_up(Q_{1-alpha}(U|w) + margin),dad
2,322,"[13, 18]","[2.498591490534965, 6.8700529441957565]",0.96,0.0,0.96,1.04,True,True,False,True,8.622302454139804,-0.5151064628816457,True,True,1.0000000000979257,0.9999999999510374,1.9245140130544104e-82,1.2408107069345947e-41,1.9245140130544104e-82,0.12771650683134794,0,0,0,nan,nan,0.0011846829438582063,5b4c2191621b1bbc,0.95,0.9,0.05,True,2a35b5c585aa23b1,/home/grads/g/g.lin/Documents/dad_mocu_kuramoto_v4/experiments/dad_cross_system_improvement/ieee9_T2/selected_policy_robust_rule.json,snap_up(Q_{1-alpha}(U|w) + margin),dad
3,323,"[13, 18]","[2.7579894906589786, 5.930076473120437]",0.96,0.0,0.96,1.04,True,True,False,True,7.32352426611295,-0.46794511935115835,True,True,1.0000000000200036,0.9999999999899982,6.378835151859414e-12,2.258997149499495e-06,6.378835151859414e-12,0.12404083996079862,0,0,0,nan,nan,0.001578500960022211,5b4c2191621b1bbc,0.95,0.9,0.05,True,2a35b5c585aa23b1,/home/grads/g/g.lin/Documents/dad_mocu_kuramoto_v4/experiments/dad_cross_system_improvement/ieee9_T2/selected_policy_robust_rule.json,snap_up(Q_{1-alpha}(U|w) + margin),dad
4,324,"[13, 18]","[2.5224005458866428, 10.17956634948457]",0.96,0.32,0.6399999999999999,1.04,True,True,False,True,14.43790030192405,-0.6303425473388712,True,True,1.0,1.0,0.0,0.0,-0.32,0.12903193407692015,0,0,0,nan,nan,0.0012803040444850922,5b4c2191621b1bbc,0.95,0.9,0.05,True,2a35b5c585aa23b1,/home/grads/g/g.lin/Documents/dad_mocu_kuramoto_v4/experiments/dad_cross_system_improvement/ieee9_T2/selected_policy_robust_rule.json,snap_up(Q_{1-alpha}(U|w) + margin),dad
5,325,"[13, 18]","[1.8723680362229695, 4.894047655207362]",0.96,0.0,0.96,1.04,True,True,False,True,7.781657682970818,-0.4708646840928323,True,True,3.0739346576682105,0.48967096060219856,1.405443020574239e-05,0.0010602626512170932,1.405443020574239e-05,0.11939503601752222,0,0,0,nan,nan,0.0008837314089760184,5b4c2191621b1bbc,0.95,0.9,0.05,True,2a35b5c585aa23b1,/home/grads/g/g.lin/Documents/dad_mocu_kuramoto_v4/experiments/dad_cross_system_improvement/ieee9_T2/selected_policy_robust_rule.json,snap_up(Q_{1-alpha}(U|w) + margin),dad
6,326,"[13, 18]","[1.1409142425040446, 7.746207028593454]",0.96,0.0,0.96,1.04,True,True,False,True,8.961007936194259,-0.4384225536353909,True,True,1.0000052639207997,0.9999973680465276,2.217904434280538e-251,4.212272008577355e-126,2.217904434280538e-251,0.12712081102654338,0,0,0,nan,nan,0.0006224253447726369,5b4c2191621b1bbc,0.95,0.9,0.05,True,2a35b5c585aa23b1,/home/grads/g/g.lin/Documents/dad_mocu_kuramoto_v4/experiments/dad_cross_system_improvement/ieee9_T2/selected_policy_robust_rule.json,snap_up(Q_{1-alpha}(U|w) + margin),dad
7,327,"[13, 18]","[2.2278693194607455, 3.6312570195837184]",1.12,0.0,1.12,1.04,True,False,True,True,6.560092299319013,-0.4781087923505804,True,True,3.9416135765316396,0.3571952204775365,0.054159611228142245,0.06505625625013257,0.054159611228142245,0.12246555089950562,0,0,0,nan,nan,0.0015206615207716823,5b4c2191621b1bbc,0.95,0.9,0.05,True,2a35b5c585aa23b1,/home/grads/g/g.lin/Documents/dad_mocu_kuramoto_v4/experiments/dad_cross_system_improvement/ieee9_T2/selected_policy_robust_rule.json,snap_up(Q_{1-alpha}(U|w) + margin),dad
8,328,"[13, 18]","[1.7128170525022115, 3.207226867972617]",0.96,0.0,0.96,1.04,True,True,False,True,5.6780854999992,-0.4176225122407299,True,True,2.7630558853419287,0.47177557839036227,4.5210044462418465e-21,2.7144847710069802e-11,4.5210044462418465e-21,0.12237703404389322,0,0,0,nan,nan,0.00130415556486696,5b4c2191621b1bbc,0.95,0.9,0.05,True,2a35b5c585aa23b1,/home/grads/g/g.lin/Documents/dad_mocu_kuramoto_v4/experiments/dad_cross_system_improvement/ieee9_T2/selected_policy_robust_rule.json,snap_up(Q_{1-alpha}(U|w) + margin),dad
9,329,"[13, 18]","[1.9218813114158793, 6.564881429629268]",0.96,0.0,0.96,1.04,True,True,False,True,7.851977293620081,-0.44642008555349066,True,True,1.0000208171988318,0.9999895915122983,1.4373885298439829e-62,1.072338950087698e-31,1.4373885298439829e-62,0.12939016008749604,0,0,0,nan,nan,0.0015269966097548604,5b4c2191621b1bbc,0.95,0.9,0.05,True,2a35b5c585aa23b1,/home/grads/g/g.lin/Documents/dad_mocu_kuramoto_v4/experiments/dad_cross_system_improvement/ieee9_T2/selected_policy_robust_rule.json,snap_up(Q_{1-alpha}(U|w) + margin),dad
10,330,"[13, 18]","[2.1423372122395263, 4.016206807090017]",1.2,0.0,1.2,1.04,True,False,True,True,8.432532617569672,-0.42983493606655837,True,True,1.643818675907567,0.7400294782318609,0.0997861098205028,0.1721771622245789,0.0997861098205028,0.12329535582102835,0,0,0,nan,nan,0.0015606859233230352,5b4c2191621b1bbc,0.95,0.9,0.05,True,2a35b5c585aa23b1,/home/grads/g/g.lin/Documents/dad_mocu_kuramoto_v4/experiments/dad_cross_system_improvement/ieee9_T2/selected_policy_robust_rule.json,snap_up(Q_{1-alpha}(U|w) + margin),dad
11,331,"[13, 18]","[1.6822072381652213, 3.717590416535316]",0.96,0.0,0.96,1.04,True,True,False,True,4.248413669032564,-0.39810126788690003,True,True,2.5604340932364638,0.5381242660602479,3.092724856121515e-06,0.0011122303515218336,3.092724856121515e-06,0.12787919002585113,0,0,0,nan,nan,0.0013794440310448408,5b4c2191621b1bbc,0.95,0.9,0.05,True,2a35b5c585aa23b1,/home/grads/g/g.lin/Documents/dad_mocu_kuramoto_v4/experiments/dad_cross_system_improvement/ieee9_T2/selected_policy_robust_rule.json,snap_up(Q_{1-alpha}(U|w) + margin),dad
12,332,"[13, 18]","[2.393388450407946, 3.165193735984456]",0.96,0.0,0.96,1.04,True,True,False,True,6.751568902381649,-0.5297100728691743,True,True,1.821484586511032,0.6775756985593887,1.1056799270498224e-11,9.412463765777656e-07,1.1056799270498224e-11,0.12426398787647486,0,0,0,nan,nan,0.0011162555310875177,5b4c2191621b1bbc,0.95,0.9,0.05,True,2a35b5c585aa23b1,/home/grads/g/g.lin/Documents/dad_mocu_kuramoto_v4/experiments/dad_cross_system_improvement/ieee9_T2/selected_policy_robust_rule.json,snap_up(Q_{1-alpha}(U|w) + margin),dad
13,333,"[13, 18]","[1.760397784000048, 5.674653014453174]",0.96,0.0,0.96,1.04,True,True,False,True,6.710820899861146,-0.5434168797577088,True,True,1.0276519653337293,0.9863890574811295,4.97492779287092e-19,6.308678335671217e-10,4.97492779287092e-19,0.12373886117711663,0,0,0,nan,nan,0.0010512148728594184,5b4c2191621b1bbc,0.95,0.9,0.05,True,2a35b5c585aa23b1,/home/grads/g/g.lin/Documents/dad_mocu_kuramoto_v4/experiments/dad_cross_system_improvement/ieee9_T2/selected_policy_robust_rule.json,snap_up(Q_{1-alpha}(U|w) + margin),dad
14,334,"[13, 18]","[2.32568199249998, 9.527854486228547]",0.96,0.0,0.96,1.04,True,True,False,True,11.289175671439477,-0.4882397594782111,True,True,1.0087838761957555,0.9956289486032934,0.0,0.0,0.0,0.12355192610993981,0,0,0,nan,nan,0.0019343231106176972,5b4c2191621b1bbc,0.95,0.9,0.05,True,2a35b5c585aa23b1,/home/grads/g/g.lin/Documents/dad_mocu_kuramoto_v4/experiments/dad_cross_system_improvement/ieee9_T2/selected_policy_robust_rule.json,snap_up(Q_{1-alpha}(U|w) + margin),dad
15,335,"[13, 18]","[2.335003711342571, 3.723001233095796]",1.12,0.0,1.12,1.04,True,False,True,True,4.889595303149377,-0.449528535573651,True,True,2.838749085559412,0.43278428032200533,0.05367739411987802,0.05420020155021378,0.05367739411987802,0.12539767497219145,0,0,0,nan,nan,0.000877201440744102,5b4c2191621b1bbc,0.95,0.9,0.05,True,2a35b5c585aa23b1,/home/grads/g/g.lin/Documents/dad_mocu_kuramoto_v4/experiments/dad_cross_system_improvement/ieee9_T2/selected_policy_robust_rule.json,snap_up(Q_{1-alpha}(U|w) + margin),dad
16,336,"[13, 18]","[1.7480122502557074, 4.7044053199072655]",1.04,0.0,1.04,1.04,False,False,False,True,4.994557111113752,-0.402282722457645,True,True,3.6687854152412025,0.38405631067607254,0.011953337387944962,0.02851990035616454,0.011953337387944962,0.12398668401874602,0,0,0,nan,nan,0.0012770878383889794,5b4c2191621b1bbc,0.95,0.9,0.05,True,2a35b5c585aa23b1,/home/grads/g/g.lin/Documents/dad_mocu_kuramoto_v4/experiments/dad_cross_system_improvement/ieee9_T2/selected_policy_robust_rule.json,snap_up(Q_{1-alpha}(U|w) + margin),dad
17,337,"[13, 18]","[2.462740935528595, 3.7701956774017433]",1.04,0.0,1.04,1.04,False,False,False,True,6.010331476012954,-0.42707610054356576,True,True,1.796818547043018,0.7150927829860743,0.0168737093389775,0.034042791489426454,0.0168737093389775,0.12757366802543402,0,0,0,nan,nan,0.0012237939517945051,5b4c2191621b1bbc,0.95,0.9,0.05,True,2a35b5c585aa23b1,/home/grads/g/g.lin/Documents/dad_mocu_kuramoto_v4/experiments/dad_cross_system_improvement/ieee9_T2/selected_policy_robust_rule.json,snap_up(Q_{1-alpha}(U|w) + margin),dad
18,338,"[13, 18]","[3.0263862985315013, 4.676432984765618]",0.96,0.0,0.96,1.04,True,True,False,True,7.593466986003247,-0.537229057804493,True,True,1.0005547783755093,0.9997227077482098,1.3465730963663468e-24,1.0379106305906485e-12,1.3465730963663468e-24,0.12428675801493227,0,0,0,nan,nan,0.0008992040529847145,5b4c2191621b1bbc,0.95,0.9,0.05,True,2a35b5c585aa23b1,/home/grads/g/g.lin/Documents/dad_mocu_kuramoto_v4/experiments/dad_cross_system_improvement/ieee9_T2/selected_policy_robust_rule.json,snap_up(Q_{1-alpha}(U|w) + margin),dad
19,339,"[13, 18]","[2.161341335271856, 6.282812343663707]",0.96,0.0,0.96,1.04,True,True,False,True,7.927223499490062,-0.5758539531458229,True,True,1.8456679395492017,0.6525170199871165,4.436811026277048e-33,5.957725086827722e-17,4.436811026277048e-33,0.12636591400951147,0,0,0,nan,nan,0.001317749498412013,5b4c2191621b1bbc,0.95,0.9,0.05,True,2a35b5c585aa23b1,/home/grads/g/g.lin/Documents/dad_mocu_kuramoto_v4/experiments/dad_cross_system_improvement/ieee9_T2/selected_policy_robust_rule.json,snap_up(Q_{1-alpha}(U|w) + margin),dad
20,340,"[13, 18]","[2.004829877776582, 3.6327804038948606]",0.96,0.0,0.96,1.04,True,True,False,True,4.441070130026861,-0.4414910435412835,True,True,1.3556210345015052,0.8538114263627353,0.003079554591303853,0.024208613150953733,0.003079554591303853,0.12433856702409685,0,0,0,nan,nan,0.0013873374555259943,5b4c2191621b1bbc,0.95,0.9,0.05,True,2a35b5c585aa23b1,/home/grads/g/g.lin/Documents/dad_mocu_kuramoto_v4/experiments/dad_cross_system_improvement/ieee9_T2/selected_policy_robust_rule.json,snap_up(Q_{1-alpha}(U|w) + margin),dad
21,341,"[13, 18]","[2.0376522585913968, 5.034702516911856]",0.96,0.0,0.96,1.04,True,True,False,True,8.061839654099542,-0.5974876731992318,True,True,2.2072315840388796,0.556166435740098,3.717616252932303e-08,0.000172415173663901,3.717616252932303e-08,0.1264418070204556,0,0,0,nan,nan,0.0012977089500054717,5b4c2191621b1bbc,0.95,0.9,0.05,True,2a35b5c585aa23b1,/home/grads/g/g.lin/Documents/dad_mocu_kuramoto_v4/experiments/dad_cross_system_improvement/ieee9_T2/selected_policy_robust_rule.json,snap_up(Q_{1-alpha}(U|w) + margin),dad
22,342,"[13, 18]","[1.5691979427492022, 9.607747344110418]",0.96,0.08,0.88,1.04,True,True,False,True,10.694570660003832,-0.6224213041372098,True,True,1.0000000000072273,0.9999999999963862,0.0,0.0,-0.08,0.1292265048250556,0,0,0,nan,nan,0.0013335889670997858,5b4c2191621b1bbc,0.95,0.9,0.05,True,2a35b5c585aa23b1,/home/grads/g/g.lin/Documents/dad_mocu_kuramoto_v4/experiments/dad_cross_system_improvement/ieee9_T2/selected_policy_robust_rule.json,snap_up(Q_{1-alpha}(U|w) + margin),dad
23,343,"[13, 18]","[1.4021494699020727, 6.065909731157302]",0.96,0.0,0.96,1.04,True,True,False,True,7.166647061352755,-0.4424386866988107,True,True,1.0000000131921392,0.9999999934039305,5.371037862779137e-49,6.555021197695176e-25,5.371037862779137e-49,0.12774277990683913,0,0,0,nan,nan,0.0013298781123012304,5b4c2191621b1bbc,0.95,0.9,0.05,True,2a35b5c585aa23b1,/home/grads/g/g.lin/Documents/dad_mocu_kuramoto_v4/experiments/dad_cross_system_improvement/ieee9_T2/selected_policy_robust_rule.json,snap_up(Q_{1-alpha}(U|w) + margin),dad
24,344,"[13, 18]","[2.197219135463162, 11.466715693215574]",0.96,0.0,0.96,1.04,True,True,False,True,14.85859381051062,-0.44251342840304264,True,True,1.0,1.0,0.0,0.0,0.0,0.12322049308568239,0,0,0,nan,nan,0.0010810325620695949,5b4c2191621b1bbc,0.95,0.9,0.05,True,2a35b5c585aa23b1,/home/grads/g/g.lin/Documents/dad_mocu_kuramoto_v4/experiments/dad_cross_system_improvement/ieee9_T2/selected_policy_robust_rule.json,snap_up(Q_{1-alpha}(U|w) + margin),dad
25,345,"[13, 18]","[2.5404357013195016, 4.239564220589671]",0.96,0.0,0.96,1.04,True,True,False,True,7.567721659310262,-0.4905580998006619,True,True,1.0071838306021694,0.9964249222220439,6.959959044019928e-11,3.117477437604628e-06,6.959959044019928e-11,0.1302127679809928,0,0,0,nan,nan,0.0014189560897648335,5b4c2191621b1bbc,0.95,0.9,0.05,True,2a35b5c585aa23b1,/home/grads/g/g.lin/Documents/dad_mocu_kuramoto_v4/experiments/dad_cross_system_improvement/ieee9_T2/selected_policy_robust_rule.json,snap_up(Q_{1-alpha}(U|w) + margin),dad
26,346,"[13, 18]","[1.6020895138886835, 3.695905381594911]",0.96,0.0,0.96,1.04,True,True,False,True,5.782712054204944,-0.4279622217898982,True,True,1.2034891183600904,0.9093806578102072,8.417495423825332e-09,5.8025752402891375e-05,8.417495423825332e-09,0.12221881188452244,0,0,0,nan,nan,0.0015672625740990043,5b4c2191621b1bbc,0.95,0.9,0.05,True,2a35b5c585aa23b1,/home/grads/g/g.lin/Documents/dad_mocu_kuramoto_v4/experiments/dad_cross_system_improvement/ieee9_T2/selected_policy_robust_rule.json,snap_up(Q_{1-alpha}(U|w) + margin),dad
27,347,"[13, 18]","[2.482692679720599, 4.387504089175033]",0.96,0.0,0.96,1.04,True,True,False,True,7.025456035164314,-0.5490581799175094,True,True,1.6533284465018407,0.7534947770488284,1.2398601794532162e-13,2.2125003106501614e-07,1.2398601794532162e-13,0.12761465390212834,0,0,0,nan,nan,0.001496231066994369,5b4c2191621b1bbc,0.95,0.9,0.05,True,2a35b5c585aa23b1,/home/grads/g/g.lin/Documents/dad_mocu_kuramoto_v4/experiments/dad_cross_system_improvement/ieee9_T2/selected_policy_robust_rule.json,snap_up(Q_{1-alpha}(U|w) + margin),dad
28,348,"[13, 18]","[2.374931076686019, 4.948354798923601]",0.96,0.0,0.96,1.04,True,True,False,True,5.7239781922246245,-0.455039528164657,True,True,1.1517487098048451,0.9306588447468125,0.0007256500949289379,0.024083054371961947,0.0007256500949289379,0.12381689390167594,0,0,0,nan,nan,0.0011176359839737415,5b4c2191621b1bbc,0.95,0.9,0.05,True,2a35b5c585aa23b1,/home/grads/g/g.lin/Documents/dad_mocu_kuramoto_v4/experiments/dad_cross_system_improvement/ieee9_T2/selected_policy_robust_rule.json,snap_up(Q_{1-alpha}(U|w) + margin),dad
29,349,"[13, 18]","[1.975340365550479, 3.97475246027411]",1.2,0.0,1.2,1.04,True,False,True,True,5.092938611391068,-0.43338900960474497,True,True,1.3265218280130329,0.8644563838862046,0.3458672659854908,0.13675674775222926,0.3458672659854908,0.12741000996902585,0,0,0,nan,nan,0.0012158295139670372,5b4c2191621b1bbc,0.95,0.9,0.05,True,2a35b5c585aa23b1,/home/grads/g/g.lin/Documents/dad_mocu_kuramoto_v4/experiments/dad_cross_system_improvement/ieee9_T2/selected_policy_robust_rule.json,snap_up(Q_{1-alpha}(U|w) + margin),dad
30,350,"[13, 18]","[1.5292978691064492, 8.662725941563846]",0.96,0.0,0.96,1.04,True,True,False,True,10.528481518189245,-0.4126299402114316,True,True,1.0095191531418706,0.9952639110427527,0.0,0.0,0.0,0.129478215938434,0,0,0,nan,nan,0.0011242214823141694,5b4c2191621b1bbc,0.95,0.9,0.05,True,2a35b5c585aa23b1,/home/grads/g/g.lin/Documents/dad_mocu_kuramoto_v4/experiments/dad_cross_system_improvement/ieee9_T2/selected_policy_robust_rule.json,snap_up(Q_{1-alpha}(U|w) + margin),dad
31,351,"[13, 18]","[1.7026027401468888, 8.516746514553587]",0.96,0.0,0.96,1.04,True,True,False,True,11.096443717408796,-0.4453138079500316,True,True,1.2251608436122812,0.8983425286069938,0.0,0.0,0.0,0.12480072001926601,0,0,0,nan,nan,0.0008613839745521545,5b4c2191621b1bbc,0.95,0.9,0.05,True,2a35b5c585aa23b1,/home/grads/g/g.lin/Documents/dad_mocu_kuramoto_v4/experiments/dad_cross_system_improvement/ieee9_T2/selected_policy_robust_rule.json,snap_up(Q_{1-alpha}(U|w) + margin),dad
0,352,"[13, 18]","[2.271136466732207, 4.642960629398366]",0.96,0.0,0.96,1.04,True,True,False,True,4.948483499689389,-0.42680762448357806,True,True,1.7539904423893504,0.6977327628214439,1.4781682465020888e-10,3.4388547114496516e-06,1.4781682465020888e-10,0.13120153499767184,0,0,0,nan,nan,0.0012264585820958018,5b4c2191621b1bbc,0.95,0.9,0.05,True,2a35b5c585aa23b1,/home/grads/g/g.lin/Documents/dad_mocu_kuramoto_v4/experiments/dad_cross_system_improvement/ieee9_T2/selected_policy_robust_rule.json,snap_up(Q_{1-alpha}(U|w) + margin),dad
1,353,"[13, 18]","[1.9337218802029348, 9.644971873408698]",0.96,0.0,0.96,1.04,True,True,False,True,15.06317443770887,-0.5043849788728458,True,True,1.0000000082883242,0.9999999958558379,0.0,0.0,0.0,0.12255586008541286,0,0,0,nan,nan,0.0013026223750784993,5b4c2191621b1bbc,0.95,0.9,0.05,True,2a35b5c585aa23b1,/home/grads/g/g.lin/Documents/dad_mocu_kuramoto_v4/experiments/dad_cross_system_improvement/ieee9_T2/selected_policy_robust_rule.json,snap_up(Q_{1-alpha}(U|w) + margin),dad
2,354,"[13, 18]","[2.5289336726617035, 6.747371037672482]",0.96,0.0,0.96,1.04,True,True,False,True,8.622302454139804,-0.5151064628816457,True,True,1.0000000000002953,0.9999999999998523,1.0699664498056747e-70,9.251881753700378e-36,1.0699664498056747e-70,0.12531575793400407,0,0,0,nan,nan,0.0013540295185521245,5b4c2191621b1bbc,0.95,0.9,0.05,True,2a35b5c585aa23b1,/home/grads/g/g.lin/Documents/dad_mocu_kuramoto_v4/experiments/dad_cross_system_improvement/ieee9_T2/selected_policy_robust_rule.json,snap_up(Q_{1-alpha}(U|w) + margin),dad
3,355,"[13, 18]","[2.9149022371838726, 5.97141704734171]",0.96,0.0,0.96,1.04,True,True,False,True,7.32352426611295,-0.46794511935115835,True,True,1.0000000000002829,0.9999999999998586,1.1304492457273001e-13,3.007256883908843e-07,1.1304492457273001e-13,0.12666279403492808,0,0,0,nan,nan,0.0009845129679888487,5b4c2191621b1bbc,0.95,0.9,0.05,True,2a35b5c585aa23b1,/home/grads/g/g.lin/Documents/dad_mocu_kuramoto_v4/experiments/dad_cross_system_improvement/ieee9_T2/selected_policy_robust_rule.json,snap_up(Q_{1-alpha}(U|w) + margin),dad
4,356,"[13, 18]","[2.3767066456864794, 10.230878878801684]",0.96,0.32,0.6399999999999999,1.04,True,True,False,True,14.43790030192405,-0.6303425473388712,True,True,1.0,1.0,0.0,0.0,-0.32,0.1276592230424285,0,0,0,nan,nan,0.0014035614440217614,5b4c2191621b1bbc,0.95,0.9,0.05,True,2a35b5c585aa23b1,/home/grads/g/g.lin/Documents/dad_mocu_kuramoto_v4/experiments/dad_cross_system_improvement/ieee9_T2/selected_policy_robust_rule.json,snap_up(Q_{1-alpha}(U|w) + margin),dad
5,357,"[13, 18]","[1.8712485136513142, 4.856367947720564]",0.96,0.0,0.96,1.04,True,True,False,True,7.781657682970818,-0.4708646840928323,True,True,2.432938000899369,0.5539670777714113,6.536009592253682e-05,0.002285724334138049,6.536009592253682e-05,0.1271232150029391,0,0,0,nan,nan,0.0013772569363936782,5b4c2191621b1bbc,0.95,0.9,0.05,True,2a35b5c585aa23b1,/home/grads/g/g.lin/Documents/dad_mocu_kuramoto_v4/experiments/dad_cross_system_improvement/ieee9_T2/selected_policy_robust_rule.json,snap_up(Q_{1-alpha}(U|w) + margin),dad
6,358,"[13, 18]","[1.1931488927936758, 7.797633888545336]",0.96,0.0,0.96,1.04,True,True,False,True,8.961007936194259,-0.4384225536353909,True,True,1.000009487798068,0.9999952561234704,5.1666607214206105e-257,6.42909680836779e-129,5.1666607214206105e-257,0.12010866915807128,0,0,0,nan,nan,0.001699451939202845,5b4c2191621b1bbc,0.95,0.9,0.05,True,2a35b5c585aa23b1,/home/grads/g/g.lin/Documents/dad_mocu_kuramoto_v4/experiments/dad_cross_system_improvement/ieee9_T2/selected_policy_robust_rule.json,snap_up(Q_{1-alpha}(U|w) + margin),dad
7,359,"[13, 18]","[2.2029010740611437, 3.729983588413025]",1.12,0.0,1.12,1.04,True,False,True,True,6.560092299319013,-0.4781087923505804,True,True,2.6647785257968173,0.5066575770889709,0.09309970865125781,0.07351938482329894,0.09309970865125781,0.12955823494121432,0,0,0,nan,nan,0.000886519905179739,5b4c2191621b1bbc,0.95,0.9,0.05,True,2a35b5c585aa23b1,/home/grads/g/g.lin/Documents/dad_mocu_kuramoto_v4/experiments/dad_cross_system_improvement/ieee9_T2/selected_policy_robust_rule.json,snap_up(Q_{1-alpha}(U|w) + margin),dad
8,360,"[13, 18]","[1.4704601745081973, 3.2661463358787683]",0.96,0.0,0.96,1.04,True,True,False,True,5.6780854999992,-0.4176225122407299,True,True,3.7810547756121418,0.3447380435160234,6.540561785290104e-25,5.100275139359278e-13,6.540561785290104e-25,0.12117472919635475,0,0,0,nan,nan,0.0012227169936522841,5b4c2191621b1bbc,0.95,0.9,0.05,True,2a35b5c585aa23b1,/home/grads/g/g.lin/Documents/dad_mocu_kuramoto_v4/experiments/dad_cross_system_improvement/ieee9_T2/selected_policy_robust_rule.json,snap_up(Q_{1-alpha}(U|w) + margin),dad
9,361,"[13, 18]","[1.9623932901507606, 6.515070959501086]",0.96,0.0,0.96,1.04,True,True,False,True,7.851977293620081,-0.44642008555349066,True,True,1.0000816002352393,0.9999592015762676,2.4632438129108044e-57,4.4391384866082336e-29,2.4632438129108044e-57,0.12583343498408794,0,0,0,nan,nan,0.001147343427874148,5b4c2191621b1bbc,0.95,0.9,0.05,True,2a35b5c585aa23b1,/home/grads/g/g.lin/Documents/dad_mocu_kuramoto_v4/experiments/dad_cross_system_improvement/ieee9_T2/selected_policy_robust_rule.json,snap_up(Q_{1-alpha}(U|w) + margin),dad
10,362,"[13, 18]","[1.8704864854564498, 3.945294104907185]",1.2,0.0,1.2,1.04,True,False,True,True,8.432532617569672,-0.42983493606655837,True,True,4.291459466517126,0.28008259313957323,0.11203550674943692,0.17961529790069364,0.11203550674943692,0.1249570120126009,0,0,0,nan,nan,0.0010749404318630695,5b4c2191621b1bbc,0.95,0.9,0.05,True,2a35b5c585aa23b1,/home/grads/g/g.lin/Documents/dad_mocu_kuramoto_v4/experiments/dad_cross_system_improvement/ieee9_T2/selected_policy_robust_rule.json,snap_up(Q_{1-alpha}(U|w) + margin),dad
11,363,"[13, 18]","[1.8215116005925696, 3.7871603332247044]",0.96,0.0,0.96,1.04,True,True,False,True,4.248413669032564,-0.39810126788690003,True,True,1.3123387475444608,0.8686842800937458,0.0017178271452871607,0.026154079119044365,0.0017178271452871607,0.12449520383961499,0,0,0,nan,nan,0.0010728244669735432,5b4c2191621b1bbc,0.95,0.9,0.05,True,2a35b5c585aa23b1,/home/grads/g/g.lin/Documents/dad_mocu_kuramoto_v4/experiments/dad_cross_system_improvement/ieee9_T2/selected_policy_robust_rule.json,snap_up(Q_{1-alpha}(U|w) + margin),dad
12,364,"[13, 18]","[2.221731339183679, 3.1477933898037387]",0.96,0.0,0.96,1.04,True,True,False,True,6.751568902381649,-0.5297100728691743,True,True,2.4250767106941895,0.5576756061688769,1.661315886710828e-13,1.1718652371204753e-07,1.661315886710828e-13,0.1281173590105027,0,0,0,nan,nan,0.001257585478015244,5b4c2191621b1bbc,0.95,0.9,0.05,True,2a35b5c585aa23b1,/home/grads/g/g.lin/Documents/dad_mocu_kuramoto_v4/experiments/dad_cross_system_improvement/ieee9_T2/selected_policy_robust_rule.json,snap_up(Q_{1-alpha}(U|w) + margin),dad
13,365,"[13, 18]","[1.6393319538695896, 5.753381092224435]",0.96,0.0,0.96,1.04,True,True,False,True,6.710820899861146,-0.5434168797577088,True,True,1.0061455866352376,0.9969387150997534,4.941350351553535e-25,6.287352607610637e-13,4.941350351553535e-25,0.1263310848735273,0,0,0,nan,nan,0.001493071555159986,5b4c2191621b1bbc,0.95,0.9,0.05,True,2a35b5c585aa23b1,/home/grads/g/g.lin/Documents/dad_mocu_kuramoto_v4/experiments/dad_cross_system_improvement/ieee9_T2/selected_policy_robust_rule.json,snap_up(Q_{1-alpha}(U|w) + margin),dad
14,366,"[13, 18]","[2.156367590019157, 9.525810323384533]",0.96,0.0,0.96,1.04,True,True,False,True,11.289175671439477,-0.4882397594782111,True,True,1.0049434977330152,0.9975343311813484,0.0,0.0,0.0,0.12223839177750051,0,0,0,nan,nan,0.0008308114483952522,5b4c2191621b1bbc,0.95,0.9,0.05,True,2a35b5c585aa23b1,/home/grads/g/g.lin/Documents/dad_mocu_kuramoto_v4/experiments/dad_cross_system_improvement/ieee9_T2/selected_policy_robust_rule.json,snap_up(Q_{1-alpha}(U|w) + margin),dad
15,367,"[13, 18]","[2.3592780120872208, 3.6055578995689515]",1.04,0.0,1.04,1.04,False,False,False,True,4.879891571084799,-0.4573453425982995,True,True,2.576623971825603,0.5276535471654786,0.04762522633562821,0.04443977266447222,0.04762522633562821,0.13002443499863148,0,0,0,nan,nan,0.0012122784974053502,5b4c2191621b1bbc,0.95,0.9,0.05,True,2a35b5c585aa23b1,/home/grads/g/g.lin/Documents/dad_mocu_kuramoto_v4/experiments/dad_cross_system_improvement/ieee9_T2/selected_policy_robust_rule.json,snap_up(Q_{1-alpha}(U|w) + margin),dad
16,368,"[13, 18]","[1.7865934108848627, 4.7779601597747785]",0.96,0.0,0.96,1.04,True,True,False,True,4.994557111113752,-0.4136654942232219,True,True,3.4331824543524907,0.4395340850253503,0.0023687699418291313,0.013560624038333092,0.0023687699418291313,0.12056768196634948,0,0,0,nan,nan,0.0010961844818666577,5b4c2191621b1bbc,0.95,0.9,0.05,True,2a35b5c585aa23b1,/home/grads/g/g.lin/Documents/dad_mocu_kuramoto_v4/experiments/dad_cross_system_improvement/ieee9_T2/selected_policy_robust_rule.json,snap_up(Q_{1-alpha}(U|w) + margin),dad
17,369,"[13, 18]","[2.4168595505762536, 3.632493758900537]",1.04,0.0,1.04,1.04,False,False,False,True,6.010331476012954,-0.42707610054356576,True,True,2.7098656790756985,0.5038419093298875,0.042511091307998454,0.04207129430964162,0.042511091307998454,0.1256456628907472,0,0,0,nan,nan,0.0008603414753451943,5b4c2191621b1bbc,0.95,0.9,0.05,True,2a35b5c585aa23b1,/home/grads/g/g.lin/Documents/dad_mocu_kuramoto_v4/experiments/dad_cross_system_improvement/ieee9_T2/selected_policy_robust_rule.json,snap_up(Q_{1-alpha}(U|w) + margin),dad
18,370,"[13, 18]","[2.91851642659263, 4.587200524823847]",0.96,0.0,0.96,1.04,True,True,False,True,7.593466986003247,-0.537229057804493,True,True,1.270382240633916,0.8810151606162484,3.0639360168744156e-23,4.9509078091702764e-12,3.0639360168744156e-23,0.12317121215164661,0,0,0,nan,nan,0.0011645215563476086,5b4c2191621b1bbc,0.95,0.9,0.05,True,2a35b5c585aa23b1,/home/grads/g/g.lin/Documents/dad_mocu_kuramoto_v4/experiments/dad_cross_system_improvement/ieee9_T2/selected_policy_robust_rule.json,snap_up(Q_{1-alpha}(U|w) + margin),dad
19,371,"[13, 18]","[2.177522265287286, 6.1980255521333705]",0.96,0.0,0.96,1.04,True,True,False,True,7.927223499490062,-0.5758539531458229,True,True,1.0048792364409391,0.9975679824795827,2.99400851258044e-28,1.5476455699107443e-14,2.99400851258044e-28,0.12380037503316998,0,0,0,nan,nan,0.0013891010312363505,5b4c2191621b1bbc,0.95,0.9,0.05,True,2a35b5c585aa23b1,/home/grads/g/g.lin/Documents/dad_mocu_kuramoto_v4/experiments/dad_cross_system_improvement/ieee9_T2/selected_policy_robust_rule.json,snap_up(Q_{1-alpha}(U|w) + margin),dad
20,372,"[13, 18]","[1.965656500670278, 3.6180433094867404]",0.96,0.0,0.96,1.04,True,True,False,True,4.441070130026861,-0.4414910435412835,True,True,1.5904560058168737,0.7702803961341054,0.0008030418500705193,0.013394881794846082,0.0008030418500705193,0.12907047499902546,0,0,0,nan,nan,0.0009165205992758274,5b4c2191621b1bbc,0.95,0.9,0.05,True,2a35b5c585aa23b1,/home/grads/g/g.lin/Documents/dad_mocu_kuramoto_v4/experiments/dad_cross_system_improvement/ieee9_T2/selected_policy_robust_rule.json,snap_up(Q_{1-alpha}(U|w) + margin),dad
21,373,"[13, 18]","[1.7319291845561664, 4.994432349930041]",0.96,0.0,0.96,1.04,True,True,False,True,8.061839654099542,-0.5974876731992318,True,True,2.3645152700504912,0.536808019960409,1.651884339952544e-06,0.0003635216891396353,1.651884339952544e-06,0.12394481897354126,0,0,0,nan,nan,0.0013665109872817993,5b4c2191621b1bbc,0.95,0.9,0.05,True,2a35b5c585aa23b1,/home/grads/g/g.lin/Documents/dad_mocu_kuramoto_v4/experiments/dad_cross_system_improvement/ieee9_T2/selected_policy_robust_rule.json,snap_up(Q_{1-alpha}(U|w) + margin),dad
22,374,"[13, 18]","[1.6458419262345672, 9.620923803607747]",0.96,0.08,0.88,1.04,True,True,False,True,10.694570660003832,-0.6224213041372098,True,True,1.0000000000022973,0.9999999999988514,0.0,0.0,-0.08,0.12486365716904402,0,0,0,nan,nan,0.0019888030365109444,5b4c2191621b1bbc,0.95,0.9,0.05,True,2a35b5c585aa23b1,/home/grads/g/g.lin/Documents/dad_mocu_kuramoto_v4/experiments/dad_cross_system_improvement/ieee9_T2/selected_policy_robust_rule.json,snap_up(Q_{1-alpha}(U|w) + margin),dad
23,375,"[13, 18]","[1.6703112642262565, 5.954286764082256]",0.96,0.0,0.96,1.04,True,True,False,True,7.166647061352755,-0.4424386866988107,True,True,1.014739161685355,0.9926964004977523,2.3204105281041454e-31,4.308512994622758e-16,2.3204105281041454e-31,0.12571728485636413,0,0,0,nan,nan,0.001427346607670188,5b4c2191621b1bbc,0.95,0.9,0.05,True,2a35b5c585aa23b1,/home/grads/g/g.lin/Documents/dad_mocu_kuramoto_v4/experiments/dad_cross_system_improvement/ieee9_T2/selected_policy_robust_rule.json,snap_up(Q_{1-alpha}(U|w) + margin),dad
24,376,"[13, 18]","[2.1136318583686173, 11.500625411914188]",0.96,0.0,0.96,1.04,True,True,False,True,14.85859381051062,-0.44251342840304264,True,True,1.0,1.0,0.0,0.0,0.0,0.12203360092826188,0,0,0,nan,nan,0.0013420995092019439,5b4c2191621b1bbc,0.95,0.9,0.05,True,2a35b5c585aa23b1,/home/grads/g/g.lin/Documents/dad_mocu_kuramoto_v4/experiments/dad_cross_system_improvement/ieee9_T2/selected_policy_robust_rule.json,snap_up(Q_{1-alpha}(U|w) + margin),dad
25,377,"[13, 18]","[2.617290879214736, 4.185132622681334]",0.96,0.0,0.96,1.04,True,True,False,True,7.567721659310262,-0.4905580998006619,True,True,1.2399980997277196,0.8918734155443188,9.712170790163595e-10,9.348189639159845e-06,9.712170790163595e-10,0.12847826583310962,0,0,0,nan,nan,0.001158367027528584,5b4c2191621b1bbc,0.95,0.9,0.05,True,2a35b5c585aa23b1,/home/grads/g/g.lin/Documents/dad_mocu_kuramoto_v4/experiments/dad_cross_system_improvement/ieee9_T2/selected_policy_robust_rule.json,snap_up(Q_{1-alpha}(U|w) + margin),dad
26,378,"[13, 18]","[1.5163925996470398, 3.4855115039221376]",0.96,0.0,0.96,1.04,True,True,False,True,5.782712054204944,-0.4279622217898982,True,True,1.165556501209158,0.9237037259385651,5.012952953230058e-17,4.477782341420843e-09,5.012952953230058e-17,0.11971657909452915,0,0,0,nan,nan,0.0011282740160822868,5b4c2191621b1bbc,0.95,0.9,0.05,True,2a35b5c585aa23b1,/home/grads/g/g.lin/Documents/dad_mocu_kuramoto_v4/experiments/dad_cross_system_improvement/ieee9_T2/selected_policy_robust_rule.json,snap_up(Q_{1-alpha}(U|w) + margin),dad
27,379,"[13, 18]","[2.627906333888881, 4.500079822205842]",0.96,0.0,0.96,1.04,True,True,False,True,7.025456035164314,-0.5490581799175094,True,True,1.7831262976631495,0.6956165350372416,1.0793665290527302e-20,6.834969680146416e-11,1.0793665290527302e-20,0.1300420011393726,0,0,0,nan,nan,0.001137330080382526,5b4c2191621b1bbc,0.95,0.9,0.05,True,2a35b5c585aa23b1,/home/grads/g/g.lin/Documents/dad_mocu_kuramoto_v4/experiments/dad_cross_system_improvement/ieee9_T2/selected_policy_robust_rule.json,snap_up(Q_{1-alpha}(U|w) + margin),dad
28,380,"[13, 18]","[2.1820256340016404, 4.940082042313609]",0.96,0.0,0.96,1.04,True,True,False,True,5.7239781922246245,-0.455039528164657,True,True,2.140335740975895,0.6158549342364396,5.728601133988393e-06,0.002140750940628103,5.728601133988393e-06,0.12669163011014462,0,0,0,nan,nan,0.0012227485422044992,5b4c2191621b1bbc,0.95,0.9,0.05,True,2a35b5c585aa23b1,/home/grads/g/g.lin/Documents/dad_mocu_kuramoto_v4/experiments/dad_cross_system_improvement/ieee9_T2/selected_policy_robust_rule.json,snap_up(Q_{1-alpha}(U|w) + margin),dad
29,381,"[13, 18]","[1.876081015544436, 4.000329279478883]",1.2,0.0,1.2,1.04,True,False,True,True,5.092938611391068,-0.43338900960474497,True,True,3.7096906751048495,0.3424261770622166,0.13697128426743008,0.18980828687092932,0.13697128426743008,0.12523287208750844,0,0,0,nan,nan,0.0007565499981865287,5b4c2191621b1bbc,0.95,0.9,0.05,True,2a35b5c585aa23b1,/home/grads/g/g.lin/Documents/dad_mocu_kuramoto_v4/experiments/dad_cross_system_improvement/ieee9_T2/selected_policy_robust_rule.json,snap_up(Q_{1-alpha}(U|w) + margin),dad
30,382,"[13, 18]","[1.7142025413379458, 8.616223495768473]",0.96,0.0,0.96,1.04,True,True,False,True,10.528481518189245,-0.4126299402114316,True,True,1.1447990665186167,0.932216078258025,0.0,0.0,0.0,0.12381421192549169,0,0,0,nan,nan,0.0015622420469298959,5b4c2191621b1bbc,0.95,0.9,0.05,True,2a35b5c585aa23b1,/home/grads/g/g.lin/Documents/dad_mocu_kuramoto_v4/experiments/dad_cross_system_improvement/ieee9_T2/selected_policy_robust_rule.json,snap_up(Q_{1-alpha}(U|w) + margin),dad
31,383,"[13, 18]","[1.7804046218606375, 8.502117244321877]",0.96,0.0,0.96,1.04,True,True,False,True,11.096443717408796,-0.4453138079500316,True,True,1.0934491290799022,0.9555813966502359,0.0,0.0,0.0,0.12633464206010103,0,0,0,nan,nan,0.0015610215486958623,5b4c2191621b1bbc,0.95,0.9,0.05,True,2a35b5c585aa23b1,/home/grads/g/g.lin/Documents/dad_mocu_kuramoto_v4/experiments/dad_cross_system_improvement/ieee9_T2/selected_policy_robust_rule.json,snap_up(Q_{1-alpha}(U|w) + margin),dad
0,384,"[13, 18]","[2.345432766696019, 4.563315347297206]",0.96,0.0,0.96,1.04,True,True,False,True,4.948483499689389,-0.42680762448357806,True,True,1.243594737962666,0.8934961114046779,1.8208721849606973e-13,1.2074501838031507e-07,1.8208721849606973e-13,0.12749459384940565,0,0,0,nan,nan,0.0011822589440271258,5b4c2191621b1bbc,0.95,0.9,0.05,True,2a35b5c585aa23b1,/home/grads/g/g.lin/Documents/dad_mocu_kuramoto_v4/experiments/dad_cross_system_improvement/ieee9_T2/selected_policy_robust_rule.json,snap_up(Q_{1-alpha}(U|w) + margin),dad
1,385,"[13, 18]","[1.92868037684845, 9.589175718771438]",0.96,0.0,0.96,1.04,True,True,False,True,15.06317443770887,-0.5043849788728458,True,True,1.0000000436919338,0.9999999781540334,0.0,0.0,0.0,0.11873643100261688,0,0,0,nan,nan,0.0012735649943351746,5b4c2191621b1bbc,0.95,0.9,0.05,True,2a35b5c585aa23b1,/home/grads/g/g.lin/Documents/dad_mocu_kuramoto_v4/experiments/dad_cross_system_improvement/ieee9_T2/selected_policy_robust_rule.json,snap_up(Q_{1-alpha}(U|w) + margin),dad
2,386,"[13, 18]","[2.551928430848874, 6.619277931288471]",0.96,0.0,0.96,1.04,True,True,False,True,8.622302454139804,-0.5151064628816457,True,True,1.0000000054867852,0.9999999972566076,1.79593662774264e-58,1.1986447773189987e-29,1.79593662774264e-58,0.12861163914203644,0,0,0,nan,nan,0.0009154990548267961,5b4c2191621b1bbc,0.95,0.9,0.05,True,2a35b5c585aa23b1,/home/grads/g/g.lin/Documents/dad_mocu_kuramoto_v4/experiments/dad_cross_system_improvement/ieee9_T2/selected_policy_robust_rule.json,snap_up(Q_{1-alpha}(U|w) + margin),dad
3,387,"[13, 18]","[2.88322103839138, 5.986850120676987]",0.96,0.0,0.96,1.04,True,True,False,True,7.32352426611295,-0.46794511935115835,True,True,1.0000000000000333,0.9999999999999833,1.3130936578752131e-14,1.0249267907027084e-07,1.3130936578752131e-14,0.12368027586489916,0,0,0,nan,nan,0.0016047995304688811,5b4c2191621b1bbc,0.95,0.9,0.05,True,2a35b5c585aa23b1,/home/grads/g/g.lin/Documents/dad_mocu_kuramoto_v4/experiments/dad_cross_system_improvement/ieee9_T2/selected_policy_robust_rule.json,snap_up(Q_{1-alpha}(U|w) + margin),dad
4,388,"[13, 18]","[2.433651998447559, 10.305004502851412]",0.96,0.32,0.6399999999999999,1.04,True,True,False,True,14.43790030192405,-0.6303425473388712,True,True,1.0,1.0,0.0,0.0,-0.32,0.12422947795130312,0,0,0,nan,nan,0.0005998390261083841,5b4c2191621b1bbc,0.95,0.9,0.05,True,2a35b5c585aa23b1,/home/grads/g/g.lin/Documents/dad_mocu_kuramoto_v4/experiments/dad_cross_system_improvement/ieee9_T2/selected_policy_robust_rule.json,snap_up(Q_{1-alpha}(U|w) + margin),dad
5,389,"[13, 18]","[1.9027565847616708, 5.007210025215402]",0.96,0.0,0.96,1.04,True,True,False,True,7.781657682970818,-0.4708646840928323,True,True,2.0946833824108273,0.5803970615796188,8.986612497784854e-09,2.6823226081743513e-05,8.986612497784854e-09,0.12583004496991634,0,0,0,nan,nan,0.0013365941122174263,5b4c2191621b1bbc,0.95,0.9,0.05,True,2a35b5c585aa23b1,/home/grads/g/g.lin/Documents/dad_mocu_kuramoto_v4/experiments/dad_cross_system_improvement/ieee9_T2/selected_policy_robust_rule.json,snap_up(Q_{1-alpha}(U|w) + margin),dad
6,390,"[13, 18]","[1.0021315018844947, 7.665053345841675]",0.96,0.0,0.96,1.04,True,True,False,True,8.961007936194259,-0.4384225536353909,True,True,1.0000005297908854,0.9999997351046275,1.123965285832766e-245,2.9986200637396747e-123,1.123965285832766e-245,0.1281520901247859,0,0,0,nan,nan,0.0011172399390488863,5b4c2191621b1bbc,0.95,0.9,0.05,True,2a35b5c585aa23b1,/home/grads/g/g.lin/Documents/dad_mocu_kuramoto_v4/experiments/dad_cross_system_improvement/ieee9_T2/selected_policy_robust_rule.json,snap_up(Q_{1-alpha}(U|w) + margin),dad
7,391,"[13, 18]","[2.3345422119715007, 3.796241729114644]",1.12,0.0,1.12,1.04,True,False,True,True,6.560092299319013,-0.4781087923505804,True,True,3.3072074576053208,0.3633513502265334,0.05839925318129941,0.06036139066151157,0.05839925318129941,0.1244924790225923,0,0,0,nan,nan,0.0008653444238007069,5b4c2191621b1bbc,0.95,0.9,0.05,True,2a35b5c585aa23b1,/home/grads/g/g.lin/Documents/dad_mocu_kuramoto_v4/experiments/dad_cross_system_improvement/ieee9_T2/selected_policy_robust_rule.json,snap_up(Q_{1-alpha}(U|w) + margin),dad
8,392,"[13, 18]","[1.6799787293712207, 3.2899410240847624]",0.96,0.0,0.96,1.04,True,True,False,True,5.6780854999992,-0.4176225122407299,True,True,2.2944831155911274,0.5141629981211036,2.508193088339584e-19,2.345790985656514e-10,2.508193088339584e-19,0.12455373210832477,0,0,0,nan,nan,0.0010909794364124537,5b4c2191621b1bbc,0.95,0.9,0.05,True,2a35b5c585aa23b1,/home/grads/g/g.lin/Documents/dad_mocu_kuramoto_v4/experiments/dad_cross_system_improvement/ieee9_T2/selected_policy_robust_rule.json,snap_up(Q_{1-alpha}(U|w) + margin),dad
9,393,"[13, 18]","[2.050741414803563, 6.619987855984506]",0.96,0.0,0.96,1.04,True,True,False,True,7.851977293620081,-0.44642008555349066,True,True,1.0153255147308335,0.9923950712172697,7.336343692564052e-63,7.660988809580158e-32,7.336343692564052e-63,0.12315817689523101,0,0,0,nan,nan,0.0012724300613626838,5b4c2191621b1bbc,0.95,0.9,0.05,True,2a35b5c585aa23b1,/home/grads/g/g.lin/Documents/dad_mocu_kuramoto_v4/experiments/dad_cross_system_improvement/ieee9_T2/selected_policy_robust_rule.json,snap_up(Q_{1-alpha}(U|w) + margin),dad
10,394,"[13, 18]","[2.0777341034912067, 4.104014920906146]",1.2,0.0,1.2,1.04,True,False,True,True,8.432532617569672,-0.42983493606655837,True,True,3.1270443780317976,0.38860815035907964,0.15546996739794383,0.19496324077548224,0.15546996739794383,0.12647608807310462,0,0,0,nan,nan,0.0009661194635555148,5b4c2191621b1bbc,0.95,0.9,0.05,True,2a35b5c585aa23b1,/home/grads/g/g.lin/Documents/dad_mocu_kuramoto_v4/experiments/dad_cross_system_improvement/ieee9_T2/selected_policy_robust_rule.json,snap_up(Q_{1-alpha}(U|w) + margin),dad
11,395,"[13, 18]","[1.7864456370918882, 3.709521300989073]",0.96,0.0,0.96,1.04,True,True,False,True,4.248413669032564,-0.39810126788690003,True,True,1.2084201368247305,0.9080991548986135,8.007674713868035e-05,0.005657355007048228,8.007674713868035e-05,0.12441494013182819,0,0,0,nan,nan,0.0013241309206932783,5b4c2191621b1bbc,0.95,0.9,0.05,True,2a35b5c585aa23b1,/home/grads/g/g.lin/Documents/dad_mocu_kuramoto_v4/experiments/dad_cross_system_improvement/ieee9_T2/selected_policy_robust_rule.json,snap_up(Q_{1-alpha}(U|w) + margin),dad
12,396,"[13, 18]","[2.404250242026967, 3.2744954713032888]",0.96,0.0,0.96,1.04,True,True,False,True,6.751568902381649,-0.5297100728691743,True,True,2.4257091666614077,0.51896822251763,2.4321455561041735e-08,4.418235463945845e-05,2.4321455561041735e-08,0.1248857150785625,0,0,0,nan,nan,0.0008760405471548438,5b4c2191621b1bbc,0.95,0.9,0.05,True,2a35b5c585aa23b1,/home/grads/g/g.lin/Documents/dad_mocu_kuramoto_v4/experiments/dad_cross_system_improvement/ieee9_T2/selected_policy_robust_rule.json,snap_up(Q_{1-alpha}(U|w) + margin),dad
13,397,"[13, 18]","[1.838230018493861, 5.786588973483913]",0.96,0.0,0.96,1.04,True,True,False,True,6.710820899861146,-0.5434168797577088,True,True,1.4522771356575395,0.8165445966696389,2.5385887191849822e-19,4.506518584614942e-10,2.5385887191849822e-19,0.12558710994198918,0,0,0,nan,nan,0.0007851010886952281,5b4c2191621b1bbc,0.95,0.9,0.05,True,2a35b5c585aa23b1,/home/grads/g/g.lin/Documents/dad_mocu_kuramoto_v4/experiments/dad_cross_system_improvement/ieee9_T2/selected_policy_robust_rule.json,snap_up(Q_{1-alpha}(U|w) + margin),dad
14,398,"[13, 18]","[2.176560921363058, 9.389904359648918]",0.96,0.0,0.96,1.04,True,True,False,True,11.289175671439477,-0.4882397594782111,True,True,1.0000065529769677,0.9999967235247315,0.0,0.0,0.0,0.1240956848487258,0,0,0,nan,nan,0.001398683525621891,5b4c2191621b1bbc,0.95,0.9,0.05,True,2a35b5c585aa23b1,/home/grads/g/g.lin/Documents/dad_mocu_kuramoto_v4/experiments/dad_cross_system_improvement/ieee9_T2/selected_policy_robust_rule.json,snap_up(Q_{1-alpha}(U|w) + margin),dad
15,399,"[13, 18]","[2.137499434538706, 3.475043398440858]",0.96,0.0,0.96,1.04,True,True,False,True,4.865198257025479,-0.4643861263860679,True,True,2.798330581207148,0.4961479049788792,5.1405355829878454e-05,0.002667898539361029,5.1405355829878454e-05,0.12640897603705525,0,0,0,nan,nan,0.001579213421791792,5b4c2191621b1bbc,0.95,0.9,0.05,True,2a35b5c585aa23b1,/home/grads/g/g.lin/Documents/dad_mocu_kuramoto_v4/experiments/dad_cross_system_improvement/ieee9_T2/selected_policy_robust_rule.json,snap_up(Q_{1-alpha}(U|w) + margin),dad
