update,mean_train_u_ctrl,mean_train_control_cost,method,update_seconds,trajectories_sampled,policy_entropy,validation_mean_u_ctrl,validation_mean_mocu,validation_n_unique_sequences,validation_sequence_entropy,validation_unique_frac,validation_under_control_rate,validation_valid,validation_mean_shortfall,validation_checkpoint_score,validation_meets_unique_floor
1,0.24281251430511475,0.24281251430511475,RL-sBOED,0.2602381706237793,64,3.370893955230713,,,,,,,,,,
2,0.2615624964237213,0.2615624964237213,RL-sBOED,0.03302288055419922,128,3.3577983379364014,,,,,,,,,,
3,0.24000000953674316,0.24000000953674316,RL-sBOED,0.036923885345458984,192,3.3421530723571777,,,,,,,,,,
4,0.24562498927116394,0.24562498927116394,RL-sBOED,0.03225564956665039,256,3.3247432708740234,,,,,,,,,,
5,0.2395312488079071,0.25203123688697815,RL-sBOED,0.03768038749694824,320,3.296846389770508,,,,,,,,,,
6,0.2395312488079071,0.2395312488079071,RL-sBOED,0.03172016143798828,384,3.249337673187256,,,,,,,,,,
7,0.23015625774860382,0.23015625774860382,RL-sBOED,0.0393218994140625,448,3.2017416954040527,,,,,,,,,,
8,0.22828125953674316,0.22828125953674316,RL-sBOED,0.03712272644042969,512,3.165572166442871,,,,,,,,,,
9,0.23343750834465027,0.23343750834465027,RL-sBOED,0.046700477600097656,576,3.12701678276062,,,,,,,,,,
10,0.22031250596046448,0.22031250596046448,RL-sBOED,0.045266151428222656,640,3.0594325065612793,,,,,,,,,,
11,0.22265625,0.22265625,RL-sBOED,0.0353083610534668,704,2.988271713256836,,,,,,,,,,
12,0.21375000476837158,0.21375000476837158,RL-sBOED,0.03130054473876953,768,2.90203595161438,,,,,,,,,,
13,0.21562500298023224,0.21562500298023224,RL-sBOED,0.040198564529418945,832,2.7935125827789307,,,,,,,,,,
14,0.22078125178813934,0.22078125178813934,RL-sBOED,0.035773277282714844,896,2.6814656257629395,,,,,,,,,,
15,0.2292187511920929,0.2292187511920929,RL-sBOED,0.05070900917053223,960,2.587693691253662,,,,,,,,,,
16,0.22218750417232513,0.22218750417232513,RL-sBOED,0.03194880485534668,1024,2.4598984718322754,,,,,,,,,,
17,0.20156249403953552,0.20156249403953552,RL-sBOED,0.04059267044067383,1088,2.300715446472168,,,,,,,,,,
18,0.20765624940395355,0.20765624940395355,RL-sBOED,0.03216266632080078,1152,2.200805425643921,,,,,,,,,,
19,0.20390625298023224,0.20390625298023224,RL-sBOED,0.03958845138549805,1216,2.105487823486328,,,,,,,,,,
20,0.19453126192092896,0.19453126192092896,RL-sBOED,0.03152656555175781,1280,1.9531863927841187,,,,,,,,,,
21,0.21000000834465027,0.21000000834465027,RL-sBOED,0.039292097091674805,1344,1.9695369005203247,,,,,,,,,,
22,0.20906248688697815,0.20906248688697815,RL-sBOED,0.031250715255737305,1408,2.0735716819763184,,,,,,,,,,
23,0.20484375953674316,0.20484375953674316,RL-sBOED,0.03866291046142578,1472,2.0367918014526367,,,,,,,,,,
24,0.20812499523162842,0.20812499523162842,RL-sBOED,0.04994702339172363,1536,2.0804009437561035,,,,,,,,,,
25,0.1954687535762787,0.1954687535762787,RL-sBOED,0.06875920295715332,1600,2.1209781169891357,0.20554687499999996,0.08929687500000003,1,-0.0,0.0078125,0.0,1,0.0,0.08929687500000003,0
26,0.20390623807907104,0.20390623807907104,RL-sBOED,0.02835845947265625,1664,2.0040338039398193,,,,,,,,,,
27,0.19312500953674316,0.19312500953674316,RL-sBOED,0.032459259033203125,1728,1.8755924701690674,,,,,,,,,,
28,0.20250001549720764,0.20250001549720764,RL-sBOED,0.04131007194519043,1792,1.7975304126739502,,,,,,,,,,
29,0.1837500035762787,0.1837500035762787,RL-sBOED,0.03523135185241699,1856,1.884596586227417,,,,,,,,,,
30,0.19828125834465027,0.19828125834465027,RL-sBOED,0.03741884231567383,1920,1.9369374513626099,,,,,,,,,,
31,0.20203125476837158,0.20203125476837158,RL-sBOED,0.03396177291870117,1984,1.8997929096221924,,,,,,,,,,
32,0.19968751072883606,0.19968751072883606,RL-sBOED,0.03505444526672363,2048,1.9864747524261475,,,,,,,,,,
33,0.21187500655651093,0.21187500655651093,RL-sBOED,0.03906702995300293,2112,2.052804946899414,,,,,,,,,,
34,0.20250001549720764,0.20250001549720764,RL-sBOED,0.04542350769042969,2176,1.9897199869155884,,,,,,,,,,
35,0.19968751072883606,0.19968751072883606,RL-sBOED,0.035645246505737305,2240,1.9697566032409668,,,,,,,,,,
36,0.1912499964237213,0.1912499964237213,RL-sBOED,0.032921791076660156,2304,2.025315761566162,,,,,,,,,,
37,0.19171874225139618,0.19171874225139618,RL-sBOED,0.0500645637512207,2368,2.1262290477752686,,,,,,,,,,
38,0.20671874284744263,0.20671874284744263,RL-sBOED,0.050461769104003906,2432,2.0314223766326904,,,,,,,,,,
39,0.19921875,0.19921875,RL-sBOED,0.0470128059387207,2496,2.116878032684326,,,,,,,,,,
40,0.2006250023841858,0.2006250023841858,RL-sBOED,0.06162261962890625,2560,1.9599419832229614,,,,,,,,,,
41,0.20203125476837158,0.20203125476837158,RL-sBOED,0.05123281478881836,2624,1.7770925760269165,,,,,,,,,,
42,0.21656250953674316,0.21656250953674316,RL-sBOED,0.045125722885131836,2688,1.6959872245788574,,,,,,,,,,
43,0.19453126192092896,0.19453126192092896,RL-sBOED,0.05167388916015625,2752,1.7141149044036865,,,,,,,,,,
44,0.19218751788139343,0.19218751788139343,RL-sBOED,0.036162376403808594,2816,1.8124191761016846,,,,,,,,,,
45,0.1912499964237213,0.1912499964237213,RL-sBOED,0.04425191879272461,2880,1.894649624824524,,,,,,,,,,
46,0.1940625011920929,0.1940625011920929,RL-sBOED,0.03220534324645996,2944,1.809086561203003,,,,,,,,,,
47,0.19218751788139343,0.19218751788139343,RL-sBOED,0.03223872184753418,3008,1.9849276542663574,,,,,,,,,,
48,0.20765626430511475,0.20765626430511475,RL-sBOED,0.037165164947509766,3072,1.8658194541931152,,,,,,,,,,
49,0.2029687613248825,0.2029687613248825,RL-sBOED,0.05243039131164551,3136,1.7715129852294922,,,,,,,,,,
50,0.2029687464237213,0.2029687464237213,RL-sBOED,0.051123619079589844,3200,1.57980477809906,0.19640625,0.08015625000000001,1,-0.0,0.0078125,0.0,1,0.0,0.08015625000000001,0
51,0.2006250023841858,0.2006250023841858,RL-sBOED,0.02906203269958496,3264,1.5617427825927734,,,,,,,,,,
52,0.18281251192092896,0.18281251192092896,RL-sBOED,0.04511284828186035,3328,1.554713249206543,,,,,,,,,,
53,0.20156249403953552,0.20156249403953552,RL-sBOED,0.036577463150024414,3392,1.3846124410629272,,,,,,,,,,
54,0.17765626311302185,0.17765626311302185,RL-sBOED,0.04676246643066406,3456,1.3292922973632812,,,,,,,,,,
55,0.18843750655651093,0.18843750655651093,RL-sBOED,0.03754878044128418,3520,1.1934480667114258,,,,,,,,,,
56,0.2057812511920929,0.2057812511920929,RL-sBOED,0.03973579406738281,3584,1.3449904918670654,,,,,,,,,,
57,0.18796876072883606,0.18796876072883606,RL-sBOED,0.04258990287780762,3648,1.4208147525787354,,,,,,,,,,
58,0.18984374403953552,0.18984374403953552,RL-sBOED,0.035533905029296875,3712,1.3865798711776733,,,,,,,,,,
59,0.1954687535762787,0.1954687535762787,RL-sBOED,0.03567862510681152,3776,1.284597396850586,,,,,,,,,,
60,0.1964062601327896,0.1964062601327896,RL-sBOED,0.03614997863769531,3840,1.2421445846557617,,,,,,,,,,
61,0.19499999284744263,0.19499999284744263,RL-sBOED,0.04887962341308594,3904,1.4118281602859497,,,,,,,,,,
62,0.20906250178813934,0.20906250178813934,RL-sBOED,0.032998085021972656,3968,1.3181674480438232,,,,,,,,,,
63,0.20812499523162842,0.20812499523162842,RL-sBOED,0.045638322830200195,4032,1.280682921409607,,,,,,,,,,
64,0.19312500953674316,0.19312500953674316,RL-sBOED,0.05025458335876465,4096,1.3189054727554321,,,,,,,,,,
65,0.18656250834465027,0.18656250834465027,RL-sBOED,0.04494333267211914,4160,1.423811912536621,,,,,,,,,,
66,0.1926562488079071,0.1926562488079071,RL-sBOED,0.051853179931640625,4224,1.3539910316467285,,,,,,,,,,
67,0.18656250834465027,0.18656250834465027,RL-sBOED,0.043195247650146484,4288,1.321068525314331,,,,,,,,,,
68,0.18562500178813934,0.18562500178813934,RL-sBOED,0.04387617111206055,4352,1.2541823387145996,,,,,,,,,,
69,0.18562498688697815,0.18562498688697815,RL-sBOED,0.03815269470214844,4416,1.3044978380203247,,,,,,,,,,
70,0.19593749940395355,0.19593749940395355,RL-sBOED,0.038080453872680664,4480,1.3127002716064453,,,,,,,,,,
71,0.1926562488079071,0.1926562488079071,RL-sBOED,0.03225398063659668,4544,1.3322073221206665,,,,,,,,,,
72,0.1954687535762787,0.1954687535762787,RL-sBOED,0.03568291664123535,4608,1.3372803926467896,,,,,,,,,,
73,0.19734373688697815,0.19734373688697815,RL-sBOED,0.03272414207458496,4672,1.380240797996521,,,,,,,,,,
74,0.1954687535762787,0.1954687535762787,RL-sBOED,0.030020713806152344,4736,1.4724106788635254,,,,,,,,,,
75,0.20203125476837158,0.20203125476837158,RL-sBOED,0.03308391571044922,4800,1.44392728805542,0.193828125,0.08070312500000001,1,-0.0,0.0078125,0.0078125,1,0.000234375,0.08070312500000001,0
76,0.19171875715255737,0.19171875715255737,RL-sBOED,0.028712034225463867,4864,1.4927582740783691,,,,,,,,,,
77,0.2081250101327896,0.2081250101327896,RL-sBOED,0.02856159210205078,4928,1.407762050628662,,,,,,,,,,
78,0.1926562488079071,0.1926562488079071,RL-sBOED,0.028423070907592773,4992,1.3582799434661865,,,,,,,,,,
79,0.18843750655651093,0.18843750655651093,RL-sBOED,0.028746843338012695,5056,1.340036392211914,,,,,,,,,,
80,0.18515625596046448,0.18515625596046448,RL-sBOED,0.02933669090270996,5120,1.3002426624298096,,,,,,,,,,
81,0.18796876072883606,0.18796876072883606,RL-sBOED,0.04254436492919922,5184,1.3162932395935059,,,,,,,,,,
82,0.19921875,0.19921875,RL-sBOED,0.03870749473571777,5248,1.2543872594833374,,,,,,,,,,
83,0.18328124284744263,0.18328124284744263,RL-sBOED,0.031263113021850586,5312,1.2926721572875977,,,,,,,,,,
84,0.18656249344348907,0.18656249344348907,RL-sBOED,0.0326080322265625,5376,1.3537497520446777,,,,,,,,,,
85,0.1889062523841858,0.1889062523841858,RL-sBOED,0.02976226806640625,5440,1.3120460510253906,,,,,,,,,,
86,0.2095312625169754,0.2095312625169754,RL-sBOED,0.029708385467529297,5504,1.2932703495025635,,,,,,,,,,
87,0.18046873807907104,0.18046873807907104,RL-sBOED,0.03766274452209473,5568,1.3696649074554443,,,,,,,,,,
88,0.18796874582767487,0.18796874582767487,RL-sBOED,0.03571915626525879,5632,1.342129111289978,,,,,,,,,,
89,0.19078126549720764,0.19078126549720764,RL-sBOED,0.034461259841918945,5696,1.3998174667358398,,,,,,,,,,
90,0.20203125476837158,0.20203125476837158,RL-sBOED,0.03174901008605957,5760,1.4040048122406006,,,,,,,,,,
91,0.19828125834465027,0.19828125834465027,RL-sBOED,0.031818389892578125,5824,1.349622130393982,,,,,,,,,,
92,0.19875000417232513,0.19875000417232513,RL-sBOED,0.048815011978149414,5888,1.342225193977356,,,,,,,,,,
93,0.20250000059604645,0.20250000059604645,RL-sBOED,0.03901171684265137,5952,1.1997573375701904,,,,,,,,,,
94,0.1846875101327896,0.1846875101327896,RL-sBOED,0.0336918830871582,6016,1.2101287841796875,,,,,,,,,,
95,0.17906250059604645,0.17906250059604645,RL-sBOED,0.039843082427978516,6080,1.1520442962646484,,,,,,,,,,
96,0.1795312464237213,0.1795312464237213,RL-sBOED,0.03280162811279297,6144,1.1876540184020996,,,,,,,,,,
97,0.1860937625169754,0.1860937625169754,RL-sBOED,0.03846096992492676,6208,1.1321368217468262,,,,,,,,,,
98,0.19968751072883606,0.19968751072883606,RL-sBOED,0.033145904541015625,6272,1.0958940982818604,,,,,,,,,,
99,0.19640624523162842,0.19640624523162842,RL-sBOED,0.036290645599365234,6336,1.0812897682189941,,,,,,,,,,
100,0.19312499463558197,0.19312499463558197,RL-sBOED,0.03690767288208008,6400,1.0557680130004883,0.193828125,0.08070312500000001,1,-0.0,0.0078125,0.0078125,1,0.000234375,0.08070312500000001,0
101,0.19078125059604645,0.19078125059604645,RL-sBOED,0.029002666473388672,6464,1.0927008390426636,,,,,,,,,,
102,0.20109376311302185,0.20109376311302185,RL-sBOED,0.029297351837158203,6528,1.1259748935699463,,,,,,,,,,
103,0.2006250023841858,0.2006250023841858,RL-sBOED,0.02977776527404785,6592,1.06816565990448,,,,,,,,,,
104,0.19828125834465027,0.19828125834465027,RL-sBOED,0.053746938705444336,6656,1.1542577743530273,,,,,,,,,,
105,0.18515625596046448,0.18515625596046448,RL-sBOED,0.05660057067871094,6720,1.1866471767425537,,,,,,,,,,
106,0.20156249403953552,0.20156249403953552,RL-sBOED,0.03753185272216797,6784,1.1173536777496338,,,,,,,,,,
107,0.18843750655651093,0.18843750655651093,RL-sBOED,0.05280613899230957,6848,1.1308684349060059,,,,,,,,,,
108,0.18515625596046448,0.18515625596046448,RL-sBOED,0.04191756248474121,6912,1.044410228729248,,,,,,,,,,
109,0.1837500035762787,0.1837500035762787,RL-sBOED,0.06491208076477051,6976,1.0269150733947754,,,,,,,,,,
110,0.20484374463558197,0.20484374463558197,RL-sBOED,0.0320737361907959,7040,0.9738247394561768,,,,,,,,,,
111,0.20484375953674316,0.20484375953674316,RL-sBOED,0.03825664520263672,7104,0.9811904430389404,,,,,,,,,,
112,0.17671874165534973,0.17671874165534973,RL-sBOED,0.03603816032409668,7168,1.0427446365356445,,,,,,,,,,
113,0.21562498807907104,0.21562498807907104,RL-sBOED,0.03399014472961426,7232,1.0794472694396973,,,,,,,,,,
114,0.1889062523841858,0.1889062523841858,RL-sBOED,0.04379081726074219,7296,1.166232943534851,,,,,,,,,,
115,0.1940625011920929,0.1940625011920929,RL-sBOED,0.03221845626831055,7360,1.14944326877594,,,,,,,,,,
116,0.18843750655651093,0.18843750655651093,RL-sBOED,0.054784297943115234,7424,1.1212363243103027,,,,,,,,,,
117,0.1809374988079071,0.1809374988079071,RL-sBOED,0.04928922653198242,7488,1.196871042251587,,,,,,,,,,
118,0.18796876072883606,0.18796876072883606,RL-sBOED,0.03346133232116699,7552,1.2275422811508179,,,,,,,,,,
119,0.18046873807907104,0.18046873807907104,RL-sBOED,0.03833484649658203,7616,1.1389896869659424,,,,,,,,,,
120,0.19218750298023224,0.19218750298023224,RL-sBOED,0.044126033782958984,7680,1.241146206855774,,,,,,,,,,
121,0.17578125,0.17578125,RL-sBOED,0.035283803939819336,7744,1.1401894092559814,,,,,,,,,,
122,0.18046873807907104,0.18046873807907104,RL-sBOED,0.03263688087463379,7808,1.2303884029388428,,,,,,,,,,
123,0.20343750715255737,0.20343750715255737,RL-sBOED,0.04170083999633789,7872,1.4603502750396729,,,,,,,,,,
124,0.2006250023841858,0.2006250023841858,RL-sBOED,0.05245494842529297,7936,1.4685382843017578,,,,,,,,,,
125,0.19359375536441803,0.2185937464237213,RL-sBOED,0.05314755439758301,8000,1.3446450233459473,0.19218749999999998,0.09390625000000001,2,0.13906079845474112,0.015625,0.015625,1,0.001640625,0.09390625000000001,0
126,0.1926562637090683,0.1926562637090683,RL-sBOED,0.028679847717285156,8064,1.3003077507019043,,,,,,,,,,
127,0.2043749988079071,0.2043749988079071,RL-sBOED,0.02836441993713379,8128,1.416400671005249,,,,,,,,,,
128,0.20109376311302185,0.20109376311302185,RL-sBOED,0.0288693904876709,8192,1.299107551574707,,,,,,,,,,
129,0.19453126192092896,0.19453126192092896,RL-sBOED,0.029769182205200195,8256,1.1149414777755737,,,,,,,,,,
130,0.1926562488079071,0.1926562488079071,RL-sBOED,0.03894925117492676,8320,1.2222931385040283,,,,,,,,,,
131,0.18515625596046448,0.18515625596046448,RL-sBOED,0.04331016540527344,8384,1.2486798763275146,,,,,,,,,,
132,0.2057812511920929,0.2057812511920929,RL-sBOED,0.035005807876586914,8448,1.1282258033752441,,,,,,,,,,
133,0.2006250023841858,0.2006250023841858,RL-sBOED,0.03745007514953613,8512,1.2579673528671265,,,,,,,,,,
134,0.18000000715255737,0.18000000715255737,RL-sBOED,0.033713579177856445,8576,1.3343629837036133,,,,,,,,,,
135,0.18984374403953552,0.18984374403953552,RL-sBOED,0.03954625129699707,8640,1.2012739181518555,,,,,,,,,,
136,0.18984374403953552,0.18984374403953552,RL-sBOED,0.03425240516662598,8704,1.1895751953125,,,,,,,,,,
137,0.19031250476837158,0.19031250476837158,RL-sBOED,0.03055262565612793,8768,1.202699899673462,,,,,,,,,,
138,0.18984375894069672,0.18984375894069672,RL-sBOED,0.02973198890686035,8832,1.220956563949585,,,,,,,,,,
139,0.19499999284744263,0.19499999284744263,RL-sBOED,0.029795169830322266,8896,1.2367525100708008,,,,,,,,,,
140,0.1875,0.1875,RL-sBOED,0.028848886489868164,8960,1.3327778577804565,,,,,,,,,,
141,0.2109375,0.2109375,RL-sBOED,0.026970624923706055,9024,1.3350085020065308,,,,,,,,,,
142,0.1954687535762787,0.1954687535762787,RL-sBOED,0.027226686477661133,9088,1.2339611053466797,,,,,,,,,,
143,0.19734373688697815,0.19734373688697815,RL-sBOED,0.027156352996826172,9152,1.2986338138580322,,,,,,,,,,
144,0.1875,0.1875,RL-sBOED,0.02702164649963379,9216,1.3246667385101318,,,,,,,,,,
145,0.20203125476837158,0.20203125476837158,RL-sBOED,0.026991605758666992,9280,1.3314648866653442,,,,,,,,,,
146,0.19828125834465027,0.19828125834465027,RL-sBOED,0.026964902877807617,9344,1.2402328252792358,,,,,,,,,,
147,0.17484374344348907,0.17484374344348907,RL-sBOED,0.02698969841003418,9408,1.2775239944458008,,,,,,,,,,
148,0.18000000715255737,0.18000000715255737,RL-sBOED,0.027010440826416016,9472,1.2326840162277222,,,,,,,,,,
149,0.19734375178813934,0.19734375178813934,RL-sBOED,0.026892900466918945,9536,1.166798710823059,,,,,,,,,,
150,0.18046875298023224,0.18046875298023224,RL-sBOED,0.027022361755371094,9600,1.098250150680542,0.197578125,0.08132812500000001,2,0.6081931982998787,0.015625,0.0,1,0.0,0.08132812500000001,0
151,0.2006250023841858,0.2006250023841858,RL-sBOED,0.027425289154052734,9664,1.1954829692840576,,,,,,,,,,
152,0.1926562488079071,0.1926562488079071,RL-sBOED,0.02698493003845215,9728,1.2685320377349854,,,,,,,,,,
153,0.2006250023841858,0.2006250023841858,RL-sBOED,0.027062177658081055,9792,1.1663486957550049,,,,,,,,,,
154,0.1978125125169754,0.1978125125169754,RL-sBOED,0.026881933212280273,9856,1.127213954925537,,,,,,,,,,
155,0.1978124976158142,0.1978124976158142,RL-sBOED,0.026970386505126953,9920,1.0770998001098633,,,,,,,,,,
156,0.20765624940395355,0.20765624940395355,RL-sBOED,0.026932477951049805,9984,1.0089970827102661,,,,,,,,,,
157,0.18515624105930328,0.18515624105930328,RL-sBOED,0.02701091766357422,10048,1.0478873252868652,,,,,,,,,,
158,0.1889062523841858,0.1889062523841858,RL-sBOED,0.02687692642211914,10112,1.0033459663391113,,,,,,,,,,
159,0.1978124976158142,0.1978124976158142,RL-sBOED,0.02705216407775879,10176,1.0157476663589478,,,,,,,,,,
160,0.17578125,0.17578125,RL-sBOED,0.027064800262451172,10240,1.0014348030090332,,,,,,,,,,
161,0.19171875715255737,0.19171875715255737,RL-sBOED,0.027003765106201172,10304,1.0331385135650635,,,,,,,,,,
162,0.1954687535762787,0.1954687535762787,RL-sBOED,0.027112960815429688,10368,1.1315592527389526,,,,,,,,,,
163,0.20343750715255737,0.20343750715255737,RL-sBOED,0.02705216407775879,10432,1.0856270790100098,,,,,,,,,,
164,0.1940625011920929,0.1940625011920929,RL-sBOED,0.02686619758605957,10496,1.1093556880950928,,,,,,,,,,
165,0.18328124284744263,0.18328124284744263,RL-sBOED,0.02682638168334961,10560,1.0232045650482178,,,,,,,,,,
166,0.18421874940395355,0.18421874940395355,RL-sBOED,0.02704024314880371,10624,0.9846333265304565,,,,,,,,,,
167,0.2095312476158142,0.2095312476158142,RL-sBOED,0.02732372283935547,10688,0.9915587902069092,,,,,,,,,,
168,0.19171875715255737,0.19171875715255737,RL-sBOED,0.02695918083190918,10752,0.9882345199584961,,,,,,,,,,
169,0.18656250834465027,0.18656250834465027,RL-sBOED,0.027266979217529297,10816,1.0535149574279785,,,,,,,,,,
170,0.2006250023841858,0.2006250023841858,RL-sBOED,0.0271759033203125,10880,1.0874099731445312,,,,,,,,,,
171,0.1954687535762787,0.1954687535762787,RL-sBOED,0.027176856994628906,10944,1.1605145931243896,,,,,,,,,,
172,0.18046873807907104,0.18046873807907104,RL-sBOED,0.027115583419799805,11008,1.0460925102233887,,,,,,,,,,
173,0.19499999284744263,0.19499999284744263,RL-sBOED,0.02726602554321289,11072,1.0367233753204346,,,,,,,,,,
174,0.19171875715255737,0.19171875715255737,RL-sBOED,0.02721095085144043,11136,1.1024593114852905,,,,,,,,,,
175,0.19499999284744263,0.19499999284744263,RL-sBOED,0.02722644805908203,11200,1.064847707748413,0.195703125,0.08257812500000002,1,-0.0,0.0078125,0.0078125,1,0.000234375,0.08257812500000002,0
176,0.18937499821186066,0.18937499821186066,RL-sBOED,0.027339458465576172,11264,1.104222297668457,,,,,,,,,,
177,0.1926562488079071,0.1926562488079071,RL-sBOED,0.027238130569458008,11328,1.1131210327148438,,,,,,,,,,
178,0.1926562488079071,0.1926562488079071,RL-sBOED,0.027353525161743164,11392,1.1537528038024902,,,,,,,,,,
179,0.20531249046325684,0.20531249046325684,RL-sBOED,0.02725696563720703,11456,1.085861325263977,,,,,,,,,,
180,0.19031250476837158,0.19031250476837158,RL-sBOED,0.0272219181060791,11520,1.122409701347351,,,,,,,,,,
181,0.20812499523162842,0.20812499523162842,RL-sBOED,0.02724146842956543,11584,1.0208944082260132,,,,,,,,,,
182,0.1889062523841858,0.1889062523841858,RL-sBOED,0.027036666870117188,11648,1.0223227739334106,,,,,,,,,,
183,0.19687500596046448,0.19687500596046448,RL-sBOED,0.02725958824157715,11712,1.0745735168457031,,,,,,,,,,
184,0.2081250101327896,0.2081250101327896,RL-sBOED,0.027089595794677734,11776,1.1466126441955566,,,,,,,,,,
185,0.18984375894069672,0.18984375894069672,RL-sBOED,0.0268862247467041,11840,1.2103837728500366,,,,,,,,,,
186,0.19828125834465027,0.19828125834465027,RL-sBOED,0.026909828186035156,11904,1.2068462371826172,,,,,,,,,,
187,0.1940625011920929,0.1940625011920929,RL-sBOED,0.026974916458129883,11968,1.3606953620910645,,,,,,,,,,
188,0.2071875035762787,0.2071875035762787,RL-sBOED,0.026912689208984375,12032,1.2977501153945923,,,,,,,,,,
189,0.17343750596046448,0.17343750596046448,RL-sBOED,0.027070045471191406,12096,1.422752857208252,,,,,,,,,,
190,0.1940625011920929,0.1940625011920929,RL-sBOED,0.026944398880004883,12160,1.315507173538208,,,,,,,,,,
191,0.18281251192092896,0.18281251192092896,RL-sBOED,0.026967287063598633,12224,1.3565809726715088,,,,,,,,,,
192,0.1978124976158142,0.1978124976158142,RL-sBOED,0.028220415115356445,12288,1.5315468311309814,,,,,,,,,,
193,0.18843749165534973,0.19468750059604645,RL-sBOED,0.028354644775390625,12352,1.652915358543396,,,,,,,,,,
194,0.19687500596046448,0.19687500596046448,RL-sBOED,0.028603315353393555,12416,1.5511198043823242,,,,,,,,,,
195,0.19875000417232513,0.19875000417232513,RL-sBOED,0.029039382934570312,12480,1.477761149406433,,,,,,,,,,
196,0.20203125476837158,0.20203125476837158,RL-sBOED,0.029414653778076172,12544,1.5569100379943848,,,,,,,,,,
197,0.19171875715255737,0.19171875715255737,RL-sBOED,0.028058767318725586,12608,1.6514345407485962,,,,,,,,,,
198,0.19687500596046448,0.19687500596046448,RL-sBOED,0.026950359344482422,12672,1.7173895835876465,,,,,,,,,,
199,0.18562500178813934,0.18562500178813934,RL-sBOED,0.027041912078857422,12736,1.6257944107055664,,,,,,,,,,
200,0.19078125059604645,0.19078125059604645,RL-sBOED,0.027014970779418945,12800,1.5464941263198853,0.195703125,0.08257812500000002,1,-0.0,0.0078125,0.0078125,1,0.000234375,0.08257812500000002,0
201,0.19453124701976776,0.19453124701976776,RL-sBOED,0.027462005615234375,12864,1.4537328481674194,,,,,,,,,,
202,0.1860937625169754,0.1860937625169754,RL-sBOED,0.02706146240234375,12928,1.349632978439331,,,,,,,,,,
203,0.19031250476837158,0.19031250476837158,RL-sBOED,0.026953697204589844,12992,1.2576267719268799,,,,,,,,,,
204,0.17859375476837158,0.17859375476837158,RL-sBOED,0.026946544647216797,13056,1.3089587688446045,,,,,,,,,,
205,0.18000000715255737,0.18000000715255737,RL-sBOED,0.026930809020996094,13120,1.237229585647583,,,,,,,,,,
206,0.2006250023841858,0.2006250023841858,RL-sBOED,0.02694988250732422,13184,1.0638885498046875,,,,,,,,,,
207,0.1954687535762787,0.1954687535762787,RL-sBOED,0.027004241943359375,13248,1.1200237274169922,,,,,,,,,,
208,0.20156249403953552,0.20156249403953552,RL-sBOED,0.027400970458984375,13312,1.1004287004470825,,,,,,,,,,
209,0.19078125059604645,0.19078125059604645,RL-sBOED,0.026962757110595703,13376,1.0349855422973633,,,,,,,,,,
210,0.19359375536441803,0.19984374940395355,RL-sBOED,0.027026891708374023,13440,1.0188326835632324,,,,,,,,,,
211,0.19828125834465027,0.19828125834465027,RL-sBOED,0.02698206901550293,13504,1.0193407535552979,,,,,,,,,,
212,0.1926562488079071,0.1926562488079071,RL-sBOED,0.02703118324279785,13568,1.023438572883606,,,,,,,,,,
213,0.17625001072883606,0.17625001072883606,RL-sBOED,0.02702021598815918,13632,1.0953423976898193,,,,,,,,,,
214,0.1823437511920929,0.1823437511920929,RL-sBOED,0.02704930305480957,13696,1.082869291305542,,,,,,,,,,
215,0.1720312535762787,0.1720312535762787,RL-sBOED,0.02691483497619629,13760,1.0732614994049072,,,,,,,,,,
216,0.18843749165534973,0.18843749165534973,RL-sBOED,0.027152299880981445,13824,1.0926862955093384,,,,,,,,,,
217,0.19031250476837158,0.19031250476837158,RL-sBOED,0.026928424835205078,13888,1.045410394668579,,,,,,,,,,
218,0.1889062523841858,0.1889062523841858,RL-sBOED,0.027144432067871094,13952,1.1465108394622803,,,,,,,,,,
219,0.18140625953674316,0.18140625953674316,RL-sBOED,0.026959896087646484,14016,1.0581653118133545,,,,,,,,,,
220,0.1978124976158142,0.1978124976158142,RL-sBOED,0.026943683624267578,14080,1.0263633728027344,,,,,,,,,,
221,0.18656249344348907,0.18656249344348907,RL-sBOED,0.026946306228637695,14144,1.0039310455322266,,,,,,,,,,
222,0.17624999582767487,0.17624999582767487,RL-sBOED,0.027111053466796875,14208,1.0321593284606934,,,,,,,,,,
223,0.1940625011920929,0.1940625011920929,RL-sBOED,0.0269925594329834,14272,0.9987013339996338,,,,,,,,,,
224,0.19218750298023224,0.19218750298023224,RL-sBOED,0.026855945587158203,14336,1.0467356443405151,,,,,,,,,,
225,0.19687500596046448,0.203125,RL-sBOED,0.0269472599029541,14400,1.047446846961975,0.195703125,0.08257812500000002,1,-0.0,0.0078125,0.0078125,1,0.000234375,0.08257812500000002,0
226,0.18468749523162842,0.18468749523162842,RL-sBOED,0.027327537536621094,14464,1.1165673732757568,,,,,,,,,,
227,0.18937499821186066,0.18937499821186066,RL-sBOED,0.027023792266845703,14528,1.0901618003845215,,,,,,,,,,
228,0.19078126549720764,0.19078126549720764,RL-sBOED,0.02689671516418457,14592,1.1185626983642578,,,,,,,,,,
229,0.20906251668930054,0.20906251668930054,RL-sBOED,0.027034282684326172,14656,1.1558363437652588,,,,,,,,,,
230,0.19359377026557922,0.19359377026557922,RL-sBOED,0.02692699432373047,14720,1.190656065940857,,,,,,,,,,
231,0.1809374988079071,0.1809374988079071,RL-sBOED,0.0268552303314209,14784,1.246605396270752,,,,,,,,,,
232,0.20203125476837158,0.20203125476837158,RL-sBOED,0.02701115608215332,14848,1.2252477407455444,,,,,,,,,,
233,0.18562501668930054,0.18562501668930054,RL-sBOED,0.026979684829711914,14912,1.264202356338501,,,,,,,,,,
234,0.18937501311302185,0.18937501311302185,RL-sBOED,0.026902437210083008,14976,1.2288836240768433,,,,,,,,,,
235,0.19078125059604645,0.19078125059604645,RL-sBOED,0.02688288688659668,15040,1.2111352682113647,,,,,,,,,,
236,0.1912500113248825,0.1912500113248825,RL-sBOED,0.026894330978393555,15104,1.2754876613616943,,,,,,,,,,
237,0.18656250834465027,0.18656250834465027,RL-sBOED,0.02693939208984375,15168,1.2911999225616455,,,,,,,,,,
238,0.1889062523841858,0.1889062523841858,RL-sBOED,0.026952028274536133,15232,1.2384613752365112,,,,,,,,,,
239,0.19875000417232513,0.19875000417232513,RL-sBOED,0.027003765106201172,15296,1.2220063209533691,,,,,,,,,,
240,0.18937501311302185,0.18937501311302185,RL-sBOED,0.026929855346679688,15360,1.2776353359222412,,,,,,,,,,
241,0.18843749165534973,0.18843749165534973,RL-sBOED,0.0270078182220459,15424,1.234075665473938,,,,,,,,,,
242,0.1912499964237213,0.1912499964237213,RL-sBOED,0.026867389678955078,15488,1.1403768062591553,,,,,,,,,,
243,0.17531248927116394,0.17531248927116394,RL-sBOED,0.02688431739807129,15552,1.2690703868865967,,,,,,,,,,
244,0.2029687464237213,0.2029687464237213,RL-sBOED,0.027185678482055664,15616,1.2267391681671143,,,,,,,,,,
245,0.19828125834465027,0.19828125834465027,RL-sBOED,0.026953458786010742,15680,1.2218040227890015,,,,,,,,,,
246,0.20015624165534973,0.20015624165534973,RL-sBOED,0.02700066566467285,15744,1.1852177381515503,,,,,,,,,,
247,0.19453124701976776,0.19453124701976776,RL-sBOED,0.026917219161987305,15808,1.120271921157837,,,,,,,,,,
248,0.19968751072883606,0.19968751072883606,RL-sBOED,0.026825666427612305,15872,1.1477059125900269,,,,,,,,,,
249,0.1926562488079071,0.1926562488079071,RL-sBOED,0.02690434455871582,15936,1.2234915494918823,,,,,,,,,,
250,0.19828125834465027,0.19828125834465027,RL-sBOED,0.0269472599029541,16000,1.2478184700012207,0.195703125,0.08257812500000002,1,-0.0,0.0078125,0.0078125,1,0.000234375,0.08257812500000002,0
251,0.1940625011920929,0.1940625011920929,RL-sBOED,0.027198076248168945,16064,1.170257568359375,,,,,,,,,,
252,0.18562501668930054,0.18562501668930054,RL-sBOED,0.02688145637512207,16128,1.192735195159912,,,,,,,,,,
253,0.19218750298023224,0.19218750298023224,RL-sBOED,0.026975154876708984,16192,1.1589699983596802,,,,,,,,,,
254,0.1823437511920929,0.1823437511920929,RL-sBOED,0.02685379981994629,16256,1.0787920951843262,,,,,,,,,,
255,0.20109374821186066,0.20109374821186066,RL-sBOED,0.02689385414123535,16320,1.198546290397644,,,,,,,,,,
256,0.19734375178813934,0.19734375178813934,RL-sBOED,0.026915788650512695,16384,1.033371925354004,,,,,,,,,,
257,0.1940625011920929,0.1940625011920929,RL-sBOED,0.02693772315979004,16448,1.0198752880096436,,,,,,,,,,
258,0.18281249701976776,0.18281249701976776,RL-sBOED,0.026940107345581055,16512,1.0781018733978271,,,,,,,,,,
259,0.18984375894069672,0.18984375894069672,RL-sBOED,0.02689218521118164,16576,1.0031185150146484,,,,,,,,,,
260,0.1912499964237213,0.1912499964237213,RL-sBOED,0.02686285972595215,16640,1.0700209140777588,,,,,,,,,,
261,0.19874998927116394,0.19874998927116394,RL-sBOED,0.026885032653808594,16704,1.119978904724121,,,,,,,,,,
262,0.18937499821186066,0.18937499821186066,RL-sBOED,0.02690601348876953,16768,1.0343906879425049,,,,,,,,,,
263,0.1875,0.1875,RL-sBOED,0.026917457580566406,16832,1.1142812967300415,,,,,,,,,,
264,0.17250001430511475,0.17250001430511475,RL-sBOED,0.02704787254333496,16896,1.137839674949646,,,,,,,,,,
265,0.17671874165534973,0.17671874165534973,RL-sBOED,0.026911497116088867,16960,1.022972583770752,,,,,,,,,,
266,0.19921875,0.19921875,RL-sBOED,0.026882171630859375,17024,1.1136679649353027,,,,,,,,,,
267,0.19875000417232513,0.19875000417232513,RL-sBOED,0.026942014694213867,17088,1.1552069187164307,,,,,,,,,,
268,0.20859375596046448,0.20859375596046448,RL-sBOED,0.02918410301208496,17152,1.2352043390274048,,,,,,,,,,
269,0.19078123569488525,0.19078123569488525,RL-sBOED,0.028628826141357422,17216,1.382950782775879,,,,,,,,,,
270,0.20625001192092896,0.20625001192092896,RL-sBOED,0.03579306602478027,17280,1.2700941562652588,,,,,,,,,,
271,0.20671875774860382,0.20671875774860382,RL-sBOED,0.03797507286071777,17344,1.2838139533996582,,,,,,,,,,
272,0.1926562488079071,0.1926562488079071,RL-sBOED,0.03362131118774414,17408,1.1812453269958496,,,,,,,,,,
273,0.19359374046325684,0.19359374046325684,RL-sBOED,0.03427267074584961,17472,1.1635074615478516,,,,,,,,,,
274,0.19171875715255737,0.19171875715255737,RL-sBOED,0.038355350494384766,17536,1.1962993144989014,,,,,,,,,,
275,0.19171875715255737,0.19171875715255737,RL-sBOED,0.0381312370300293,17600,1.2056872844696045,0.197578125,0.08132812500000001,2,0.045688389073983635,0.015625,0.0,1,0.0,0.08132812500000001,0
276,0.18468749523162842,0.18468749523162842,RL-sBOED,0.02872610092163086,17664,1.1942603588104248,,,,,,,,,,
277,0.1940625011920929,0.1940625011920929,RL-sBOED,0.03314614295959473,17728,1.2155303955078125,,,,,,,,,,
278,0.1940625011920929,0.1940625011920929,RL-sBOED,0.048955678939819336,17792,1.2338234186172485,,,,,,,,,,
279,0.18656250834465027,0.18656250834465027,RL-sBOED,0.048285722732543945,17856,1.2073367834091187,,,,,,,,,,
280,0.19218750298023224,0.19218750298023224,RL-sBOED,0.033233642578125,17920,1.2873146533966064,,,,,,,,,,
281,0.1720312535762787,0.1720312535762787,RL-sBOED,0.03587675094604492,17984,1.248795747756958,,,,,,,,,,
282,0.1978124976158142,0.1978124976158142,RL-sBOED,0.03284263610839844,18048,1.250233769416809,,,,,,,,,,
283,0.17625001072883606,0.17625001072883606,RL-sBOED,0.030405282974243164,18112,1.3643906116485596,,,,,,,,,,
284,0.18562501668930054,0.18562501668930054,RL-sBOED,0.05349469184875488,18176,1.226345419883728,,,,,,,,,,
285,0.1875,0.1875,RL-sBOED,0.0328829288482666,18240,1.2606685161590576,,,,,,,,,,
286,0.1823437511920929,0.1823437511920929,RL-sBOED,0.04352235794067383,18304,1.2056646347045898,,,,,,,,,,
287,0.2029687464237213,0.20921875536441803,RL-sBOED,0.041656494140625,18368,1.1998469829559326,,,,,,,,,,
288,0.1926562488079071,0.1926562488079071,RL-sBOED,0.054502010345458984,18432,1.249232292175293,,,,,,,,,,
289,0.19359375536441803,0.19359375536441803,RL-sBOED,0.06727457046508789,18496,1.2340171337127686,,,,,,,,,,
290,0.18796876072883606,0.18796876072883606,RL-sBOED,0.057590484619140625,18560,1.1975295543670654,,,,,,,,,,
291,0.20906250178813934,0.20906250178813934,RL-sBOED,0.03494381904602051,18624,1.1815922260284424,,,,,,,,,,
292,0.1964062750339508,0.1964062750339508,RL-sBOED,0.03155851364135742,18688,1.249683141708374,,,,,,,,,,
293,0.19359374046325684,0.19359374046325684,RL-sBOED,0.030857086181640625,18752,1.129619836807251,,,,,,,,,,
294,0.18562498688697815,0.18562498688697815,RL-sBOED,0.04334855079650879,18816,1.1693812608718872,,,,,,,,,,
295,0.19031250476837158,0.19031250476837158,RL-sBOED,0.03875875473022461,18880,1.1420891284942627,,,,,,,,,,
296,0.2006250023841858,0.2006250023841858,RL-sBOED,0.031146526336669922,18944,1.1648080348968506,,,,,,,,,,
297,0.1837500035762787,0.1837500035762787,RL-sBOED,0.042250633239746094,19008,1.1140717267990112,,,,,,,,,,
298,0.19453126192092896,0.19453126192092896,RL-sBOED,0.03207254409790039,19072,1.1274147033691406,,,,,,,,,,
299,0.19593751430511475,0.19593751430511475,RL-sBOED,0.03955245018005371,19136,1.1526589393615723,,,,,,,,,,
300,0.18000000715255737,0.18000000715255737,RL-sBOED,0.041977882385253906,19200,1.127598762512207,0.196171875,0.079921875,1,-0.0,0.0078125,0.0,1,0.0,0.079921875,0
301,0.18656250834465027,0.18656250834465027,RL-sBOED,0.03938913345336914,19264,1.065637230873108,,,,,,,,,,
302,0.2029687464237213,0.2029687464237213,RL-sBOED,0.041198015213012695,19328,1.1448235511779785,,,,,,,,,,
303,0.19640624523162842,0.19640624523162842,RL-sBOED,0.04230999946594238,19392,1.1423619985580444,,,,,,,,,,
304,0.19640624523162842,0.19640624523162842,RL-sBOED,0.03396439552307129,19456,1.1376152038574219,,,,,,,,,,
305,0.20203125476837158,0.20203125476837158,RL-sBOED,0.036402225494384766,19520,1.2192070484161377,,,,,,,,,,
306,0.18515625596046448,0.18515625596046448,RL-sBOED,0.037077903747558594,19584,1.145338773727417,,,,,,,,,,
307,0.18984374403953552,0.18984374403953552,RL-sBOED,0.03400921821594238,19648,1.0864766836166382,,,,,,,,,,
308,0.2057812511920929,0.2057812511920929,RL-sBOED,0.03532218933105469,19712,1.13132643699646,,,,,,,,,,
309,0.20156249403953552,0.20156249403953552,RL-sBOED,0.032927513122558594,19776,1.2052701711654663,,,,,,,,,,
310,0.21140626072883606,0.21140626072883606,RL-sBOED,0.04089999198913574,19840,1.1574827432632446,,,,,,,,,,
311,0.1940625011920929,0.1940625011920929,RL-sBOED,0.03688383102416992,19904,1.188424825668335,,,,,,,,,,
312,0.19499999284744263,0.19499999284744263,RL-sBOED,0.03329205513000488,19968,1.194604516029358,,,,,,,,,,
313,0.18046875298023224,0.18046875298023224,RL-sBOED,0.04006600379943848,20032,1.151249647140503,,,,,,,,,,
314,0.17765626311302185,0.17765626311302185,RL-sBOED,0.03309512138366699,20096,1.1647570133209229,,,,,,,,,,
315,0.1837500035762787,0.1837500035762787,RL-sBOED,0.0390622615814209,20160,1.1433889865875244,,,,,,,,,,
316,0.18328125774860382,0.18328125774860382,RL-sBOED,0.04742145538330078,20224,1.1941643953323364,,,,,,,,,,
317,0.18000000715255737,0.18000000715255737,RL-sBOED,0.0332789421081543,20288,1.091928482055664,,,,,,,,,,
318,0.19734375178813934,0.19734375178813934,RL-sBOED,0.036191701889038086,20352,1.211621880531311,,,,,,,,,,
319,0.20109376311302185,0.20109376311302185,RL-sBOED,0.04491996765136719,20416,1.2701091766357422,,,,,,,,,,
320,0.18140624463558197,0.18140624463558197,RL-sBOED,0.050844669342041016,20480,1.2298779487609863,,,,,,,,,,
321,0.20203125476837158,0.20203125476837158,RL-sBOED,0.03643798828125,20544,1.2566746473312378,,,,,,,,,,
322,0.18140624463558197,0.18140624463558197,RL-sBOED,0.03388237953186035,20608,1.3139681816101074,,,,,,,,,,
323,0.19171875715255737,0.19171875715255737,RL-sBOED,0.046663522720336914,20672,1.537724256515503,,,,,,,,,,
324,0.20343750715255737,0.20343750715255737,RL-sBOED,0.04810905456542969,20736,1.369377613067627,,,,,,,,,,
325,0.18703123927116394,0.18703123927116394,RL-sBOED,0.03497672080993652,20800,1.3672963380813599,0.19546875000000002,0.08234375000000002,2,0.045688389073983635,0.015625,0.0078125,1,0.000234375,0.08234375000000002,0
326,0.19218750298023224,0.19218750298023224,RL-sBOED,0.028989553451538086,20864,1.31773042678833,,,,,,,,,,
327,0.19593749940395355,0.19593749940395355,RL-sBOED,0.03196573257446289,20928,1.3402349948883057,,,,,,,,,,
328,0.20343750715255737,0.20343750715255737,RL-sBOED,0.033238887786865234,20992,1.2742210626602173,,,,,,,,,,
329,0.20671875774860382,0.20671875774860382,RL-sBOED,0.041997432708740234,21056,1.2158597707748413,,,,,,,,,,
330,0.1889062523841858,0.1889062523841858,RL-sBOED,0.0355076789855957,21120,1.2404720783233643,,,,,,,,,,
331,0.18515625596046448,0.18515625596046448,RL-sBOED,0.03347659111022949,21184,1.2598876953125,,,,,,,,,,
332,0.1875,0.1875,RL-sBOED,0.042983293533325195,21248,1.3051072359085083,,,,,,,,,,
333,0.18515625596046448,0.18515625596046448,RL-sBOED,0.04028940200805664,21312,1.2742948532104492,,,,,,,,,,
334,0.1926562488079071,0.1926562488079071,RL-sBOED,0.062249183654785156,21376,1.1659905910491943,,,,,,,,,,
335,0.20015625655651093,0.20015625655651093,RL-sBOED,0.052526235580444336,21440,1.2989239692687988,,,,,,,,,,
336,0.1837500035762787,0.1837500035762787,RL-sBOED,0.037277936935424805,21504,1.4435911178588867,,,,,,,,,,
337,0.1823437511920929,0.1823437511920929,RL-sBOED,0.03594326972961426,21568,1.346771001815796,,,,,,,,,,
338,0.20109376311302185,0.20109376311302185,RL-sBOED,0.042047739028930664,21632,1.3534587621688843,,,,,,,,,,
339,0.18000000715255737,0.18000000715255737,RL-sBOED,0.04574155807495117,21696,1.2436206340789795,,,,,,,,,,
340,0.18656249344348907,0.18656249344348907,RL-sBOED,0.047760963439941406,21760,1.3630669116973877,,,,,,,,,,
341,0.19687499105930328,0.19687499105930328,RL-sBOED,0.036920785903930664,21824,1.3002192974090576,,,,,,,,,,
342,0.2043749988079071,0.2043749988079071,RL-sBOED,0.03342747688293457,21888,1.1575288772583008,,,,,,,,,,
343,0.18937501311302185,0.18937501311302185,RL-sBOED,0.035382747650146484,21952,1.186605453491211,,,,,,,,,,
344,0.19218751788139343,0.19218751788139343,RL-sBOED,0.037099361419677734,22016,1.18583345413208,,,,,,,,,,
345,0.18796874582767487,0.18796874582767487,RL-sBOED,0.04759383201599121,22080,1.176270842552185,,,,,,,,,,
346,0.20015625655651093,0.20015625655651093,RL-sBOED,0.03321528434753418,22144,1.1546962261199951,,,,,,,,,,
347,0.19640624523162842,0.19640624523162842,RL-sBOED,0.04060816764831543,22208,1.1180604696273804,,,,,,,,,,
348,0.19171875715255737,0.19171875715255737,RL-sBOED,0.054033517837524414,22272,1.1024776697158813,,,,,,,,,,
349,0.1978124976158142,0.1978124976158142,RL-sBOED,0.036969661712646484,22336,1.1267361640930176,,,,,,,,,,
350,0.19359374046325684,0.19359374046325684,RL-sBOED,0.03357982635498047,22400,1.167560338973999,0.196875,0.08062500000000002,1,-0.0,0.0078125,0.0,1,0.0,0.08062500000000002,0
351,0.20156249403953552,0.20156249403953552,RL-sBOED,0.02913522720336914,22464,1.1589024066925049,,,,,,,,,,
352,0.19921875,0.19921875,RL-sBOED,0.03375101089477539,22528,1.2694458961486816,,,,,,,,,,
353,0.18703125417232513,0.18703125417232513,RL-sBOED,0.048023223876953125,22592,1.2382129430770874,,,,,,,,,,
354,0.1837500035762787,0.1837500035762787,RL-sBOED,0.05186748504638672,22656,1.2457584142684937,,,,,,,,,,
355,0.1889062523841858,0.1889062523841858,RL-sBOED,0.039453983306884766,22720,1.2472156286239624,,,,,,,,,,
356,0.20156250894069672,0.20156250894069672,RL-sBOED,0.03772759437561035,22784,1.2236151695251465,,,,,,,,,,
357,0.1940625011920929,0.1940625011920929,RL-sBOED,0.03589367866516113,22848,1.2088983058929443,,,,,,,,,,
358,0.1837500035762787,0.1837500035762787,RL-sBOED,0.030765056610107422,22912,1.2150518894195557,,,,,,,,,,
359,0.20812499523162842,0.20812499523162842,RL-sBOED,0.042743682861328125,22976,1.2557036876678467,,,,,,,,,,
360,0.20531249046325684,0.20531249046325684,RL-sBOED,0.046338558197021484,23040,1.241584062576294,,,,,,,,,,
361,0.18843750655651093,0.18843750655651093,RL-sBOED,0.05828285217285156,23104,1.1886701583862305,,,,,,,,,,
362,0.18843750655651093,0.18843750655651093,RL-sBOED,0.05097484588623047,23168,1.1789278984069824,,,,,,,,,,
363,0.1875,0.1875,RL-sBOED,0.03639674186706543,23232,1.216111421585083,,,,,,,,,,
364,0.18000000715255737,0.18000000715255737,RL-sBOED,0.03394341468811035,23296,1.138484239578247,,,,,,,,,,
365,0.19359375536441803,0.19359375536441803,RL-sBOED,0.03306889533996582,23360,1.1388163566589355,,,,,,,,,,
366,0.19171875715255737,0.19171875715255737,RL-sBOED,0.03793597221374512,23424,1.0928552150726318,,,,,,,,,,
367,0.20109376311302185,0.20109376311302185,RL-sBOED,0.03211498260498047,23488,1.1653765439987183,,,,,,,,,,
368,0.18468749523162842,0.18468749523162842,RL-sBOED,0.03992414474487305,23552,1.1632263660430908,,,,,,,,,,
369,0.17671875655651093,0.17671875655651093,RL-sBOED,0.03797769546508789,23616,1.1340839862823486,,,,,,,,,,
370,0.19312500953674316,0.19312500953674316,RL-sBOED,0.04677987098693848,23680,1.105495572090149,,,,,,,,,,
371,0.18796874582767487,0.18796874582767487,RL-sBOED,0.05304455757141113,23744,1.1400861740112305,,,,,,,,,,
372,0.18328124284744263,0.18328124284744263,RL-sBOED,0.03583669662475586,23808,1.0740771293640137,,,,,,,,,,
373,0.1692187488079071,0.1692187488079071,RL-sBOED,0.033153533935546875,23872,1.1009382009506226,,,,,,,,,,
374,0.19875000417232513,0.19875000417232513,RL-sBOED,0.041716814041137695,23936,1.0784087181091309,,,,,,,,,,
375,0.18562498688697815,0.18562498688697815,RL-sBOED,0.03391075134277344,24000,1.2394468784332275,0.196875,0.08062500000000002,1,-0.0,0.0078125,0.0,1,0.0,0.08062500000000002,0
376,0.19687500596046448,0.19687500596046448,RL-sBOED,0.0288851261138916,24064,1.2299467325210571,,,,,,,,,,
377,0.18984374403953552,0.18984374403953552,RL-sBOED,0.032778024673461914,24128,1.2698843479156494,,,,,,,,,,
378,0.18000000715255737,0.18000000715255737,RL-sBOED,0.039157867431640625,24192,1.3959299325942993,,,,,,,,,,
379,0.19031250476837158,0.19031250476837158,RL-sBOED,0.03960609436035156,24256,1.3433213233947754,,,,,,,,,,
380,0.1889062523841858,0.1889062523841858,RL-sBOED,0.04217100143432617,24320,1.3176064491271973,,,,,,,,,,
381,0.19453126192092896,0.19453126192092896,RL-sBOED,0.04812431335449219,24384,1.40767240524292,,,,,,,,,,
382,0.1795312613248825,0.1795312613248825,RL-sBOED,0.04627227783203125,24448,1.2588506937026978,,,,,,,,,,
383,0.20390623807907104,0.20390623807907104,RL-sBOED,0.0596926212310791,24512,1.2913986444473267,,,,,,,,,,
384,0.1964062601327896,0.1964062601327896,RL-sBOED,0.05286407470703125,24576,1.2951998710632324,,,,,,,,,,
385,0.18843750655651093,0.18843750655651093,RL-sBOED,0.0382380485534668,24640,1.3361964225769043,,,,,,,,,,
386,0.2006250023841858,0.2006250023841858,RL-sBOED,0.035260915756225586,24704,1.28304123878479,,,,,,,,,,
387,0.18656250834465027,0.18656250834465027,RL-sBOED,0.04196047782897949,24768,1.3238624334335327,,,,,,,,,,
388,0.18703125417232513,0.18703125417232513,RL-sBOED,0.049983978271484375,24832,1.3554632663726807,,,,,,,,,,
389,0.1926562488079071,0.1926562488079071,RL-sBOED,0.03433990478515625,24896,1.3192631006240845,,,,,,,,,,
390,0.19875001907348633,0.19875001907348633,RL-sBOED,0.045084238052368164,24960,1.3162057399749756,,,,,,,,,,
391,0.19593748450279236,0.19593748450279236,RL-sBOED,0.0399327278137207,25024,1.257548213005066,,,,,,,,,,
392,0.19078126549720764,0.19078126549720764,RL-sBOED,0.03949403762817383,25088,1.195902705192566,,,,,,,,,,
393,0.1823437511920929,0.1823437511920929,RL-sBOED,0.04227900505065918,25152,1.1637701988220215,,,,,,,,,,
394,0.2043749988079071,0.2043749988079071,RL-sBOED,0.031990766525268555,25216,1.1677136421203613,,,,,,,,,,
395,0.2006250023841858,0.2006250023841858,RL-sBOED,0.05780529975891113,25280,1.1160094738006592,,,,,,,,,,
396,0.18046875298023224,0.18046875298023224,RL-sBOED,0.03155994415283203,25344,1.0833158493041992,,,,,,,,,,
397,0.18843749165534973,0.18843749165534973,RL-sBOED,0.036164045333862305,25408,1.1226681470870972,,,,,,,,,,
398,0.20203125476837158,0.20203125476837158,RL-sBOED,0.031697988510131836,25472,1.0854802131652832,,,,,,,,,,
399,0.18656250834465027,0.18656250834465027,RL-sBOED,0.03536677360534668,25536,1.061382532119751,,,,,,,,,,
400,0.2071875035762787,0.2071875035762787,RL-sBOED,0.03805088996887207,25600,1.0461854934692383,0.19640624999999998,0.08015625000000001,1,-0.0,0.0078125,0.0,1,0.0,0.08015625000000001,0
401,0.18046873807907104,0.18046873807907104,RL-sBOED,0.03720879554748535,25664,1.1789469718933105,,,,,,,,,,
402,0.18468749523162842,0.18468749523162842,RL-sBOED,0.05581212043762207,25728,1.0873260498046875,,,,,,,,,,
403,0.18796876072883606,0.18796876072883606,RL-sBOED,0.0453646183013916,25792,1.1423373222351074,,,,,,,,,,
404,0.19031250476837158,0.19031250476837158,RL-sBOED,0.05029797554016113,25856,1.1036570072174072,,,,,,,,,,
405,0.20203125476837158,0.20203125476837158,RL-sBOED,0.044817447662353516,25920,1.154083490371704,,,,,,,,,,
406,0.19031250476837158,0.19031250476837158,RL-sBOED,0.05373859405517578,25984,1.1271425485610962,,,,,,,,,,
407,0.19031250476837158,0.19031250476837158,RL-sBOED,0.03646683692932129,26048,1.086388111114502,,,,,,,,,,
408,0.19593751430511475,0.19593751430511475,RL-sBOED,0.041152000427246094,26112,1.1802185773849487,,,,,,,,,,
409,0.18796874582767487,0.18796874582767487,RL-sBOED,0.036170005798339844,26176,1.1777188777923584,,,,,,,,,,
410,0.1954687535762787,0.1954687535762787,RL-sBOED,0.052826642990112305,26240,1.1330777406692505,,,,,,,,,,
411,0.17484375834465027,0.17484375834465027,RL-sBOED,0.056655168533325195,26304,1.0313923358917236,,,,,,,,,,
412,0.18328124284744263,0.18328124284744263,RL-sBOED,0.04569888114929199,26368,1.0520238876342773,,,,,,,,,,
413,0.19828125834465027,0.19828125834465027,RL-sBOED,0.03400707244873047,26432,1.0163837671279907,,,,,,,,,,
414,0.1889062523841858,0.1889062523841858,RL-sBOED,0.036301612854003906,26496,1.0799294710159302,,,,,,,,,,
415,0.20015624165534973,0.20015624165534973,RL-sBOED,0.047565460205078125,26560,0.9836337566375732,,,,,,,,,,
416,0.1823437511920929,0.1823437511920929,RL-sBOED,0.042174577713012695,26624,1.0263290405273438,,,,,,,,,,
417,0.19359375536441803,0.19359375536441803,RL-sBOED,0.035129547119140625,26688,1.056835412979126,,,,,,,,,,
418,0.19921875,0.19921875,RL-sBOED,0.045589447021484375,26752,1.0127716064453125,,,,,,,,,,
419,0.19078125059604645,0.19078125059604645,RL-sBOED,0.03875589370727539,26816,0.9940043687820435,,,,,,,,,,
420,0.1954687535762787,0.1954687535762787,RL-sBOED,0.04017519950866699,26880,1.028864860534668,,,,,,,,,,
421,0.18843749165534973,0.18843749165534973,RL-sBOED,0.03696084022521973,26944,1.0105359554290771,,,,,,,,,,
422,0.1912500113248825,0.1912500113248825,RL-sBOED,0.035376548767089844,27008,0.9892778396606445,,,,,,,,,,
423,0.20015624165534973,0.20015624165534973,RL-sBOED,0.052791595458984375,27072,1.029059648513794,,,,,,,,,,
424,0.21140624582767487,0.21140624582767487,RL-sBOED,0.04758930206298828,27136,1.0121638774871826,,,,,,,,,,
425,0.18468749523162842,0.18468749523162842,RL-sBOED,0.04846954345703125,27200,1.0598832368850708,0.196875,0.08062500000000002,1,-0.0,0.0078125,0.0,1,0.0,0.08062500000000002,0
426,0.18796874582767487,0.18796874582767487,RL-sBOED,0.028865337371826172,27264,1.0256528854370117,,,,,,,,,,
427,0.19453126192092896,0.19453126192092896,RL-sBOED,0.034655094146728516,27328,1.0071437358856201,,,,,,,,,,
428,0.1860937476158142,0.1860937476158142,RL-sBOED,0.03327012062072754,27392,0.9884247779846191,,,,,,,,,,
429,0.17859375476837158,0.17859375476837158,RL-sBOED,0.03355002403259277,27456,1.038257360458374,,,,,,,,,,
430,0.2071875035762787,0.2071875035762787,RL-sBOED,0.047084808349609375,27520,1.090268611907959,,,,,,,,,,
431,0.1889062523841858,0.1889062523841858,RL-sBOED,0.05104255676269531,27584,1.0844969749450684,,,,,,,,,,
432,0.16734375059604645,0.16734375059604645,RL-sBOED,0.03265500068664551,27648,1.096764087677002,,,,,,,,,,
433,0.1823437511920929,0.1823437511920929,RL-sBOED,0.03456902503967285,27712,1.0641058683395386,,,,,,,,,,
434,0.20671875774860382,0.20671875774860382,RL-sBOED,0.062172651290893555,27776,1.0583609342575073,,,,,,,,,,
435,0.20624999701976776,0.20624999701976776,RL-sBOED,0.03320193290710449,27840,1.067697286605835,,,,,,,,,,
436,0.1940625011920929,0.1940625011920929,RL-sBOED,0.03526592254638672,27904,1.0281867980957031,,,,,,,,,,
437,0.1771875023841858,0.1771875023841858,RL-sBOED,0.04814624786376953,27968,0.9527372717857361,,,,,,,,,,
438,0.18984375894069672,0.18984375894069672,RL-sBOED,0.04590582847595215,28032,1.0049247741699219,,,,,,,,,,
439,0.19500000774860382,0.19500000774860382,RL-sBOED,0.034656524658203125,28096,1.018101453781128,,,,,,,,,,
440,0.18421876430511475,0.18421876430511475,RL-sBOED,0.03523540496826172,28160,1.0695977210998535,,,,,,,,,,
441,0.18984374403953552,0.18984374403953552,RL-sBOED,0.05077409744262695,28224,1.0803017616271973,,,,,,,,,,
442,0.20015624165534973,0.20015624165534973,RL-sBOED,0.03621053695678711,28288,1.1045656204223633,,,,,,,,,,
443,0.18046875298023224,0.18046875298023224,RL-sBOED,0.05167436599731445,28352,1.0717284679412842,,,,,,,,,,
444,0.17812499403953552,0.17812499403953552,RL-sBOED,0.03498482704162598,28416,1.102728247642517,,,,,,,,,,
445,0.19499999284744263,0.19499999284744263,RL-sBOED,0.03831648826599121,28480,1.0625274181365967,,,,,,,,,,
446,0.19031250476837158,0.19031250476837158,RL-sBOED,0.03654170036315918,28544,1.0170586109161377,,,,,,,,,,
447,0.19499999284744263,0.19499999284744263,RL-sBOED,0.03895974159240723,28608,1.0028538703918457,,,,,,,,,,
448,0.18843750655651093,0.18843750655651093,RL-sBOED,0.05121254920959473,28672,0.9666345715522766,,,,,,,,,,
449,0.18796874582767487,0.18796874582767487,RL-sBOED,0.035796403884887695,28736,0.9430841207504272,,,,,,,,,,
450,0.19359375536441803,0.19359375536441803,RL-sBOED,0.04356050491333008,28800,0.9076211452484131,0.198984375,0.08273437500000001,2,0.08048483706800685,0.015625,0.0,1,0.0,0.08273437500000001,0
451,0.19968751072883606,0.19968751072883606,RL-sBOED,0.02934408187866211,28864,0.8574369549751282,,,,,,,,,,
452,0.20062501728534698,0.20062501728534698,RL-sBOED,0.031957149505615234,28928,0.8638955354690552,,,,,,,,,,
453,0.18796876072883606,0.18796876072883606,RL-sBOED,0.02928900718688965,28992,0.9432819485664368,,,,,,,,,,
454,0.19640624523162842,0.19640624523162842,RL-sBOED,0.03195929527282715,29056,0.9562248587608337,,,,,,,,,,
455,0.18656250834465027,0.18656250834465027,RL-sBOED,0.04454445838928223,29120,1.0788185596466064,,,,,,,,,,
456,0.2109375,0.2109375,RL-sBOED,0.03216886520385742,29184,1.153385877609253,,,,,,,,,,
457,0.18421874940395355,0.18421874940395355,RL-sBOED,0.04025006294250488,29248,1.0968701839447021,,,,,,,,,,
458,0.20203125476837158,0.20203125476837158,RL-sBOED,0.03952455520629883,29312,1.1871086359024048,,,,,,,,,,
459,0.19593751430511475,0.19593751430511475,RL-sBOED,0.054462432861328125,29376,1.1156210899353027,,,,,,,,,,
460,0.2160937488079071,0.2160937488079071,RL-sBOED,0.04029083251953125,29440,1.200016975402832,,,,,,,,,,
461,0.18046875298023224,0.18046875298023224,RL-sBOED,0.04368877410888672,29504,1.1522012948989868,,,,,,,,,,
462,0.18984374403953552,0.18984374403953552,RL-sBOED,0.03352642059326172,29568,1.1194772720336914,,,,,,,,,,
463,0.1978124976158142,0.1978124976158142,RL-sBOED,0.05468606948852539,29632,1.107350468635559,,,,,,,,,,
464,0.19171875715255737,0.19171875715255737,RL-sBOED,0.03412342071533203,29696,1.071312665939331,,,,,,,,,,
465,0.1978124976158142,0.1978124976158142,RL-sBOED,0.03884387016296387,29760,1.002467393875122,,,,,,,,,,
466,0.1926562488079071,0.1926562488079071,RL-sBOED,0.04448366165161133,29824,0.9343729019165039,,,,,,,,,,
467,0.19593749940395355,0.19593749940395355,RL-sBOED,0.050159454345703125,29888,1.0153170824050903,,,,,,,,,,
468,0.19453124701976776,0.19453124701976776,RL-sBOED,0.03556561470031738,29952,0.9194053411483765,,,,,,,,,,
469,0.20390625298023224,0.20390625298023224,RL-sBOED,0.06669282913208008,30016,0.9503018260002136,,,,,,,,,,
470,0.1912499964237213,0.1912499964237213,RL-sBOED,0.047353506088256836,30080,0.9450939297676086,,,,,,,,,,
471,0.19828125834465027,0.19828125834465027,RL-sBOED,0.04282522201538086,30144,0.9422054886817932,,,,,,,,,,
472,0.18046876788139343,0.18046876788139343,RL-sBOED,0.054543495178222656,30208,0.9715285301208496,,,,,,,,,,
473,0.19171875715255737,0.19171875715255737,RL-sBOED,0.03585624694824219,30272,0.9715372323989868,,,,,,,,,,
474,0.17906251549720764,0.17906251549720764,RL-sBOED,0.04042458534240723,30336,0.9965647459030151,,,,,,,,,,
475,0.19875000417232513,0.19875000417232513,RL-sBOED,0.03371429443359375,30400,1.0247724056243896,0.196875,0.08062500000000002,1,-0.0,0.0078125,0.0,1,0.0,0.08062500000000002,0
476,0.19734373688697815,0.19734373688697815,RL-sBOED,0.03561520576477051,30464,1.0312049388885498,,,,,,,,,,
477,0.1889062523841858,0.1889062523841858,RL-sBOED,0.037470102310180664,30528,0.9690272212028503,,,,,,,,,,
478,0.18328125774860382,0.18328125774860382,RL-sBOED,0.04085373878479004,30592,0.9604071378707886,,,,,,,,,,
479,0.18421874940395355,0.18421874940395355,RL-sBOED,0.035151004791259766,30656,0.9829373359680176,,,,,,,,,,
480,0.19453124701976776,0.19453124701976776,RL-sBOED,0.03835773468017578,30720,0.9907097220420837,,,,,,,,,,
481,0.17624999582767487,0.17624999582767487,RL-sBOED,0.03446197509765625,30784,1.0355067253112793,,,,,,,,,,
482,0.18046875298023224,0.18046875298023224,RL-sBOED,0.044738054275512695,30848,1.0056177377700806,,,,,,,,,,
483,0.19312499463558197,0.19312499463558197,RL-sBOED,0.053674936294555664,30912,0.9400986433029175,,,,,,,,,,
484,0.1875,0.1875,RL-sBOED,0.043121337890625,30976,0.9602329730987549,,,,,,,,,,
485,0.19968749582767487,0.19968749582767487,RL-sBOED,0.03784489631652832,31040,0.9724714756011963,,,,,,,,,,
486,0.17812499403953552,0.17812499403953552,RL-sBOED,0.04152631759643555,31104,0.9565335512161255,,,,,,,,,,
487,0.19828125834465027,0.19828125834465027,RL-sBOED,0.049121856689453125,31168,1.022714376449585,,,,,,,,,,
488,0.17906251549720764,0.17906251549720764,RL-sBOED,0.05686378479003906,31232,0.9504179358482361,,,,,,,,,,
489,0.1912499964237213,0.1912499964237213,RL-sBOED,0.03500485420227051,31296,0.9577088952064514,,,,,,,,,,
490,0.20015625655651093,0.20015625655651093,RL-sBOED,0.037537574768066406,31360,0.9952711462974548,,,,,,,,,,
491,0.1926562488079071,0.1926562488079071,RL-sBOED,0.043265342712402344,31424,0.9286565780639648,,,,,,,,,,
492,0.19453126192092896,0.19453126192092896,RL-sBOED,0.04544401168823242,31488,0.928374171257019,,,,,,,,,,
493,0.2006250023841858,0.2006250023841858,RL-sBOED,0.03724980354309082,31552,1.005152940750122,,,,,,,,,,
494,0.18187500536441803,0.18187500536441803,RL-sBOED,0.047327518463134766,31616,0.9907829165458679,,,,,,,,,,
495,0.19640624523162842,0.19640624523162842,RL-sBOED,0.04062175750732422,31680,0.9965322017669678,,,,,,,,,,
496,0.19031250476837158,0.19031250476837158,RL-sBOED,0.037775516510009766,31744,1.0062508583068848,,,,,,,,,,
497,0.19218748807907104,0.19218748807907104,RL-sBOED,0.04029369354248047,31808,1.0678590536117554,,,,,,,,,,
498,0.17812499403953552,0.17812499403953552,RL-sBOED,0.03876781463623047,31872,1.1441166400909424,,,,,,,,,,
499,0.2006250023841858,0.2006250023841858,RL-sBOED,0.04898858070373535,31936,1.082451343536377,,,,,,,,,,
500,0.2029687464237213,0.2029687464237213,RL-sBOED,0.03547525405883789,32000,1.0741300582885742,0.196875,0.08062500000000002,1,-0.0,0.0078125,0.0,1,0.0,0.08062500000000002,0
501,0.18703125417232513,0.18703125417232513,RL-sBOED,0.028612852096557617,32064,1.0602350234985352,,,,,,,,,,
502,0.20109374821186066,0.20109374821186066,RL-sBOED,0.028398513793945312,32128,1.1117169857025146,,,,,,,,,,
503,0.20390625298023224,0.20390625298023224,RL-sBOED,0.028467893600463867,32192,1.080739140510559,,,,,,,,,,
504,0.18281249701976776,0.18281249701976776,RL-sBOED,0.03138995170593262,32256,1.1083043813705444,,,,,,,,,,
505,0.18796874582767487,0.18796874582767487,RL-sBOED,0.03621053695678711,32320,1.1316330432891846,,,,,,,,,,
506,0.18984375894069672,0.18984375894069672,RL-sBOED,0.03128170967102051,32384,1.1644091606140137,,,,,,,,,,
507,0.1964062601327896,0.1964062601327896,RL-sBOED,0.03381705284118652,32448,1.159318208694458,,,,,,,,,,
508,0.18421876430511475,0.18421876430511475,RL-sBOED,0.03507661819458008,32512,1.2531852722167969,,,,,,,,,,
509,0.20531250536441803,0.20531250536441803,RL-sBOED,0.033829450607299805,32576,1.3029625415802002,,,,,,,,,,
510,0.18937499821186066,0.18937499821186066,RL-sBOED,0.03521013259887695,32640,1.2713477611541748,,,,,,,,,,
511,0.1954687535762787,0.1954687535762787,RL-sBOED,0.0454709529876709,32704,1.2290929555892944,,,,,,,,,,
512,0.18843749165534973,0.18843749165534973,RL-sBOED,0.03478646278381348,32768,1.214808702468872,,,,,,,,,,
513,0.1954687535762787,0.1954687535762787,RL-sBOED,0.06167340278625488,32832,1.2127015590667725,,,,,,,,,,
514,0.2057812511920929,0.2057812511920929,RL-sBOED,0.03658032417297363,32896,1.2163459062576294,,,,,,,,,,
515,0.19312500953674316,0.19312500953674316,RL-sBOED,0.03410959243774414,32960,1.1887294054031372,,,,,,,,,,
516,0.1940625011920929,0.1940625011920929,RL-sBOED,0.05940604209899902,33024,1.1785812377929688,,,,,,,,,,
517,0.19734375178813934,0.19734375178813934,RL-sBOED,0.03395485877990723,33088,1.1855616569519043,,,,,,,,,,
518,0.20765626430511475,0.20765626430511475,RL-sBOED,0.03899049758911133,33152,1.2028039693832397,,,,,,,,,,
519,0.1964062601327896,0.1964062601327896,RL-sBOED,0.045827388763427734,33216,1.260080337524414,,,,,,,,,,
520,0.19031250476837158,0.19031250476837158,RL-sBOED,0.03705334663391113,33280,1.3508174419403076,,,,,,,,,,
521,0.20531250536441803,0.20531250536441803,RL-sBOED,0.03598332405090332,33344,1.2936277389526367,,,,,,,,,,
522,0.18328124284744263,0.18328124284744263,RL-sBOED,0.03255915641784668,33408,1.3133811950683594,,,,,,,,,,
523,0.19359374046325684,0.19359374046325684,RL-sBOED,0.03014993667602539,33472,1.2432307004928589,,,,,,,,,,
524,0.17906250059604645,0.17906250059604645,RL-sBOED,0.029366016387939453,33536,1.2712996006011963,,,,,,,,,,
525,0.18703125417232513,0.18703125417232513,RL-sBOED,0.02949237823486328,33600,1.196258544921875,0.195703125,0.08257812500000002,1,-0.0,0.0078125,0.0078125,1,0.000234375,0.08257812500000002,0
526,0.18796874582767487,0.18796874582767487,RL-sBOED,0.034868478775024414,33664,1.1246618032455444,,,,,,,,,,
527,0.19218750298023224,0.19218750298023224,RL-sBOED,0.03576374053955078,33728,1.1639642715454102,,,,,,,,,,
528,0.17906251549720764,0.17906251549720764,RL-sBOED,0.04175829887390137,33792,1.1959620714187622,,,,,,,,,,
529,0.19078125059604645,0.19078125059604645,RL-sBOED,0.03359508514404297,33856,1.2185500860214233,,,,,,,,,,
530,0.19593751430511475,0.19593751430511475,RL-sBOED,0.03418540954589844,33920,1.2298626899719238,,,,,,,,,,
531,0.18843749165534973,0.18843749165534973,RL-sBOED,0.04144859313964844,33984,1.1787704229354858,,,,,,,,,,
532,0.19734375178813934,0.19734375178813934,RL-sBOED,0.03273367881774902,34048,1.26631760597229,,,,,,,,,,
533,0.1640625,0.1640625,RL-sBOED,0.03613996505737305,34112,1.2246732711791992,,,,,,,,,,
534,0.19078125059604645,0.19078125059604645,RL-sBOED,0.04271841049194336,34176,1.229042410850525,,,,,,,,,,
535,0.1795312613248825,0.1795312613248825,RL-sBOED,0.04892230033874512,34240,1.165469765663147,,,,,,,,,,
536,0.19687500596046448,0.19687500596046448,RL-sBOED,0.039925336837768555,34304,1.1960492134094238,,,,,,,,,,
537,0.18656249344348907,0.18656249344348907,RL-sBOED,0.045302629470825195,34368,1.1116584539413452,,,,,,,,,,
538,0.1912499964237213,0.1912499964237213,RL-sBOED,0.03954577445983887,34432,1.1490249633789062,,,,,,,,,,
539,0.19453126192092896,0.19453126192092896,RL-sBOED,0.03538179397583008,34496,1.0479638576507568,,,,,,,,,,
540,0.1978124976158142,0.1978124976158142,RL-sBOED,0.030440807342529297,34560,1.0901167392730713,,,,,,,,,,
541,0.19734373688697815,0.19734373688697815,RL-sBOED,0.047208309173583984,34624,0.9804384708404541,,,,,,,,,,
542,0.20484374463558197,0.20484374463558197,RL-sBOED,0.030986309051513672,34688,0.9498370885848999,,,,,,,,,,
543,0.19031250476837158,0.19031250476837158,RL-sBOED,0.03134036064147949,34752,0.9683359861373901,,,,,,,,,,
544,0.18140625953674316,0.18140625953674316,RL-sBOED,0.03558969497680664,34816,0.9578375816345215,,,,,,,,,,
545,0.2029687464237213,0.2029687464237213,RL-sBOED,0.031651973724365234,34880,0.9360049366950989,,,,,,,,,,
546,0.1954687535762787,0.1954687535762787,RL-sBOED,0.034868717193603516,34944,1.006812334060669,,,,,,,,,,
547,0.18281251192092896,0.18281251192092896,RL-sBOED,0.03513002395629883,35008,1.0025794506072998,,,,,,,,,,
548,0.20109373331069946,0.20109373331069946,RL-sBOED,0.049001455307006836,35072,0.9938696622848511,,,,,,,,,,
549,0.18421876430511475,0.18421876430511475,RL-sBOED,0.030819416046142578,35136,0.9957359433174133,,,,,,,,,,
550,0.19734376668930054,0.19734376668930054,RL-sBOED,0.03217506408691406,35200,0.9717941880226135,0.19851562499999997,0.08226562500000001,1,-0.0,0.0078125,0.0,1,0.0,0.08226562500000001,0
551,0.1954687535762787,0.1954687535762787,RL-sBOED,0.029584646224975586,35264,0.9835583567619324,,,,,,,,,,
552,0.17625001072883606,0.17625001072883606,RL-sBOED,0.028506755828857422,35328,0.9567056894302368,,,,,,,,,,
553,0.18281251192092896,0.18281251192092896,RL-sBOED,0.028685808181762695,35392,1.034029483795166,,,,,,,,,,
554,0.19499999284744263,0.19499999284744263,RL-sBOED,0.04274940490722656,35456,0.9513167142868042,,,,,,,,,,
555,0.17624999582767487,0.17624999582767487,RL-sBOED,0.03946566581726074,35520,0.9913254976272583,,,,,,,,,,
556,0.2081250101327896,0.2081250101327896,RL-sBOED,0.03212141990661621,35584,0.9629771709442139,,,,,,,,,,
557,0.1926562488079071,0.1926562488079071,RL-sBOED,0.04093599319458008,35648,1.0326087474822998,,,,,,,,,,
558,0.19593751430511475,0.19593751430511475,RL-sBOED,0.031039714813232422,35712,1.0135133266448975,,,,,,,,,,
559,0.1706250011920929,0.1706250011920929,RL-sBOED,0.03400683403015137,35776,1.0456328392028809,,,,,,,,,,
560,0.18562498688697815,0.18562498688697815,RL-sBOED,0.0317232608795166,35840,1.0424913167953491,,,,,,,,,,
561,0.18843749165534973,0.18843749165534973,RL-sBOED,0.034946441650390625,35904,1.0832908153533936,,,,,,,,,,
562,0.20015625655651093,0.20015625655651093,RL-sBOED,0.03122711181640625,35968,1.0117921829223633,,,,,,,,,,
563,0.17671874165534973,0.17671874165534973,RL-sBOED,0.046529293060302734,36032,1.1389275789260864,,,,,,,,,,
564,0.1823437511920929,0.1823437511920929,RL-sBOED,0.0576479434967041,36096,1.06983482837677,,,,,,,,,,
565,0.1837500035762787,0.1837500035762787,RL-sBOED,0.034410715103149414,36160,1.154357671737671,,,,,,,,,,
566,0.18000000715255737,0.18000000715255737,RL-sBOED,0.041604042053222656,36224,1.1437225341796875,,,,,,,,,,
567,0.19078125059604645,0.19078125059604645,RL-sBOED,0.035672664642333984,36288,1.0179322957992554,,,,,,,,,,
568,0.20624999701976776,0.20624999701976776,RL-sBOED,0.0305936336517334,36352,1.0107271671295166,,,,,,,,,,
569,0.17343750596046448,0.1796875,RL-sBOED,0.03498411178588867,36416,1.0301557779312134,,,,,,,,,,
570,0.18046875298023224,0.18046875298023224,RL-sBOED,0.04611563682556152,36480,0.9766021966934204,,,,,,,,,,
571,0.18562498688697815,0.18562498688697815,RL-sBOED,0.032764434814453125,36544,1.0047390460968018,,,,,,,,,,
572,0.1926562488079071,0.1926562488079071,RL-sBOED,0.03126120567321777,36608,0.9523391127586365,,,,,,,,,,
573,0.18187500536441803,0.18187500536441803,RL-sBOED,0.04701876640319824,36672,1.0291600227355957,,,,,,,,,,
574,0.17015624046325684,0.17015624046325684,RL-sBOED,0.034415245056152344,36736,1.0337557792663574,,,,,,,,,,
575,0.20109374821186066,0.20109374821186066,RL-sBOED,0.0455935001373291,36800,1.0057693719863892,0.196875,0.08062500000000002,1,-0.0,0.0078125,0.0,1,0.0,0.08062500000000002,0
576,0.19312500953674316,0.19312500953674316,RL-sBOED,0.028758764266967773,36864,0.9957138299942017,,,,,,,,,,
577,0.19453124701976776,0.19453124701976776,RL-sBOED,0.02889728546142578,36928,1.0336759090423584,,,,,,,,,,
578,0.19640624523162842,0.19640624523162842,RL-sBOED,0.05110979080200195,36992,0.9632934331893921,,,,,,,,,,
579,0.18796876072883606,0.18796876072883606,RL-sBOED,0.0353853702545166,37056,0.9964233636856079,,,,,,,,,,
580,0.19593749940395355,0.19593749940395355,RL-sBOED,0.038048505783081055,37120,1.0487265586853027,,,,,,,,,,
581,0.19031250476837158,0.19031250476837158,RL-sBOED,0.030165910720825195,37184,0.9910335540771484,,,,,,,,,,
582,0.19312500953674316,0.19312500953674316,RL-sBOED,0.02978348731994629,37248,1.0143721103668213,,,,,,,,,,
583,0.1809374988079071,0.1809374988079071,RL-sBOED,0.030893564224243164,37312,1.065943717956543,,,,,,,,,,
584,0.2029687464237213,0.2029687464237213,RL-sBOED,0.04562187194824219,37376,1.0616763830184937,,,,,,,,,,
585,0.1912499964237213,0.1912499964237213,RL-sBOED,0.05397939682006836,37440,1.0686184167861938,,,,,,,,,,
586,0.19593751430511475,0.19593751430511475,RL-sBOED,0.0507657527923584,37504,1.1265170574188232,,,,,,,,,,
587,0.18843750655651093,0.18843750655651093,RL-sBOED,0.03630518913269043,37568,1.204251766204834,,,,,,,,,,
588,0.19312500953674316,0.19312500953674316,RL-sBOED,0.034943580627441406,37632,1.2087302207946777,,,,,,,,,,
589,0.1912500113248825,0.1912500113248825,RL-sBOED,0.03316950798034668,37696,1.1495307683944702,,,,,,,,,,
590,0.1940625011920929,0.1940625011920929,RL-sBOED,0.03943777084350586,37760,1.066042184829712,,,,,,,,,,
591,0.19078125059604645,0.19078125059604645,RL-sBOED,0.040389299392700195,37824,1.115856409072876,,,,,,,,,,
592,0.19921875,0.19921875,RL-sBOED,0.05135774612426758,37888,1.0312787294387817,,,,,,,,,,
593,0.19078125059604645,0.19078125059604645,RL-sBOED,0.034497737884521484,37952,1.0909595489501953,,,,,,,,,,
594,0.17906251549720764,0.17906251549720764,RL-sBOED,0.03387451171875,38016,1.079876184463501,,,,,,,,,,
595,0.19921875,0.19921875,RL-sBOED,0.03202629089355469,38080,1.097822666168213,,,,,,,,,,
596,0.19640624523162842,0.19640624523162842,RL-sBOED,0.03200817108154297,38144,1.134747862815857,,,,,,,,,,
597,0.19828125834465027,0.19828125834465027,RL-sBOED,0.031075239181518555,38208,1.1991920471191406,,,,,,,,,,
598,0.18843749165534973,0.18843749165534973,RL-sBOED,0.04123711585998535,38272,1.338074803352356,,,,,,,,,,
599,0.19171875715255737,0.19171875715255737,RL-sBOED,0.03405618667602539,38336,1.2076265811920166,,,,,,,,,,
600,0.19687500596046448,0.19687500596046448,RL-sBOED,0.03166556358337402,38400,1.2637381553649902,0.195234375,0.08210937500000001,2,0.08048483706800685,0.015625,0.0078125,1,0.000234375,0.08210937500000001,0
601,0.17859375476837158,0.17859375476837158,RL-sBOED,0.029334306716918945,38464,1.1040451526641846,,,,,,,,,,
602,0.19218748807907104,0.19218748807907104,RL-sBOED,0.03245210647583008,38528,1.3281841278076172,,,,,,,,,,
603,0.2057812511920929,0.2057812511920929,RL-sBOED,0.030144453048706055,38592,1.2282633781433105,,,,,,,,,,
604,0.19218748807907104,0.19218748807907104,RL-sBOED,0.029395580291748047,38656,1.1888031959533691,,,,,,,,,,
605,0.19453124701976776,0.19453124701976776,RL-sBOED,0.029093265533447266,38720,1.1588435173034668,,,,,,,,,,
606,0.19359375536441803,0.19359375536441803,RL-sBOED,0.029004573822021484,38784,1.187688946723938,,,,,,,,,,
607,0.18000000715255737,0.18000000715255737,RL-sBOED,0.028870105743408203,38848,1.1000021696090698,,,,,,,,,,
608,0.18515625596046448,0.18515625596046448,RL-sBOED,0.028934717178344727,38912,1.0716372728347778,,,,,,,,,,
609,0.18562500178813934,0.18562500178813934,RL-sBOED,0.02872943878173828,38976,1.0027257204055786,,,,,,,,,,
610,0.18515625596046448,0.18515625596046448,RL-sBOED,0.02995133399963379,39040,0.9803251624107361,,,,,,,,,,
611,0.19171875715255737,0.19171875715255737,RL-sBOED,0.03483939170837402,39104,1.0041310787200928,,,,,,,,,,
612,0.20531249046325684,0.20531249046325684,RL-sBOED,0.03294944763183594,39168,0.9352866411209106,,,,,,,,,,
613,0.1926562488079071,0.1926562488079071,RL-sBOED,0.030167579650878906,39232,1.045906901359558,,,,,,,,,,
614,0.2006250023841858,0.2006250023841858,RL-sBOED,0.03563880920410156,39296,1.0289480686187744,,,,,,,,,,
615,0.19968749582767487,0.19968749582767487,RL-sBOED,0.03362560272216797,39360,1.1420533657073975,,,,,,,,,,
616,0.19453126192092896,0.19453126192092896,RL-sBOED,0.0392611026763916,39424,1.130767822265625,,,,,,,,,,
617,0.19359375536441803,0.19359375536441803,RL-sBOED,0.033434152603149414,39488,1.1169357299804688,,,,,,,,,,
618,0.20156249403953552,0.20156249403953552,RL-sBOED,0.03606438636779785,39552,1.109450101852417,,,,,,,,,,
619,0.18562500178813934,0.18562500178813934,RL-sBOED,0.03687548637390137,39616,1.0319535732269287,,,,,,,,,,
620,0.19734375178813934,0.19734375178813934,RL-sBOED,0.043581247329711914,39680,1.0855836868286133,,,,,,,,,,
621,0.1823437511920929,0.1823437511920929,RL-sBOED,0.050624847412109375,39744,1.096031665802002,,,,,,,,,,
622,0.1875,0.1875,RL-sBOED,0.03277301788330078,39808,1.118496298789978,,,,,,,,,,
623,0.19453126192092896,0.19453126192092896,RL-sBOED,0.04723072052001953,39872,1.0947422981262207,,,,,,,,,,
624,0.1954687535762787,0.1954687535762787,RL-sBOED,0.034220218658447266,39936,1.1472548246383667,,,,,,,,,,
625,0.18046876788139343,0.18046876788139343,RL-sBOED,0.03257155418395996,40000,1.1077337265014648,0.196640625,0.08039062500000001,2,0.08048483706800685,0.015625,0.0,1,0.0,0.08039062500000001,0
626,0.20624999701976776,0.20624999701976776,RL-sBOED,0.02853536605834961,40064,1.135786533355713,,,,,,,,,,
627,0.18281251192092896,0.18281251192092896,RL-sBOED,0.02833724021911621,40128,1.1268162727355957,,,,,,,,,,
628,0.20249998569488525,0.20249998569488525,RL-sBOED,0.028238773345947266,40192,1.1449620723724365,,,,,,,,,,
629,0.18140624463558197,0.18140624463558197,RL-sBOED,0.028673171997070312,40256,1.105067491531372,,,,,,,,,,
630,0.1875,0.1875,RL-sBOED,0.02851414680480957,40320,1.121893048286438,,,,,,,,,,
631,0.19968749582767487,0.19968749582767487,RL-sBOED,0.029377222061157227,40384,1.1144194602966309,,,,,,,,,,
632,0.1785937398672104,0.1785937398672104,RL-sBOED,0.02909684181213379,40448,1.185986042022705,,,,,,,,,,
633,0.1837500035762787,0.1837500035762787,RL-sBOED,0.029957294464111328,40512,1.0722622871398926,,,,,,,,,,
634,0.1823437511920929,0.1823437511920929,RL-sBOED,0.03698086738586426,40576,1.257461667060852,,,,,,,,,,
635,0.1912500113248825,0.1912500113248825,RL-sBOED,0.04433608055114746,40640,1.1334214210510254,,,,,,,,,,
636,0.20484375953674316,0.20484375953674316,RL-sBOED,0.04817676544189453,40704,1.1564655303955078,,,,,,,,,,
637,0.2006250023841858,0.2006250023841858,RL-sBOED,0.04337882995605469,40768,1.1209851503372192,,,,,,,,,,
638,0.18046875298023224,0.18046875298023224,RL-sBOED,0.06560015678405762,40832,1.2153100967407227,,,,,,,,,,
639,0.19734376668930054,0.19734376668930054,RL-sBOED,0.054494380950927734,40896,1.2416956424713135,,,,,,,,,,
640,0.19312500953674316,0.19312500953674316,RL-sBOED,0.05737638473510742,40960,1.2336026430130005,,,,,,,,,,
641,0.20671875774860382,0.20671875774860382,RL-sBOED,0.039591312408447266,41024,1.2625305652618408,,,,,,,,,,
642,0.18703123927116394,0.18703123927116394,RL-sBOED,0.05199718475341797,41088,1.237052321434021,,,,,,,,,,
643,0.18843750655651093,0.18843750655651093,RL-sBOED,0.0483705997467041,41152,1.2739251852035522,,,,,,,,,,
644,0.2057812511920929,0.2057812511920929,RL-sBOED,0.047027587890625,41216,1.2368202209472656,,,,,,,,,,
645,0.17765626311302185,0.17765626311302185,RL-sBOED,0.03175163269042969,41280,1.2659642696380615,,,,,,,,,,
646,0.17906251549720764,0.17906251549720764,RL-sBOED,0.04053163528442383,41344,1.3456306457519531,,,,,,,,,,
647,0.1940625011920929,0.1940625011920929,RL-sBOED,0.032779693603515625,41408,1.172844648361206,,,,,,,,,,
648,0.19078125059604645,0.19078125059604645,RL-sBOED,0.0579676628112793,41472,1.2794065475463867,,,,,,,,,,
649,0.19312500953674316,0.19312500953674316,RL-sBOED,0.03439927101135254,41536,1.2437007427215576,,,,,,,,,,
650,0.1706250011920929,0.1706250011920929,RL-sBOED,0.04843640327453613,41600,1.1830496788024902,0.195703125,0.08257812500000002,1,-0.0,0.0078125,0.0078125,1,0.000234375,0.08257812500000002,0
651,0.1720312535762787,0.1720312535762787,RL-sBOED,0.030557870864868164,41664,1.1923110485076904,,,,,,,,,,
652,0.17906248569488525,0.17906248569488525,RL-sBOED,0.03546547889709473,41728,1.2699105739593506,,,,,,,,,,
653,0.2057812511920929,0.2057812511920929,RL-sBOED,0.047289133071899414,41792,1.2605786323547363,,,,,,,,,,
654,0.17109376192092896,0.17109376192092896,RL-sBOED,0.04628109931945801,41856,1.2563591003417969,,,,,,,,,,
655,0.18656250834465027,0.18656250834465027,RL-sBOED,0.042496681213378906,41920,1.153996467590332,,,,,,,,,,
656,0.18515625596046448,0.18515625596046448,RL-sBOED,0.03863024711608887,41984,1.0665512084960938,,,,,,,,,,
657,0.20109376311302185,0.20109376311302185,RL-sBOED,0.04768013954162598,42048,1.0792107582092285,,,,,,,,,,
658,0.19312500953674316,0.19312500953674316,RL-sBOED,0.03357672691345215,42112,1.0686002969741821,,,,,,,,,,
659,0.1837500035762787,0.1837500035762787,RL-sBOED,0.04253053665161133,42176,1.1611403226852417,,,,,,,,,,
660,0.1926562488079071,0.1926562488079071,RL-sBOED,0.041472673416137695,42240,1.0433170795440674,,,,,,,,,,
661,0.19312500953674316,0.19312500953674316,RL-sBOED,0.03491401672363281,42304,1.0796284675598145,,,,,,,,,,
662,0.1912500113248825,0.1912500113248825,RL-sBOED,0.05488419532775879,42368,1.1481893062591553,,,,,,,,,,
663,0.1743749976158142,0.1743749976158142,RL-sBOED,0.0319976806640625,42432,1.0524156093597412,,,,,,,,,,
664,0.1954687535762787,0.1954687535762787,RL-sBOED,0.04513430595397949,42496,1.0877841711044312,,,,,,,,,,
665,0.20390625298023224,0.20390625298023224,RL-sBOED,0.044214487075805664,42560,1.1062133312225342,,,,,,,,,,
666,0.21046873927116394,0.21046873927116394,RL-sBOED,0.03951597213745117,42624,1.147630214691162,,,,,,,,,,
667,0.18937501311302185,0.18937501311302185,RL-sBOED,0.030846357345581055,42688,1.1268072128295898,,,,,,,,,,
668,0.19874998927116394,0.19874998927116394,RL-sBOED,0.03246140480041504,42752,1.0708935260772705,,,,,,,,,,
669,0.19640624523162842,0.19640624523162842,RL-sBOED,0.040091514587402344,42816,1.1194019317626953,,,,,,,,,,
670,0.1954687535762787,0.1954687535762787,RL-sBOED,0.038048505783081055,42880,1.1220779418945312,,,,,,,,,,
671,0.19359375536441803,0.19359375536441803,RL-sBOED,0.054392099380493164,42944,1.129621148109436,,,,,,,,,,
672,0.21375000476837158,0.21375000476837158,RL-sBOED,0.030878782272338867,43008,1.0817996263504028,,,,,,,,,,
673,0.19078125059604645,0.19078125059604645,RL-sBOED,0.02931046485900879,43072,1.2060694694519043,,,,,,,,,,
674,0.18468749523162842,0.18468749523162842,RL-sBOED,0.03734445571899414,43136,1.2323980331420898,,,,,,,,,,
675,0.19921875,0.19921875,RL-sBOED,0.0319669246673584,43200,1.2512593269348145,0.195,0.10453125000000002,2,0.40609642111261135,0.015625,0.0234375,1,0.00234375,0.10453125000000002,0
676,0.18796874582767487,0.18796874582767487,RL-sBOED,0.03614974021911621,43264,1.2843554019927979,,,,,,,,,,
677,0.1912499964237213,0.1912499964237213,RL-sBOED,0.05831646919250488,43328,1.2978954315185547,,,,,,,,,,
678,0.1837500035762787,0.1837500035762787,RL-sBOED,0.047206878662109375,43392,1.2680611610412598,,,,,,,,,,
679,0.19312499463558197,0.19312499463558197,RL-sBOED,0.04350900650024414,43456,1.1773788928985596,,,,,,,,,,
680,0.21046873927116394,0.21046873927116394,RL-sBOED,0.033308982849121094,43520,1.1620124578475952,,,,,,,,,,
681,0.18984374403953552,0.18984374403953552,RL-sBOED,0.03774237632751465,43584,1.1333296298980713,,,,,,,,,,
682,0.19312500953674316,0.19312500953674316,RL-sBOED,0.04570770263671875,43648,1.18721604347229,,,,,,,,,,
683,0.19078126549720764,0.19078126549720764,RL-sBOED,0.05944466590881348,43712,1.2162585258483887,,,,,,,,,,
684,0.18000000715255737,0.18000000715255737,RL-sBOED,0.0347442626953125,43776,1.2803391218185425,,,,,,,,,,
685,0.19218750298023224,0.19218750298023224,RL-sBOED,0.0377957820892334,43840,1.2516181468963623,,,,,,,,,,
686,0.19031250476837158,0.19031250476837158,RL-sBOED,0.05617070198059082,43904,1.2480337619781494,,,,,,,,,,
687,0.19218748807907104,0.19218748807907104,RL-sBOED,0.03138375282287598,43968,1.250807285308838,,,,,,,,,,
688,0.19921875,0.19921875,RL-sBOED,0.04176497459411621,44032,1.203735589981079,,,,,,,,,,
689,0.1954687535762787,0.1954687535762787,RL-sBOED,0.04361224174499512,44096,1.1065013408660889,,,,,,,,,,
690,0.18984375894069672,0.18984375894069672,RL-sBOED,0.04314255714416504,44160,1.210591435432434,,,,,,,,,,
691,0.1940625011920929,0.1940625011920929,RL-sBOED,0.05584573745727539,44224,1.138229250907898,,,,,,,,,,
692,0.18937498331069946,0.18937498331069946,RL-sBOED,0.03446006774902344,44288,1.2194271087646484,,,,,,,,,,
693,0.1875,0.1875,RL-sBOED,0.04346632957458496,44352,1.130959153175354,,,,,,,,,,
694,0.19968749582767487,0.19968749582767487,RL-sBOED,0.047393083572387695,44416,1.1642428636550903,,,,,,,,,,
695,0.1978124976158142,0.1978124976158142,RL-sBOED,0.04897141456604004,44480,1.1748619079589844,,,,,,,,,,
696,0.21187500655651093,0.21187500655651093,RL-sBOED,0.054042816162109375,44544,1.1306147575378418,,,,,,,,,,
697,0.2095312476158142,0.2095312476158142,RL-sBOED,0.05544853210449219,44608,1.1633235216140747,,,,,,,,,,
698,0.2071875035762787,0.2071875035762787,RL-sBOED,0.034898996353149414,44672,1.125165343284607,,,,,,,,,,
699,0.20250000059604645,0.20250000059604645,RL-sBOED,0.0428011417388916,44736,1.1443521976470947,,,,,,,,,,
700,0.20250001549720764,0.20250001549720764,RL-sBOED,0.04210472106933594,44800,1.139967679977417,0.196875,0.08062500000000002,1,-0.0,0.0078125,0.0,1,0.0,0.08062500000000002,0
701,0.18843750655651093,0.18843750655651093,RL-sBOED,0.028789520263671875,44864,1.1003053188323975,,,,,,,,,,
702,0.19453126192092896,0.19453126192092896,RL-sBOED,0.039191246032714844,44928,1.1722297668457031,,,,,,,,,,
703,0.18562498688697815,0.18562498688697815,RL-sBOED,0.03641057014465332,44992,1.1302287578582764,,,,,,,,,,
704,0.18984375894069672,0.18984375894069672,RL-sBOED,0.03031301498413086,45056,1.141096830368042,,,,,,,,,,
705,0.18703125417232513,0.18703125417232513,RL-sBOED,0.0297544002532959,45120,1.1597310304641724,,,,,,,,,,
706,0.18421874940395355,0.18421874940395355,RL-sBOED,0.02969074249267578,45184,1.1520037651062012,,,,,,,,,,
707,0.19218751788139343,0.19218751788139343,RL-sBOED,0.03791689872741699,45248,1.1312404870986938,,,,,,,,,,
708,0.18046875298023224,0.18046875298023224,RL-sBOED,0.030256271362304688,45312,1.1249301433563232,,,,,,,,,,
709,0.19593751430511475,0.19593751430511475,RL-sBOED,0.02962970733642578,45376,1.1494688987731934,,,,,,,,,,
710,0.2123437523841858,0.2123437523841858,RL-sBOED,0.03409147262573242,45440,1.1508748531341553,,,,,,,,,,
711,0.19921875,0.19921875,RL-sBOED,0.03845334053039551,45504,1.1738159656524658,,,,,,,,,,
712,0.20531250536441803,0.20531250536441803,RL-sBOED,0.039037227630615234,45568,1.2639011144638062,,,,,,,,,,
713,0.18046875298023224,0.18046875298023224,RL-sBOED,0.031641483306884766,45632,1.3202290534973145,,,,,,,,,,
714,0.18468749523162842,0.18468749523162842,RL-sBOED,0.03338932991027832,45696,1.3780587911605835,,,,,,,,,,
715,0.20343750715255737,0.20343750715255737,RL-sBOED,0.041878461837768555,45760,1.3931020498275757,,,,,,,,,,
716,0.19921875,0.19921875,RL-sBOED,0.042083740234375,45824,1.4105404615402222,,,,,,,,,,
717,0.18984374403953552,0.18984374403953552,RL-sBOED,0.045865774154663086,45888,1.3949388265609741,,,,,,,,,,
718,0.19828125834465027,0.19828125834465027,RL-sBOED,0.032099246978759766,45952,1.2552255392074585,,,,,,,,,,
719,0.1954687535762787,0.1954687535762787,RL-sBOED,0.030751943588256836,46016,1.287791132926941,,,,,,,,,,
720,0.1954687535762787,0.1954687535762787,RL-sBOED,0.030155181884765625,46080,1.2802555561065674,,,,,,,,,,
721,0.18843749165534973,0.18843749165534973,RL-sBOED,0.036464691162109375,46144,1.243180513381958,,,,,,,,,,
722,0.1889062523841858,0.1889062523841858,RL-sBOED,0.04635357856750488,46208,1.1856472492218018,,,,,,,,,,
723,0.18703126907348633,0.18703126907348633,RL-sBOED,0.030841350555419922,46272,1.2098585367202759,,,,,,,,,,
724,0.18937499821186066,0.18937499821186066,RL-sBOED,0.04140782356262207,46336,1.1552108526229858,,,,,,,,,,
725,0.20531249046325684,0.20531249046325684,RL-sBOED,0.04509449005126953,46400,1.1493983268737793,0.196875,0.08062500000000002,1,-0.0,0.0078125,0.0,1,0.0,0.08062500000000002,0
726,0.20109376311302185,0.20109376311302185,RL-sBOED,0.03031301498413086,46464,1.212623119354248,,,,,,,,,,
727,0.18515625596046448,0.18515625596046448,RL-sBOED,0.030199289321899414,46528,1.1630663871765137,,,,,,,,,,
728,0.19359374046325684,0.19359374046325684,RL-sBOED,0.0308837890625,46592,1.230203628540039,,,,,,,,,,
729,0.20625001192092896,0.20625001192092896,RL-sBOED,0.0449674129486084,46656,1.3353612422943115,,,,,,,,,,
730,0.18515625596046448,0.18515625596046448,RL-sBOED,0.029903411865234375,46720,1.3056392669677734,,,,,,,,,,
731,0.19078125059604645,0.19078125059604645,RL-sBOED,0.038747549057006836,46784,1.3366994857788086,,,,,,,,,,
732,0.19640624523162842,0.19640624523162842,RL-sBOED,0.04650235176086426,46848,1.3868467807769775,,,,,,,,,,
733,0.20109376311302185,0.20109376311302185,RL-sBOED,0.04774355888366699,46912,1.3689372539520264,,,,,,,,,,
734,0.18796876072883606,0.18796876072883606,RL-sBOED,0.03239798545837402,46976,1.2861952781677246,,,,,,,,,,
735,0.1912499964237213,0.1912499964237213,RL-sBOED,0.04237508773803711,47040,1.3275772333145142,,,,,,,,,,
736,0.19734376668930054,0.19734376668930054,RL-sBOED,0.04897499084472656,47104,1.3653374910354614,,,,,,,,,,
737,0.19359374046325684,0.19359374046325684,RL-sBOED,0.03267931938171387,47168,1.3418668508529663,,,,,,,,,,
738,0.18796876072883606,0.18796876072883606,RL-sBOED,0.045217037200927734,47232,1.3536674976348877,,,,,,,,,,
739,0.19078125059604645,0.19078125059604645,RL-sBOED,0.053904056549072266,47296,1.3721123933792114,,,,,,,,,,
740,0.1940625160932541,0.1940625160932541,RL-sBOED,0.032880544662475586,47360,1.4193158149719238,,,,,,,,,,
741,0.18796876072883606,0.18796876072883606,RL-sBOED,0.03934741020202637,47424,1.3937609195709229,,,,,,,,,,
742,0.1912499964237213,0.1912499964237213,RL-sBOED,0.04084038734436035,47488,1.4069550037384033,,,,,,,,,,
743,0.19031250476837158,0.19031250476837158,RL-sBOED,0.04715108871459961,47552,1.3392349481582642,,,,,,,,,,
744,0.19500000774860382,0.19500000774860382,RL-sBOED,0.04566359519958496,47616,1.330756425857544,,,,,,,,,,
745,0.19499999284744263,0.19499999284744263,RL-sBOED,0.03359055519104004,47680,1.4512147903442383,,,,,,,,,,
746,0.20015624165534973,0.20015624165534973,RL-sBOED,0.04770946502685547,47744,1.3635668754577637,,,,,,,,,,
747,0.18562500178813934,0.18562500178813934,RL-sBOED,0.05142378807067871,47808,1.3851346969604492,,,,,,,,,,
748,0.19078125059604645,0.19078125059604645,RL-sBOED,0.039559364318847656,47872,1.296891450881958,,,,,,,,,,
749,0.19828125834465027,0.19828125834465027,RL-sBOED,0.03689146041870117,47936,1.2901628017425537,,,,,,,,,,
750,0.18937499821186066,0.18937499821186066,RL-sBOED,0.03655385971069336,48000,1.2052679061889648,0.196875,0.08062500000000002,1,-0.0,0.0078125,0.0,1,0.0,0.08062500000000002,0
751,0.20343750715255737,0.20343750715255737,RL-sBOED,0.02930283546447754,48064,1.1781686544418335,,,,,,,,,,
752,0.18703125417232513,0.18703125417232513,RL-sBOED,0.035498619079589844,48128,1.1433346271514893,,,,,,,,,,
753,0.20109374821186066,0.20109374821186066,RL-sBOED,0.041319847106933594,48192,1.1544370651245117,,,,,,,,,,
754,0.18703126907348633,0.18703126907348633,RL-sBOED,0.03720688819885254,48256,1.2519786357879639,,,,,,,,,,
755,0.19312499463558197,0.19312499463558197,RL-sBOED,0.03785252571105957,48320,1.1001328229904175,,,,,,,,,,
756,0.18984375894069672,0.18984375894069672,RL-sBOED,0.03181004524230957,48384,1.1673133373260498,,,,,,,,,,
757,0.21328124403953552,0.21328124403953552,RL-sBOED,0.03614187240600586,48448,1.1943786144256592,,,,,,,,,,
758,0.20156249403953552,0.20156249403953552,RL-sBOED,0.03638482093811035,48512,1.1909312009811401,,,,,,,,,,
759,0.1926562488079071,0.1926562488079071,RL-sBOED,0.03325223922729492,48576,1.3211795091629028,,,,,,,,,,
760,0.21703124046325684,0.21703124046325684,RL-sBOED,0.031882286071777344,48640,1.2009897232055664,,,,,,,,,,
761,0.19453124701976776,0.19453124701976776,RL-sBOED,0.03293609619140625,48704,1.1417897939682007,,,,,,,,,,
762,0.19687500596046448,0.19687500596046448,RL-sBOED,0.03147411346435547,48768,1.181907296180725,,,,,,,,,,
763,0.18796876072883606,0.18796876072883606,RL-sBOED,0.04721689224243164,48832,1.1726784706115723,,,,,,,,,,
764,0.19218750298023224,0.19218750298023224,RL-sBOED,0.03487205505371094,48896,1.1414899826049805,,,,,,,,,,
765,0.18843749165534973,0.18843749165534973,RL-sBOED,0.03353452682495117,48960,1.020956039428711,,,,,,,,,,
766,0.19218748807907104,0.19218748807907104,RL-sBOED,0.03162026405334473,49024,1.089189887046814,,,,,,,,,,
767,0.1889062523841858,0.1889062523841858,RL-sBOED,0.036370038986206055,49088,1.0172936916351318,,,,,,,,,,
768,0.18984375894069672,0.18984375894069672,RL-sBOED,0.031743526458740234,49152,0.963336706161499,,,,,,,,,,
769,0.18843749165534973,0.18843749165534973,RL-sBOED,0.041107892990112305,49216,1.0058486461639404,,,,,,,,,,
770,0.18984374403953552,0.18984374403953552,RL-sBOED,0.0473172664642334,49280,0.9866464138031006,,,,,,,,,,
771,0.1889062523841858,0.1889062523841858,RL-sBOED,0.04775214195251465,49344,0.9840672016143799,,,,,,,,,,
772,0.1940625011920929,0.1940625011920929,RL-sBOED,0.05471920967102051,49408,1.009369969367981,,,,,,,,,,
773,0.1889062523841858,0.1889062523841858,RL-sBOED,0.032027482986450195,49472,1.0513142347335815,,,,,,,,,,
774,0.19734375178813934,0.19734375178813934,RL-sBOED,0.03495025634765625,49536,1.0450854301452637,,,,,,,,,,
775,0.1912499964237213,0.1912499964237213,RL-sBOED,0.0362858772277832,49600,1.0674395561218262,0.196875,0.08062500000000002,1,-0.0,0.0078125,0.0,1,0.0,0.08062500000000002,0
776,0.18421874940395355,0.18421874940395355,RL-sBOED,0.029150962829589844,49664,1.1056532859802246,,,,,,,,,,
777,0.1926562488079071,0.1926562488079071,RL-sBOED,0.03546500205993652,49728,1.145205020904541,,,,,,,,,,
778,0.19031250476837158,0.1965624988079071,RL-sBOED,0.040496826171875,49792,1.2259743213653564,,,,,,,,,,
779,0.17859375476837158,0.17859375476837158,RL-sBOED,0.0349278450012207,49856,1.1866002082824707,,,,,,,,,,
780,0.21421875059604645,0.21421875059604645,RL-sBOED,0.0368344783782959,49920,1.3667168617248535,,,,,,,,,,
781,0.19359374046325684,0.19359374046325684,RL-sBOED,0.032048702239990234,49984,1.2473392486572266,,,,,,,,,,
782,0.17484374344348907,0.17484374344348907,RL-sBOED,0.034832000732421875,50048,1.2286932468414307,,,,,,,,,,
783,0.18421876430511475,0.18421876430511475,RL-sBOED,0.03551077842712402,50112,1.1362192630767822,,,,,,,,,,
784,0.20343750715255737,0.20343750715255737,RL-sBOED,0.05353283882141113,50176,1.1966352462768555,,,,,,,,,,
785,0.18703125417232513,0.18703125417232513,RL-sBOED,0.056198835372924805,50240,1.0968379974365234,,,,,,,,,,
786,0.18843749165534973,0.18843749165534973,RL-sBOED,0.03279685974121094,50304,1.124074935913086,,,,,,,,,,
787,0.1954687535762787,0.1954687535762787,RL-sBOED,0.03309440612792969,50368,1.1179020404815674,,,,,,,,,,
788,0.1809374988079071,0.1809374988079071,RL-sBOED,0.04089069366455078,50432,1.1340452432632446,,,,,,,,,,
789,0.2071875035762787,0.2071875035762787,RL-sBOED,0.043933868408203125,50496,1.2231554985046387,,,,,,,,,,
790,0.18187500536441803,0.18187500536441803,RL-sBOED,0.031013011932373047,50560,1.1422691345214844,,,,,,,,,,
791,0.19499999284744263,0.19499999284744263,RL-sBOED,0.039304256439208984,50624,1.1232205629348755,,,,,,,,,,
792,0.18421874940395355,0.18421874940395355,RL-sBOED,0.03328132629394531,50688,1.0565820932388306,,,,,,,,,,
793,0.17765624821186066,0.17765624821186066,RL-sBOED,0.03526473045349121,50752,1.1573481559753418,,,,,,,,,,
794,0.18046875298023224,0.18046875298023224,RL-sBOED,0.040015220642089844,50816,1.1327059268951416,,,,,,,,,,
795,0.20343750715255737,0.20343750715255737,RL-sBOED,0.046193599700927734,50880,1.11631178855896,,,,,,,,,,
796,0.19359375536441803,0.19359375536441803,RL-sBOED,0.03775358200073242,50944,1.0900288820266724,,,,,,,,,,
797,0.19312500953674316,0.19312500953674316,RL-sBOED,0.03905606269836426,51008,1.0884854793548584,,,,,,,,,,
798,0.18937501311302185,0.18937501311302185,RL-sBOED,0.03441047668457031,51072,1.1702021360397339,,,,,,,,,,
799,0.18703125417232513,0.18703125417232513,RL-sBOED,0.046164751052856445,51136,1.1797354221343994,,,,,,,,,,
800,0.20484375953674316,0.20484375953674316,RL-sBOED,0.03234434127807617,51200,1.1675102710723877,0.196875,0.08062500000000002,1,-0.0,0.0078125,0.0,1,0.0,0.08062500000000002,0
801,0.19687500596046448,0.19687500596046448,RL-sBOED,0.03067469596862793,51264,1.110562801361084,,,,,,,,,,
802,0.19874998927116394,0.19874998927116394,RL-sBOED,0.03459048271179199,51328,1.1791317462921143,,,,,,,,,,
803,0.18937501311302185,0.18937501311302185,RL-sBOED,0.04456806182861328,51392,1.1845393180847168,,,,,,,,,,
804,0.1889062523841858,0.1889062523841858,RL-sBOED,0.043576717376708984,51456,1.1237088441848755,,,,,,,,,,
805,0.17484375834465027,0.17484375834465027,RL-sBOED,0.03982853889465332,51520,1.1576414108276367,,,,,,,,,,
806,0.17671875655651093,0.17671875655651093,RL-sBOED,0.03827524185180664,51584,1.179831624031067,,,,,,,,,,
807,0.17671875655651093,0.17671875655651093,RL-sBOED,0.0491480827331543,51648,1.3195087909698486,,,,,,,,,,
808,0.21140626072883606,0.21140626072883606,RL-sBOED,0.05173039436340332,51712,1.2836956977844238,,,,,,,,,,
809,0.18562500178813934,0.18562500178813934,RL-sBOED,0.04082012176513672,51776,1.1991698741912842,,,,,,,,,,
810,0.1875,0.1875,RL-sBOED,0.046648263931274414,51840,1.2220590114593506,,,,,,,,,,
811,0.20859375596046448,0.20859375596046448,RL-sBOED,0.06291627883911133,51904,1.2055772542953491,,,,,,,,,,
812,0.18421874940395355,0.18421874940395355,RL-sBOED,0.051737070083618164,51968,1.0962188243865967,,,,,,,,,,
813,0.1889062523841858,0.1889062523841858,RL-sBOED,0.046247243881225586,52032,1.1478911638259888,,,,,,,,,,
814,0.20671875774860382,0.20671875774860382,RL-sBOED,0.04995131492614746,52096,1.1641690731048584,,,,,,,,,,
815,0.2057812511920929,0.2057812511920929,RL-sBOED,0.03645634651184082,52160,1.1168787479400635,,,,,,,,,,
816,0.18937499821186066,0.18937499821186066,RL-sBOED,0.03458380699157715,52224,1.2654669284820557,,,,,,,,,,
817,0.21187500655651093,0.21187500655651093,RL-sBOED,0.03596854209899902,52288,1.2023413181304932,,,,,,,,,,
818,0.20343750715255737,0.20343750715255737,RL-sBOED,0.031568050384521484,52352,1.2469638586044312,,,,,,,,,,
819,0.1809374988079071,0.1809374988079071,RL-sBOED,0.037451982498168945,52416,1.3120008707046509,,,,,,,,,,
820,0.20859375596046448,0.20859375596046448,RL-sBOED,0.037740468978881836,52480,1.2501630783081055,,,,,,,,,,
821,0.20109376311302185,0.20109376311302185,RL-sBOED,0.03441286087036133,52544,1.1218810081481934,,,,,,,,,,
822,0.18140625953674316,0.18140625953674316,RL-sBOED,0.0317230224609375,52608,1.159767508506775,,,,,,,,,,
823,0.19593749940395355,0.19593749940395355,RL-sBOED,0.03619027137756348,52672,1.2318596839904785,,,,,,,,,,
824,0.18515625596046448,0.18515625596046448,RL-sBOED,0.03552746772766113,52736,1.3255499601364136,,,,,,,,,,
825,0.17250001430511475,0.17250001430511475,RL-sBOED,0.039931535720825195,52800,1.4537403583526611,0.19734374999999998,0.08734375000000001,2,0.37677016125643675,0.015625,0.015625,1,0.00046875,0.08734375000000001,0
826,0.2071875035762787,0.2071875035762787,RL-sBOED,0.03636622428894043,52864,1.4163837432861328,,,,,,,,,,
827,0.19078123569488525,0.19078123569488525,RL-sBOED,0.03949618339538574,52928,1.5271971225738525,,,,,,,,,,
828,0.1978124976158142,0.1978124976158142,RL-sBOED,0.039933204650878906,52992,1.5914204120635986,,,,,,,,,,
829,0.19828125834465027,0.19828125834465027,RL-sBOED,0.04755830764770508,53056,1.557617425918579,,,,,,,,,,
830,0.18562500178813934,0.18562500178813934,RL-sBOED,0.061504364013671875,53120,1.4086480140686035,,,,,,,,,,
831,0.1926562488079071,0.1926562488079071,RL-sBOED,0.04152631759643555,53184,1.2724090814590454,,,,,,,,,,
832,0.18796876072883606,0.18796876072883606,RL-sBOED,0.0321040153503418,53248,1.3236405849456787,,,,,,,,,,
833,0.1823437511920929,0.1823437511920929,RL-sBOED,0.03506064414978027,53312,1.2870844602584839,,,,,,,,,,
834,0.2123437523841858,0.2123437523841858,RL-sBOED,0.03424334526062012,53376,1.3251073360443115,,,,,,,,,,
835,0.18421874940395355,0.18421874940395355,RL-sBOED,0.03828549385070801,53440,1.315019130706787,,,,,,,,,,
836,0.20250000059604645,0.20250000059604645,RL-sBOED,0.03422665596008301,53504,1.3171439170837402,,,,,,,,,,
837,0.2029687464237213,0.2029687464237213,RL-sBOED,0.03522038459777832,53568,1.2975342273712158,,,,,,,,,,
838,0.17624999582767487,0.17624999582767487,RL-sBOED,0.039995670318603516,53632,1.247499704360962,,,,,,,,,,
839,0.19640624523162842,0.19640624523162842,RL-sBOED,0.04282379150390625,53696,1.249847650527954,,,,,,,,,,
840,0.18187502026557922,0.18187502026557922,RL-sBOED,0.03502225875854492,53760,1.2466940879821777,,,,,,,,,,
841,0.19828124344348907,0.19828124344348907,RL-sBOED,0.037877559661865234,53824,1.3167924880981445,,,,,,,,,,
842,0.18328124284744263,0.18328124284744263,RL-sBOED,0.050362586975097656,53888,1.2503399848937988,,,,,,,,,,
843,0.1823437511920929,0.1823437511920929,RL-sBOED,0.043126583099365234,53952,1.4523392915725708,,,,,,,,,,
844,0.19078125059604645,0.19078125059604645,RL-sBOED,0.040676116943359375,54016,1.402967929840088,,,,,,,,,,
845,0.1837500035762787,0.1837500035762787,RL-sBOED,0.03569149971008301,54080,1.3541269302368164,,,,,,,,,,
846,0.2029687464237213,0.2029687464237213,RL-sBOED,0.035517215728759766,54144,1.3871159553527832,,,,,,,,,,
847,0.19078123569488525,0.19078123569488525,RL-sBOED,0.03479790687561035,54208,1.452880620956421,,,,,,,,,,
848,0.18562500178813934,0.18562500178813934,RL-sBOED,0.03458595275878906,54272,1.4322803020477295,,,,,,,,,,
849,0.18843749165534973,0.18843749165534973,RL-sBOED,0.044489145278930664,54336,1.4243617057800293,,,,,,,,,,
850,0.20859375596046448,0.20859375596046448,RL-sBOED,0.05160212516784668,54400,1.6315375566482544,0.195703125,0.08257812500000002,2,0.045688389073983635,0.015625,0.0078125,1,0.000234375,0.08257812500000002,0
851,0.19218750298023224,0.19218750298023224,RL-sBOED,0.028562307357788086,54464,1.4978017807006836,,,,,,,,,,
852,0.20109374821186066,0.20109374821186066,RL-sBOED,0.028289794921875,54528,1.5561691522598267,,,,,,,,,,
853,0.20156249403953552,0.20156249403953552,RL-sBOED,0.02827620506286621,54592,1.4924089908599854,,,,,,,,,,
854,0.18937501311302185,0.18937501311302185,RL-sBOED,0.028731107711791992,54656,1.4653041362762451,,,,,,,,,,
855,0.20015625655651093,0.20015625655651093,RL-sBOED,0.039304494857788086,54720,1.4514375925064087,,,,,,,,,,
856,0.2006250023841858,0.2006250023841858,RL-sBOED,0.04158163070678711,54784,1.5142886638641357,,,,,,,,,,
857,0.20812499523162842,0.20812499523162842,RL-sBOED,0.030739307403564453,54848,1.4418396949768066,,,,,,,,,,
858,0.20531252026557922,0.20531252026557922,RL-sBOED,0.03394889831542969,54912,1.4124265909194946,,,,,,,,,,
859,0.20343750715255737,0.20343750715255737,RL-sBOED,0.032476186752319336,54976,1.398956060409546,,,,,,,,,,
860,0.19171875715255737,0.19171875715255737,RL-sBOED,0.0314178466796875,55040,1.3102028369903564,,,,,,,,,,
861,0.18281251192092896,0.18281251192092896,RL-sBOED,0.032952308654785156,55104,1.3445253372192383,,,,,,,,,,
862,0.1837500035762787,0.1837500035762787,RL-sBOED,0.04538249969482422,55168,1.2893717288970947,,,,,,,,,,
863,0.20765624940395355,0.20765624940395355,RL-sBOED,0.05040574073791504,55232,1.303490161895752,,,,,,,,,,
864,0.20671875774860382,0.20671875774860382,RL-sBOED,0.03479170799255371,55296,1.2422783374786377,,,,,,,,,,
865,0.19593749940395355,0.19593749940395355,RL-sBOED,0.034943342208862305,55360,1.2405166625976562,,,,,,,,,,
866,0.18984374403953552,0.18984374403953552,RL-sBOED,0.052591562271118164,55424,1.2086384296417236,,,,,,,,,,
867,0.1875,0.1875,RL-sBOED,0.0296480655670166,55488,1.1760883331298828,,,,,,,,,,
868,0.19593749940395355,0.19593749940395355,RL-sBOED,0.026897192001342773,55552,1.2382563352584839,,,,,,,,,,
869,0.1837500035762787,0.1837500035762787,RL-sBOED,0.0269317626953125,55616,1.2737815380096436,,,,,,,,,,
870,0.18468749523162842,0.18468749523162842,RL-sBOED,0.02691793441772461,55680,1.2854548692703247,,,,,,,,,,
871,0.17812499403953552,0.17812499403953552,RL-sBOED,0.026888132095336914,55744,1.347447156906128,,,,,,,,,,
872,0.19500000774860382,0.19500000774860382,RL-sBOED,0.026909828186035156,55808,1.3022364377975464,,,,,,,,,,
873,0.19031250476837158,0.19031250476837158,RL-sBOED,0.026923179626464844,55872,1.3187096118927002,,,,,,,,,,
874,0.19921875,0.19921875,RL-sBOED,0.026968717575073242,55936,1.2872376441955566,,,,,,,,,,
875,0.19828125834465027,0.19828125834465027,RL-sBOED,0.026957273483276367,56000,1.2980003356933594,0.199453125,0.08320312500000002,3,0.2771133574914559,0.0234375,0.0,1,0.0,0.08320312500000002,0
876,0.2006250023841858,0.2006250023841858,RL-sBOED,0.027167558670043945,56064,1.248826026916504,,,,,,,,,,
877,0.2043749988079071,0.2043749988079071,RL-sBOED,0.026972293853759766,56128,1.2637381553649902,,,,,,,,,,
878,0.18703125417232513,0.18703125417232513,RL-sBOED,0.026928424835205078,56192,1.2995436191558838,,,,,,,,,,
879,0.20624999701976776,0.20624999701976776,RL-sBOED,0.026960134506225586,56256,1.3197555541992188,,,,,,,,,,
880,0.20390625298023224,0.20390625298023224,RL-sBOED,0.026883363723754883,56320,1.245096206665039,,,,,,,,,,
881,0.18984374403953552,0.18984374403953552,RL-sBOED,0.026856660842895508,56384,1.3025896549224854,,,,,,,,,,
882,0.18187499046325684,0.18187499046325684,RL-sBOED,0.026966094970703125,56448,1.330824375152588,,,,,,,,,,
883,0.1926562488079071,0.1926562488079071,RL-sBOED,0.026924610137939453,56512,1.1955876350402832,,,,,,,,,,
884,0.17578125,0.17578125,RL-sBOED,0.026962995529174805,56576,1.2850286960601807,,,,,,,,,,
885,0.18703125417232513,0.18703125417232513,RL-sBOED,0.02694559097290039,56640,1.2393519878387451,,,,,,,,,,
886,0.21140624582767487,0.21140624582767487,RL-sBOED,0.027321577072143555,56704,1.235737919807434,,,,,,,,,,
887,0.19312500953674316,0.19312500953674316,RL-sBOED,0.026917219161987305,56768,1.3729259967803955,,,,,,,,,,
888,0.19453124701976776,0.19453124701976776,RL-sBOED,0.02698969841003418,56832,1.2770212888717651,,,,,,,,,,
889,0.18796874582767487,0.18796874582767487,RL-sBOED,0.026910066604614258,56896,1.3535572290420532,,,,,,,,,,
890,0.20812499523162842,0.20812499523162842,RL-sBOED,0.026854991912841797,56960,1.283739686012268,,,,,,,,,,
891,0.20250000059604645,0.20250000059604645,RL-sBOED,0.02706766128540039,57024,1.2163673639297485,,,,,,,,,,
892,0.18140624463558197,0.18140624463558197,RL-sBOED,0.027039527893066406,57088,1.1999872922897339,,,,,,,,,,
893,0.19593749940395355,0.19593749940395355,RL-sBOED,0.02694225311279297,57152,1.0927543640136719,,,,,,,,,,
894,0.18703125417232513,0.18703125417232513,RL-sBOED,0.026916980743408203,57216,1.057687520980835,,,,,,,,,,
895,0.18703123927116394,0.18703123927116394,RL-sBOED,0.026924610137939453,57280,1.0827854871749878,,,,,,,,,,
896,0.18984374403953552,0.18984374403953552,RL-sBOED,0.026836156845092773,57344,1.162640929222107,,,,,,,,,,
897,0.2006250023841858,0.2006250023841858,RL-sBOED,0.02691364288330078,57408,1.1468091011047363,,,,,,,,,,
898,0.19453124701976776,0.19453124701976776,RL-sBOED,0.026894569396972656,57472,1.0825482606887817,,,,,,,,,,
899,0.1678124964237213,0.1678124964237213,RL-sBOED,0.026868343353271484,57536,1.16025710105896,,,,,,,,,,
900,0.1926562488079071,0.1926562488079071,RL-sBOED,0.026965856552124023,57600,1.1512401103973389,0.19874999999999998,0.0825,2,0.18920898053816695,0.015625,0.0,1,0.0,0.0825,0
901,0.19031250476837158,0.19031250476837158,RL-sBOED,0.02716994285583496,57664,1.068503975868225,,,,,,,,,,
902,0.19078125059604645,0.19078125059604645,RL-sBOED,0.027610301971435547,57728,1.1598981618881226,,,,,,,,,,
903,0.2057812511920929,0.2057812511920929,RL-sBOED,0.03804898262023926,57792,1.0578291416168213,,,,,,,,,,
904,0.1926562488079071,0.1926562488079071,RL-sBOED,0.03137707710266113,57856,1.1274622678756714,,,,,,,,,,
905,0.1875,0.1875,RL-sBOED,0.026889324188232422,57920,1.2293977737426758,,,,,,,,,,
906,0.19078126549720764,0.19078126549720764,RL-sBOED,0.026920557022094727,57984,1.1226496696472168,,,,,,,,,,
907,0.18421876430511475,0.18421876430511475,RL-sBOED,0.026967525482177734,58048,1.073220133781433,,,,,,,,,,
908,0.19359375536441803,0.19359375536441803,RL-sBOED,0.02694225311279297,58112,1.024402379989624,,,,,,,,,,
909,0.18937499821186066,0.18937499821186066,RL-sBOED,0.026915550231933594,58176,1.0563898086547852,,,,,,,,,,
910,0.19359374046325684,0.19359374046325684,RL-sBOED,0.026883363723754883,58240,1.0281165838241577,,,,,,,,,,
911,0.2146874964237213,0.2146874964237213,RL-sBOED,0.027069568634033203,58304,0.9948526620864868,,,,,,,,,,
912,0.19828125834465027,0.19828125834465027,RL-sBOED,0.026940107345581055,58368,1.0421911478042603,,,,,,,,,,
913,0.17906250059604645,0.17906250059604645,RL-sBOED,0.02696824073791504,58432,1.0414286851882935,,,,,,,,,,
914,0.17156250774860382,0.17156250774860382,RL-sBOED,0.02688431739807129,58496,1.0699737071990967,,,,,,,,,,
915,0.19031250476837158,0.19031250476837158,RL-sBOED,0.026985883712768555,58560,1.056638240814209,,,,,,,,,,
916,0.20343749225139618,0.20343749225139618,RL-sBOED,0.026992082595825195,58624,1.111086130142212,,,,,,,,,,
917,0.1809374988079071,0.1809374988079071,RL-sBOED,0.027057647705078125,58688,1.0971662998199463,,,,,,,,,,
918,0.1823437511920929,0.1823437511920929,RL-sBOED,0.027019262313842773,58752,1.093185544013977,,,,,,,,,,
919,0.1940625011920929,0.1940625011920929,RL-sBOED,0.026956796646118164,58816,1.0456888675689697,,,,,,,,,,
920,0.19078123569488525,0.19078123569488525,RL-sBOED,0.02696084976196289,58880,1.0429116487503052,,,,,,,,,,
921,0.19828125834465027,0.19828125834465027,RL-sBOED,0.02694535255432129,58944,1.0013422966003418,,,,,,,,,,
922,0.1954687535762787,0.1954687535762787,RL-sBOED,0.02698802947998047,59008,1.087870717048645,,,,,,,,,,
923,0.19359374046325684,0.19359374046325684,RL-sBOED,0.026920795440673828,59072,1.0235333442687988,,,,,,,,,,
924,0.18281251192092896,0.18281251192092896,RL-sBOED,0.02691030502319336,59136,1.0179930925369263,,,,,,,,,,
925,0.18187500536441803,0.18187500536441803,RL-sBOED,0.02701258659362793,59200,1.1036512851715088,0.19828125,0.08203125,2,0.13906079845474112,0.015625,0.0,1,0.0,0.08203125,0
926,0.20531250536441803,0.20531250536441803,RL-sBOED,0.028846025466918945,59264,1.079272747039795,,,,,,,,,,
927,0.19031250476837158,0.19031250476837158,RL-sBOED,0.039406776428222656,59328,1.0228852033615112,,,,,,,,,,
928,0.19640624523162842,0.19640624523162842,RL-sBOED,0.03741741180419922,59392,1.0575904846191406,,,,,,,,,,
929,0.18468749523162842,0.18468749523162842,RL-sBOED,0.0538029670715332,59456,1.0978662967681885,,,,,,,,,,
930,0.20156249403953552,0.20156249403953552,RL-sBOED,0.031889915466308594,59520,1.0707685947418213,,,,,,,,,,
931,0.19218750298023224,0.19218750298023224,RL-sBOED,0.04799461364746094,59584,1.0762194395065308,,,,,,,,,,
932,0.19218748807907104,0.19218748807907104,RL-sBOED,0.04445004463195801,59648,1.0884191989898682,,,,,,,,,,
933,0.18796874582767487,0.18796874582767487,RL-sBOED,0.03657937049865723,59712,0.9625795483589172,,,,,,,,,,
934,0.18843750655651093,0.18843750655651093,RL-sBOED,0.043592214584350586,59776,0.9934732913970947,,,,,,,,,,
935,0.18984374403953552,0.18984374403953552,RL-sBOED,0.06239962577819824,59840,0.9982478618621826,,,,,,,,,,
936,0.20203125476837158,0.2082812488079071,RL-sBOED,0.038225412368774414,59904,0.9607226252555847,,,,,,,,,,
937,0.18937501311302185,0.18937501311302185,RL-sBOED,0.042951345443725586,59968,1.0011813640594482,,,,,,,,,,
938,0.18046875298023224,0.18046875298023224,RL-sBOED,0.03489565849304199,60032,0.9148948192596436,,,,,,,,,,
939,0.17484375834465027,0.17484375834465027,RL-sBOED,0.036063432693481445,60096,0.9890918731689453,,,,,,,,,,
940,0.17249999940395355,0.17249999940395355,RL-sBOED,0.03877711296081543,60160,0.942094624042511,,,,,,,,,,
941,0.1940625011920929,0.1940625011920929,RL-sBOED,0.033684492111206055,60224,0.8892813920974731,,,,,,,,,,
942,0.19312500953674316,0.19312500953674316,RL-sBOED,0.04118776321411133,60288,0.8546371459960938,,,,,,,,,,
943,0.20156249403953552,0.20156249403953552,RL-sBOED,0.033288002014160156,60352,0.8872143030166626,,,,,,,,,,
944,0.19875000417232513,0.19875000417232513,RL-sBOED,0.035875558853149414,60416,0.9111500978469849,,,,,,,,,,
945,0.1860937476158142,0.1860937476158142,RL-sBOED,0.04099917411804199,60480,0.9506820440292358,,,,,,,,,,
946,0.1978124976158142,0.1978124976158142,RL-sBOED,0.04198098182678223,60544,0.9876549243927002,,,,,,,,,,
947,0.19828124344348907,0.19828124344348907,RL-sBOED,0.038332462310791016,60608,0.9554669857025146,,,,,,,,,,
948,0.20203125476837158,0.20203125476837158,RL-sBOED,0.04694557189941406,60672,1.0597325563430786,,,,,,,,,,
949,0.19031250476837158,0.19031250476837158,RL-sBOED,0.050484657287597656,60736,1.073270320892334,,,,,,,,,,
950,0.18703123927116394,0.18703123927116394,RL-sBOED,0.04517841339111328,60800,1.044924020767212,0.19804687499999998,0.08179687500000002,2,0.045688389073983635,0.015625,0.0,1,0.0,0.08179687500000002,0
951,0.19499999284744263,0.19499999284744263,RL-sBOED,0.02854180335998535,60864,1.0383063554763794,,,,,,,,,,
952,0.20109374821186066,0.20109374821186066,RL-sBOED,0.033622026443481445,60928,1.1881238222122192,,,,,,,,,,
953,0.1926562637090683,0.1926562637090683,RL-sBOED,0.03178858757019043,60992,0.9985573291778564,,,,,,,,,,
954,0.1875,0.1875,RL-sBOED,0.03433060646057129,61056,1.0042051076889038,,,,,,,,,,
955,0.19828125834465027,0.19828125834465027,RL-sBOED,0.03389239311218262,61120,0.9761313199996948,,,,,,,,,,
956,0.19828125834465027,0.19828125834465027,RL-sBOED,0.0370326042175293,61184,1.0749075412750244,,,,,,,,,,
957,0.19078123569488525,0.19078123569488525,RL-sBOED,0.03705644607543945,61248,1.0607476234436035,,,,,,,,,,
958,0.20671874284744263,0.20671874284744263,RL-sBOED,0.046979427337646484,61312,1.0730822086334229,,,,,,,,,,
959,0.20156250894069672,0.20156250894069672,RL-sBOED,0.032080888748168945,61376,1.1022875308990479,,,,,,,,,,
960,0.17906250059604645,0.17906250059604645,RL-sBOED,0.032974958419799805,61440,1.018774390220642,,,,,,,,,,
961,0.1903124898672104,0.1903124898672104,RL-sBOED,0.03718996047973633,61504,1.0270687341690063,,,,,,,,,,
962,0.2043749988079071,0.2043749988079071,RL-sBOED,0.034970760345458984,61568,0.9429678320884705,,,,,,,,,,
963,0.19218750298023224,0.19218750298023224,RL-sBOED,0.033884286880493164,61632,0.988372802734375,,,,,,,,,,
964,0.19078125059604645,0.19078125059604645,RL-sBOED,0.0377655029296875,61696,0.9322661757469177,,,,,,,,,,
965,0.19218750298023224,0.19218750298023224,RL-sBOED,0.03611946105957031,61760,1.0414109230041504,,,,,,,,,,
966,0.18703125417232513,0.18703125417232513,RL-sBOED,0.03265666961669922,61824,0.9410107135772705,,,,,,,,,,
967,0.18468749523162842,0.18468749523162842,RL-sBOED,0.04233074188232422,61888,1.0421421527862549,,,,,,,,,,
968,0.19968751072883606,0.19968751072883606,RL-sBOED,0.03984475135803223,61952,1.0682787895202637,,,,,,,,,,
969,0.20109376311302185,0.20109376311302185,RL-sBOED,0.04575371742248535,62016,1.0788016319274902,,,,,,,,,,
970,0.18703125417232513,0.18703125417232513,RL-sBOED,0.05373811721801758,62080,1.069092869758606,,,,,,,,,,
971,0.1926562488079071,0.1926562488079071,RL-sBOED,0.04230642318725586,62144,1.05906081199646,,,,,,,,,,
972,0.20531249046325684,0.20531249046325684,RL-sBOED,0.05384373664855957,62208,1.0608420372009277,,,,,,,,,,
973,0.20156249403953552,0.20156249403953552,RL-sBOED,0.03496575355529785,62272,1.1180574893951416,,,,,,,,,,
974,0.18937499821186066,0.18937499821186066,RL-sBOED,0.03354597091674805,62336,1.111262321472168,,,,,,,,,,
975,0.19218750298023224,0.19218750298023224,RL-sBOED,0.04992222785949707,62400,1.176990270614624,0.20132812500000002,0.085078125,2,0.40609642111261135,0.015625,0.0,1,0.0,0.085078125,0
976,0.20765626430511475,0.20765626430511475,RL-sBOED,0.02724289894104004,62464,1.1100656986236572,,,,,,,,,,
977,0.18796873092651367,0.18796873092651367,RL-sBOED,0.02688002586364746,62528,1.1483570337295532,,,,,,,,,,
978,0.1889062523841858,0.1889062523841858,RL-sBOED,0.02686762809753418,62592,1.236680507659912,,,,,,,,,,
979,0.19734375178813934,0.19734375178813934,RL-sBOED,0.02704167366027832,62656,1.220832347869873,,,,,,,,,,
980,0.1809374988079071,0.1809374988079071,RL-sBOED,0.02691960334777832,62720,1.2649250030517578,,,,,,,,,,
981,0.19218750298023224,0.19218750298023224,RL-sBOED,0.026938915252685547,62784,1.1168323755264282,,,,,,,,,,
982,0.17624999582767487,0.17624999582767487,RL-sBOED,0.027001142501831055,62848,1.1562973260879517,,,,,,,,,,
983,0.18515625596046448,0.18515625596046448,RL-sBOED,0.027033090591430664,62912,1.1718562841415405,,,,,,,,,,
984,0.18281249701976776,0.18281249701976776,RL-sBOED,0.026898860931396484,62976,1.1400007009506226,,,,,,,,,,
985,0.17906251549720764,0.17906251549720764,RL-sBOED,0.026978731155395508,63040,1.1018342971801758,,,,,,,,,,
986,0.1940625011920929,0.1940625011920929,RL-sBOED,0.026813507080078125,63104,1.0970180034637451,,,,,,,,,,
987,0.18937499821186066,0.18937499821186066,RL-sBOED,0.02696990966796875,63168,1.1609938144683838,,,,,,,,,,
988,0.18421873450279236,0.18421873450279236,RL-sBOED,0.027034282684326172,63232,1.0852329730987549,,,,,,,,,,
989,0.1940625011920929,0.1940625011920929,RL-sBOED,0.026853561401367188,63296,1.1523106098175049,,,,,,,,,,
990,0.1795312464237213,0.1795312464237213,RL-sBOED,0.026931285858154297,63360,1.190932035446167,,,,,,,,,,
991,0.19968749582767487,0.19968749582767487,RL-sBOED,0.026990175247192383,63424,1.1783920526504517,,,,,,,,,,
992,0.1912499964237213,0.1912499964237213,RL-sBOED,0.02694869041442871,63488,1.1298630237579346,,,,,,,,,,
993,0.18703123927116394,0.18703123927116394,RL-sBOED,0.026906967163085938,63552,1.211249828338623,,,,,,,,,,
994,0.21328124403953552,0.21328124403953552,RL-sBOED,0.026925325393676758,63616,1.21097993850708,,,,,,,,,,
995,0.20343750715255737,0.20343750715255737,RL-sBOED,0.02690434455871582,63680,1.2486934661865234,,,,,,,,,,
996,0.19453124701976776,0.19453124701976776,RL-sBOED,0.02701401710510254,63744,1.2222449779510498,,,,,,,,,,
997,0.20625001192092896,0.20625001192092896,RL-sBOED,0.0270540714263916,63808,1.2342073917388916,,,,,,,,,,
998,0.19968751072883606,0.19968751072883606,RL-sBOED,0.026871919631958008,63872,1.3003818988800049,,,,,,,,,,
999,0.18515625596046448,0.18515625596046448,RL-sBOED,0.026947021484375,63936,1.2179193496704102,,,,,,,,,,
1000,0.18703123927116394,0.18703123927116394,RL-sBOED,0.026929616928100586,64000,1.2994186878204346,0.19804687499999998,0.09195312500000002,2,0.25444653832353925,0.015625,0.0078125,1,0.0009375,0.09195312500000002,0
