update,mean_train_u_ctrl,mean_train_control_cost,method,update_seconds,trajectories_sampled,policy_entropy,validation_mean_u_ctrl,validation_n_unique_sequences,validation_sequence_entropy,validation_unique_frac,validation_under_control_rate,validation_valid,validation_mean_shortfall,validation_checkpoint_score,validation_meets_unique_floor
1,0.22500000000000003,0.22500000000000003,DAD,0.40997314453125,64,3.973578691482544,,,,,,,,,
2,0.22500000000000003,0.22500000000000003,DAD,0.21448969841003418,128,3.9732234477996826,,,,,,,,,
3,0.22500000000000003,0.22500000000000003,DAD,0.2142484188079834,192,3.9731459617614746,,,,,,,,,
4,0.22500000000000003,0.22500000000000003,DAD,0.21361851692199707,256,3.972630023956299,,,,,,,,,
5,0.22500000000000003,0.22500000000000003,DAD,0.21358084678649902,320,3.972308397293091,,,,,,,,,
6,0.22500000000000003,0.22500000000000003,DAD,0.21481037139892578,384,3.9720842838287354,,,,,,,,,
7,0.22500000000000003,0.22500000000000003,DAD,0.21379971504211426,448,3.9718997478485107,,,,,,,,,
8,0.22500000000000003,0.22500000000000003,DAD,0.2145543098449707,512,3.9716427326202393,,,,,,,,,
9,0.22500000000000003,0.22500000000000003,DAD,0.21315526962280273,576,3.971306324005127,,,,,,,,,
10,0.22500000000000003,0.22500000000000003,DAD,0.21324563026428223,640,3.9711971282958984,,,,,,,,,
11,0.22500000000000003,0.22500000000000003,DAD,0.21315789222717285,704,3.9708619117736816,,,,,,,,,
12,0.22500000000000003,0.22500000000000003,DAD,0.2128605842590332,768,3.970454454421997,,,,,,,,,
13,0.22500000000000003,0.22500000000000003,DAD,0.21336603164672852,832,3.9704198837280273,,,,,,,,,
14,0.22500000000000003,0.22500000000000003,DAD,0.21359944343566895,896,3.970215082168579,,,,,,,,,
15,0.22500000000000003,0.22500000000000003,DAD,0.2133481502532959,960,3.9701008796691895,,,,,,,,,
16,0.22500000000000003,0.22500000000000003,DAD,0.21388983726501465,1024,3.96968412399292,,,,,,,,,
17,0.22500000000000003,0.22500000000000003,DAD,0.21334552764892578,1088,3.969536066055298,,,,,,,,,
18,0.22500000000000003,0.22500000000000003,DAD,0.2137436866760254,1152,3.969327926635742,,,,,,,,,
19,0.22500000000000003,0.22500000000000003,DAD,0.2129666805267334,1216,3.9690470695495605,,,,,,,,,
20,0.22500000000000003,0.22500000000000003,DAD,0.21282505989074707,1280,3.9690537452697754,,,,,,,,,
21,0.22500000000000003,0.22500000000000003,DAD,0.21292996406555176,1344,3.9685049057006836,,,,,,,,,
22,0.22500000000000003,0.22500000000000003,DAD,0.2130262851715088,1408,3.9681577682495117,,,,,,,,,
23,0.22500000000000003,0.22500000000000003,DAD,0.212843656539917,1472,3.9679582118988037,,,,,,,,,
24,0.22500000000000003,0.22500000000000003,DAD,0.21320414543151855,1536,3.9680073261260986,,,,,,,,,
25,0.22500000000000003,0.22500000000000003,DAD,0.21329903602600098,1600,3.967595338821411,0.22500000000000006,4,1.3608471272155238,0.03125,0.0,1,0.0,0.22500000000000006,0
26,0.22500000000000003,0.22500000000000003,DAD,0.21311306953430176,1664,3.967597007751465,,,,,,,,,
27,0.22500000000000003,0.22500000000000003,DAD,0.2132737636566162,1728,3.9676361083984375,,,,,,,,,
28,0.22500000000000003,0.22500000000000003,DAD,0.2136533260345459,1792,3.967104434967041,,,,,,,,,
29,0.22500000000000003,0.22500000000000003,DAD,0.2128431797027588,1856,3.96730375289917,,,,,,,,,
30,0.22500000000000003,0.22500000000000003,DAD,0.21315979957580566,1920,3.9671640396118164,,,,,,,,,
31,0.22500000000000003,0.22500000000000003,DAD,0.21281766891479492,1984,3.9676451683044434,,,,,,,,,
32,0.22500000000000003,0.22500000000000003,DAD,0.2130730152130127,2048,3.967501401901245,,,,,,,,,
33,0.22500000000000003,0.22500000000000003,DAD,0.2130413055419922,2112,3.9675371646881104,,,,,,,,,
34,0.22500000000000003,0.22500000000000003,DAD,0.21294450759887695,2176,3.9677371978759766,,,,,,,,,
35,0.22500000000000003,0.22500000000000003,DAD,0.213958740234375,2240,3.9677717685699463,,,,,,,,,
36,0.22500000000000003,0.22500000000000003,DAD,0.2135910987854004,2304,3.9679646492004395,,,,,,,,,
37,0.22500000000000003,0.22500000000000003,DAD,0.21372127532958984,2368,3.967864513397217,,,,,,,,,
38,0.22500000000000003,0.22500000000000003,DAD,0.21359705924987793,2432,3.968008041381836,,,,,,,,,
39,0.22500000000000003,0.22500000000000003,DAD,0.21327924728393555,2496,3.9679017066955566,,,,,,,,,
40,0.22500000000000003,0.22500000000000003,DAD,0.2130451202392578,2560,3.9680089950561523,,,,,,,,,
41,0.22500000000000003,0.22500000000000003,DAD,0.22072601318359375,2624,3.9680581092834473,,,,,,,,,
42,0.22500000000000003,0.22500000000000003,DAD,0.2196354866027832,2688,3.967761516571045,,,,,,,,,
43,0.22500000000000003,0.22500000000000003,DAD,0.2209949493408203,2752,3.967829704284668,,,,,,,,,
44,0.22500000000000003,0.22500000000000003,DAD,0.22020983695983887,2816,3.9679014682769775,,,,,,,,,
45,0.22500000000000003,0.22500000000000003,DAD,0.2135472297668457,2880,3.967863082885742,,,,,,,,,
46,0.22500000000000003,0.22500000000000003,DAD,0.2125248908996582,2944,3.9677786827087402,,,,,,,,,
47,0.22500000000000003,0.22500000000000003,DAD,0.21323227882385254,3008,3.967421054840088,,,,,,,,,
48,0.22500000000000003,0.22500000000000003,DAD,0.212111234664917,3072,3.967498779296875,,,,,,,,,
49,0.22500000000000003,0.22500000000000003,DAD,0.21263933181762695,3136,3.966916799545288,,,,,,,,,
50,0.22500000000000003,0.22500000000000003,DAD,0.21325898170471191,3200,3.9671831130981445,0.22500000000000006,4,1.366005462601801,0.03125,0.0,1,0.0,0.22500000000000006,0
51,0.22500000000000003,0.22500000000000003,DAD,0.21293163299560547,3264,3.9671764373779297,,,,,,,,,
52,0.22500000000000003,0.22500000000000003,DAD,0.2129685878753662,3328,3.966918468475342,,,,,,,,,
53,0.22500000000000003,0.22500000000000003,DAD,0.21303319931030273,3392,3.9673807621002197,,,,,,,,,
54,0.22500000000000003,0.22500000000000003,DAD,0.2130751609802246,3456,3.967238664627075,,,,,,,,,
55,0.22500000000000003,0.22500000000000003,DAD,0.21278119087219238,3520,3.9673666954040527,,,,,,,,,
56,0.22500000000000003,0.22500000000000003,DAD,0.21328401565551758,3584,3.9676856994628906,,,,,,,,,
57,0.22500000000000003,0.22500000000000003,DAD,0.21279263496398926,3648,3.966975212097168,,,,,,,,,
58,0.22500000000000003,0.22500000000000003,DAD,0.21330690383911133,3712,3.9673428535461426,,,,,,,,,
59,0.22500000000000003,0.22500000000000003,DAD,0.21264386177062988,3776,3.967449188232422,,,,,,,,,
60,0.22500000000000003,0.22500000000000003,DAD,0.213118314743042,3840,3.967066764831543,,,,,,,,,
61,0.22500000000000003,0.22500000000000003,DAD,0.2126631736755371,3904,3.967379093170166,,,,,,,,,
62,0.22500000000000003,0.22500000000000003,DAD,0.212813138961792,3968,3.967400312423706,,,,,,,,,
63,0.22500000000000003,0.22500000000000003,DAD,0.21215605735778809,4032,3.9670615196228027,,,,,,,,,
64,0.22500000000000003,0.22500000000000003,DAD,0.2122938632965088,4096,3.966975212097168,,,,,,,,,
65,0.22500000000000003,0.22500000000000003,DAD,0.21276259422302246,4160,3.9668192863464355,,,,,,,,,
66,0.22500000000000003,0.22500000000000003,DAD,0.2127060890197754,4224,3.9669456481933594,,,,,,,,,
67,0.22500000000000003,0.22500000000000003,DAD,0.21267056465148926,4288,3.966917037963867,,,,,,,,,
68,0.22500000000000003,0.22500000000000003,DAD,0.21277904510498047,4352,3.966587781906128,,,,,,,,,
69,0.22500000000000003,0.22500000000000003,DAD,0.2126016616821289,4416,3.966769218444824,,,,,,,,,
70,0.22500000000000003,0.22500000000000003,DAD,0.21284008026123047,4480,3.966668128967285,,,,,,,,,
71,0.22500000000000003,0.22500000000000003,DAD,0.21275854110717773,4544,3.966463804244995,,,,,,,,,
72,0.22500000000000003,0.22500000000000003,DAD,0.21322107315063477,4608,3.966477394104004,,,,,,,,,
73,0.22500000000000003,0.22500000000000003,DAD,0.21293854713439941,4672,3.9664535522460938,,,,,,,,,
74,0.22500000000000003,0.22500000000000003,DAD,0.2126481533050537,4736,3.9661378860473633,,,,,,,,,
75,0.22500000000000003,0.22500000000000003,DAD,0.21305561065673828,4800,3.9660916328430176,0.22500000000000006,4,1.0981686855165327,0.03125,0.0,1,0.0,0.22500000000000006,0
76,0.22500000000000003,0.22500000000000003,DAD,0.21323680877685547,4864,3.9663572311401367,,,,,,,,,
77,0.22500000000000003,0.22500000000000003,DAD,0.21288299560546875,4928,3.96624755859375,,,,,,,,,
78,0.22500000000000003,0.22500000000000003,DAD,0.21236705780029297,4992,3.9658985137939453,,,,,,,,,
79,0.22500000000000003,0.22500000000000003,DAD,0.21243500709533691,5056,3.9657063484191895,,,,,,,,,
80,0.22500000000000003,0.22500000000000003,DAD,0.2134997844696045,5120,3.9658422470092773,,,,,,,,,
81,0.22500000000000003,0.22500000000000003,DAD,0.21319222450256348,5184,3.965574264526367,,,,,,,,,
82,0.22500000000000003,0.22500000000000003,DAD,0.2125537395477295,5248,3.9656429290771484,,,,,,,,,
83,0.22500000000000003,0.22500000000000003,DAD,0.21320080757141113,5312,3.9661192893981934,,,,,,,,,
84,0.22500000000000003,0.22500000000000003,DAD,0.21333050727844238,5376,3.9659605026245117,,,,,,,,,
85,0.22500000000000003,0.22500000000000003,DAD,0.21318554878234863,5440,3.9658241271972656,,,,,,,,,
86,0.22500000000000003,0.22500000000000003,DAD,0.21265363693237305,5504,3.9661991596221924,,,,,,,,,
87,0.22500000000000003,0.22500000000000003,DAD,0.21241378784179688,5568,3.9663147926330566,,,,,,,,,
88,0.22500000000000003,0.22500000000000003,DAD,0.2129983901977539,5632,3.966249942779541,,,,,,,,,
89,0.22500000000000003,0.22500000000000003,DAD,0.21297717094421387,5696,3.9659740924835205,,,,,,,,,
90,0.22500000000000003,0.22500000000000003,DAD,0.21286797523498535,5760,3.966710090637207,,,,,,,,,
91,0.22500000000000003,0.22500000000000003,DAD,0.21289420127868652,5824,3.966254711151123,,,,,,,,,
92,0.22500000000000003,0.22500000000000003,DAD,0.2131059169769287,5888,3.965989351272583,,,,,,,,,
93,0.22500000000000003,0.22500000000000003,DAD,0.2129833698272705,5952,3.966386318206787,,,,,,,,,
94,0.22500000000000003,0.22500000000000003,DAD,0.2130146026611328,6016,3.966602325439453,,,,,,,,,
95,0.22500000000000003,0.22500000000000003,DAD,0.21296048164367676,6080,3.9663805961608887,,,,,,,,,
96,0.22500000000000003,0.22500000000000003,DAD,0.2127692699432373,6144,3.9671435356140137,,,,,,,,,
97,0.22500000000000003,0.22500000000000003,DAD,0.2128157615661621,6208,3.9666061401367188,,,,,,,,,
98,0.22500000000000003,0.22500000000000003,DAD,0.21361804008483887,6272,3.96688175201416,,,,,,,,,
99,0.22500000000000003,0.22500000000000003,DAD,0.21330642700195312,6336,3.9663307666778564,,,,,,,,,
100,0.22500000000000003,0.22500000000000003,DAD,0.2128760814666748,6400,3.9664087295532227,0.22500000000000006,4,1.0981686855165327,0.03125,0.0,1,0.0,0.22500000000000006,0
101,0.22500000000000003,0.22500000000000003,DAD,0.21300125122070312,6464,3.9670042991638184,,,,,,,,,
102,0.22500000000000003,0.22500000000000003,DAD,0.21259737014770508,6528,3.9666974544525146,,,,,,,,,
103,0.22500000000000003,0.22500000000000003,DAD,0.21234488487243652,6592,3.9665656089782715,,,,,,,,,
104,0.22500000000000003,0.22500000000000003,DAD,0.21223092079162598,6656,3.966587781906128,,,,,,,,,
105,0.22500000000000003,0.22500000000000003,DAD,0.2127373218536377,6720,3.9672646522521973,,,,,,,,,
106,0.22500000000000003,0.22500000000000003,DAD,0.2129347324371338,6784,3.9668681621551514,,,,,,,,,
107,0.22500000000000003,0.22500000000000003,DAD,0.2129199504852295,6848,3.9670519828796387,,,,,,,,,
108,0.22500000000000003,0.22500000000000003,DAD,0.21247577667236328,6912,3.966890811920166,,,,,,,,,
109,0.22500000000000003,0.22500000000000003,DAD,0.21282410621643066,6976,3.967014789581299,,,,,,,,,
110,0.22500000000000003,0.22500000000000003,DAD,0.21251153945922852,7040,3.9678523540496826,,,,,,,,,
111,0.22500000000000003,0.22500000000000003,DAD,0.21321606636047363,7104,3.967453956604004,,,,,,,,,
112,0.22500000000000003,0.22500000000000003,DAD,0.21266937255859375,7168,3.9672250747680664,,,,,,,,,
113,0.22500000000000003,0.22500000000000003,DAD,0.21260905265808105,7232,3.9673912525177,,,,,,,,,
114,0.22500000000000003,0.22500000000000003,DAD,0.21293306350708008,7296,3.9672532081604004,,,,,,,,,
115,0.22500000000000003,0.22500000000000003,DAD,0.21260881423950195,7360,3.967602252960205,,,,,,,,,
116,0.22500000000000003,0.22500000000000003,DAD,0.2136399745941162,7424,3.967557668685913,,,,,,,,,
117,0.22500000000000003,0.22500000000000003,DAD,0.2125401496887207,7488,3.9675326347351074,,,,,,,,,
118,0.22500000000000003,0.22500000000000003,DAD,0.21239233016967773,7552,3.9672837257385254,,,,,,,,,
119,0.22500000000000003,0.22500000000000003,DAD,0.21209144592285156,7616,3.9665417671203613,,,,,,,,,
120,0.22500000000000003,0.22500000000000003,DAD,0.21242761611938477,7680,3.967017650604248,,,,,,,,,
121,0.22500000000000003,0.22500000000000003,DAD,0.2134237289428711,7744,3.966628074645996,,,,,,,,,
122,0.22500000000000003,0.22500000000000003,DAD,0.2141127586364746,7808,3.9673666954040527,,,,,,,,,
123,0.22500000000000003,0.22500000000000003,DAD,0.21235394477844238,7872,3.9669265747070312,,,,,,,,,
124,0.22500000000000003,0.22500000000000003,DAD,0.21261811256408691,7936,3.9670908451080322,,,,,,,,,
125,0.22500000000000003,0.22500000000000003,DAD,0.21237564086914062,8000,3.9672935009002686,0.22500000000000006,4,1.0715035000754438,0.03125,0.0,1,0.0,0.22500000000000006,0
126,0.22500000000000003,0.22500000000000003,DAD,0.21353960037231445,8064,3.967249870300293,,,,,,,,,
127,0.22500000000000003,0.22500000000000003,DAD,0.21306824684143066,8128,3.9670801162719727,,,,,,,,,
128,0.22500000000000003,0.22500000000000003,DAD,0.21388816833496094,8192,3.967298984527588,,,,,,,,,
129,0.22500000000000003,0.22500000000000003,DAD,0.21294665336608887,8256,3.9671101570129395,,,,,,,,,
130,0.22500000000000003,0.22500000000000003,DAD,0.21287107467651367,8320,3.9665400981903076,,,,,,,,,
131,0.22500000000000003,0.22500000000000003,DAD,0.2129206657409668,8384,3.9673399925231934,,,,,,,,,
132,0.22500000000000003,0.22500000000000003,DAD,0.21274781227111816,8448,3.9668161869049072,,,,,,,,,
133,0.22500000000000003,0.22500000000000003,DAD,0.21312236785888672,8512,3.9669013023376465,,,,,,,,,
134,0.22500000000000003,0.22500000000000003,DAD,0.21344327926635742,8576,3.966963768005371,,,,,,,,,
135,0.22500000000000003,0.22500000000000003,DAD,0.2130413055419922,8640,3.965944766998291,,,,,,,,,
136,0.22500000000000003,0.22500000000000003,DAD,0.2131028175354004,8704,3.9663381576538086,,,,,,,,,
137,0.22500000000000003,0.22500000000000003,DAD,0.2129230499267578,8768,3.96602201461792,,,,,,,,,
138,0.22500000000000003,0.22500000000000003,DAD,0.21294379234313965,8832,3.965336322784424,,,,,,,,,
139,0.22500000000000003,0.22500000000000003,DAD,0.21280765533447266,8896,3.965275764465332,,,,,,,,,
140,0.22500000000000003,0.22500000000000003,DAD,0.21317410469055176,8960,3.965806245803833,,,,,,,,,
141,0.22500000000000003,0.22500000000000003,DAD,0.21302080154418945,9024,3.965442657470703,,,,,,,,,
142,0.22500000000000003,0.22500000000000003,DAD,0.21307921409606934,9088,3.9650144577026367,,,,,,,,,
143,0.22500000000000003,0.22500000000000003,DAD,0.21285605430603027,9152,3.965332508087158,,,,,,,,,
144,0.22500000000000003,0.22500000000000003,DAD,0.21355509757995605,9216,3.965089797973633,,,,,,,,,
145,0.22500000000000003,0.22500000000000003,DAD,0.21315217018127441,9280,3.965033531188965,,,,,,,,,
146,0.22500000000000003,0.22500000000000003,DAD,0.2133340835571289,9344,3.965113878250122,,,,,,,,,
147,0.22500000000000003,0.22500000000000003,DAD,0.21296215057373047,9408,3.9647297859191895,,,,,,,,,
148,0.22500000000000003,0.22500000000000003,DAD,0.21355319023132324,9472,3.964409828186035,,,,,,,,,
149,0.22500000000000003,0.22500000000000003,DAD,0.2133927345275879,9536,3.9636573791503906,,,,,,,,,
150,0.22500000000000003,0.22500000000000003,DAD,0.2128140926361084,9600,3.963454484939575,0.22500000000000006,3,0.9957523215411261,0.0234375,0.0,1,0.0,0.22500000000000006,0
151,0.22500000000000003,0.22500000000000003,DAD,0.21248507499694824,9664,3.9631519317626953,,,,,,,,,
152,0.22500000000000003,0.22500000000000003,DAD,0.21269893646240234,9728,3.9624125957489014,,,,,,,,,
153,0.22500000000000003,0.22500000000000003,DAD,0.21235895156860352,9792,3.9629287719726562,,,,,,,,,
154,0.22500000000000003,0.22500000000000003,DAD,0.21268939971923828,9856,3.9627561569213867,,,,,,,,,
155,0.22500000000000003,0.22500000000000003,DAD,0.21299123764038086,9920,3.9630441665649414,,,,,,,,,
156,0.22500000000000003,0.22500000000000003,DAD,0.21287107467651367,9984,3.963383197784424,,,,,,,,,
157,0.22500000000000003,0.22500000000000003,DAD,0.21279168128967285,10048,3.962770938873291,,,,,,,,,
158,0.22500000000000003,0.22500000000000003,DAD,0.2127528190612793,10112,3.96328067779541,,,,,,,,,
159,0.22500000000000003,0.22500000000000003,DAD,0.21265697479248047,10176,3.9631471633911133,,,,,,,,,
160,0.22500000000000003,0.22500000000000003,DAD,0.21262311935424805,10240,3.964008331298828,,,,,,,,,
161,0.22500000000000003,0.22500000000000003,DAD,0.21295642852783203,10304,3.963789939880371,,,,,,,,,
162,0.22500000000000003,0.22500000000000003,DAD,0.21265387535095215,10368,3.9634897708892822,,,,,,,,,
163,0.22500000000000003,0.22500000000000003,DAD,0.21248292922973633,10432,3.963329315185547,,,,,,,,,
164,0.22500000000000003,0.22500000000000003,DAD,0.21239876747131348,10496,3.9640045166015625,,,,,,,,,
165,0.22500000000000003,0.22500000000000003,DAD,0.21265196800231934,10560,3.9635987281799316,,,,,,,,,
166,0.22500000000000003,0.22500000000000003,DAD,0.21241164207458496,10624,3.963472843170166,,,,,,,,,
167,0.22500000000000003,0.22500000000000003,DAD,0.21254920959472656,10688,3.9630768299102783,,,,,,,,,
168,0.22500000000000003,0.22500000000000003,DAD,0.21260452270507812,10752,3.96273136138916,,,,,,,,,
169,0.22500000000000003,0.22500000000000003,DAD,0.21275568008422852,10816,3.963118314743042,,,,,,,,,
170,0.22500000000000003,0.22500000000000003,DAD,0.21267223358154297,10880,3.9632585048675537,,,,,,,,,
171,0.22500000000000003,0.22500000000000003,DAD,0.21274805068969727,10944,3.9629907608032227,,,,,,,,,
172,0.22500000000000003,0.22500000000000003,DAD,0.2127981185913086,11008,3.9631056785583496,,,,,,,,,
173,0.22500000000000003,0.22500000000000003,DAD,0.21201586723327637,11072,3.962283134460449,,,,,,,,,
174,0.22500000000000003,0.22500000000000003,DAD,0.21256351470947266,11136,3.962890386581421,,,,,,,,,
175,0.22500000000000003,0.22500000000000003,DAD,0.212904691696167,11200,3.9618382453918457,0.22500000000000006,2,0.4938350966590116,0.015625,0.0,1,0.0,0.22500000000000006,0
176,0.22500000000000003,0.22500000000000003,DAD,0.21250104904174805,11264,3.9619269371032715,,,,,,,,,
177,0.22500000000000003,0.22500000000000003,DAD,0.21239662170410156,11328,3.961738348007202,,,,,,,,,
178,0.22500000000000003,0.22500000000000003,DAD,0.2123396396636963,11392,3.9616754055023193,,,,,,,,,
179,0.22500000000000003,0.22500000000000003,DAD,0.21277809143066406,11456,3.9614028930664062,,,,,,,,,
180,0.22500000000000003,0.22500000000000003,DAD,0.2124319076538086,11520,3.961418390274048,,,,,,,,,
181,0.22500000000000003,0.22500000000000003,DAD,0.2125244140625,11584,3.961704730987549,,,,,,,,,
182,0.22500000000000003,0.22500000000000003,DAD,0.2124316692352295,11648,3.961515188217163,,,,,,,,,
183,0.22500000000000003,0.22500000000000003,DAD,0.2124953269958496,11712,3.962141990661621,,,,,,,,,
184,0.22500000000000003,0.22500000000000003,DAD,0.21271872520446777,11776,3.961000919342041,,,,,,,,,
185,0.22500000000000003,0.22500000000000003,DAD,0.2125701904296875,11840,3.9616994857788086,,,,,,,,,
186,0.22500000000000003,0.22500000000000003,DAD,0.2125256061553955,11904,3.9628520011901855,,,,,,,,,
187,0.22500000000000003,0.22500000000000003,DAD,0.21282386779785156,11968,3.961883783340454,,,,,,,,,
188,0.22500000000000003,0.22500000000000003,DAD,0.2129502296447754,12032,3.962222099304199,,,,,,,,,
189,0.22500000000000003,0.22500000000000003,DAD,0.21278882026672363,12096,3.962691307067871,,,,,,,,,
190,0.22500000000000003,0.22500000000000003,DAD,0.212357759475708,12160,3.9626781940460205,,,,,,,,,
191,0.22500000000000003,0.22500000000000003,DAD,0.21254968643188477,12224,3.9629008769989014,,,,,,,,,
192,0.22500000000000003,0.22500000000000003,DAD,0.21204710006713867,12288,3.9627766609191895,,,,,,,,,
193,0.22500000000000003,0.22500000000000003,DAD,0.21236324310302734,12352,3.9630165100097656,,,,,,,,,
194,0.22500000000000003,0.22500000000000003,DAD,0.21216320991516113,12416,3.9634666442871094,,,,,,,,,
195,0.22500000000000003,0.22500000000000003,DAD,0.21248221397399902,12480,3.9639768600463867,,,,,,,,,
196,0.22500000000000003,0.22500000000000003,DAD,0.21278619766235352,12544,3.963593006134033,,,,,,,,,
197,0.22500000000000003,0.22500000000000003,DAD,0.21263957023620605,12608,3.963671922683716,,,,,,,,,
198,0.22500000000000003,0.22500000000000003,DAD,0.21351075172424316,12672,3.9634108543395996,,,,,,,,,
199,0.22500000000000003,0.22500000000000003,DAD,0.2125244140625,12736,3.9637765884399414,,,,,,,,,
200,0.22500000000000003,0.22500000000000003,DAD,0.21260499954223633,12800,3.9632015228271484,0.22500000000000006,3,0.5690725182303195,0.0234375,0.0,1,0.0,0.22500000000000006,0
201,0.22500000000000003,0.22500000000000003,DAD,0.21270418167114258,12864,3.9632418155670166,,,,,,,,,
202,0.22500000000000003,0.22500000000000003,DAD,0.21255183219909668,12928,3.962812662124634,,,,,,,,,
203,0.22500000000000003,0.22500000000000003,DAD,0.2124943733215332,12992,3.963183641433716,,,,,,,,,
204,0.22500000000000003,0.22500000000000003,DAD,0.21354913711547852,13056,3.9622416496276855,,,,,,,,,
205,0.22500000000000003,0.22500000000000003,DAD,0.2125844955444336,13120,3.961785078048706,,,,,,,,,
206,0.22500000000000003,0.22500000000000003,DAD,0.21268033981323242,13184,3.9618711471557617,,,,,,,,,
207,0.22500000000000003,0.22500000000000003,DAD,0.21257567405700684,13248,3.9608051776885986,,,,,,,,,
208,0.22500000000000003,0.22500000000000003,DAD,0.21257877349853516,13312,3.960735321044922,,,,,,,,,
209,0.22500000000000003,0.22500000000000003,DAD,0.2129678726196289,13376,3.961466073989868,,,,,,,,,
210,0.22500000000000003,0.22500000000000003,DAD,0.2128734588623047,13440,3.9602928161621094,,,,,,,,,
211,0.22500000000000003,0.22500000000000003,DAD,0.21274900436401367,13504,3.959893226623535,,,,,,,,,
212,0.22500000000000003,0.22500000000000003,DAD,0.21293210983276367,13568,3.960667371749878,,,,,,,,,
213,0.22500000000000003,0.22500000000000003,DAD,0.2130720615386963,13632,3.9601216316223145,,,,,,,,,
214,0.22500000000000003,0.22500000000000003,DAD,0.21285223960876465,13696,3.959953784942627,,,,,,,,,
215,0.22500000000000003,0.22500000000000003,DAD,0.21314001083374023,13760,3.9599697589874268,,,,,,,,,
216,0.22500000000000003,0.22500000000000003,DAD,0.21273469924926758,13824,3.9593029022216797,,,,,,,,,
217,0.22500000000000003,0.22500000000000003,DAD,0.21284937858581543,13888,3.9602959156036377,,,,,,,,,
218,0.22500000000000003,0.22500000000000003,DAD,0.21336579322814941,13952,3.960629940032959,,,,,,,,,
219,0.22500000000000003,0.22500000000000003,DAD,0.21283698081970215,14016,3.959120273590088,,,,,,,,,
220,0.22500000000000003,0.22500000000000003,DAD,0.21285080909729004,14080,3.959761142730713,,,,,,,,,
221,0.22500000000000003,0.22500000000000003,DAD,0.21281957626342773,14144,3.9598822593688965,,,,,,,,,
222,0.22500000000000003,0.22500000000000003,DAD,0.21272039413452148,14208,3.960021495819092,,,,,,,,,
223,0.22500000000000003,0.22500000000000003,DAD,0.21276092529296875,14272,3.9594979286193848,,,,,,,,,
224,0.22500000000000003,0.22500000000000003,DAD,0.21300721168518066,14336,3.9593288898468018,,,,,,,,,
225,0.22500000000000003,0.22500000000000003,DAD,0.2130141258239746,14400,3.958719253540039,0.22500000000000006,3,0.6057657827349091,0.0234375,0.0,1,0.0,0.22500000000000006,0
226,0.22500000000000003,0.22500000000000003,DAD,0.2138652801513672,14464,3.9589929580688477,,,,,,,,,
227,0.22500000000000003,0.22500000000000003,DAD,0.2133171558380127,14528,3.959658622741699,,,,,,,,,
228,0.22500000000000003,0.22500000000000003,DAD,0.21301627159118652,14592,3.9596893787384033,,,,,,,,,
229,0.22500000000000003,0.22500000000000003,DAD,0.21320533752441406,14656,3.959294319152832,,,,,,,,,
230,0.22500000000000003,0.22500000000000003,DAD,0.21281003952026367,14720,3.960376024246216,,,,,,,,,
231,0.22500000000000003,0.22500000000000003,DAD,0.21284890174865723,14784,3.960599660873413,,,,,,,,,
232,0.22500000000000003,0.22500000000000003,DAD,0.2126307487487793,14848,3.961293935775757,,,,,,,,,
233,0.22500000000000003,0.22500000000000003,DAD,0.2127833366394043,14912,3.9612369537353516,,,,,,,,,
234,0.22500000000000003,0.22500000000000003,DAD,0.21266651153564453,14976,3.961418867111206,,,,,,,,,
235,0.22500000000000003,0.22500000000000003,DAD,0.21299028396606445,15040,3.962076187133789,,,,,,,,,
236,0.22500000000000003,0.22500000000000003,DAD,0.2130727767944336,15104,3.962355613708496,,,,,,,,,
237,0.22500000000000003,0.22500000000000003,DAD,0.21262812614440918,15168,3.963179588317871,,,,,,,,,
238,0.22500000000000003,0.22500000000000003,DAD,0.21463370323181152,15232,3.963383197784424,,,,,,,,,
239,0.22500000000000003,0.22500000000000003,DAD,0.21278595924377441,15296,3.9634017944335938,,,,,,,,,
240,0.22500000000000003,0.22500000000000003,DAD,0.21271920204162598,15360,3.9637107849121094,,,,,,,,,
241,0.22500000000000003,0.22500000000000003,DAD,0.21292853355407715,15424,3.9644901752471924,,,,,,,,,
242,0.22500000000000003,0.22500000000000003,DAD,0.21285009384155273,15488,3.964622974395752,,,,,,,,,
243,0.22500000000000003,0.22500000000000003,DAD,0.21298551559448242,15552,3.964960813522339,,,,,,,,,
244,0.22500000000000003,0.22500000000000003,DAD,0.21254301071166992,15616,3.9652762413024902,,,,,,,,,
245,0.22500000000000003,0.22500000000000003,DAD,0.21312475204467773,15680,3.9654102325439453,,,,,,,,,
246,0.22500000000000003,0.22500000000000003,DAD,0.21280741691589355,15744,3.9650182723999023,,,,,,,,,
247,0.22500000000000003,0.22500000000000003,DAD,0.2128307819366455,15808,3.965588331222534,,,,,,,,,
248,0.22500000000000003,0.22500000000000003,DAD,0.21286273002624512,15872,3.9655025005340576,,,,,,,,,
249,0.22500000000000003,0.22500000000000003,DAD,0.21411919593811035,15936,3.9655816555023193,,,,,,,,,
250,0.22500000000000003,0.22500000000000003,DAD,0.21260380744934082,16000,3.9657363891601562,0.22500000000000006,2,0.67830307693926,0.015625,0.0,1,0.0,0.22500000000000006,0
251,0.22500000000000003,0.22500000000000003,DAD,0.2129507064819336,16064,3.9659037590026855,,,,,,,,,
252,0.22500000000000003,0.22500000000000003,DAD,0.21195149421691895,16128,3.9651269912719727,,,,,,,,,
253,0.22500000000000003,0.22500000000000003,DAD,0.21259140968322754,16192,3.965212345123291,,,,,,,,,
254,0.22500000000000003,0.22500000000000003,DAD,0.2131345272064209,16256,3.9655356407165527,,,,,,,,,
255,0.22500000000000003,0.22500000000000003,DAD,0.21292614936828613,16320,3.9651267528533936,,,,,,,,,
256,0.22500000000000003,0.22500000000000003,DAD,0.21298599243164062,16384,3.9647583961486816,,,,,,,,,
257,0.22500000000000003,0.22500000000000003,DAD,0.21277499198913574,16448,3.964994430541992,,,,,,,,,
258,0.22500000000000003,0.22500000000000003,DAD,0.2127854824066162,16512,3.964888572692871,,,,,,,,,
259,0.22500000000000003,0.22500000000000003,DAD,0.21247148513793945,16576,3.9648308753967285,,,,,,,,,
260,0.22500000000000003,0.22500000000000003,DAD,0.21259856224060059,16640,3.965092182159424,,,,,,,,,
261,0.22500000000000003,0.22500000000000003,DAD,0.21604561805725098,16704,3.964932918548584,,,,,,,,,
262,0.22500000000000003,0.22500000000000003,DAD,0.2167665958404541,16768,3.965144157409668,,,,,,,,,
263,0.22500000000000003,0.22500000000000003,DAD,0.21472716331481934,16832,3.9655442237854004,,,,,,,,,
264,0.22500000000000003,0.22500000000000003,DAD,0.21328258514404297,16896,3.9655027389526367,,,,,,,,,
265,0.22500000000000003,0.22500000000000003,DAD,0.21248674392700195,16960,3.965640068054199,,,,,,,,,
266,0.22500000000000003,0.22500000000000003,DAD,0.21229934692382812,17024,3.9656906127929688,,,,,,,,,
267,0.22500000000000003,0.22500000000000003,DAD,0.21270465850830078,17088,3.965308904647827,,,,,,,,,
268,0.22500000000000003,0.22500000000000003,DAD,0.213087797164917,17152,3.9661693572998047,,,,,,,,,
269,0.22500000000000003,0.22500000000000003,DAD,0.2134552001953125,17216,3.9661121368408203,,,,,,,,,
270,0.22500000000000003,0.22500000000000003,DAD,0.21275615692138672,17280,3.9661712646484375,,,,,,,,,
271,0.22500000000000003,0.22500000000000003,DAD,0.21234869956970215,17344,3.966339588165283,,,,,,,,,
272,0.22500000000000003,0.22500000000000003,DAD,0.212080717086792,17408,3.966214179992676,,,,,,,,,
273,0.22500000000000003,0.22500000000000003,DAD,0.2128612995147705,17472,3.9661865234375,,,,,,,,,
274,0.22500000000000003,0.22500000000000003,DAD,0.21213197708129883,17536,3.96692156791687,,,,,,,,,
275,0.22500000000000003,0.22500000000000003,DAD,0.2125229835510254,17600,3.9667019844055176,0.22500000000000006,2,0.67830307693926,0.015625,0.0,1,0.0,0.22500000000000006,0
276,0.22500000000000003,0.22500000000000003,DAD,0.21281838417053223,17664,3.96651554107666,,,,,,,,,
277,0.22500000000000003,0.22500000000000003,DAD,0.21285080909729004,17728,3.9666523933410645,,,,,,,,,
278,0.22500000000000003,0.22500000000000003,DAD,0.2124617099761963,17792,3.967076539993286,,,,,,,,,
279,0.22500000000000003,0.22500000000000003,DAD,0.2122049331665039,17856,3.9666056632995605,,,,,,,,,
280,0.22500000000000003,0.22500000000000003,DAD,0.21263742446899414,17920,3.9667811393737793,,,,,,,,,
281,0.22500000000000003,0.22500000000000003,DAD,0.21317338943481445,17984,3.9667506217956543,,,,,,,,,
282,0.22500000000000003,0.22500000000000003,DAD,0.21258187294006348,18048,3.9671878814697266,,,,,,,,,
283,0.22500000000000003,0.22500000000000003,DAD,0.21295762062072754,18112,3.9666714668273926,,,,,,,,,
284,0.22500000000000003,0.22500000000000003,DAD,0.21280384063720703,18176,3.966965436935425,,,,,,,,,
285,0.22500000000000003,0.22500000000000003,DAD,0.21339845657348633,18240,3.966886520385742,,,,,,,,,
286,0.22500000000000003,0.22500000000000003,DAD,0.21274065971374512,18304,3.9672975540161133,,,,,,,,,
287,0.22500000000000003,0.22500000000000003,DAD,0.21257972717285156,18368,3.966740608215332,,,,,,,,,
288,0.22500000000000003,0.22500000000000003,DAD,0.21255016326904297,18432,3.9671192169189453,,,,,,,,,
289,0.22500000000000003,0.22500000000000003,DAD,0.21291685104370117,18496,3.9670119285583496,,,,,,,,,
290,0.22500000000000003,0.22500000000000003,DAD,0.21277475357055664,18560,3.966520309448242,,,,,,,,,
291,0.22500000000000003,0.22500000000000003,DAD,0.21301555633544922,18624,3.966689109802246,,,,,,,,,
292,0.22500000000000003,0.22500000000000003,DAD,0.21259403228759766,18688,3.9667394161224365,,,,,,,,,
293,0.22500000000000003,0.22500000000000003,DAD,0.21248888969421387,18752,3.966480016708374,,,,,,,,,
294,0.22500000000000003,0.22500000000000003,DAD,0.21299266815185547,18816,3.966732978820801,,,,,,,,,
295,0.22500000000000003,0.22500000000000003,DAD,0.21307373046875,18880,3.9666826725006104,,,,,,,,,
296,0.22500000000000003,0.22500000000000003,DAD,0.21270465850830078,18944,3.966573715209961,,,,,,,,,
297,0.22500000000000003,0.22500000000000003,DAD,0.21228861808776855,19008,3.966665744781494,,,,,,,,,
298,0.22500000000000003,0.22500000000000003,DAD,0.21266674995422363,19072,3.9663915634155273,,,,,,,,,
299,0.22500000000000003,0.22500000000000003,DAD,0.2127666473388672,19136,3.966712474822998,,,,,,,,,
300,0.22500000000000003,0.22500000000000003,DAD,0.21277737617492676,19200,3.966153144836426,0.22500000000000006,4,1.3840938654749317,0.03125,0.0,1,0.0,0.22500000000000006,0
301,0.22500000000000003,0.22500000000000003,DAD,0.2122938632965088,19264,3.9664855003356934,,,,,,,,,
302,0.22500000000000003,0.22500000000000003,DAD,0.21253657341003418,19328,3.966357946395874,,,,,,,,,
303,0.22500000000000003,0.22500000000000003,DAD,0.21238446235656738,19392,3.966531991958618,,,,,,,,,
304,0.22500000000000003,0.22500000000000003,DAD,0.2132871150970459,19456,3.966179847717285,,,,,,,,,
305,0.22500000000000003,0.22500000000000003,DAD,0.21249890327453613,19520,3.9662551879882812,,,,,,,,,
306,0.22500000000000003,0.22500000000000003,DAD,0.21282339096069336,19584,3.9661903381347656,,,,,,,,,
307,0.22500000000000003,0.22500000000000003,DAD,0.2133796215057373,19648,3.9658923149108887,,,,,,,,,
308,0.22500000000000003,0.22500000000000003,DAD,0.21338462829589844,19712,3.965940475463867,,,,,,,,,
309,0.22500000000000003,0.22500000000000003,DAD,0.21246957778930664,19776,3.966049909591675,,,,,,,,,
310,0.22500000000000003,0.22500000000000003,DAD,0.21235871315002441,19840,3.9658091068267822,,,,,,,,,
311,0.22500000000000003,0.22500000000000003,DAD,0.21205568313598633,19904,3.9653782844543457,,,,,,,,,
312,0.22500000000000003,0.22500000000000003,DAD,0.21263909339904785,19968,3.965683937072754,,,,,,,,,
313,0.22500000000000003,0.22500000000000003,DAD,0.21239089965820312,20032,3.9651570320129395,,,,,,,,,
314,0.22500000000000003,0.22500000000000003,DAD,0.21265316009521484,20096,3.9648871421813965,,,,,,,,,
315,0.22500000000000003,0.22500000000000003,DAD,0.21247243881225586,20160,3.9648547172546387,,,,,,,,,
316,0.22500000000000003,0.22500000000000003,DAD,0.21245670318603516,20224,3.964447021484375,,,,,,,,,
317,0.22500000000000003,0.22500000000000003,DAD,0.21237897872924805,20288,3.96490740776062,,,,,,,,,
318,0.22500000000000003,0.22500000000000003,DAD,0.2124643325805664,20352,3.964230537414551,,,,,,,,,
319,0.22500000000000003,0.22500000000000003,DAD,0.2125086784362793,20416,3.964691400527954,,,,,,,,,
320,0.22500000000000003,0.22500000000000003,DAD,0.21243047714233398,20480,3.96449613571167,,,,,,,,,
321,0.22500000000000003,0.22500000000000003,DAD,0.2127523422241211,20544,3.9641919136047363,,,,,,,,,
322,0.22500000000000003,0.22500000000000003,DAD,0.21278643608093262,20608,3.9643914699554443,,,,,,,,,
323,0.22500000000000003,0.22500000000000003,DAD,0.2128770351409912,20672,3.9643096923828125,,,,,,,,,
324,0.22500000000000003,0.22500000000000003,DAD,0.2122652530670166,20736,3.964637041091919,,,,,,,,,
325,0.22500000000000003,0.22500000000000003,DAD,0.21207308769226074,20800,3.964609384536743,0.22500000000000006,2,0.6930251052799065,0.015625,0.0,1,0.0,0.22500000000000006,0
326,0.22500000000000003,0.22500000000000003,DAD,0.2122509479522705,20864,3.96481990814209,,,,,,,,,
327,0.22500000000000003,0.22500000000000003,DAD,0.21274256706237793,20928,3.9648420810699463,,,,,,,,,
328,0.22500000000000003,0.22500000000000003,DAD,0.21245908737182617,20992,3.964219570159912,,,,,,,,,
329,0.22500000000000003,0.22500000000000003,DAD,0.21282958984375,21056,3.9644784927368164,,,,,,,,,
330,0.22500000000000003,0.22500000000000003,DAD,0.2126927375793457,21120,3.9648075103759766,,,,,,,,,
331,0.22500000000000003,0.22500000000000003,DAD,0.21267986297607422,21184,3.9646737575531006,,,,,,,,,
332,0.22500000000000003,0.22500000000000003,DAD,0.2126328945159912,21248,3.9646120071411133,,,,,,,,,
333,0.22500000000000003,0.22500000000000003,DAD,0.2126927375793457,21312,3.964792251586914,,,,,,,,,
334,0.22500000000000003,0.22500000000000003,DAD,0.21283364295959473,21376,3.96374773979187,,,,,,,,,
335,0.22500000000000003,0.22500000000000003,DAD,0.21334457397460938,21440,3.964470386505127,,,,,,,,,
336,0.22500000000000003,0.22500000000000003,DAD,0.21341204643249512,21504,3.9639945030212402,,,,,,,,,
337,0.22500000000000003,0.22500000000000003,DAD,0.212418794631958,21568,3.96370792388916,,,,,,,,,
338,0.22500000000000003,0.22500000000000003,DAD,0.21274352073669434,21632,3.9645962715148926,,,,,,,,,
339,0.22500000000000003,0.22500000000000003,DAD,0.21320033073425293,21696,3.9643959999084473,,,,,,,,,
340,0.22500000000000003,0.22500000000000003,DAD,0.21297812461853027,21760,3.9644758701324463,,,,,,,,,
341,0.22500000000000003,0.22500000000000003,DAD,0.2126762866973877,21824,3.9647440910339355,,,,,,,,,
342,0.22500000000000003,0.22500000000000003,DAD,0.21251940727233887,21888,3.963961124420166,,,,,,,,,
343,0.22500000000000003,0.22500000000000003,DAD,0.21234941482543945,21952,3.9645168781280518,,,,,,,,,
344,0.22500000000000003,0.22500000000000003,DAD,0.21274209022521973,22016,3.9646975994110107,,,,,,,,,
345,0.22500000000000003,0.22500000000000003,DAD,0.21288847923278809,22080,3.9647510051727295,,,,,,,,,
346,0.22500000000000003,0.22500000000000003,DAD,0.21245718002319336,22144,3.9650540351867676,,,,,,,,,
347,0.22500000000000003,0.22500000000000003,DAD,0.2125246524810791,22208,3.965047836303711,,,,,,,,,
348,0.22500000000000003,0.22500000000000003,DAD,0.2125244140625,22272,3.9652247428894043,,,,,,,,,
349,0.22500000000000003,0.22500000000000003,DAD,0.21294474601745605,22336,3.9651756286621094,,,,,,,,,
350,0.22500000000000003,0.22500000000000003,DAD,0.21262741088867188,22400,3.9654178619384766,0.22500000000000006,2,0.6930251052799065,0.015625,0.0,1,0.0,0.22500000000000006,0
351,0.22500000000000003,0.22500000000000003,DAD,0.2127389907836914,22464,3.965156078338623,,,,,,,,,
352,0.22500000000000003,0.22500000000000003,DAD,0.21274852752685547,22528,3.96539306640625,,,,,,,,,
353,0.22500000000000003,0.22500000000000003,DAD,0.2129535675048828,22592,3.9653143882751465,,,,,,,,,
354,0.22500000000000003,0.22500000000000003,DAD,0.212799072265625,22656,3.9657299518585205,,,,,,,,,
355,0.22500000000000003,0.22500000000000003,DAD,0.2129349708557129,22720,3.9650464057922363,,,,,,,,,
356,0.22500000000000003,0.22500000000000003,DAD,0.213057279586792,22784,3.965789556503296,,,,,,,,,
357,0.22500000000000003,0.22500000000000003,DAD,0.2126619815826416,22848,3.9652836322784424,,,,,,,,,
358,0.22500000000000003,0.22500000000000003,DAD,0.21370959281921387,22912,3.9659295082092285,,,,,,,,,
359,0.22500000000000003,0.22500000000000003,DAD,0.21294498443603516,22976,3.966343641281128,,,,,,,,,
360,0.22500000000000003,0.22500000000000003,DAD,0.2128608226776123,23040,3.966160774230957,,,,,,,,,
361,0.22500000000000003,0.22500000000000003,DAD,0.21253347396850586,23104,3.966200828552246,,,,,,,,,
362,0.22500000000000003,0.22500000000000003,DAD,0.21257996559143066,23168,3.966705322265625,,,,,,,,,
363,0.22500000000000003,0.22500000000000003,DAD,0.2126619815826416,23232,3.966078996658325,,,,,,,,,
364,0.22500000000000003,0.22500000000000003,DAD,0.2128770351409912,23296,3.9656667709350586,,,,,,,,,
365,0.22500000000000003,0.22500000000000003,DAD,0.21291661262512207,23360,3.966158866882324,,,,,,,,,
366,0.22500000000000003,0.22500000000000003,DAD,0.21247339248657227,23424,3.9661991596221924,,,,,,,,,
367,0.22500000000000003,0.22500000000000003,DAD,0.2125718593597412,23488,3.966798782348633,,,,,,,,,
368,0.22500000000000003,0.22500000000000003,DAD,0.212388277053833,23552,3.966397285461426,,,,,,,,,
369,0.22500000000000003,0.22500000000000003,DAD,0.21277379989624023,23616,3.9669346809387207,,,,,,,,,
370,0.22500000000000003,0.22500000000000003,DAD,0.2125699520111084,23680,3.9663963317871094,,,,,,,,,
371,0.22500000000000003,0.22500000000000003,DAD,0.21257925033569336,23744,3.9667117595672607,,,,,,,,,
372,0.22500000000000003,0.22500000000000003,DAD,0.21245813369750977,23808,3.966918468475342,,,,,,,,,
373,0.22500000000000003,0.22500000000000003,DAD,0.21276283264160156,23872,3.9666755199432373,,,,,,,,,
374,0.22500000000000003,0.22500000000000003,DAD,0.21275544166564941,23936,3.9677414894104004,,,,,,,,,
375,0.22500000000000003,0.22500000000000003,DAD,0.21265220642089844,24000,3.966552734375,0.22500000000000006,3,1.0397207708399179,0.0234375,0.0,1,0.0,0.22500000000000006,0
376,0.22500000000000003,0.22500000000000003,DAD,0.21300554275512695,24064,3.967264175415039,,,,,,,,,
377,0.22500000000000003,0.22500000000000003,DAD,0.21236276626586914,24128,3.966371536254883,,,,,,,,,
378,0.22500000000000003,0.22500000000000003,DAD,0.21281027793884277,24192,3.966341018676758,,,,,,,,,
379,0.22500000000000003,0.22500000000000003,DAD,0.21260404586791992,24256,3.966451644897461,,,,,,,,,
380,0.22500000000000003,0.22500000000000003,DAD,0.21250057220458984,24320,3.966104507446289,,,,,,,,,
381,0.22500000000000003,0.22500000000000003,DAD,0.2124180793762207,24384,3.9660186767578125,,,,,,,,,
382,0.22500000000000003,0.22500000000000003,DAD,0.21229004859924316,24448,3.965238571166992,,,,,,,,,
383,0.22500000000000003,0.22500000000000003,DAD,0.21254205703735352,24512,3.9653074741363525,,,,,,,,,
384,0.22500000000000003,0.22500000000000003,DAD,0.21262621879577637,24576,3.9654250144958496,,,,,,,,,
385,0.22500000000000003,0.22500000000000003,DAD,0.21234774589538574,24640,3.9657158851623535,,,,,,,,,
386,0.22500000000000003,0.22500000000000003,DAD,0.21235179901123047,24704,3.9650862216949463,,,,,,,,,
387,0.22500000000000003,0.22500000000000003,DAD,0.21224689483642578,24768,3.965158462524414,,,,,,,,,
388,0.22500000000000003,0.22500000000000003,DAD,0.2124934196472168,24832,3.9659085273742676,,,,,,,,,
389,0.22500000000000003,0.22500000000000003,DAD,0.2127995491027832,24896,3.9650206565856934,,,,,,,,,
390,0.22500000000000003,0.22500000000000003,DAD,0.21247148513793945,24960,3.9648005962371826,,,,,,,,,
391,0.22500000000000003,0.22500000000000003,DAD,0.21210575103759766,25024,3.964648723602295,,,,,,,,,
392,0.22500000000000003,0.22500000000000003,DAD,0.21254539489746094,25088,3.964484453201294,,,,,,,,,
393,0.22500000000000003,0.22500000000000003,DAD,0.21256589889526367,25152,3.965369701385498,,,,,,,,,
394,0.22500000000000003,0.22500000000000003,DAD,0.21348905563354492,25216,3.9651410579681396,,,,,,,,,
395,0.22500000000000003,0.22500000000000003,DAD,0.21235013008117676,25280,3.965632915496826,,,,,,,,,
396,0.22500000000000003,0.22500000000000003,DAD,0.2124791145324707,25344,3.9655237197875977,,,,,,,,,
397,0.22500000000000003,0.22500000000000003,DAD,0.2131946086883545,25408,3.965726375579834,,,,,,,,,
398,0.22500000000000003,0.22500000000000003,DAD,0.2123556137084961,25472,3.96626353263855,,,,,,,,,
399,0.22500000000000003,0.22500000000000003,DAD,0.21216917037963867,25536,3.965348243713379,,,,,,,,,
400,0.22500000000000003,0.22500000000000003,DAD,0.21212387084960938,25600,3.965579032897949,0.22500000000000006,3,0.6057657827349091,0.0234375,0.0,1,0.0,0.22500000000000006,0
401,0.22500000000000003,0.22500000000000003,DAD,0.2125871181488037,25664,3.966036796569824,,,,,,,,,
402,0.22500000000000003,0.22500000000000003,DAD,0.2124793529510498,25728,3.9657838344573975,,,,,,,,,
403,0.22500000000000003,0.22500000000000003,DAD,0.21266651153564453,25792,3.9664061069488525,,,,,,,,,
404,0.22500000000000003,0.22500000000000003,DAD,0.21354246139526367,25856,3.966153621673584,,,,,,,,,
405,0.22500000000000003,0.22500000000000003,DAD,0.21251487731933594,25920,3.966240882873535,,,,,,,,,
406,0.22500000000000003,0.22500000000000003,DAD,0.21211910247802734,25984,3.966641902923584,,,,,,,,,
407,0.22500000000000003,0.22500000000000003,DAD,0.21224427223205566,26048,3.9659481048583984,,,,,,,,,
408,0.22500000000000003,0.22500000000000003,DAD,0.21221017837524414,26112,3.9657931327819824,,,,,,,,,
409,0.22500000000000003,0.22500000000000003,DAD,0.21245861053466797,26176,3.966545581817627,,,,,,,,,
410,0.22500000000000003,0.22500000000000003,DAD,0.21269583702087402,26240,3.966115951538086,,,,,,,,,
411,0.22500000000000003,0.22500000000000003,DAD,0.21254324913024902,26304,3.965878963470459,,,,,,,,,
412,0.22500000000000003,0.22500000000000003,DAD,0.21238493919372559,26368,3.965829849243164,,,,,,,,,
413,0.22500000000000003,0.22500000000000003,DAD,0.21228241920471191,26432,3.9660181999206543,,,,,,,,,
414,0.22500000000000003,0.22500000000000003,DAD,0.21237540245056152,26496,3.9660592079162598,,,,,,,,,
415,0.22500000000000003,0.22500000000000003,DAD,0.21262764930725098,26560,3.96610689163208,,,,,,,,,
416,0.22500000000000003,0.22500000000000003,DAD,0.21271896362304688,26624,3.965634346008301,,,,,,,,,
417,0.22500000000000003,0.22500000000000003,DAD,0.21259570121765137,26688,3.9657068252563477,,,,,,,,,
418,0.22500000000000003,0.22500000000000003,DAD,0.21250295639038086,26752,3.9659576416015625,,,,,,,,,
419,0.22500000000000003,0.22500000000000003,DAD,0.21257781982421875,26816,3.965580940246582,,,,,,,,,
420,0.22500000000000003,0.22500000000000003,DAD,0.21230268478393555,26880,3.964832067489624,,,,,,,,,
421,0.22500000000000003,0.22500000000000003,DAD,0.21223926544189453,26944,3.9652743339538574,,,,,,,,,
422,0.22500000000000003,0.22500000000000003,DAD,0.21235990524291992,27008,3.964827537536621,,,,,,,,,
423,0.22500000000000003,0.22500000000000003,DAD,0.21172571182250977,27072,3.965378761291504,,,,,,,,,
424,0.22500000000000003,0.22500000000000003,DAD,0.21233487129211426,27136,3.964329242706299,,,,,,,,,
425,0.22500000000000003,0.22500000000000003,DAD,0.21254873275756836,27200,3.9641530513763428,0.22500000000000006,2,0.5707564027442638,0.015625,0.0,1,0.0,0.22500000000000006,0
426,0.22500000000000003,0.22500000000000003,DAD,0.21315217018127441,27264,3.9647345542907715,,,,,,,,,
427,0.22500000000000003,0.22500000000000003,DAD,0.21291041374206543,27328,3.963369846343994,,,,,,,,,
428,0.22500000000000003,0.22500000000000003,DAD,0.21309351921081543,27392,3.9646084308624268,,,,,,,,,
429,0.22500000000000003,0.22500000000000003,DAD,0.21297097206115723,27456,3.963249683380127,,,,,,,,,
430,0.22500000000000003,0.22500000000000003,DAD,0.21252775192260742,27520,3.9631967544555664,,,,,,,,,
431,0.22500000000000003,0.22500000000000003,DAD,0.2125229835510254,27584,3.9643547534942627,,,,,,,,,
432,0.22500000000000003,0.22500000000000003,DAD,0.2127692699432373,27648,3.9630126953125,,,,,,,,,
433,0.22500000000000003,0.22500000000000003,DAD,0.21230530738830566,27712,3.9622414112091064,,,,,,,,,
434,0.22500000000000003,0.22500000000000003,DAD,0.2124636173248291,27776,3.961826801300049,,,,,,,,,
435,0.22500000000000003,0.22500000000000003,DAD,0.2121429443359375,27840,3.962306022644043,,,,,,,,,
436,0.22500000000000003,0.22500000000000003,DAD,0.21220684051513672,27904,3.960414409637451,,,,,,,,,
437,0.22500000000000003,0.22500000000000003,DAD,0.21222281455993652,27968,3.9614572525024414,,,,,,,,,
438,0.22500000000000003,0.22500000000000003,DAD,0.21242523193359375,28032,3.960033655166626,,,,,,,,,
439,0.22500000000000003,0.22500000000000003,DAD,0.21280241012573242,28096,3.959946632385254,,,,,,,,,
440,0.22500000000000003,0.22500000000000003,DAD,0.21236586570739746,28160,3.9590494632720947,,,,,,,,,
441,0.22500000000000003,0.22500000000000003,DAD,0.2124645709991455,28224,3.9618263244628906,,,,,,,,,
442,0.22500000000000003,0.22500000000000003,DAD,0.21289515495300293,28288,3.961587905883789,,,,,,,,,
443,0.22500000000000003,0.22500000000000003,DAD,0.21250176429748535,28352,3.9611358642578125,,,,,,,,,
444,0.22500000000000003,0.22500000000000003,DAD,0.212080717086792,28416,3.9603562355041504,,,,,,,,,
445,0.22500000000000003,0.22500000000000003,DAD,0.21215224266052246,28480,3.9609925746917725,,,,,,,,,
446,0.22500000000000003,0.22500000000000003,DAD,0.21255922317504883,28544,3.961571216583252,,,,,,,,,
447,0.22500000000000003,0.22500000000000003,DAD,0.21258330345153809,28608,3.962761878967285,,,,,,,,,
448,0.22500000000000003,0.22500000000000003,DAD,0.21279382705688477,28672,3.9624013900756836,,,,,,,,,
449,0.22500000000000003,0.22500000000000003,DAD,0.21250557899475098,28736,3.9608826637268066,,,,,,,,,
450,0.22500000000000003,0.22500000000000003,DAD,0.2123119831085205,28800,3.961111068725586,0.22500000000000006,3,1.0541170591522753,0.0234375,0.0,1,0.0,0.22500000000000006,0
451,0.22500000000000003,0.22500000000000003,DAD,0.21214842796325684,28864,3.9616641998291016,,,,,,,,,
452,0.22500000000000003,0.22500000000000003,DAD,0.2121882438659668,28928,3.962293863296509,,,,,,,,,
453,0.22500000000000003,0.22500000000000003,DAD,0.2117924690246582,28992,3.961876392364502,,,,,,,,,
454,0.22500000000000003,0.22500000000000003,DAD,0.21243739128112793,29056,3.9618711471557617,,,,,,,,,
455,0.22500000000000003,0.22500000000000003,DAD,0.2128450870513916,29120,3.962888240814209,,,,,,,,,
456,0.22500000000000003,0.22500000000000003,DAD,0.21259593963623047,29184,3.9632530212402344,,,,,,,,,
457,0.22500000000000003,0.22500000000000003,DAD,0.21257948875427246,29248,3.962435007095337,,,,,,,,,
458,0.22500000000000003,0.22500000000000003,DAD,0.21271157264709473,29312,3.9623379707336426,,,,,,,,,
459,0.22500000000000003,0.22500000000000003,DAD,0.21301841735839844,29376,3.964475393295288,,,,,,,,,
460,0.22500000000000003,0.22500000000000003,DAD,0.21277570724487305,29440,3.9630651473999023,,,,,,,,,
461,0.22500000000000003,0.22500000000000003,DAD,0.21282386779785156,29504,3.964475631713867,,,,,,,,,
462,0.22500000000000003,0.22500000000000003,DAD,0.21286225318908691,29568,3.9636480808258057,,,,,,,,,
463,0.22500000000000003,0.22500000000000003,DAD,0.21284031867980957,29632,3.9640893936157227,,,,,,,,,
464,0.22500000000000003,0.22500000000000003,DAD,0.21290087699890137,29696,3.9646778106689453,,,,,,,,,
465,0.22500000000000003,0.22500000000000003,DAD,0.21295642852783203,29760,3.964287281036377,,,,,,,,,
466,0.22500000000000003,0.22500000000000003,DAD,0.21247386932373047,29824,3.9643499851226807,,,,,,,,,
467,0.22500000000000003,0.22500000000000003,DAD,0.21278738975524902,29888,3.9637107849121094,,,,,,,,,
468,0.22500000000000003,0.22500000000000003,DAD,0.21264028549194336,29952,3.965075969696045,,,,,,,,,
469,0.22500000000000003,0.22500000000000003,DAD,0.2129204273223877,30016,3.964085578918457,,,,,,,,,
470,0.22500000000000003,0.22500000000000003,DAD,0.2132270336151123,30080,3.964646100997925,,,,,,,,,
471,0.22500000000000003,0.22500000000000003,DAD,0.2126753330230713,30144,3.964395761489868,,,,,,,,,
472,0.22500000000000003,0.22500000000000003,DAD,0.21283578872680664,30208,3.963944911956787,,,,,,,,,
473,0.22500000000000003,0.22500000000000003,DAD,0.2129807472229004,30272,3.965121269226074,,,,,,,,,
474,0.22500000000000003,0.22500000000000003,DAD,0.21313905715942383,30336,3.964247703552246,,,,,,,,,
475,0.22500000000000003,0.22500000000000003,DAD,0.21279335021972656,30400,3.9650983810424805,0.22500000000000006,3,1.015063083244053,0.0234375,0.0,1,0.0,0.22500000000000006,0
476,0.22500000000000003,0.22500000000000003,DAD,0.21284914016723633,30464,3.9646453857421875,,,,,,,,,
477,0.22500000000000003,0.22500000000000003,DAD,0.21329045295715332,30528,3.9651007652282715,,,,,,,,,
478,0.22500000000000003,0.22500000000000003,DAD,0.21250104904174805,30592,3.9647059440612793,,,,,,,,,
479,0.22500000000000003,0.22500000000000003,DAD,0.2128608226776123,30656,3.965245246887207,,,,,,,,,
480,0.22500000000000003,0.22500000000000003,DAD,0.21261930465698242,30720,3.9662680625915527,,,,,,,,,
481,0.22500000000000003,0.22500000000000003,DAD,0.21360349655151367,30784,3.9660191535949707,,,,,,,,,
482,0.22500000000000003,0.22500000000000003,DAD,0.21331238746643066,30848,3.9665846824645996,,,,,,,,,
483,0.22500000000000003,0.22500000000000003,DAD,0.2136518955230713,30912,3.9665324687957764,,,,,,,,,
484,0.22500000000000003,0.22500000000000003,DAD,0.21257543563842773,30976,3.966585159301758,,,,,,,,,
485,0.22500000000000003,0.22500000000000003,DAD,0.21259260177612305,31040,3.9672091007232666,,,,,,,,,
486,0.22500000000000003,0.22500000000000003,DAD,0.21265244483947754,31104,3.9673349857330322,,,,,,,,,
487,0.22500000000000003,0.22500000000000003,DAD,0.21262788772583008,31168,3.9678215980529785,,,,,,,,,
488,0.22500000000000003,0.22500000000000003,DAD,0.212691068649292,31232,3.9675240516662598,,,,,,,,,
489,0.22500000000000003,0.22500000000000003,DAD,0.21245408058166504,31296,3.9677140712738037,,,,,,,,,
490,0.22500000000000003,0.22500000000000003,DAD,0.21248793601989746,31360,3.9676513671875,,,,,,,,,
491,0.22500000000000003,0.22500000000000003,DAD,0.2127220630645752,31424,3.9681763648986816,,,,,,,,,
492,0.22500000000000003,0.22500000000000003,DAD,0.21273589134216309,31488,3.9675374031066895,,,,,,,,,
493,0.22500000000000003,0.22500000000000003,DAD,0.213287353515625,31552,3.9678850173950195,,,,,,,,,
494,0.22500000000000003,0.22500000000000003,DAD,0.21242403984069824,31616,3.968143939971924,,,,,,,,,
495,0.22500000000000003,0.22500000000000003,DAD,0.21230626106262207,31680,3.967707633972168,,,,,,,,,
496,0.22500000000000003,0.22500000000000003,DAD,0.21293282508850098,31744,3.968252182006836,,,,,,,,,
497,0.22500000000000003,0.22500000000000003,DAD,0.21277236938476562,31808,3.968695878982544,,,,,,,,,
498,0.22500000000000003,0.22500000000000003,DAD,0.21266460418701172,31872,3.9678025245666504,,,,,,,,,
499,0.22500000000000003,0.22500000000000003,DAD,0.2126903533935547,31936,3.9683728218078613,,,,,,,,,
500,0.22500000000000003,0.22500000000000003,DAD,0.21282339096069336,32000,3.9686827659606934,0.22500000000000006,3,1.0217995337759163,0.0234375,0.0,1,0.0,0.22500000000000006,0
501,0.22500000000000003,0.22500000000000003,DAD,0.2131338119506836,32064,3.9681975841522217,,,,,,,,,
502,0.22500000000000003,0.22500000000000003,DAD,0.21259522438049316,32128,3.9684042930603027,,,,,,,,,
503,0.22500000000000003,0.22500000000000003,DAD,0.21244454383850098,32192,3.968355655670166,,,,,,,,,
504,0.22500000000000003,0.22500000000000003,DAD,0.2127673625946045,32256,3.9678940773010254,,,,,,,,,
505,0.22500000000000003,0.22500000000000003,DAD,0.21283459663391113,32320,3.9682083129882812,,,,,,,,,
506,0.22500000000000003,0.22500000000000003,DAD,0.2140178680419922,32384,3.967973232269287,,,,,,,,,
507,0.22500000000000003,0.22500000000000003,DAD,0.2125396728515625,32448,3.968116283416748,,,,,,,,,
508,0.22500000000000003,0.22500000000000003,DAD,0.212876558303833,32512,3.9678475856781006,,,,,,,,,
509,0.22500000000000003,0.22500000000000003,DAD,0.2130599021911621,32576,3.9672513008117676,,,,,,,,,
510,0.22500000000000003,0.22500000000000003,DAD,0.21283340454101562,32640,3.9678125381469727,,,,,,,,,
511,0.22500000000000003,0.22500000000000003,DAD,0.21248888969421387,32704,3.967978000640869,,,,,,,,,
512,0.22500000000000003,0.22500000000000003,DAD,0.21282625198364258,32768,3.9673070907592773,,,,,,,,,
513,0.22500000000000003,0.22500000000000003,DAD,0.21294569969177246,32832,3.9673168659210205,,,,,,,,,
514,0.22500000000000003,0.22500000000000003,DAD,0.2125682830810547,32896,3.9672954082489014,,,,,,,,,
515,0.22500000000000003,0.22500000000000003,DAD,0.21290826797485352,32960,3.9669435024261475,,,,,,,,,
516,0.22500000000000003,0.22500000000000003,DAD,0.21274352073669434,33024,3.9672770500183105,,,,,,,,,
517,0.22500000000000003,0.22500000000000003,DAD,0.2127056121826172,33088,3.9670355319976807,,,,,,,,,
518,0.22500000000000003,0.22500000000000003,DAD,0.21396517753601074,33152,3.966965675354004,,,,,,,,,
519,0.22500000000000003,0.22500000000000003,DAD,0.21286821365356445,33216,3.9671707153320312,,,,,,,,,
520,0.22500000000000003,0.22500000000000003,DAD,0.21289682388305664,33280,3.966811180114746,,,,,,,,,
521,0.22500000000000003,0.22500000000000003,DAD,0.21222567558288574,33344,3.96697998046875,,,,,,,,,
522,0.22500000000000003,0.22500000000000003,DAD,0.21283602714538574,33408,3.9670257568359375,,,,,,,,,
523,0.22500000000000003,0.22500000000000003,DAD,0.21297049522399902,33472,3.9663281440734863,,,,,,,,,
524,0.22500000000000003,0.22500000000000003,DAD,0.2127072811126709,33536,3.9667506217956543,,,,,,,,,
525,0.22500000000000003,0.22500000000000003,DAD,0.21257519721984863,33600,3.967057943344116,0.22500000000000006,3,1.0217995337759163,0.0234375,0.0,1,0.0,0.22500000000000006,0
526,0.22500000000000003,0.22500000000000003,DAD,0.21252775192260742,33664,3.966776132583618,,,,,,,,,
527,0.22500000000000003,0.22500000000000003,DAD,0.21279144287109375,33728,3.966387987136841,,,,,,,,,
528,0.22500000000000003,0.22500000000000003,DAD,0.21279454231262207,33792,3.9669108390808105,,,,,,,,,
529,0.22500000000000003,0.22500000000000003,DAD,0.21292400360107422,33856,3.9666483402252197,,,,,,,,,
530,0.22500000000000003,0.22500000000000003,DAD,0.21362590789794922,33920,3.9666478633880615,,,,,,,,,
531,0.22500000000000003,0.22500000000000003,DAD,0.21329188346862793,33984,3.966881036758423,,,,,,,,,
532,0.22500000000000003,0.22500000000000003,DAD,0.21332168579101562,34048,3.966404914855957,,,,,,,,,
533,0.22500000000000003,0.22500000000000003,DAD,0.21271395683288574,34112,3.966790199279785,,,,,,,,,
534,0.22500000000000003,0.22500000000000003,DAD,0.21234941482543945,34176,3.966306686401367,,,,,,,,,
535,0.22500000000000003,0.22500000000000003,DAD,0.2127668857574463,34240,3.9666831493377686,,,,,,,,,
536,0.22500000000000003,0.22500000000000003,DAD,0.21224522590637207,34304,3.967257499694824,,,,,,,,,
537,0.22500000000000003,0.22500000000000003,DAD,0.21309757232666016,34368,3.9679839611053467,,,,,,,,,
538,0.22500000000000003,0.22500000000000003,DAD,0.2130417823791504,34432,3.9673852920532227,,,,,,,,,
539,0.22500000000000003,0.22500000000000003,DAD,0.21274709701538086,34496,3.966356039047241,,,,,,,,,
540,0.22500000000000003,0.22500000000000003,DAD,0.2126624584197998,34560,3.9665369987487793,,,,,,,,,
541,0.22500000000000003,0.22500000000000003,DAD,0.2130880355834961,34624,3.9666316509246826,,,,,,,,,
542,0.22500000000000003,0.22500000000000003,DAD,0.21239137649536133,34688,3.9664950370788574,,,,,,,,,
543,0.22500000000000003,0.22500000000000003,DAD,0.2133333683013916,34752,3.967073917388916,,,,,,,,,
544,0.22500000000000003,0.22500000000000003,DAD,0.21247220039367676,34816,3.966963529586792,,,,,,,,,
545,0.22500000000000003,0.22500000000000003,DAD,0.2129049301147461,34880,3.9653029441833496,,,,,,,,,
546,0.22500000000000003,0.22500000000000003,DAD,0.21390891075134277,34944,3.9659671783447266,,,,,,,,,
547,0.22500000000000003,0.22500000000000003,DAD,0.21262907981872559,35008,3.965391159057617,,,,,,,,,
548,0.22500000000000003,0.22500000000000003,DAD,0.2122821807861328,35072,3.9658830165863037,,,,,,,,,
549,0.22500000000000003,0.22500000000000003,DAD,0.212921142578125,35136,3.965711832046509,,,,,,,,,
550,0.22500000000000003,0.22500000000000003,DAD,0.21316814422607422,35200,3.9656786918640137,0.22500000000000006,2,0.6920481450620646,0.015625,0.0,1,0.0,0.22500000000000006,0
551,0.22500000000000003,0.22500000000000003,DAD,0.21335840225219727,35264,3.9667162895202637,,,,,,,,,
552,0.22500000000000003,0.22500000000000003,DAD,0.21287107467651367,35328,3.965573310852051,,,,,,,,,
553,0.22500000000000003,0.22500000000000003,DAD,0.21358799934387207,35392,3.9662013053894043,,,,,,,,,
554,0.22500000000000003,0.22500000000000003,DAD,0.21308445930480957,35456,3.9655752182006836,,,,,,,,,
555,0.22500000000000003,0.22500000000000003,DAD,0.21250343322753906,35520,3.9647793769836426,,,,,,,,,
556,0.22500000000000003,0.22500000000000003,DAD,0.21252751350402832,35584,3.965060234069824,,,,,,,,,
557,0.22500000000000003,0.22500000000000003,DAD,0.2127058506011963,35648,3.96505069732666,,,,,,,,,
558,0.22500000000000003,0.22500000000000003,DAD,0.21289324760437012,35712,3.965073585510254,,,,,,,,,
559,0.22500000000000003,0.22500000000000003,DAD,0.21268677711486816,35776,3.966238021850586,,,,,,,,,
560,0.22500000000000003,0.22500000000000003,DAD,0.21233296394348145,35840,3.9658854007720947,,,,,,,,,
561,0.22500000000000003,0.22500000000000003,DAD,0.21247220039367676,35904,3.965181827545166,,,,,,,,,
562,0.22500000000000003,0.22500000000000003,DAD,0.2128462791442871,35968,3.966254234313965,,,,,,,,,
563,0.22500000000000003,0.22500000000000003,DAD,0.2131485939025879,36032,3.9661197662353516,,,,,,,,,
564,0.22500000000000003,0.22500000000000003,DAD,0.21312284469604492,36096,3.96537446975708,,,,,,,,,
565,0.22500000000000003,0.22500000000000003,DAD,0.21235013008117676,36160,3.9660539627075195,,,,,,,,,
566,0.22500000000000003,0.22500000000000003,DAD,0.21251440048217773,36224,3.9664158821105957,,,,,,,,,
567,0.22500000000000003,0.22500000000000003,DAD,0.21280694007873535,36288,3.9652953147888184,,,,,,,,,
568,0.22500000000000003,0.22500000000000003,DAD,0.21327805519104004,36352,3.966939926147461,,,,,,,,,
569,0.22500000000000003,0.22500000000000003,DAD,0.2127063274383545,36416,3.96653151512146,,,,,,,,,
570,0.22500000000000003,0.22500000000000003,DAD,0.2125999927520752,36480,3.966468334197998,,,,,,,,,
571,0.22500000000000003,0.22500000000000003,DAD,0.21236085891723633,36544,3.966179847717285,,,,,,,,,
572,0.22500000000000003,0.22500000000000003,DAD,0.21331501007080078,36608,3.966578960418701,,,,,,,,,
573,0.22500000000000003,0.22500000000000003,DAD,0.21319818496704102,36672,3.966114044189453,,,,,,,,,
574,0.22500000000000003,0.22500000000000003,DAD,0.21267008781433105,36736,3.9667673110961914,,,,,,,,,
575,0.22500000000000003,0.22500000000000003,DAD,0.21256470680236816,36800,3.9664416313171387,0.22500000000000006,3,1.0281499255352422,0.0234375,0.0,1,0.0,0.22500000000000006,0
576,0.22500000000000003,0.22500000000000003,DAD,0.2137129306793213,36864,3.967148780822754,,,,,,,,,
577,0.22500000000000003,0.22500000000000003,DAD,0.21293282508850098,36928,3.9654555320739746,,,,,,,,,
578,0.22500000000000003,0.22500000000000003,DAD,0.21277880668640137,36992,3.967172622680664,,,,,,,,,
579,0.22500000000000003,0.22500000000000003,DAD,0.21280837059020996,37056,3.9661943912506104,,,,,,,,,
580,0.22500000000000003,0.22500000000000003,DAD,0.21451067924499512,37120,3.9664645195007324,,,,,,,,,
581,0.22500000000000003,0.22500000000000003,DAD,0.21289634704589844,37184,3.9671754837036133,,,,,,,,,
582,0.22500000000000003,0.22500000000000003,DAD,0.21367359161376953,37248,3.9671010971069336,,,,,,,,,
583,0.22500000000000003,0.22500000000000003,DAD,0.21270751953125,37312,3.9677000045776367,,,,,,,,,
584,0.22500000000000003,0.22500000000000003,DAD,0.2126481533050537,37376,3.967823028564453,,,,,,,,,
585,0.22500000000000003,0.22500000000000003,DAD,0.21283411979675293,37440,3.967952251434326,,,,,,,,,
586,0.22500000000000003,0.22500000000000003,DAD,0.21260523796081543,37504,3.9679183959960938,,,,,,,,,
587,0.22500000000000003,0.22500000000000003,DAD,0.21274590492248535,37568,3.9681451320648193,,,,,,,,,
588,0.22500000000000003,0.22500000000000003,DAD,0.21303796768188477,37632,3.9680862426757812,,,,,,,,,
589,0.22500000000000003,0.22500000000000003,DAD,0.21277642250061035,37696,3.9681448936462402,,,,,,,,,
590,0.22500000000000003,0.22500000000000003,DAD,0.2136826515197754,37760,3.968050003051758,,,,,,,,,
591,0.22500000000000003,0.22500000000000003,DAD,0.21322154998779297,37824,3.9677648544311523,,,,,,,,,
592,0.22500000000000003,0.22500000000000003,DAD,0.21274328231811523,37888,3.968501567840576,,,,,,,,,
593,0.22500000000000003,0.22500000000000003,DAD,0.2128458023071289,37952,3.9682703018188477,,,,,,,,,
594,0.22500000000000003,0.22500000000000003,DAD,0.21282029151916504,38016,3.967991828918457,,,,,,,,,
595,0.22500000000000003,0.22500000000000003,DAD,0.2136080265045166,38080,3.968168020248413,,,,,,,,,
596,0.22500000000000003,0.22500000000000003,DAD,0.21352219581604004,38144,3.9680514335632324,,,,,,,,,
597,0.22500000000000003,0.22500000000000003,DAD,0.21308517456054688,38208,3.9681735038757324,,,,,,,,,
598,0.22500000000000003,0.22500000000000003,DAD,0.2131803035736084,38272,3.9681191444396973,,,,,,,,,
599,0.22500000000000003,0.22500000000000003,DAD,0.21313214302062988,38336,3.967677116394043,,,,,,,,,
600,0.22500000000000003,0.22500000000000003,DAD,0.2128760814666748,38400,3.9677343368530273,0.22500000000000006,2,0.6920481450620646,0.015625,0.0,1,0.0,0.22500000000000006,0
601,0.22500000000000003,0.22500000000000003,DAD,0.21342253684997559,38464,3.967712879180908,,,,,,,,,
602,0.22500000000000003,0.22500000000000003,DAD,0.2131187915802002,38528,3.967118501663208,,,,,,,,,
603,0.22500000000000003,0.22500000000000003,DAD,0.2125842571258545,38592,3.9668266773223877,,,,,,,,,
604,0.22500000000000003,0.22500000000000003,DAD,0.2126913070678711,38656,3.9667348861694336,,,,,,,,,
605,0.22500000000000003,0.22500000000000003,DAD,0.21224761009216309,38720,3.966938018798828,,,,,,,,,
606,0.22500000000000003,0.22500000000000003,DAD,0.21234703063964844,38784,3.9668517112731934,,,,,,,,,
607,0.22500000000000003,0.22500000000000003,DAD,0.21315360069274902,38848,3.966860294342041,,,,,,,,,
608,0.22500000000000003,0.22500000000000003,DAD,0.21329593658447266,38912,3.9670915603637695,,,,,,,,,
609,0.22500000000000003,0.22500000000000003,DAD,0.21310806274414062,38976,3.9671273231506348,,,,,,,,,
610,0.22500000000000003,0.22500000000000003,DAD,0.21277642250061035,39040,3.9671146869659424,,,,,,,,,
611,0.22500000000000003,0.22500000000000003,DAD,0.21242833137512207,39104,3.9673821926116943,,,,,,,,,
612,0.22500000000000003,0.22500000000000003,DAD,0.21291422843933105,39168,3.966644287109375,,,,,,,,,
613,0.22500000000000003,0.22500000000000003,DAD,0.21291780471801758,39232,3.966679573059082,,,,,,,,,
614,0.22500000000000003,0.22500000000000003,DAD,0.21301889419555664,39296,3.9668781757354736,,,,,,,,,
615,0.22500000000000003,0.22500000000000003,DAD,0.2125227451324463,39360,3.9671030044555664,,,,,,,,,
616,0.22500000000000003,0.22500000000000003,DAD,0.21298646926879883,39424,3.9667012691497803,,,,,,,,,
617,0.22500000000000003,0.22500000000000003,DAD,0.21261119842529297,39488,3.966529369354248,,,,,,,,,
618,0.22500000000000003,0.22500000000000003,DAD,0.21242308616638184,39552,3.96608304977417,,,,,,,,,
619,0.22500000000000003,0.22500000000000003,DAD,0.21351361274719238,39616,3.966446876525879,,,,,,,,,
620,0.22500000000000003,0.22500000000000003,DAD,0.21281957626342773,39680,3.966691017150879,,,,,,,,,
621,0.22500000000000003,0.22500000000000003,DAD,0.21271920204162598,39744,3.9671473503112793,,,,,,,,,
622,0.22500000000000003,0.22500000000000003,DAD,0.21267318725585938,39808,3.966921806335449,,,,,,,,,
623,0.22500000000000003,0.22500000000000003,DAD,0.21272897720336914,39872,3.9672036170959473,,,,,,,,,
624,0.22500000000000003,0.22500000000000003,DAD,0.21341705322265625,39936,3.9671614170074463,,,,,,,,,
625,0.22500000000000003,0.22500000000000003,DAD,0.2124342918395996,40000,3.9670803546905518,0.22500000000000006,3,1.0281499255352422,0.0234375,0.0,1,0.0,0.22500000000000006,0
626,0.22500000000000003,0.22500000000000003,DAD,0.2133173942565918,40064,3.967123031616211,,,,,,,,,
627,0.22500000000000003,0.22500000000000003,DAD,0.2133193016052246,40128,3.9669861793518066,,,,,,,,,
628,0.22500000000000003,0.22500000000000003,DAD,0.21248650550842285,40192,3.966033458709717,,,,,,,,,
629,0.22500000000000003,0.22500000000000003,DAD,0.21286892890930176,40256,3.966832160949707,,,,,,,,,
630,0.22500000000000003,0.22500000000000003,DAD,0.21294713020324707,40320,3.9663546085357666,,,,,,,,,
631,0.22500000000000003,0.22500000000000003,DAD,0.2122201919555664,40384,3.9668989181518555,,,,,,,,,
632,0.22500000000000003,0.22500000000000003,DAD,0.21324396133422852,40448,3.966160297393799,,,,,,,,,
633,0.22500000000000003,0.22500000000000003,DAD,0.21276354789733887,40512,3.9663257598876953,,,,,,,,,
634,0.22500000000000003,0.22500000000000003,DAD,0.21300077438354492,40576,3.966539144515991,,,,,,,,,
635,0.22500000000000003,0.22500000000000003,DAD,0.21258759498596191,40640,3.9669370651245117,,,,,,,,,
636,0.22500000000000003,0.22500000000000003,DAD,0.21242499351501465,40704,3.9660651683807373,,,,,,,,,
637,0.22500000000000003,0.22500000000000003,DAD,0.21335744857788086,40768,3.9664597511291504,,,,,,,,,
638,0.22500000000000003,0.22500000000000003,DAD,0.21274518966674805,40832,3.9667651653289795,,,,,,,,,
639,0.22500000000000003,0.22500000000000003,DAD,0.21334218978881836,40896,3.9667603969573975,,,,,,,,,
640,0.22500000000000003,0.22500000000000003,DAD,0.21268868446350098,40960,3.966801404953003,,,,,,,,,
641,0.22500000000000003,0.22500000000000003,DAD,0.21278119087219238,41024,3.966615676879883,,,,,,,,,
642,0.22500000000000003,0.22500000000000003,DAD,0.2126607894897461,41088,3.9664435386657715,,,,,,,,,
643,0.22500000000000003,0.22500000000000003,DAD,0.21300721168518066,41152,3.9665040969848633,,,,,,,,,
644,0.22500000000000003,0.22500000000000003,DAD,0.2131023406982422,41216,3.9669923782348633,,,,,,,,,
645,0.22500000000000003,0.22500000000000003,DAD,0.21292662620544434,41280,3.966972827911377,,,,,,,,,
646,0.22500000000000003,0.22500000000000003,DAD,0.21266961097717285,41344,3.967134952545166,,,,,,,,,
647,0.22500000000000003,0.22500000000000003,DAD,0.21250629425048828,41408,3.9668965339660645,,,,,,,,,
648,0.22500000000000003,0.22500000000000003,DAD,0.2129213809967041,41472,3.967256546020508,,,,,,,,,
649,0.22500000000000003,0.22500000000000003,DAD,0.2127702236175537,41536,3.966801643371582,,,,,,,,,
650,0.22500000000000003,0.22500000000000003,DAD,0.2127523422241211,41600,3.967432975769043,0.22500000000000006,1,-0.0,0.0078125,0.0,1,0.0,0.22500000000000006,0
651,0.22500000000000003,0.22500000000000003,DAD,0.21310162544250488,41664,3.966939926147461,,,,,,,,,
652,0.22500000000000003,0.22500000000000003,DAD,0.21303248405456543,41728,3.966475009918213,,,,,,,,,
653,0.22500000000000003,0.22500000000000003,DAD,0.2127838134765625,41792,3.966825246810913,,,,,,,,,
654,0.22500000000000003,0.22500000000000003,DAD,0.21266818046569824,41856,3.9668467044830322,,,,,,,,,
655,0.22500000000000003,0.22500000000000003,DAD,0.21281695365905762,41920,3.966496229171753,,,,,,,,,
656,0.22500000000000003,0.22500000000000003,DAD,0.2127997875213623,41984,3.966613292694092,,,,,,,,,
657,0.22500000000000003,0.22500000000000003,DAD,0.21293258666992188,42048,3.9665067195892334,,,,,,,,,
658,0.22500000000000003,0.22500000000000003,DAD,0.21317601203918457,42112,3.966085433959961,,,,,,,,,
659,0.22500000000000003,0.22500000000000003,DAD,0.2131960391998291,42176,3.966041088104248,,,,,,,,,
660,0.22500000000000003,0.22500000000000003,DAD,0.21305394172668457,42240,3.965886354446411,,,,,,,,,
661,0.22500000000000003,0.22500000000000003,DAD,0.21320891380310059,42304,3.966186285018921,,,,,,,,,
662,0.22500000000000003,0.22500000000000003,DAD,0.21332907676696777,42368,3.966017246246338,,,,,,,,,
663,0.22500000000000003,0.22500000000000003,DAD,0.21320414543151855,42432,3.9659745693206787,,,,,,,,,
664,0.22500000000000003,0.22500000000000003,DAD,0.21366429328918457,42496,3.9653091430664062,,,,,,,,,
665,0.22500000000000003,0.22500000000000003,DAD,0.21316838264465332,42560,3.9651553630828857,,,,,,,,,
666,0.22500000000000003,0.22500000000000003,DAD,0.21265339851379395,42624,3.965639114379883,,,,,,,,,
667,0.22500000000000003,0.22500000000000003,DAD,0.21271061897277832,42688,3.9649577140808105,,,,,,,,,
668,0.22500000000000003,0.22500000000000003,DAD,0.21272635459899902,42752,3.9644341468811035,,,,,,,,,
669,0.22500000000000003,0.22500000000000003,DAD,0.21303415298461914,42816,3.9644618034362793,,,,,,,,,
670,0.22500000000000003,0.22500000000000003,DAD,0.21327805519104004,42880,3.964232921600342,,,,,,,,,
671,0.22500000000000003,0.22500000000000003,DAD,0.21309828758239746,42944,3.963571071624756,,,,,,,,,
672,0.22500000000000003,0.22500000000000003,DAD,0.21291065216064453,43008,3.962846517562866,,,,,,,,,
673,0.22500000000000003,0.22500000000000003,DAD,0.2126483917236328,43072,3.963798999786377,,,,,,,,,
674,0.22500000000000003,0.22500000000000003,DAD,0.2124340534210205,43136,3.963225841522217,,,,,,,,,
675,0.22500000000000003,0.22500000000000003,DAD,0.21246862411499023,43200,3.9630277156829834,0.22500000000000006,2,0.5788586438389152,0.015625,0.0,1,0.0,0.22500000000000006,0
676,0.22500000000000003,0.22500000000000003,DAD,0.212693452835083,43264,3.963027238845825,,,,,,,,,
677,0.22500000000000003,0.22500000000000003,DAD,0.2123732566833496,43328,3.9626541137695312,,,,,,,,,
678,0.22500000000000003,0.22500000000000003,DAD,0.21282720565795898,43392,3.9629006385803223,,,,,,,,,
679,0.22500000000000003,0.22500000000000003,DAD,0.21291065216064453,43456,3.9622039794921875,,,,,,,,,
680,0.22500000000000003,0.22500000000000003,DAD,0.2125844955444336,43520,3.961963653564453,,,,,,,,,
681,0.22500000000000003,0.22500000000000003,DAD,0.21255993843078613,43584,3.961364984512329,,,,,,,,,
682,0.22500000000000003,0.22500000000000003,DAD,0.21252846717834473,43648,3.962148904800415,,,,,,,,,
683,0.22500000000000003,0.22500000000000003,DAD,0.2128462791442871,43712,3.9629111289978027,,,,,,,,,
684,0.22500000000000003,0.22500000000000003,DAD,0.21283793449401855,43776,3.9616498947143555,,,,,,,,,
685,0.22500000000000003,0.22500000000000003,DAD,0.2124185562133789,43840,3.9620797634124756,,,,,,,,,
686,0.22500000000000003,0.22500000000000003,DAD,0.21277093887329102,43904,3.9628348350524902,,,,,,,,,
687,0.22500000000000003,0.22500000000000003,DAD,0.21317481994628906,43968,3.9628684520721436,,,,,,,,,
688,0.22500000000000003,0.22500000000000003,DAD,0.21326518058776855,44032,3.9622294902801514,,,,,,,,,
689,0.22500000000000003,0.22500000000000003,DAD,0.2126023769378662,44096,3.963224172592163,,,,,,,,,
690,0.22500000000000003,0.22500000000000003,DAD,0.21281003952026367,44160,3.9622344970703125,,,,,,,,,
691,0.22500000000000003,0.22500000000000003,DAD,0.21264362335205078,44224,3.963876724243164,,,,,,,,,
692,0.22500000000000003,0.22500000000000003,DAD,0.21269845962524414,44288,3.962709665298462,,,,,,,,,
693,0.22500000000000003,0.22500000000000003,DAD,0.21280503273010254,44352,3.9629461765289307,,,,,,,,,
694,0.22500000000000003,0.22500000000000003,DAD,0.21247196197509766,44416,3.963926315307617,,,,,,,,,
695,0.22500000000000003,0.22500000000000003,DAD,0.21233105659484863,44480,3.963764190673828,,,,,,,,,
696,0.22500000000000003,0.22500000000000003,DAD,0.21285438537597656,44544,3.9648451805114746,,,,,,,,,
697,0.22500000000000003,0.22500000000000003,DAD,0.21306061744689941,44608,3.963986873626709,,,,,,,,,
698,0.22500000000000003,0.22500000000000003,DAD,0.21324944496154785,44672,3.964526414871216,,,,,,,,,
699,0.22500000000000003,0.22500000000000003,DAD,0.21304821968078613,44736,3.963944911956787,,,,,,,,,
700,0.22500000000000003,0.22500000000000003,DAD,0.21286368370056152,44800,3.964188575744629,0.22500000000000006,2,0.6926588198060253,0.015625,0.0,1,0.0,0.22500000000000006,0
701,0.22500000000000003,0.22500000000000003,DAD,0.21266555786132812,44864,3.9648232460021973,,,,,,,,,
702,0.22500000000000003,0.22500000000000003,DAD,0.2127988338470459,44928,3.9650800228118896,,,,,,,,,
703,0.22500000000000003,0.22500000000000003,DAD,0.21267962455749512,44992,3.9646763801574707,,,,,,,,,
704,0.22500000000000003,0.22500000000000003,DAD,0.21300292015075684,45056,3.964804172515869,,,,,,,,,
705,0.22500000000000003,0.22500000000000003,DAD,0.21325969696044922,45120,3.9644198417663574,,,,,,,,,
706,0.22500000000000003,0.22500000000000003,DAD,0.21313738822937012,45184,3.964977264404297,,,,,,,,,
707,0.22500000000000003,0.22500000000000003,DAD,0.21312284469604492,45248,3.964094638824463,,,,,,,,,
708,0.22500000000000003,0.22500000000000003,DAD,0.2130117416381836,45312,3.964454174041748,,,,,,,,,
709,0.22500000000000003,0.22500000000000003,DAD,0.21324729919433594,45376,3.9641785621643066,,,,,,,,,
710,0.22500000000000003,0.22500000000000003,DAD,0.21323895454406738,45440,3.9640440940856934,,,,,,,,,
711,0.22500000000000003,0.22500000000000003,DAD,0.2129826545715332,45504,3.963986873626709,,,,,,,,,
712,0.22500000000000003,0.22500000000000003,DAD,0.2128450870513916,45568,3.9643921852111816,,,,,,,,,
713,0.22500000000000003,0.22500000000000003,DAD,0.21258282661437988,45632,3.9641971588134766,,,,,,,,,
714,0.22500000000000003,0.22500000000000003,DAD,0.212693452835083,45696,3.964210033416748,,,,,,,,,
715,0.22500000000000003,0.22500000000000003,DAD,0.2127523422241211,45760,3.964906692504883,,,,,,,,,
716,0.22500000000000003,0.22500000000000003,DAD,0.21269845962524414,45824,3.964808464050293,,,,,,,,,
717,0.22500000000000003,0.22500000000000003,DAD,0.21318864822387695,45888,3.9647653102874756,,,,,,,,,
718,0.22500000000000003,0.22500000000000003,DAD,0.2121448516845703,45952,3.964871883392334,,,,,,,,,
719,0.22500000000000003,0.22500000000000003,DAD,0.21318531036376953,46016,3.965157985687256,,,,,,,,,
720,0.22500000000000003,0.22500000000000003,DAD,0.21265149116516113,46080,3.965209484100342,,,,,,,,,
721,0.22500000000000003,0.22500000000000003,DAD,0.21278762817382812,46144,3.965134620666504,,,,,,,,,
722,0.22500000000000003,0.22500000000000003,DAD,0.21282553672790527,46208,3.9652295112609863,,,,,,,,,
723,0.22500000000000003,0.22500000000000003,DAD,0.21305012702941895,46272,3.9652435779571533,,,,,,,,,
724,0.22500000000000003,0.22500000000000003,DAD,0.21316123008728027,46336,3.9656739234924316,,,,,,,,,
725,0.22500000000000003,0.22500000000000003,DAD,0.21255183219909668,46400,3.9657607078552246,0.22500000000000006,3,1.0217995337759163,0.0234375,0.0,1,0.0,0.22500000000000006,0
726,0.22500000000000003,0.22500000000000003,DAD,0.21253013610839844,46464,3.9659039974212646,,,,,,,,,
727,0.22500000000000003,0.22500000000000003,DAD,0.21287059783935547,46528,3.966172695159912,,,,,,,,,
728,0.22500000000000003,0.22500000000000003,DAD,0.21273112297058105,46592,3.966582775115967,,,,,,,,,
729,0.22500000000000003,0.22500000000000003,DAD,0.21292591094970703,46656,3.9669179916381836,,,,,,,,,
730,0.22500000000000003,0.22500000000000003,DAD,0.21326470375061035,46720,3.967381238937378,,,,,,,,,
731,0.22500000000000003,0.22500000000000003,DAD,0.212968111038208,46784,3.9677481651306152,,,,,,,,,
732,0.22500000000000003,0.22500000000000003,DAD,0.21299409866333008,46848,3.9681925773620605,,,,,,,,,
733,0.22500000000000003,0.22500000000000003,DAD,0.2133312225341797,46912,3.9684109687805176,,,,,,,,,
734,0.22500000000000003,0.22500000000000003,DAD,0.21245288848876953,46976,3.968879222869873,,,,,,,,,
735,0.22500000000000003,0.22500000000000003,DAD,0.21308112144470215,47040,3.9690916538238525,,,,,,,,,
736,0.22500000000000003,0.22500000000000003,DAD,0.21291875839233398,47104,3.969113349914551,,,,,,,,,
737,0.22500000000000003,0.22500000000000003,DAD,0.2130129337310791,47168,3.9693520069122314,,,,,,,,,
738,0.22500000000000003,0.22500000000000003,DAD,0.2126483917236328,47232,3.9693844318389893,,,,,,,,,
739,0.22500000000000003,0.22500000000000003,DAD,0.21285223960876465,47296,3.9697113037109375,,,,,,,,,
740,0.22500000000000003,0.22500000000000003,DAD,0.21296262741088867,47360,3.9695918560028076,,,,,,,,,
741,0.22500000000000003,0.22500000000000003,DAD,0.21291828155517578,47424,3.9698855876922607,,,,,,,,,
742,0.22500000000000003,0.22500000000000003,DAD,0.21233677864074707,47488,3.9700098037719727,,,,,,,,,
743,0.22500000000000003,0.22500000000000003,DAD,0.21294713020324707,47552,3.970360279083252,,,,,,,,,
744,0.22500000000000003,0.22500000000000003,DAD,0.21292710304260254,47616,3.970066547393799,,,,,,,,,
745,0.22500000000000003,0.22500000000000003,DAD,0.21279597282409668,47680,3.969961643218994,,,,,,,,,
746,0.22500000000000003,0.22500000000000003,DAD,0.21285581588745117,47744,3.970191478729248,,,,,,,,,
747,0.22500000000000003,0.22500000000000003,DAD,0.21303915977478027,47808,3.970301628112793,,,,,,,,,
748,0.22500000000000003,0.22500000000000003,DAD,0.21305346488952637,47872,3.970302104949951,,,,,,,,,
749,0.22500000000000003,0.22500000000000003,DAD,0.21297550201416016,47936,3.970531940460205,,,,,,,,,
750,0.22500000000000003,0.22500000000000003,DAD,0.21277165412902832,48000,3.970149517059326,0.22500000000000006,3,1.0217995337759163,0.0234375,0.0,1,0.0,0.22500000000000006,0
751,0.22500000000000003,0.22500000000000003,DAD,0.21346330642700195,48064,3.9699957370758057,,,,,,,,,
752,0.22500000000000003,0.22500000000000003,DAD,0.21288418769836426,48128,3.970231056213379,,,,,,,,,
753,0.22500000000000003,0.22500000000000003,DAD,0.21315383911132812,48192,3.9698047637939453,,,,,,,,,
754,0.22500000000000003,0.22500000000000003,DAD,0.2128293514251709,48256,3.970061779022217,,,,,,,,,
755,0.22500000000000003,0.22500000000000003,DAD,0.21304678916931152,48320,3.9695870876312256,,,,,,,,,
756,0.22500000000000003,0.22500000000000003,DAD,0.2126636505126953,48384,3.969719409942627,,,,,,,,,
757,0.22500000000000003,0.22500000000000003,DAD,0.21285629272460938,48448,3.969142198562622,,,,,,,,,
758,0.22500000000000003,0.22500000000000003,DAD,0.21257948875427246,48512,3.9694173336029053,,,,,,,,,
759,0.22500000000000003,0.22500000000000003,DAD,0.2127668857574463,48576,3.9690847396850586,,,,,,,,,
760,0.22500000000000003,0.22500000000000003,DAD,0.21224164962768555,48640,3.9692022800445557,,,,,,,,,
761,0.22500000000000003,0.22500000000000003,DAD,0.21250367164611816,48704,3.9690446853637695,,,,,,,,,
762,0.22500000000000003,0.22500000000000003,DAD,0.2126452922821045,48768,3.9684998989105225,,,,,,,,,
763,0.22500000000000003,0.22500000000000003,DAD,0.2124032974243164,48832,3.9683620929718018,,,,,,,,,
764,0.22500000000000003,0.22500000000000003,DAD,0.2537569999694824,48896,3.9683098793029785,,,,,,,,,
765,0.22500000000000003,0.22500000000000003,DAD,0.21336579322814941,48960,3.968615770339966,,,,,,,,,
766,0.22500000000000003,0.22500000000000003,DAD,0.21311569213867188,49024,3.9684159755706787,,,,,,,,,
767,0.22500000000000003,0.22500000000000003,DAD,0.21313023567199707,49088,3.968015670776367,,,,,,,,,
768,0.22500000000000003,0.22500000000000003,DAD,0.21290802955627441,49152,3.968085289001465,,,,,,,,,
769,0.22500000000000003,0.22500000000000003,DAD,0.21379470825195312,49216,3.9680557250976562,,,,,,,,,
770,0.22500000000000003,0.22500000000000003,DAD,0.2133924961090088,49280,3.967966079711914,,,,,,,,,
771,0.22500000000000003,0.22500000000000003,DAD,0.21332621574401855,49344,3.9673023223876953,,,,,,,,,
772,0.22500000000000003,0.22500000000000003,DAD,0.21334624290466309,49408,3.968012809753418,,,,,,,,,
773,0.22500000000000003,0.22500000000000003,DAD,0.21338510513305664,49472,3.9676971435546875,,,,,,,,,
774,0.22500000000000003,0.22500000000000003,DAD,0.21437716484069824,49536,3.9672415256500244,,,,,,,,,
775,0.22500000000000003,0.22500000000000003,DAD,0.21293401718139648,49600,3.9675657749176025,0.22500000000000006,2,0.6920481450620646,0.015625,0.0,1,0.0,0.22500000000000006,0
776,0.22500000000000003,0.22500000000000003,DAD,0.2138066291809082,49664,3.9674391746520996,,,,,,,,,
777,0.22500000000000003,0.22500000000000003,DAD,0.21387481689453125,49728,3.967311382293701,,,,,,,,,
778,0.22500000000000003,0.22500000000000003,DAD,0.21455001831054688,49792,3.967419147491455,,,,,,,,,
779,0.22500000000000003,0.22500000000000003,DAD,0.21416616439819336,49856,3.967324733734131,,,,,,,,,
780,0.22500000000000003,0.22500000000000003,DAD,0.21398544311523438,49920,3.966735363006592,,,,,,,,,
781,0.22500000000000003,0.22500000000000003,DAD,0.21425962448120117,49984,3.9666996002197266,,,,,,,,,
782,0.22500000000000003,0.22500000000000003,DAD,0.21438813209533691,50048,3.9664275646209717,,,,,,,,,
783,0.22500000000000003,0.22500000000000003,DAD,0.21364951133728027,50112,3.9666762351989746,,,,,,,,,
784,0.22500000000000003,0.22500000000000003,DAD,0.21441102027893066,50176,3.966057300567627,,,,,,,,,
785,0.22500000000000003,0.22500000000000003,DAD,0.21401453018188477,50240,3.9659581184387207,,,,,,,,,
786,0.22500000000000003,0.22500000000000003,DAD,0.21426868438720703,50304,3.9664535522460938,,,,,,,,,
787,0.22500000000000003,0.22500000000000003,DAD,0.21407747268676758,50368,3.9650111198425293,,,,,,,,,
788,0.22500000000000003,0.22500000000000003,DAD,0.2227792739868164,50432,3.9661998748779297,,,,,,,,,
789,0.22500000000000003,0.22500000000000003,DAD,0.214186429977417,50496,3.9661574363708496,,,,,,,,,
790,0.22500000000000003,0.22500000000000003,DAD,0.21480703353881836,50560,3.9661288261413574,,,,,,,,,
791,0.22500000000000003,0.22500000000000003,DAD,0.21410179138183594,50624,3.9659955501556396,,,,,,,,,
792,0.22500000000000003,0.22500000000000003,DAD,0.2141408920288086,50688,3.9658851623535156,,,,,,,,,
793,0.22500000000000003,0.22500000000000003,DAD,0.21425771713256836,50752,3.965879440307617,,,,,,,,,
794,0.22500000000000003,0.22500000000000003,DAD,0.21466994285583496,50816,3.964709758758545,,,,,,,,,
795,0.22500000000000003,0.22500000000000003,DAD,0.21428608894348145,50880,3.964473009109497,,,,,,,,,
796,0.22500000000000003,0.22500000000000003,DAD,0.2142329216003418,50944,3.9645941257476807,,,,,,,,,
797,0.22500000000000003,0.22500000000000003,DAD,0.21434807777404785,51008,3.9642577171325684,,,,,,,,,
798,0.22500000000000003,0.22500000000000003,DAD,0.21469831466674805,51072,3.964745044708252,,,,,,,,,
799,0.22500000000000003,0.22500000000000003,DAD,0.2146458625793457,51136,3.9645910263061523,,,,,,,,,
800,0.22500000000000003,0.22500000000000003,DAD,0.21493196487426758,51200,3.9655537605285645,0.22500000000000006,4,1.0779771500156532,0.03125,0.0,1,0.0,0.22500000000000006,0
801,0.22500000000000003,0.22500000000000003,DAD,0.21379566192626953,51264,3.964829921722412,,,,,,,,,
802,0.22500000000000003,0.22500000000000003,DAD,0.21452903747558594,51328,3.9652562141418457,,,,,,,,,
803,0.22500000000000003,0.22500000000000003,DAD,0.2140669822692871,51392,3.9647858142852783,,,,,,,,,
804,0.22500000000000003,0.22500000000000003,DAD,0.21378064155578613,51456,3.964165687561035,,,,,,,,,
805,0.22500000000000003,0.22500000000000003,DAD,0.2140200138092041,51520,3.9649581909179688,,,,,,,,,
806,0.22500000000000003,0.22500000000000003,DAD,0.213576078414917,51584,3.9651970863342285,,,,,,,,,
807,0.22500000000000003,0.22500000000000003,DAD,0.2139604091644287,51648,3.964935779571533,,,,,,,,,
808,0.22500000000000003,0.22500000000000003,DAD,0.21368908882141113,51712,3.965371608734131,,,,,,,,,
809,0.22500000000000003,0.22500000000000003,DAD,0.21367549896240234,51776,3.9647231101989746,,,,,,,,,
810,0.22500000000000003,0.22500000000000003,DAD,0.2141132354736328,51840,3.9645824432373047,,,,,,,,,
811,0.22500000000000003,0.22500000000000003,DAD,0.21352171897888184,51904,3.9651942253112793,,,,,,,,,
812,0.22500000000000003,0.22500000000000003,DAD,0.21374964714050293,51968,3.964594841003418,,,,,,,,,
813,0.22500000000000003,0.22500000000000003,DAD,0.21404552459716797,52032,3.9650826454162598,,,,,,,,,
814,0.22500000000000003,0.22500000000000003,DAD,0.2139139175415039,52096,3.9652552604675293,,,,,,,,,
815,0.22500000000000003,0.22500000000000003,DAD,0.21360445022583008,52160,3.965688467025757,,,,,,,,,
816,0.22500000000000003,0.22500000000000003,DAD,0.21392607688903809,52224,3.965019941329956,,,,,,,,,
817,0.22500000000000003,0.22500000000000003,DAD,0.21414542198181152,52288,3.9662363529205322,,,,,,,,,
818,0.22500000000000003,0.22500000000000003,DAD,0.2138195037841797,52352,3.965006113052368,,,,,,,,,
819,0.22500000000000003,0.22500000000000003,DAD,0.21392297744750977,52416,3.9658350944519043,,,,,,,,,
820,0.22500000000000003,0.22500000000000003,DAD,0.2138969898223877,52480,3.965665817260742,,,,,,,,,
821,0.22500000000000003,0.22500000000000003,DAD,0.2145078182220459,52544,3.965193748474121,,,,,,,,,
822,0.22500000000000003,0.22500000000000003,DAD,0.21375632286071777,52608,3.965721607208252,,,,,,,,,
823,0.22500000000000003,0.22500000000000003,DAD,0.21403813362121582,52672,3.9658942222595215,,,,,,,,,
824,0.22500000000000003,0.22500000000000003,DAD,0.2138957977294922,52736,3.9660120010375977,,,,,,,,,
825,0.22500000000000003,0.22500000000000003,DAD,0.2136681079864502,52800,3.9664857387542725,0.22500000000000006,4,1.3759454004072382,0.03125,0.0,1,0.0,0.22500000000000006,0
826,0.22500000000000003,0.22500000000000003,DAD,0.21451258659362793,52864,3.966484785079956,,,,,,,,,
827,0.22500000000000003,0.22500000000000003,DAD,0.21413207054138184,52928,3.9654476642608643,,,,,,,,,
828,0.22500000000000003,0.22500000000000003,DAD,0.21399664878845215,52992,3.9649531841278076,,,,,,,,,
829,0.22500000000000003,0.22500000000000003,DAD,0.21383047103881836,53056,3.9652888774871826,,,,,,,,,
830,0.22500000000000003,0.22500000000000003,DAD,0.21391916275024414,53120,3.965412139892578,,,,,,,,,
831,0.22500000000000003,0.22500000000000003,DAD,0.21401500701904297,53184,3.96610426902771,,,,,,,,,
832,0.22500000000000003,0.22500000000000003,DAD,0.2141270637512207,53248,3.96488094329834,,,,,,,,,
833,0.22500000000000003,0.22500000000000003,DAD,0.21338748931884766,53312,3.9657554626464844,,,,,,,,,
834,0.22500000000000003,0.22500000000000003,DAD,0.2138984203338623,53376,3.9649791717529297,,,,,,,,,
835,0.22500000000000003,0.22500000000000003,DAD,0.21412992477416992,53440,3.964257001876831,,,,,,,,,
836,0.22500000000000003,0.22500000000000003,DAD,0.2137761116027832,53504,3.9650344848632812,,,,,,,,,
837,0.22500000000000003,0.22500000000000003,DAD,0.21370625495910645,53568,3.963411331176758,,,,,,,,,
838,0.22500000000000003,0.22500000000000003,DAD,0.21380877494812012,53632,3.9639828205108643,,,,,,,,,
839,0.22500000000000003,0.22500000000000003,DAD,0.21360993385314941,53696,3.9651637077331543,,,,,,,,,
840,0.22500000000000003,0.22500000000000003,DAD,0.21388912200927734,53760,3.9649085998535156,,,,,,,,,
841,0.22500000000000003,0.22500000000000003,DAD,0.21384763717651367,53824,3.9649691581726074,,,,,,,,,
842,0.22500000000000003,0.22500000000000003,DAD,0.21329164505004883,53888,3.9644906520843506,,,,,,,,,
843,0.22500000000000003,0.22500000000000003,DAD,0.21466636657714844,53952,3.963940143585205,,,,,,,,,
844,0.22500000000000003,0.22500000000000003,DAD,0.21416282653808594,54016,3.96513032913208,,,,,,,,,
845,0.22500000000000003,0.22500000000000003,DAD,0.2136681079864502,54080,3.965404748916626,,,,,,,,,
846,0.22500000000000003,0.22500000000000003,DAD,0.21362090110778809,54144,3.966052532196045,,,,,,,,,
847,0.22500000000000003,0.22500000000000003,DAD,0.2134532928466797,54208,3.9653799533843994,,,,,,,,,
848,0.22500000000000003,0.22500000000000003,DAD,0.21414947509765625,54272,3.9656224250793457,,,,,,,,,
849,0.22500000000000003,0.22500000000000003,DAD,0.21372771263122559,54336,3.965759754180908,,,,,,,,,
850,0.22500000000000003,0.22500000000000003,DAD,0.21393227577209473,54400,3.966564416885376,0.22500000000000006,3,1.0145850849718068,0.0234375,0.0,1,0.0,0.22500000000000006,0
851,0.22500000000000003,0.22500000000000003,DAD,0.21379780769348145,54464,3.9675679206848145,,,,,,,,,
852,0.22500000000000003,0.22500000000000003,DAD,0.21354317665100098,54528,3.965566396713257,,,,,,,,,
853,0.22500000000000003,0.22500000000000003,DAD,0.21392607688903809,54592,3.966831922531128,,,,,,,,,
854,0.22500000000000003,0.22500000000000003,DAD,0.2138211727142334,54656,3.9664864540100098,,,,,,,,,
855,0.22500000000000003,0.22500000000000003,DAD,0.2136852741241455,54720,3.967473268508911,,,,,,,,,
856,0.22500000000000003,0.22500000000000003,DAD,0.21417880058288574,54784,3.9677271842956543,,,,,,,,,
857,0.22500000000000003,0.22500000000000003,DAD,0.2140486240386963,54848,3.9681148529052734,,,,,,,,,
858,0.22500000000000003,0.22500000000000003,DAD,0.2136216163635254,54912,3.967076301574707,,,,,,,,,
859,0.22500000000000003,0.22500000000000003,DAD,0.21364426612854004,54976,3.9684062004089355,,,,,,,,,
860,0.22500000000000003,0.22500000000000003,DAD,0.21413087844848633,55040,3.968618869781494,,,,,,,,,
861,0.22500000000000003,0.22500000000000003,DAD,0.21379303932189941,55104,3.968841552734375,,,,,,,,,
862,0.22500000000000003,0.22500000000000003,DAD,0.21422815322875977,55168,3.968632698059082,,,,,,,,,
863,0.22500000000000003,0.22500000000000003,DAD,0.21389985084533691,55232,3.9683046340942383,,,,,,,,,
864,0.22500000000000003,0.22500000000000003,DAD,0.2139585018157959,55296,3.9689502716064453,,,,,,,,,
865,0.22500000000000003,0.22500000000000003,DAD,0.2138376235961914,55360,3.9691500663757324,,,,,,,,,
866,0.22500000000000003,0.22500000000000003,DAD,0.21379876136779785,55424,3.9693503379821777,,,,,,,,,
867,0.22500000000000003,0.22500000000000003,DAD,0.2140216827392578,55488,3.9695441722869873,,,,,,,,,
868,0.22500000000000003,0.22500000000000003,DAD,0.21395158767700195,55552,3.9697771072387695,,,,,,,,,
869,0.22500000000000003,0.22500000000000003,DAD,0.21352100372314453,55616,3.9700183868408203,,,,,,,,,
870,0.22500000000000003,0.22500000000000003,DAD,0.2141411304473877,55680,3.97023868560791,,,,,,,,,
871,0.22500000000000003,0.22500000000000003,DAD,0.21402454376220703,55744,3.9705379009246826,,,,,,,,,
872,0.22500000000000003,0.22500000000000003,DAD,0.2137737274169922,55808,3.970921516418457,,,,,,,,,
873,0.22500000000000003,0.22500000000000003,DAD,0.21349525451660156,55872,3.9707415103912354,,,,,,,,,
874,0.22500000000000003,0.22500000000000003,DAD,0.21376419067382812,55936,3.971198320388794,,,,,,,,,
875,0.22500000000000003,0.22500000000000003,DAD,0.21375226974487305,56000,3.970914125442505,0.22500000000000006,4,1.020563251101448,0.03125,0.0,1,0.0,0.22500000000000006,0
876,0.22500000000000003,0.22500000000000003,DAD,0.2135305404663086,56064,3.9712371826171875,,,,,,,,,
877,0.22500000000000003,0.22500000000000003,DAD,0.213775634765625,56128,3.9714322090148926,,,,,,,,,
878,0.22500000000000003,0.22500000000000003,DAD,0.21363139152526855,56192,3.9713797569274902,,,,,,,,,
879,0.22500000000000003,0.22500000000000003,DAD,0.21346735954284668,56256,3.9713964462280273,,,,,,,,,
880,0.22500000000000003,0.22500000000000003,DAD,0.21344327926635742,56320,3.9717791080474854,,,,,,,,,
881,0.22500000000000003,0.22500000000000003,DAD,0.21358919143676758,56384,3.971679449081421,,,,,,,,,
882,0.22500000000000003,0.22500000000000003,DAD,0.21357250213623047,56448,3.9715161323547363,,,,,,,,,
883,0.22500000000000003,0.22500000000000003,DAD,0.21383047103881836,56512,3.97198224067688,,,,,,,,,
884,0.22500000000000003,0.22500000000000003,DAD,0.2135465145111084,56576,3.971679925918579,,,,,,,,,
885,0.22500000000000003,0.22500000000000003,DAD,0.21361351013183594,56640,3.971900224685669,,,,,,,,,
886,0.22500000000000003,0.22500000000000003,DAD,0.21475815773010254,56704,3.9716320037841797,,,,,,,,,
887,0.22500000000000003,0.22500000000000003,DAD,0.2135624885559082,56768,3.97145414352417,,,,,,,,,
888,0.22500000000000003,0.22500000000000003,DAD,0.2139267921447754,56832,3.971884250640869,,,,,,,,,
889,0.22500000000000003,0.22500000000000003,DAD,0.21344590187072754,56896,3.9713187217712402,,,,,,,,,
890,0.22500000000000003,0.22500000000000003,DAD,0.21385788917541504,56960,3.971238851547241,,,,,,,,,
891,0.22500000000000003,0.22500000000000003,DAD,0.21397852897644043,57024,3.9714035987854004,,,,,,,,,
892,0.22500000000000003,0.22500000000000003,DAD,0.21381378173828125,57088,3.971059799194336,,,,,,,,,
893,0.22500000000000003,0.22500000000000003,DAD,0.21342802047729492,57152,3.9707882404327393,,,,,,,,,
894,0.22500000000000003,0.22500000000000003,DAD,0.21344709396362305,57216,3.971097707748413,,,,,,,,,
895,0.22500000000000003,0.22500000000000003,DAD,0.21388554573059082,57280,3.9710092544555664,,,,,,,,,
896,0.22500000000000003,0.22500000000000003,DAD,0.2138371467590332,57344,3.9709525108337402,,,,,,,,,
897,0.22500000000000003,0.22500000000000003,DAD,0.21401095390319824,57408,3.9708149433135986,,,,,,,,,
898,0.22500000000000003,0.22500000000000003,DAD,0.21381688117980957,57472,3.970928192138672,,,,,,,,,
899,0.22500000000000003,0.22500000000000003,DAD,0.21360349655151367,57536,3.970913887023926,,,,,,,,,
900,0.22500000000000003,0.22500000000000003,DAD,0.2138826847076416,57600,3.9708104133605957,0.22500000000000006,4,1.3838496850979718,0.03125,0.0,1,0.0,0.22500000000000006,0
901,0.22500000000000003,0.22500000000000003,DAD,0.2140955924987793,57664,3.970705032348633,,,,,,,,,
902,0.22500000000000003,0.22500000000000003,DAD,0.21398353576660156,57728,3.970775604248047,,,,,,,,,
903,0.22500000000000003,0.22500000000000003,DAD,0.21367907524108887,57792,3.970611333847046,,,,,,,,,
904,0.22500000000000003,0.22500000000000003,DAD,0.21365785598754883,57856,3.9707889556884766,,,,,,,,,
905,0.22500000000000003,0.22500000000000003,DAD,0.2135944366455078,57920,3.9706716537475586,,,,,,,,,
906,0.22500000000000003,0.22500000000000003,DAD,0.21342682838439941,57984,3.970759868621826,,,,,,,,,
907,0.22500000000000003,0.22500000000000003,DAD,0.21395111083984375,58048,3.970574140548706,,,,,,,,,
908,0.22500000000000003,0.22500000000000003,DAD,0.21347689628601074,58112,3.9705934524536133,,,,,,,,,
909,0.22500000000000003,0.22500000000000003,DAD,0.21364521980285645,58176,3.9708471298217773,,,,,,,,,
910,0.22500000000000003,0.22500000000000003,DAD,0.21415019035339355,58240,3.9709532260894775,,,,,,,,,
911,0.22500000000000003,0.22500000000000003,DAD,0.21351027488708496,58304,3.9708595275878906,,,,,,,,,
912,0.22500000000000003,0.22500000000000003,DAD,0.21376371383666992,58368,3.971043586730957,,,,,,,,,
913,0.22500000000000003,0.22500000000000003,DAD,0.21394753456115723,58432,3.9711127281188965,,,,,,,,,
914,0.22500000000000003,0.22500000000000003,DAD,0.21347284317016602,58496,3.971193313598633,,,,,,,,,
915,0.22500000000000003,0.22500000000000003,DAD,0.21370792388916016,58560,3.971066474914551,,,,,,,,,
916,0.22500000000000003,0.22500000000000003,DAD,0.2136242389678955,58624,3.9712672233581543,,,,,,,,,
917,0.22500000000000003,0.22500000000000003,DAD,0.21318674087524414,58688,3.971179485321045,,,,,,,,,
918,0.22500000000000003,0.22500000000000003,DAD,0.2139294147491455,58752,3.971205949783325,,,,,,,,,
919,0.22500000000000003,0.22500000000000003,DAD,0.21344470977783203,58816,3.971348524093628,,,,,,,,,
920,0.22500000000000003,0.22500000000000003,DAD,0.21387910842895508,58880,3.9711949825286865,,,,,,,,,
921,0.22500000000000003,0.22500000000000003,DAD,0.21309232711791992,58944,3.9710793495178223,,,,,,,,,
922,0.22500000000000003,0.22500000000000003,DAD,0.21336102485656738,59008,3.9711575508117676,,,,,,,,,
923,0.22500000000000003,0.22500000000000003,DAD,0.21353936195373535,59072,3.971003532409668,,,,,,,,,
924,0.22500000000000003,0.22500000000000003,DAD,0.21422290802001953,59136,3.970905065536499,,,,,,,,,
925,0.22500000000000003,0.22500000000000003,DAD,0.21347284317016602,59200,3.970921516418457,0.22500000000000006,3,1.059197409123919,0.0234375,0.0,1,0.0,0.22500000000000006,0
926,0.22500000000000003,0.22500000000000003,DAD,0.21334075927734375,59264,3.970945358276367,,,,,,,,,
927,0.22500000000000003,0.22500000000000003,DAD,0.2145397663116455,59328,3.970888614654541,,,,,,,,,
928,0.22500000000000003,0.22500000000000003,DAD,0.21425890922546387,59392,3.970738649368286,,,,,,,,,
929,0.22500000000000003,0.22500000000000003,DAD,0.21415257453918457,59456,3.9707703590393066,,,,,,,,,
930,0.22500000000000003,0.22500000000000003,DAD,0.21401453018188477,59520,3.970787286758423,,,,,,,,,
931,0.22500000000000003,0.22500000000000003,DAD,0.2152397632598877,59584,3.9705495834350586,,,,,,,,,
932,0.22500000000000003,0.22500000000000003,DAD,0.21411776542663574,59648,3.970766067504883,,,,,,,,,
933,0.22500000000000003,0.22500000000000003,DAD,0.21378612518310547,59712,3.971071720123291,,,,,,,,,
934,0.22500000000000003,0.22500000000000003,DAD,0.21419167518615723,59776,3.9711551666259766,,,,,,,,,
935,0.22500000000000003,0.22500000000000003,DAD,0.21358370780944824,59840,3.971287488937378,,,,,,,,,
936,0.22500000000000003,0.22500000000000003,DAD,0.2138669490814209,59904,3.9712624549865723,,,,,,,,,
937,0.22500000000000003,0.22500000000000003,DAD,0.2135474681854248,59968,3.971665143966675,,,,,,,,,
938,0.22500000000000003,0.22500000000000003,DAD,0.2142658233642578,60032,3.9719018936157227,,,,,,,,,
939,0.22500000000000003,0.22500000000000003,DAD,0.21480131149291992,60096,3.9716930389404297,,,,,,,,,
940,0.22500000000000003,0.22500000000000003,DAD,0.21379733085632324,60160,3.9721364974975586,,,,,,,,,
941,0.22500000000000003,0.22500000000000003,DAD,0.2141435146331787,60224,3.9723424911499023,,,,,,,,,
942,0.22500000000000003,0.22500000000000003,DAD,0.21380281448364258,60288,3.9722044467926025,,,,,,,,,
943,0.22500000000000003,0.22500000000000003,DAD,0.21379375457763672,60352,3.972256898880005,,,,,,,,,
944,0.22500000000000003,0.22500000000000003,DAD,0.21342802047729492,60416,3.9723851680755615,,,,,,,,,
945,0.22500000000000003,0.22500000000000003,DAD,0.21388697624206543,60480,3.972742795944214,,,,,,,,,
946,0.22500000000000003,0.22500000000000003,DAD,0.21367216110229492,60544,3.972484588623047,,,,,,,,,
947,0.22500000000000003,0.22500000000000003,DAD,0.21362900733947754,60608,3.973029136657715,,,,,,,,,
948,0.22500000000000003,0.22500000000000003,DAD,0.21375322341918945,60672,3.972940444946289,,,,,,,,,
949,0.22500000000000003,0.22500000000000003,DAD,0.21395087242126465,60736,3.9727067947387695,,,,,,,,,
950,0.22500000000000003,0.22500000000000003,DAD,0.2137281894683838,60800,3.9728970527648926,0.22500000000000006,2,0.5350892933498348,0.015625,0.0,1,0.0,0.22500000000000006,0
951,0.22500000000000003,0.22500000000000003,DAD,0.2139575481414795,60864,3.973334312438965,,,,,,,,,
952,0.22500000000000003,0.22500000000000003,DAD,0.21366381645202637,60928,3.973047971725464,,,,,,,,,
953,0.22500000000000003,0.22500000000000003,DAD,0.21384072303771973,60992,3.9732069969177246,,,,,,,,,
954,0.22500000000000003,0.22500000000000003,DAD,0.21425700187683105,61056,3.9734702110290527,,,,,,,,,
955,0.22500000000000003,0.22500000000000003,DAD,0.21464753150939941,61120,3.9731266498565674,,,,,,,,,
956,0.22500000000000003,0.22500000000000003,DAD,0.2140955924987793,61184,3.9736297130584717,,,,,,,,,
957,0.22500000000000003,0.22500000000000003,DAD,0.21377778053283691,61248,3.97356915473938,,,,,,,,,
958,0.22500000000000003,0.22500000000000003,DAD,0.21336722373962402,61312,3.9738078117370605,,,,,,,,,
959,0.22500000000000003,0.22500000000000003,DAD,0.2134242057800293,61376,3.97361421585083,,,,,,,,,
960,0.22500000000000003,0.22500000000000003,DAD,0.21343636512756348,61440,3.9737002849578857,,,,,,,,,
961,0.22500000000000003,0.22500000000000003,DAD,0.21349811553955078,61504,3.9736404418945312,,,,,,,,,
962,0.22500000000000003,0.22500000000000003,DAD,0.2137000560760498,61568,3.97371244430542,,,,,,,,,
963,0.22500000000000003,0.22500000000000003,DAD,0.2146003246307373,61632,3.9737913608551025,,,,,,,,,
964,0.22500000000000003,0.22500000000000003,DAD,0.21416974067687988,61696,3.973733901977539,,,,,,,,,
965,0.22500000000000003,0.22500000000000003,DAD,0.2138195037841797,61760,3.9735755920410156,,,,,,,,,
966,0.22500000000000003,0.22500000000000003,DAD,0.21396279335021973,61824,3.9738221168518066,,,,,,,,,
967,0.22500000000000003,0.22500000000000003,DAD,0.21365046501159668,61888,3.9737391471862793,,,,,,,,,
968,0.22500000000000003,0.22500000000000003,DAD,0.21423101425170898,61952,3.9737963676452637,,,,,,,,,
969,0.22500000000000003,0.22500000000000003,DAD,0.21381783485412598,62016,3.9737112522125244,,,,,,,,,
970,0.22500000000000003,0.22500000000000003,DAD,0.21378207206726074,62080,3.973738193511963,,,,,,,,,
971,0.22500000000000003,0.22500000000000003,DAD,0.2138209342956543,62144,3.973860740661621,,,,,,,,,
972,0.22500000000000003,0.22500000000000003,DAD,0.21396565437316895,62208,3.97355318069458,,,,,,,,,
973,0.22500000000000003,0.22500000000000003,DAD,0.21411705017089844,62272,3.9738898277282715,,,,,,,,,
974,0.22500000000000003,0.22500000000000003,DAD,0.21443390846252441,62336,3.9736180305480957,,,,,,,,,
975,0.22500000000000003,0.22500000000000003,DAD,0.21388888359069824,62400,3.973600387573242,0.22500000000000006,4,1.052646097320377,0.03125,0.0,1,0.0,0.22500000000000006,0
976,0.22500000000000003,0.22500000000000003,DAD,0.21424460411071777,62464,3.9739747047424316,,,,,,,,,
977,0.22500000000000003,0.22500000000000003,DAD,0.21417450904846191,62528,3.9738211631774902,,,,,,,,,
978,0.22500000000000003,0.22500000000000003,DAD,0.21493029594421387,62592,3.973759412765503,,,,,,,,,
979,0.22500000000000003,0.22500000000000003,DAD,0.21417689323425293,62656,3.973707675933838,,,,,,,,,
980,0.22500000000000003,0.22500000000000003,DAD,0.2147045135498047,62720,3.973639726638794,,,,,,,,,
981,0.22500000000000003,0.22500000000000003,DAD,0.21391630172729492,62784,3.9734878540039062,,,,,,,,,
982,0.22500000000000003,0.22500000000000003,DAD,0.21426129341125488,62848,3.9735445976257324,,,,,,,,,
983,0.22500000000000003,0.22500000000000003,DAD,0.21424174308776855,62912,3.9734134674072266,,,,,,,,,
984,0.22500000000000003,0.22500000000000003,DAD,0.21437859535217285,62976,3.9734554290771484,,,,,,,,,
985,0.22500000000000003,0.22500000000000003,DAD,0.21459150314331055,63040,3.9731216430664062,,,,,,,,,
986,0.22500000000000003,0.22500000000000003,DAD,0.21422863006591797,63104,3.9729459285736084,,,,,,,,,
987,0.22500000000000003,0.22500000000000003,DAD,0.2141857147216797,63168,3.9729185104370117,,,,,,,,,
988,0.22500000000000003,0.22500000000000003,DAD,0.21420598030090332,63232,3.9729042053222656,,,,,,,,,
989,0.22500000000000003,0.22500000000000003,DAD,0.21380829811096191,63296,3.9724254608154297,,,,,,,,,
990,0.22500000000000003,0.22500000000000003,DAD,0.21445846557617188,63360,3.9727535247802734,,,,,,,,,
991,0.22500000000000003,0.22500000000000003,DAD,0.21402335166931152,63424,3.9726414680480957,,,,,,,,,
992,0.22500000000000003,0.22500000000000003,DAD,0.21482157707214355,63488,3.972853660583496,,,,,,,,,
993,0.22500000000000003,0.22500000000000003,DAD,0.21391606330871582,63552,3.9727883338928223,,,,,,,,,
994,0.22500000000000003,0.22500000000000003,DAD,0.21404123306274414,63616,3.972604751586914,,,,,,,,,
995,0.22500000000000003,0.22500000000000003,DAD,0.21383357048034668,63680,3.973158836364746,,,,,,,,,
996,0.22500000000000003,0.22500000000000003,DAD,0.2142016887664795,63744,3.972616195678711,,,,,,,,,
997,0.22500000000000003,0.22500000000000003,DAD,0.21394896507263184,63808,3.972585678100586,,,,,,,,,
998,0.22500000000000003,0.22500000000000003,DAD,0.21399664878845215,63872,3.9722909927368164,,,,,,,,,
999,0.22500000000000003,0.22500000000000003,DAD,0.21425580978393555,63936,3.9723427295684814,,,,,,,,,
1000,0.22500000000000003,0.22500000000000003,DAD,0.2137916088104248,64000,3.972071647644043,0.22500000000000006,3,1.0491152845136429,0.0234375,0.0,1,0.0,0.22500000000000006,0
