update,mean_train_u_ctrl,mean_train_control_cost,method,update_seconds,trajectories_sampled,policy_entropy,validation_mean_u_ctrl,validation_mean_mocu,validation_n_unique_sequences,validation_sequence_entropy,validation_unique_frac,validation_under_control_rate,validation_valid,validation_mean_shortfall,validation_checkpoint_score,validation_meets_unique_floor
1,0.2503125071525574,0.2503125071525574,DAD,0.23843908309936523,64,3.374574661254883,,,,,,,,,,
2,0.24187499284744263,0.24812498688697815,DAD,0.026331186294555664,128,3.3734130859375,,,,,,,,,,
3,0.24375000596046448,0.24375000596046448,DAD,0.03281426429748535,192,3.3726391792297363,,,,,,,,,,
4,0.24328123033046722,0.24328123033046722,DAD,0.019923925399780273,256,3.3709936141967773,,,,,,,,,,
5,0.24890625476837158,0.24890625476837158,DAD,0.01868271827697754,320,3.368398666381836,,,,,,,,,,
6,0.23484376072883606,0.23484376072883606,DAD,0.021351337432861328,384,3.365577459335327,,,,,,,,,,
7,0.24609375,0.24609375,DAD,0.022084951400756836,448,3.3619942665100098,,,,,,,,,,
8,0.24000000953674316,0.24000000953674316,DAD,0.0248110294342041,512,3.3572092056274414,,,,,,,,,,
9,0.24890625476837158,0.24890625476837158,DAD,0.027606487274169922,576,3.352693557739258,,,,,,,,,,
10,0.2381249964237213,0.2381249964237213,DAD,0.02505660057067871,640,3.3475112915039062,,,,,,,,,,
11,0.2549999952316284,0.2549999952316284,DAD,0.037039756774902344,704,3.341460704803467,,,,,,,,,,
12,0.23156249523162842,0.23156249523162842,DAD,0.020389318466186523,768,3.336951732635498,,,,,,,,,,
13,0.24187502264976501,0.24187502264976501,DAD,0.018364429473876953,832,3.330181360244751,,,,,,,,,,
14,0.24375000596046448,0.24375000596046448,DAD,0.015560388565063477,896,3.323258638381958,,,,,,,,,,
15,0.2503125071525574,0.2503125071525574,DAD,0.015283823013305664,960,3.3169302940368652,,,,,,,,,,
16,0.25453123450279236,0.25453123450279236,DAD,0.017711639404296875,1024,3.3100132942199707,,,,,,,,,,
17,0.2395312488079071,0.2395312488079071,DAD,0.01869058609008789,1088,3.302217960357666,,,,,,,,,,
18,0.23671874403953552,0.25703126192092896,DAD,0.019730567932128906,1152,3.2924022674560547,,,,,,,,,,
19,0.24187502264976501,0.24187502264976501,DAD,0.01817011833190918,1216,3.284719705581665,,,,,,,,,,
20,0.23906250298023224,0.23906250298023224,DAD,0.01844334602355957,1280,3.2745018005371094,,,,,,,,,,
21,0.23343750834465027,0.23343750834465027,DAD,0.01647782325744629,1344,3.2642641067504883,,,,,,,,,,
22,0.22874999046325684,0.22874999046325684,DAD,0.019739151000976562,1408,3.2560040950775146,,,,,,,,,,
23,0.23906248807907104,0.23906248807907104,DAD,0.01788640022277832,1472,3.24316143989563,,,,,,,,,,
24,0.234375,0.234375,DAD,0.03316044807434082,1536,3.2302584648132324,,,,,,,,,,
25,0.23999999463558197,0.23999999463558197,DAD,0.01645970344543457,1600,3.216050148010254,0.205078125,0.08882812500000001,1,-0.0,0.0078125,0.0,1,0.0,0.08882812500000001,0
26,0.23250000178813934,0.23250000178813934,DAD,0.01755809783935547,1664,3.1994996070861816,,,,,,,,,,
27,0.23484374582767487,0.23484374582767487,DAD,0.020277738571166992,1728,3.184910774230957,,,,,,,,,,
28,0.22359374165534973,0.22359374165534973,DAD,0.017849445343017578,1792,3.167696475982666,,,,,,,,,,
29,0.21656250953674316,0.21656250953674316,DAD,0.019834041595458984,1856,3.1483163833618164,,,,,,,,,,
30,0.23015624284744263,0.23015624284744263,DAD,0.021477937698364258,1920,3.1273841857910156,,,,,,,,,,
31,0.22312501072883606,0.22312501072883606,DAD,0.01941657066345215,1984,3.1075544357299805,,,,,,,,,,
32,0.2160937488079071,0.2160937488079071,DAD,0.018238544464111328,2048,3.0855565071105957,,,,,,,,,,
33,0.2278124988079071,0.2278124988079071,DAD,0.02740001678466797,2112,3.0645525455474854,,,,,,,,,,
34,0.22828125953674316,0.22828125953674316,DAD,0.023736238479614258,2176,3.041132926940918,,,,,,,,,,
35,0.2240624874830246,0.2240624874830246,DAD,0.022776365280151367,2240,3.017350673675537,,,,,,,,,,
36,0.21984374523162842,0.21984374523162842,DAD,0.020575761795043945,2304,2.9878320693969727,,,,,,,,,,
37,0.22359374165534973,0.22359374165534973,DAD,0.020447254180908203,2368,2.972957134246826,,,,,,,,,,
38,0.2057812511920929,0.2057812511920929,DAD,0.01877117156982422,2432,2.9348621368408203,,,,,,,,,,
39,0.21703124046325684,0.21703124046325684,DAD,0.02132701873779297,2496,2.9092185497283936,,,,,,,,,,
40,0.1940625011920929,0.1940625011920929,DAD,0.019352436065673828,2560,2.8754100799560547,,,,,,,,,,
41,0.21000000834465027,0.21000000834465027,DAD,0.024945735931396484,2624,2.8469746112823486,,,,,,,,,,
42,0.21843750774860382,0.21843750774860382,DAD,0.022105693817138672,2688,2.8109073638916016,,,,,,,,,,
43,0.22453126311302185,0.22453126311302185,DAD,0.020661592483520508,2752,2.776195526123047,,,,,,,,,,
44,0.21421873569488525,0.21421873569488525,DAD,0.019438505172729492,2816,2.7404394149780273,,,,,,,,,,
45,0.21703127026557922,0.21703127026557922,DAD,0.017283916473388672,2880,2.695925712585449,,,,,,,,,,
46,0.19593751430511475,0.19593751430511475,DAD,0.01858997344970703,2944,2.6556124687194824,,,,,,,,,,
47,0.2043749988079071,0.2043749988079071,DAD,0.019746065139770508,3008,2.6199727058410645,,,,,,,,,,
48,0.22312501072883606,0.22312501072883606,DAD,0.01948404312133789,3072,2.6058318614959717,,,,,,,,,,
49,0.2175000011920929,0.2175000011920929,DAD,0.017400026321411133,3136,2.5269322395324707,,,,,,,,,,
50,0.20390625298023224,0.20390625298023224,DAD,0.022334814071655273,3200,2.4906437397003174,0.205078125,0.08882812500000001,1,-0.0,0.0078125,0.0,1,0.0,0.08882812500000001,0
51,0.21187499165534973,0.21187499165534973,DAD,0.02221512794494629,3264,2.463517665863037,,,,,,,,,,
52,0.21421876549720764,0.21421876549720764,DAD,0.020342588424682617,3328,2.400272846221924,,,,,,,,,,
53,0.1940625011920929,0.1940625011920929,DAD,0.023450374603271484,3392,2.3543386459350586,,,,,,,,,,
54,0.20906250178813934,0.20906250178813934,DAD,0.025094985961914062,3456,2.3066227436065674,,,,,,,,,,
55,0.19875000417232513,0.19875000417232513,DAD,0.02256298065185547,3520,2.267536163330078,,,,,,,,,,
56,0.2123437523841858,0.2123437523841858,DAD,0.02236008644104004,3584,2.2523353099823,,,,,,,,,,
57,0.2029687464237213,0.2029687464237213,DAD,0.020627260208129883,3648,2.219290018081665,,,,,,,,,,
58,0.20625001192092896,0.20625001192092896,DAD,0.018756389617919922,3712,2.2239861488342285,,,,,,,,,,
59,0.1875000149011612,0.1875000149011612,DAD,0.04353785514831543,3776,2.1617259979248047,,,,,,,,,,
60,0.21187500655651093,0.21187500655651093,DAD,0.022626638412475586,3840,2.10172700881958,,,,,,,,,,
61,0.1978124976158142,0.1978124976158142,DAD,0.02166152000427246,3904,2.0889203548431396,,,,,,,,,,
62,0.2095312476158142,0.2095312476158142,DAD,0.021451950073242188,3968,2.0493345260620117,,,,,,,,,,
63,0.17765626311302185,0.17765626311302185,DAD,0.021027326583862305,4032,2.0645995140075684,,,,,,,,,,
64,0.19828124344348907,0.19828124344348907,DAD,0.0215909481048584,4096,1.9746290445327759,,,,,,,,,,
65,0.1954687535762787,0.1954687535762787,DAD,0.019275426864624023,4160,2.003723621368408,,,,,,,,,,
66,0.21796876192092896,0.21796876192092896,DAD,0.019355058670043945,4224,1.9170022010803223,,,,,,,,,,
67,0.21281251311302185,0.21281251311302185,DAD,0.01598048210144043,4288,2.037753105163574,,,,,,,,,,
68,0.19828125834465027,0.19828125834465027,DAD,0.014484643936157227,4352,2.0102462768554688,,,,,,,,,,
69,0.20250001549720764,0.20250001549720764,DAD,0.014492988586425781,4416,2.031099796295166,,,,,,,,,,
70,0.19031250476837158,0.19031250476837158,DAD,0.014497518539428711,4480,2.001199960708618,,,,,,,,,,
71,0.20999999344348907,0.20999999344348907,DAD,0.014755010604858398,4544,1.951826572418213,,,,,,,,,,
72,0.19312500953674316,0.19312500953674316,DAD,0.01680898666381836,4608,1.9813027381896973,,,,,,,,,,
73,0.20484375953674316,0.20484375953674316,DAD,0.01976156234741211,4672,1.949084997177124,,,,,,,,,,
74,0.21046875417232513,0.21046875417232513,DAD,0.01681828498840332,4736,1.9466311931610107,,,,,,,,,,
75,0.1978124976158142,0.1978124976158142,DAD,0.015757322311401367,4800,1.9315049648284912,0.20296875,0.08671875000000001,1,-0.0,0.0078125,0.0,1,0.0,0.08671875000000001,0
76,0.19640624523162842,0.19640624523162842,DAD,0.017339468002319336,4864,1.912611722946167,,,,,,,,,,
77,0.19031250476837158,0.19031250476837158,DAD,0.01717352867126465,4928,1.9249212741851807,,,,,,,,,,
78,0.19171875715255737,0.19171875715255737,DAD,0.014965057373046875,4992,1.940173625946045,,,,,,,,,,
79,0.20484374463558197,0.20484374463558197,DAD,0.01487874984741211,5056,1.9407709836959839,,,,,,,,,,
80,0.20390625298023224,0.20390625298023224,DAD,0.017075777053833008,5120,1.8934409618377686,,,,,,,,,,
81,0.19312500953674316,0.19312500953674316,DAD,0.019463539123535156,5184,1.8663852214813232,,,,,,,,,,
82,0.19828125834465027,0.19828125834465027,DAD,0.020074129104614258,5248,1.8485445976257324,,,,,,,,,,
83,0.20156249403953552,0.20156249403953552,DAD,0.025444746017456055,5312,1.9117627143859863,,,,,,,,,,
84,0.20156249403953552,0.20156249403953552,DAD,0.023661136627197266,5376,1.8973195552825928,,,,,,,,,,
85,0.19734375178813934,0.19734375178813934,DAD,0.023653745651245117,5440,2.013906717300415,,,,,,,,,,
86,0.1926562637090683,0.1926562637090683,DAD,0.020385026931762695,5504,1.8963828086853027,,,,,,,,,,
87,0.1940625011920929,0.1940625011920929,DAD,0.0174713134765625,5568,1.8344253301620483,,,,,,,,,,
88,0.2095312476158142,0.2095312476158142,DAD,0.02420186996459961,5632,1.9569735527038574,,,,,,,,,,
89,0.2071875035762787,0.2071875035762787,DAD,0.017925739288330078,5696,1.8804223537445068,,,,,,,,,,
90,0.20015624165534973,0.20015624165534973,DAD,0.024662494659423828,5760,1.9781521558761597,,,,,,,,,,
91,0.18937501311302185,0.18937501311302185,DAD,0.04086637496948242,5824,1.8914268016815186,,,,,,,,,,
92,0.19734375178813934,0.19734375178813934,DAD,0.01853036880493164,5888,1.8903732299804688,,,,,,,,,,
93,0.2109375,0.2109375,DAD,0.016892671585083008,5952,1.8228533267974854,,,,,,,,,,
94,0.20015625655651093,0.20015625655651093,DAD,0.021029949188232422,6016,1.8510425090789795,,,,,,,,,,
95,0.20109373331069946,0.20109373331069946,DAD,0.018890857696533203,6080,1.7382686138153076,,,,,,,,,,
96,0.19453124701976776,0.19453124701976776,DAD,0.021249055862426758,6144,1.865244746208191,,,,,,,,,,
97,0.2006250023841858,0.2006250023841858,DAD,0.016214609146118164,6208,1.8477802276611328,,,,,,,,,,
98,0.20109374821186066,0.20109374821186066,DAD,0.015619039535522461,6272,1.880422830581665,,,,,,,,,,
99,0.1940625011920929,0.1940625011920929,DAD,0.01981067657470703,6336,1.8175647258758545,,,,,,,,,,
100,0.1940625011920929,0.1940625011920929,DAD,0.020219802856445312,6400,1.7755122184753418,0.196171875,0.079921875,1,-0.0,0.0078125,0.0,1,0.0,0.079921875,0
101,0.19078125059604645,0.19078125059604645,DAD,0.017343759536743164,6464,1.8047256469726562,,,,,,,,,,
102,0.20671874284744263,0.20671874284744263,DAD,0.01981186866760254,6528,1.7832328081130981,,,,,,,,,,
103,0.1926562488079071,0.1926562488079071,DAD,0.017943859100341797,6592,1.8222744464874268,,,,,,,,,,
104,0.2020312398672104,0.2020312398672104,DAD,0.018028736114501953,6656,1.8093899488449097,,,,,,,,,,
105,0.20625001192092896,0.20625001192092896,DAD,0.02081131935119629,6720,1.7329280376434326,,,,,,,,,,
106,0.20109376311302185,0.20109376311302185,DAD,0.01936960220336914,6784,1.7389061450958252,,,,,,,,,,
107,0.20531250536441803,0.20531250536441803,DAD,0.0172879695892334,6848,1.7333130836486816,,,,,,,,,,
108,0.1926562488079071,0.1926562488079071,DAD,0.015824317932128906,6912,1.6327171325683594,,,,,,,,,,
109,0.18328125774860382,0.18328125774860382,DAD,0.017786264419555664,6976,1.6115729808807373,,,,,,,,,,
110,0.1860937625169754,0.1860937625169754,DAD,0.01605820655822754,7040,1.663095235824585,,,,,,,,,,
111,0.1926562488079071,0.1926562488079071,DAD,0.0191802978515625,7104,1.6384193897247314,,,,,,,,,,
112,0.18515625596046448,0.18515625596046448,DAD,0.018769264221191406,7168,1.6108943223953247,,,,,,,,,,
113,0.1889062523841858,0.1889062523841858,DAD,0.020649433135986328,7232,1.5147278308868408,,,,,,,,,,
114,0.20156249403953552,0.20156249403953552,DAD,0.01657581329345703,7296,1.6424124240875244,,,,,,,,,,
115,0.2029687464237213,0.2029687464237213,DAD,0.015081167221069336,7360,1.6438266038894653,,,,,,,,,,
116,0.2029687464237213,0.2029687464237213,DAD,0.015043258666992188,7424,1.6981561183929443,,,,,,,,,,
117,0.19968749582767487,0.19968749582767487,DAD,0.01485300064086914,7488,1.6297285556793213,,,,,,,,,,
118,0.20250000059604645,0.20250000059604645,DAD,0.017577171325683594,7552,1.5478309392929077,,,,,,,,,,
119,0.1889062523841858,0.1889062523841858,DAD,0.01550602912902832,7616,1.5108444690704346,,,,,,,,,,
120,0.19499999284744263,0.19499999284744263,DAD,0.01865983009338379,7680,1.5380160808563232,,,,,,,,,,
121,0.2057812511920929,0.2057812511920929,DAD,0.018944501876831055,7744,1.6879870891571045,,,,,,,,,,
122,0.21656249463558197,0.21656249463558197,DAD,0.017820358276367188,7808,1.6075592041015625,,,,,,,,,,
123,0.2043749988079071,0.2043749988079071,DAD,0.030179500579833984,7872,1.582850456237793,,,,,,,,,,
124,0.19453126192092896,0.19453126192092896,DAD,0.02223038673400879,7936,1.6998395919799805,,,,,,,,,,
125,0.18281249701976776,0.18281249701976776,DAD,0.02040863037109375,8000,1.6364531517028809,0.196171875,0.079921875,1,-0.0,0.0078125,0.0,1,0.0,0.079921875,0
126,0.19687500596046448,0.19687500596046448,DAD,0.017676830291748047,8064,1.694722056388855,,,,,,,,,,
127,0.19828124344348907,0.19828124344348907,DAD,0.01968526840209961,8128,1.6902782917022705,,,,,,,,,,
128,0.19968751072883606,0.19968751072883606,DAD,0.02199244499206543,8192,1.725569725036621,,,,,,,,,,
129,0.1940625011920929,0.1940625011920929,DAD,0.020290136337280273,8256,1.6734490394592285,,,,,,,,,,
130,0.19500000774860382,0.19500000774860382,DAD,0.02315068244934082,8320,1.6600996255874634,,,,,,,,,,
131,0.19218750298023224,0.19218750298023224,DAD,0.021276473999023438,8384,1.7194942235946655,,,,,,,,,,
132,0.20531250536441803,0.20531250536441803,DAD,0.019243478775024414,8448,1.753105640411377,,,,,,,,,,
133,0.19828125834465027,0.19828125834465027,DAD,0.028494596481323242,8512,1.7203235626220703,,,,,,,,,,
134,0.18937501311302185,0.18937501311302185,DAD,0.022776126861572266,8576,1.586404800415039,,,,,,,,,,
135,0.20531250536441803,0.20531250536441803,DAD,0.017581939697265625,8640,1.5644320249557495,,,,,,,,,,
136,0.1940625011920929,0.1940625011920929,DAD,0.019669771194458008,8704,1.6274076700210571,,,,,,,,,,
137,0.19921875,0.19921875,DAD,0.017209768295288086,8768,1.6527093648910522,,,,,,,,,,
138,0.19828125834465027,0.19828125834465027,DAD,0.017647266387939453,8832,1.6926324367523193,,,,,,,,,,
139,0.19359374046325684,0.19359374046325684,DAD,0.02477741241455078,8896,1.6866666078567505,,,,,,,,,,
140,0.20015625655651093,0.20015625655651093,DAD,0.023473262786865234,8960,1.6454980373382568,,,,,,,,,,
141,0.18703125417232513,0.18703125417232513,DAD,0.023922443389892578,9024,1.5954221487045288,,,,,,,,,,
142,0.19968749582767487,0.19968749582767487,DAD,0.024076461791992188,9088,1.5827622413635254,,,,,,,,,,
143,0.18281251192092896,0.18281251192092896,DAD,0.024072647094726562,9152,1.6717462539672852,,,,,,,,,,
144,0.18187499046325684,0.18187499046325684,DAD,0.024469614028930664,9216,1.6006027460098267,,,,,,,,,,
145,0.1771875023841858,0.1771875023841858,DAD,0.02502894401550293,9280,1.6154083013534546,,,,,,,,,,
146,0.19687500596046448,0.19687500596046448,DAD,0.023196697235107422,9344,1.57388174533844,,,,,,,,,,
147,0.20390625298023224,0.20390625298023224,DAD,0.023476123809814453,9408,1.615969181060791,,,,,,,,,,
148,0.18843749165534973,0.18843749165534973,DAD,0.021172761917114258,9472,1.6397701501846313,,,,,,,,,,
149,0.19453124701976776,0.19453124701976776,DAD,0.023947954177856445,9536,1.6225032806396484,,,,,,,,,,
150,0.18703123927116394,0.18703123927116394,DAD,0.018663883209228516,9600,1.5781817436218262,0.196171875,0.079921875,1,-0.0,0.0078125,0.0,1,0.0,0.079921875,0
151,0.1795312464237213,0.1795312464237213,DAD,0.015297651290893555,9664,1.5445976257324219,,,,,,,,,,
152,0.20203125476837158,0.20203125476837158,DAD,0.01724100112915039,9728,1.5482754707336426,,,,,,,,,,
153,0.20625001192092896,0.20625001192092896,DAD,0.016923189163208008,9792,1.5847454071044922,,,,,,,,,,
154,0.2006250023841858,0.2006250023841858,DAD,0.01607036590576172,9856,1.4601223468780518,,,,,,,,,,
155,0.2043749988079071,0.2043749988079071,DAD,0.015265464782714844,9920,1.511289119720459,,,,,,,,,,
156,0.1875,0.1875,DAD,0.01642894744873047,9984,1.5147926807403564,,,,,,,,,,
157,0.1889062523841858,0.1889062523841858,DAD,0.0160977840423584,10048,1.3418322801589966,,,,,,,,,,
158,0.19171875715255737,0.19171875715255737,DAD,0.016768217086791992,10112,1.4175496101379395,,,,,,,,,,
159,0.19218748807907104,0.19218748807907104,DAD,0.016794919967651367,10176,1.5401921272277832,,,,,,,,,,
160,0.19874998927116394,0.19874998927116394,DAD,0.016289472579956055,10240,1.5559074878692627,,,,,,,,,,
161,0.20015624165534973,0.20015624165534973,DAD,0.018436670303344727,10304,1.509867548942566,,,,,,,,,,
162,0.19921875,0.19921875,DAD,0.017305612564086914,10368,1.4638359546661377,,,,,,,,,,
163,0.19921875,0.19921875,DAD,0.018969297409057617,10432,1.455763339996338,,,,,,,,,,
164,0.21187500655651093,0.21187500655651093,DAD,0.01978278160095215,10496,1.5337287187576294,,,,,,,,,,
165,0.18515625596046448,0.18515625596046448,DAD,0.020718812942504883,10560,1.4679534435272217,,,,,,,,,,
166,0.20203125476837158,0.20203125476837158,DAD,0.024083852767944336,10624,1.4399733543395996,,,,,,,,,,
167,0.21187500655651093,0.21187500655651093,DAD,0.02187824249267578,10688,1.5259621143341064,,,,,,,,,,
168,0.1964062601327896,0.1964062601327896,DAD,0.02090907096862793,10752,1.4902417659759521,,,,,,,,,,
169,0.1940625011920929,0.1940625011920929,DAD,0.020022153854370117,10816,1.4621829986572266,,,,,,,,,,
170,0.18656249344348907,0.18656249344348907,DAD,0.024585485458374023,10880,1.5418407917022705,,,,,,,,,,
171,0.21375000476837158,0.21375000476837158,DAD,0.029432058334350586,10944,1.5032539367675781,,,,,,,,,,
172,0.19968751072883606,0.19968751072883606,DAD,0.029052019119262695,11008,1.4902396202087402,,,,,,,,,,
173,0.1875,0.1875,DAD,0.024210453033447266,11072,1.4328480958938599,,,,,,,,,,
174,0.19031250476837158,0.19031250476837158,DAD,0.023344755172729492,11136,1.4491405487060547,,,,,,,,,,
175,0.18843749165534973,0.18843749165534973,DAD,0.021193981170654297,11200,1.491077184677124,0.196171875,0.079921875,2,0.4938350966590116,0.015625,0.0,1,0.0,0.079921875,0
176,0.2123437523841858,0.2123437523841858,DAD,0.016640901565551758,11264,1.3134477138519287,,,,,,,,,,
177,0.20109376311302185,0.20109376311302185,DAD,0.01730942726135254,11328,1.2563201189041138,,,,,,,,,,
178,0.18703125417232513,0.18703125417232513,DAD,0.026128292083740234,11392,1.3485404253005981,,,,,,,,,,
179,0.1978124976158142,0.1978124976158142,DAD,0.02240610122680664,11456,1.3608880043029785,,,,,,,,,,
180,0.19312500953674316,0.19312500953674316,DAD,0.018787860870361328,11520,1.216017246246338,,,,,,,,,,
181,0.21375000476837158,0.21375000476837158,DAD,0.015522003173828125,11584,1.3562588691711426,,,,,,,,,,
182,0.1912500113248825,0.1912500113248825,DAD,0.01666712760925293,11648,1.2893600463867188,,,,,,,,,,
183,0.2109375,0.2109375,DAD,0.036360979080200195,11712,1.2826184034347534,,,,,,,,,,
184,0.20531249046325684,0.20531249046325684,DAD,0.015877723693847656,11776,1.4335135221481323,,,,,,,,,,
185,0.19171875715255737,0.19171875715255737,DAD,0.015545845031738281,11840,1.4315948486328125,,,,,,,,,,
186,0.1809374988079071,0.1809374988079071,DAD,0.017868995666503906,11904,1.3570512533187866,,,,,,,,,,
187,0.20812499523162842,0.20812499523162842,DAD,0.019895076751708984,11968,1.3955631256103516,,,,,,,,,,
188,0.20343750715255737,0.20343750715255737,DAD,0.016689062118530273,12032,1.4051201343536377,,,,,,,,,,
189,0.19312499463558197,0.19312499463558197,DAD,0.017241239547729492,12096,1.392973780632019,,,,,,,,,,
190,0.21046875417232513,0.21046875417232513,DAD,0.01800394058227539,12160,1.3414931297302246,,,,,,,,,,
191,0.19218748807907104,0.19218748807907104,DAD,0.024058103561401367,12224,1.3957371711730957,,,,,,,,,,
192,0.19078125059604645,0.19078125059604645,DAD,0.027890682220458984,12288,1.5274906158447266,,,,,,,,,,
193,0.19453124701976776,0.19453124701976776,DAD,0.026128292083740234,12352,1.4158005714416504,,,,,,,,,,
194,0.1940625011920929,0.1940625011920929,DAD,0.02171492576599121,12416,1.4907097816467285,,,,,,,,,,
195,0.18984375894069672,0.18984375894069672,DAD,0.03417611122131348,12480,1.445726990699768,,,,,,,,,,
196,0.18843750655651093,0.18843750655651093,DAD,0.0170896053314209,12544,1.408128023147583,,,,,,,,,,
197,0.1823437511920929,0.1823437511920929,DAD,0.017486572265625,12608,1.4462345838546753,,,,,,,,,,
198,0.19359375536441803,0.19359375536441803,DAD,0.024117708206176758,12672,1.3941514492034912,,,,,,,,,,
199,0.18468749523162842,0.18468749523162842,DAD,0.019142627716064453,12736,1.381155014038086,,,,,,,,,,
200,0.18421874940395355,0.19046874344348907,DAD,0.016243696212768555,12800,1.3308258056640625,0.19874999999999998,0.0825,1,-0.0,0.0078125,0.0,1,0.0,0.0825,0
201,0.18984374403953552,0.18984374403953552,DAD,0.015176534652709961,12864,1.4510194063186646,,,,,,,,,,
202,0.19218748807907104,0.19218748807907104,DAD,0.015125513076782227,12928,1.3879742622375488,,,,,,,,,,
203,0.19453124701976776,0.19453124701976776,DAD,0.015003681182861328,12992,1.4250344038009644,,,,,,,,,,
204,0.20765626430511475,0.20765626430511475,DAD,0.015185356140136719,13056,1.4124884605407715,,,,,,,,,,
205,0.19828125834465027,0.19828125834465027,DAD,0.014885187149047852,13120,1.441158652305603,,,,,,,,,,
206,0.1809374988079071,0.1809374988079071,DAD,0.014824390411376953,13184,1.397112250328064,,,,,,,,,,
207,0.19312500953674316,0.19312500953674316,DAD,0.0163877010345459,13248,1.3760616779327393,,,,,,,,,,
208,0.21421875059604645,0.21421875059604645,DAD,0.015119314193725586,13312,1.3997480869293213,,,,,,,,,,
209,0.1889062523841858,0.1889062523841858,DAD,0.01488041877746582,13376,1.3746156692504883,,,,,,,,,,
210,0.20765626430511475,0.20765626430511475,DAD,0.015001296997070312,13440,1.38972806930542,,,,,,,,,,
211,0.18984374403953552,0.18984374403953552,DAD,0.014864683151245117,13504,1.3936998844146729,,,,,,,,,,
212,0.19312500953674316,0.19312500953674316,DAD,0.015095710754394531,13568,1.3405486345291138,,,,,,,,,,
213,0.18515625596046448,0.18515625596046448,DAD,0.014844179153442383,13632,1.33649742603302,,,,,,,,,,
214,0.16593749821186066,0.17687499523162842,DAD,0.016765594482421875,13696,1.260661005973816,,,,,,,,,,
215,0.1926562488079071,0.1926562488079071,DAD,0.015169620513916016,13760,1.3424946069717407,,,,,,,,,,
216,0.19921875,0.19921875,DAD,0.014927864074707031,13824,1.2848970890045166,,,,,,,,,,
217,0.1809374988079071,0.1809374988079071,DAD,0.017353296279907227,13888,1.3188953399658203,,,,,,,,,,
218,0.19640624523162842,0.19640624523162842,DAD,0.018038272857666016,13952,1.253244400024414,,,,,,,,,,
219,0.18656249344348907,0.18656249344348907,DAD,0.01700568199157715,14016,1.2800332307815552,,,,,,,,,,
220,0.18140625953674316,0.18140625953674316,DAD,0.015216350555419922,14080,1.2163373231887817,,,,,,,,,,
221,0.18421874940395355,0.18421874940395355,DAD,0.01477670669555664,14144,1.251388430595398,,,,,,,,,,
222,0.1860937476158142,0.1860937476158142,DAD,0.014604806900024414,14208,1.2095353603363037,,,,,,,,,,
223,0.18468749523162842,0.18468749523162842,DAD,0.014646291732788086,14272,1.183328628540039,,,,,,,,,,
224,0.18515625596046448,0.18515625596046448,DAD,0.014722585678100586,14336,1.2489380836486816,,,,,,,,,,
225,0.19499999284744263,0.19499999284744263,DAD,0.014693737030029297,14400,1.3622382879257202,0.197578125,0.081328125,1,-0.0,0.0078125,0.0,1,0.0,0.081328125,0
226,0.20250001549720764,0.20250001549720764,DAD,0.014948129653930664,14464,1.277543544769287,,,,,,,,,,
227,0.18937501311302185,0.18937501311302185,DAD,0.015005826950073242,14528,1.1789135932922363,,,,,,,,,,
228,0.2160937339067459,0.2160937339067459,DAD,0.014964580535888672,14592,1.2893556356430054,,,,,,,,,,
229,0.19359375536441803,0.19359375536441803,DAD,0.015042543411254883,14656,1.223914623260498,,,,,,,,,,
230,0.19453126192092896,0.19453126192092896,DAD,0.014652013778686523,14720,1.2417669296264648,,,,,,,,,,
231,0.19593749940395355,0.19593749940395355,DAD,0.01503610610961914,14784,1.276082992553711,,,,,,,,,,
232,0.20531249046325684,0.20531249046325684,DAD,0.014858245849609375,14848,1.3232773542404175,,,,,,,,,,
233,0.17625001072883606,0.17625001072883606,DAD,0.014943122863769531,14912,1.325022578239441,,,,,,,,,,
234,0.19359374046325684,0.19359374046325684,DAD,0.01571512222290039,14976,1.250925898551941,,,,,,,,,,
235,0.17578125,0.17578125,DAD,0.015950441360473633,15040,1.235262155532837,,,,,,,,,,
236,0.1875,0.1875,DAD,0.014684200286865234,15104,1.2592856884002686,,,,,,,,,,
237,0.2029687464237213,0.2029687464237213,DAD,0.014465570449829102,15168,1.3080329895019531,,,,,,,,,,
238,0.19593751430511475,0.19593751430511475,DAD,0.014596223831176758,15232,1.2314295768737793,,,,,,,,,,
239,0.1926562488079071,0.1926562488079071,DAD,0.014703035354614258,15296,1.2003881931304932,,,,,,,,,,
240,0.20203125476837158,0.20203125476837158,DAD,0.01475214958190918,15360,1.2515379190444946,,,,,,,,,,
241,0.1889062523841858,0.1889062523841858,DAD,0.014694452285766602,15424,1.2366677522659302,,,,,,,,,,
242,0.20531250536441803,0.20531250536441803,DAD,0.014603614807128906,15488,1.2669587135314941,,,,,,,,,,
243,0.18796874582767487,0.18796874582767487,DAD,0.014641761779785156,15552,1.228583574295044,,,,,,,,,,
244,0.18843749165534973,0.18843749165534973,DAD,0.014700651168823242,15616,1.2492105960845947,,,,,,,,,,
245,0.19453124701976776,0.19453124701976776,DAD,0.014478683471679688,15680,1.2506195306777954,,,,,,,,,,
246,0.19875000417232513,0.19875000417232513,DAD,0.014644861221313477,15744,1.2612581253051758,,,,,,,,,,
247,0.1889062523841858,0.1889062523841858,DAD,0.014436006546020508,15808,1.2054080963134766,,,,,,,,,,
248,0.1940625011920929,0.1940625011920929,DAD,0.014887332916259766,15872,1.183650016784668,,,,,,,,,,
249,0.1837500035762787,0.1837500035762787,DAD,0.014592885971069336,15936,1.248117208480835,,,,,,,,,,
250,0.20531250536441803,0.20531250536441803,DAD,0.014812469482421875,16000,1.2364928722381592,0.19874999999999998,0.0825,1,-0.0,0.0078125,0.0,1,0.0,0.0825,0
251,0.20343750715255737,0.20343750715255737,DAD,0.014949560165405273,16064,1.2112938165664673,,,,,,,,,,
252,0.18984375894069672,0.18984375894069672,DAD,0.014694690704345703,16128,1.204615592956543,,,,,,,,,,
253,0.19828125834465027,0.19828125834465027,DAD,0.01453089714050293,16192,1.2297263145446777,,,,,,,,,,
254,0.18984374403953552,0.18984374403953552,DAD,0.01445627212524414,16256,1.2040905952453613,,,,,,,,,,
255,0.19593751430511475,0.19593751430511475,DAD,0.014527559280395508,16320,1.1697200536727905,,,,,,,,,,
256,0.18984374403953552,0.18984374403953552,DAD,0.01448369026184082,16384,1.190018892288208,,,,,,,,,,
257,0.18937499821186066,0.18937499821186066,DAD,0.014528512954711914,16448,1.2251845598220825,,,,,,,,,,
258,0.1954687535762787,0.1954687535762787,DAD,0.014820098876953125,16512,1.1725969314575195,,,,,,,,,,
259,0.19078126549720764,0.19078126549720764,DAD,0.014906167984008789,16576,1.121395230293274,,,,,,,,,,
260,0.18468749523162842,0.18468749523162842,DAD,0.014795780181884766,16640,1.1352989673614502,,,,,,,,,,
261,0.19734373688697815,0.19734373688697815,DAD,0.014492988586425781,16704,1.1505084037780762,,,,,,,,,,
262,0.19171875715255737,0.19171875715255737,DAD,0.015493631362915039,16768,1.2130935192108154,,,,,,,,,,
263,0.1978124976158142,0.1978124976158142,DAD,0.01611185073852539,16832,1.1260464191436768,,,,,,,,,,
264,0.19687500596046448,0.19687500596046448,DAD,0.014699697494506836,16896,1.1296441555023193,,,,,,,,,,
265,0.19499999284744263,0.19499999284744263,DAD,0.016127824783325195,16960,1.2343018054962158,,,,,,,,,,
266,0.18796876072883606,0.18796876072883606,DAD,0.014828920364379883,17024,1.2056763172149658,,,,,,,,,,
267,0.18656250834465027,0.18656250834465027,DAD,0.014885187149047852,17088,1.2279518842697144,,,,,,,,,,
268,0.19921875,0.19921875,DAD,0.01456594467163086,17152,1.1958203315734863,,,,,,,,,,
269,0.19828125834465027,0.19828125834465027,DAD,0.01514124870300293,17216,1.2051892280578613,,,,,,,,,,
270,0.20156250894069672,0.20156250894069672,DAD,0.01610541343688965,17280,1.1310471296310425,,,,,,,,,,
271,0.19875000417232513,0.19875000417232513,DAD,0.014684438705444336,17344,1.1887845993041992,,,,,,,,,,
272,0.2006250023841858,0.2006250023841858,DAD,0.014810562133789062,17408,1.239654779434204,,,,,,,,,,
273,0.1823437511920929,0.1823437511920929,DAD,0.014475584030151367,17472,1.1990296840667725,,,,,,,,,,
274,0.20343749225139618,0.20343749225139618,DAD,0.014522790908813477,17536,1.2205188274383545,,,,,,,,,,
275,0.1860937476158142,0.1860937476158142,DAD,0.014631986618041992,17600,1.2436847686767578,0.197578125,0.081328125,1,-0.0,0.0078125,0.0,1,0.0,0.081328125,0
276,0.2029687464237213,0.2029687464237213,DAD,0.014909982681274414,17664,1.2734410762786865,,,,,,,,,,
277,0.20484374463558197,0.20484374463558197,DAD,0.014679431915283203,17728,1.1966310739517212,,,,,,,,,,
278,0.19921875,0.19921875,DAD,0.014800786972045898,17792,1.287722110748291,,,,,,,,,,
279,0.19734375178813934,0.19734375178813934,DAD,0.014613628387451172,17856,1.2840501070022583,,,,,,,,,,
280,0.19875000417232513,0.19875000417232513,DAD,0.014550447463989258,17920,1.2653539180755615,,,,,,,,,,
281,0.19453124701976776,0.19453124701976776,DAD,0.014474630355834961,17984,1.2618670463562012,,,,,,,,,,
282,0.21328124403953552,0.21328124403953552,DAD,0.014485836029052734,18048,1.2573261260986328,,,,,,,,,,
283,0.17906250059604645,0.17906250059604645,DAD,0.014729499816894531,18112,1.2408632040023804,,,,,,,,,,
284,0.17906250059604645,0.17906250059604645,DAD,0.014750003814697266,18176,1.2720952033996582,,,,,,,,,,
285,0.19078125059604645,0.19078125059604645,DAD,0.014752388000488281,18240,1.1467427015304565,,,,,,,,,,
286,0.20203125476837158,0.20203125476837158,DAD,0.014487028121948242,18304,1.2002761363983154,,,,,,,,,,
287,0.2006250023841858,0.2006250023841858,DAD,0.014661312103271484,18368,1.1801623106002808,,,,,,,,,,
288,0.19453124701976776,0.19453124701976776,DAD,0.014671087265014648,18432,1.2092407941818237,,,,,,,,,,
289,0.19078125059604645,0.19078125059604645,DAD,0.01444101333618164,18496,1.274622917175293,,,,,,,,,,
290,0.2006250023841858,0.2006250023841858,DAD,0.015348196029663086,18560,1.1827493906021118,,,,,,,,,,
291,0.18328124284744263,0.18328124284744263,DAD,0.015369653701782227,18624,1.2195851802825928,,,,,,,,,,
292,0.18843750655651093,0.18843750655651093,DAD,0.015094995498657227,18688,1.203432321548462,,,,,,,,,,
293,0.19312499463558197,0.19312499463558197,DAD,0.014994621276855469,18752,1.1937596797943115,,,,,,,,,,
294,0.20671874284744263,0.20671874284744263,DAD,0.01657891273498535,18816,1.1853810548782349,,,,,,,,,,
295,0.2029687464237213,0.2029687464237213,DAD,0.02988290786743164,18880,1.2387077808380127,,,,,,,,,,
296,0.1978124976158142,0.1978124976158142,DAD,0.023310184478759766,18944,1.2451270818710327,,,,,,,,,,
297,0.1875,0.1875,DAD,0.02702498435974121,19008,1.2579659223556519,,,,,,,,,,
298,0.1940625011920929,0.1940625011920929,DAD,0.024948835372924805,19072,1.2053492069244385,,,,,,,,,,
299,0.1837500035762787,0.1837500035762787,DAD,0.020577430725097656,19136,1.256339430809021,,,,,,,,,,
300,0.20156249403953552,0.20156249403953552,DAD,0.01986098289489746,19200,1.180727481842041,0.195234375,0.07898437500000002,1,-0.0,0.0078125,0.0,1,0.0,0.07898437500000002,0
301,0.2095312476158142,0.2095312476158142,DAD,0.015279769897460938,19264,1.2340216636657715,,,,,,,,,,
302,0.2071875035762787,0.2071875035762787,DAD,0.016484975814819336,19328,1.2441538572311401,,,,,,,,,,
303,0.19171875715255737,0.19171875715255737,DAD,0.0219573974609375,19392,1.1900551319122314,,,,,,,,,,
304,0.20484375953674316,0.20484375953674316,DAD,0.019123077392578125,19456,1.1725397109985352,,,,,,,,,,
305,0.19031250476837158,0.19031250476837158,DAD,0.017177104949951172,19520,1.1938362121582031,,,,,,,,,,
306,0.20671874284744263,0.20671874284744263,DAD,0.021463394165039062,19584,1.0946674346923828,,,,,,,,,,
307,0.18656250834465027,0.18656250834465027,DAD,0.02012801170349121,19648,1.2000077962875366,,,,,,,,,,
308,0.1875,0.1875,DAD,0.02746295928955078,19712,1.166170597076416,,,,,,,,,,
309,0.19171875715255737,0.19171875715255737,DAD,0.022563457489013672,19776,1.1605297327041626,,,,,,,,,,
310,0.20531249046325684,0.20531249046325684,DAD,0.021732330322265625,19840,1.1392219066619873,,,,,,,,,,
311,0.19921875,0.19921875,DAD,0.020271778106689453,19904,1.112976312637329,,,,,,,,,,
312,0.1926562488079071,0.1926562488079071,DAD,0.021692276000976562,19968,1.0886372327804565,,,,,,,,,,
313,0.2071875035762787,0.2071875035762787,DAD,0.02401590347290039,20032,1.1330692768096924,,,,,,,,,,
314,0.2095312476158142,0.2095312476158142,DAD,0.021776199340820312,20096,1.0803635120391846,,,,,,,,,,
315,0.19312499463558197,0.19312499463558197,DAD,0.023076295852661133,20160,1.1674233675003052,,,,,,,,,,
316,0.18984374403953552,0.18984374403953552,DAD,0.020754337310791016,20224,1.1295117139816284,,,,,,,,,,
317,0.20531249046325684,0.20531249046325684,DAD,0.025980234146118164,20288,1.1785519123077393,,,,,,,,,,
318,0.1823437511920929,0.1823437511920929,DAD,0.0208590030670166,20352,1.1123090982437134,,,,,,,,,,
319,0.1912499964237213,0.1912499964237213,DAD,0.019979476928710938,20416,1.0729594230651855,,,,,,,,,,
320,0.19171875715255737,0.19171875715255737,DAD,0.021063566207885742,20480,1.1154067516326904,,,,,,,,,,
321,0.2095312476158142,0.2095312476158142,DAD,0.018851757049560547,20544,1.0969443321228027,,,,,,,,,,
322,0.19593749940395355,0.19593749940395355,DAD,0.022072792053222656,20608,1.057072401046753,,,,,,,,,,
323,0.19453126192092896,0.19453126192092896,DAD,0.0223233699798584,20672,1.0648729801177979,,,,,,,,,,
324,0.1823437511920929,0.1823437511920929,DAD,0.022577762603759766,20736,1.1164194345474243,,,,,,,,,,
325,0.1875,0.1875,DAD,0.02418375015258789,20800,1.091073751449585,0.19804687499999998,0.08179687500000002,1,-0.0,0.0078125,0.0,1,0.0,0.08179687500000002,0
326,0.19968749582767487,0.19968749582767487,DAD,0.017337322235107422,20864,1.0577020645141602,,,,,,,,,,
327,0.17624999582767487,0.17624999582767487,DAD,0.01699995994567871,20928,1.109070062637329,,,,,,,,,,
328,0.21140624582767487,0.21140624582767487,DAD,0.022033214569091797,20992,1.0653784275054932,,,,,,,,,,
329,0.20250001549720764,0.20250001549720764,DAD,0.020634889602661133,21056,1.0768169164657593,,,,,,,,,,
330,0.2006250023841858,0.2006250023841858,DAD,0.04191422462463379,21120,1.1205322742462158,,,,,,,,,,
331,0.19921875,0.19921875,DAD,0.018101215362548828,21184,1.1216185092926025,,,,,,,,,,
332,0.18281251192092896,0.18281251192092896,DAD,0.019702434539794922,21248,1.141178846359253,,,,,,,,,,
333,0.18703123927116394,0.18703123927116394,DAD,0.027740478515625,21312,1.0826668739318848,,,,,,,,,,
334,0.19312499463558197,0.19312499463558197,DAD,0.017059326171875,21376,1.1248542070388794,,,,,,,,,,
335,0.2043749988079071,0.2043749988079071,DAD,0.016068220138549805,21440,1.0775355100631714,,,,,,,,,,
336,0.19828125834465027,0.19828125834465027,DAD,0.01872110366821289,21504,1.061201810836792,,,,,,,,,,
337,0.20390625298023224,0.20390625298023224,DAD,0.02492213249206543,21568,1.079378604888916,,,,,,,,,,
338,0.20625001192092896,0.20625001192092896,DAD,0.020217418670654297,21632,1.0938990116119385,,,,,,,,,,
339,0.18421873450279236,0.18421873450279236,DAD,0.02475881576538086,21696,1.1298785209655762,,,,,,,,,,
340,0.19499999284744263,0.19499999284744263,DAD,0.025191545486450195,21760,1.0277550220489502,,,,,,,,,,
341,0.1940625011920929,0.1940625011920929,DAD,0.017435312271118164,21824,1.0778640508651733,,,,,,,,,,
342,0.18937501311302185,0.18937501311302185,DAD,0.015333890914916992,21888,1.0827372074127197,,,,,,,,,,
343,0.1903124898672104,0.1903124898672104,DAD,0.01667952537536621,21952,1.067640781402588,,,,,,,,,,
344,0.19312499463558197,0.19312499463558197,DAD,0.015323638916015625,22016,1.0212211608886719,,,,,,,,,,
345,0.19031250476837158,0.19031250476837158,DAD,0.015273571014404297,22080,1.1148295402526855,,,,,,,,,,
346,0.18937501311302185,0.18937501311302185,DAD,0.018251419067382812,22144,1.105003833770752,,,,,,,,,,
347,0.19968751072883606,0.19968751072883606,DAD,0.016385793685913086,22208,1.1002508401870728,,,,,,,,,,
348,0.19687500596046448,0.19687500596046448,DAD,0.02102494239807129,22272,1.0760469436645508,,,,,,,,,,
349,0.1889062523841858,0.1889062523841858,DAD,0.021499156951904297,22336,1.0768866539001465,,,,,,,,,,
350,0.19453126192092896,0.19453126192092896,DAD,0.024790525436401367,22400,1.1588616371154785,0.196171875,0.079921875,1,-0.0,0.0078125,0.0,1,0.0,0.079921875,0
351,0.19968749582767487,0.19968749582767487,DAD,0.0170748233795166,22464,1.0856449604034424,,,,,,,,,,
352,0.1912499964237213,0.1912499964237213,DAD,0.018472671508789062,22528,1.1181515455245972,,,,,,,,,,
353,0.20390623807907104,0.20390623807907104,DAD,0.015527725219726562,22592,1.1112024784088135,,,,,,,,,,
354,0.18187502026557922,0.18187502026557922,DAD,0.019093751907348633,22656,1.1221272945404053,,,,,,,,,,
355,0.20484375953674316,0.20484375953674316,DAD,0.022489070892333984,22720,1.1149522066116333,,,,,,,,,,
356,0.18937499821186066,0.18937499821186066,DAD,0.01879286766052246,22784,1.1049290895462036,,,,,,,,,,
357,0.18187499046325684,0.18187499046325684,DAD,0.026142358779907227,22848,1.1337954998016357,,,,,,,,,,
358,0.19312500953674316,0.19312500953674316,DAD,0.021266698837280273,22912,1.0834250450134277,,,,,,,,,,
359,0.19874998927116394,0.19874998927116394,DAD,0.020762205123901367,22976,1.142564296722412,,,,,,,,,,
360,0.17296874523162842,0.17296874523162842,DAD,0.019800901412963867,23040,1.158075213432312,,,,,,,,,,
361,0.1795312464237213,0.1795312464237213,DAD,0.017439842224121094,23104,1.1198272705078125,,,,,,,,,,
362,0.18796876072883606,0.18796876072883606,DAD,0.01990365982055664,23168,1.157252311706543,,,,,,,,,,
363,0.19499999284744263,0.19499999284744263,DAD,0.020436763763427734,23232,1.0410617589950562,,,,,,,,,,
364,0.18046875298023224,0.18046875298023224,DAD,0.018166780471801758,23296,1.0638549327850342,,,,,,,,,,
365,0.18281249701976776,0.18281249701976776,DAD,0.014750003814697266,23360,1.0895791053771973,,,,,,,,,,
366,0.17765624821186066,0.17765624821186066,DAD,0.014638662338256836,23424,1.105743169784546,,,,,,,,,,
367,0.1771875023841858,0.1771875023841858,DAD,0.014635324478149414,23488,1.0798625946044922,,,,,,,,,,
368,0.19968749582767487,0.19968749582767487,DAD,0.01463460922241211,23552,1.0677268505096436,,,,,,,,,,
369,0.20906250178813934,0.20906250178813934,DAD,0.014792203903198242,23616,1.0815919637680054,,,,,,,,,,
370,0.20015624165534973,0.20015624165534973,DAD,0.014789104461669922,23680,1.108835220336914,,,,,,,,,,
371,0.18468749523162842,0.18468749523162842,DAD,0.014592647552490234,23744,1.1000630855560303,,,,,,,,,,
372,0.20812499523162842,0.20812499523162842,DAD,0.014842748641967773,23808,1.0263750553131104,,,,,,,,,,
373,0.19593749940395355,0.19593749940395355,DAD,0.014665603637695312,23872,1.0770740509033203,,,,,,,,,,
374,0.1875,0.1875,DAD,0.014640569686889648,23936,1.1099578142166138,,,,,,,,,,
375,0.20484374463558197,0.20484374463558197,DAD,0.014514923095703125,24000,0.995335042476654,0.19804687499999998,0.08179687500000002,1,-0.0,0.0078125,0.0,1,0.0,0.08179687500000002,0
376,0.19921875,0.19921875,DAD,0.014889955520629883,24064,1.0051511526107788,,,,,,,,,,
377,0.18843750655651093,0.18843750655651093,DAD,0.014515161514282227,24128,1.0495799779891968,,,,,,,,,,
378,0.19640624523162842,0.19640624523162842,DAD,0.014638423919677734,24192,1.1020209789276123,,,,,,,,,,
379,0.1954687535762787,0.1954687535762787,DAD,0.014451980590820312,24256,1.0357980728149414,,,,,,,,,,
380,0.2095312476158142,0.2095312476158142,DAD,0.014621973037719727,24320,0.9883262515068054,,,,,,,,,,
381,0.17296874523162842,0.17296874523162842,DAD,0.014543533325195312,24384,0.9726309180259705,,,,,,,,,,
382,0.1889062523841858,0.1889062523841858,DAD,0.014656543731689453,24448,1.0088242292404175,,,,,,,,,,
383,0.19453124701976776,0.19453124701976776,DAD,0.014549732208251953,24512,0.9667446613311768,,,,,,,,,,
384,0.20250001549720764,0.20250001549720764,DAD,0.014569997787475586,24576,0.9281472563743591,,,,,,,,,,
385,0.18140625953674316,0.18140625953674316,DAD,0.016454458236694336,24640,1.004429817199707,,,,,,,,,,
386,0.1860937476158142,0.1860937476158142,DAD,0.022250652313232422,24704,0.9609497785568237,,,,,,,,,,
387,0.18562498688697815,0.18562498688697815,DAD,0.028508424758911133,24768,0.9938631057739258,,,,,,,,,,
388,0.19171875715255737,0.19171875715255737,DAD,0.025714635848999023,24832,0.9765050411224365,,,,,,,,,,
389,0.19734376668930054,0.19734376668930054,DAD,0.020569801330566406,24896,0.9434113502502441,,,,,,,,,,
390,0.18328125774860382,0.18328125774860382,DAD,0.016977787017822266,24960,1.0379867553710938,,,,,,,,,,
391,0.1860937476158142,0.1860937476158142,DAD,0.01972508430480957,25024,0.943567156791687,,,,,,,,,,
392,0.1809374988079071,0.1809374988079071,DAD,0.01853466033935547,25088,0.9661930799484253,,,,,,,,,,
393,0.1903124898672104,0.1903124898672104,DAD,0.016838788986206055,25152,0.9473151564598083,,,,,,,,,,
394,0.1903124898672104,0.1903124898672104,DAD,0.016627788543701172,25216,0.9362269043922424,,,,,,,,,,
395,0.19687499105930328,0.19687499105930328,DAD,0.014925479888916016,25280,0.9285884499549866,,,,,,,,,,
396,0.18984374403953552,0.18984374403953552,DAD,0.014687299728393555,25344,0.9177025556564331,,,,,,,,,,
397,0.18046875298023224,0.18046875298023224,DAD,0.014675140380859375,25408,1.060248613357544,,,,,,,,,,
398,0.17859375476837158,0.17859375476837158,DAD,0.014686822891235352,25472,0.9690476059913635,,,,,,,,,,
399,0.19078125059604645,0.19078125059604645,DAD,0.014794349670410156,25536,1.0240013599395752,,,,,,,,,,
400,0.19312500953674316,0.19312500953674316,DAD,0.014640092849731445,25600,1.0122735500335693,0.19804687499999998,0.08179687500000002,1,-0.0,0.0078125,0.0,1,0.0,0.08179687500000002,0
401,0.1978124976158142,0.1978124976158142,DAD,0.014843463897705078,25664,0.9891291856765747,,,,,,,,,,
402,0.18140625953674316,0.18140625953674316,DAD,0.01457357406616211,25728,1.015052080154419,,,,,,,,,,
403,0.19593749940395355,0.19593749940395355,DAD,0.01448202133178711,25792,0.9651380777359009,,,,,,,,,,
404,0.19828125834465027,0.19828125834465027,DAD,0.01440286636352539,25856,1.0129414796829224,,,,,,,,,,
405,0.19921875,0.19921875,DAD,0.014586448669433594,25920,1.0360255241394043,,,,,,,,,,
406,0.20203125476837158,0.20203125476837158,DAD,0.014681339263916016,25984,1.0172288417816162,,,,,,,,,,
407,0.19828124344348907,0.19828124344348907,DAD,0.014554262161254883,26048,1.0445594787597656,,,,,,,,,,
408,0.19453126192092896,0.19453126192092896,DAD,0.014711380004882812,26112,1.0383617877960205,,,,,,,,,,
409,0.20109374821186066,0.20109374821186066,DAD,0.014557123184204102,26176,1.0710728168487549,,,,,,,,,,
410,0.19171875715255737,0.19171875715255737,DAD,0.014554262161254883,26240,1.0563204288482666,,,,,,,,,,
411,0.18796876072883606,0.18796876072883606,DAD,0.014816045761108398,26304,1.044407844543457,,,,,,,,,,
412,0.19218750298023224,0.19218750298023224,DAD,0.01472926139831543,26368,1.0409233570098877,,,,,,,,,,
413,0.19593749940395355,0.19593749940395355,DAD,0.014614582061767578,26432,1.0329480171203613,,,,,,,,,,
414,0.1940625011920929,0.1940625011920929,DAD,0.01463007926940918,26496,1.0564215183258057,,,,,,,,,,
415,0.1889062523841858,0.1889062523841858,DAD,0.014575004577636719,26560,1.104649543762207,,,,,,,,,,
416,0.19828124344348907,0.19828124344348907,DAD,0.014504432678222656,26624,1.1036888360977173,,,,,,,,,,
417,0.1940625011920929,0.1940625011920929,DAD,0.014702558517456055,26688,1.0766571760177612,,,,,,,,,,
418,0.1889062523841858,0.1889062523841858,DAD,0.01464223861694336,26752,1.0947763919830322,,,,,,,,,,
419,0.1823437511920929,0.1823437511920929,DAD,0.014650583267211914,26816,1.1194632053375244,,,,,,,,,,
420,0.18562500178813934,0.18562500178813934,DAD,0.014684915542602539,26880,1.0067899227142334,,,,,,,,,,
421,0.19828125834465027,0.19828125834465027,DAD,0.014549732208251953,26944,1.1014642715454102,,,,,,,,,,
422,0.19453123211860657,0.19453123211860657,DAD,0.014577627182006836,27008,1.0804409980773926,,,,,,,,,,
423,0.1926562488079071,0.1926562488079071,DAD,0.014446020126342773,27072,1.0899457931518555,,,,,,,,,,
424,0.18328125774860382,0.18328125774860382,DAD,0.014925718307495117,27136,1.0281333923339844,,,,,,,,,,
425,0.1875,0.1875,DAD,0.014808416366577148,27200,1.011693000793457,0.19804687499999998,0.08179687500000002,1,-0.0,0.0078125,0.0,1,0.0,0.08179687500000002,0
426,0.17906250059604645,0.17906250059604645,DAD,0.014881134033203125,27264,1.0984971523284912,,,,,,,,,,
427,0.19218750298023224,0.19218750298023224,DAD,0.015089988708496094,27328,1.0447142124176025,,,,,,,,,,
428,0.1978124976158142,0.1978124976158142,DAD,0.014792919158935547,27392,1.0615592002868652,,,,,,,,,,
429,0.19359374046325684,0.19359374046325684,DAD,0.014617681503295898,27456,1.0561188459396362,,,,,,,,,,
430,0.19921875,0.19921875,DAD,0.014702081680297852,27520,1.0928889513015747,,,,,,,,,,
431,0.1940625011920929,0.1940625011920929,DAD,0.014695882797241211,27584,1.0361515283584595,,,,,,,,,,
432,0.20109374821186066,0.20109374821186066,DAD,0.014711856842041016,27648,1.061336874961853,,,,,,,,,,
433,0.1875,0.1875,DAD,0.014766693115234375,27712,1.0771231651306152,,,,,,,,,,
434,0.19312499463558197,0.19312499463558197,DAD,0.014743328094482422,27776,1.1314970254898071,,,,,,,,,,
435,0.1795312464237213,0.1795312464237213,DAD,0.01469874382019043,27840,1.1110613346099854,,,,,,,,,,
436,0.2029687464237213,0.2029687464237213,DAD,0.014823436737060547,27904,1.096534013748169,,,,,,,,,,
437,0.17390625178813934,0.17390625178813934,DAD,0.014740943908691406,27968,1.0547538995742798,,,,,,,,,,
438,0.20531250536441803,0.20531250536441803,DAD,0.014702081680297852,28032,1.097758173942566,,,,,,,,,,
439,0.19874998927116394,0.19874998927116394,DAD,0.01470637321472168,28096,1.0357826948165894,,,,,,,,,,
440,0.19921875,0.19921875,DAD,0.014705657958984375,28160,1.2236284017562866,,,,,,,,,,
441,0.19078125059604645,0.19078125059604645,DAD,0.014760732650756836,28224,1.1415338516235352,,,,,,,,,,
442,0.1912499964237213,0.1912499964237213,DAD,0.014717817306518555,28288,1.0619113445281982,,,,,,,,,,
443,0.19359375536441803,0.19359375536441803,DAD,0.014832019805908203,28352,1.173576831817627,,,,,,,,,,
444,0.19874998927116394,0.19874998927116394,DAD,0.014960765838623047,28416,1.1450966596603394,,,,,,,,,,
445,0.19875000417232513,0.19875000417232513,DAD,0.014765262603759766,28480,1.1463518142700195,,,,,,,,,,
446,0.18562500178813934,0.18562500178813934,DAD,0.014747142791748047,28544,1.1406389474868774,,,,,,,,,,
447,0.1875,0.1875,DAD,0.014708280563354492,28608,1.1654828786849976,,,,,,,,,,
448,0.17249999940395355,0.17249999940395355,DAD,0.014648675918579102,28672,1.163000226020813,,,,,,,,,,
449,0.18187500536441803,0.18187500536441803,DAD,0.014657020568847656,28736,1.208984375,,,,,,,,,,
450,0.19687500596046448,0.19687500596046448,DAD,0.014923334121704102,28800,1.1752855777740479,0.197578125,0.081328125,1,-0.0,0.0078125,0.0,1,0.0,0.081328125,0
451,0.18328124284744263,0.18328124284744263,DAD,0.014842510223388672,28864,1.117342233657837,,,,,,,,,,
452,0.2043749988079071,0.2043749988079071,DAD,0.014925956726074219,28928,1.1581699848175049,,,,,,,,,,
453,0.18937501311302185,0.18937501311302185,DAD,0.014789342880249023,28992,1.1430492401123047,,,,,,,,,,
454,0.1823437511920929,0.1823437511920929,DAD,0.014827728271484375,29056,1.1684346199035645,,,,,,,,,,
455,0.19921875,0.19921875,DAD,0.014512062072753906,29120,1.0681551694869995,,,,,,,,,,
456,0.20203125476837158,0.20203125476837158,DAD,0.014509439468383789,29184,1.0831974744796753,,,,,,,,,,
457,0.18937499821186066,0.18937499821186066,DAD,0.014811992645263672,29248,1.247972846031189,,,,,,,,,,
458,0.18656250834465027,0.18656250834465027,DAD,0.014927387237548828,29312,1.1448183059692383,,,,,,,,,,
459,0.2057812511920929,0.2057812511920929,DAD,0.014545917510986328,29376,1.1871337890625,,,,,,,,,,
460,0.18937499821186066,0.18937499821186066,DAD,0.014557600021362305,29440,1.1695603132247925,,,,,,,,,,
461,0.19359375536441803,0.19359375536441803,DAD,0.014970064163208008,29504,1.1812410354614258,,,,,,,,,,
462,0.19640624523162842,0.19640624523162842,DAD,0.01460123062133789,29568,1.1031209230422974,,,,,,,,,,
463,0.18656249344348907,0.18656249344348907,DAD,0.014555215835571289,29632,1.2088779211044312,,,,,,,,,,
464,0.20671875774860382,0.20671875774860382,DAD,0.014502286911010742,29696,1.1802256107330322,,,,,,,,,,
465,0.1678125113248825,0.1678125113248825,DAD,0.014557838439941406,29760,1.1732524633407593,,,,,,,,,,
466,0.18843749165534973,0.18843749165534973,DAD,0.014861345291137695,29824,1.1333982944488525,,,,,,,,,,
467,0.18796876072883606,0.18796876072883606,DAD,0.014618873596191406,29888,1.2438502311706543,,,,,,,,,,
468,0.1889062523841858,0.1889062523841858,DAD,0.014908313751220703,29952,1.1202259063720703,,,,,,,,,,
469,0.1964062601327896,0.1964062601327896,DAD,0.01489400863647461,30016,1.2240488529205322,,,,,,,,,,
470,0.1875,0.1875,DAD,0.014861822128295898,30080,1.103085994720459,,,,,,,,,,
471,0.20156250894069672,0.20156250894069672,DAD,0.014593124389648438,30144,1.0840778350830078,,,,,,,,,,
472,0.18046875298023224,0.18046875298023224,DAD,0.014945507049560547,30208,1.1545974016189575,,,,,,,,,,
473,0.19968749582767487,0.19968749582767487,DAD,0.01480865478515625,30272,1.1291556358337402,,,,,,,,,,
474,0.2057812511920929,0.2057812511920929,DAD,0.014643430709838867,30336,1.0511964559555054,,,,,,,,,,
475,0.1860937476158142,0.1860937476158142,DAD,0.014570474624633789,30400,0.9966368675231934,0.197578125,0.081328125,1,-0.0,0.0078125,0.0,1,0.0,0.081328125,0
476,0.1809374988079071,0.1809374988079071,DAD,0.014844894409179688,30464,1.1035298109054565,,,,,,,,,,
477,0.19499999284744263,0.19499999284744263,DAD,0.0144805908203125,30528,1.083801507949829,,,,,,,,,,
478,0.1860937476158142,0.1860937476158142,DAD,0.015036344528198242,30592,1.0792309045791626,,,,,,,,,,
479,0.1771875023841858,0.1771875023841858,DAD,0.014778852462768555,30656,1.04227876663208,,,,,,,,,,
480,0.18937501311302185,0.18937501311302185,DAD,0.014959573745727539,30720,1.0738831758499146,,,,,,,,,,
481,0.18656250834465027,0.18656250834465027,DAD,0.014716625213623047,30784,1.071864128112793,,,,,,,,,,
482,0.17765626311302185,0.17765626311302185,DAD,0.014519453048706055,30848,1.0680733919143677,,,,,,,,,,
483,0.1875,0.1875,DAD,0.014618396759033203,30912,0.9933401346206665,,,,,,,,,,
484,0.18796876072883606,0.18796876072883606,DAD,0.014647722244262695,30976,1.0111501216888428,,,,,,,,,,
485,0.18656249344348907,0.18656249344348907,DAD,0.014912843704223633,31040,0.9790619015693665,,,,,,,,,,
486,0.1875,0.1875,DAD,0.014764070510864258,31104,0.9613229632377625,,,,,,,,,,
487,0.1940625011920929,0.1940625011920929,DAD,0.018378496170043945,31168,1.0406867265701294,,,,,,,,,,
488,0.18843749165534973,0.18843749165534973,DAD,0.01616358757019043,31232,0.992452085018158,,,,,,,,,,
489,0.18187500536441803,0.18187500536441803,DAD,0.015393733978271484,31296,1.036980390548706,,,,,,,,,,
490,0.19171875715255737,0.19171875715255737,DAD,0.01831674575805664,31360,1.005431890487671,,,,,,,,,,
491,0.19359374046325684,0.19359374046325684,DAD,0.018001317977905273,31424,1.0199801921844482,,,,,,,,,,
492,0.19453124701976776,0.19453124701976776,DAD,0.01671290397644043,31488,1.0034689903259277,,,,,,,,,,
493,0.18656249344348907,0.18656249344348907,DAD,0.015720129013061523,31552,1.020621657371521,,,,,,,,,,
494,0.1926562488079071,0.1926562488079071,DAD,0.018198013305664062,31616,0.999114453792572,,,,,,,,,,
495,0.18468749523162842,0.18468749523162842,DAD,0.017011404037475586,31680,0.9565247297286987,,,,,,,,,,
496,0.19874998927116394,0.19874998927116394,DAD,0.016238689422607422,31744,1.0484161376953125,,,,,,,,,,
497,0.18328124284744263,0.18328124284744263,DAD,0.02105116844177246,31808,1.0046377182006836,,,,,,,,,,
498,0.1889062523841858,0.1889062523841858,DAD,0.020572662353515625,31872,0.9980717897415161,,,,,,,,,,
499,0.19640624523162842,0.19640624523162842,DAD,0.025261878967285156,31936,1.0222346782684326,,,,,,,,,,
500,0.17671874165534973,0.17671874165534973,DAD,0.024608612060546875,32000,1.0238434076309204,0.19874999999999998,0.0825,1,-0.0,0.0078125,0.0,1,0.0,0.0825,0
501,0.18703123927116394,0.18703123927116394,DAD,0.016817331314086914,32064,1.0746831893920898,,,,,,,,,,
502,0.17812499403953552,0.17812499403953552,DAD,0.03215193748474121,32128,1.0180509090423584,,,,,,,,,,
503,0.1912499964237213,0.1912499964237213,DAD,0.01971268653869629,32192,0.9612300992012024,,,,,,,,,,
504,0.18937501311302185,0.18937501311302185,DAD,0.024364709854125977,32256,1.021490216255188,,,,,,,,,,
505,0.1912499964237213,0.1912499964237213,DAD,0.01773381233215332,32320,0.9745545387268066,,,,,,,,,,
506,0.19359374046325684,0.19359374046325684,DAD,0.015589475631713867,32384,0.9537873268127441,,,,,,,,,,
507,0.18468749523162842,0.18468749523162842,DAD,0.01631927490234375,32448,0.9933510422706604,,,,,,,,,,
508,0.19500000774860382,0.19500000774860382,DAD,0.016094684600830078,32512,0.9735386371612549,,,,,,,,,,
509,0.1940625011920929,0.1940625011920929,DAD,0.019528865814208984,32576,1.006948471069336,,,,,,,,,,
510,0.1823437511920929,0.1823437511920929,DAD,0.019361019134521484,32640,0.9737883806228638,,,,,,,,,,
511,0.1978124976158142,0.1978124976158142,DAD,0.020816802978515625,32704,0.983646035194397,,,,,,,,,,
512,0.19687499105930328,0.19687499105930328,DAD,0.019710540771484375,32768,0.9802762269973755,,,,,,,,,,
513,0.20250000059604645,0.20250000059604645,DAD,0.021943330764770508,32832,1.0116405487060547,,,,,,,,,,
514,0.1954687535762787,0.1954687535762787,DAD,0.019303560256958008,32896,1.0230430364608765,,,,,,,,,,
515,0.19453126192092896,0.19453126192092896,DAD,0.021552324295043945,32960,0.9846577644348145,,,,,,,,,,
516,0.1809374988079071,0.1809374988079071,DAD,0.019193649291992188,33024,1.0031280517578125,,,,,,,,,,
517,0.1837500035762787,0.1837500035762787,DAD,0.01714015007019043,33088,0.9656073451042175,,,,,,,,,,
518,0.18703126907348633,0.18703126907348633,DAD,0.020585060119628906,33152,1.0266368389129639,,,,,,,,,,
519,0.18515625596046448,0.18515625596046448,DAD,0.018965482711791992,33216,0.9528566598892212,,,,,,,,,,
520,0.1889062523841858,0.1889062523841858,DAD,0.020996809005737305,33280,0.9715257883071899,,,,,,,,,,
521,0.18984374403953552,0.18984374403953552,DAD,0.018218278884887695,33344,0.9714934229850769,,,,,,,,,,
522,0.19875000417232513,0.19875000417232513,DAD,0.019474267959594727,33408,0.9728692770004272,,,,,,,,,,
523,0.19218751788139343,0.19218751788139343,DAD,0.017966270446777344,33472,1.0052287578582764,,,,,,,,,,
524,0.17671874165534973,0.17671874165534973,DAD,0.016308307647705078,33536,1.0393071174621582,,,,,,,,,,
525,0.19734373688697815,0.19734373688697815,DAD,0.0159761905670166,33600,0.9789393544197083,0.19874999999999998,0.0825,1,-0.0,0.0078125,0.0,1,0.0,0.0825,0
526,0.18984375894069672,0.18984375894069672,DAD,0.02210378646850586,33664,0.9609776735305786,,,,,,,,,,
527,0.19453124701976776,0.19453124701976776,DAD,0.020520925521850586,33728,0.9822256565093994,,,,,,,,,,
528,0.2029687464237213,0.2029687464237213,DAD,0.02356886863708496,33792,1.0293910503387451,,,,,,,,,,
529,0.19640624523162842,0.19640624523162842,DAD,0.02250957489013672,33856,1.0199609994888306,,,,,,,,,,
530,0.20015625655651093,0.20015625655651093,DAD,0.021902799606323242,33920,0.9968070983886719,,,,,,,,,,
531,0.20484374463558197,0.20484374463558197,DAD,0.020355701446533203,33984,0.9954698085784912,,,,,,,,,,
532,0.1795312464237213,0.1795312464237213,DAD,0.029162883758544922,34048,1.0418589115142822,,,,,,,,,,
533,0.17906251549720764,0.17906251549720764,DAD,0.020938634872436523,34112,1.084843397140503,,,,,,,,,,
534,0.1795312464237213,0.1795312464237213,DAD,0.023895740509033203,34176,0.9782208204269409,,,,,,,,,,
535,0.19171875715255737,0.19171875715255737,DAD,0.031103849411010742,34240,1.0276126861572266,,,,,,,,,,
536,0.2006250023841858,0.2006250023841858,DAD,0.01783013343811035,34304,0.9680358171463013,,,,,,,,,,
537,0.1771875023841858,0.1771875023841858,DAD,0.018822908401489258,34368,0.9888970255851746,,,,,,,,,,
538,0.20671874284744263,0.20671874284744263,DAD,0.018111228942871094,34432,0.9629506468772888,,,,,,,,,,
539,0.18937499821186066,0.18937499821186066,DAD,0.016045093536376953,34496,0.9357203841209412,,,,,,,,,,
540,0.18187499046325684,0.18187499046325684,DAD,0.02386021614074707,34560,0.944061279296875,,,,,,,,,,
541,0.1912500113248825,0.1912500113248825,DAD,0.024805545806884766,34624,0.9796155691146851,,,,,,,,,,
542,0.18796876072883606,0.18796876072883606,DAD,0.0212404727935791,34688,0.9546130299568176,,,,,,,,,,
543,0.2020312398672104,0.2020312398672104,DAD,0.02297234535217285,34752,0.9772818684577942,,,,,,,,,,
544,0.19312500953674316,0.19312500953674316,DAD,0.026017427444458008,34816,0.9296088218688965,,,,,,,,,,
545,0.1889062523841858,0.1889062523841858,DAD,0.024565935134887695,34880,0.9854581952095032,,,,,,,,,,
546,0.1954687535762787,0.1954687535762787,DAD,0.019610166549682617,34944,0.9460904598236084,,,,,,,,,,
547,0.18140625953674316,0.18140625953674316,DAD,0.021366119384765625,35008,1.0203001499176025,,,,,,,,,,
548,0.20390625298023224,0.20390625298023224,DAD,0.018805265426635742,35072,1.0410118103027344,,,,,,,,,,
549,0.2057812511920929,0.2057812511920929,DAD,0.021917104721069336,35136,0.9985389113426208,,,,,,,,,,
550,0.1940625011920929,0.1940625011920929,DAD,0.01732325553894043,35200,0.9259417057037354,0.19874999999999998,0.0825,1,-0.0,0.0078125,0.0,1,0.0,0.0825,0
551,0.19734376668930054,0.19734376668930054,DAD,0.015390157699584961,35264,1.016232967376709,,,,,,,,,,
552,0.19078125059604645,0.19078125059604645,DAD,0.018388032913208008,35328,1.053631067276001,,,,,,,,,,
553,0.17015624046325684,0.17015624046325684,DAD,0.015202999114990234,35392,0.9590615630149841,,,,,,,,,,
554,0.1785937398672104,0.1785937398672104,DAD,0.02290177345275879,35456,1.0099011659622192,,,,,,,,,,
555,0.18515625596046448,0.18515625596046448,DAD,0.0270841121673584,35520,1.017801284790039,,,,,,,,,,
556,0.19078125059604645,0.19078125059604645,DAD,0.018723487854003906,35584,0.9762457013130188,,,,,,,,,,
557,0.18421874940395355,0.18421874940395355,DAD,0.016216754913330078,35648,1.037217617034912,,,,,,,,,,
558,0.1926562488079071,0.1926562488079071,DAD,0.016228675842285156,35712,1.0239765644073486,,,,,,,,,,
559,0.19031250476837158,0.19031250476837158,DAD,0.015462160110473633,35776,1.0695269107818604,,,,,,,,,,
560,0.1940625011920929,0.1940625011920929,DAD,0.018890857696533203,35840,0.9681807160377502,,,,,,,,,,
561,0.20203125476837158,0.20203125476837158,DAD,0.02690887451171875,35904,1.0112524032592773,,,,,,,,,,
562,0.19593749940395355,0.19593749940395355,DAD,0.03240323066711426,35968,1.0731658935546875,,,,,,,,,,
563,0.1837500035762787,0.1837500035762787,DAD,0.021209239959716797,36032,1.0551445484161377,,,,,,,,,,
564,0.19968751072883606,0.19968751072883606,DAD,0.026357650756835938,36096,1.0426735877990723,,,,,,,,,,
565,0.1964062601327896,0.1964062601327896,DAD,0.028475522994995117,36160,1.0392825603485107,,,,,,,,,,
566,0.2029687464237213,0.2029687464237213,DAD,0.0344386100769043,36224,1.071604609489441,,,,,,,,,,
567,0.19640624523162842,0.19640624523162842,DAD,0.015915870666503906,36288,1.0460216999053955,,,,,,,,,,
568,0.20390626788139343,0.20390626788139343,DAD,0.014885425567626953,36352,1.1063051223754883,,,,,,,,,,
569,0.18140625953674316,0.18140625953674316,DAD,0.015197992324829102,36416,1.0200973749160767,,,,,,,,,,
570,0.18515625596046448,0.18515625596046448,DAD,0.015373468399047852,36480,1.055099606513977,,,,,,,,,,
571,0.19312500953674316,0.19312500953674316,DAD,0.015162229537963867,36544,1.0397228002548218,,,,,,,,,,
572,0.20343750715255737,0.20343750715255737,DAD,0.0163114070892334,36608,1.060531735420227,,,,,,,,,,
573,0.19078126549720764,0.19078126549720764,DAD,0.015498161315917969,36672,1.0682719945907593,,,,,,,,,,
574,0.18703125417232513,0.18703125417232513,DAD,0.01696491241455078,36736,1.052793025970459,,,,,,,,,,
575,0.19875000417232513,0.19875000417232513,DAD,0.01620650291442871,36800,1.1855231523513794,0.197578125,0.08132812500000001,2,0.3111291548118492,0.015625,0.0,1,0.0,0.08132812500000001,0
576,0.17812499403953552,0.17812499403953552,DAD,0.022968292236328125,36864,1.1379926204681396,,,,,,,,,,
577,0.20015624165534973,0.20015624165534973,DAD,0.02036905288696289,36928,1.08278489112854,,,,,,,,,,
578,0.20156249403953552,0.20156249403953552,DAD,0.02001047134399414,36992,1.1412678956985474,,,,,,,,,,
579,0.20531249046325684,0.20531249046325684,DAD,0.02259087562561035,37056,1.0637280941009521,,,,,,,,,,
580,0.19078125059604645,0.19078125059604645,DAD,0.019914627075195312,37120,1.0319647789001465,,,,,,,,,,
581,0.18796874582767487,0.18796874582767487,DAD,0.02657771110534668,37184,1.1292271614074707,,,,,,,,,,
582,0.17999999225139618,0.17999999225139618,DAD,0.021374940872192383,37248,1.1441423892974854,,,,,,,,,,
583,0.19031250476837158,0.19031250476837158,DAD,0.01884007453918457,37312,1.0874799489974976,,,,,,,,,,
584,0.1940625011920929,0.1940625011920929,DAD,0.01621532440185547,37376,1.0635559558868408,,,,,,,,,,
585,0.18468749523162842,0.18468749523162842,DAD,0.01598358154296875,37440,1.0371533632278442,,,,,,,,,,
586,0.19171875715255737,0.19171875715255737,DAD,0.018050193786621094,37504,1.1392205953598022,,,,,,,,,,
587,0.20343749225139618,0.20343749225139618,DAD,0.018850326538085938,37568,0.9537951350212097,,,,,,,,,,
588,0.19593749940395355,0.19593749940395355,DAD,0.01942753791809082,37632,1.0867695808410645,,,,,,,,,,
589,0.17906250059604645,0.17906250059604645,DAD,0.01932525634765625,37696,1.0568535327911377,,,,,,,,,,
590,0.18187500536441803,0.18187500536441803,DAD,0.03167438507080078,37760,1.0436376333236694,,,,,,,,,,
591,0.1795312464237213,0.1795312464237213,DAD,0.0177001953125,37824,1.0572184324264526,,,,,,,,,,
592,0.19593749940395355,0.19593749940395355,DAD,0.020125389099121094,37888,1.0016757249832153,,,,,,,,,,
593,0.20859375596046448,0.20859375596046448,DAD,0.02086043357849121,37952,1.0132358074188232,,,,,,,,,,
594,0.19312500953674316,0.19312500953674316,DAD,0.01903247833251953,38016,0.9218389391899109,,,,,,,,,,
595,0.19218748807907104,0.19218748807907104,DAD,0.02547001838684082,38080,0.9649443626403809,,,,,,,,,,
596,0.1926562488079071,0.1926562488079071,DAD,0.02928948402404785,38144,0.9654374718666077,,,,,,,,,,
597,0.19312500953674316,0.19312500953674316,DAD,0.02963542938232422,38208,0.9329600930213928,,,,,,,,,,
598,0.1978124976158142,0.1978124976158142,DAD,0.017694950103759766,38272,0.9462141990661621,,,,,,,,,,
599,0.2020312398672104,0.2020312398672104,DAD,0.023161649703979492,38336,0.9156188368797302,,,,,,,,,,
600,0.20765624940395355,0.20765624940395355,DAD,0.017615318298339844,38400,0.9185742735862732,0.19874999999999998,0.0825,1,-0.0,0.0078125,0.0,1,0.0,0.0825,0
601,0.18140625953674316,0.18140625953674316,DAD,0.015827178955078125,38464,0.9198746681213379,,,,,,,,,,
602,0.18468749523162842,0.18468749523162842,DAD,0.019891977310180664,38528,0.9504284262657166,,,,,,,,,,
603,0.1926562488079071,0.1926562488079071,DAD,0.026828289031982422,38592,0.9366444945335388,,,,,,,,,,
604,0.1978124976158142,0.1978124976158142,DAD,0.02799057960510254,38656,0.8931581377983093,,,,,,,,,,
605,0.18187500536441803,0.18187500536441803,DAD,0.020955801010131836,38720,0.9191758632659912,,,,,,,,,,
606,0.1837500035762787,0.1837500035762787,DAD,0.01967620849609375,38784,0.8903037905693054,,,,,,,,,,
607,0.19453126192092896,0.19453126192092896,DAD,0.021075010299682617,38848,0.9536982774734497,,,,,,,,,,
608,0.20156249403953552,0.20156249403953552,DAD,0.02222919464111328,38912,0.8909516334533691,,,,,,,,,,
609,0.19687500596046448,0.19687500596046448,DAD,0.019336700439453125,38976,0.9029126167297363,,,,,,,,,,
610,0.19921875,0.19921875,DAD,0.019398927688598633,39040,0.9449394941329956,,,,,,,,,,
611,0.1860937476158142,0.1860937476158142,DAD,0.019953250885009766,39104,0.9446290731430054,,,,,,,,,,
612,0.18843750655651093,0.18843750655651093,DAD,0.024869203567504883,39168,0.9108606576919556,,,,,,,,,,
613,0.1837500035762787,0.1837500035762787,DAD,0.0207977294921875,39232,0.9107933044433594,,,,,,,,,,
614,0.18515625596046448,0.18515625596046448,DAD,0.02515864372253418,39296,0.8961589336395264,,,,,,,,,,
615,0.2006250023841858,0.2006250023841858,DAD,0.025699377059936523,39360,0.9272565841674805,,,,,,,,,,
616,0.19171875715255737,0.19171875715255737,DAD,0.021950721740722656,39424,0.9614219665527344,,,,,,,,,,
617,0.18046876788139343,0.18046876788139343,DAD,0.01701974868774414,39488,0.9863021373748779,,,,,,,,,,
618,0.19031250476837158,0.19031250476837158,DAD,0.021818161010742188,39552,0.9267981648445129,,,,,,,,,,
619,0.20156249403953552,0.20156249403953552,DAD,0.016502857208251953,39616,0.9033197164535522,,,,,,,,,,
620,0.19312500953674316,0.19312500953674316,DAD,0.015271902084350586,39680,0.9855422377586365,,,,,,,,,,
621,0.1837500035762787,0.1837500035762787,DAD,0.016565322875976562,39744,0.922256588935852,,,,,,,,,,
622,0.18515625596046448,0.18515625596046448,DAD,0.01514744758605957,39808,0.9884107112884521,,,,,,,,,,
623,0.20765626430511475,0.20765626430511475,DAD,0.01585078239440918,39872,0.9475634694099426,,,,,,,,,,
624,0.2006250023841858,0.2006250023841858,DAD,0.016586780548095703,39936,0.9229028224945068,,,,,,,,,,
625,0.2006250023841858,0.2006250023841858,DAD,0.01610422134399414,40000,0.8804294466972351,0.19874999999999998,0.0825,1,-0.0,0.0078125,0.0,1,0.0,0.0825,0
626,0.20203125476837158,0.20203125476837158,DAD,0.015497446060180664,40064,1.0669710636138916,,,,,,,,,,
627,0.1954687535762787,0.1954687535762787,DAD,0.015304088592529297,40128,0.9029514789581299,,,,,,,,,,
628,0.18281251192092896,0.18281251192092896,DAD,0.015061616897583008,40192,0.9794618487358093,,,,,,,,,,
629,0.18796876072883606,0.18796876072883606,DAD,0.017845869064331055,40256,0.9657962918281555,,,,,,,,,,
630,0.17812499403953552,0.17812499403953552,DAD,0.016756534576416016,40320,0.9608248472213745,,,,,,,,,,
631,0.1860937476158142,0.1860937476158142,DAD,0.016899585723876953,40384,0.9945589900016785,,,,,,,,,,
632,0.20390626788139343,0.20390626788139343,DAD,0.027184247970581055,40448,0.9792253375053406,,,,,,,,,,
633,0.19453124701976776,0.19453124701976776,DAD,0.023972272872924805,40512,0.9538532495498657,,,,,,,,,,
634,0.1875,0.1875,DAD,0.020730018615722656,40576,0.9415096640586853,,,,,,,,,,
635,0.1809374988079071,0.1809374988079071,DAD,0.02283501625061035,40640,0.8956500291824341,,,,,,,,,,
636,0.18843749165534973,0.18843749165534973,DAD,0.021951913833618164,40704,0.9426687955856323,,,,,,,,,,
637,0.1926562488079071,0.1926562488079071,DAD,0.023017406463623047,40768,0.9462543725967407,,,,,,,,,,
638,0.20203125476837158,0.20203125476837158,DAD,0.01981830596923828,40832,0.9702353477478027,,,,,,,,,,
639,0.1875,0.1875,DAD,0.02588200569152832,40896,0.9261521100997925,,,,,,,,,,
640,0.18843750655651093,0.18843750655651093,DAD,0.021918296813964844,40960,0.958433210849762,,,,,,,,,,
641,0.1837500035762787,0.1837500035762787,DAD,0.02175283432006836,41024,0.9787718653678894,,,,,,,,,,
642,0.19171875715255737,0.19171875715255737,DAD,0.019251585006713867,41088,0.9819806814193726,,,,,,,,,,
643,0.18046873807907104,0.18046873807907104,DAD,0.020023107528686523,41152,1.0005764961242676,,,,,,,,,,
644,0.1954687535762787,0.1954687535762787,DAD,0.021855592727661133,41216,0.987130343914032,,,,,,,,,,
645,0.18937501311302185,0.18937501311302185,DAD,0.019919157028198242,41280,0.9479398727416992,,,,,,,,,,
646,0.18703126907348633,0.18703126907348633,DAD,0.026760578155517578,41344,1.0105280876159668,,,,,,,,,,
647,0.1978124976158142,0.1978124976158142,DAD,0.02157878875732422,41408,0.96649169921875,,,,,,,,,,
648,0.19031250476837158,0.19031250476837158,DAD,0.023193836212158203,41472,0.950810432434082,,,,,,,,,,
649,0.20343750715255737,0.20343750715255737,DAD,0.022238969802856445,41536,1.0086300373077393,,,,,,,,,,
650,0.1875,0.1875,DAD,0.026236295700073242,41600,0.9518490433692932,0.19874999999999998,0.0825,1,-0.0,0.0078125,0.0,1,0.0,0.0825,0
651,0.19875000417232513,0.19875000417232513,DAD,0.01549530029296875,41664,0.9817954301834106,,,,,,,,,,
652,0.19968751072883606,0.19968751072883606,DAD,0.017047882080078125,41728,0.9812111258506775,,,,,,,,,,
653,0.20250001549720764,0.20250001549720764,DAD,0.03151082992553711,41792,0.9655598402023315,,,,,,,,,,
654,0.1954687535762787,0.1954687535762787,DAD,0.02981257438659668,41856,1.009966254234314,,,,,,,,,,
655,0.19359375536441803,0.19359375536441803,DAD,0.02597212791442871,41920,0.9634331464767456,,,,,,,,,,
656,0.20250001549720764,0.20250001549720764,DAD,0.020091772079467773,41984,0.9500962495803833,,,,,,,,,,
657,0.18703123927116394,0.18703123927116394,DAD,0.03431105613708496,42048,0.9955490827560425,,,,,,,,,,
658,0.18984374403953552,0.18984374403953552,DAD,0.02377176284790039,42112,1.0092045068740845,,,,,,,,,,
659,0.18937501311302185,0.18937501311302185,DAD,0.03418421745300293,42176,1.0333003997802734,,,,,,,,,,
660,0.18515625596046448,0.18515625596046448,DAD,0.0175783634185791,42240,0.9905087947845459,,,,,,,,,,
661,0.19828125834465027,0.19828125834465027,DAD,0.019387245178222656,42304,1.003957748413086,,,,,,,,,,
662,0.1954687535762787,0.1954687535762787,DAD,0.017887592315673828,42368,0.9877957701683044,,,,,,,,,,
663,0.1720312535762787,0.1720312535762787,DAD,0.017575979232788086,42432,0.9960428476333618,,,,,,,,,,
664,0.1954687535762787,0.1954687535762787,DAD,0.015197038650512695,42496,0.9270281195640564,,,,,,,,,,
665,0.18468749523162842,0.18468749523162842,DAD,0.01616954803466797,42560,1.0047616958618164,,,,,,,,,,
666,0.19171875715255737,0.19171875715255737,DAD,0.019456863403320312,42624,0.9645087718963623,,,,,,,,,,
667,0.18703125417232513,0.18703125417232513,DAD,0.016971349716186523,42688,0.9857425689697266,,,,,,,,,,
668,0.19218748807907104,0.19218748807907104,DAD,0.017119884490966797,42752,0.9297106266021729,,,,,,,,,,
669,0.18421874940395355,0.18421874940395355,DAD,0.017716646194458008,42816,0.9657090902328491,,,,,,,,,,
670,0.20859375596046448,0.20859375596046448,DAD,0.02509593963623047,42880,1.033864974975586,,,,,,,,,,
671,0.19734376668930054,0.19734376668930054,DAD,0.016618013381958008,42944,1.0017127990722656,,,,,,,,,,
672,0.21140626072883606,0.21140626072883606,DAD,0.015356302261352539,43008,0.9587776064872742,,,,,,,,,,
673,0.1823437511920929,0.1823437511920929,DAD,0.01698899269104004,43072,0.9664095044136047,,,,,,,,,,
674,0.19171875715255737,0.19171875715255737,DAD,0.02074289321899414,43136,0.9999111294746399,,,,,,,,,,
675,0.18703126907348633,0.18703126907348633,DAD,0.01880788803100586,43200,0.9568932056427002,0.19804687499999998,0.08179687500000002,1,-0.0,0.0078125,0.0,1,0.0,0.08179687500000002,0
676,0.20015624165534973,0.20015624165534973,DAD,0.0151824951171875,43264,0.9557808637619019,,,,,,,,,,
677,0.1889062523841858,0.1889062523841858,DAD,0.01695728302001953,43328,0.9913171529769897,,,,,,,,,,
678,0.1912499964237213,0.1912499964237213,DAD,0.023092985153198242,43392,0.9155843257904053,,,,,,,,,,
679,0.19359374046325684,0.19359374046325684,DAD,0.025349140167236328,43456,0.9734982252120972,,,,,,,,,,
680,0.20390625298023224,0.20390625298023224,DAD,0.0183258056640625,43520,0.9872382879257202,,,,,,,,,,
681,0.19359375536441803,0.19359375536441803,DAD,0.015872478485107422,43584,1.018470048904419,,,,,,,,,,
682,0.19593751430511475,0.19593751430511475,DAD,0.01566028594970703,43648,0.9565519094467163,,,,,,,,,,
683,0.19171875715255737,0.19171875715255737,DAD,0.015496969223022461,43712,0.9880276918411255,,,,,,,,,,
684,0.19921875,0.19921875,DAD,0.017628908157348633,43776,0.9577233791351318,,,,,,,,,,
685,0.18140625953674316,0.18140625953674316,DAD,0.019974231719970703,43840,0.9342647790908813,,,,,,,,,,
686,0.18515625596046448,0.18515625596046448,DAD,0.019046306610107422,43904,0.9978692531585693,,,,,,,,,,
687,0.1912499964237213,0.1912499964237213,DAD,0.01964735984802246,43968,0.9759243726730347,,,,,,,,,,
688,0.17765623331069946,0.17765623331069946,DAD,0.01868581771850586,44032,0.96578049659729,,,,,,,,,,
689,0.18937499821186066,0.18937499821186066,DAD,0.01768350601196289,44096,1.052927851676941,,,,,,,,,,
690,0.18468749523162842,0.18468749523162842,DAD,0.017330169677734375,44160,1.0428197383880615,,,,,,,,,,
691,0.1954687535762787,0.1954687535762787,DAD,0.01733231544494629,44224,0.9836995601654053,,,,,,,,,,
692,0.18468749523162842,0.18468749523162842,DAD,0.01690196990966797,44288,1.0457216501235962,,,,,,,,,,
693,0.19500000774860382,0.19500000774860382,DAD,0.015204191207885742,44352,1.0336207151412964,,,,,,,,,,
694,0.19078125059604645,0.19078125059604645,DAD,0.015025615692138672,44416,0.9610397815704346,,,,,,,,,,
695,0.19640624523162842,0.19640624523162842,DAD,0.015200376510620117,44480,1.0330712795257568,,,,,,,,,,
696,0.18843750655651093,0.18843750655651093,DAD,0.014943838119506836,44544,1.03031325340271,,,,,,,,,,
697,0.18937499821186066,0.18937499821186066,DAD,0.016935110092163086,44608,0.9542162418365479,,,,,,,,,,
698,0.18843749165534973,0.18843749165534973,DAD,0.015156745910644531,44672,0.9624333381652832,,,,,,,,,,
699,0.18140625953674316,0.18140625953674316,DAD,0.018320083618164062,44736,1.0355618000030518,,,,,,,,,,
700,0.2029687464237213,0.2029687464237213,DAD,0.023773193359375,44800,1.0951919555664062,0.19874999999999998,0.0825,1,-0.0,0.0078125,0.0,1,0.0,0.0825,0
701,0.19218751788139343,0.19218751788139343,DAD,0.01573324203491211,44864,1.0596659183502197,,,,,,,,,,
702,0.1926562488079071,0.1926562488079071,DAD,0.01489710807800293,44928,1.0401983261108398,,,,,,,,,,
703,0.18281251192092896,0.18281251192092896,DAD,0.023209571838378906,44992,1.0443084239959717,,,,,,,,,,
704,0.18656250834465027,0.18656250834465027,DAD,0.017792463302612305,45056,1.090174913406372,,,,,,,,,,
705,0.19640624523162842,0.19640624523162842,DAD,0.02170109748840332,45120,0.9758622050285339,,,,,,,,,,
706,0.19499999284744263,0.19499999284744263,DAD,0.020638704299926758,45184,1.0499359369277954,,,,,,,,,,
707,0.18937499821186066,0.18937499821186066,DAD,0.024513721466064453,45248,1.0132946968078613,,,,,,,,,,
708,0.17531248927116394,0.17531248927116394,DAD,0.023920297622680664,45312,1.0430445671081543,,,,,,,,,,
709,0.19031250476837158,0.19031250476837158,DAD,0.022348403930664062,45376,1.0206888914108276,,,,,,,,,,
710,0.1889062523841858,0.1889062523841858,DAD,0.02205634117126465,45440,1.0494720935821533,,,,,,,,,,
711,0.2006250023841858,0.2006250023841858,DAD,0.02379918098449707,45504,1.0844299793243408,,,,,,,,,,
712,0.20203125476837158,0.20203125476837158,DAD,0.021068334579467773,45568,1.0630085468292236,,,,,,,,,,
713,0.18281249701976776,0.18281249701976776,DAD,0.018291711807250977,45632,0.9860666990280151,,,,,,,,,,
714,0.1912499964237213,0.1912499964237213,DAD,0.021647214889526367,45696,1.0763270854949951,,,,,,,,,,
715,0.1940625011920929,0.1940625011920929,DAD,0.020432472229003906,45760,1.0258097648620605,,,,,,,,,,
716,0.18703125417232513,0.18703125417232513,DAD,0.021253347396850586,45824,1.0013680458068848,,,,,,,,,,
717,0.1889062523841858,0.1889062523841858,DAD,0.019170522689819336,45888,0.9965041279792786,,,,,,,,,,
718,0.1926562488079071,0.1926562488079071,DAD,0.017237424850463867,45952,1.0478116273880005,,,,,,,,,,
719,0.19312500953674316,0.19312500953674316,DAD,0.01771068572998047,46016,1.0589804649353027,,,,,,,,,,
720,0.1809374988079071,0.1809374988079071,DAD,0.01692485809326172,46080,0.9838635921478271,,,,,,,,,,
721,0.17765626311302185,0.17765626311302185,DAD,0.016930103302001953,46144,0.9701946973800659,,,,,,,,,,
722,0.19078125059604645,0.19078125059604645,DAD,0.015236616134643555,46208,1.064586877822876,,,,,,,,,,
723,0.1978124976158142,0.1978124976158142,DAD,0.017750263214111328,46272,0.994005560874939,,,,,,,,,,
724,0.18281249701976776,0.18281249701976776,DAD,0.020847797393798828,46336,0.9984229207038879,,,,,,,,,,
725,0.18703123927116394,0.18703123927116394,DAD,0.01985454559326172,46400,1.0518885850906372,0.19874999999999998,0.0825,1,-0.0,0.0078125,0.0,1,0.0,0.0825,0
726,0.2006250023841858,0.2006250023841858,DAD,0.01760554313659668,46464,0.9587441682815552,,,,,,,,,,
727,0.19031250476837158,0.19031250476837158,DAD,0.018296480178833008,46528,1.0110132694244385,,,,,,,,,,
728,0.17859375476837158,0.17859375476837158,DAD,0.014919519424438477,46592,0.9880819320678711,,,,,,,,,,
729,0.21515625715255737,0.21515625715255737,DAD,0.024567127227783203,46656,0.9649215936660767,,,,,,,,,,
730,0.2057812511920929,0.2057812511920929,DAD,0.025116443634033203,46720,1.026411771774292,,,,,,,,,,
731,0.1926562488079071,0.1926562488079071,DAD,0.025465726852416992,46784,1.023058533668518,,,,,,,,,,
732,0.19499999284744263,0.19499999284744263,DAD,0.024791240692138672,46848,1.0580555200576782,,,,,,,,,,
733,0.1940625011920929,0.1940625011920929,DAD,0.019548416137695312,46912,1.0130581855773926,,,,,,,,,,
734,0.1926562637090683,0.1926562637090683,DAD,0.022006988525390625,46976,0.972180962562561,,,,,,,,,,
735,0.18328124284744263,0.18328124284744263,DAD,0.020524978637695312,47040,0.9430245161056519,,,,,,,,,,
736,0.20484375953674316,0.20484375953674316,DAD,0.018312931060791016,47104,0.9940942525863647,,,,,,,,,,
737,0.19593749940395355,0.19593749940395355,DAD,0.016221284866333008,47168,0.9970284104347229,,,,,,,,,,
738,0.18515625596046448,0.18515625596046448,DAD,0.022777795791625977,47232,0.9908457398414612,,,,,,,,,,
739,0.19078126549720764,0.19078126549720764,DAD,0.021842241287231445,47296,1.0471268892288208,,,,,,,,,,
740,0.1837500035762787,0.1837500035762787,DAD,0.020882368087768555,47360,1.007460355758667,,,,,,,,,,
741,0.17156250774860382,0.17156250774860382,DAD,0.023862600326538086,47424,0.9726846218109131,,,,,,,,,,
742,0.19875000417232513,0.19875000417232513,DAD,0.01922893524169922,47488,0.9224129319190979,,,,,,,,,,
743,0.18984375894069672,0.18984375894069672,DAD,0.02685260772705078,47552,0.9235429763793945,,,,,,,,,,
744,0.19593749940395355,0.19593749940395355,DAD,0.018805265426635742,47616,0.9322437047958374,,,,,,,,,,
745,0.1978124976158142,0.1978124976158142,DAD,0.016304731369018555,47680,0.89808589220047,,,,,,,,,,
746,0.1889062523841858,0.1889062523841858,DAD,0.02049732208251953,47744,0.9004004001617432,,,,,,,,,,
747,0.19593751430511475,0.19593751430511475,DAD,0.02285027503967285,47808,0.9199413061141968,,,,,,,,,,
748,0.17484374344348907,0.17484374344348907,DAD,0.020528793334960938,47872,0.8883438110351562,,,,,,,,,,
749,0.1743749976158142,0.1743749976158142,DAD,0.01737666130065918,47936,0.8758454918861389,,,,,,,,,,
750,0.1889062523841858,0.1889062523841858,DAD,0.015727519989013672,48000,0.9213842153549194,0.19874999999999998,0.0825,1,-0.0,0.0078125,0.0,1,0.0,0.0825,0
751,0.1926562488079071,0.1926562488079071,DAD,0.015493392944335938,48064,0.8998258709907532,,,,,,,,,,
752,0.19453126192092896,0.19453126192092896,DAD,0.0161440372467041,48128,0.8708680868148804,,,,,,,,,,
753,0.20250000059604645,0.20250000059604645,DAD,0.01574993133544922,48192,0.8689435720443726,,,,,,,,,,
754,0.18328125774860382,0.18328125774860382,DAD,0.016803503036499023,48256,0.8764126300811768,,,,,,,,,,
755,0.18281251192092896,0.18281251192092896,DAD,0.01972675323486328,48320,0.86531001329422,,,,,,,,,,
756,0.18843750655651093,0.18843750655651093,DAD,0.0180511474609375,48384,0.896344006061554,,,,,,,,,,
757,0.18937501311302185,0.18937501311302185,DAD,0.016244888305664062,48448,0.8666712045669556,,,,,,,,,,
758,0.18562500178813934,0.18562500178813934,DAD,0.018383502960205078,48512,0.8879140019416809,,,,,,,,,,
759,0.1809374988079071,0.1809374988079071,DAD,0.017053604125976562,48576,0.9017695784568787,,,,,,,,,,
760,0.1860937476158142,0.1860937476158142,DAD,0.01784992218017578,48640,0.9010982513427734,,,,,,,,,,
761,0.1875,0.1875,DAD,0.016274213790893555,48704,0.8897167444229126,,,,,,,,,,
762,0.2006250023841858,0.2006250023841858,DAD,0.015389442443847656,48768,0.8931294083595276,,,,,,,,,,
763,0.1889062523841858,0.1889062523841858,DAD,0.018856287002563477,48832,0.9020564556121826,,,,,,,,,,
764,0.19078125059604645,0.19078125059604645,DAD,0.018584012985229492,48896,0.8813824653625488,,,,,,,,,,
765,0.19171875715255737,0.19171875715255737,DAD,0.025446653366088867,48960,0.9310445785522461,,,,,,,,,,
766,0.19734375178813934,0.19734375178813934,DAD,0.019663095474243164,49024,0.9242807626724243,,,,,,,,,,
767,0.21328124403953552,0.21328124403953552,DAD,0.01903057098388672,49088,0.9372695684432983,,,,,,,,,,
768,0.20859375596046448,0.20859375596046448,DAD,0.03367781639099121,49152,0.9289226531982422,,,,,,,,,,
769,0.20531250536441803,0.20531250536441803,DAD,0.0167694091796875,49216,0.9291929006576538,,,,,,,,,,
770,0.19968751072883606,0.19968751072883606,DAD,0.01638007164001465,49280,0.9145365357398987,,,,,,,,,,
771,0.1875000149011612,0.1875000149011612,DAD,0.020558595657348633,49344,0.9143393039703369,,,,,,,,,,
772,0.1860937476158142,0.1860937476158142,DAD,0.017972707748413086,49408,0.9061605334281921,,,,,,,,,,
773,0.20015624165534973,0.20015624165534973,DAD,0.01799154281616211,49472,0.8887817859649658,,,,,,,,,,
774,0.2006250023841858,0.2006250023841858,DAD,0.040270328521728516,49536,0.905048131942749,,,,,,,,,,
775,0.18046875298023224,0.18046875298023224,DAD,0.020458698272705078,49600,0.9298810958862305,0.19804687499999998,0.08179687500000002,1,-0.0,0.0078125,0.0,1,0.0,0.08179687500000002,0
776,0.19218750298023224,0.19218750298023224,DAD,0.015486955642700195,49664,0.9115931987762451,,,,,,,,,,
777,0.19828124344348907,0.19828124344348907,DAD,0.020151853561401367,49728,0.9034916758537292,,,,,,,,,,
778,0.19687500596046448,0.19687500596046448,DAD,0.027984619140625,49792,0.926764726638794,,,,,,,,,,
779,0.18796876072883606,0.18796876072883606,DAD,0.020841598510742188,49856,0.9292343258857727,,,,,,,,,,
780,0.1809374988079071,0.1809374988079071,DAD,0.017060041427612305,49920,0.9270563721656799,,,,,,,,,,
781,0.19171875715255737,0.19171875715255737,DAD,0.025264978408813477,49984,0.9470738172531128,,,,,,,,,,
782,0.19171875715255737,0.19171875715255737,DAD,0.022007465362548828,50048,0.8939988613128662,,,,,,,,,,
783,0.19218750298023224,0.19218750298023224,DAD,0.025037765502929688,50112,0.9298871755599976,,,,,,,,,,
784,0.17578125,0.17578125,DAD,0.026497840881347656,50176,0.9246290922164917,,,,,,,,,,
785,0.20109374821186066,0.20109374821186066,DAD,0.022348403930664062,50240,0.9261599779129028,,,,,,,,,,
786,0.1875,0.1875,DAD,0.02276444435119629,50304,0.9253884553909302,,,,,,,,,,
787,0.19499999284744263,0.19499999284744263,DAD,0.0171201229095459,50368,0.9325249195098877,,,,,,,,,,
788,0.1912499964237213,0.1912499964237213,DAD,0.019045591354370117,50432,0.9562714695930481,,,,,,,,,,
789,0.18515625596046448,0.18515625596046448,DAD,0.018070459365844727,50496,0.9683514833450317,,,,,,,,,,
790,0.19031250476837158,0.19031250476837158,DAD,0.024750471115112305,50560,0.9573004841804504,,,,,,,,,,
791,0.19218750298023224,0.19218750298023224,DAD,0.020549535751342773,50624,0.965961217880249,,,,,,,,,,
792,0.20109373331069946,0.20109373331069946,DAD,0.021495819091796875,50688,0.943343460559845,,,,,,,,,,
793,0.19968751072883606,0.19968751072883606,DAD,0.020898818969726562,50752,0.9339847564697266,,,,,,,,,,
794,0.18046875298023224,0.18671874701976776,DAD,0.018206119537353516,50816,0.9207357168197632,,,,,,,,,,
795,0.1954687535762787,0.1954687535762787,DAD,0.02072453498840332,50880,0.9718258380889893,,,,,,,,,,
796,0.1809374988079071,0.1809374988079071,DAD,0.020041704177856445,50944,0.928242027759552,,,,,,,,,,
797,0.17906250059604645,0.17906250059604645,DAD,0.018079042434692383,51008,0.9091086387634277,,,,,,,,,,
798,0.18984374403953552,0.18984374403953552,DAD,0.01874518394470215,51072,0.8954800367355347,,,,,,,,,,
799,0.17531250417232513,0.17531250417232513,DAD,0.016255855560302734,51136,0.903385579586029,,,,,,,,,,
800,0.18656249344348907,0.18656249344348907,DAD,0.02056741714477539,51200,0.9290400743484497,0.19804687499999998,0.08179687500000002,1,-0.0,0.0078125,0.0,1,0.0,0.08179687500000002,0
801,0.17812499403953552,0.17812499403953552,DAD,0.015420198440551758,51264,0.8939563035964966,,,,,,,,,,
802,0.17812500894069672,0.17812500894069672,DAD,0.02070164680480957,51328,0.8718709945678711,,,,,,,,,,
803,0.19078125059604645,0.19078125059604645,DAD,0.01872992515563965,51392,0.9523144960403442,,,,,,,,,,
804,0.18468749523162842,0.18468749523162842,DAD,0.01711440086364746,51456,0.9439797401428223,,,,,,,,,,
805,0.19359374046325684,0.19359374046325684,DAD,0.020689010620117188,51520,0.9142342209815979,,,,,,,,,,
806,0.1940625011920929,0.1940625011920929,DAD,0.019886016845703125,51584,0.9020805358886719,,,,,,,,,,
807,0.18843750655651093,0.18843750655651093,DAD,0.01796436309814453,51648,0.8900595307350159,,,,,,,,,,
808,0.20015625655651093,0.20015625655651093,DAD,0.01697707176208496,51712,0.9357239603996277,,,,,,,,,,
809,0.19500000774860382,0.19500000774860382,DAD,0.016050100326538086,51776,0.9366923570632935,,,,,,,,,,
810,0.19687500596046448,0.19687500596046448,DAD,0.015095949172973633,51840,0.8996132612228394,,,,,,,,,,
811,0.18140624463558197,0.18140624463558197,DAD,0.017102479934692383,51904,0.9263886213302612,,,,,,,,,,
812,0.18796876072883606,0.18796876072883606,DAD,0.02059340476989746,51968,0.9067745208740234,,,,,,,,,,
813,0.19500000774860382,0.19500000774860382,DAD,0.02179574966430664,52032,0.8850952386856079,,,,,,,,,,
814,0.20109374821186066,0.20109374821186066,DAD,0.0193634033203125,52096,0.9146329164505005,,,,,,,,,,
815,0.20109376311302185,0.20109376311302185,DAD,0.021634817123413086,52160,0.9540825486183167,,,,,,,,,,
816,0.18656249344348907,0.18656249344348907,DAD,0.018603801727294922,52224,0.9653722047805786,,,,,,,,,,
817,0.20484374463558197,0.20484374463558197,DAD,0.016378164291381836,52288,0.948439359664917,,,,,,,,,,
818,0.1795312464237213,0.1795312464237213,DAD,0.015223503112792969,52352,0.9489176273345947,,,,,,,,,,
819,0.21843750774860382,0.22468750178813934,DAD,0.017621994018554688,52416,1.0045971870422363,,,,,,,,,,
820,0.1795312464237213,0.1795312464237213,DAD,0.016999244689941406,52480,0.9399155378341675,,,,,,,,,,
821,0.1926562488079071,0.1926562488079071,DAD,0.016472339630126953,52544,0.9699667692184448,,,,,,,,,,
822,0.18656250834465027,0.18656250834465027,DAD,0.018462419509887695,52608,0.9162030816078186,,,,,,,,,,
823,0.1912499964237213,0.1912499964237213,DAD,0.017103910446166992,52672,0.9724682569503784,,,,,,,,,,
824,0.1809374988079071,0.1809374988079071,DAD,0.019734859466552734,52736,0.9752210378646851,,,,,,,,,,
825,0.1875000149011612,0.1875000149011612,DAD,0.018471240997314453,52800,0.9312720894813538,0.19874999999999998,0.0825,1,-0.0,0.0078125,0.0,1,0.0,0.0825,0
826,0.18843750655651093,0.18843750655651093,DAD,0.015579700469970703,52864,0.9628446102142334,,,,,,,,,,
827,0.1809374988079071,0.1809374988079071,DAD,0.016041278839111328,52928,0.9320758581161499,,,,,,,,,,
828,0.18796876072883606,0.18796876072883606,DAD,0.016588687896728516,52992,1.0031464099884033,,,,,,,,,,
829,0.1912499964237213,0.1912499964237213,DAD,0.018384933471679688,53056,0.9955943822860718,,,,,,,,,,
830,0.18703125417232513,0.18703125417232513,DAD,0.0215303897857666,53120,0.9549130201339722,,,,,,,,,,
831,0.19687500596046448,0.19687500596046448,DAD,0.018970012664794922,53184,0.9769050478935242,,,,,,,,,,
832,0.2189062535762787,0.2189062535762787,DAD,0.026889324188232422,53248,0.8919965624809265,,,,,,,,,,
833,0.1860937476158142,0.1860937476158142,DAD,0.0208127498626709,53312,0.9422116279602051,,,,,,,,,,
834,0.18703123927116394,0.18703123927116394,DAD,0.022913455963134766,53376,0.9438334703445435,,,,,,,,,,
835,0.17296874523162842,0.17296874523162842,DAD,0.019456863403320312,53440,0.9009637832641602,,,,,,,,,,
836,0.20484375953674316,0.20484375953674316,DAD,0.018817663192749023,53504,0.9499677419662476,,,,,,,,,,
837,0.17765626311302185,0.17765626311302185,DAD,0.01981949806213379,53568,0.9707034826278687,,,,,,,,,,
838,0.18046875298023224,0.18046875298023224,DAD,0.020203351974487305,53632,0.8994336724281311,,,,,,,,,,
839,0.18703123927116394,0.18703123927116394,DAD,0.019721508026123047,53696,0.9233430027961731,,,,,,,,,,
840,0.1926562488079071,0.1926562488079071,DAD,0.018777847290039062,53760,0.8899075984954834,,,,,,,,,,
841,0.19593749940395355,0.19593749940395355,DAD,0.022803544998168945,53824,0.9246232509613037,,,,,,,,,,
842,0.17578125,0.17578125,DAD,0.021097183227539062,53888,0.8918436169624329,,,,,,,,,,
843,0.17765626311302185,0.17765626311302185,DAD,0.018445968627929688,53952,1.0258212089538574,,,,,,,,,,
844,0.18000000715255737,0.18000000715255737,DAD,0.01655101776123047,54016,0.9582884907722473,,,,,,,,,,
845,0.19218751788139343,0.19218751788139343,DAD,0.016265153884887695,54080,0.8635848760604858,,,,,,,,,,
846,0.1837500035762787,0.1837500035762787,DAD,0.01866316795349121,54144,0.9911731481552124,,,,,,,,,,
847,0.20390625298023224,0.20390625298023224,DAD,0.019865036010742188,54208,0.9112716317176819,,,,,,,,,,
848,0.19078125059604645,0.19078125059604645,DAD,0.018912553787231445,54272,0.8950580358505249,,,,,,,,,,
849,0.18843750655651093,0.18843750655651093,DAD,0.021033287048339844,54336,0.9203777313232422,,,,,,,,,,
850,0.19734373688697815,0.19734373688697815,DAD,0.017589569091796875,54400,0.9575470089912415,0.19874999999999998,0.0825,1,-0.0,0.0078125,0.0,1,0.0,0.0825,0
851,0.1837500035762787,0.1837500035762787,DAD,0.01566767692565918,54464,0.9462084770202637,,,,,,,,,,
852,0.17343750596046448,0.17343750596046448,DAD,0.01671624183654785,54528,1.0068427324295044,,,,,,,,,,
853,0.19734376668930054,0.19734376668930054,DAD,0.01718449592590332,54592,0.8631707429885864,,,,,,,,,,
854,0.19593749940395355,0.19593749940395355,DAD,0.016702651977539062,54656,0.8981115221977234,,,,,,,,,,
855,0.19218750298023224,0.19218750298023224,DAD,0.016033649444580078,54720,0.892337441444397,,,,,,,,,,
856,0.1926562488079071,0.1926562488079071,DAD,0.018050670623779297,54784,0.9325080513954163,,,,,,,,,,
857,0.18562500178813934,0.18562500178813934,DAD,0.020708799362182617,54848,0.9573227167129517,,,,,,,,,,
858,0.18937501311302185,0.18937501311302185,DAD,0.02221059799194336,54912,1.0066474676132202,,,,,,,,,,
859,0.19031250476837158,0.19031250476837158,DAD,0.019151687622070312,54976,0.9972622394561768,,,,,,,,,,
860,0.18937499821186066,0.18937499821186066,DAD,0.019453763961791992,55040,1.0302684307098389,,,,,,,,,,
861,0.18140624463558197,0.18140624463558197,DAD,0.01894831657409668,55104,0.9246429800987244,,,,,,,,,,
862,0.18000000715255737,0.18000000715255737,DAD,0.019861936569213867,55168,1.000333309173584,,,,,,,,,,
863,0.2029687464237213,0.2029687464237213,DAD,0.020108699798583984,55232,1.0162403583526611,,,,,,,,,,
864,0.1846875101327896,0.1846875101327896,DAD,0.020861387252807617,55296,1.0139211416244507,,,,,,,,,,
865,0.1926562488079071,0.1926562488079071,DAD,0.018120765686035156,55360,0.9759213924407959,,,,,,,,,,
866,0.19968749582767487,0.19968749582767487,DAD,0.01878213882446289,55424,0.9854272603988647,,,,,,,,,,
867,0.19968749582767487,0.19968749582767487,DAD,0.01700448989868164,55488,0.9519240856170654,,,,,,,,,,
868,0.17390623688697815,0.17390623688697815,DAD,0.016088247299194336,55552,0.9417417645454407,,,,,,,,,,
869,0.1912499964237213,0.1912499964237213,DAD,0.018836259841918945,55616,0.94862961769104,,,,,,,,,,
870,0.20765626430511475,0.20765626430511475,DAD,0.0247955322265625,55680,0.9611220955848694,,,,,,,,,,
871,0.20203125476837158,0.20203125476837158,DAD,0.019028186798095703,55744,0.9270510673522949,,,,,,,,,,
872,0.18562500178813934,0.18562500178813934,DAD,0.017881155014038086,55808,0.8699814677238464,,,,,,,,,,
873,0.17671875655651093,0.17671875655651093,DAD,0.02477288246154785,55872,0.9335644245147705,,,,,,,,,,
874,0.19359375536441803,0.19359375536441803,DAD,0.022402286529541016,55936,0.9038524031639099,,,,,,,,,,
875,0.18515625596046448,0.18515625596046448,DAD,0.017893314361572266,56000,0.913887619972229,0.19874999999999998,0.0825,1,-0.0,0.0078125,0.0,1,0.0,0.0825,0
876,0.18656249344348907,0.18656249344348907,DAD,0.015854835510253906,56064,1.03616464138031,,,,,,,,,,
877,0.1954687535762787,0.1954687535762787,DAD,0.016730308532714844,56128,0.9137820601463318,,,,,,,,,,
878,0.19968749582767487,0.19968749582767487,DAD,0.01781153678894043,56192,0.8722503185272217,,,,,,,,,,
879,0.19312500953674316,0.19312500953674316,DAD,0.021391868591308594,56256,0.9418210983276367,,,,,,,,,,
880,0.18843749165534973,0.18843749165534973,DAD,0.024389266967773438,56320,0.9044508934020996,,,,,,,,,,
881,0.18796873092651367,0.18796873092651367,DAD,0.02210712432861328,56384,0.917098343372345,,,,,,,,,,
882,0.1795312464237213,0.1795312464237213,DAD,0.022870540618896484,56448,0.9335089921951294,,,,,,,,,,
883,0.19218750298023224,0.19218750298023224,DAD,0.01961064338684082,56512,0.9216586947441101,,,,,,,,,,
884,0.20390626788139343,0.20390626788139343,DAD,0.03567767143249512,56576,0.9306901693344116,,,,,,,,,,
885,0.1954687535762787,0.1954687535762787,DAD,0.01540994644165039,56640,0.8738510012626648,,,,,,,,,,
886,0.19312500953674316,0.19312500953674316,DAD,0.016837358474731445,56704,0.9484549164772034,,,,,,,,,,
887,0.19078126549720764,0.19078126549720764,DAD,0.034123897552490234,56768,0.9366136789321899,,,,,,,,,,
888,0.19078125059604645,0.19078125059604645,DAD,0.0170896053314209,56832,0.9565920829772949,,,,,,,,,,
889,0.1771875023841858,0.1771875023841858,DAD,0.015615701675415039,56896,0.9324415922164917,,,,,,,,,,
890,0.21656249463558197,0.21656249463558197,DAD,0.014773130416870117,56960,0.9210473895072937,,,,,,,,,,
891,0.18421876430511475,0.18421876430511475,DAD,0.014787912368774414,57024,0.9238168001174927,,,,,,,,,,
892,0.20109374821186066,0.20109374821186066,DAD,0.01502537727355957,57088,0.8722611665725708,,,,,,,,,,
893,0.1940625011920929,0.1940625011920929,DAD,0.016002893447875977,57152,0.9450512528419495,,,,,,,,,,
894,0.1823437511920929,0.1823437511920929,DAD,0.015740633010864258,57216,0.9284095764160156,,,,,,,,,,
895,0.19453126192092896,0.19453126192092896,DAD,0.015112161636352539,57280,0.9476655125617981,,,,,,,,,,
896,0.2006250023841858,0.2006250023841858,DAD,0.016541719436645508,57344,0.9505617618560791,,,,,,,,,,
897,0.19593749940395355,0.19593749940395355,DAD,0.015299081802368164,57408,0.8839612603187561,,,,,,,,,,
898,0.1875,0.1875,DAD,0.016302824020385742,57472,0.8952619433403015,,,,,,,,,,
899,0.1940625011920929,0.1940625011920929,DAD,0.019260406494140625,57536,0.9420372843742371,,,,,,,,,,
900,0.20531249046325684,0.20531249046325684,DAD,0.017125368118286133,57600,0.9480305910110474,0.19874999999999998,0.0825,1,-0.0,0.0078125,0.0,1,0.0,0.0825,0
901,0.19312500953674316,0.19312500953674316,DAD,0.015334367752075195,57664,0.933649480342865,,,,,,,,,,
902,0.19453126192092896,0.19453126192092896,DAD,0.01694965362548828,57728,0.9128443002700806,,,,,,,,,,
903,0.1771875023841858,0.1771875023841858,DAD,0.01514434814453125,57792,0.9377318620681763,,,,,,,,,,
904,0.19828125834465027,0.19828125834465027,DAD,0.022799968719482422,57856,0.9547089338302612,,,,,,,,,,
905,0.20250001549720764,0.20250001549720764,DAD,0.027092456817626953,57920,0.9806271195411682,,,,,,,,,,
906,0.17671875655651093,0.17671875655651093,DAD,0.024652481079101562,57984,0.9457650184631348,,,,,,,,,,
907,0.18515625596046448,0.18515625596046448,DAD,0.030047178268432617,58048,0.9912329316139221,,,,,,,,,,
908,0.1860937476158142,0.1860937476158142,DAD,0.019371986389160156,58112,0.9514169692993164,,,,,,,,,,
909,0.18796876072883606,0.18796876072883606,DAD,0.019637107849121094,58176,0.9078202247619629,,,,,,,,,,
910,0.1912499964237213,0.1912499964237213,DAD,0.017342090606689453,58240,1.0219604969024658,,,,,,,,,,
911,0.19312500953674316,0.19312500953674316,DAD,0.016850709915161133,58304,1.0035957098007202,,,,,,,,,,
912,0.2043749988079071,0.2043749988079071,DAD,0.016414165496826172,58368,1.0254987478256226,,,,,,,,,,
913,0.19031250476837158,0.19031250476837158,DAD,0.016990184783935547,58432,1.044729471206665,,,,,,,,,,
914,0.19171875715255737,0.19171875715255737,DAD,0.019837617874145508,58496,1.0028748512268066,,,,,,,,,,
915,0.18140624463558197,0.18140624463558197,DAD,0.01789402961730957,58560,1.0039753913879395,,,,,,,,,,
916,0.19078125059604645,0.19078125059604645,DAD,0.017693042755126953,58624,0.9700477123260498,,,,,,,,,,
917,0.19640624523162842,0.19640624523162842,DAD,0.02627849578857422,58688,1.0124685764312744,,,,,,,,,,
918,0.2123437523841858,0.2123437523841858,DAD,0.01597738265991211,58752,1.0098762512207031,,,,,,,,,,
919,0.1954687386751175,0.1954687386751175,DAD,0.015023946762084961,58816,0.9520085453987122,,,,,,,,,,
920,0.18984374403953552,0.18984374403953552,DAD,0.014931201934814453,58880,0.9754595756530762,,,,,,,,,,
921,0.17999999225139618,0.17999999225139618,DAD,0.014932394027709961,58944,0.9934639930725098,,,,,,,,,,
922,0.18187500536441803,0.18187500536441803,DAD,0.01475381851196289,59008,1.0412421226501465,,,,,,,,,,
923,0.1912499964237213,0.1912499964237213,DAD,0.014600992202758789,59072,1.0936849117279053,,,,,,,,,,
924,0.19734376668930054,0.19734376668930054,DAD,0.014690637588500977,59136,1.126912236213684,,,,,,,,,,
925,0.1823437511920929,0.1823437511920929,DAD,0.014714717864990234,59200,1.056372880935669,0.19874999999999998,0.0825,1,-0.0,0.0078125,0.0,1,0.0,0.0825,0
926,0.19031250476837158,0.19031250476837158,DAD,0.01494145393371582,59264,1.0509169101715088,,,,,,,,,,
927,0.1926562488079071,0.1926562488079071,DAD,0.014609098434448242,59328,1.1295983791351318,,,,,,,,,,
928,0.1771875023841858,0.1771875023841858,DAD,0.01446533203125,59392,1.0787303447723389,,,,,,,,,,
929,0.19453124701976776,0.19453124701976776,DAD,0.014621734619140625,59456,1.1473841667175293,,,,,,,,,,
930,0.18796876072883606,0.18796876072883606,DAD,0.01467585563659668,59520,1.0682029724121094,,,,,,,,,,
931,0.20812499523162842,0.20812499523162842,DAD,0.014483451843261719,59584,1.0761505365371704,,,,,,,,,,
932,0.18140625953674316,0.18140625953674316,DAD,0.014642953872680664,59648,1.089707612991333,,,,,,,,,,
933,0.1823437511920929,0.1823437511920929,DAD,0.014722108840942383,59712,1.196014642715454,,,,,,,,,,
934,0.19828125834465027,0.19828125834465027,DAD,0.014652729034423828,59776,1.0683979988098145,,,,,,,,,,
935,0.19687500596046448,0.19687500596046448,DAD,0.014689922332763672,59840,1.0717110633850098,,,,,,,,,,
936,0.17578125,0.17578125,DAD,0.014592409133911133,59904,1.1302084922790527,,,,,,,,,,
937,0.1978124976158142,0.1978124976158142,DAD,0.014549016952514648,59968,1.1008223295211792,,,,,,,,,,
938,0.18656250834465027,0.18656250834465027,DAD,0.014501094818115234,60032,1.1575522422790527,,,,,,,,,,
939,0.1978124976158142,0.1978124976158142,DAD,0.014549732208251953,60096,1.134040117263794,,,,,,,,,,
940,0.19078123569488525,0.19078123569488525,DAD,0.01450800895690918,60160,1.1631321907043457,,,,,,,,,,
941,0.19078125059604645,0.19078125059604645,DAD,0.014458894729614258,60224,1.0565471649169922,,,,,,,,,,
942,0.20765626430511475,0.20765626430511475,DAD,0.014510154724121094,60288,1.1526579856872559,,,,,,,,,,
943,0.18187500536441803,0.18187500536441803,DAD,0.01462697982788086,60352,1.1013844013214111,,,,,,,,,,
944,0.1978124976158142,0.1978124976158142,DAD,0.014605998992919922,60416,1.060835599899292,,,,,,,,,,
945,0.20390623807907104,0.20390623807907104,DAD,0.014472007751464844,60480,1.2069580554962158,,,,,,,,,,
946,0.1860937476158142,0.1860937476158142,DAD,0.014728784561157227,60544,1.091712236404419,,,,,,,,,,
947,0.19218750298023224,0.19218750298023224,DAD,0.014519691467285156,60608,1.043927550315857,,,,,,,,,,
948,0.18843749165534973,0.18843749165534973,DAD,0.014722824096679688,60672,1.0944385528564453,,,,,,,,,,
949,0.20765626430511475,0.20765626430511475,DAD,0.014570474624633789,60736,1.08998703956604,,,,,,,,,,
950,0.20343750715255737,0.20343750715255737,DAD,0.01446390151977539,60800,1.087646245956421,0.19874999999999998,0.0825,1,-0.0,0.0078125,0.0,1,0.0,0.0825,0
951,0.19453124701976776,0.19453124701976776,DAD,0.014865398406982422,60864,1.1146092414855957,,,,,,,,,,
952,0.20109376311302185,0.20109376311302185,DAD,0.014655590057373047,60928,1.053593635559082,,,,,,,,,,
953,0.1940625011920929,0.1940625011920929,DAD,0.014658212661743164,60992,1.0748050212860107,,,,,,,,,,
954,0.1912499964237213,0.1912499964237213,DAD,0.015170574188232422,61056,1.1256853342056274,,,,,,,,,,
955,0.19499999284744263,0.19499999284744263,DAD,0.01477193832397461,61120,1.1032748222351074,,,,,,,,,,
956,0.19359375536441803,0.19359375536441803,DAD,0.014632701873779297,61184,1.1234610080718994,,,,,,,,,,
957,0.17578125,0.17578125,DAD,0.014690637588500977,61248,1.1107378005981445,,,,,,,,,,
958,0.1875,0.1875,DAD,0.014759063720703125,61312,1.0870733261108398,,,,,,,,,,
959,0.17578125,0.17578125,DAD,0.014835357666015625,61376,1.0951972007751465,,,,,,,,,,
960,0.1809374988079071,0.1809374988079071,DAD,0.014608144760131836,61440,1.137974500656128,,,,,,,,,,
961,0.17156249284744263,0.17156249284744263,DAD,0.014881372451782227,61504,1.1121184825897217,,,,,,,,,,
962,0.19500000774860382,0.19500000774860382,DAD,0.014803171157836914,61568,1.1292123794555664,,,,,,,,,,
963,0.19031250476837158,0.19031250476837158,DAD,0.014696598052978516,61632,1.1128320693969727,,,,,,,,,,
964,0.20156250894069672,0.20156250894069672,DAD,0.014542341232299805,61696,1.1278495788574219,,,,,,,,,,
965,0.2029687464237213,0.2029687464237213,DAD,0.014541387557983398,61760,1.0988599061965942,,,,,,,,,,
966,0.18703125417232513,0.18703125417232513,DAD,0.014517068862915039,61824,1.0971847772598267,,,,,,,,,,
967,0.18515625596046448,0.18515625596046448,DAD,0.017471790313720703,61888,1.1803107261657715,,,,,,,,,,
968,0.18937501311302185,0.18937501311302185,DAD,0.014496326446533203,61952,1.1045137643814087,,,,,,,,,,
969,0.17578125,0.17578125,DAD,0.014599800109863281,62016,1.1523807048797607,,,,,,,,,,
970,0.19500000774860382,0.19500000774860382,DAD,0.014969587326049805,62080,1.0807137489318848,,,,,,,,,,
971,0.20109374821186066,0.20109374821186066,DAD,0.014917850494384766,62144,1.1779276132583618,,,,,,,,,,
972,0.18421876430511475,0.18421876430511475,DAD,0.015609502792358398,62208,1.135056495666504,,,,,,,,,,
973,0.20906250178813934,0.20906250178813934,DAD,0.014677762985229492,62272,1.2073076963424683,,,,,,,,,,
974,0.17625001072883606,0.17625001072883606,DAD,0.01459956169128418,62336,1.0831414461135864,,,,,,,,,,
975,0.17390625178813934,0.17390625178813934,DAD,0.014838695526123047,62400,1.1027350425720215,0.195,0.07875,1,-0.0,0.0078125,0.0,1,0.0,0.07875,0
976,0.19078125059604645,0.19078125059604645,DAD,0.015039682388305664,62464,1.1110270023345947,,,,,,,,,,
977,0.1837500035762787,0.1837500035762787,DAD,0.014595270156860352,62528,1.152949571609497,,,,,,,,,,
978,0.18281249701976776,0.18281249701976776,DAD,0.014542341232299805,62592,1.1051687002182007,,,,,,,,,,
979,0.18328124284744263,0.18328124284744263,DAD,0.014697074890136719,62656,1.1000607013702393,,,,,,,,,,
980,0.1954687535762787,0.1954687535762787,DAD,0.014861345291137695,62720,1.117180347442627,,,,,,,,,,
981,0.1860937476158142,0.1860937476158142,DAD,0.01462697982788086,62784,1.1497273445129395,,,,,,,,,,
982,0.2006250023841858,0.2006250023841858,DAD,0.014811038970947266,62848,1.0895957946777344,,,,,,,,,,
983,0.1875,0.1875,DAD,0.014679908752441406,62912,1.110199213027954,,,,,,,,,,
984,0.2006250023841858,0.2006250023841858,DAD,0.014968395233154297,62976,1.0676560401916504,,,,,,,,,,
985,0.18187499046325684,0.18187499046325684,DAD,0.01484370231628418,63040,1.1682288646697998,,,,,,,,,,
986,0.2006250023841858,0.2006250023841858,DAD,0.0171663761138916,63104,1.166540265083313,,,,,,,,,,
987,0.20484375953674316,0.20484375953674316,DAD,0.014502763748168945,63168,1.0647814273834229,,,,,,,,,,
988,0.19453124701976776,0.19453124701976776,DAD,0.015290975570678711,63232,1.1428693532943726,,,,,,,,,,
989,0.1912499964237213,0.1912499964237213,DAD,0.014556169509887695,63296,1.105515718460083,,,,,,,,,,
990,0.1860937476158142,0.1860937476158142,DAD,0.014924764633178711,63360,1.0905754566192627,,,,,,,,,,
991,0.19453124701976776,0.19453124701976776,DAD,0.014637231826782227,63424,1.108320713043213,,,,,,,,,,
992,0.19171875715255737,0.19171875715255737,DAD,0.014641046524047852,63488,1.0435044765472412,,,,,,,,,,
993,0.20250000059604645,0.20250000059604645,DAD,0.014530181884765625,63552,1.0993506908416748,,,,,,,,,,
994,0.21843749284744263,0.21843749284744263,DAD,0.015552759170532227,63616,1.0790021419525146,,,,,,,,,,
995,0.19734375178813934,0.19734375178813934,DAD,0.015003681182861328,63680,1.059185266494751,,,,,,,,,,
996,0.19031250476837158,0.19031250476837158,DAD,0.014711380004882812,63744,1.0768276453018188,,,,,,,,,,
997,0.17578125,0.17578125,DAD,0.014538049697875977,63808,1.107548475265503,,,,,,,,,,
998,0.20765626430511475,0.20765626430511475,DAD,0.014815807342529297,63872,1.053920030593872,,,,,,,,,,
999,0.19218750298023224,0.19218750298023224,DAD,0.014702558517456055,63936,1.0372295379638672,,,,,,,,,,
1000,0.18656250834465027,0.18656250834465027,DAD,0.014710664749145508,64000,1.048325538635254,0.19874999999999998,0.0825,1,-0.0,0.0078125,0.0,1,0.0,0.0825,0
