update,mean_train_u_ctrl,mean_train_control_cost,method,update_seconds,trajectories_sampled,policy_entropy,validation_mean_u_ctrl,validation_mean_mocu,validation_n_unique_sequences,validation_sequence_entropy,validation_unique_frac,validation_under_control_rate,validation_valid,validation_mean_shortfall,validation_checkpoint_score,validation_meets_unique_floor
1,0.2503125071525574,0.2503125071525574,RL-sBOED,0.2538642883300781,64,3.368964910507202,,,,,,,,,,
2,0.24046874046325684,0.24671874940395355,RL-sBOED,0.03495001792907715,128,3.356818914413452,,,,,,,,,,
3,0.2381249964237213,0.2381249964237213,RL-sBOED,0.03269529342651367,192,3.3398003578186035,,,,,,,,,,
4,0.2395312488079071,0.2395312488079071,RL-sBOED,0.037067413330078125,256,3.3115217685699463,,,,,,,,,,
5,0.23906251788139343,0.23906251788139343,RL-sBOED,0.0328669548034668,320,3.27543306350708,,,,,,,,,,
6,0.2292187511920929,0.2292187511920929,RL-sBOED,0.04828500747680664,384,3.229215145111084,,,,,,,,,,
7,0.2315625101327896,0.2315625101327896,RL-sBOED,0.048395395278930664,448,3.1678972244262695,,,,,,,,,,
8,0.22499999403953552,0.22499999403953552,RL-sBOED,0.05893850326538086,512,3.095236301422119,,,,,,,,,,
9,0.23109376430511475,0.23109376430511475,RL-sBOED,0.049053192138671875,576,2.9948151111602783,,,,,,,,,,
10,0.22312501072883606,0.22312501072883606,RL-sBOED,0.03594255447387695,640,2.8901162147521973,,,,,,,,,,
11,0.23390623927116394,0.23390623927116394,RL-sBOED,0.03239893913269043,704,2.804194688796997,,,,,,,,,,
12,0.20531250536441803,0.20531250536441803,RL-sBOED,0.03455948829650879,768,2.6862003803253174,,,,,,,,,,
13,0.21000000834465027,0.21000000834465027,RL-sBOED,0.03202009201049805,832,2.5366437435150146,,,,,,,,,,
14,0.21562500298023224,0.21562500298023224,RL-sBOED,0.031914710998535156,896,2.390021324157715,,,,,,,,,,
15,0.21328124403953552,0.21328124403953552,RL-sBOED,0.031009674072265625,960,2.27932071685791,,,,,,,,,,
16,0.21515624225139618,0.21515624225139618,RL-sBOED,0.033739566802978516,1024,2.1888208389282227,,,,,,,,,,
17,0.20859375596046448,0.20859375596046448,RL-sBOED,0.03203868865966797,1088,2.108942985534668,,,,,,,,,,
18,0.21140626072883606,0.21140626072883606,RL-sBOED,0.03535628318786621,1152,2.0669164657592773,,,,,,,,,,
19,0.20390625298023224,0.20390625298023224,RL-sBOED,0.03880715370178223,1216,2.0996203422546387,,,,,,,,,,
20,0.21281249821186066,0.21281249821186066,RL-sBOED,0.046857357025146484,1280,2.115015983581543,,,,,,,,,,
21,0.20250001549720764,0.20250001549720764,RL-sBOED,0.0530247688293457,1344,2.028489589691162,,,,,,,,,,
22,0.1954687535762787,0.1954687535762787,RL-sBOED,0.03482627868652344,1408,2.0758578777313232,,,,,,,,,,
23,0.21515625715255737,0.21515625715255737,RL-sBOED,0.0332331657409668,1472,2.0258140563964844,,,,,,,,,,
24,0.2043749988079071,0.2043749988079071,RL-sBOED,0.032590627670288086,1536,1.9037401676177979,,,,,,,,,,
25,0.20390625298023224,0.20390625298023224,RL-sBOED,0.042389869689941406,1600,1.840927243232727,0.20015624999999998,0.08390625000000002,2,0.665424209604653,0.015625,0.0,1,0.0,0.08390625000000002,0
26,0.1926562488079071,0.1926562488079071,RL-sBOED,0.028792381286621094,1664,1.746924638748169,,,,,,,,,,
27,0.2057812511920929,0.2057812511920929,RL-sBOED,0.03336811065673828,1728,1.7474546432495117,,,,,,,,,,
28,0.2095312476158142,0.2095312476158142,RL-sBOED,0.0402224063873291,1792,1.6866098642349243,,,,,,,,,,
29,0.18937499821186066,0.18937499821186066,RL-sBOED,0.03821706771850586,1856,1.7520023584365845,,,,,,,,,,
30,0.19687500596046448,0.19687500596046448,RL-sBOED,0.03575706481933594,1920,1.6594783067703247,,,,,,,,,,
31,0.19921875,0.19921875,RL-sBOED,0.03605818748474121,1984,1.6317696571350098,,,,,,,,,,
32,0.19359375536441803,0.19359375536441803,RL-sBOED,0.04072761535644531,2048,1.5975629091262817,,,,,,,,,,
33,0.21140624582767487,0.21140624582767487,RL-sBOED,0.03178668022155762,2112,1.6844730377197266,,,,,,,,,,
34,0.2109375,0.2109375,RL-sBOED,0.030793190002441406,2176,1.6950318813323975,,,,,,,,,,
35,0.2006250023841858,0.2006250023841858,RL-sBOED,0.030907630920410156,2240,1.8480448722839355,,,,,,,,,,
36,0.1978125125169754,0.1978125125169754,RL-sBOED,0.03125476837158203,2304,1.864877700805664,,,,,,,,,,
37,0.19218750298023224,0.19218750298023224,RL-sBOED,0.04962348937988281,2368,1.7959098815917969,,,,,,,,,,
38,0.18515625596046448,0.18515625596046448,RL-sBOED,0.04392647743225098,2432,1.8704946041107178,,,,,,,,,,
39,0.20203125476837158,0.20203125476837158,RL-sBOED,0.04180622100830078,2496,2.1211256980895996,,,,,,,,,,
40,0.1809374988079071,0.1809374988079071,RL-sBOED,0.03473520278930664,2560,2.0602846145629883,,,,,,,,,,
41,0.19687500596046448,0.19687500596046448,RL-sBOED,0.045308828353881836,2624,1.9707729816436768,,,,,,,,,,
42,0.20671874284744263,0.20671874284744263,RL-sBOED,0.036267757415771484,2688,1.785069227218628,,,,,,,,,,
43,0.20250000059604645,0.20250000059604645,RL-sBOED,0.04458212852478027,2752,1.748462200164795,,,,,,,,,,
44,0.19453126192092896,0.19453126192092896,RL-sBOED,0.03742337226867676,2816,1.5999937057495117,,,,,,,,,,
45,0.19593751430511475,0.19593751430511475,RL-sBOED,0.03468060493469238,2880,1.6009032726287842,,,,,,,,,,
46,0.1860937476158142,0.1860937476158142,RL-sBOED,0.03451704978942871,2944,1.6508020162582397,,,,,,,,,,
47,0.1912499964237213,0.1912499964237213,RL-sBOED,0.033217430114746094,3008,1.663741111755371,,,,,,,,,,
48,0.21515625715255737,0.21515625715255737,RL-sBOED,0.03251814842224121,3072,1.7331013679504395,,,,,,,,,,
49,0.2071875035762787,0.2071875035762787,RL-sBOED,0.036757469177246094,3136,1.5451072454452515,,,,,,,,,,
50,0.19171875715255737,0.19171875715255737,RL-sBOED,0.03381705284118652,3200,1.4264976978302002,0.19289062499999998,0.07664062500000002,1,-0.0,0.0078125,0.0,1,0.0,0.07664062500000002,0
51,0.18703125417232513,0.18703125417232513,RL-sBOED,0.037085771560668945,3264,1.395291805267334,,,,,,,,,,
52,0.20343750715255737,0.20343750715255737,RL-sBOED,0.045879364013671875,3328,1.4261069297790527,,,,,,,,,,
53,0.18140625953674316,0.18140625953674316,RL-sBOED,0.03470015525817871,3392,1.637911319732666,,,,,,,,,,
54,0.19359375536441803,0.19359375536441803,RL-sBOED,0.03344249725341797,3456,1.7133067846298218,,,,,,,,,,
55,0.1875,0.1875,RL-sBOED,0.03148388862609863,3520,1.6096563339233398,,,,,,,,,,
56,0.19687500596046448,0.19687500596046448,RL-sBOED,0.03541207313537598,3584,1.6047641038894653,,,,,,,,,,
57,0.1926562488079071,0.1926562488079071,RL-sBOED,0.038866519927978516,3648,1.554135799407959,,,,,,,,,,
58,0.19593751430511475,0.19593751430511475,RL-sBOED,0.03261089324951172,3712,1.4940707683563232,,,,,,,,,,
59,0.1706250011920929,0.1706250011920929,RL-sBOED,0.0410611629486084,3776,1.3611990213394165,,,,,,,,,,
60,0.19828125834465027,0.19828125834465027,RL-sBOED,0.032802581787109375,3840,1.3989640474319458,,,,,,,,,,
61,0.18515625596046448,0.18515625596046448,RL-sBOED,0.041594505310058594,3904,1.4169526100158691,,,,,,,,,,
62,0.19500000774860382,0.19500000774860382,RL-sBOED,0.031655311584472656,3968,1.4786096811294556,,,,,,,,,,
63,0.1640625,0.1640625,RL-sBOED,0.028937578201293945,4032,1.6947795152664185,,,,,,,,,,
64,0.19078125059604645,0.19078125059604645,RL-sBOED,0.02884840965270996,4096,1.4420192241668701,,,,,,,,,,
65,0.19687500596046448,0.19687500596046448,RL-sBOED,0.0378413200378418,4160,1.4794526100158691,,,,,,,,,,
66,0.20625001192092896,0.20625001192092896,RL-sBOED,0.061250925064086914,4224,1.391406536102295,,,,,,,,,,
67,0.2123437523841858,0.2123437523841858,RL-sBOED,0.04555630683898926,4288,1.484356164932251,,,,,,,,,,
68,0.19078125059604645,0.19078125059604645,RL-sBOED,0.033516645431518555,4352,1.5013372898101807,,,,,,,,,,
69,0.19499999284744263,0.19499999284744263,RL-sBOED,0.03165411949157715,4416,1.4671211242675781,,,,,,,,,,
70,0.18328124284744263,0.18328124284744263,RL-sBOED,0.04708600044250488,4480,1.384213924407959,,,,,,,,,,
71,0.20156249403953552,0.20156249403953552,RL-sBOED,0.05580854415893555,4544,1.4707145690917969,,,,,,,,,,
72,0.18796876072883606,0.18796876072883606,RL-sBOED,0.049506187438964844,4608,1.516249656677246,,,,,,,,,,
73,0.19640624523162842,0.19640624523162842,RL-sBOED,0.0352320671081543,4672,1.4884364604949951,,,,,,,,,,
74,0.20531250536441803,0.20531250536441803,RL-sBOED,0.0377202033996582,4736,1.3207632303237915,,,,,,,,,,
75,0.1912499964237213,0.1912499964237213,RL-sBOED,0.05709338188171387,4800,1.3672904968261719,0.195,0.07875,1,-0.0,0.0078125,0.0,1,0.0,0.07875,0
76,0.19734376668930054,0.19734376668930054,RL-sBOED,0.0286405086517334,4864,1.2855336666107178,,,,,,,,,,
77,0.18562500178813934,0.18562500178813934,RL-sBOED,0.0377352237701416,4928,1.3150086402893066,,,,,,,,,,
78,0.1837500035762787,0.1837500035762787,RL-sBOED,0.03294229507446289,4992,1.4022467136383057,,,,,,,,,,
79,0.1954687535762787,0.1954687535762787,RL-sBOED,0.0328981876373291,5056,1.5715700387954712,,,,,,,,,,
80,0.19312500953674316,0.19312500953674316,RL-sBOED,0.045392513275146484,5120,1.4683150053024292,,,,,,,,,,
81,0.18703123927116394,0.18703123927116394,RL-sBOED,0.03460526466369629,5184,1.4730751514434814,,,,,,,,,,
82,0.1940625011920929,0.1940625011920929,RL-sBOED,0.04105544090270996,5248,1.4021918773651123,,,,,,,,,,
83,0.18984375894069672,0.18984375894069672,RL-sBOED,0.03603053092956543,5312,1.3957799673080444,,,,,,,,,,
84,0.19593749940395355,0.19593749940395355,RL-sBOED,0.048926353454589844,5376,1.3351085186004639,,,,,,,,,,
85,0.1903124898672104,0.1903124898672104,RL-sBOED,0.037430524826049805,5440,1.3198918104171753,,,,,,,,,,
86,0.1823437511920929,0.1823437511920929,RL-sBOED,0.033657073974609375,5504,1.2433712482452393,,,,,,,,,,
87,0.19218750298023224,0.19218750298023224,RL-sBOED,0.04896664619445801,5568,1.2157695293426514,,,,,,,,,,
88,0.20015624165534973,0.20015624165534973,RL-sBOED,0.03794670104980469,5632,1.2687557935714722,,,,,,,,,,
89,0.20343750715255737,0.20343750715255737,RL-sBOED,0.03767967224121094,5696,1.2776422500610352,,,,,,,,,,
90,0.19312500953674316,0.19312500953674316,RL-sBOED,0.03341102600097656,5760,1.1941468715667725,,,,,,,,,,
91,0.18187500536441803,0.18187500536441803,RL-sBOED,0.03783869743347168,5824,1.2497409582138062,,,,,,,,,,
92,0.1875,0.1875,RL-sBOED,0.03619813919067383,5888,1.1500403881072998,,,,,,,,,,
93,0.20343750715255737,0.20343750715255737,RL-sBOED,0.039830684661865234,5952,1.1452162265777588,,,,,,,,,,
94,0.1954687535762787,0.1954687535762787,RL-sBOED,0.046111345291137695,6016,1.1841684579849243,,,,,,,,,,
95,0.19359374046325684,0.19359374046325684,RL-sBOED,0.05424857139587402,6080,1.1478461027145386,,,,,,,,,,
96,0.19031250476837158,0.19031250476837158,RL-sBOED,0.036898136138916016,6144,1.3739324808120728,,,,,,,,,,
97,0.1940625011920929,0.1940625011920929,RL-sBOED,0.041113853454589844,6208,1.429445743560791,,,,,,,,,,
98,0.20015624165534973,0.20015624165534973,RL-sBOED,0.04186701774597168,6272,1.363760232925415,,,,,,,,,,
99,0.19078125059604645,0.19078125059604645,RL-sBOED,0.04050850868225098,6336,1.3956234455108643,,,,,,,,,,
100,0.18796874582767487,0.18796874582767487,RL-sBOED,0.046283721923828125,6400,1.2937211990356445,0.194296875,0.07804687500000002,1,-0.0,0.0078125,0.0,1,0.0,0.07804687500000002,0
101,0.1875,0.1875,RL-sBOED,0.028772830963134766,6464,1.249086856842041,,,,,,,,,,
102,0.2071875035762787,0.2071875035762787,RL-sBOED,0.038509368896484375,6528,1.2231156826019287,,,,,,,,,,
103,0.18843749165534973,0.18843749165534973,RL-sBOED,0.03336334228515625,6592,1.2164006233215332,,,,,,,,,,
104,0.19921875,0.19921875,RL-sBOED,0.031007766723632812,6656,1.2590970993041992,,,,,,,,,,
105,0.20624999701976776,0.20624999701976776,RL-sBOED,0.030521392822265625,6720,1.2461645603179932,,,,,,,,,,
106,0.19875000417232513,0.19875000417232513,RL-sBOED,0.03963112831115723,6784,1.1699130535125732,,,,,,,,,,
107,0.19968749582767487,0.19968749582767487,RL-sBOED,0.03694605827331543,6848,1.2102009057998657,,,,,,,,,,
108,0.18703125417232513,0.18703125417232513,RL-sBOED,0.03216695785522461,6912,1.1352007389068604,,,,,,,,,,
109,0.18140625953674316,0.18140625953674316,RL-sBOED,0.035875558853149414,6976,1.2695446014404297,,,,,,,,,,
110,0.18468749523162842,0.18468749523162842,RL-sBOED,0.03666257858276367,7040,1.3269603252410889,,,,,,,,,,
111,0.19031250476837158,0.19031250476837158,RL-sBOED,0.0406646728515625,7104,1.1890411376953125,,,,,,,,,,
112,0.1837500035762787,0.1837500035762787,RL-sBOED,0.041960954666137695,7168,1.209466814994812,,,,,,,,,,
113,0.1875,0.1875,RL-sBOED,0.06331515312194824,7232,1.2029294967651367,,,,,,,,,,
114,0.19593751430511475,0.19593751430511475,RL-sBOED,0.04962754249572754,7296,1.2243950366973877,,,,,,,,,,
115,0.2029687613248825,0.2029687613248825,RL-sBOED,0.03568625450134277,7360,1.2040209770202637,,,,,,,,,,
116,0.20109374821186066,0.20109374821186066,RL-sBOED,0.04247689247131348,7424,1.1632080078125,,,,,,,,,,
117,0.1912499964237213,0.1912499964237213,RL-sBOED,0.041870832443237305,7488,1.2152478694915771,,,,,,,,,,
118,0.20015625655651093,0.20015625655651093,RL-sBOED,0.04154181480407715,7552,1.1832410097122192,,,,,,,,,,
119,0.18984374403953552,0.18984374403953552,RL-sBOED,0.04308724403381348,7616,1.221698522567749,,,,,,,,,,
120,0.19453124701976776,0.19453124701976776,RL-sBOED,0.0336308479309082,7680,1.2811540365219116,,,,,,,,,,
121,0.20343750715255737,0.20343750715255737,RL-sBOED,0.036475419998168945,7744,1.2697441577911377,,,,,,,,,,
122,0.21562500298023224,0.21562500298023224,RL-sBOED,0.037694692611694336,7808,1.2761240005493164,,,,,,,,,,
123,0.20109374821186066,0.20109374821186066,RL-sBOED,0.043662071228027344,7872,1.3365797996520996,,,,,,,,,,
124,0.19218750298023224,0.19218750298023224,RL-sBOED,0.04099297523498535,7936,1.2610392570495605,,,,,,,,,,
125,0.18000000715255737,0.18000000715255737,RL-sBOED,0.0323333740234375,8000,1.1532256603240967,0.195,0.07875,1,-0.0,0.0078125,0.0,1,0.0,0.07875,0
126,0.18843750655651093,0.18843750655651093,RL-sBOED,0.028572559356689453,8064,1.132055640220642,,,,,,,,,,
127,0.19593749940395355,0.19593749940395355,RL-sBOED,0.03709244728088379,8128,1.1276167631149292,,,,,,,,,,
128,0.19640624523162842,0.19640624523162842,RL-sBOED,0.03909182548522949,8192,1.1206446886062622,,,,,,,,,,
129,0.19218750298023224,0.19218750298023224,RL-sBOED,0.03831839561462402,8256,1.0853962898254395,,,,,,,,,,
130,0.1978124976158142,0.1978124976158142,RL-sBOED,0.03416633605957031,8320,1.0840702056884766,,,,,,,,,,
131,0.1912499964237213,0.1912499964237213,RL-sBOED,0.03160881996154785,8384,1.0714939832687378,,,,,,,,,,
132,0.20156250894069672,0.20156250894069672,RL-sBOED,0.034308671951293945,8448,1.2474220991134644,,,,,,,,,,
133,0.1954687535762787,0.1954687535762787,RL-sBOED,0.048929452896118164,8512,1.1698009967803955,,,,,,,,,,
134,0.1860937476158142,0.1860937476158142,RL-sBOED,0.05298590660095215,8576,1.149666666984558,,,,,,,,,,
135,0.2043749988079071,0.2043749988079071,RL-sBOED,0.05013704299926758,8640,1.2042423486709595,,,,,,,,,,
136,0.19078123569488525,0.19078123569488525,RL-sBOED,0.06752133369445801,8704,1.1939736604690552,,,,,,,,,,
137,0.1940625011920929,0.1940625011920929,RL-sBOED,0.052010536193847656,8768,1.112175703048706,,,,,,,,,,
138,0.19874998927116394,0.19874998927116394,RL-sBOED,0.03796696662902832,8832,1.131961464881897,,,,,,,,,,
139,0.1926562488079071,0.1926562488079071,RL-sBOED,0.056679487228393555,8896,1.1402320861816406,,,,,,,,,,
140,0.19687500596046448,0.19687500596046448,RL-sBOED,0.04370927810668945,8960,1.0591317415237427,,,,,,,,,,
141,0.1823437511920929,0.1823437511920929,RL-sBOED,0.04664969444274902,9024,1.085629940032959,,,,,,,,,,
142,0.19968751072883606,0.19968751072883606,RL-sBOED,0.04032444953918457,9088,1.13096284866333,,,,,,,,,,
143,0.18281249701976776,0.18281249701976776,RL-sBOED,0.032431840896606445,9152,1.2342913150787354,,,,,,,,,,
144,0.18046873807907104,0.18046873807907104,RL-sBOED,0.03476858139038086,9216,1.0976933240890503,,,,,,,,,,
145,0.17765626311302185,0.17765626311302185,RL-sBOED,0.0374751091003418,9280,1.0748833417892456,,,,,,,,,,
146,0.19359374046325684,0.19359374046325684,RL-sBOED,0.04401063919067383,9344,1.1331573724746704,,,,,,,,,,
147,0.20343750715255737,0.20343750715255737,RL-sBOED,0.0338129997253418,9408,1.1382336616516113,,,,,,,,,,
148,0.18843749165534973,0.18843749165534973,RL-sBOED,0.045099735260009766,9472,1.118973970413208,,,,,,,,,,
149,0.18703125417232513,0.18703125417232513,RL-sBOED,0.044003963470458984,9536,1.1258832216262817,,,,,,,,,,
150,0.1889062523841858,0.1889062523841858,RL-sBOED,0.03396272659301758,9600,1.0437159538269043,0.195,0.07875,1,-0.0,0.0078125,0.0,1,0.0,0.07875,0
151,0.17765624821186066,0.17765624821186066,RL-sBOED,0.02896404266357422,9664,1.0194610357284546,,,,,,,,,,
152,0.20531249046325684,0.20531249046325684,RL-sBOED,0.034825801849365234,9728,1.049159049987793,,,,,,,,,,
153,0.20343750715255737,0.20343750715255737,RL-sBOED,0.03418922424316406,9792,1.0778491497039795,,,,,,,,,,
154,0.19828124344348907,0.19828124344348907,RL-sBOED,0.031696319580078125,9856,1.1658604145050049,,,,,,,,,,
155,0.20109374821186066,0.20109374821186066,RL-sBOED,0.04373431205749512,9920,1.0929608345031738,,,,,,,,,,
156,0.18187500536441803,0.18187500536441803,RL-sBOED,0.04633641242980957,9984,1.1570026874542236,,,,,,,,,,
157,0.1912499964237213,0.1912499964237213,RL-sBOED,0.047187089920043945,10048,1.0687330961227417,,,,,,,,,,
158,0.19171875715255737,0.19171875715255737,RL-sBOED,0.038222551345825195,10112,1.1107348203659058,,,,,,,,,,
159,0.1926562488079071,0.1926562488079071,RL-sBOED,0.032436370849609375,10176,1.1441075801849365,,,,,,,,,,
160,0.1978124976158142,0.1978124976158142,RL-sBOED,0.04370284080505371,10240,1.1017553806304932,,,,,,,,,,
161,0.19593749940395355,0.19593749940395355,RL-sBOED,0.058518171310424805,10304,1.1156253814697266,,,,,,,,,,
162,0.19687500596046448,0.19687500596046448,RL-sBOED,0.03812813758850098,10368,1.157705307006836,,,,,,,,,,
163,0.20203125476837158,0.20203125476837158,RL-sBOED,0.0510714054107666,10432,1.0808223485946655,,,,,,,,,,
164,0.2109375,0.2109375,RL-sBOED,0.03101348876953125,10496,1.040999174118042,,,,,,,,,,
165,0.18703125417232513,0.18703125417232513,RL-sBOED,0.031010866165161133,10560,0.9279414415359497,,,,,,,,,,
166,0.19640624523162842,0.19640624523162842,RL-sBOED,0.0346074104309082,10624,0.9966939687728882,,,,,,,,,,
167,0.2095312625169754,0.2095312625169754,RL-sBOED,0.035967111587524414,10688,0.9482076168060303,,,,,,,,,,
168,0.19453126192092896,0.19453126192092896,RL-sBOED,0.033251047134399414,10752,0.9483511447906494,,,,,,,,,,
169,0.1954687535762787,0.1954687535762787,RL-sBOED,0.045963287353515625,10816,0.9553006887435913,,,,,,,,,,
170,0.18046873807907104,0.18046873807907104,RL-sBOED,0.05487060546875,10880,0.9814400672912598,,,,,,,,,,
171,0.21046873927116394,0.21046873927116394,RL-sBOED,0.03334927558898926,10944,1.0129616260528564,,,,,,,,,,
172,0.20250000059604645,0.20250000059604645,RL-sBOED,0.030624866485595703,11008,1.0124880075454712,,,,,,,,,,
173,0.18140624463558197,0.18140624463558197,RL-sBOED,0.03661537170410156,11072,0.9561144709587097,,,,,,,,,,
174,0.1860937476158142,0.1860937476158142,RL-sBOED,0.04662895202636719,11136,0.9432605504989624,,,,,,,,,,
175,0.18421873450279236,0.18421873450279236,RL-sBOED,0.042307376861572266,11200,0.9979382753372192,0.197578125,0.081328125,2,0.045688389073983635,0.015625,0.0,1,0.0,0.081328125,0
176,0.20859374105930328,0.20859374105930328,RL-sBOED,0.03012824058532715,11264,0.9994023442268372,,,,,,,,,,
177,0.19828124344348907,0.19828124344348907,RL-sBOED,0.030545949935913086,11328,0.997122049331665,,,,,,,,,,
178,0.18000000715255737,0.18000000715255737,RL-sBOED,0.0358889102935791,11392,1.0273206233978271,,,,,,,,,,
179,0.19921875,0.19921875,RL-sBOED,0.03879356384277344,11456,1.0082635879516602,,,,,,,,,,
180,0.19453126192092896,0.19453126192092896,RL-sBOED,0.04563784599304199,11520,0.9535501003265381,,,,,,,,,,
181,0.21046875417232513,0.21046875417232513,RL-sBOED,0.03273749351501465,11584,0.8612927794456482,,,,,,,,,,
182,0.1912499964237213,0.1912499964237213,RL-sBOED,0.03545260429382324,11648,0.9462064504623413,,,,,,,,,,
183,0.20484375953674316,0.20484375953674316,RL-sBOED,0.04747486114501953,11712,0.9131729602813721,,,,,,,,,,
184,0.20343750715255737,0.20343750715255737,RL-sBOED,0.0391385555267334,11776,1.0494937896728516,,,,,,,,,,
185,0.19500000774860382,0.19500000774860382,RL-sBOED,0.03379702568054199,11840,0.8256088495254517,,,,,,,,,,
186,0.1795312464237213,0.1795312464237213,RL-sBOED,0.04864239692687988,11904,0.7520780563354492,,,,,,,,,,
187,0.20859375596046448,0.20859375596046448,RL-sBOED,0.040062665939331055,11968,0.867138683795929,,,,,,,,,,
188,0.19968751072883606,0.19968751072883606,RL-sBOED,0.04720592498779297,12032,0.7018725872039795,,,,,,,,,,
189,0.1875,0.1875,RL-sBOED,0.031861066818237305,12096,0.7191922664642334,,,,,,,,,,
190,0.20765624940395355,0.20765624940395355,RL-sBOED,0.04407930374145508,12160,0.7059524059295654,,,,,,,,,,
191,0.19031250476837158,0.19031250476837158,RL-sBOED,0.0449678897857666,12224,0.7823354005813599,,,,,,,,,,
192,0.18843750655651093,0.18843750655651093,RL-sBOED,0.03152894973754883,12288,0.7775920629501343,,,,,,,,,,
193,0.18984375894069672,0.18984375894069672,RL-sBOED,0.03822636604309082,12352,0.882902204990387,,,,,,,,,,
194,0.18984374403953552,0.18984374403953552,RL-sBOED,0.03349876403808594,12416,0.9218019247055054,,,,,,,,,,
195,0.1860937476158142,0.1860937476158142,RL-sBOED,0.045694589614868164,12480,0.9417937994003296,,,,,,,,,,
196,0.18937501311302185,0.18937501311302185,RL-sBOED,0.03483843803405762,12544,1.0060139894485474,,,,,,,,,,
197,0.18000000715255737,0.18000000715255737,RL-sBOED,0.04262804985046387,12608,1.1147702932357788,,,,,,,,,,
198,0.19500000774860382,0.19500000774860382,RL-sBOED,0.04028201103210449,12672,1.1714719533920288,,,,,,,,,,
199,0.18515625596046448,0.18515625596046448,RL-sBOED,0.0464479923248291,12736,1.085692286491394,,,,,,,,,,
200,0.1823437511920929,0.1823437511920929,RL-sBOED,0.04197287559509277,12800,1.022334337234497,0.19851562499999997,0.08226562500000001,2,0.045688389073983635,0.015625,0.0,1,0.0,0.08226562500000001,0
201,0.18468749523162842,0.18468749523162842,RL-sBOED,0.02797842025756836,12864,1.1481404304504395,,,,,,,,,,
202,0.1926562488079071,0.1926562488079071,RL-sBOED,0.02768874168395996,12928,0.9718055129051208,,,,,,,,,,
203,0.1954687535762787,0.1954687535762787,RL-sBOED,0.037703752517700195,12992,0.9846495985984802,,,,,,,,,,
204,0.20343750715255737,0.20343750715255737,RL-sBOED,0.034369707107543945,13056,0.93965083360672,,,,,,,,,,
205,0.19828124344348907,0.19828124344348907,RL-sBOED,0.03183436393737793,13120,0.8686186075210571,,,,,,,,,,
206,0.18046875298023224,0.18046875298023224,RL-sBOED,0.03759574890136719,13184,0.8694104552268982,,,,,,,,,,
207,0.19359374046325684,0.19359374046325684,RL-sBOED,0.049301862716674805,13248,0.9291902184486389,,,,,,,,,,
208,0.2081250101327896,0.2081250101327896,RL-sBOED,0.04355335235595703,13312,0.8900165557861328,,,,,,,,,,
209,0.1837500035762787,0.1837500035762787,RL-sBOED,0.032076120376586914,13376,0.8862769603729248,,,,,,,,,,
210,0.20906250178813934,0.20906250178813934,RL-sBOED,0.04953503608703613,13440,0.8236856460571289,,,,,,,,,,
211,0.18937499821186066,0.18937499821186066,RL-sBOED,0.03762006759643555,13504,0.7795572280883789,,,,,,,,,,
212,0.1875,0.1875,RL-sBOED,0.032363176345825195,13568,0.7326117157936096,,,,,,,,,,
213,0.18187499046325684,0.18187499046325684,RL-sBOED,0.03560233116149902,13632,0.6802104711532593,,,,,,,,,,
214,0.17156249284744263,0.17156249284744263,RL-sBOED,0.04380369186401367,13696,0.682392954826355,,,,,,,,,,
215,0.19312500953674316,0.19312500953674316,RL-sBOED,0.052869319915771484,13760,0.6511751413345337,,,,,,,,,,
216,0.20109376311302185,0.20109376311302185,RL-sBOED,0.040106773376464844,13824,0.6830271482467651,,,,,,,,,,
217,0.1795312464237213,0.1795312464237213,RL-sBOED,0.037621498107910156,13888,0.7117830514907837,,,,,,,,,,
218,0.19359375536441803,0.19359375536441803,RL-sBOED,0.03367948532104492,13952,0.7029228210449219,,,,,,,,,,
219,0.1889062523841858,0.1889062523841858,RL-sBOED,0.03895163536071777,14016,0.7468698620796204,,,,,,,,,,
220,0.18140625953674316,0.18140625953674316,RL-sBOED,0.04574871063232422,14080,0.7856680154800415,,,,,,,,,,
221,0.18046875298023224,0.18046875298023224,RL-sBOED,0.05331158638000488,14144,0.7533984184265137,,,,,,,,,,
222,0.18468749523162842,0.18468749523162842,RL-sBOED,0.04482078552246094,14208,0.7949793934822083,,,,,,,,,,
223,0.18468749523162842,0.18468749523162842,RL-sBOED,0.03538680076599121,14272,0.8251820802688599,,,,,,,,,,
224,0.18562500178813934,0.18562500178813934,RL-sBOED,0.033126115798950195,14336,0.8916908502578735,,,,,,,,,,
225,0.19312499463558197,0.19312499463558197,RL-sBOED,0.039937496185302734,14400,0.9384500980377197,0.19874999999999998,0.0825,1,-0.0,0.0078125,0.0,1,0.0,0.0825,0
226,0.20250001549720764,0.20250001549720764,RL-sBOED,0.029189109802246094,14464,0.9264934062957764,,,,,,,,,,
227,0.18843749165534973,0.18843749165534973,RL-sBOED,0.033814430236816406,14528,0.8727325797080994,,,,,,,,,,
228,0.21421875059604645,0.21421875059604645,RL-sBOED,0.031043291091918945,14592,1.0710716247558594,,,,,,,,,,
229,0.19171874225139618,0.19171874225139618,RL-sBOED,0.03219795227050781,14656,1.0288639068603516,,,,,,,,,,
230,0.19359375536441803,0.19359375536441803,RL-sBOED,0.03324294090270996,14720,1.0088872909545898,,,,,,,,,,
231,0.19218748807907104,0.19218748807907104,RL-sBOED,0.02932143211364746,14784,0.936204195022583,,,,,,,,,,
232,0.20249998569488525,0.20249998569488525,RL-sBOED,0.030725479125976562,14848,0.8695122003555298,,,,,,,,,,
233,0.17578125,0.17578125,RL-sBOED,0.034276723861694336,14912,0.8051073551177979,,,,,,,,,,
234,0.1940625011920929,0.1940625011920929,RL-sBOED,0.03674817085266113,14976,0.7727738618850708,,,,,,,,,,
235,0.17765624821186066,0.17765624821186066,RL-sBOED,0.03316807746887207,15040,0.9083639979362488,,,,,,,,,,
236,0.18515625596046448,0.18515625596046448,RL-sBOED,0.046158552169799805,15104,0.8261580467224121,,,,,,,,,,
237,0.19828124344348907,0.19828124344348907,RL-sBOED,0.05017828941345215,15168,0.8398913145065308,,,,,,,,,,
238,0.19687500596046448,0.19687500596046448,RL-sBOED,0.04032111167907715,15232,0.7602856159210205,,,,,,,,,,
239,0.19359375536441803,0.19359375536441803,RL-sBOED,0.04490518569946289,15296,0.8328405022621155,,,,,,,,,,
240,0.20203125476837158,0.20203125476837158,RL-sBOED,0.03246665000915527,15360,0.9407755136489868,,,,,,,,,,
241,0.19218748807907104,0.19218748807907104,RL-sBOED,0.05418992042541504,15424,0.989288866519928,,,,,,,,,,
242,0.2043749988079071,0.2043749988079071,RL-sBOED,0.03791403770446777,15488,1.0317399501800537,,,,,,,,,,
243,0.18468749523162842,0.18468749523162842,RL-sBOED,0.03933835029602051,15552,1.0652170181274414,,,,,,,,,,
244,0.19218750298023224,0.19218750298023224,RL-sBOED,0.04511404037475586,15616,1.072810173034668,,,,,,,,,,
245,0.1903124898672104,0.1903124898672104,RL-sBOED,0.033330440521240234,15680,1.1119647026062012,,,,,,,,,,
246,0.20156250894069672,0.20156250894069672,RL-sBOED,0.0455930233001709,15744,1.0987353324890137,,,,,,,,,,
247,0.18796876072883606,0.18796876072883606,RL-sBOED,0.05134177207946777,15808,1.0223848819732666,,,,,,,,,,
248,0.19453124701976776,0.19453124701976776,RL-sBOED,0.03782296180725098,15872,1.1192817687988281,,,,,,,,,,
249,0.1809374988079071,0.1809374988079071,RL-sBOED,0.03376412391662598,15936,1.1773169040679932,,,,,,,,,,
250,0.20390625298023224,0.20390625298023224,RL-sBOED,0.034314870834350586,16000,1.224096655845642,0.19921874999999997,0.08296875000000001,2,0.045688389073983635,0.015625,0.0,1,0.0,0.08296875000000001,0
251,0.2006250023841858,0.2006250023841858,RL-sBOED,0.02882242202758789,16064,1.2972129583358765,,,,,,,,,,
252,0.18937499821186066,0.18937499821186066,RL-sBOED,0.030874013900756836,16128,1.4113969802856445,,,,,,,,,,
253,0.19828124344348907,0.19828124344348907,RL-sBOED,0.030825138092041016,16192,1.2998998165130615,,,,,,,,,,
254,0.19312499463558197,0.19312499463558197,RL-sBOED,0.03139686584472656,16256,1.2084203958511353,,,,,,,,,,
255,0.19734375178813934,0.19734375178813934,RL-sBOED,0.03972053527832031,16320,1.0884168148040771,,,,,,,,,,
256,0.18984374403953552,0.18984374403953552,RL-sBOED,0.03408002853393555,16384,1.1273579597473145,,,,,,,,,,
257,0.19078125059604645,0.19078125059604645,RL-sBOED,0.034664154052734375,16448,1.2376641035079956,,,,,,,,,,
258,0.19171875715255737,0.19171875715255737,RL-sBOED,0.03780627250671387,16512,1.1278769969940186,,,,,,,,,,
259,0.1978124976158142,0.1978124976158142,RL-sBOED,0.040305376052856445,16576,1.1189719438552856,,,,,,,,,,
260,0.18140625953674316,0.18140625953674316,RL-sBOED,0.05684542655944824,16640,1.0872416496276855,,,,,,,,,,
261,0.19453126192092896,0.19453126192092896,RL-sBOED,0.03687906265258789,16704,1.1303545236587524,,,,,,,,,,
262,0.1926562488079071,0.1926562488079071,RL-sBOED,0.03598785400390625,16768,1.1967576742172241,,,,,,,,,,
263,0.19875000417232513,0.19875000417232513,RL-sBOED,0.03171539306640625,16832,1.1483194828033447,,,,,,,,,,
264,0.19593751430511475,0.21156251430511475,RL-sBOED,0.032332658767700195,16896,1.2209293842315674,,,,,,,,,,
265,0.19499999284744263,0.19499999284744263,RL-sBOED,0.030963897705078125,16960,1.3077247142791748,,,,,,,,,,
266,0.18984375894069672,0.18984375894069672,RL-sBOED,0.04273629188537598,17024,1.2746617794036865,,,,,,,,,,
267,0.18562500178813934,0.18562500178813934,RL-sBOED,0.03630781173706055,17088,1.2304455041885376,,,,,,,,,,
268,0.19828124344348907,0.19828124344348907,RL-sBOED,0.04587554931640625,17152,1.2241710424423218,,,,,,,,,,
269,0.19734373688697815,0.19734373688697815,RL-sBOED,0.03382611274719238,17216,1.1759446859359741,,,,,,,,,,
270,0.2043749988079071,0.2043749988079071,RL-sBOED,0.045171499252319336,17280,1.3598077297210693,,,,,,,,,,
271,0.2029687464237213,0.2029687464237213,RL-sBOED,0.05622124671936035,17344,1.36643648147583,,,,,,,,,,
272,0.20343750715255737,0.20343750715255737,RL-sBOED,0.045098304748535156,17408,1.3576486110687256,,,,,,,,,,
273,0.18421874940395355,0.18421874940395355,RL-sBOED,0.06471967697143555,17472,1.246322512626648,,,,,,,,,,
274,0.20484372973442078,0.20484372973442078,RL-sBOED,0.04880356788635254,17536,1.365837812423706,,,,,,,,,,
275,0.1889062523841858,0.1889062523841858,RL-sBOED,0.038022518157958984,17600,1.2925422191619873,0.19874999999999998,0.0825,1,-0.0,0.0078125,0.0,1,0.0,0.0825,0
276,0.2029687464237213,0.2029687464237213,RL-sBOED,0.028677701950073242,17664,1.3634459972381592,,,,,,,,,,
277,0.20531249046325684,0.20531249046325684,RL-sBOED,0.03956747055053711,17728,1.3012166023254395,,,,,,,,,,
278,0.19968751072883606,0.19968751072883606,RL-sBOED,0.035828351974487305,17792,1.2776000499725342,,,,,,,,,,
279,0.1978124976158142,0.1978124976158142,RL-sBOED,0.03398418426513672,17856,1.291968584060669,,,,,,,,,,
280,0.19828124344348907,0.19828124344348907,RL-sBOED,0.04726552963256836,17920,1.313570499420166,,,,,,,,,,
281,0.19687500596046448,0.19687500596046448,RL-sBOED,0.0368809700012207,17984,1.2970480918884277,,,,,,,,,,
282,0.2123437523841858,0.2123437523841858,RL-sBOED,0.03398776054382324,18048,1.3535089492797852,,,,,,,,,,
283,0.17906250059604645,0.17906250059604645,RL-sBOED,0.05141091346740723,18112,1.3483854532241821,,,,,,,,,,
284,0.17906250059604645,0.17906250059604645,RL-sBOED,0.033739328384399414,18176,1.3627734184265137,,,,,,,,,,
285,0.1926562488079071,0.1926562488079071,RL-sBOED,0.03712916374206543,18240,1.237877368927002,,,,,,,,,,
286,0.2043749988079071,0.2043749988079071,RL-sBOED,0.03631448745727539,18304,1.3813538551330566,,,,,,,,,,
287,0.2043749988079071,0.2043749988079071,RL-sBOED,0.05438733100891113,18368,1.3874090909957886,,,,,,,,,,
288,0.19687500596046448,0.19687500596046448,RL-sBOED,0.030656099319458008,18432,1.303526759147644,,,,,,,,,,
289,0.1912499964237213,0.1912499964237213,RL-sBOED,0.0322263240814209,18496,1.406422734260559,,,,,,,,,,
290,0.20390625298023224,0.20390625298023224,RL-sBOED,0.0323331356048584,18560,1.352699875831604,,,,,,,,,,
291,0.18421874940395355,0.18421874940395355,RL-sBOED,0.0312654972076416,18624,1.3550829887390137,,,,,,,,,,
292,0.18984374403953552,0.18984374403953552,RL-sBOED,0.038548946380615234,18688,1.2809991836547852,,,,,,,,,,
293,0.19312500953674316,0.19312500953674316,RL-sBOED,0.02994704246520996,18752,1.2532594203948975,,,,,,,,,,
294,0.20859375596046448,0.20859375596046448,RL-sBOED,0.04342484474182129,18816,1.239786982536316,,,,,,,,,,
295,0.20625001192092896,0.20625001192092896,RL-sBOED,0.034697532653808594,18880,1.2518565654754639,,,,,,,,,,
296,0.19734375178813934,0.19734375178813934,RL-sBOED,0.03789472579956055,18944,1.2317876815795898,,,,,,,,,,
297,0.18843750655651093,0.18843750655651093,RL-sBOED,0.06429719924926758,19008,1.1878900527954102,,,,,,,,,,
298,0.19312500953674316,0.19312500953674316,RL-sBOED,0.04208517074584961,19072,1.1374622583389282,,,,,,,,,,
299,0.1823437511920929,0.1823437511920929,RL-sBOED,0.03933262825012207,19136,1.2054097652435303,,,,,,,,,,
300,0.2057812511920929,0.2057812511920929,RL-sBOED,0.03537750244140625,19200,1.1941323280334473,0.19804687499999998,0.08179687500000002,1,-0.0,0.0078125,0.0,1,0.0,0.08179687500000002,0
301,0.2057812511920929,0.2057812511920929,RL-sBOED,0.03591179847717285,19264,1.2033971548080444,,,,,,,,,,
302,0.20531249046325684,0.20531249046325684,RL-sBOED,0.037331581115722656,19328,1.2678678035736084,,,,,,,,,,
303,0.1912499964237213,0.1912499964237213,RL-sBOED,0.04168963432312012,19392,1.2647714614868164,,,,,,,,,,
304,0.20859375596046448,0.20859375596046448,RL-sBOED,0.045233964920043945,19456,1.294946551322937,,,,,,,,,,
305,0.19031250476837158,0.19031250476837158,RL-sBOED,0.03525400161743164,19520,1.2232495546340942,,,,,,,,,,
306,0.20859374105930328,0.20859374105930328,RL-sBOED,0.037308692932128906,19584,1.1150250434875488,,,,,,,,,,
307,0.18515624105930328,0.18515624105930328,RL-sBOED,0.03190875053405762,19648,1.20134699344635,,,,,,,,,,
308,0.19171875715255737,0.19171875715255737,RL-sBOED,0.031507253646850586,19712,1.1287760734558105,,,,,,,,,,
309,0.19499999284744263,0.19499999284744263,RL-sBOED,0.0329432487487793,19776,1.0810730457305908,,,,,,,,,,
310,0.20624999701976776,0.20624999701976776,RL-sBOED,0.043027639389038086,19840,1.0144580602645874,,,,,,,,,,
311,0.19875000417232513,0.19875000417232513,RL-sBOED,0.034226179122924805,19904,1.013258695602417,,,,,,,,,,
312,0.1912499964237213,0.1912499964237213,RL-sBOED,0.038890838623046875,19968,1.0454785823822021,,,,,,,,,,
313,0.20859375596046448,0.20859375596046448,RL-sBOED,0.033084869384765625,20032,1.088545799255371,,,,,,,,,,
314,0.2071875035762787,0.2071875035762787,RL-sBOED,0.04579353332519531,20096,1.0966649055480957,,,,,,,,,,
315,0.1912499964237213,0.1912499964237213,RL-sBOED,0.04117155075073242,20160,1.1840893030166626,,,,,,,,,,
316,0.19312499463558197,0.19312499463558197,RL-sBOED,0.05943441390991211,20224,1.1890621185302734,,,,,,,,,,
317,0.20390623807907104,0.20390623807907104,RL-sBOED,0.05229759216308594,20288,1.2694239616394043,,,,,,,,,,
318,0.18421874940395355,0.18421874940395355,RL-sBOED,0.04010629653930664,20352,1.1865299940109253,,,,,,,,,,
319,0.19171875715255737,0.19171875715255737,RL-sBOED,0.04577326774597168,20416,1.1478854417800903,,,,,,,,,,
320,0.18937501311302185,0.18937501311302185,RL-sBOED,0.03236865997314453,20480,1.2170709371566772,,,,,,,,,,
321,0.2095312476158142,0.2095312476158142,RL-sBOED,0.03188896179199219,20544,1.1440117359161377,,,,,,,,,,
322,0.19687500596046448,0.19687500596046448,RL-sBOED,0.029613733291625977,20608,1.1220099925994873,,,,,,,,,,
323,0.19640624523162842,0.19640624523162842,RL-sBOED,0.033231496810913086,20672,1.14231276512146,,,,,,,,,,
324,0.1809374988079071,0.1809374988079071,RL-sBOED,0.033274173736572266,20736,1.2123908996582031,,,,,,,,,,
325,0.19078126549720764,0.19078126549720764,RL-sBOED,0.03040790557861328,20800,1.134610891342163,0.19804687499999998,0.08179687500000002,1,-0.0,0.0078125,0.0,1,0.0,0.08179687500000002,0
326,0.19734373688697815,0.19734373688697815,RL-sBOED,0.0336461067199707,20864,1.019345998764038,,,,,,,,,,
327,0.17671875655651093,0.17671875655651093,RL-sBOED,0.03918170928955078,20928,1.1054716110229492,,,,,,,,,,
328,0.2109375,0.2109375,RL-sBOED,0.041794538497924805,20992,1.075218915939331,,,,,,,,,,
329,0.20250000059604645,0.20250000059604645,RL-sBOED,0.05201387405395508,21056,1.0289065837860107,,,,,,,,,,
330,0.20250001549720764,0.20250001549720764,RL-sBOED,0.034717559814453125,21120,1.1275452375411987,,,,,,,,,,
331,0.20015624165534973,0.20015624165534973,RL-sBOED,0.03605246543884277,21184,1.1394457817077637,,,,,,,,,,
332,0.18140625953674316,0.18140625953674316,RL-sBOED,0.04259228706359863,21248,1.1092760562896729,,,,,,,,,,
333,0.18703125417232513,0.18703125417232513,RL-sBOED,0.04843544960021973,21312,1.0085763931274414,,,,,,,,,,
334,0.19453124701976776,0.19453124701976776,RL-sBOED,0.04114389419555664,21376,1.003998041152954,,,,,,,,,,
335,0.20531249046325684,0.20531249046325684,RL-sBOED,0.03925514221191406,21440,0.9178819060325623,,,,,,,,,,
336,0.20203125476837158,0.20203125476837158,RL-sBOED,0.04153084754943848,21504,0.8855471611022949,,,,,,,,,,
337,0.2029687464237213,0.2029687464237213,RL-sBOED,0.03235459327697754,21568,0.8320221900939941,,,,,,,,,,
338,0.21000000834465027,0.21000000834465027,RL-sBOED,0.033003807067871094,21632,0.7754071354866028,,,,,,,,,,
339,0.18140624463558197,0.18140624463558197,RL-sBOED,0.041959285736083984,21696,0.8204773664474487,,,,,,,,,,
340,0.19359375536441803,0.19359375536441803,RL-sBOED,0.03725123405456543,21760,0.8513016104698181,,,,,,,,,,
341,0.19312500953674316,0.19312500953674316,RL-sBOED,0.04582095146179199,21824,0.918104887008667,,,,,,,,,,
342,0.19078125059604645,0.19078125059604645,RL-sBOED,0.04142570495605469,21888,0.9272239208221436,,,,,,,,,,
343,0.1903124898672104,0.1903124898672104,RL-sBOED,0.05706524848937988,21952,0.9754984378814697,,,,,,,,,,
344,0.1940625011920929,0.1940625011920929,RL-sBOED,0.042696475982666016,22016,0.9283872842788696,,,,,,,,,,
345,0.19031250476837158,0.19031250476837158,RL-sBOED,0.049936771392822266,22080,1.0929182767868042,,,,,,,,,,
346,0.1889062523841858,0.1889062523841858,RL-sBOED,0.031591176986694336,22144,1.0212244987487793,,,,,,,,,,
347,0.19734376668930054,0.19734376668930054,RL-sBOED,0.04096269607543945,22208,1.0017356872558594,,,,,,,,,,
348,0.19734375178813934,0.19734375178813934,RL-sBOED,0.04481220245361328,22272,1.0309747457504272,,,,,,,,,,
349,0.18703125417232513,0.18703125417232513,RL-sBOED,0.03899407386779785,22336,1.1351606845855713,,,,,,,,,,
350,0.19218750298023224,0.19218750298023224,RL-sBOED,0.04170870780944824,22400,1.2148692607879639,0.19804687499999998,0.08179687500000002,1,-0.0,0.0078125,0.0,1,0.0,0.08179687500000002,0
351,0.19968751072883606,0.19968751072883606,RL-sBOED,0.03672075271606445,22464,1.1245691776275635,,,,,,,,,,
352,0.18984374403953552,0.18984374403953552,RL-sBOED,0.04547119140625,22528,1.1258893013000488,,,,,,,,,,
353,0.19968749582767487,0.19968749582767487,RL-sBOED,0.03594565391540527,22592,1.0134952068328857,,,,,,,,,,
354,0.1823437511920929,0.1823437511920929,RL-sBOED,0.03899216651916504,22656,1.0460774898529053,,,,,,,,,,
355,0.21046873927116394,0.21046873927116394,RL-sBOED,0.05472850799560547,22720,0.9953896999359131,,,,,,,,,,
356,0.1823437511920929,0.1823437511920929,RL-sBOED,0.03162741661071777,22784,0.9649320244789124,,,,,,,,,,
357,0.18515625596046448,0.18515625596046448,RL-sBOED,0.03747391700744629,22848,0.9703710675239563,,,,,,,,,,
358,0.19453126192092896,0.19453126192092896,RL-sBOED,0.04332304000854492,22912,0.9422998428344727,,,,,,,,,,
359,0.19968749582767487,0.19968749582767487,RL-sBOED,0.035474538803100586,22976,0.950287401676178,,,,,,,,,,
360,0.17390625178813934,0.17390625178813934,RL-sBOED,0.03387141227722168,23040,0.9870643615722656,,,,,,,,,,
361,0.1823437511920929,0.1823437511920929,RL-sBOED,0.03830862045288086,23104,0.9851656556129456,,,,,,,,,,
362,0.18796874582767487,0.18796874582767487,RL-sBOED,0.034281253814697266,23168,1.011466145515442,,,,,,,,,,
363,0.19593749940395355,0.19593749940395355,RL-sBOED,0.03874683380126953,23232,0.9674870371818542,,,,,,,,,,
364,0.17906250059604645,0.17906250059604645,RL-sBOED,0.039684295654296875,23296,1.001946210861206,,,,,,,,,,
365,0.18328125774860382,0.18328125774860382,RL-sBOED,0.03439831733703613,23360,0.9922066926956177,,,,,,,,,,
366,0.17578125,0.17578125,RL-sBOED,0.031499385833740234,23424,0.9960178136825562,,,,,,,,,,
367,0.17671874165534973,0.17671874165534973,RL-sBOED,0.039010047912597656,23488,0.9130632877349854,,,,,,,,,,
368,0.19640624523162842,0.19640624523162842,RL-sBOED,0.0414884090423584,23552,0.942812979221344,,,,,,,,,,
369,0.20859375596046448,0.20859375596046448,RL-sBOED,0.03351330757141113,23616,0.8822693824768066,,,,,,,,,,
370,0.19687500596046448,0.19687500596046448,RL-sBOED,0.037477731704711914,23680,0.9014748930931091,,,,,,,,,,
371,0.18796876072883606,0.18796876072883606,RL-sBOED,0.036004066467285156,23744,0.9308882355690002,,,,,,,,,,
372,0.20906250178813934,0.20906250178813934,RL-sBOED,0.03941798210144043,23808,0.9310797452926636,,,,,,,,,,
373,0.19734375178813934,0.19734375178813934,RL-sBOED,0.03186941146850586,23872,0.9797845482826233,,,,,,,,,,
374,0.18984374403953552,0.18984374403953552,RL-sBOED,0.040367841720581055,23936,1.0968118906021118,,,,,,,,,,
375,0.20484375953674316,0.20484375953674316,RL-sBOED,0.03253293037414551,24000,1.0698580741882324,0.199453125,0.08320312500000002,2,0.08048483706800685,0.015625,0.0,1,0.0,0.08320312500000002,0
376,0.1978124976158142,0.1978124976158142,RL-sBOED,0.028712987899780273,24064,1.085365891456604,,,,,,,,,,
377,0.18937501311302185,0.18937501311302185,RL-sBOED,0.032810211181640625,24128,1.042481541633606,,,,,,,,,,
378,0.19640624523162842,0.19640624523162842,RL-sBOED,0.04220223426818848,24192,1.0887130498886108,,,,,,,,,,
379,0.19687500596046448,0.19687500596046448,RL-sBOED,0.0440373420715332,24256,1.02497136592865,,,,,,,,,,
380,0.2109375,0.2109375,RL-sBOED,0.03619980812072754,24320,1.0178686380386353,,,,,,,,,,
381,0.17578125,0.17578125,RL-sBOED,0.03390359878540039,24384,0.9960675239562988,,,,,,,,,,
382,0.19031250476837158,0.19031250476837158,RL-sBOED,0.04208803176879883,24448,1.0787229537963867,,,,,,,,,,
383,0.19500000774860382,0.19500000774860382,RL-sBOED,0.051541805267333984,24512,1.0639798641204834,,,,,,,,,,
384,0.20390625298023224,0.20390625298023224,RL-sBOED,0.03557300567626953,24576,1.06589674949646,,,,,,,,,,
385,0.1837500035762787,0.1837500035762787,RL-sBOED,0.0361170768737793,24640,1.0865728855133057,,,,,,,,,,
386,0.18562501668930054,0.18562501668930054,RL-sBOED,0.031580209732055664,24704,1.078233003616333,,,,,,,,,,
387,0.18562498688697815,0.18562498688697815,RL-sBOED,0.038848161697387695,24768,1.084865927696228,,,,,,,,,,
388,0.18796876072883606,0.18796876072883606,RL-sBOED,0.03213191032409668,24832,1.0540547370910645,,,,,,,,,,
389,0.19593748450279236,0.20218749344348907,RL-sBOED,0.04244804382324219,24896,1.0985218286514282,,,,,,,,,,
390,0.18468749523162842,0.18468749523162842,RL-sBOED,0.03527212142944336,24960,1.118486762046814,,,,,,,,,,
391,0.18703123927116394,0.18703123927116394,RL-sBOED,0.03293108940124512,25024,0.9901326894760132,,,,,,,,,,
392,0.1795312464237213,0.1795312464237213,RL-sBOED,0.050232648849487305,25088,1.05165433883667,,,,,,,,,,
393,0.18984375894069672,0.18984375894069672,RL-sBOED,0.046529293060302734,25152,1.0765758752822876,,,,,,,,,,
394,0.18843749165534973,0.18843749165534973,RL-sBOED,0.03614997863769531,25216,1.0046837329864502,,,,,,,,,,
395,0.19640624523162842,0.19640624523162842,RL-sBOED,0.03275156021118164,25280,0.9381734132766724,,,,,,,,,,
396,0.18843749165534973,0.18843749165534973,RL-sBOED,0.041930437088012695,25344,1.0141115188598633,,,,,,,,,,
397,0.1795312464237213,0.1795312464237213,RL-sBOED,0.06260323524475098,25408,1.0034524202346802,,,,,,,,,,
398,0.17765624821186066,0.17765624821186066,RL-sBOED,0.06004953384399414,25472,0.9446897506713867,,,,,,,,,,
399,0.1912499964237213,0.1912499964237213,RL-sBOED,0.053446292877197266,25536,0.9895330667495728,,,,,,,,,,
400,0.19078126549720764,0.19078126549720764,RL-sBOED,0.04576301574707031,25600,0.9662487506866455,0.19874999999999998,0.0825,2,0.045688389073983635,0.015625,0.0,1,0.0,0.0825,0
401,0.1954687535762787,0.1954687535762787,RL-sBOED,0.030293941497802734,25664,0.9500545859336853,,,,,,,,,,
402,0.18421874940395355,0.18421874940395355,RL-sBOED,0.030157089233398438,25728,0.9708565473556519,,,,,,,,,,
403,0.1940625011920929,0.1940625011920929,RL-sBOED,0.02997732162475586,25792,0.8583278656005859,,,,,,,,,,
404,0.1940625011920929,0.1940625011920929,RL-sBOED,0.029435396194458008,25856,0.9454766511917114,,,,,,,,,,
405,0.20015625655651093,0.20015625655651093,RL-sBOED,0.026838064193725586,25920,0.9389599561691284,,,,,,,,,,
406,0.2006250023841858,0.2006250023841858,RL-sBOED,0.026712417602539062,25984,0.9463622570037842,,,,,,,,,,
407,0.1978124976158142,0.1978124976158142,RL-sBOED,0.026813268661499023,26048,0.9647822380065918,,,,,,,,,,
408,0.19453126192092896,0.19453126192092896,RL-sBOED,0.02667689323425293,26112,0.9325429201126099,,,,,,,,,,
409,0.2006250023841858,0.2006250023841858,RL-sBOED,0.02677178382873535,26176,0.9962217807769775,,,,,,,,,,
410,0.18937499821186066,0.18937499821186066,RL-sBOED,0.026680707931518555,26240,0.9811930656433105,,,,,,,,,,
411,0.18703125417232513,0.18703125417232513,RL-sBOED,0.026732683181762695,26304,0.971458375453949,,,,,,,,,,
412,0.1912499964237213,0.1912499964237213,RL-sBOED,0.026640892028808594,26368,0.9500147104263306,,,,,,,,,,
413,0.1954687535762787,0.1954687535762787,RL-sBOED,0.02670574188232422,26432,0.9990326762199402,,,,,,,,,,
414,0.19499999284744263,0.19499999284744263,RL-sBOED,0.02673792839050293,26496,1.025546669960022,,,,,,,,,,
415,0.18843750655651093,0.18843750655651093,RL-sBOED,0.026716947555541992,26560,1.0327041149139404,,,,,,,,,,
416,0.19687500596046448,0.19687500596046448,RL-sBOED,0.02669358253479004,26624,1.0719118118286133,,,,,,,,,,
417,0.19640624523162842,0.19640624523162842,RL-sBOED,0.02665567398071289,26688,1.019982933998108,,,,,,,,,,
418,0.18703123927116394,0.18703123927116394,RL-sBOED,0.026636600494384766,26752,1.070682168006897,,,,,,,,,,
419,0.18281251192092896,0.18281251192092896,RL-sBOED,0.02662491798400879,26816,1.098963975906372,,,,,,,,,,
420,0.18937501311302185,0.18937501311302185,RL-sBOED,0.026598215103149414,26880,1.026883840560913,,,,,,,,,,
421,0.19640624523162842,0.19640624523162842,RL-sBOED,0.026596784591674805,26944,1.069131851196289,,,,,,,,,,
422,0.1926562488079071,0.1926562488079071,RL-sBOED,0.026724576950073242,27008,1.0166819095611572,,,,,,,,,,
423,0.19078125059604645,0.19078125059604645,RL-sBOED,0.026670455932617188,27072,1.071976900100708,,,,,,,,,,
424,0.18328125774860382,0.18328125774860382,RL-sBOED,0.026706457138061523,27136,1.0309778451919556,,,,,,,,,,
425,0.18843750655651093,0.18843750655651093,RL-sBOED,0.026693105697631836,27200,0.9857217073440552,0.19921875,0.08296875000000001,2,0.045688389073983635,0.015625,0.0,1,0.0,0.08296875000000001,0
426,0.17859375476837158,0.17859375476837158,RL-sBOED,0.026820898056030273,27264,0.9923928380012512,,,,,,,,,,
427,0.19078125059604645,0.19078125059604645,RL-sBOED,0.026702880859375,27328,0.9826704263687134,,,,,,,,,,
428,0.19312500953674316,0.19312500953674316,RL-sBOED,0.02677440643310547,27392,1.0043706893920898,,,,,,,,,,
429,0.19312500953674316,0.19312500953674316,RL-sBOED,0.026715993881225586,27456,0.9449223279953003,,,,,,,,,,
430,0.19687500596046448,0.19687500596046448,RL-sBOED,0.02662968635559082,27520,1.0261061191558838,,,,,,,,,,
431,0.1926562637090683,0.1926562637090683,RL-sBOED,0.026663780212402344,27584,0.9985816478729248,,,,,,,,,,
432,0.2006250023841858,0.2006250023841858,RL-sBOED,0.026686429977416992,27648,0.9669177532196045,,,,,,,,,,
433,0.1860937476158142,0.1860937476158142,RL-sBOED,0.02664041519165039,27712,1.0453143119812012,,,,,,,,,,
434,0.19453124701976776,0.19453124701976776,RL-sBOED,0.02664041519165039,27776,1.1186723709106445,,,,,,,,,,
435,0.17765626311302185,0.17765626311302185,RL-sBOED,0.026632070541381836,27840,1.028794288635254,,,,,,,,,,
436,0.19734375178813934,0.19734375178813934,RL-sBOED,0.026725292205810547,27904,1.1879026889801025,,,,,,,,,,
437,0.17531248927116394,0.17531248927116394,RL-sBOED,0.02666187286376953,27968,1.112661600112915,,,,,,,,,,
438,0.20109374821186066,0.20109374821186066,RL-sBOED,0.0267179012298584,28032,1.161424160003662,,,,,,,,,,
439,0.20015624165534973,0.20015624165534973,RL-sBOED,0.0267026424407959,28096,1.152593970298767,,,,,,,,,,
440,0.19921875,0.19921875,RL-sBOED,0.02663254737854004,28160,1.2211267948150635,,,,,,,,,,
441,0.18937501311302185,0.18937501311302185,RL-sBOED,0.026659727096557617,28224,1.1499106884002686,,,,,,,,,,
442,0.19078125059604645,0.19078125059604645,RL-sBOED,0.026735305786132812,28288,1.0765743255615234,,,,,,,,,,
443,0.19218750298023224,0.19218750298023224,RL-sBOED,0.026714801788330078,28352,1.1214573383331299,,,,,,,,,,
444,0.19500000774860382,0.19500000774860382,RL-sBOED,0.026729106903076172,28416,1.2249414920806885,,,,,,,,,,
445,0.20343749225139618,0.20343749225139618,RL-sBOED,0.026645183563232422,28480,1.1659471988677979,,,,,,,,,,
446,0.18562500178813934,0.18562500178813934,RL-sBOED,0.02653050422668457,28544,1.161024808883667,,,,,,,,,,
447,0.18843749165534973,0.18843749165534973,RL-sBOED,0.026652812957763672,28608,1.216408133506775,,,,,,,,,,
448,0.17812499403953552,0.17812499403953552,RL-sBOED,0.026682376861572266,28672,1.1955381631851196,,,,,,,,,,
449,0.1809374988079071,0.1809374988079071,RL-sBOED,0.02662491798400879,28736,1.1257920265197754,,,,,,,,,,
450,0.19499999284744263,0.19499999284744263,RL-sBOED,0.026638507843017578,28800,1.07358980178833,0.195,0.07875000000000001,2,0.34520662539160074,0.015625,0.0,1,0.0,0.07875000000000001,0
451,0.18281249701976776,0.18281249701976776,RL-sBOED,0.026890039443969727,28864,1.0629271268844604,,,,,,,,,,
452,0.2071875035762787,0.2071875035762787,RL-sBOED,0.026731491088867188,28928,1.092158317565918,,,,,,,,,,
453,0.18703125417232513,0.18703125417232513,RL-sBOED,0.026720762252807617,28992,1.123949408531189,,,,,,,,,,
454,0.17859375476837158,0.17859375476837158,RL-sBOED,0.02675318717956543,29056,1.125413179397583,,,,,,,,,,
455,0.20015625655651093,0.20015625655651093,RL-sBOED,0.026687145233154297,29120,1.119363784790039,,,,,,,,,,
456,0.20156249403953552,0.20156249403953552,RL-sBOED,0.026713132858276367,29184,1.1120693683624268,,,,,,,,,,
457,0.18843749165534973,0.18843749165534973,RL-sBOED,0.02665853500366211,29248,1.2122156620025635,,,,,,,,,,
458,0.18656250834465027,0.18656250834465027,RL-sBOED,0.026721715927124023,29312,1.1692144870758057,,,,,,,,,,
459,0.2029687464237213,0.2029687464237213,RL-sBOED,0.026624679565429688,29376,1.1776536703109741,,,,,,,,,,
460,0.1875,0.1875,RL-sBOED,0.02671051025390625,29440,1.1364190578460693,,,,,,,,,,
461,0.18937501311302185,0.18937501311302185,RL-sBOED,0.026821136474609375,29504,1.156174659729004,,,,,,,,,,
462,0.19828125834465027,0.19828125834465027,RL-sBOED,0.026676654815673828,29568,1.134286880493164,,,,,,,,,,
463,0.19078123569488525,0.19078123569488525,RL-sBOED,0.02669668197631836,29632,1.1644377708435059,,,,,,,,,,
464,0.20906250178813934,0.20906250178813934,RL-sBOED,0.0268557071685791,29696,1.2146234512329102,,,,,,,,,,
465,0.16640625894069672,0.16640625894069672,RL-sBOED,0.02666020393371582,29760,1.1369624137878418,,,,,,,,,,
466,0.18937499821186066,0.18937499821186066,RL-sBOED,0.026768922805786133,29824,1.1108171939849854,,,,,,,,,,
467,0.18843749165534973,0.18843749165534973,RL-sBOED,0.026978492736816406,29888,1.195096492767334,,,,,,,,,,
468,0.1889062523841858,0.1889062523841858,RL-sBOED,0.026691436767578125,29952,1.0529379844665527,,,,,,,,,,
469,0.1978124976158142,0.1978124976158142,RL-sBOED,0.026653766632080078,30016,1.1043832302093506,,,,,,,,,,
470,0.19218750298023224,0.19218750298023224,RL-sBOED,0.026734113693237305,30080,1.0603933334350586,,,,,,,,,,
471,0.19828125834465027,0.19828125834465027,RL-sBOED,0.026681184768676758,30144,1.0273184776306152,,,,,,,,,,
472,0.17812500894069672,0.17812500894069672,RL-sBOED,0.026741981506347656,30208,1.078953742980957,,,,,,,,,,
473,0.19875000417232513,0.19875000417232513,RL-sBOED,0.026663780212402344,30272,1.1310944557189941,,,,,,,,,,
474,0.20859375596046448,0.20859375596046448,RL-sBOED,0.026566267013549805,30336,1.0901761054992676,,,,,,,,,,
475,0.1860937476158142,0.1860937476158142,RL-sBOED,0.026702165603637695,30400,1.0152931213378906,0.19265625,0.07640625000000001,2,0.08048483706800685,0.015625,0.0,1,0.0,0.07640625000000001,0
476,0.18187500536441803,0.18187500536441803,RL-sBOED,0.026824235916137695,30464,1.064539909362793,,,,,,,,,,
477,0.19828125834465027,0.19828125834465027,RL-sBOED,0.026684284210205078,30528,1.0944712162017822,,,,,,,,,,
478,0.1875,0.1875,RL-sBOED,0.026683807373046875,30592,1.0910454988479614,,,,,,,,,,
479,0.18046873807907104,0.18046873807907104,RL-sBOED,0.02674388885498047,30656,1.0925860404968262,,,,,,,,,,
480,0.19078125059604645,0.19078125059604645,RL-sBOED,0.026607513427734375,30720,1.0816916227340698,,,,,,,,,,
481,0.1889062523841858,0.1889062523841858,RL-sBOED,0.026755332946777344,30784,1.0942175388336182,,,,,,,,,,
482,0.17859375476837158,0.17859375476837158,RL-sBOED,0.0267181396484375,30848,1.136458158493042,,,,,,,,,,
483,0.18703125417232513,0.18703125417232513,RL-sBOED,0.02675938606262207,30912,1.1451109647750854,,,,,,,,,,
484,0.18796876072883606,0.18796876072883606,RL-sBOED,0.026625871658325195,30976,1.1617064476013184,,,,,,,,,,
485,0.1875,0.1875,RL-sBOED,0.026633739471435547,31040,1.1135343313217163,,,,,,,,,,
486,0.18656250834465027,0.18656250834465027,RL-sBOED,0.026666641235351562,31104,1.092466950416565,,,,,,,,,,
487,0.1926562488079071,0.1926562488079071,RL-sBOED,0.02671670913696289,31168,1.12961745262146,,,,,,,,,,
488,0.18703125417232513,0.18703125417232513,RL-sBOED,0.026624441146850586,31232,1.0719910860061646,,,,,,,,,,
489,0.18281251192092896,0.18281251192092896,RL-sBOED,0.026697874069213867,31296,1.1376410722732544,,,,,,,,,,
490,0.19218750298023224,0.19218750298023224,RL-sBOED,0.02705526351928711,31360,1.1076955795288086,,,,,,,,,,
491,0.19453126192092896,0.19453126192092896,RL-sBOED,0.02682638168334961,31424,1.1487815380096436,,,,,,,,,,
492,0.19828125834465027,0.19828125834465027,RL-sBOED,0.02666187286376953,31488,1.183971643447876,,,,,,,,,,
493,0.18656250834465027,0.18656250834465027,RL-sBOED,0.026980161666870117,31552,1.1905701160430908,,,,,,,,,,
494,0.19499999284744263,0.19499999284744263,RL-sBOED,0.026630878448486328,31616,1.18209969997406,,,,,,,,,,
495,0.1846875101327896,0.1846875101327896,RL-sBOED,0.026607990264892578,31680,1.1409595012664795,,,,,,,,,,
496,0.19921875,0.19921875,RL-sBOED,0.026776790618896484,31744,1.2323615550994873,,,,,,,,,,
497,0.18515625596046448,0.18515625596046448,RL-sBOED,0.02670884132385254,31808,1.2628836631774902,,,,,,,,,,
498,0.19031250476837158,0.19031250476837158,RL-sBOED,0.026711463928222656,31872,1.3714814186096191,,,,,,,,,,
499,0.1964062601327896,0.1964062601327896,RL-sBOED,0.026667356491088867,31936,1.3033651113510132,,,,,,,,,,
500,0.17390623688697815,0.17390623688697815,RL-sBOED,0.026686429977416992,32000,1.4535413980484009,0.195,0.07875,1,-0.0,0.0078125,0.0,1,0.0,0.07875,0
501,0.1926562488079071,0.1926562488079071,RL-sBOED,0.026877641677856445,32064,1.4828819036483765,,,,,,,,,,
502,0.18140625953674316,0.18140625953674316,RL-sBOED,0.026708126068115234,32128,1.5295474529266357,,,,,,,,,,
503,0.1926562488079071,0.1926562488079071,RL-sBOED,0.026746749877929688,32192,1.4036362171173096,,,,,,,,,,
504,0.19031250476837158,0.19031250476837158,RL-sBOED,0.02680230140686035,32256,1.39792799949646,,,,,,,,,,
505,0.19171875715255737,0.19171875715255737,RL-sBOED,0.026740550994873047,32320,1.3255646228790283,,,,,,,,,,
506,0.19874998927116394,0.19874998927116394,RL-sBOED,0.026668787002563477,32384,1.2315078973770142,,,,,,,,,,
507,0.18468749523162842,0.18468749523162842,RL-sBOED,0.026813983917236328,32448,1.1561110019683838,,,,,,,,,,
508,0.20015624165534973,0.20015624165534973,RL-sBOED,0.02657914161682129,32512,1.1121189594268799,,,,,,,,,,
509,0.19359377026557922,0.19359377026557922,RL-sBOED,0.026662111282348633,32576,1.1111042499542236,,,,,,,,,,
510,0.18328125774860382,0.18328125774860382,RL-sBOED,0.026848316192626953,32640,1.0947587490081787,,,,,,,,,,
511,0.19828125834465027,0.19828125834465027,RL-sBOED,0.02666020393371582,32704,1.1228265762329102,,,,,,,,,,
512,0.19640624523162842,0.19640624523162842,RL-sBOED,0.02665400505065918,32768,1.1323721408843994,,,,,,,,,,
513,0.19921875,0.19921875,RL-sBOED,0.026592493057250977,32832,1.1071101427078247,,,,,,,,,,
514,0.19453124701976776,0.19453124701976776,RL-sBOED,0.026693344116210938,32896,1.1593379974365234,,,,,,,,,,
515,0.19453126192092896,0.19453126192092896,RL-sBOED,0.026755332946777344,32960,1.2214019298553467,,,,,,,,,,
516,0.18281249701976776,0.18281249701976776,RL-sBOED,0.026669740676879883,33024,1.1580857038497925,,,,,,,,,,
517,0.18328124284744263,0.18328124284744263,RL-sBOED,0.026725053787231445,33088,1.0809803009033203,,,,,,,,,,
518,0.19031250476837158,0.19031250476837158,RL-sBOED,0.02675032615661621,33152,1.22812819480896,,,,,,,,,,
519,0.18796876072883606,0.18796876072883606,RL-sBOED,0.026697158813476562,33216,1.1735141277313232,,,,,,,,,,
520,0.18703125417232513,0.18703125417232513,RL-sBOED,0.0268557071685791,33280,1.1759604215621948,,,,,,,,,,
521,0.18937501311302185,0.18937501311302185,RL-sBOED,0.02671360969543457,33344,1.1905369758605957,,,,,,,,,,
522,0.20156249403953552,0.20156249403953552,RL-sBOED,0.02665877342224121,33408,1.0996618270874023,,,,,,,,,,
523,0.19218751788139343,0.19218751788139343,RL-sBOED,0.026754379272460938,33472,1.2078685760498047,,,,,,,,,,
524,0.17906248569488525,0.17906248569488525,RL-sBOED,0.026716232299804688,33536,1.2069820165634155,,,,,,,,,,
525,0.19875000417232513,0.19875000417232513,RL-sBOED,0.026810169219970703,33600,1.085471510887146,0.19874999999999998,0.0825,1,-0.0,0.0078125,0.0,1,0.0,0.0825,0
526,0.18984374403953552,0.18984374403953552,RL-sBOED,0.02686285972595215,33664,1.1111235618591309,,,,,,,,,,
527,0.19687500596046448,0.19687500596046448,RL-sBOED,0.026709794998168945,33728,1.126276969909668,,,,,,,,,,
528,0.20343750715255737,0.20343750715255737,RL-sBOED,0.026731014251708984,33792,1.195167064666748,,,,,,,,,,
529,0.19593748450279236,0.19593748450279236,RL-sBOED,0.026671648025512695,33856,1.1401660442352295,,,,,,,,,,
530,0.20109374821186066,0.20109374821186066,RL-sBOED,0.02686619758605957,33920,1.1049487590789795,,,,,,,,,,
531,0.20343750715255737,0.20343750715255737,RL-sBOED,0.026712656021118164,33984,1.08938729763031,,,,,,,,,,
532,0.18000000715255737,0.18000000715255737,RL-sBOED,0.026763200759887695,34048,1.1377649307250977,,,,,,,,,,
533,0.1809375137090683,0.1809375137090683,RL-sBOED,0.02669835090637207,34112,1.0981509685516357,,,,,,,,,,
534,0.1809374988079071,0.1809374988079071,RL-sBOED,0.026742219924926758,34176,0.9658588171005249,,,,,,,,,,
535,0.1926562488079071,0.1926562488079071,RL-sBOED,0.027030467987060547,34240,1.0371568202972412,,,,,,,,,,
536,0.20250000059604645,0.20250000059604645,RL-sBOED,0.026761531829833984,34304,0.9500585794448853,,,,,,,,,,
537,0.17671875655651093,0.17671875655651093,RL-sBOED,0.026988506317138672,34368,0.8938276767730713,,,,,,,,,,
538,0.20765626430511475,0.20765626430511475,RL-sBOED,0.02665567398071289,34432,0.8395254611968994,,,,,,,,,,
539,0.19312500953674316,0.19312500953674316,RL-sBOED,0.026787519454956055,34496,0.7635760307312012,,,,,,,,,,
540,0.1809374988079071,0.1809374988079071,RL-sBOED,0.02660202980041504,34560,0.7815585136413574,,,,,,,,,,
541,0.19171874225139618,0.19171874225139618,RL-sBOED,0.026645421981811523,34624,0.7747244834899902,,,,,,,,,,
542,0.18937501311302185,0.18937501311302185,RL-sBOED,0.026641368865966797,34688,0.7655830383300781,,,,,,,,,,
543,0.2020312398672104,0.2020312398672104,RL-sBOED,0.026714563369750977,34752,0.7824639081954956,,,,,,,,,,
544,0.19218750298023224,0.19218750298023224,RL-sBOED,0.026663541793823242,34816,0.7946629524230957,,,,,,,,,,
545,0.18843749165534973,0.18843749165534973,RL-sBOED,0.026745080947875977,34880,0.8148322701454163,,,,,,,,,,
546,0.19499999284744263,0.19499999284744263,RL-sBOED,0.026781558990478516,34944,0.8439895510673523,,,,,,,,,,
547,0.1823437511920929,0.1823437511920929,RL-sBOED,0.026777267456054688,35008,0.9215484261512756,,,,,,,,,,
548,0.2029687464237213,0.2029687464237213,RL-sBOED,0.026784420013427734,35072,1.0552890300750732,,,,,,,,,,
549,0.2043750137090683,0.2043750137090683,RL-sBOED,0.026812076568603516,35136,1.0951621532440186,,,,,,,,,,
550,0.19500000774860382,0.19500000774860382,RL-sBOED,0.026713132858276367,35200,0.9967408776283264,0.19804687499999998,0.08179687500000002,1,-0.0,0.0078125,0.0,1,0.0,0.08179687500000002,0
551,0.20015625655651093,0.20015625655651093,RL-sBOED,0.026892423629760742,35264,1.1314727067947388,,,,,,,,,,
552,0.18703123927116394,0.18703123927116394,RL-sBOED,0.026617050170898438,35328,1.1501163244247437,,,,,,,,,,
553,0.17015624046325684,0.17015624046325684,RL-sBOED,0.026706695556640625,35392,1.0231415033340454,,,,,,,,,,
554,0.17765624821186066,0.17765624821186066,RL-sBOED,0.02688121795654297,35456,1.032315969467163,,,,,,,,,,
555,0.18562500178813934,0.18562500178813934,RL-sBOED,0.029651165008544922,35520,1.0248314142227173,,,,,,,,,,
556,0.19078125059604645,0.19078125059604645,RL-sBOED,0.02671027183532715,35584,1.0258829593658447,,,,,,,,,,
557,0.1875,0.1875,RL-sBOED,0.026658296585083008,35648,1.049415111541748,,,,,,,,,,
558,0.19359374046325684,0.19359374046325684,RL-sBOED,0.026699542999267578,35712,1.0959415435791016,,,,,,,,,,
559,0.19218750298023224,0.19218750298023224,RL-sBOED,0.026699066162109375,35776,1.1323548555374146,,,,,,,,,,
560,0.19359375536441803,0.19359375536441803,RL-sBOED,0.02662515640258789,35840,1.0120458602905273,,,,,,,,,,
561,0.20015625655651093,0.20015625655651093,RL-sBOED,0.026744604110717773,35904,1.020054817199707,,,,,,,,,,
562,0.1954687535762787,0.1954687535762787,RL-sBOED,0.026676416397094727,35968,1.1127123832702637,,,,,,,,,,
563,0.1823437511920929,0.1823437511920929,RL-sBOED,0.02669072151184082,36032,1.0560857057571411,,,,,,,,,,
564,0.2006250023841858,0.2006250023841858,RL-sBOED,0.02668023109436035,36096,1.1142736673355103,,,,,,,,,,
565,0.19312500953674316,0.19312500953674316,RL-sBOED,0.026726961135864258,36160,1.1612377166748047,,,,,,,,,,
566,0.20250000059604645,0.20250000059604645,RL-sBOED,0.026717662811279297,36224,1.1728754043579102,,,,,,,,,,
567,0.19687500596046448,0.19687500596046448,RL-sBOED,0.026903629302978516,36288,1.1768927574157715,,,,,,,,,,
568,0.19828125834465027,0.19828125834465027,RL-sBOED,0.026660919189453125,36352,1.2216286659240723,,,,,,,,,,
569,0.18046875298023224,0.18046875298023224,RL-sBOED,0.026717424392700195,36416,1.1808838844299316,,,,,,,,,,
570,0.1860937476158142,0.1860937476158142,RL-sBOED,0.02667975425720215,36480,1.2221258878707886,,,,,,,,,,
571,0.19453126192092896,0.19453126192092896,RL-sBOED,0.026693105697631836,36544,1.094381332397461,,,,,,,,,,
572,0.20625001192092896,0.20625001192092896,RL-sBOED,0.02667403221130371,36608,1.1226023435592651,,,,,,,,,,
573,0.1889062523841858,0.1889062523841858,RL-sBOED,0.026613950729370117,36672,1.1054130792617798,,,,,,,,,,
574,0.18656250834465027,0.18656250834465027,RL-sBOED,0.02665114402770996,36736,1.015477180480957,,,,,,,,,,
575,0.19828125834465027,0.19828125834465027,RL-sBOED,0.02665257453918457,36800,1.1414188146591187,0.19874999999999998,0.0825,1,-0.0,0.0078125,0.0,1,0.0,0.0825,0
576,0.18140625953674316,0.18140625953674316,RL-sBOED,0.026920080184936523,36864,1.0628420114517212,,,,,,,,,,
577,0.20156249403953552,0.20156249403953552,RL-sBOED,0.0267183780670166,36928,1.024158000946045,,,,,,,,,,
578,0.20015624165534973,0.20015624165534973,RL-sBOED,0.026665925979614258,36992,1.0092716217041016,,,,,,,,,,
579,0.20531249046325684,0.20531249046325684,RL-sBOED,0.026793479919433594,37056,0.8969050645828247,,,,,,,,,,
580,0.18937499821186066,0.18937499821186066,RL-sBOED,0.026708126068115234,37120,0.8731399774551392,,,,,,,,,,
581,0.18468749523162842,0.18468749523162842,RL-sBOED,0.02671504020690918,37184,0.9420641660690308,,,,,,,,,,
582,0.1809374988079071,0.1809374988079071,RL-sBOED,0.026848554611206055,37248,1.0282456874847412,,,,,,,,,,
583,0.18562501668930054,0.18562501668930054,RL-sBOED,0.02668285369873047,37312,0.9768386483192444,,,,,,,,,,
584,0.19312500953674316,0.19312500953674316,RL-sBOED,0.026733875274658203,37376,0.9835082292556763,,,,,,,,,,
585,0.1875,0.1875,RL-sBOED,0.026688337326049805,37440,1.0082389116287231,,,,,,,,,,
586,0.1912499964237213,0.1912499964237213,RL-sBOED,0.026837587356567383,37504,1.1181678771972656,,,,,,,,,,
587,0.20250000059604645,0.20250000059604645,RL-sBOED,0.02673792839050293,37568,0.895237147808075,,,,,,,,,,
588,0.19687500596046448,0.19687500596046448,RL-sBOED,0.02692580223083496,37632,1.2136855125427246,,,,,,,,,,
589,0.18140624463558197,0.18140624463558197,RL-sBOED,0.02674722671508789,37696,1.2476072311401367,,,,,,,,,,
590,0.18046875298023224,0.18046875298023224,RL-sBOED,0.026610612869262695,37760,1.1365954875946045,,,,,,,,,,
591,0.18281249701976776,0.18281249701976776,RL-sBOED,0.026665210723876953,37824,1.170238971710205,,,,,,,,,,
592,0.19593751430511475,0.20218750834465027,RL-sBOED,0.026747703552246094,37888,1.0702548027038574,,,,,,,,,,
593,0.2043749988079071,0.2043749988079071,RL-sBOED,0.0266721248626709,37952,1.0272005796432495,,,,,,,,,,
594,0.19593749940395355,0.19593749940395355,RL-sBOED,0.026708602905273438,38016,1.0902628898620605,,,,,,,,,,
595,0.19499999284744263,0.19499999284744263,RL-sBOED,0.02666926383972168,38080,1.0319340229034424,,,,,,,,,,
596,0.18656250834465027,0.18656250834465027,RL-sBOED,0.026696205139160156,38144,1.0903149843215942,,,,,,,,,,
597,0.1912499964237213,0.1912499964237213,RL-sBOED,0.027018070220947266,38208,1.138455867767334,,,,,,,,,,
598,0.19640624523162842,0.19640624523162842,RL-sBOED,0.02694249153137207,38272,1.2371325492858887,,,,,,,,,,
599,0.20343750715255737,0.20343750715255737,RL-sBOED,0.02670884132385254,38336,1.3913346529006958,,,,,,,,,,
600,0.2057812511920929,0.2057812511920929,RL-sBOED,0.026914358139038086,38400,1.2399710416793823,0.195703125,0.07945312500000001,2,0.11113140431967991,0.015625,0.0,1,0.0,0.07945312500000001,0
601,0.1875,0.1875,RL-sBOED,0.026912450790405273,38464,1.0586512088775635,,,,,,,,,,
602,0.1837500035762787,0.1837500035762787,RL-sBOED,0.026924610137939453,38528,1.1641978025436401,,,,,,,,,,
603,0.18843750655651093,0.18843750655651093,RL-sBOED,0.029439449310302734,38592,1.2600734233856201,,,,,,,,,,
604,0.19874998927116394,0.19874998927116394,RL-sBOED,0.02670001983642578,38656,1.2050029039382935,,,,,,,,,,
605,0.1846875101327896,0.1846875101327896,RL-sBOED,0.027073144912719727,38720,1.2567883729934692,,,,,,,,,,
606,0.17906251549720764,0.17906251549720764,RL-sBOED,0.02677154541015625,38784,1.2401435375213623,,,,,,,,,,
607,0.1954687535762787,0.1954687535762787,RL-sBOED,0.026706457138061523,38848,1.268486738204956,,,,,,,,,,
608,0.2043749988079071,0.2043749988079071,RL-sBOED,0.026699542999267578,38912,1.1078803539276123,,,,,,,,,,
609,0.1954687535762787,0.1954687535762787,RL-sBOED,0.026730060577392578,38976,1.1845998764038086,,,,,,,,,,
610,0.1978124976158142,0.1978124976158142,RL-sBOED,0.02669072151184082,39040,1.1755038499832153,,,,,,,,,,
611,0.1889062523841858,0.1889062523841858,RL-sBOED,0.026709556579589844,39104,1.2402539253234863,,,,,,,,,,
612,0.1860937476158142,0.1860937476158142,RL-sBOED,0.02698040008544922,39168,1.1356596946716309,,,,,,,,,,
613,0.18421874940395355,0.18421874940395355,RL-sBOED,0.026767969131469727,39232,1.2854125499725342,,,,,,,,,,
614,0.1860937476158142,0.1860937476158142,RL-sBOED,0.026971817016601562,39296,1.1974784135818481,,,,,,,,,,
615,0.19921875,0.19921875,RL-sBOED,0.02699756622314453,39360,1.3335645198822021,,,,,,,,,,
616,0.1954687535762787,0.1954687535762787,RL-sBOED,0.02672553062438965,39424,1.3314766883850098,,,,,,,,,,
617,0.1875,0.1875,RL-sBOED,0.02670907974243164,39488,1.400499701499939,,,,,,,,,,
618,0.19828125834465027,0.19828125834465027,RL-sBOED,0.026615381240844727,39552,1.2403242588043213,,,,,,,,,,
619,0.2043749988079071,0.2043749988079071,RL-sBOED,0.026699304580688477,39616,1.1396969556808472,,,,,,,,,,
620,0.19734375178813934,0.19734375178813934,RL-sBOED,0.026613712310791016,39680,1.1560745239257812,,,,,,,,,,
621,0.18328125774860382,0.18328125774860382,RL-sBOED,0.02669548988342285,39744,1.0988292694091797,,,,,,,,,,
622,0.18796876072883606,0.18796876072883606,RL-sBOED,0.02670145034790039,39808,1.111771821975708,,,,,,,,,,
623,0.20765626430511475,0.20765626430511475,RL-sBOED,0.026907682418823242,39872,1.138936996459961,,,,,,,,,,
624,0.20624999701976776,0.20624999701976776,RL-sBOED,0.026804447174072266,39936,1.208996295928955,,,,,,,,,,
625,0.20343750715255737,0.20343750715255737,RL-sBOED,0.026788949966430664,40000,1.0626846551895142,0.19874999999999998,0.0825,2,0.045688389073983635,0.015625,0.0,1,0.0,0.0825,0
626,0.20484375953674316,0.20484375953674316,RL-sBOED,0.026829242706298828,40064,1.1683681011199951,,,,,,,,,,
627,0.19687500596046448,0.19687500596046448,RL-sBOED,0.026794910430908203,40128,1.061818242073059,,,,,,,,,,
628,0.18656250834465027,0.18656250834465027,RL-sBOED,0.026744604110717773,40192,1.07493257522583,,,,,,,,,,
629,0.1889062523841858,0.1889062523841858,RL-sBOED,0.02662944793701172,40256,1.155946135520935,,,,,,,,,,
630,0.18046873807907104,0.18046873807907104,RL-sBOED,0.02663588523864746,40320,1.0913989543914795,,,,,,,,,,
631,0.18515625596046448,0.18515625596046448,RL-sBOED,0.02682638168334961,40384,1.1102964878082275,,,,,,,,,,
632,0.20109376311302185,0.20109376311302185,RL-sBOED,0.02992987632751465,40448,1.1721439361572266,,,,,,,,,,
633,0.19640624523162842,0.19640624523162842,RL-sBOED,0.026761293411254883,40512,1.1284419298171997,,,,,,,,,,
634,0.18937501311302185,0.18937501311302185,RL-sBOED,0.02663874626159668,40576,1.0582857131958008,,,,,,,,,,
635,0.18140624463558197,0.18140624463558197,RL-sBOED,0.026787996292114258,40640,1.0720531940460205,,,,,,,,,,
636,0.18843749165534973,0.18843749165534973,RL-sBOED,0.026606321334838867,40704,1.1703951358795166,,,,,,,,,,
637,0.18984374403953552,0.18984374403953552,RL-sBOED,0.026645898818969727,40768,1.1002758741378784,,,,,,,,,,
638,0.20109374821186066,0.20109374821186066,RL-sBOED,0.026708364486694336,40832,1.1352765560150146,,,,,,,,,,
639,0.1837500035762787,0.1837500035762787,RL-sBOED,0.026616811752319336,40896,1.1352289915084839,,,,,,,,,,
640,0.19171874225139618,0.19171874225139618,RL-sBOED,0.026905298233032227,40960,1.0947093963623047,,,,,,,,,,
641,0.18843750655651093,0.18843750655651093,RL-sBOED,0.02675485610961914,41024,1.1502456665039062,,,,,,,,,,
642,0.19359375536441803,0.19359375536441803,RL-sBOED,0.026654720306396484,41088,1.0979983806610107,,,,,,,,,,
643,0.1809374988079071,0.1809374988079071,RL-sBOED,0.026710033416748047,41152,1.11775803565979,,,,,,,,,,
644,0.19453126192092896,0.19453126192092896,RL-sBOED,0.026758432388305664,41216,1.212602138519287,,,,,,,,,,
645,0.1889062523841858,0.1889062523841858,RL-sBOED,0.026671886444091797,41280,1.090038537979126,,,,,,,,,,
646,0.1875,0.1875,RL-sBOED,0.026760101318359375,41344,1.1400372982025146,,,,,,,,,,
647,0.19312500953674316,0.19312500953674316,RL-sBOED,0.02676987648010254,41408,1.0613648891448975,,,,,,,,,,
648,0.19031250476837158,0.19031250476837158,RL-sBOED,0.026932477951049805,41472,1.1465280055999756,,,,,,,,,,
649,0.20203125476837158,0.20203125476837158,RL-sBOED,0.026819467544555664,41536,1.1389555931091309,,,,,,,,,,
650,0.1926562488079071,0.1926562488079071,RL-sBOED,0.02670907974243164,41600,1.0607753992080688,0.19874999999999998,0.0825,1,-0.0,0.0078125,0.0,1,0.0,0.0825,0
651,0.1978125125169754,0.1978125125169754,RL-sBOED,0.026884078979492188,41664,1.0294978618621826,,,,,,,,,,
652,0.19734375178813934,0.19734375178813934,RL-sBOED,0.026668548583984375,41728,1.0515785217285156,,,,,,,,,,
653,0.20390626788139343,0.20390626788139343,RL-sBOED,0.02680206298828125,41792,1.0579627752304077,,,,,,,,,,
654,0.19640624523162842,0.19640624523162842,RL-sBOED,0.02665257453918457,41856,1.1017811298370361,,,,,,,,,,
655,0.19640624523162842,0.19640624523162842,RL-sBOED,0.0267181396484375,41920,1.1565945148468018,,,,,,,,,,
656,0.2006250023841858,0.2006250023841858,RL-sBOED,0.02679300308227539,41984,1.1504970788955688,,,,,,,,,,
657,0.18328125774860382,0.18328125774860382,RL-sBOED,0.026635408401489258,42048,1.1611136198043823,,,,,,,,,,
658,0.19171875715255737,0.19171875715255737,RL-sBOED,0.02662944793701172,42112,1.1535980701446533,,,,,,,,,,
659,0.1889062523841858,0.1889062523841858,RL-sBOED,0.0266268253326416,42176,1.211578369140625,,,,,,,,,,
660,0.18421876430511475,0.18421876430511475,RL-sBOED,0.026677370071411133,42240,1.2378594875335693,,,,,,,,,,
661,0.19921875,0.19921875,RL-sBOED,0.0268399715423584,42304,1.256370186805725,,,,,,,,,,
662,0.1954687535762787,0.1954687535762787,RL-sBOED,0.02665400505065918,42368,1.2544612884521484,,,,,,,,,,
663,0.17249999940395355,0.17249999940395355,RL-sBOED,0.02669072151184082,42432,1.3111521005630493,,,,,,,,,,
664,0.19921875,0.19921875,RL-sBOED,0.026819467544555664,42496,1.1912882328033447,,,,,,,,,,
665,0.18468749523162842,0.18468749523162842,RL-sBOED,0.026606321334838867,42560,1.337137222290039,,,,,,,,,,
666,0.19078125059604645,0.19078125059604645,RL-sBOED,0.02668023109436035,42624,1.3715088367462158,,,,,,,,,,
667,0.18656250834465027,0.18656250834465027,RL-sBOED,0.02662825584411621,42688,1.316725254058838,,,,,,,,,,
668,0.19828125834465027,0.19828125834465027,RL-sBOED,0.026727676391601562,42752,1.3091031312942505,,,,,,,,,,
669,0.18703123927116394,0.18703123927116394,RL-sBOED,0.026514053344726562,42816,1.2610719203948975,,,,,,,,,,
670,0.2109375,0.2109375,RL-sBOED,0.02663278579711914,42880,1.272745132446289,,,,,,,,,,
671,0.20156250894069672,0.20156250894069672,RL-sBOED,0.02672266960144043,42944,1.2553280591964722,,,,,,,,,,
672,0.20906250178813934,0.20906250178813934,RL-sBOED,0.026710033416748047,43008,1.2333853244781494,,,,,,,,,,
673,0.18328125774860382,0.18328125774860382,RL-sBOED,0.026739835739135742,43072,1.194256067276001,,,,,,,,,,
674,0.19359374046325684,0.19359374046325684,RL-sBOED,0.026638507843017578,43136,1.2269721031188965,,,,,,,,,,
675,0.1875,0.1875,RL-sBOED,0.026690006256103516,43200,1.2389857769012451,0.196875,0.080625,2,0.2120925525087354,0.015625,0.0,1,0.0,0.080625,0
676,0.19968749582767487,0.19968749582767487,RL-sBOED,0.026899099349975586,43264,1.2296149730682373,,,,,,,,,,
677,0.19031250476837158,0.19031250476837158,RL-sBOED,0.026646137237548828,43328,1.2643024921417236,,,,,,,,,,
678,0.1926562488079071,0.1926562488079071,RL-sBOED,0.026713132858276367,43392,1.2577874660491943,,,,,,,,,,
679,0.19687500596046448,0.19687500596046448,RL-sBOED,0.02666306495666504,43456,1.246094822883606,,,,,,,,,,
680,0.20624999701976776,0.20624999701976776,RL-sBOED,0.02668452262878418,43520,1.2230714559555054,,,,,,,,,,
681,0.19171875715255737,0.19171875715255737,RL-sBOED,0.026722192764282227,43584,1.2476370334625244,,,,,,,,,,
682,0.19875000417232513,0.19875000417232513,RL-sBOED,0.026674985885620117,43648,1.2128868103027344,,,,,,,,,,
683,0.19218750298023224,0.19218750298023224,RL-sBOED,0.026928424835205078,43712,1.2627074718475342,,,,,,,,,,
684,0.19687500596046448,0.19687500596046448,RL-sBOED,0.026882648468017578,43776,1.150022029876709,,,,,,,,,,
685,0.18468749523162842,0.18468749523162842,RL-sBOED,0.026709556579589844,43840,1.1363499164581299,,,,,,,,,,
686,0.1860937476158142,0.1860937476158142,RL-sBOED,0.026697874069213867,43904,1.1593017578125,,,,,,,,,,
687,0.19359375536441803,0.19359375536441803,RL-sBOED,0.026693344116210938,43968,1.1191682815551758,,,,,,,,,,
688,0.18046875298023224,0.18046875298023224,RL-sBOED,0.026613712310791016,44032,1.1685881614685059,,,,,,,,,,
689,0.1912499964237213,0.1912499964237213,RL-sBOED,0.0267026424407959,44096,1.1649056673049927,,,,,,,,,,
690,0.18796876072883606,0.18796876072883606,RL-sBOED,0.026615619659423828,44160,1.1993540525436401,,,,,,,,,,
691,0.19312499463558197,0.19312499463558197,RL-sBOED,0.026735305786132812,44224,1.1722843647003174,,,,,,,,,,
692,0.1860937476158142,0.1860937476158142,RL-sBOED,0.026598691940307617,44288,1.2308804988861084,,,,,,,,,,
693,0.19500000774860382,0.19500000774860382,RL-sBOED,0.026705503463745117,44352,1.215717077255249,,,,,,,,,,
694,0.19312500953674316,0.19312500953674316,RL-sBOED,0.026787281036376953,44416,1.229509711265564,,,,,,,,,,
695,0.19359374046325684,0.19359374046325684,RL-sBOED,0.026671886444091797,44480,1.168005108833313,,,,,,,,,,
696,0.19171875715255737,0.19171875715255737,RL-sBOED,0.026682615280151367,44544,1.13813316822052,,,,,,,,,,
697,0.1889062523841858,0.1889062523841858,RL-sBOED,0.02669811248779297,44608,1.0931915044784546,,,,,,,,,,
698,0.18843749165534973,0.18843749165534973,RL-sBOED,0.026668310165405273,44672,1.1622185707092285,,,,,,,,,,
699,0.18515625596046448,0.18515625596046448,RL-sBOED,0.026659488677978516,44736,1.1318858861923218,,,,,,,,,,
700,0.20999999344348907,0.20999999344348907,RL-sBOED,0.026581287384033203,44800,1.1797367334365845,0.19874999999999998,0.0825,1,-0.0,0.0078125,0.0,1,0.0,0.0825,0
701,0.19218751788139343,0.19218751788139343,RL-sBOED,0.026975631713867188,44864,1.0640573501586914,,,,,,,,,,
702,0.19359374046325684,0.19359374046325684,RL-sBOED,0.026758193969726562,44928,1.104041337966919,,,,,,,,,,
703,0.1846875101327896,0.1846875101327896,RL-sBOED,0.02660083770751953,44992,1.0167818069458008,,,,,,,,,,
704,0.1889062523841858,0.1889062523841858,RL-sBOED,0.026593923568725586,45056,1.0553045272827148,,,,,,,,,,
705,0.1978124976158142,0.1978124976158142,RL-sBOED,0.026758670806884766,45120,0.9703540802001953,,,,,,,,,,
706,0.19171875715255737,0.19171875715255737,RL-sBOED,0.02667379379272461,45184,1.010199785232544,,,,,,,,,,
707,0.1889062523841858,0.1889062523841858,RL-sBOED,0.026695728302001953,45248,1.0072131156921387,,,,,,,,,,
708,0.17578125,0.17578125,RL-sBOED,0.02672100067138672,45312,1.0359777212142944,,,,,,,,,,
709,0.18984374403953552,0.18984374403953552,RL-sBOED,0.02686476707458496,45376,1.0936838388442993,,,,,,,,,,
710,0.18984374403953552,0.18984374403953552,RL-sBOED,0.026752948760986328,45440,1.122478723526001,,,,,,,,,,
711,0.20390623807907104,0.20390623807907104,RL-sBOED,0.026616334915161133,45504,1.2224258184432983,,,,,,,,,,
712,0.20250000059604645,0.20250000059604645,RL-sBOED,0.02665257453918457,45568,1.2666701078414917,,,,,,,,,,
713,0.18328125774860382,0.18328125774860382,RL-sBOED,0.026740550994873047,45632,1.1652252674102783,,,,,,,,,,
714,0.18843750655651093,0.18843750655651093,RL-sBOED,0.02668142318725586,45696,1.2152272462844849,,,,,,,,,,
715,0.1926562488079071,0.1926562488079071,RL-sBOED,0.026645660400390625,45760,1.2000141143798828,,,,,,,,,,
716,0.19031250476837158,0.19031250476837158,RL-sBOED,0.0266878604888916,45824,1.2244937419891357,,,,,,,,,,
717,0.19171875715255737,0.19171875715255737,RL-sBOED,0.026753902435302734,45888,1.1739587783813477,,,,,,,,,,
718,0.19078125059604645,0.19078125059604645,RL-sBOED,0.026749610900878906,45952,1.1900829076766968,,,,,,,,,,
719,0.1926562488079071,0.1926562488079071,RL-sBOED,0.02667975425720215,46016,1.2653223276138306,,,,,,,,,,
720,0.18140625953674316,0.18140625953674316,RL-sBOED,0.026650428771972656,46080,1.1983338594436646,,,,,,,,,,
721,0.17578125,0.17578125,RL-sBOED,0.02675151824951172,46144,1.1675599813461304,,,,,,,,,,
722,0.18984374403953552,0.18984374403953552,RL-sBOED,0.026685476303100586,46208,1.3613991737365723,,,,,,,,,,
723,0.19734373688697815,0.19734373688697815,RL-sBOED,0.026769161224365234,46272,1.258611798286438,,,,,,,,,,
724,0.18421876430511475,0.18421876430511475,RL-sBOED,0.026852846145629883,46336,1.3011386394500732,,,,,,,,,,
725,0.18515625596046448,0.18515625596046448,RL-sBOED,0.026642322540283203,46400,1.3515723943710327,0.19921874999999997,0.08296875000000001,2,0.045688389073983635,0.015625,0.0,1,0.0,0.08296875000000001,0
726,0.20109374821186066,0.20109374821186066,RL-sBOED,0.02686929702758789,46464,1.3146640062332153,,,,,,,,,,
727,0.19453126192092896,0.19453126192092896,RL-sBOED,0.02676701545715332,46528,1.3046222925186157,,,,,,,,,,
728,0.18281249701976776,0.18281249701976776,RL-sBOED,0.0267641544342041,46592,1.3397209644317627,,,,,,,,,,
729,0.2160937488079071,0.2160937488079071,RL-sBOED,0.02678990364074707,46656,1.2463111877441406,,,,,,,,,,
730,0.20343750715255737,0.20343750715255737,RL-sBOED,0.026718616485595703,46720,1.2916626930236816,,,,,,,,,,
731,0.19359375536441803,0.19359375536441803,RL-sBOED,0.026612043380737305,46784,1.3368639945983887,,,,,,,,,,
732,0.19312499463558197,0.19312499463558197,RL-sBOED,0.026762962341308594,46848,1.36220121383667,,,,,,,,,,
733,0.20015627145767212,0.20015627145767212,RL-sBOED,0.026799917221069336,46912,1.3821594715118408,,,,,,,,,,
734,0.1940625011920929,0.1940625011920929,RL-sBOED,0.02708578109741211,46976,1.2858412265777588,,,,,,,,,,
735,0.1837500035762787,0.1837500035762787,RL-sBOED,0.026676654815673828,47040,1.3541827201843262,,,,,,,,,,
736,0.2071875035762787,0.2071875035762787,RL-sBOED,0.0266726016998291,47104,1.316939115524292,,,,,,,,,,
737,0.1954687535762787,0.1954687535762787,RL-sBOED,0.026813983917236328,47168,1.3531557321548462,,,,,,,,,,
738,0.18984374403953552,0.18984374403953552,RL-sBOED,0.026628732681274414,47232,1.325336217880249,,,,,,,,,,
739,0.1954687535762787,0.1954687535762787,RL-sBOED,0.02666187286376953,47296,1.3681995868682861,,,,,,,,,,
740,0.1837500035762787,0.1837500035762787,RL-sBOED,0.026737213134765625,47360,1.2600221633911133,,,,,,,,,,
741,0.17906251549720764,0.17906251549720764,RL-sBOED,0.02658224105834961,47424,1.2894296646118164,,,,,,,,,,
742,0.19828124344348907,0.19828124344348907,RL-sBOED,0.026694774627685547,47488,1.2136950492858887,,,,,,,,,,
743,0.1954687535762787,0.1954687535762787,RL-sBOED,0.02681422233581543,47552,1.2459849119186401,,,,,,,,,,
744,0.1940625011920929,0.1940625011920929,RL-sBOED,0.026868581771850586,47616,1.1858768463134766,,,,,,,,,,
745,0.19828124344348907,0.19828124344348907,RL-sBOED,0.026818037033081055,47680,1.2060667276382446,,,,,,,,,,
746,0.18796876072883606,0.18796876072883606,RL-sBOED,0.02668309211730957,47744,1.1312800645828247,,,,,,,,,,
747,0.1954687535762787,0.1954687535762787,RL-sBOED,0.026597976684570312,47808,1.1092758178710938,,,,,,,,,,
748,0.17578125,0.17578125,RL-sBOED,0.026817798614501953,47872,1.1025785207748413,,,,,,,,,,
749,0.17531250417232513,0.17531250417232513,RL-sBOED,0.026934146881103516,47936,1.0335252285003662,,,,,,,,,,
750,0.19078126549720764,0.19078126549720764,RL-sBOED,0.026711702346801758,48000,1.1109949350357056,0.19874999999999998,0.0825,1,-0.0,0.0078125,0.0,1,0.0,0.0825,0
751,0.19312500953674316,0.19312500953674316,RL-sBOED,0.04034996032714844,48064,1.0586211681365967,,,,,,,,,,
752,0.1954687535762787,0.1954687535762787,RL-sBOED,0.03646421432495117,48128,0.9715034365653992,,,,,,,,,,
753,0.20250000059604645,0.20250000059604645,RL-sBOED,0.04953789710998535,48192,0.9937648177146912,,,,,,,,,,
754,0.18281249701976776,0.18281249701976776,RL-sBOED,0.04402971267700195,48256,0.9786800742149353,,,,,,,,,,
755,0.18468749523162842,0.18468749523162842,RL-sBOED,0.04301142692565918,48320,0.9769011735916138,,,,,,,,,,
756,0.18937501311302185,0.18937501311302185,RL-sBOED,0.03408217430114746,48384,1.0466153621673584,,,,,,,,,,
757,0.19031250476837158,0.19031250476837158,RL-sBOED,0.038849592208862305,48448,0.9889552593231201,,,,,,,,,,
758,0.19031250476837158,0.19031250476837158,RL-sBOED,0.03045201301574707,48512,1.0824350118637085,,,,,,,,,,
759,0.18187500536441803,0.18187500536441803,RL-sBOED,0.03214526176452637,48576,1.0741651058197021,,,,,,,,,,
760,0.18656250834465027,0.18656250834465027,RL-sBOED,0.03363370895385742,48640,1.0323197841644287,,,,,,,,,,
761,0.18656250834465027,0.18656250834465027,RL-sBOED,0.04243922233581543,48704,1.0657153129577637,,,,,,,,,,
762,0.20343750715255737,0.20343750715255737,RL-sBOED,0.03892922401428223,48768,1.169719934463501,,,,,,,,,,
763,0.1926562488079071,0.1926562488079071,RL-sBOED,0.04152989387512207,48832,1.082270860671997,,,,,,,,,,
764,0.18796876072883606,0.18796876072883606,RL-sBOED,0.037106990814208984,48896,1.0224894285202026,,,,,,,,,,
765,0.19078125059604645,0.19078125059604645,RL-sBOED,0.04051542282104492,48960,1.0853271484375,,,,,,,,,,
766,0.19640624523162842,0.19640624523162842,RL-sBOED,0.03221535682678223,49024,1.1151905059814453,,,,,,,,,,
767,0.21000000834465027,0.21000000834465027,RL-sBOED,0.04029059410095215,49088,1.0985560417175293,,,,,,,,,,
768,0.21046875417232513,0.21046875417232513,RL-sBOED,0.04235959053039551,49152,1.0501121282577515,,,,,,,,,,
769,0.20484375953674316,0.20484375953674316,RL-sBOED,0.043549537658691406,49216,1.0584155321121216,,,,,,,,,,
770,0.19875000417232513,0.19875000417232513,RL-sBOED,0.03691983222961426,49280,1.059402585029602,,,,,,,,,,
771,0.1889062523841858,0.1889062523841858,RL-sBOED,0.03867602348327637,49344,1.0456092357635498,,,,,,,,,,
772,0.1875,0.1875,RL-sBOED,0.05082058906555176,49408,1.06679105758667,,,,,,,,,,
773,0.20015625655651093,0.20015625655651093,RL-sBOED,0.0336461067199707,49472,1.0405476093292236,,,,,,,,,,
774,0.2006250023841858,0.2006250023841858,RL-sBOED,0.05138397216796875,49536,1.1117395162582397,,,,,,,,,,
775,0.1889062523841858,0.1889062523841858,RL-sBOED,0.03780817985534668,49600,1.0947701930999756,0.19710937499999998,0.08085937500000001,2,0.11113140431967991,0.015625,0.0,1,0.0,0.08085937500000001,0
776,0.19171875715255737,0.19171875715255737,RL-sBOED,0.03426933288574219,49664,1.0536653995513916,,,,,,,,,,
777,0.1978124976158142,0.1978124976158142,RL-sBOED,0.03617095947265625,49728,1.0104964971542358,,,,,,,,,,
778,0.19640624523162842,0.19640624523162842,RL-sBOED,0.04066038131713867,49792,1.0779740810394287,,,,,,,,,,
779,0.19031250476837158,0.19031250476837158,RL-sBOED,0.031394004821777344,49856,1.0902329683303833,,,,,,,,,,
780,0.18187499046325684,0.18187499046325684,RL-sBOED,0.0360872745513916,49920,1.0589585304260254,,,,,,,,,,
781,0.19031250476837158,0.19031250476837158,RL-sBOED,0.03582453727722168,49984,1.1053392887115479,,,,,,,,,,
782,0.19078125059604645,0.19078125059604645,RL-sBOED,0.039923906326293945,50048,1.0678503513336182,,,,,,,,,,
783,0.19359374046325684,0.19359374046325684,RL-sBOED,0.03284430503845215,50112,0.9887646436691284,,,,,,,,,,
784,0.17484374344348907,0.17484374344348907,RL-sBOED,0.03522801399230957,50176,1.0780199766159058,,,,,,,,,,
785,0.20250000059604645,0.20250000059604645,RL-sBOED,0.03118443489074707,50240,1.10011625289917,,,,,,,,,,
786,0.18703125417232513,0.18703125417232513,RL-sBOED,0.03140568733215332,50304,1.166818618774414,,,,,,,,,,
787,0.20109374821186066,0.20109374821186066,RL-sBOED,0.032714128494262695,50368,1.0769277811050415,,,,,,,,,,
788,0.18656249344348907,0.18656249344348907,RL-sBOED,0.04006147384643555,50432,1.1126227378845215,,,,,,,,,,
789,0.18281249701976776,0.18281249701976776,RL-sBOED,0.032033681869506836,50496,1.0759775638580322,,,,,,,,,,
790,0.1912499964237213,0.1912499964237213,RL-sBOED,0.03887510299682617,50560,1.0919241905212402,,,,,,,,,,
791,0.19171875715255737,0.19171875715255737,RL-sBOED,0.03719639778137207,50624,1.0428857803344727,,,,,,,,,,
792,0.19968749582767487,0.19968749582767487,RL-sBOED,0.05683708190917969,50688,1.1343647241592407,,,,,,,,,,
793,0.20015625655651093,0.20015625655651093,RL-sBOED,0.033008575439453125,50752,1.0602366924285889,,,,,,,,,,
794,0.17812499403953552,0.17812499403953552,RL-sBOED,0.0387728214263916,50816,0.9689892530441284,,,,,,,,,,
795,0.1978125125169754,0.1978125125169754,RL-sBOED,0.03892326354980469,50880,1.0314841270446777,,,,,,,,,,
796,0.1837500035762787,0.1837500035762787,RL-sBOED,0.03771615028381348,50944,1.0285532474517822,,,,,,,,,,
797,0.1795312464237213,0.1795312464237213,RL-sBOED,0.049272775650024414,51008,1.0177228450775146,,,,,,,,,,
798,0.18843750655651093,0.18843750655651093,RL-sBOED,0.04392600059509277,51072,1.0253660678863525,,,,,,,,,,
799,0.17390626668930054,0.17390626668930054,RL-sBOED,0.03277301788330078,51136,1.113354206085205,,,,,,,,,,
800,0.18703125417232513,0.18703125417232513,RL-sBOED,0.03372001647949219,51200,1.0801138877868652,0.20015624999999998,0.09250000000000001,2,0.4333988732907457,0.015625,0.015625,1,0.000703125,0.09250000000000001,0
801,0.17812499403953552,0.17812499403953552,RL-sBOED,0.02816462516784668,51264,1.0889264345169067,,,,,,,,,,
802,0.1795312464237213,0.1795312464237213,RL-sBOED,0.027942180633544922,51328,1.0495705604553223,,,,,,,,,,
803,0.19171875715255737,0.19171875715255737,RL-sBOED,0.02812933921813965,51392,1.022339940071106,,,,,,,,,,
804,0.1837500035762787,0.1837500035762787,RL-sBOED,0.028963327407836914,51456,1.051429271697998,,,,,,,,,,
805,0.19218750298023224,0.19218750298023224,RL-sBOED,0.038404226303100586,51520,1.0516968965530396,,,,,,,,,,
806,0.19734376668930054,0.19734376668930054,RL-sBOED,0.03564572334289551,51584,1.0557280778884888,,,,,,,,,,
807,0.18843750655651093,0.18843750655651093,RL-sBOED,0.05052781105041504,51648,1.008418083190918,,,,,,,,,,
808,0.2006250023841858,0.2006250023841858,RL-sBOED,0.03421640396118164,51712,0.9797077178955078,,,,,,,,,,
809,0.19453126192092896,0.19453126192092896,RL-sBOED,0.04217529296875,51776,1.0182420015335083,,,,,,,,,,
810,0.19687500596046448,0.19687500596046448,RL-sBOED,0.035793304443359375,51840,0.9694990515708923,,,,,,,,,,
811,0.18421876430511475,0.18421876430511475,RL-sBOED,0.0463101863861084,51904,1.0387887954711914,,,,,,,,,,
812,0.18281251192092896,0.18281251192092896,RL-sBOED,0.04358863830566406,51968,1.021353840827942,,,,,,,,,,
813,0.19359374046325684,0.19359374046325684,RL-sBOED,0.03485274314880371,52032,0.9647588729858398,,,,,,,,,,
814,0.20015624165534973,0.20015624165534973,RL-sBOED,0.035819292068481445,52096,1.0759012699127197,,,,,,,,,,
815,0.20156249403953552,0.20156249403953552,RL-sBOED,0.03804445266723633,52160,1.0910903215408325,,,,,,,,,,
816,0.18796874582767487,0.18796874582767487,RL-sBOED,0.052520036697387695,52224,1.063344955444336,,,,,,,,,,
817,0.20250000059604645,0.20250000059604645,RL-sBOED,0.03563714027404785,52288,1.0460093021392822,,,,,,,,,,
818,0.18000000715255737,0.18000000715255737,RL-sBOED,0.04343271255493164,52352,1.0123575925827026,,,,,,,,,,
819,0.22218750417232513,0.22843749821186066,RL-sBOED,0.03512716293334961,52416,0.9132581353187561,,,,,,,,,,
820,0.17906250059604645,0.17906250059604645,RL-sBOED,0.048272132873535156,52480,0.9445431232452393,,,,,,,,,,
821,0.1940625011920929,0.1940625011920929,RL-sBOED,0.04774665832519531,52544,0.9810947179794312,,,,,,,,,,
822,0.18187499046325684,0.18187499046325684,RL-sBOED,0.03562617301940918,52608,0.9378881454467773,,,,,,,,,,
823,0.19078125059604645,0.19078125059604645,RL-sBOED,0.034319162368774414,52672,1.013697624206543,,,,,,,,,,
824,0.1837500035762787,0.1837500035762787,RL-sBOED,0.032700300216674805,52736,1.060561180114746,,,,,,,,,,
825,0.18703125417232513,0.18703125417232513,RL-sBOED,0.03425860404968262,52800,1.0228403806686401,0.19874999999999998,0.0825,1,-0.0,0.0078125,0.0,1,0.0,0.0825,0
826,0.1889062523841858,0.1889062523841858,RL-sBOED,0.028775691986083984,52864,1.0621917247772217,,,,,,,,,,
827,0.1809374988079071,0.1809374988079071,RL-sBOED,0.03378939628601074,52928,1.179368495941162,,,,,,,,,,
828,0.1912499964237213,0.1912499964237213,RL-sBOED,0.0317234992980957,52992,1.0971357822418213,,,,,,,,,,
829,0.18703126907348633,0.18703126907348633,RL-sBOED,0.036272287368774414,53056,1.0879602432250977,,,,,,,,,,
830,0.1860937476158142,0.1860937476158142,RL-sBOED,0.05184531211853027,53120,1.0558102130889893,,,,,,,,,,
831,0.19734375178813934,0.19734375178813934,RL-sBOED,0.03315234184265137,53184,1.031205415725708,,,,,,,,,,
832,0.22218751907348633,0.22218751907348633,RL-sBOED,0.04480457305908203,53248,0.9829714298248291,,,,,,,,,,
833,0.18656249344348907,0.18656249344348907,RL-sBOED,0.03461432456970215,53312,1.0849887132644653,,,,,,,,,,
834,0.18703125417232513,0.18703125417232513,RL-sBOED,0.03467583656311035,53376,1.0464609861373901,,,,,,,,,,
835,0.17249999940395355,0.17249999940395355,RL-sBOED,0.03443598747253418,53440,1.1234264373779297,,,,,,,,,,
836,0.20671874284744263,0.20671874284744263,RL-sBOED,0.03747677803039551,53504,1.0943994522094727,,,,,,,,,,
837,0.17671875655651093,0.17671875655651093,RL-sBOED,0.04462790489196777,53568,1.03010094165802,,,,,,,,,,
838,0.1823437511920929,0.1823437511920929,RL-sBOED,0.03201007843017578,53632,1.0047369003295898,,,,,,,,,,
839,0.1875,0.1875,RL-sBOED,0.03362607955932617,53696,1.0429041385650635,,,,,,,,,,
840,0.19078125059604645,0.19078125059604645,RL-sBOED,0.04140973091125488,53760,0.9350033402442932,,,,,,,,,,
841,0.19593751430511475,0.19593751430511475,RL-sBOED,0.039549827575683594,53824,0.9170882701873779,,,,,,,,,,
842,0.17624999582767487,0.17624999582767487,RL-sBOED,0.0353846549987793,53888,0.8895995616912842,,,,,,,,,,
843,0.17390625178813934,0.17390625178813934,RL-sBOED,0.029784440994262695,53952,1.0821266174316406,,,,,,,,,,
844,0.17812499403953552,0.17812499403953552,RL-sBOED,0.03417181968688965,54016,1.0584540367126465,,,,,,,,,,
845,0.1903124898672104,0.1903124898672104,RL-sBOED,0.03394722938537598,54080,0.9667481780052185,,,,,,,,,,
846,0.18421874940395355,0.18421874940395355,RL-sBOED,0.03592276573181152,54144,1.04854154586792,,,,,,,,,,
847,0.20343750715255737,0.20343750715255737,RL-sBOED,0.0516047477722168,54208,0.9885432720184326,,,,,,,,,,
848,0.19171875715255737,0.19171875715255737,RL-sBOED,0.033477783203125,54272,1.0026512145996094,,,,,,,,,,
849,0.18843750655651093,0.18843750655651093,RL-sBOED,0.040907859802246094,54336,1.0087711811065674,,,,,,,,,,
850,0.19968749582767487,0.19968749582767487,RL-sBOED,0.03457498550415039,54400,1.0025174617767334,0.199921875,0.091484375,2,0.39169839521161126,0.015625,0.0078125,1,0.000703125,0.091484375,0
851,0.18796876072883606,0.18796876072883606,RL-sBOED,0.028526782989501953,54464,0.9854575395584106,,,,,,,,,,
852,0.1743750125169754,0.1743750125169754,RL-sBOED,0.033864736557006836,54528,0.9813713431358337,,,,,,,,,,
853,0.19359374046325684,0.19359374046325684,RL-sBOED,0.030730485916137695,54592,0.888789713382721,,,,,,,,,,
854,0.19640624523162842,0.19640624523162842,RL-sBOED,0.03728365898132324,54656,0.898219108581543,,,,,,,,,,
855,0.1940625011920929,0.1940625011920929,RL-sBOED,0.0622706413269043,54720,0.891538143157959,,,,,,,,,,
856,0.19078126549720764,0.19078126549720764,RL-sBOED,0.05683183670043945,54784,0.8963363170623779,,,,,,,,,,
857,0.18562500178813934,0.18562500178813934,RL-sBOED,0.052484989166259766,54848,1.0099773406982422,,,,,,,,,,
858,0.18984374403953552,0.18984374403953552,RL-sBOED,0.04551076889038086,54912,1.0574684143066406,,,,,,,,,,
859,0.18937501311302185,0.18937501311302185,RL-sBOED,0.051264286041259766,54976,1.083582878112793,,,,,,,,,,
860,0.1889062523841858,0.1889062523841858,RL-sBOED,0.04246926307678223,55040,1.1652015447616577,,,,,,,,,,
861,0.18187499046325684,0.18187499046325684,RL-sBOED,0.04665660858154297,55104,1.0244231224060059,,,,,,,,,,
862,0.18046875298023224,0.18046875298023224,RL-sBOED,0.04237818717956543,55168,1.1499788761138916,,,,,,,,,,
863,0.20156249403953552,0.20156249403953552,RL-sBOED,0.0388641357421875,55232,1.2128835916519165,,,,,,,,,,
864,0.18562501668930054,0.18562501668930054,RL-sBOED,0.05230379104614258,55296,1.0687787532806396,,,,,,,,,,
865,0.19359375536441803,0.19359375536441803,RL-sBOED,0.04571843147277832,55360,1.121042013168335,,,,,,,,,,
866,0.20015625655651093,0.20015625655651093,RL-sBOED,0.04458737373352051,55424,1.177665114402771,,,,,,,,,,
867,0.2006250023841858,0.2006250023841858,RL-sBOED,0.049704551696777344,55488,1.0521552562713623,,,,,,,,,,
868,0.17531248927116394,0.17531248927116394,RL-sBOED,0.03306245803833008,55552,1.0948655605316162,,,,,,,,,,
869,0.1926562488079071,0.1926562488079071,RL-sBOED,0.05288815498352051,55616,1.1085551977157593,,,,,,,,,,
870,0.20765626430511475,0.20765626430511475,RL-sBOED,0.032896995544433594,55680,1.1510319709777832,,,,,,,,,,
871,0.20249998569488525,0.20249998569488525,RL-sBOED,0.03889179229736328,55744,1.0937238931655884,,,,,,,,,,
872,0.18421874940395355,0.18421874940395355,RL-sBOED,0.046993255615234375,55808,1.1304104328155518,,,,,,,,,,
873,0.17671874165534973,0.17671874165534973,RL-sBOED,0.05037856101989746,55872,1.208042860031128,,,,,,,,,,
874,0.1926562488079071,0.1926562488079071,RL-sBOED,0.03815054893493652,55936,1.1048794984817505,,,,,,,,,,
875,0.1823437511920929,0.1823437511920929,RL-sBOED,0.03327441215515137,56000,1.0884068012237549,0.19874999999999998,0.0825,2,0.045688389073983635,0.015625,0.0,1,0.0,0.0825,0
876,0.18656250834465027,0.18656250834465027,RL-sBOED,0.029278993606567383,56064,1.314513921737671,,,,,,,,,,
877,0.19734375178813934,0.19734375178813934,RL-sBOED,0.03822898864746094,56128,1.2301994562149048,,,,,,,,,,
878,0.19921875,0.19921875,RL-sBOED,0.04423785209655762,56192,1.2081044912338257,,,,,,,,,,
879,0.19218750298023224,0.19218750298023224,RL-sBOED,0.052030324935913086,56256,1.232985019683838,,,,,,,,,,
880,0.18703123927116394,0.18703123927116394,RL-sBOED,0.04040098190307617,56320,1.2331883907318115,,,,,,,,,,
881,0.18796874582767487,0.18796874582767487,RL-sBOED,0.0601656436920166,56384,1.2414031028747559,,,,,,,,,,
882,0.18046875298023224,0.18046875298023224,RL-sBOED,0.03640389442443848,56448,1.250046730041504,,,,,,,,,,
883,0.1912499964237213,0.1912499964237213,RL-sBOED,0.03224349021911621,56512,1.2691444158554077,,,,,,,,,,
884,0.2043749988079071,0.2043749988079071,RL-sBOED,0.03268551826477051,56576,1.3218698501586914,,,,,,,,,,
885,0.19828125834465027,0.19828125834465027,RL-sBOED,0.037164926528930664,56640,1.2600817680358887,,,,,,,,,,
886,0.19687500596046448,0.19687500596046448,RL-sBOED,0.034262657165527344,56704,1.4464361667633057,,,,,,,,,,
887,0.19171875715255737,0.19171875715255737,RL-sBOED,0.03476285934448242,56768,1.2769612073898315,,,,,,,,,,
888,0.19078125059604645,0.19078125059604645,RL-sBOED,0.05050349235534668,56832,1.2504124641418457,,,,,,,,,,
889,0.17812499403953552,0.17812499403953552,RL-sBOED,0.0454556941986084,56896,1.1834359169006348,,,,,,,,,,
890,0.2175000011920929,0.2175000011920929,RL-sBOED,0.04203057289123535,56960,1.1380071640014648,,,,,,,,,,
891,0.18468749523162842,0.18468749523162842,RL-sBOED,0.05178117752075195,57024,1.1906054019927979,,,,,,,,,,
892,0.19874998927116394,0.19874998927116394,RL-sBOED,0.034444570541381836,57088,1.2948863506317139,,,,,,,,,,
893,0.19874998927116394,0.19874998927116394,RL-sBOED,0.03422904014587402,57152,1.2789456844329834,,,,,,,,,,
894,0.18281249701976776,0.18281249701976776,RL-sBOED,0.044898033142089844,57216,1.1856756210327148,,,,,,,,,,
895,0.19687500596046448,0.19687500596046448,RL-sBOED,0.04232525825500488,57280,1.2809433937072754,,,,,,,,,,
896,0.20109376311302185,0.20109376311302185,RL-sBOED,0.03436851501464844,57344,1.2601954936981201,,,,,,,,,,
897,0.19828125834465027,0.19828125834465027,RL-sBOED,0.03307485580444336,57408,1.104551076889038,,,,,,,,,,
898,0.19078125059604645,0.19078125059604645,RL-sBOED,0.031121492385864258,57472,1.2454839944839478,,,,,,,,,,
899,0.19593751430511475,0.19593751430511475,RL-sBOED,0.032917022705078125,57536,1.2121117115020752,,,,,,,,,,
900,0.20671874284744263,0.20671874284744263,RL-sBOED,0.04732823371887207,57600,1.250145435333252,0.196875,0.080625,3,0.3721057551409006,0.0234375,0.0,1,0.0,0.080625,0
901,0.1912499964237213,0.1912499964237213,RL-sBOED,0.034104108810424805,57664,1.3236806392669678,,,,,,,,,,
902,0.19499999284744263,0.19499999284744263,RL-sBOED,0.04281306266784668,57728,1.2806665897369385,,,,,,,,,,
903,0.17859375476837158,0.17859375476837158,RL-sBOED,0.04936051368713379,57792,1.3477544784545898,,,,,,,,,,
904,0.20015625655651093,0.20015625655651093,RL-sBOED,0.040293216705322266,57856,1.4064632654190063,,,,,,,,,,
905,0.20390626788139343,0.20390626788139343,RL-sBOED,0.04658389091491699,57920,1.4469895362854004,,,,,,,,,,
906,0.18468749523162842,0.18468749523162842,RL-sBOED,0.03743791580200195,57984,1.4149503707885742,,,,,,,,,,
907,0.18843750655651093,0.18843750655651093,RL-sBOED,0.04720497131347656,58048,1.411611795425415,,,,,,,,,,
908,0.1889062523841858,0.1889062523841858,RL-sBOED,0.035276174545288086,58112,1.297641634941101,,,,,,,,,,
909,0.19218751788139343,0.19218751788139343,RL-sBOED,0.04153561592102051,58176,1.2250076532363892,,,,,,,,,,
910,0.19593749940395355,0.19593749940395355,RL-sBOED,0.03348398208618164,58240,1.3650426864624023,,,,,,,,,,
911,0.1940625011920929,0.1940625011920929,RL-sBOED,0.034740447998046875,58304,1.2987430095672607,,,,,,,,,,
912,0.20250001549720764,0.20250001549720764,RL-sBOED,0.03297281265258789,58368,1.3434219360351562,,,,,,,,,,
913,0.1940625011920929,0.1940625011920929,RL-sBOED,0.04703402519226074,58432,1.3625701665878296,,,,,,,,,,
914,0.19218750298023224,0.19218750298023224,RL-sBOED,0.04387712478637695,58496,1.2939856052398682,,,,,,,,,,
915,0.18421874940395355,0.18421874940395355,RL-sBOED,0.04361319541931152,58560,1.3796272277832031,,,,,,,,,,
916,0.19359374046325684,0.19359374046325684,RL-sBOED,0.034253835678100586,58624,1.2289077043533325,,,,,,,,,,
917,0.1940625011920929,0.1940625011920929,RL-sBOED,0.0368044376373291,58688,1.3675711154937744,,,,,,,,,,
918,0.2123437523841858,0.2123437523841858,RL-sBOED,0.03131985664367676,58752,1.3462026119232178,,,,,,,,,,
919,0.19687499105930328,0.19687499105930328,RL-sBOED,0.03880953788757324,58816,1.3221763372421265,,,,,,,,,,
920,0.19171875715255737,0.19171875715255737,RL-sBOED,0.03442192077636719,58880,1.261610746383667,,,,,,,,,,
921,0.18140625953674316,0.18140625953674316,RL-sBOED,0.03761720657348633,58944,1.3963935375213623,,,,,,,,,,
922,0.1846875101327896,0.1846875101327896,RL-sBOED,0.0367581844329834,59008,1.2860369682312012,,,,,,,,,,
923,0.19218748807907104,0.19218748807907104,RL-sBOED,0.03086090087890625,59072,1.4039478302001953,,,,,,,,,,
924,0.2006250023841858,0.2006250023841858,RL-sBOED,0.03260159492492676,59136,1.308013677597046,,,,,,,,,,
925,0.1837500035762787,0.1837500035762787,RL-sBOED,0.04251694679260254,59200,1.2821167707443237,0.19546875000000002,0.07921875000000002,2,0.045688389073983635,0.015625,0.0,1,0.0,0.07921875000000002,0
926,0.19500000774860382,0.19500000774860382,RL-sBOED,0.028553009033203125,59264,1.2840317487716675,,,,,,,,,,
927,0.1940625011920929,0.1940625011920929,RL-sBOED,0.03310060501098633,59328,1.285582184791565,,,,,,,,,,
928,0.1795312464237213,0.1795312464237213,RL-sBOED,0.03004622459411621,59392,1.2833802700042725,,,,,,,,,,
929,0.19500000774860382,0.19500000774860382,RL-sBOED,0.03792738914489746,59456,1.3892630338668823,,,,,,,,,,
930,0.18843749165534973,0.18843749165534973,RL-sBOED,0.03167271614074707,59520,1.3574228286743164,,,,,,,,,,
931,0.21046875417232513,0.21046875417232513,RL-sBOED,0.046460628509521484,59584,1.3753337860107422,,,,,,,,,,
932,0.18703123927116394,0.18703123927116394,RL-sBOED,0.04390573501586914,59648,1.4667890071868896,,,,,,,,,,
933,0.18843749165534973,0.18843749165534973,RL-sBOED,0.04006195068359375,59712,1.4403778314590454,,,,,,,,,,
934,0.20015625655651093,0.20015625655651093,RL-sBOED,0.03766608238220215,59776,1.3125139474868774,,,,,,,,,,
935,0.2029687464237213,0.2029687464237213,RL-sBOED,0.03510308265686035,59840,1.3968186378479004,,,,,,,,,,
936,0.17578125,0.17578125,RL-sBOED,0.037123680114746094,59904,1.3472458124160767,,,,,,,,,,
937,0.19921875,0.19921875,RL-sBOED,0.04724240303039551,59968,1.3960707187652588,,,,,,,,,,
938,0.1940625011920929,0.1940625011920929,RL-sBOED,0.03739738464355469,60032,1.3511347770690918,,,,,,,,,,
939,0.19874998927116394,0.19874998927116394,RL-sBOED,0.0577852725982666,60096,1.2268071174621582,,,,,,,,,,
940,0.1912499964237213,0.1912499964237213,RL-sBOED,0.043621063232421875,60160,1.432218313217163,,,,,,,,,,
941,0.1912499964237213,0.1912499964237213,RL-sBOED,0.035224199295043945,60224,1.2246155738830566,,,,,,,,,,
942,0.2095312476158142,0.2095312476158142,RL-sBOED,0.038249969482421875,60288,1.2979816198349,,,,,,,,,,
943,0.18000000715255737,0.18000000715255737,RL-sBOED,0.0398106575012207,60352,1.24713933467865,,,,,,,,,,
944,0.2006250023841858,0.2006250023841858,RL-sBOED,0.05166125297546387,60416,1.345350980758667,,,,,,,,,,
945,0.20531250536441803,0.20531250536441803,RL-sBOED,0.041553497314453125,60480,1.350956678390503,,,,,,,,,,
946,0.18984374403953552,0.18984374403953552,RL-sBOED,0.030202627182006836,60544,1.3386454582214355,,,,,,,,,,
947,0.19359374046325684,0.19359374046325684,RL-sBOED,0.03201484680175781,60608,1.3381911516189575,,,,,,,,,,
948,0.19031250476837158,0.19031250476837158,RL-sBOED,0.04223823547363281,60672,1.3621582984924316,,,,,,,,,,
949,0.21187499165534973,0.21187499165534973,RL-sBOED,0.03365969657897949,60736,1.3316609859466553,,,,,,,,,,
950,0.20390626788139343,0.20390626788139343,RL-sBOED,0.030227184295654297,60800,1.342275857925415,0.19874999999999998,0.0825,2,0.045688389073983635,0.015625,0.0,1,0.0,0.0825,0
951,0.1964062601327896,0.1964062601327896,RL-sBOED,0.03094196319580078,60864,1.3892427682876587,,,,,,,,,,
952,0.20203125476837158,0.20203125476837158,RL-sBOED,0.028616905212402344,60928,1.2678101062774658,,,,,,,,,,
953,0.19640624523162842,0.19640624523162842,RL-sBOED,0.039939165115356445,60992,1.2652080059051514,,,,,,,,,,
954,0.1903124898672104,0.1903124898672104,RL-sBOED,0.03296947479248047,61056,1.4380640983581543,,,,,,,,,,
955,0.19968751072883606,0.19968751072883606,RL-sBOED,0.03017115592956543,61120,1.3504178524017334,,,,,,,,,,
956,0.19734375178813934,0.19734375178813934,RL-sBOED,0.046414852142333984,61184,1.4840142726898193,,,,,,,,,,
957,0.1795312464237213,0.1795312464237213,RL-sBOED,0.03640604019165039,61248,1.4817768335342407,,,,,,,,,,
958,0.18843749165534973,0.18843749165534973,RL-sBOED,0.04644489288330078,61312,1.4132827520370483,,,,,,,,,,
959,0.17578125,0.17578125,RL-sBOED,0.03213310241699219,61376,1.4398188591003418,,,,,,,,,,
960,0.18140624463558197,0.18140624463558197,RL-sBOED,0.03507256507873535,61440,1.467308521270752,,,,,,,,,,
961,0.17390625178813934,0.17390625178813934,RL-sBOED,0.03538799285888672,61504,1.4359413385391235,,,,,,,,,,
962,0.19875000417232513,0.19875000417232513,RL-sBOED,0.042920589447021484,61568,1.3516871929168701,,,,,,,,,,
963,0.19171874225139618,0.19171874225139618,RL-sBOED,0.04265260696411133,61632,1.3273379802703857,,,,,,,,,,
964,0.20203125476837158,0.20203125476837158,RL-sBOED,0.05560445785522461,61696,1.327148675918579,,,,,,,,,,
965,0.20390623807907104,0.20390623807907104,RL-sBOED,0.031958580017089844,61760,1.2275058031082153,,,,,,,,,,
966,0.1875,0.1875,RL-sBOED,0.03285837173461914,61824,1.2160050868988037,,,,,,,,,,
967,0.18562501668930054,0.18562501668930054,RL-sBOED,0.03169369697570801,61888,1.259709358215332,,,,,,,,,,
968,0.18984375894069672,0.18984375894069672,RL-sBOED,0.04623842239379883,61952,1.1607475280761719,,,,,,,,,,
969,0.1771875023841858,0.1771875023841858,RL-sBOED,0.04039335250854492,62016,1.2476541996002197,,,,,,,,,,
970,0.1964062601327896,0.1964062601327896,RL-sBOED,0.03947091102600098,62080,1.1262340545654297,,,,,,,,,,
971,0.1978125125169754,0.1978125125169754,RL-sBOED,0.04229879379272461,62144,1.2260552644729614,,,,,,,,,,
972,0.1889062523841858,0.1889062523841858,RL-sBOED,0.05069303512573242,62208,1.0973024368286133,,,,,,,,,,
973,0.21140626072883606,0.21140626072883606,RL-sBOED,0.06503725051879883,62272,1.211849331855774,,,,,,,,,,
974,0.17156249284744263,0.17156249284744263,RL-sBOED,0.06131148338317871,62336,1.110373616218567,,,,,,,,,,
975,0.1692187488079071,0.1692187488079071,RL-sBOED,0.0697484016418457,62400,1.1222370862960815,0.195,0.07875,1,-0.0,0.0078125,0.0,1,0.0,0.07875,0
976,0.19218750298023224,0.19218750298023224,RL-sBOED,0.030263185501098633,62464,1.157294511795044,,,,,,,,,,
977,0.18281251192092896,0.18281251192092896,RL-sBOED,0.02995777130126953,62528,1.183404564857483,,,,,,,,,,
978,0.18281251192092896,0.18281251192092896,RL-sBOED,0.030086278915405273,62592,1.151693344116211,,,,,,,,,,
979,0.18281251192092896,0.18281251192092896,RL-sBOED,0.0301973819732666,62656,1.0651895999908447,,,,,,,,,,
980,0.19593749940395355,0.19593749940395355,RL-sBOED,0.030071020126342773,62720,1.1647322177886963,,,,,,,,,,
981,0.18140625953674316,0.20640626549720764,RL-sBOED,0.030588626861572266,62784,1.1783710718154907,,,,,,,,,,
982,0.2006250023841858,0.2006250023841858,RL-sBOED,0.04555797576904297,62848,1.1470516920089722,,,,,,,,,,
983,0.1889062523841858,0.1889062523841858,RL-sBOED,0.07228732109069824,62912,1.1821262836456299,,,,,,,,,,
984,0.19921875,0.19921875,RL-sBOED,0.03829169273376465,62976,1.1303379535675049,,,,,,,,,,
985,0.18046875298023224,0.18046875298023224,RL-sBOED,0.0467531681060791,63040,1.2684701681137085,,,,,,,,,,
986,0.19828125834465027,0.19828125834465027,RL-sBOED,0.03969144821166992,63104,1.3472050428390503,,,,,,,,,,
987,0.20343750715255737,0.20343750715255737,RL-sBOED,0.06265115737915039,63168,1.2349351644515991,,,,,,,,,,
988,0.1940625011920929,0.1940625011920929,RL-sBOED,0.03924155235290527,63232,1.3585911989212036,,,,,,,,,,
989,0.1940625011920929,0.1940625011920929,RL-sBOED,0.044759511947631836,63296,1.2503995895385742,,,,,,,,,,
990,0.18843749165534973,0.18843749165534973,RL-sBOED,0.03908252716064453,63360,1.2306736707687378,,,,,,,,,,
991,0.19921875,0.19921875,RL-sBOED,0.036309242248535156,63424,1.242893934249878,,,,,,,,,,
992,0.1926562488079071,0.1926562488079071,RL-sBOED,0.052107810974121094,63488,1.2548013925552368,,,,,,,,,,
993,0.20249998569488525,0.20249998569488525,RL-sBOED,0.06258726119995117,63552,1.2103393077850342,,,,,,,,,,
994,0.22031250596046448,0.22031250596046448,RL-sBOED,0.0604400634765625,63616,1.2188345193862915,,,,,,,,,,
995,0.20015624165534973,0.20015624165534973,RL-sBOED,0.0659031867980957,63680,1.1639072895050049,,,,,,,,,,
996,0.19031250476837158,0.19031250476837158,RL-sBOED,0.048751115798950195,63744,1.1570301055908203,,,,,,,,,,
997,0.17343750596046448,0.17343750596046448,RL-sBOED,0.06050705909729004,63808,1.268352746963501,,,,,,,,,,
998,0.20859375596046448,0.20859375596046448,RL-sBOED,0.06201624870300293,63872,1.2005534172058105,,,,,,,,,,
999,0.19499999284744263,0.19499999284744263,RL-sBOED,0.06321334838867188,63936,1.1422054767608643,,,,,,,,,,
1000,0.18703125417232513,0.18703125417232513,RL-sBOED,0.059052228927612305,64000,1.137129783630371,0.19804687499999998,0.08179687500000002,1,-0.0,0.0078125,0.0,1,0.0,0.08179687500000002,0
