update,mean_train_u_ctrl,mean_train_control_cost,method,update_seconds,trajectories_sampled,policy_entropy,router_entropy,expert_redundancy,max_expert_usage,residual_scale,validation_mean_u_ctrl,validation_mean_mocu,validation_n_unique_sequences,validation_sequence_entropy,validation_unique_frac,validation_under_control_rate,validation_valid,validation_mean_shortfall,validation_checkpoint_score,validation_meets_unique_floor,moe_adaptivity_constraint
1,0.20039063692092896,0.20039063692092896,MoE-sBOED,0.2968904972076416,64,3.9687869548797607,1.3842381238937378,0.009459350258111954,0.2647498846054077,0.11914263665676117,,,,,,,,,,,
2,0.20390625298023224,0.20390625298023224,MoE-sBOED,0.05692315101623535,128,3.9676437377929688,1.3851203918457031,0.019339872524142265,0.2611207962036133,0.11922071874141693,,,,,,,,,,,
3,0.19019532203674316,0.19019532203674316,MoE-sBOED,0.060843706130981445,192,3.966062307357788,1.3858280181884766,0.03431292250752449,0.25978338718414307,0.1193307489156723,,,,,,,,,,,
4,0.19757813215255737,0.19757813215255737,MoE-sBOED,0.07134628295898438,256,3.9649147987365723,1.3858404159545898,0.04927106574177742,0.26070481538772583,0.11945510655641556,,,,,,,,,,,
5,0.19968749582767487,0.19968749582767487,MoE-sBOED,0.06450581550598145,320,3.959047794342041,1.3852509260177612,0.07663549482822418,0.26830047369003296,0.11959180235862732,,,,,,,,,,,
6,0.2123437523841858,0.2123437523841858,MoE-sBOED,0.0559847354888916,384,3.955104351043701,1.3824455738067627,0.11095062643289566,0.28784051537513733,0.11973761022090912,,,,,,,,,,,
7,0.19511719048023224,0.19511719048023224,MoE-sBOED,0.057302236557006836,448,3.940906047821045,1.3745543956756592,0.14342185854911804,0.31782397627830505,0.11988822370767593,,,,,,,,,,,
8,0.1940625011920929,0.1940625011920929,MoE-sBOED,0.05759716033935547,512,3.925901174545288,1.359625220298767,0.16169588267803192,0.3538096845149994,0.12004386633634567,,,,,,,,,,,
9,0.19089844822883606,0.19089844822883606,MoE-sBOED,0.08345437049865723,576,3.8738086223602295,1.336549162864685,0.17835476994514465,0.39345380663871765,0.12020551413297653,,,,,,,,,,,
10,0.20320312678813934,0.21687500178813934,MoE-sBOED,0.06346654891967773,640,3.8267619609832764,1.3170078992843628,0.18897414207458496,0.42048048973083496,0.12036547809839249,,,,,,,,,,,
11,0.18703125417232513,0.18703125417232513,MoE-sBOED,0.0744783878326416,704,3.7960009574890137,1.286625862121582,0.19451875984668732,0.45626041293144226,0.12054058164358139,,,,,,,,,,,
12,0.1866796910762787,0.1866796910762787,MoE-sBOED,0.05282115936279297,768,3.567786693572998,1.2288234233856201,0.21064402163028717,0.5120540857315063,0.1207260936498642,,,,,,,,,,,
13,0.1859765648841858,0.1859765648841858,MoE-sBOED,0.05272316932678223,832,3.4018123149871826,1.2153757810592651,0.2178221195936203,0.5232685208320618,0.12087913602590561,,,,,,,,,,,
14,0.17015625536441803,0.17015625536441803,MoE-sBOED,0.05218672752380371,896,3.245795249938965,1.2162084579467773,0.2155536264181137,0.5228440165519714,0.12101919203996658,,,,,,,,,,,
15,0.1757812649011612,0.1757812649011612,MoE-sBOED,0.05226850509643555,960,3.098883628845215,1.2191736698150635,0.20998863875865936,0.520379364490509,0.12114018201828003,,,,,,,,,,,
16,0.1655859351158142,0.1655859351158142,MoE-sBOED,0.051544904708862305,1024,2.9256980419158936,1.2238218784332275,0.20757336914539337,0.515993595123291,0.1212424486875534,,,,,,,,,,,
17,0.1736718863248825,0.18226563930511475,MoE-sBOED,0.05254507064819336,1088,2.8740603923797607,1.2613967657089233,0.20272479951381683,0.481047123670578,0.12130176275968552,,,,,,,,,,,
18,0.15468749403953552,0.15468749403953552,MoE-sBOED,0.05156373977661133,1152,2.6283843517303467,1.2935054302215576,0.19773322343826294,0.44722113013267517,0.12137667089700699,,,,,,,,,,,
19,0.16312500834465027,0.16312500834465027,MoE-sBOED,0.05115222930908203,1216,2.7283143997192383,1.3101348876953125,0.19695277512073517,0.4284912347793579,0.12143632769584656,,,,,,,,,,,
20,0.1778906285762787,0.1778906285762787,MoE-sBOED,0.05160951614379883,1280,2.4313015937805176,1.300606608390808,0.2011117935180664,0.4405967593193054,0.12153137475252151,,,,,,,,,,,
21,0.1669921875,0.1669921875,MoE-sBOED,0.05167961120605469,1344,2.811004638671875,1.3292373418807983,0.20022384822368622,0.4027272164821625,0.12155226618051529,,,,,,,,,,,
22,0.1655859351158142,0.17066407203674316,MoE-sBOED,0.05179405212402344,1408,2.877466917037964,1.3521345853805542,0.19617529213428497,0.36150312423706055,0.1215684786438942,,,,,,,,,,,
23,0.1655859351158142,0.1655859351158142,MoE-sBOED,0.0517117977142334,1472,2.61120343208313,1.3541277647018433,0.1933792531490326,0.36029717326164246,0.12165690958499908,,,,,,,,,,,
24,0.15996094048023224,0.15996094048023224,MoE-sBOED,0.05187797546386719,1536,2.882577419281006,1.3672559261322021,0.1911298781633377,0.326906681060791,0.1216907948255539,,,,,,,,,,,
25,0.16171875596046448,0.16171875596046448,MoE-sBOED,0.05132794380187988,1600,2.9214494228363037,1.3743932247161865,0.1920984834432602,0.30177563428878784,0.12170891463756561,0.15556640625,0.05326171875,1,-0.0,0.0078125,0.0,1,0.0,100.05326171875,0,required
26,0.17261718213558197,0.17261718213558197,MoE-sBOED,0.050000905990600586,1664,2.587604284286499,1.373663306236267,0.1952202171087265,0.31463298201560974,0.12177694588899612,,,,,,,,,,,
27,0.16734375059604645,0.16734375059604645,MoE-sBOED,0.050754547119140625,1728,2.551267385482788,1.3722223043441772,0.19404922425746918,0.3218437433242798,0.12182952463626862,,,,,,,,,,,
28,0.1641796976327896,0.1641796976327896,MoE-sBOED,0.051874399185180664,1792,2.3703646659851074,1.3744187355041504,0.18966881930828094,0.3150757849216461,0.12183937430381775,,,,,,,,,,,
29,0.16066406667232513,0.16066406667232513,MoE-sBOED,0.05114316940307617,1856,2.7872371673583984,1.3774821758270264,0.18377889692783356,0.2887967526912689,0.12179196625947952,,,,,,,,,,,
30,0.17332032322883606,0.17332032322883606,MoE-sBOED,0.052312612533569336,1920,2.7937326431274414,1.3778257369995117,0.18105846643447876,0.2944718599319458,0.12181432545185089,,,,,,,,,,,
31,0.15117189288139343,0.15117189288139343,MoE-sBOED,0.051785945892333984,1984,2.6839606761932373,1.3775112628936768,0.1760425567626953,0.30026522278785706,0.1218544989824295,,,,,,,,,,,
32,0.16593751311302185,0.16593751311302185,MoE-sBOED,0.05275869369506836,2048,2.682661771774292,1.3786195516586304,0.1695343405008316,0.29783114790916443,0.12188305705785751,,,,,,,,,,,
33,0.17578125,0.17578125,MoE-sBOED,0.05177116394042969,2112,2.64802885055542,1.3794105052947998,0.1636999249458313,0.2972181439399719,0.1219027042388916,,,,,,,,,,,
34,0.15925781428813934,0.15925781428813934,MoE-sBOED,0.05277538299560547,2176,2.748080015182495,1.3768558502197266,0.16005034744739532,0.30746814608573914,0.12190551310777664,,,,,,,,,,,
35,0.17050781846046448,0.17050781846046448,MoE-sBOED,0.050644636154174805,2240,2.8331379890441895,1.36856210231781,0.16178585588932037,0.3288646340370178,0.12192194163799286,,,,,,,,,,,
36,0.16347657144069672,0.16347657144069672,MoE-sBOED,0.05163908004760742,2304,2.490121364593506,1.3437819480895996,0.16431857645511627,0.376762330532074,0.12196110934019089,,,,,,,,,,,
37,0.15328124165534973,0.15328124165534973,MoE-sBOED,0.051738739013671875,2368,2.4257335662841797,1.3227057456970215,0.16376382112503052,0.4068632125854492,0.12195690721273422,,,,,,,,,,,
38,0.17226563394069672,0.17226563394069672,MoE-sBOED,0.051561832427978516,2432,2.4617886543273926,1.3086813688278198,0.16061589121818542,0.4239593744277954,0.12191952764987946,,,,,,,,,,,
39,0.1698046773672104,0.1698046773672104,MoE-sBOED,0.052153825759887695,2496,2.4512526988983154,1.3021416664123535,0.157027930021286,0.4336255192756653,0.12189643085002899,,,,,,,,,,,
40,0.16312500834465027,0.16312500834465027,MoE-sBOED,0.05231285095214844,2560,2.6998088359832764,1.3153619766235352,0.15557804703712463,0.4175959527492523,0.1218784749507904,,,,,,,,,,,
41,0.1676953136920929,0.1676953136920929,MoE-sBOED,0.053412437438964844,2624,2.5680551528930664,1.313631296157837,0.1571890264749527,0.42114609479904175,0.12192772328853607,,,,,,,,,,,
42,0.16523438692092896,0.16523438692092896,MoE-sBOED,0.05301475524902344,2688,2.2006425857543945,1.3044846057891846,0.15719516575336456,0.4330741763114929,0.12199264019727707,,,,,,,,,,,
43,0.15785156190395355,0.15785156190395355,MoE-sBOED,0.05247211456298828,2752,2.5410988330841064,1.3207435607910156,0.15518657863140106,0.4115171432495117,0.1220080554485321,,,,,,,,,,,
44,0.16875000298023224,0.16875000298023224,MoE-sBOED,0.05131268501281738,2816,2.5545454025268555,1.3296102285385132,0.15203411877155304,0.3988768756389618,0.1220121681690216,,,,,,,,,,,
45,0.158203125,0.158203125,MoE-sBOED,0.051499128341674805,2880,2.674642562866211,1.3407392501831055,0.14829669892787933,0.38214147090911865,0.12202483415603638,,,,,,,,,,,
46,0.1648828089237213,0.1648828089237213,MoE-sBOED,0.05076909065246582,2944,2.763169288635254,1.3544011116027832,0.14214706420898438,0.3540944457054138,0.12204412370920181,,,,,,,,,,,
47,0.16382813453674316,0.16382813453674316,MoE-sBOED,0.0506742000579834,3008,2.5568337440490723,1.3554754257202148,0.13827630877494812,0.34987300634384155,0.12206997722387314,,,,,,,,,,,
48,0.17121094465255737,0.17121094465255737,MoE-sBOED,0.052497148513793945,3072,2.593611001968384,1.3576786518096924,0.13594314455986023,0.34703439474105835,0.12208099663257599,,,,,,,,,,,
49,0.16417968273162842,0.16417968273162842,MoE-sBOED,0.052799224853515625,3136,2.5526061058044434,1.356261134147644,0.13324256241321564,0.3508097529411316,0.12209845334291458,,,,,,,,,,,
50,0.16347657144069672,0.16347657144069672,MoE-sBOED,0.052170515060424805,3200,2.53714656829834,1.3494174480438232,0.1321076899766922,0.3646204173564911,0.12214408814907074,0.15626953125,0.05904296875,2,0.25444653832353925,0.015625,0.015625,1,0.0003515625000000001,100.05904296875,0,required
51,0.1603125035762787,0.1603125035762787,MoE-sBOED,0.05018162727355957,3264,2.7768096923828125,1.356676459312439,0.12996327877044678,0.35024696588516235,0.12216529250144958,,,,,,,,,,,
52,0.15363281965255737,0.15363281965255737,MoE-sBOED,0.0517735481262207,3328,2.6824002265930176,1.3578743934631348,0.12813888490200043,0.34470653533935547,0.12219171971082687,,,,,,,,,,,
53,0.1683984398841858,0.1683984398841858,MoE-sBOED,0.05243730545043945,3392,3.031738042831421,1.3676464557647705,0.12208811193704605,0.3202366828918457,0.1222023293375969,,,,,,,,,,,
54,0.1603125035762787,0.1603125035762787,MoE-sBOED,0.05175423622131348,3456,2.950512647628784,1.3663544654846191,0.12548476457595825,0.32116082310676575,0.12219852209091187,,,,,,,,,,,
55,0.1669921875,0.1669921875,MoE-sBOED,0.05238962173461914,3520,2.913033962249756,1.3668078184127808,0.12753742933273315,0.3194902837276459,0.12219428271055222,,,,,,,,,,,
56,0.16242188215255737,0.16242188215255737,MoE-sBOED,0.052521467208862305,3584,2.885834217071533,1.3704913854599,0.12537868320941925,0.3082171082496643,0.12218381464481354,,,,,,,,,,,
57,0.1683984398841858,0.1683984398841858,MoE-sBOED,0.05164337158203125,3648,2.8468966484069824,1.37264084815979,0.12420371919870377,0.2997303605079651,0.12219428271055222,,,,,,,,,,,
58,0.1648828089237213,0.1648828089237213,MoE-sBOED,0.05183291435241699,3712,2.715662717819214,1.372776985168457,0.12232290208339691,0.2974699139595032,0.12221045792102814,,,,,,,,,,,
59,0.16980469226837158,0.16980469226837158,MoE-sBOED,0.054247140884399414,3776,2.618286371231079,1.3726966381072998,0.12053864449262619,0.2980211675167084,0.12222929298877716,,,,,,,,,,,
60,0.15855468809604645,0.15855468809604645,MoE-sBOED,0.05296778678894043,3840,2.584306240081787,1.370989203453064,0.11853400617837906,0.3037773072719574,0.1222328245639801,,,,,,,,,,,
61,0.1669921875,0.1669921875,MoE-sBOED,0.05168962478637695,3904,2.5686211585998535,1.3696115016937256,0.11535666137933731,0.29905062913894653,0.12221508473157883,,,,,,,,,,,
62,0.1655859351158142,0.1655859351158142,MoE-sBOED,0.052153825759887695,3968,2.6985764503479004,1.3680384159088135,0.11089268326759338,0.2983199656009674,0.1221894696354866,,,,,,,,,,,
63,0.16207030415534973,0.16207030415534973,MoE-sBOED,0.05178475379943848,4032,2.758533477783203,1.3695659637451172,0.10843566805124283,0.2958759665489197,0.12219597399234772,,,,,,,,,,,
64,0.1676953136920929,0.1676953136920929,MoE-sBOED,0.05199289321899414,4096,2.7020106315612793,1.3666949272155762,0.1050017848610878,0.30559584498405457,0.12220495939254761,,,,,,,,,,,
65,0.1676953136920929,0.1676953136920929,MoE-sBOED,0.05208849906921387,4160,2.7337698936462402,1.3573517799377441,0.10266733914613724,0.32531648874282837,0.12217790633440018,,,,,,,,,,,
66,0.15363281965255737,0.15363281965255737,MoE-sBOED,0.05205059051513672,4224,2.759941816329956,1.3454606533050537,0.10268048197031021,0.3457900285720825,0.12214039266109467,,,,,,,,,,,
67,0.16347655653953552,0.16347655653953552,MoE-sBOED,0.05182909965515137,4288,2.7674975395202637,1.3306849002838135,0.1022563949227333,0.36533623933792114,0.122116819024086,,,,,,,,,,,
68,0.16066405177116394,0.16066405177116394,MoE-sBOED,0.05211496353149414,4352,2.7678537368774414,1.3238251209259033,0.10004845261573792,0.37508130073547363,0.12211143225431442,,,,,,,,,,,
69,0.16136719286441803,0.16136719286441803,MoE-sBOED,0.053603410720825195,4416,3.056774854660034,1.3356308937072754,0.09811294078826904,0.36207160353660583,0.12208979576826096,,,,,,,,,,,
70,0.16277344524860382,0.16277344524860382,MoE-sBOED,0.05290842056274414,4480,2.836057186126709,1.3290681838989258,0.09577515721321106,0.3728841543197632,0.12209831923246384,,,,,,,,,,,
71,0.158203125,0.158203125,MoE-sBOED,0.050812721252441406,4544,2.7480530738830566,1.3242753744125366,0.09424001723527908,0.37981778383255005,0.12210628390312195,,,,,,,,,,,
72,0.1676953136920929,0.1676953136920929,MoE-sBOED,0.05193662643432617,4608,2.6812617778778076,1.3260661363601685,0.09319954365491867,0.377760112285614,0.12211865931749344,,,,,,,,,,,
73,0.16242188215255737,0.16242188215255737,MoE-sBOED,0.05167818069458008,4672,2.687337875366211,1.3250563144683838,0.09280312061309814,0.37573862075805664,0.12212070822715759,,,,,,,,,,,
74,0.16453126072883606,0.16453126072883606,MoE-sBOED,0.05261659622192383,4736,2.9182229042053223,1.3410981893539429,0.09138800948858261,0.3482191562652588,0.12210797518491745,,,,,,,,,,,
75,0.1596093773841858,0.1596093773841858,MoE-sBOED,0.05301976203918457,4800,2.753777265548706,1.3424205780029297,0.09001945704221725,0.34399721026420593,0.12212152779102325,0.14748046875,0.05962890625,3,0.12604970513908959,0.0234375,0.0390625,1,0.0010546875000000005,100.05962890625,0,required
76,0.16593749821186066,0.16593749821186066,MoE-sBOED,0.05007004737854004,4864,2.8147943019866943,1.3511168956756592,0.08917210251092911,0.33044594526290894,0.12215093523263931,,,,,,,,,,,
77,0.17332032322883606,0.17332032322883606,MoE-sBOED,0.05045676231384277,4928,3.1317248344421387,1.3605202436447144,0.08875750750303268,0.31558841466903687,0.12218035757541656,,,,,,,,,,,
78,0.17296874523162842,0.17296874523162842,MoE-sBOED,0.0513157844543457,4992,2.872755527496338,1.360259771347046,0.09076973795890808,0.31484293937683105,0.12223421037197113,,,,,,,,,,,
79,0.1662890613079071,0.1662890613079071,MoE-sBOED,0.05044984817504883,5056,3.0613021850585938,1.36102294921875,0.09002947807312012,0.305503249168396,0.1222464069724083,,,,,,,,,,,
80,0.16875001788139343,0.16875001788139343,MoE-sBOED,0.052280426025390625,5120,2.7651052474975586,1.3458709716796875,0.09190480411052704,0.32827287912368774,0.12225984781980515,,,,,,,,,,,
81,0.1691015660762787,0.1691015660762787,MoE-sBOED,0.05241131782531738,5184,2.655608892440796,1.3328351974487305,0.0925007313489914,0.3456254005432129,0.12226895242929459,,,,,,,,,,,
82,0.16382811963558197,0.16382811963558197,MoE-sBOED,0.05267906188964844,5248,2.7841877937316895,1.3327515125274658,0.0939476490020752,0.34683388471603394,0.12226717174053192,,,,,,,,,,,
83,0.16277343034744263,0.16277343034744263,MoE-sBOED,0.051094770431518555,5312,2.747748374938965,1.3398847579956055,0.09499770402908325,0.342631459236145,0.12227225303649902,,,,,,,,,,,
84,0.16171875596046448,0.16171875596046448,MoE-sBOED,0.05201911926269531,5376,2.8301100730895996,1.3354384899139404,0.09629969298839569,0.35723790526390076,0.12230116873979568,,,,,,,,,,,
85,0.15785156190395355,0.1664453148841858,MoE-sBOED,0.05224871635437012,5440,2.9940669536590576,1.3427646160125732,0.09698286652565002,0.34746989607810974,0.12230294197797775,,,,,,,,,,,
86,0.1743749976158142,0.1743749976158142,MoE-sBOED,0.051981449127197266,5504,2.8627681732177734,1.3318207263946533,0.09780442714691162,0.36038511991500854,0.12229572236537933,,,,,,,,,,,
87,0.16382813453674316,0.16382813453674316,MoE-sBOED,0.05191969871520996,5568,2.7372093200683594,1.3203606605529785,0.09687526524066925,0.3781812787055969,0.12230821698904037,,,,,,,,,,,
88,0.17402344942092896,0.17402344942092896,MoE-sBOED,0.052182912826538086,5632,2.6948962211608887,1.3129507303237915,0.09745819866657257,0.3880746364593506,0.12231162935495377,,,,,,,,,,,
89,0.16453126072883606,0.16453126072883606,MoE-sBOED,0.05269289016723633,5696,2.552656412124634,1.296370029449463,0.09766770899295807,0.40932080149650574,0.12234292179346085,,,,,,,,,,,
90,0.15574218332767487,0.15574218332767487,MoE-sBOED,0.0532834529876709,5760,2.7744574546813965,1.3124057054519653,0.09593779593706131,0.39053165912628174,0.12236671149730682,,,,,,,,,,,
91,0.1736718714237213,0.1736718714237213,MoE-sBOED,0.051653385162353516,5824,2.7070822715759277,1.3068770170211792,0.09662660211324692,0.39967402815818787,0.12239710241556168,,,,,,,,,,,
92,0.16347655653953552,0.16347655653953552,MoE-sBOED,0.0518648624420166,5888,2.8058624267578125,1.3186627626419067,0.09587311744689941,0.3863411843776703,0.12239497900009155,,,,,,,,,,,
93,0.15925782918930054,0.15925782918930054,MoE-sBOED,0.05382513999938965,5952,2.612225294113159,1.3026232719421387,0.09835342317819595,0.410836786031723,0.12243665009737015,,,,,,,,,,,
94,0.15468749403953552,0.15468749403953552,MoE-sBOED,0.05309796333312988,6016,2.9350714683532715,1.3191006183624268,0.09689372032880783,0.38506123423576355,0.12243660539388657,,,,,,,,,,,
95,0.16207031905651093,0.16207031905651093,MoE-sBOED,0.05163240432739258,6080,2.8365650177001953,1.311842441558838,0.09830309450626373,0.3917517066001892,0.12246961146593094,,,,,,,,,,,
96,0.1683984398841858,0.1683984398841858,MoE-sBOED,0.05114340782165527,6144,2.935969114303589,1.3252371549606323,0.09671430289745331,0.37049704790115356,0.1225007176399231,,,,,,,,,,,
97,0.16593749821186066,0.16593749821186066,MoE-sBOED,0.05163383483886719,6208,2.864511251449585,1.3257287740707397,0.09958548098802567,0.37348565459251404,0.12254007160663605,,,,,,,,,,,
98,0.17332032322883606,0.17332032322883606,MoE-sBOED,0.05284690856933594,6272,2.7625937461853027,1.3235740661621094,0.10136565566062927,0.37895816564559937,0.12256589531898499,,,,,,,,,,,
99,0.1729687601327896,0.1729687601327896,MoE-sBOED,0.05253148078918457,6336,2.5752508640289307,1.3196290731430054,0.10389382392168045,0.3876415193080902,0.1225832924246788,,,,,,,,,,,
100,0.15644532442092896,0.15644532442092896,MoE-sBOED,0.051604270935058594,6400,2.8307080268859863,1.3392242193222046,0.10405182838439941,0.36313456296920776,0.12258075177669525,0.156796875,0.057031250000000006,8,1.3085426031418637,0.0625,0.0078125,1,0.00017578124999999994,100.05703125,0,required
101,0.1648828089237213,0.1648828089237213,MoE-sBOED,0.049886226654052734,6464,2.8844211101531982,1.3510316610336304,0.10222050547599792,0.33966004848480225,0.12258166074752808,,,,,,,,,,,
102,0.1691015660762787,0.1691015660762787,MoE-sBOED,0.05072641372680664,6528,2.8553519248962402,1.351141333580017,0.10169576108455658,0.34053540229797363,0.12261815369129181,,,,,,,,,,,
103,0.16945314407348633,0.16945314407348633,MoE-sBOED,0.05181264877319336,6592,2.6546905040740967,1.3353281021118164,0.10151364654302597,0.368621289730072,0.12267562001943588,,,,,,,,,,,
104,0.158203125,0.158203125,MoE-sBOED,0.054039716720581055,6656,2.5622286796569824,1.3250588178634644,0.1011817678809166,0.380585253238678,0.1227269396185875,,,,,,,,,,,
105,0.158203125,0.158203125,MoE-sBOED,0.05056619644165039,6720,2.7122364044189453,1.3418549299240112,0.09984257817268372,0.3533194065093994,0.1227576807141304,,,,,,,,,,,
106,0.15292969346046448,0.15292969346046448,MoE-sBOED,0.05212593078613281,6784,2.8021202087402344,1.3524383306503296,0.09950073808431625,0.3319862186908722,0.12279339134693146,,,,,,,,,,,
107,0.1560937464237213,0.1560937464237213,MoE-sBOED,0.051718711853027344,6848,2.7477407455444336,1.3518766164779663,0.09755626320838928,0.33215296268463135,0.12283556908369064,,,,,,,,,,,
108,0.14765624701976776,0.14765624701976776,MoE-sBOED,0.05228257179260254,6912,2.7378242015838623,1.3509719371795654,0.09745369851589203,0.3362215757369995,0.12288857251405716,,,,,,,,,,,
109,0.1603125035762787,0.1603125035762787,MoE-sBOED,0.05149221420288086,6976,2.9174811840057373,1.3565313816070557,0.09697654843330383,0.3248276710510254,0.1229434534907341,,,,,,,,,,,
110,0.16242188215255737,0.16242188215255737,MoE-sBOED,0.05160927772521973,7040,2.9348835945129395,1.3426234722137451,0.09763733297586441,0.3429662585258484,0.12297175824642181,,,,,,,,,,,
111,0.16242188215255737,0.16242188215255737,MoE-sBOED,0.05276346206665039,7104,2.714852809906006,1.3269107341766357,0.09677786380052567,0.3608456552028656,0.1229735016822815,,,,,,,,,,,
112,0.16523438692092896,0.16523438692092896,MoE-sBOED,0.05301928520202637,7168,2.8451361656188965,1.3296773433685303,0.09690398722887039,0.35105380415916443,0.12295777350664139,,,,,,,,,,,
113,0.1641796976327896,0.1641796976327896,MoE-sBOED,0.050421714782714844,7232,2.8132636547088623,1.329331874847412,0.09737324714660645,0.3465054929256439,0.1229722648859024,,,,,,,,,,,
114,0.16242188215255737,0.16242188215255737,MoE-sBOED,0.05205821990966797,7296,3.0256686210632324,1.3430551290512085,0.09668639302253723,0.32571470737457275,0.1229463517665863,,,,,,,,,,,
115,0.16242188215255737,0.16242188215255737,MoE-sBOED,0.05195474624633789,7360,3.023042678833008,1.3403549194335938,0.09738670289516449,0.3247188925743103,0.12293467670679092,,,,,,,,,,,
116,0.15996094048023224,0.15996094048023224,MoE-sBOED,0.0525820255279541,7424,2.8088231086730957,1.3191297054290771,0.09908191859722137,0.34972524642944336,0.12300368398427963,,,,,,,,,,,
117,0.16242188215255737,0.16242188215255737,MoE-sBOED,0.05284237861633301,7488,2.584566831588745,1.2892247438430786,0.10147634893655777,0.3779945969581604,0.12308989465236664,,,,,,,,,,,
118,0.16207031905651093,0.16207031905651093,MoE-sBOED,0.05169177055358887,7552,2.681159496307373,1.2860866785049438,0.10533405095338821,0.38132160902023315,0.12318572402000427,,,,,,,,,,,
119,0.16136719286441803,0.16136719286441803,MoE-sBOED,0.05207562446594238,7616,2.669261932373047,1.2800860404968262,0.1078706756234169,0.3886094093322754,0.12326357513666153,,,,,,,,,,,
120,0.16347655653953552,0.16347655653953552,MoE-sBOED,0.052017927169799805,7680,2.837111234664917,1.3021320104599,0.11106237769126892,0.3656977415084839,0.12330550700426102,,,,,,,,,,,
121,0.16593751311302185,0.16593751311302185,MoE-sBOED,0.053479671478271484,7744,2.619626522064209,1.2679853439331055,0.11051855236291885,0.3974846601486206,0.12334919720888138,,,,,,,,,,,
122,0.16171875596046448,0.16171875596046448,MoE-sBOED,0.05314183235168457,7808,2.3647894859313965,1.2506715059280396,0.11197315156459808,0.42086654901504517,0.12343195080757141,,,,,,,,,,,
123,0.16453126072883606,0.16453126072883606,MoE-sBOED,0.05144095420837402,7872,2.528362989425659,1.2833951711654663,0.11431365460157394,0.3909812867641449,0.12347886711359024,,,,,,,,,,,
124,0.15925782918930054,0.15925782918930054,MoE-sBOED,0.05260896682739258,7936,2.5824735164642334,1.3119239807128906,0.11592825502157211,0.3657388687133789,0.12351951003074646,,,,,,,,,,,
125,0.16242188215255737,0.16242188215255737,MoE-sBOED,0.05179905891418457,8000,2.612743377685547,1.3249562978744507,0.11430990695953369,0.3504788875579834,0.12355329096317291,0.1529296875,0.055703125,6,1.028859950201377,0.046875,0.015625,1,0.0003515625000000002,100.055703125,0,required
126,0.17156249284744263,0.17156249284744263,MoE-sBOED,0.05023622512817383,8064,2.656022548675537,1.3350790739059448,0.1104772686958313,0.32635006308555603,0.12350142747163773,,,,,,,,,,,
127,0.16171875596046448,0.16171875596046448,MoE-sBOED,0.0503087043762207,8128,2.744105100631714,1.338287353515625,0.10856231302022934,0.30736225843429565,0.12344666570425034,,,,,,,,,,,
128,0.16312500834465027,0.16312500834465027,MoE-sBOED,0.051434993743896484,8192,2.8652172088623047,1.349236249923706,0.10935378074645996,0.28331679105758667,0.1234666258096695,,,,,,,,,,,
129,0.16734376549720764,0.16734376549720764,MoE-sBOED,0.0515744686126709,8256,2.799691915512085,1.3388478755950928,0.10918222367763519,0.2995542287826538,0.12351462244987488,,,,,,,,,,,
130,0.15433594584465027,0.15433594584465027,MoE-sBOED,0.05190896987915039,8320,2.6690127849578857,1.324238896369934,0.10883835703134537,0.2943352162837982,0.12354598194360733,,,,,,,,,,,
131,0.1655859500169754,0.1655859500169754,MoE-sBOED,0.052744388580322266,8384,2.6866471767425537,1.323505163192749,0.10733388364315033,0.30225563049316406,0.1235528215765953,,,,,,,,,,,
132,0.16523438692092896,0.16523438692092896,MoE-sBOED,0.05233907699584961,8448,2.692230701446533,1.3253772258758545,0.10764656960964203,0.3089815378189087,0.12355398386716843,,,,,,,,,,,
133,0.1508203148841858,0.1508203148841858,MoE-sBOED,0.05284857749938965,8512,2.55680775642395,1.3254703283309937,0.10868235677480698,0.30854952335357666,0.12358101457357407,,,,,,,,,,,
134,0.16980469226837158,0.16980469226837158,MoE-sBOED,0.05056428909301758,8576,2.4952895641326904,1.3172049522399902,0.10790614038705826,0.3052799105644226,0.12361083179712296,,,,,,,,,,,
135,0.15292969346046448,0.15292969346046448,MoE-sBOED,0.0524144172668457,8640,2.393669605255127,1.3066778182983398,0.10767131298780441,0.306468665599823,0.1236710175871849,,,,,,,,,,,
136,0.15785156190395355,0.15785156190395355,MoE-sBOED,0.05323195457458496,8704,2.5859785079956055,1.3072283267974854,0.10803496837615967,0.33114737272262573,0.123693086206913,,,,,,,,,,,
137,0.16347655653953552,0.16347655653953552,MoE-sBOED,0.05193614959716797,8768,2.5458993911743164,1.3005397319793701,0.10536736994981766,0.32093486189842224,0.12369833886623383,,,,,,,,,,,
138,0.1574999988079071,0.1574999988079071,MoE-sBOED,0.052106380462646484,8832,2.4631640911102295,1.2912681102752686,0.10129503905773163,0.3281674087047577,0.1237114742398262,,,,,,,,,,,
139,0.16171875596046448,0.16171875596046448,MoE-sBOED,0.05223870277404785,8896,2.2533082962036133,1.2782796621322632,0.09763003885746002,0.3503682017326355,0.12368868291378021,,,,,,,,,,,
140,0.1691015660762787,0.1691015660762787,MoE-sBOED,0.052194833755493164,8960,2.676027297973633,1.3012244701385498,0.09694605320692062,0.31790804862976074,0.12364152818918228,,,,,,,,,,,
141,0.1669921875,0.1669921875,MoE-sBOED,0.051946401596069336,9024,2.4737370014190674,1.2686265707015991,0.09462190419435501,0.3284364342689514,0.12362653017044067,,,,,,,,,,,
142,0.16453126072883606,0.16453126072883606,MoE-sBOED,0.05067586898803711,9088,2.5403733253479004,1.259238362312317,0.09406647086143494,0.3268785774707794,0.12359945476055145,,,,,,,,,,,
143,0.17121094465255737,0.17121094465255737,MoE-sBOED,0.05165839195251465,9152,2.5263030529022217,1.247894048690796,0.09137936681509018,0.3417764902114868,0.1235506683588028,,,,,,,,,,,
144,0.17015625536441803,0.1752343773841858,MoE-sBOED,0.052684783935546875,9216,2.4865853786468506,1.241382360458374,0.08958521485328674,0.3335336148738861,0.12351102381944656,,,,,,,,,,,
145,0.1589062511920929,0.1589062511920929,MoE-sBOED,0.052829742431640625,9280,2.379892110824585,1.2375514507293701,0.08743295818567276,0.3391045928001404,0.12350645661354065,,,,,,,,,,,
146,0.17085939645767212,0.17085939645767212,MoE-sBOED,0.05131220817565918,9344,2.5041592121124268,1.2547961473464966,0.08751337230205536,0.3352440297603607,0.12351827323436737,,,,,,,,,,,
147,0.15996094048023224,0.15996094048023224,MoE-sBOED,0.052713632583618164,9408,2.407301664352417,1.2505760192871094,0.08722301572561264,0.34402260184288025,0.12355247139930725,,,,,,,,,,,
148,0.1691015660762787,0.1691015660762787,MoE-sBOED,0.0524294376373291,9472,2.5288453102111816,1.2654356956481934,0.08835302293300629,0.325324147939682,0.12358307838439941,,,,,,,,,,,
149,0.15292969346046448,0.15292969346046448,MoE-sBOED,0.051551103591918945,9536,2.4872255325317383,1.2776708602905273,0.08864862471818924,0.31733813881874084,0.12361255288124084,,,,,,,,,,,
150,0.16207031905651093,0.16207031905651093,MoE-sBOED,0.05261421203613281,9600,2.5407395362854004,1.29319429397583,0.08898421376943588,0.3117266595363617,0.12365688383579254,0.15433593750000002,0.054570312499999996,10,1.4321739012031558,0.078125,0.0078125,1,0.00017578124999999994,100.0545703125,0,required
151,0.15503907203674316,0.15503907203674316,MoE-sBOED,0.050076961517333984,9664,2.395174741744995,1.294433355331421,0.0887097492814064,0.3244187533855438,0.12373369187116623,,,,,,,,,,,
152,0.16593751311302185,0.16593751311302185,MoE-sBOED,0.05032753944396973,9728,2.5096755027770996,1.3172166347503662,0.09175290912389755,0.3107420802116394,0.12381855398416519,,,,,,,,,,,
153,0.16734375059604645,0.16734375059604645,MoE-sBOED,0.05156064033508301,9792,2.350257158279419,1.320556402206421,0.09319277107715607,0.32201051712036133,0.12388735264539719,,,,,,,,,,,
154,0.17542968690395355,0.17542968690395355,MoE-sBOED,0.05284261703491211,9856,2.5426578521728516,1.3403048515319824,0.09474319964647293,0.3097636103630066,0.12390150874853134,,,,,,,,,,,
155,0.15996094048023224,0.15996094048023224,MoE-sBOED,0.05262184143066406,9920,2.341387987136841,1.3328466415405273,0.09507929533720016,0.33141934871673584,0.12390895932912827,,,,,,,,,,,
156,0.14660155773162842,0.14660155773162842,MoE-sBOED,0.051831722259521484,9984,2.195990800857544,1.3315625190734863,0.0947452113032341,0.34524041414260864,0.12392464280128479,,,,,,,,,,,
157,0.1596093773841858,0.1596093773841858,MoE-sBOED,0.051867008209228516,10048,2.2476696968078613,1.3368182182312012,0.09314746409654617,0.34403538703918457,0.12392307817935944,,,,,,,,,,,
158,0.1560937464237213,0.1560937464237213,MoE-sBOED,0.05293583869934082,10112,2.4509522914886475,1.3531222343444824,0.09292662888765335,0.3129580020904541,0.12391012161970139,,,,,,,,,,,
159,0.16347655653953552,0.16347655653953552,MoE-sBOED,0.0523681640625,10176,2.5174760818481445,1.3579834699630737,0.09042996913194656,0.29855382442474365,0.12385164946317673,,,,,,,,,,,
160,0.16207030415534973,0.16207030415534973,MoE-sBOED,0.05303359031677246,10240,2.5691094398498535,1.3588136434555054,0.08972230553627014,0.2972932755947113,0.1237695962190628,,,,,,,,,,,
161,0.16136719286441803,0.16136719286441803,MoE-sBOED,0.051348209381103516,10304,2.504887819290161,1.3538947105407715,0.08934043347835541,0.3068360984325409,0.1237168163061142,,,,,,,,,,,
162,0.16347657144069672,0.16347657144069672,MoE-sBOED,0.05248594284057617,10368,2.444324493408203,1.348128318786621,0.090318463742733,0.3196587860584259,0.12369684129953384,,,,,,,,,,,
163,0.15539062023162842,0.15539062023162842,MoE-sBOED,0.05304861068725586,10432,2.466200351715088,1.348482608795166,0.09151019155979156,0.31738075613975525,0.12367380410432816,,,,,,,,,,,
164,0.16382811963558197,0.16382811963558197,MoE-sBOED,0.05283212661743164,10496,2.767246961593628,1.3648803234100342,0.09295763820409775,0.28831756114959717,0.1236974373459816,,,,,,,,,,,
165,0.16277344524860382,0.16277344524860382,MoE-sBOED,0.05163002014160156,10560,2.731001853942871,1.3660682439804077,0.09509749710559845,0.27663570642471313,0.12372402846813202,,,,,,,,,,,
166,0.17613281309604645,0.17613281309604645,MoE-sBOED,0.05157637596130371,10624,2.6003568172454834,1.3638418912887573,0.09551244229078293,0.28501132130622864,0.12376821786165237,,,,,,,,,,,
167,0.1655859351158142,0.1655859351158142,MoE-sBOED,0.05192899703979492,10688,2.557602643966675,1.3575050830841064,0.09764377027750015,0.3058229684829712,0.12377502769231796,,,,,,,,,,,
168,0.15996094048023224,0.15996094048023224,MoE-sBOED,0.052535295486450195,10752,2.727583408355713,1.3619918823242188,0.09796521812677383,0.2960413098335266,0.12370187044143677,,,,,,,,,,,
169,0.1683984398841858,0.1683984398841858,MoE-sBOED,0.05215263366699219,10816,2.585048198699951,1.3553879261016846,0.09736569225788116,0.31141960620880127,0.12365519255399704,,,,,,,,,,,
170,0.1683984398841858,0.1683984398841858,MoE-sBOED,0.05121636390686035,10880,2.656301498413086,1.3507555723190308,0.09365785866975784,0.3242155909538269,0.12365735322237015,,,,,,,,,,,
171,0.16242186725139618,0.16242186725139618,MoE-sBOED,0.05245471000671387,10944,2.525846004486084,1.3379371166229248,0.09495071321725845,0.3419516980648041,0.12367604672908783,,,,,,,,,,,
172,0.16171875596046448,0.16171875596046448,MoE-sBOED,0.052276611328125,11008,2.4361917972564697,1.329681396484375,0.09372387081384659,0.35326242446899414,0.12366627901792526,,,,,,,,,,,
173,0.1655859351158142,0.1655859351158142,MoE-sBOED,0.0521242618560791,11072,2.5242679119110107,1.3249878883361816,0.09177468717098236,0.35743820667266846,0.1236291229724884,,,,,,,,,,,
174,0.16664062440395355,0.16664062440395355,MoE-sBOED,0.05178070068359375,11136,2.348402976989746,1.303053617477417,0.0908162072300911,0.38292527198791504,0.12359432876110077,,,,,,,,,,,
175,0.1574999988079071,0.1574999988079071,MoE-sBOED,0.05195951461791992,11200,2.5024523735046387,1.304988980293274,0.08856357634067535,0.3788726329803467,0.12355072796344757,0.1546875,0.056679687500000006,3,0.41064236164311324,0.0234375,0.0078125,1,0.0003515625,100.0566796875,0,required
176,0.1589062511920929,0.1589062511920929,MoE-sBOED,0.05012917518615723,11264,2.8304660320281982,1.3256442546844482,0.08607377856969833,0.3495885729789734,0.12347929179668427,,,,,,,,,,,
177,0.15855468809604645,0.15855468809604645,MoE-sBOED,0.05048847198486328,11328,2.7244582176208496,1.3154687881469727,0.08576338738203049,0.35648950934410095,0.12343768775463104,,,,,,,,,,,
178,0.16207031905651093,0.16207031905651093,MoE-sBOED,0.05177021026611328,11392,2.4806771278381348,1.2913885116577148,0.0836283341050148,0.3775828778743744,0.123438760638237,,,,,,,,,,,
179,0.15574219822883606,0.15574219822883606,MoE-sBOED,0.05103254318237305,11456,2.6051979064941406,1.3016928434371948,0.08284089714288712,0.3650146424770355,0.1234184056520462,,,,,,,,,,,
180,0.15574219822883606,0.15574219822883606,MoE-sBOED,0.0531466007232666,11520,2.469407796859741,1.3014057874679565,0.08116597682237625,0.36628103256225586,0.12341342866420746,,,,,,,,,,,
181,0.16066405177116394,0.16066405177116394,MoE-sBOED,0.05277729034423828,11584,2.494175910949707,1.3017663955688477,0.07925084233283997,0.36944669485092163,0.12339071184396744,,,,,,,,,,,
182,0.16277344524860382,0.16277344524860382,MoE-sBOED,0.05122017860412598,11648,2.612536668777466,1.3167853355407715,0.07769294828176498,0.34972530603408813,0.12335284054279327,,,,,,,,,,,
183,0.1669922024011612,0.1669922024011612,MoE-sBOED,0.051526546478271484,11712,2.7177894115448,1.3234012126922607,0.07605931162834167,0.34073346853256226,0.12333466112613678,,,,,,,,,,,
184,0.16382813453674316,0.16382813453674316,MoE-sBOED,0.052817344665527344,11776,2.6038761138916016,1.3253488540649414,0.07548196613788605,0.3431525230407715,0.12332839518785477,,,,,,,,,,,
185,0.1603125035762787,0.1603125035762787,MoE-sBOED,0.05268144607543945,11840,2.6432454586029053,1.3357279300689697,0.0755094662308693,0.3355482816696167,0.12330600619316101,,,,,,,,,,,
186,0.16593751311302185,0.17101562023162842,MoE-sBOED,0.05168771743774414,11904,2.4916257858276367,1.3214932680130005,0.07547405362129211,0.355965793132782,0.1232951283454895,,,,,,,,,,,
187,0.16734375059604645,0.16734375059604645,MoE-sBOED,0.05248546600341797,11968,2.4741201400756836,1.3137768507003784,0.07555661350488663,0.36518698930740356,0.12329353392124176,,,,,,,,,,,
188,0.1662890613079071,0.1662890613079071,MoE-sBOED,0.051477670669555664,12032,2.573650598526001,1.3332321643829346,0.07533081620931625,0.3470703959465027,0.12328628450632095,,,,,,,,,,,
189,0.15785156190395355,0.15785156190395355,MoE-sBOED,0.05335283279418945,12096,2.686962127685547,1.3412277698516846,0.07489503920078278,0.33011239767074585,0.12326567620038986,,,,,,,,,,,
190,0.17085936665534973,0.17085936665534973,MoE-sBOED,0.05317497253417969,12160,2.7467761039733887,1.3477840423583984,0.0732397809624672,0.3206270635128021,0.12325932830572128,,,,,,,,,,,
191,0.15785156190395355,0.15785156190395355,MoE-sBOED,0.051872968673706055,12224,2.595698833465576,1.342710018157959,0.07288555800914764,0.3286253809928894,0.12324690073728561,,,,,,,,,,,
192,0.16453126072883606,0.16453126072883606,MoE-sBOED,0.052355051040649414,12288,2.803863525390625,1.3529739379882812,0.0729784220457077,0.3163474500179291,0.12325573712587357,,,,,,,,,,,
193,0.17015627026557922,0.17015627026557922,MoE-sBOED,0.05228424072265625,12352,2.527343273162842,1.3364008665084839,0.0739012137055397,0.3454159200191498,0.1233145147562027,,,,,,,,,,,
194,0.158203125,0.158203125,MoE-sBOED,0.05201363563537598,12416,2.394411087036133,1.3250515460968018,0.07581917196512222,0.3609263300895691,0.12338244915008545,,,,,,,,,,,
195,0.1648828089237213,0.1648828089237213,MoE-sBOED,0.05228710174560547,12480,2.3482234477996826,1.3312712907791138,0.07805898785591125,0.35323548316955566,0.12345201522111893,,,,,,,,,,,
196,0.15785156190395355,0.15785156190395355,MoE-sBOED,0.051706552505493164,12544,2.5147085189819336,1.337677240371704,0.07940546423196793,0.34064826369285583,0.12345787137746811,,,,,,,,,,,
197,0.1676953136920929,0.1676953136920929,MoE-sBOED,0.052161455154418945,12608,2.537158727645874,1.3234469890594482,0.08090468496084213,0.36048513650894165,0.12346291542053223,,,,,,,,,,,
198,0.16066406667232513,0.16066406667232513,MoE-sBOED,0.05183863639831543,12672,2.398326873779297,1.3020195960998535,0.08218289911746979,0.38967952132225037,0.12350958585739136,,,,,,,,,,,
199,0.1567968726158142,0.1567968726158142,MoE-sBOED,0.05056142807006836,12736,2.3548717498779297,1.2991204261779785,0.08385095000267029,0.3987959325313568,0.12355407327413559,,,,,,,,,,,
200,0.1662890613079071,0.1662890613079071,MoE-sBOED,0.05280613899230957,12800,2.4985837936401367,1.309143304824829,0.08342471718788147,0.3887460231781006,0.12358897924423218,0.15591796875000002,0.06044921875,6,0.41457613379658786,0.046875,0.015625,1,0.0005273437499999999,100.06044921875,0,required
201,0.16523437201976776,0.17031249403953552,MoE-sBOED,0.0521543025970459,12864,2.3561055660247803,1.3013383150100708,0.08316612243652344,0.40065598487854004,0.12363693863153458,,,,,,,,,,,
202,0.1603125035762787,0.1603125035762787,MoE-sBOED,0.0504302978515625,12928,2.4178390502929688,1.3131451606750488,0.08249916136264801,0.3873031735420227,0.12367112189531326,,,,,,,,,,,
203,0.16242188215255737,0.16242188215255737,MoE-sBOED,0.05210423469543457,12992,2.390150785446167,1.3186509609222412,0.08271254599094391,0.38163286447525024,0.12366894632577896,,,,,,,,,,,
204,0.1589062511920929,0.1589062511920929,MoE-sBOED,0.052276611328125,13056,2.4034183025360107,1.3183385133743286,0.08327531814575195,0.3809998631477356,0.12368404120206833,,,,,,,,,,,
205,0.1596093773841858,0.1596093773841858,MoE-sBOED,0.05180072784423828,13120,2.339914560317993,1.3232100009918213,0.08486570417881012,0.38105612993240356,0.12371976673603058,,,,,,,,,,,
206,0.16171875596046448,0.16171875596046448,MoE-sBOED,0.05315279960632324,13184,2.469094753265381,1.331453800201416,0.08316085487604141,0.3679984509944916,0.12375323474407196,,,,,,,,,,,
207,0.1676953136920929,0.1676953136920929,MoE-sBOED,0.05314278602600098,13248,2.4524247646331787,1.3392460346221924,0.08643274009227753,0.362076997756958,0.12379750609397888,,,,,,,,,,,
208,0.1589062511920929,0.1589062511920929,MoE-sBOED,0.05230522155761719,13312,2.4945876598358154,1.3392537832260132,0.08736541867256165,0.3573891520500183,0.12381835281848907,,,,,,,,,,,
209,0.16312500834465027,0.16312500834465027,MoE-sBOED,0.05233597755432129,13376,2.7528977394104004,1.3574049472808838,0.08893753588199615,0.32923945784568787,0.12382344156503677,,,,,,,,,,,
210,0.15539062023162842,0.15539062023162842,MoE-sBOED,0.05317497253417969,13440,2.605952024459839,1.3511991500854492,0.09048468619585037,0.33538568019866943,0.12382570654153824,,,,,,,,,,,
211,0.16066405177116394,0.16066405177116394,MoE-sBOED,0.05315566062927246,13504,2.7766027450561523,1.350372076034546,0.0920177772641182,0.3290051221847534,0.12380919605493546,,,,,,,,,,,
212,0.1596093773841858,0.1596093773841858,MoE-sBOED,0.05279135704040527,13568,2.6958274841308594,1.3434112071990967,0.0934050902724266,0.33330535888671875,0.12382481247186661,,,,,,,,,,,
213,0.16207031905651093,0.16207031905651093,MoE-sBOED,0.051842451095581055,13632,2.5842232704162598,1.3404412269592285,0.09499706327915192,0.3360825181007385,0.12385585159063339,,,,,,,,,,,
214,0.1641796976327896,0.1641796976327896,MoE-sBOED,0.05216526985168457,13696,2.81988525390625,1.3543472290039062,0.09718652814626694,0.312705934047699,0.12384235858917236,,,,,,,,,,,
215,0.1655859351158142,0.1655859351158142,MoE-sBOED,0.05216073989868164,13760,2.559203624725342,1.337529182434082,0.09434495866298676,0.3351530432701111,0.12381723523139954,,,,,,,,,,,
216,0.16804689168930054,0.16804689168930054,MoE-sBOED,0.05193138122558594,13824,2.5109901428222656,1.3333263397216797,0.09227428585290909,0.34319257736206055,0.1238284707069397,,,,,,,,,,,
217,0.1683984398841858,0.1683984398841858,MoE-sBOED,0.05198049545288086,13888,2.6001102924346924,1.3390765190124512,0.09227919578552246,0.33685117959976196,0.1238141655921936,,,,,,,,,,,
218,0.15222656726837158,0.15222656726837158,MoE-sBOED,0.053472042083740234,13952,2.7951927185058594,1.3519681692123413,0.0939180850982666,0.3148452639579773,0.12378396838903427,,,,,,,,,,,
219,0.16523438692092896,0.16523438692092896,MoE-sBOED,0.0524897575378418,14016,2.9035983085632324,1.3574755191802979,0.09483207762241364,0.3023224472999573,0.12377160787582397,,,,,,,,,,,
220,0.17121094465255737,0.17121094465255737,MoE-sBOED,0.0527186393737793,14080,2.894186496734619,1.3585399389266968,0.09747251868247986,0.2943762540817261,0.12380896508693695,,,,,,,,,,,
221,0.15644532442092896,0.16152344644069672,MoE-sBOED,0.053151845932006836,14144,2.8878393173217773,1.361687183380127,0.10104489326477051,0.28268635272979736,0.12386361509561539,,,,,,,,,,,
222,0.17578125,0.17578125,MoE-sBOED,0.05159401893615723,14208,3.0355403423309326,1.3661267757415771,0.1035027801990509,0.27714335918426514,0.123910091817379,,,,,,,,,,,
223,0.16734373569488525,0.16734373569488525,MoE-sBOED,0.050962209701538086,14272,2.7713699340820312,1.3583849668502808,0.10387358069419861,0.28535744547843933,0.12398787587881088,,,,,,,,,,,
224,0.16312500834465027,0.16312500834465027,MoE-sBOED,0.05035805702209473,14336,2.6916892528533936,1.3502402305603027,0.1041165143251419,0.2980315685272217,0.1240643784403801,,,,,,,,,,,
225,0.1589062511920929,0.1589062511920929,MoE-sBOED,0.0520627498626709,14400,2.504530429840088,1.3437069654464722,0.10465730726718903,0.3115184009075165,0.12415456026792526,0.15380859375,0.060878906249999996,4,1.0819396447149334,0.03125,0.0234375,1,0.000703125,100.06087890625,0,required
226,0.15855470299720764,0.15855470299720764,MoE-sBOED,0.050177574157714844,14464,2.593221664428711,1.3490750789642334,0.10794547945261002,0.3020305037498474,0.12424124777317047,,,,,,,,,,,
227,0.1691015660762787,0.1691015660762787,MoE-sBOED,0.050801992416381836,14528,2.6061084270477295,1.3507936000823975,0.11123204231262207,0.2932174801826477,0.12431007623672485,,,,,,,,,,,
228,0.1655859351158142,0.1655859351158142,MoE-sBOED,0.05146646499633789,14592,2.47410249710083,1.34682297706604,0.11298039555549622,0.29103216528892517,0.12438616901636124,,,,,,,,,,,
229,0.16417968273162842,0.16417968273162842,MoE-sBOED,0.05212759971618652,14656,2.463284969329834,1.342266321182251,0.11458306759595871,0.29280638694763184,0.12447424232959747,,,,,,,,,,,
230,0.16312500834465027,0.16312500834465027,MoE-sBOED,0.052846670150756836,14720,2.072936534881592,1.3202977180480957,0.11563888937234879,0.3191578984260559,0.12461020052433014,,,,,,,,,,,
231,0.14906251430511475,0.14906251430511475,MoE-sBOED,0.05269026756286621,14784,2.108654022216797,1.3313555717468262,0.11857733875513077,0.30768120288848877,0.12472665309906006,,,,,,,,,,,
232,0.15363281965255737,0.15363281965255737,MoE-sBOED,0.051596641540527344,14848,2.2968528270721436,1.3351759910583496,0.11844050884246826,0.309151291847229,0.12477988004684448,,,,,,,,,,,
233,0.1641796976327896,0.1641796976327896,MoE-sBOED,0.05186867713928223,14912,2.0686776638031006,1.3343185186386108,0.11866475641727448,0.30984964966773987,0.12483279407024384,,,,,,,,,,,
234,0.15257813036441803,0.15257813036441803,MoE-sBOED,0.05216097831726074,14976,2.0488600730895996,1.3317993879318237,0.11844415217638016,0.30964499711990356,0.12485143542289734,,,,,,,,,,,
235,0.15644530951976776,0.15644530951976776,MoE-sBOED,0.053670406341552734,15040,1.8611056804656982,1.3145841360092163,0.11476989835500717,0.3295383155345917,0.12484871596097946,,,,,,,,,,,
236,0.16382811963558197,0.16382811963558197,MoE-sBOED,0.05263352394104004,15104,2.1952638626098633,1.3212201595306396,0.1133495420217514,0.31733420491218567,0.1248147264122963,,,,,,,,,,,
237,0.15714845061302185,0.15714845061302185,MoE-sBOED,0.05211949348449707,15168,2.3126580715179443,1.324303388595581,0.11372645944356918,0.29601603746414185,0.12475167214870453,,,,,,,,,,,
238,0.1560937464237213,0.1560937464237213,MoE-sBOED,0.051482439041137695,15232,2.576808452606201,1.324475884437561,0.11488453298807144,0.31712114810943604,0.1246609091758728,,,,,,,,,,,
239,0.1589062511920929,0.1589062511920929,MoE-sBOED,0.05344676971435547,15296,2.522505760192871,1.312560796737671,0.11597127467393875,0.324910044670105,0.12465223670005798,,,,,,,,,,,
240,0.1676953136920929,0.1676953136920929,MoE-sBOED,0.053479909896850586,15360,2.4687538146972656,1.3030604124069214,0.11940920352935791,0.3199542164802551,0.12469892203807831,,,,,,,,,,,
241,0.1683984249830246,0.1683984249830246,MoE-sBOED,0.053292274475097656,15424,2.53194522857666,1.3002450466156006,0.12119558453559875,0.30042219161987305,0.12469853460788727,,,,,,,,,,,
242,0.16804687678813934,0.16804687678813934,MoE-sBOED,0.05251121520996094,15488,2.6958541870117188,1.3045631647109985,0.12282899022102356,0.296581506729126,0.12470904737710953,,,,,,,,,,,
243,0.1669921875,0.1669921875,MoE-sBOED,0.05196094512939453,15552,2.4996728897094727,1.290441632270813,0.12481967359781265,0.3151664435863495,0.12478810548782349,,,,,,,,,,,
244,0.15644532442092896,0.15644532442092896,MoE-sBOED,0.0524594783782959,15616,2.569140911102295,1.2944657802581787,0.12613770365715027,0.31513917446136475,0.12478089332580566,,,,,,,,,,,
245,0.1676953136920929,0.1676953136920929,MoE-sBOED,0.051343679428100586,15680,2.6816813945770264,1.3109073638916016,0.12674838304519653,0.30239057540893555,0.12475491315126419,,,,,,,,,,,
246,0.16453126072883606,0.16453126072883606,MoE-sBOED,0.053893327713012695,15744,2.5753703117370605,1.3019965887069702,0.12748247385025024,0.31389856338500977,0.12477613985538483,,,,,,,,,,,
247,0.1574999988079071,0.1574999988079071,MoE-sBOED,0.052455902099609375,15808,2.5028533935546875,1.2999370098114014,0.12992426753044128,0.3191123604774475,0.12488163262605667,,,,,,,,,,,
248,0.15574219822883606,0.15574219822883606,MoE-sBOED,0.05305910110473633,15872,2.333184242248535,1.3036459684371948,0.13447576761245728,0.3138609528541565,0.12508873641490936,,,,,,,,,,,
249,0.15714843571186066,0.15714843571186066,MoE-sBOED,0.052471160888671875,15936,2.346935749053955,1.3170387744903564,0.13738839328289032,0.2945278584957123,0.12523047626018524,,,,,,,,,,,
250,0.16804687678813934,0.16804687678813934,MoE-sBOED,0.0530092716217041,16000,2.4244439601898193,1.3308601379394531,0.13905300199985504,0.2854946553707123,0.12530362606048584,0.15451171875000003,0.05650390625,3,0.2751393610913332,0.0234375,0.0078125,1,0.0003515625000000001,100.05650390625,0,required
251,0.15503907203674316,0.15503907203674316,MoE-sBOED,0.05233597755432129,16064,2.550558567047119,1.3427962064743042,0.14090318977832794,0.2973348796367645,0.1253608912229538,,,,,,,,,,,
252,0.16136719286441803,0.16136719286441803,MoE-sBOED,0.04996848106384277,16128,2.463986396789551,1.3409299850463867,0.141118586063385,0.2986186444759369,0.1253967136144638,,,,,,,,,,,
253,0.16066408157348633,0.16066408157348633,MoE-sBOED,0.049631357192993164,16192,2.615016460418701,1.346630334854126,0.14203143119812012,0.2942905128002167,0.12541066110134125,,,,,,,,,,,
254,0.16804689168930054,0.16804689168930054,MoE-sBOED,0.0494840145111084,16256,2.5331225395202637,1.3414182662963867,0.1411258727312088,0.27734556794166565,0.1253790557384491,,,,,,,,,,,
255,0.15187500417232513,0.15187500417232513,MoE-sBOED,0.049901485443115234,16320,2.5891287326812744,1.337484359741211,0.140391543507576,0.2787279486656189,0.12535017728805542,,,,,,,,,,,
256,0.16382813453674316,0.16382813453674316,MoE-sBOED,0.0495142936706543,16384,2.622276782989502,1.3356311321258545,0.13945823907852173,0.28017133474349976,0.12533167004585266,,,,,,,,,,,
257,0.17261719703674316,0.17261719703674316,MoE-sBOED,0.050295352935791016,16448,2.7799935340881348,1.3409843444824219,0.13726702332496643,0.27565398812294006,0.12532123923301697,,,,,,,,,,,
258,0.16980469226837158,0.16980469226837158,MoE-sBOED,0.05136561393737793,16512,2.7808585166931152,1.340841293334961,0.13565693795681,0.27975642681121826,0.1253504455089569,,,,,,,,,,,
259,0.1691015660762787,0.1691015660762787,MoE-sBOED,0.0492246150970459,16576,2.9198272228240967,1.3450098037719727,0.13539378345012665,0.2865399122238159,0.12540675699710846,,,,,,,,,,,
260,0.16945312917232513,0.16945312917232513,MoE-sBOED,0.04919886589050293,16640,2.8512253761291504,1.3412917852401733,0.13412794470787048,0.2836223542690277,0.12544400990009308,,,,,,,,,,,
261,0.16804687678813934,0.16804687678813934,MoE-sBOED,0.0492405891418457,16704,2.6619067192077637,1.3311707973480225,0.13629977405071259,0.28055232763290405,0.12547393143177032,,,,,,,,,,,
262,0.16980469226837158,0.16980469226837158,MoE-sBOED,0.04920482635498047,16768,2.653449058532715,1.3311853408813477,0.1392015814781189,0.28529614210128784,0.1254986673593521,,,,,,,,,,,
263,0.15855470299720764,0.15855470299720764,MoE-sBOED,0.049163103103637695,16832,2.448106288909912,1.3210076093673706,0.1405489146709442,0.2885965406894684,0.1255151927471161,,,,,,,,,,,
264,0.15574219822883606,0.15574219822883606,MoE-sBOED,0.04910016059875488,16896,2.523336887359619,1.327308177947998,0.1404595524072647,0.28439271450042725,0.12551456689834595,,,,,,,,,,,
265,0.16382813453674316,0.16382813453674316,MoE-sBOED,0.049086809158325195,16960,2.6658802032470703,1.334604263305664,0.14177483320236206,0.2887665033340454,0.12550340592861176,,,,,,,,,,,
266,0.16382813453674316,0.16382813453674316,MoE-sBOED,0.04911041259765625,17024,2.7911012172698975,1.3449876308441162,0.14287808537483215,0.29433757066726685,0.12547798454761505,,,,,,,,,,,
267,0.158203125,0.158203125,MoE-sBOED,0.04926037788391113,17088,2.8434805870056152,1.3492567539215088,0.14565452933311462,0.3080103099346161,0.1255473643541336,,,,,,,,,,,
268,0.16593749821186066,0.16593749821186066,MoE-sBOED,0.04912853240966797,17152,2.6987709999084473,1.3408267498016357,0.1475222110748291,0.32034677267074585,0.12566401064395905,,,,,,,,,,,
269,0.16523438692092896,0.16523438692092896,MoE-sBOED,0.04908180236816406,17216,2.5917677879333496,1.3377608060836792,0.15033872425556183,0.333418071269989,0.12577368319034576,,,,,,,,,,,
270,0.1515234410762787,0.1515234410762787,MoE-sBOED,0.04915881156921387,17280,2.5287089347839355,1.3404148817062378,0.1520022302865982,0.3315243124961853,0.12587052583694458,,,,,,,,,,,
271,0.16242188215255737,0.16242188215255737,MoE-sBOED,0.05048084259033203,17344,2.5083320140838623,1.340759515762329,0.15101349353790283,0.3221190273761749,0.12590663135051727,,,,,,,,,,,
272,0.1567968726158142,0.1567968726158142,MoE-sBOED,0.05126452445983887,17408,2.500810146331787,1.3401998281478882,0.1516861915588379,0.3253278136253357,0.12592266499996185,,,,,,,,,,,
273,0.16242188215255737,0.16242188215255737,MoE-sBOED,0.04935908317565918,17472,2.598902702331543,1.3393988609313965,0.15293768048286438,0.3300279378890991,0.12593895196914673,,,,,,,,,,,
274,0.1589062511920929,0.1589062511920929,MoE-sBOED,0.049204111099243164,17536,2.6505422592163086,1.3392093181610107,0.1528327465057373,0.33449041843414307,0.12592937052249908,,,,,,,,,,,
275,0.16101562976837158,0.16101562976837158,MoE-sBOED,0.049257755279541016,17600,2.5567002296447754,1.3410594463348389,0.14968334138393402,0.3227280378341675,0.12590815126895905,0.15345703125,0.06130859375,2,0.6911927820032008,0.015625,0.03125,1,0.0007031250000000002,100.06130859375,0,required
276,0.14976564049720764,0.14976564049720764,MoE-sBOED,0.04937267303466797,17664,2.479771375656128,1.3395140171051025,0.14477665722370148,0.31149882078170776,0.12591470777988434,,,,,,,,,,,
277,0.17015625536441803,0.17015625536441803,MoE-sBOED,0.05037689208984375,17728,2.2798349857330322,1.333003282546997,0.1401163637638092,0.30357804894447327,0.1259835809469223,,,,,,,,,,,
278,0.16804687678813934,0.16804687678813934,MoE-sBOED,0.05134129524230957,17792,2.265726089477539,1.3359065055847168,0.13864870369434357,0.31315112113952637,0.12601251900196075,,,,,,,,,,,
279,0.1574999988079071,0.1574999988079071,MoE-sBOED,0.04939723014831543,17856,2.434476852416992,1.3393911123275757,0.1360202133655548,0.31835997104644775,0.12597326934337616,,,,,,,,,,,
280,0.15292969346046448,0.15292969346046448,MoE-sBOED,0.05011177062988281,17920,2.377686023712158,1.342228651046753,0.13481052219867706,0.32107001543045044,0.12595310807228088,,,,,,,,,,,
281,0.15925782918930054,0.15925782918930054,MoE-sBOED,0.051297903060913086,17984,2.4250261783599854,1.343915343284607,0.13409516215324402,0.31275859475135803,0.1259676218032837,,,,,,,,,,,
282,0.15714843571186066,0.15714843571186066,MoE-sBOED,0.04937934875488281,18048,2.3462021350860596,1.3426507711410522,0.1311490833759308,0.300670862197876,0.12595060467720032,,,,,,,,,,,
283,0.16101562976837158,0.16101562976837158,MoE-sBOED,0.050271034240722656,18112,2.4189505577087402,1.3453700542449951,0.12806668877601624,0.29528969526290894,0.12591394782066345,,,,,,,,,,,
284,0.1603125035762787,0.1603125035762787,MoE-sBOED,0.05136537551879883,18176,2.4145185947418213,1.3454564809799194,0.12484286725521088,0.294287770986557,0.1258583664894104,,,,,,,,,,,
285,0.16875001788139343,0.16875001788139343,MoE-sBOED,0.049074649810791016,18240,2.4562668800354004,1.3475844860076904,0.12195661664009094,0.2947043180465698,0.12579801678657532,,,,,,,,,,,
286,0.16136719286441803,0.16136719286441803,MoE-sBOED,0.049422502517700195,18304,2.4338109493255615,1.3454399108886719,0.12297692894935608,0.29949694871902466,0.12585100531578064,,,,,,,,,,,
287,0.1603125035762787,0.1603125035762787,MoE-sBOED,0.04907822608947754,18368,2.329540729522705,1.3448030948638916,0.12569065392017365,0.3100300431251526,0.12595264613628387,,,,,,,,,,,
288,0.1574999988079071,0.1574999988079071,MoE-sBOED,0.05014467239379883,18432,2.393968105316162,1.342722773551941,0.12509498000144958,0.3034615218639374,0.12598372995853424,,,,,,,,,,,
289,0.1515234410762787,0.1515234410762787,MoE-sBOED,0.051264047622680664,18496,2.4880576133728027,1.3473682403564453,0.12487055361270905,0.2971893548965454,0.1259651482105255,,,,,,,,,,,
290,0.15714845061302185,0.15714845061302185,MoE-sBOED,0.049303293228149414,18560,2.6184306144714355,1.3528614044189453,0.12317754328250885,0.2830106019973755,0.12591353058815002,,,,,,,,,,,
291,0.16453126072883606,0.16453126072883606,MoE-sBOED,0.04923558235168457,18624,2.7605347633361816,1.356842041015625,0.1211644783616066,0.2782420814037323,0.12587687373161316,,,,,,,,,,,
292,0.1480078101158142,0.1480078101158142,MoE-sBOED,0.050545692443847656,18688,2.7947871685028076,1.3590850830078125,0.12076057493686676,0.2775554358959198,0.12589892745018005,,,,,,,,,,,
293,0.15644532442092896,0.15644532442092896,MoE-sBOED,0.05135989189147949,18752,2.734630584716797,1.360116720199585,0.12208930402994156,0.27974212169647217,0.12596410512924194,,,,,,,,,,,
294,0.17191407084465027,0.17191407084465027,MoE-sBOED,0.04917001724243164,18816,2.872421979904175,1.3657201528549194,0.12333931028842926,0.2841641306877136,0.12603752315044403,,,,,,,,,,,
295,0.15257813036441803,0.15257813036441803,MoE-sBOED,0.04904055595397949,18880,2.596055746078491,1.3632348775863647,0.12437287718057632,0.28964942693710327,0.12611356377601624,,,,,,,,,,,
296,0.1691015660762787,0.1691015660762787,MoE-sBOED,0.04915738105773926,18944,2.5932188034057617,1.3622686862945557,0.12670156359672546,0.29737213253974915,0.12620028853416443,,,,,,,,,,,
297,0.15187498927116394,0.15187498927116394,MoE-sBOED,0.049153804779052734,19008,2.4816770553588867,1.3630332946777344,0.12849994003772736,0.29252004623413086,0.12629932165145874,,,,,,,,,,,
298,0.1567968875169754,0.1567968875169754,MoE-sBOED,0.04916858673095703,19072,2.4443492889404297,1.365419626235962,0.13114918768405914,0.2968367338180542,0.12643486261367798,,,,,,,,,,,
299,0.16207030415534973,0.16207030415534973,MoE-sBOED,0.049135446548461914,19136,2.347370147705078,1.3640024662017822,0.1355009227991104,0.30550968647003174,0.12658144533634186,,,,,,,,,,,
300,0.1574999988079071,0.1574999988079071,MoE-sBOED,0.049169063568115234,19200,2.5300984382629395,1.3653620481491089,0.13920487463474274,0.30412352085113525,0.12663312256336212,0.15380859375,0.060878906249999996,4,1.0033264079719708,0.03125,0.0234375,1,0.0007031249999999999,100.06087890625,0,required
301,0.1574999988079071,0.1574999988079071,MoE-sBOED,0.049329280853271484,19264,2.637892007827759,1.3669732809066772,0.1417851448059082,0.2918663024902344,0.126639261841774,,,,,,,,,,,
302,0.16136717796325684,0.16136717796325684,MoE-sBOED,0.049106597900390625,19328,2.6488780975341797,1.365778923034668,0.1450762301683426,0.30502641201019287,0.12673361599445343,,,,,,,,,,,
303,0.16347655653953552,0.16347655653953552,MoE-sBOED,0.04919290542602539,19392,2.6838204860687256,1.3633478879928589,0.14856334030628204,0.3160226345062256,0.1268165409564972,,,,,,,,,,,
304,0.1662890613079071,0.1662890613079071,MoE-sBOED,0.04914212226867676,19456,2.601547956466675,1.3614146709442139,0.1498420238494873,0.32755231857299805,0.12685003876686096,,,,,,,,,,,
305,0.1515234410762787,0.1515234410762787,MoE-sBOED,0.04915928840637207,19520,2.568416118621826,1.3608734607696533,0.15112145245075226,0.33159002661705017,0.12687623500823975,,,,,,,,,,,
306,0.16101562976837158,0.16101562976837158,MoE-sBOED,0.05056166648864746,19584,2.705151319503784,1.3595466613769531,0.1512337327003479,0.3323373794555664,0.12691818177700043,,,,,,,,,,,
307,0.15644532442092896,0.15644532442092896,MoE-sBOED,0.05132007598876953,19648,2.5798583030700684,1.358162760734558,0.15566526353359222,0.33374667167663574,0.12708407640457153,,,,,,,,,,,
308,0.17296874523162842,0.17296874523162842,MoE-sBOED,0.04929471015930176,19712,2.4872686862945557,1.3629283905029297,0.15962918102741241,0.32015660405158997,0.12730816006660461,,,,,,,,,,,
309,0.1655859351158142,0.1655859351158142,MoE-sBOED,0.049120187759399414,19776,2.344789505004883,1.3660180568695068,0.1615869253873825,0.312873512506485,0.12746404111385345,,,,,,,,,,,
310,0.16382813453674316,0.16382813453674316,MoE-sBOED,0.04915904998779297,19840,2.313159942626953,1.3677525520324707,0.16234400868415833,0.3071010410785675,0.12752801179885864,,,,,,,,,,,
311,0.16171875596046448,0.16171875596046448,MoE-sBOED,0.04916572570800781,19904,2.179682731628418,1.3666648864746094,0.16118250787258148,0.3165300190448761,0.12752683460712433,,,,,,,,,,,
312,0.1648828238248825,0.1648828238248825,MoE-sBOED,0.04916501045227051,19968,2.3361690044403076,1.366478681564331,0.1602437049150467,0.31989261507987976,0.12753887474536896,,,,,,,,,,,
313,0.1676953136920929,0.1676953136920929,MoE-sBOED,0.04920339584350586,20032,2.3238658905029297,1.3689658641815186,0.15919597446918488,0.3105882406234741,0.1275804191827774,,,,,,,,,,,
314,0.1596093773841858,0.1596093773841858,MoE-sBOED,0.0492100715637207,20096,2.431722402572632,1.3723443746566772,0.15997037291526794,0.2959311306476593,0.12758676707744598,,,,,,,,,,,
315,0.15785156190395355,0.15785156190395355,MoE-sBOED,0.04915475845336914,20160,2.421367645263672,1.3723266124725342,0.1580018252134323,0.28969332575798035,0.12753449380397797,,,,,,,,,,,
316,0.15046873688697815,0.15046873688697815,MoE-sBOED,0.04915356636047363,20224,2.499441623687744,1.371642827987671,0.15462125837802887,0.28646811842918396,0.1274505853652954,,,,,,,,,,,
317,0.16453124582767487,0.16453124582767487,MoE-sBOED,0.050263166427612305,20288,2.7471303939819336,1.3725694417953491,0.15028628706932068,0.2813934087753296,0.12735415995121002,,,,,,,,,,,
318,0.16101562976837158,0.16101562976837158,MoE-sBOED,0.05138039588928223,20352,2.677677869796753,1.3734662532806396,0.14831222593784332,0.2830098271369934,0.12735804915428162,,,,,,,,,,,
319,0.16136719286441803,0.16136719286441803,MoE-sBOED,0.04915332794189453,20416,2.7196786403656006,1.37504243850708,0.14532870054244995,0.28495025634765625,0.12741845846176147,,,,,,,,,,,
320,0.15117189288139343,0.15117189288139343,MoE-sBOED,0.0491945743560791,20480,2.621133327484131,1.3748258352279663,0.14960967004299164,0.283937931060791,0.12745456397533417,,,,,,,,,,,
321,0.15644530951976776,0.15644530951976776,MoE-sBOED,0.04944443702697754,20544,2.6544172763824463,1.375471830368042,0.1465332806110382,0.2823629379272461,0.12747617065906525,,,,,,,,,,,
322,0.14835938811302185,0.14835938811302185,MoE-sBOED,0.05022788047790527,20608,2.7176566123962402,1.3763775825500488,0.14719659090042114,0.2779015600681305,0.12747608125209808,,,,,,,,,,,
323,0.17542968690395355,0.17542968690395355,MoE-sBOED,0.05134177207946777,20672,2.850313186645508,1.3771240711212158,0.14103715121746063,0.2751274108886719,0.1274823546409607,,,,,,,,,,,
324,0.1676953136920929,0.1676953136920929,MoE-sBOED,0.049239397048950195,20736,2.7808098793029785,1.3771984577178955,0.14486530423164368,0.27422070503234863,0.12748028337955475,,,,,,,,,,,
325,0.16312499344348907,0.17875000834465027,MoE-sBOED,0.049134254455566406,20800,2.737619161605835,1.377695083618164,0.14612582325935364,0.2721422016620636,0.1275065392255783,0.156796875,0.057031250000000006,14,1.2384426619239377,0.109375,0.0078125,1,0.00017578125000000005,100.05703125,0,required
326,0.15398436784744263,0.15398436784744263,MoE-sBOED,0.04946303367614746,20864,2.6114821434020996,1.3774685859680176,0.14672298729419708,0.2777611017227173,0.1275007426738739,,,,,,,,,,,
327,0.1574999988079071,0.1574999988079071,MoE-sBOED,0.05022621154785156,20928,2.5152721405029297,1.3775861263275146,0.14555858075618744,0.28008872270584106,0.12752965092658997,,,,,,,,,,,
328,0.15574219822883606,0.15574219822883606,MoE-sBOED,0.05135989189147949,20992,2.5112833976745605,1.3773953914642334,0.14510244131088257,0.28549426794052124,0.12755173444747925,,,,,,,,,,,
329,0.16347655653953552,0.16347655653953552,MoE-sBOED,0.04919576644897461,21056,2.5646121501922607,1.3764432668685913,0.1415664404630661,0.29010704159736633,0.12749236822128296,,,,,,,,,,,
330,0.16312500834465027,0.16312500834465027,MoE-sBOED,0.049154043197631836,21120,2.5976929664611816,1.3760886192321777,0.1409192830324173,0.2870873212814331,0.12742537260055542,,,,,,,,,,,
331,0.16347655653953552,0.16347655653953552,MoE-sBOED,0.04915165901184082,21184,2.616244316101074,1.3762764930725098,0.1386672705411911,0.2774081826210022,0.12737250328063965,,,,,,,,,,,
332,0.16101562976837158,0.16101562976837158,MoE-sBOED,0.04926013946533203,21248,2.5899767875671387,1.3758904933929443,0.1383708268404007,0.26868540048599243,0.12732087075710297,,,,,,,,,,,
333,0.1575000137090683,0.1575000137090683,MoE-sBOED,0.049199581146240234,21312,2.7448196411132812,1.3779577016830444,0.13812287151813507,0.2649766206741333,0.12729084491729736,,,,,,,,,,,
334,0.16207030415534973,0.16207030415534973,MoE-sBOED,0.04914569854736328,21376,2.5615625381469727,1.3769015073776245,0.13799166679382324,0.2583240866661072,0.1272803544998169,,,,,,,,,,,
335,0.15644530951976776,0.15644530951976776,MoE-sBOED,0.04915928840637207,21440,2.624016284942627,1.3762907981872559,0.138576939702034,0.25685715675354004,0.12727966904640198,,,,,,,,,,,
336,0.1603125035762787,0.1603125035762787,MoE-sBOED,0.04914975166320801,21504,2.5717296600341797,1.3753774166107178,0.13878822326660156,0.2622201144695282,0.12726978957653046,,,,,,,,,,,
337,0.17191407084465027,0.17191407084465027,MoE-sBOED,0.04915046691894531,21568,2.6934947967529297,1.3732390403747559,0.14055290818214417,0.26810222864151,0.1272733360528946,,,,,,,,,,,
338,0.16207031905651093,0.16207031905651093,MoE-sBOED,0.04915261268615723,21632,2.7033278942108154,1.3719323873519897,0.14454367756843567,0.27887314558029175,0.12734822928905487,,,,,,,,,,,
339,0.15574218332767487,0.15574218332767487,MoE-sBOED,0.04912304878234863,21696,2.516904830932617,1.3703155517578125,0.14808914065361023,0.2854616641998291,0.12746429443359375,,,,,,,,,,,
340,0.15187498927116394,0.15187498927116394,MoE-sBOED,0.04908299446105957,21760,2.547560691833496,1.3717067241668701,0.15121963620185852,0.29378873109817505,0.12754957377910614,,,,,,,,,,,
341,0.16242188215255737,0.16242188215255737,MoE-sBOED,0.04914069175720215,21824,2.3231215476989746,1.3675966262817383,0.1510770320892334,0.27922922372817993,0.12759988009929657,,,,,,,,,,,
342,0.1589062511920929,0.1589062511920929,MoE-sBOED,0.049067020416259766,21888,2.3526229858398438,1.3680680990219116,0.15152546763420105,0.27705979347229004,0.12762002646923065,,,,,,,,,,,
343,0.15257813036441803,0.16468749940395355,MoE-sBOED,0.05043315887451172,21952,2.501039981842041,1.3712290525436401,0.15119534730911255,0.2768765091896057,0.12761633098125458,,,,,,,,,,,
344,0.15468749403953552,0.15468749403953552,MoE-sBOED,0.05135321617126465,22016,2.4977617263793945,1.3697799444198608,0.15039275586605072,0.2697550654411316,0.12756989896297455,,,,,,,,,,,
345,0.16101562976837158,0.16101562976837158,MoE-sBOED,0.04916882514953613,22080,2.692822217941284,1.372118353843689,0.14867360889911652,0.27214083075523376,0.12746793031692505,,,,,,,,,,,
346,0.16453126072883606,0.16453126072883606,MoE-sBOED,0.04921984672546387,22144,2.936624050140381,1.3737072944641113,0.14473603665828705,0.2721738815307617,0.12732534110546112,,,,,,,,,,,
347,0.15714845061302185,0.15714845061302185,MoE-sBOED,0.04922127723693848,22208,2.8208327293395996,1.3725942373275757,0.14473563432693481,0.26982784271240234,0.1272495985031128,,,,,,,,,,,
348,0.16417968273162842,0.16417968273162842,MoE-sBOED,0.04924464225769043,22272,2.8468260765075684,1.373767375946045,0.14518767595291138,0.27290672063827515,0.12723004817962646,,,,,,,,,,,
349,0.17261719703674316,0.17261719703674316,MoE-sBOED,0.049222469329833984,22336,2.952584743499756,1.37373948097229,0.14178051054477692,0.27194467186927795,0.12719136476516724,,,,,,,,,,,
350,0.1676953136920929,0.1676953136920929,MoE-sBOED,0.04926443099975586,22400,2.896437406539917,1.373900294303894,0.14211353659629822,0.2749220132827759,0.1271403282880783,0.15205078125,0.07552734375,2,0.3111291548118492,0.015625,0.046875,1,0.0021093749999999997,100.07552734375,0,required
351,0.1648828089237213,0.1648828089237213,MoE-sBOED,0.04937458038330078,22464,2.749803066253662,1.3737335205078125,0.13970282673835754,0.2762552797794342,0.12716718018054962,,,,,,,,,,,
352,0.1691015660762787,0.1691015660762787,MoE-sBOED,0.04926753044128418,22528,2.6521055698394775,1.3729074001312256,0.13970191776752472,0.2706032395362854,0.1272227168083191,,,,,,,,,,,
353,0.1676953136920929,0.1676953136920929,MoE-sBOED,0.04910898208618164,22592,2.5897164344787598,1.3727316856384277,0.13991086184978485,0.2645755708217621,0.1272057294845581,,,,,,,,,,,
354,0.16136717796325684,0.16136717796325684,MoE-sBOED,0.04917621612548828,22656,2.6605570316314697,1.3717405796051025,0.13801389932632446,0.26577550172805786,0.12715190649032593,,,,,,,,,,,
355,0.15785157680511475,0.15785157680511475,MoE-sBOED,0.04914045333862305,22720,2.5917155742645264,1.3690651655197144,0.13483722507953644,0.27835744619369507,0.12708421051502228,,,,,,,,,,,
356,0.16453126072883606,0.16453126072883606,MoE-sBOED,0.0505373477935791,22784,2.5179295539855957,1.3663215637207031,0.13207176327705383,0.28629636764526367,0.12699367105960846,,,,,,,,,,,
357,0.15855468809604645,0.15855468809604645,MoE-sBOED,0.051321983337402344,22848,2.6712615489959717,1.3690046072006226,0.13107676804065704,0.2807520627975464,0.12690532207489014,,,,,,,,,,,
358,0.16945312917232513,0.16945312917232513,MoE-sBOED,0.049260854721069336,22912,2.8117551803588867,1.3718328475952148,0.12789197266101837,0.2748514413833618,0.12682779133319855,,,,,,,,,,,
359,0.17050781846046448,0.17050781846046448,MoE-sBOED,0.04918169975280762,22976,2.7977681159973145,1.37399423122406,0.12797634303569794,0.26879608631134033,0.1267859786748886,,,,,,,,,,,
360,0.16980469226837158,0.16980469226837158,MoE-sBOED,0.04918336868286133,23040,2.8388795852661133,1.3753066062927246,0.12932957708835602,0.2614680230617523,0.12682747840881348,,,,,,,,,,,
361,0.16347655653953552,0.16347655653953552,MoE-sBOED,0.049112558364868164,23104,2.782294273376465,1.37657630443573,0.12867261469364166,0.25987792015075684,0.12692886590957642,,,,,,,,,,,
362,0.1750781238079071,0.1750781238079071,MoE-sBOED,0.04916095733642578,23168,2.6736655235290527,1.3757028579711914,0.12758497893810272,0.25938910245895386,0.12704600393772125,,,,,,,,,,,
363,0.16382813453674316,0.16382813453674316,MoE-sBOED,0.04942464828491211,23232,2.4611828327178955,1.3743066787719727,0.12650974094867706,0.2640680968761444,0.12719310820102692,,,,,,,,,,,
364,0.17050781846046448,0.17050781846046448,MoE-sBOED,0.049365997314453125,23296,2.4768123626708984,1.3728759288787842,0.1244720071554184,0.2666085660457611,0.12726233899593353,,,,,,,,,,,
365,0.16066406667232513,0.16066406667232513,MoE-sBOED,0.04921412467956543,23360,2.4076807498931885,1.3745092153549194,0.12358436733484268,0.2634121775627136,0.127280130982399,,,,,,,,,,,
366,0.16874998807907104,0.16874998807907104,MoE-sBOED,0.05065321922302246,23424,2.2989044189453125,1.3747475147247314,0.1235857680439949,0.26247650384902954,0.127362459897995,,,,,,,,,,,
367,0.16242186725139618,0.16242186725139618,MoE-sBOED,0.05132579803466797,23488,2.355423927307129,1.3758716583251953,0.12503984570503235,0.2629931569099426,0.12748369574546814,,,,,,,,,,,
368,0.16136717796325684,0.16136717796325684,MoE-sBOED,0.050398826599121094,23552,2.22408390045166,1.3748935461044312,0.12585009634494781,0.2686005234718323,0.12761226296424866,,,,,,,,,,,
369,0.15574218332767487,0.15574218332767487,MoE-sBOED,0.05129289627075195,23616,2.3321661949157715,1.373578429222107,0.12752728164196014,0.2641909122467041,0.12766994535923004,,,,,,,,,,,
370,0.1560937464237213,0.1560937464237213,MoE-sBOED,0.05016040802001953,23680,2.4753026962280273,1.3721669912338257,0.12616582214832306,0.27307406067848206,0.12767909467220306,,,,,,,,,,,
371,0.16171875596046448,0.16171875596046448,MoE-sBOED,0.0513453483581543,23744,2.4992330074310303,1.3710616827011108,0.12846679985523224,0.2851627767086029,0.1276940554380417,,,,,,,,,,,
372,0.1655859351158142,0.1655859351158142,MoE-sBOED,0.04920458793640137,23808,2.4722375869750977,1.3686155080795288,0.12860628962516785,0.2866143584251404,0.12776604294776917,,,,,,,,,,,
373,0.15644532442092896,0.15644532442092896,MoE-sBOED,0.04920768737792969,23872,2.355365753173828,1.3692209720611572,0.12919530272483826,0.28490129113197327,0.12779898941516876,,,,,,,,,,,
374,0.16136717796325684,0.16136717796325684,MoE-sBOED,0.04920601844787598,23936,2.535499334335327,1.3703687191009521,0.12970039248466492,0.2874181866645813,0.12784667313098907,,,,,,,,,,,
375,0.1567968726158142,0.1567968726158142,MoE-sBOED,0.049157142639160156,24000,2.369704246520996,1.3704885244369507,0.1297745257616043,0.28299856185913086,0.12789395451545715,0.14994140625,0.057011718749999996,6,1.1097896133054972,0.046875,0.0234375,1,0.000703125,100.05701171875,0,required
376,0.15644532442092896,0.15644532442092896,MoE-sBOED,0.04932904243469238,24064,2.5452451705932617,1.3734145164489746,0.12960882484912872,0.27776437997817993,0.12788835167884827,,,,,,,,,,,
377,0.1596093773841858,0.1596093773841858,MoE-sBOED,0.05045294761657715,24128,2.599008798599243,1.3736896514892578,0.12957631051540375,0.2784513831138611,0.12789428234100342,,,,,,,,,,,
378,0.16171875596046448,0.16171875596046448,MoE-sBOED,0.051274776458740234,24192,2.5167646408081055,1.3741792440414429,0.13246925175189972,0.2856219708919525,0.1279955357313156,,,,,,,,,,,
379,0.16136719286441803,0.16136719286441803,MoE-sBOED,0.05046796798706055,24256,2.562009811401367,1.3735370635986328,0.13365639746189117,0.29636651277542114,0.1281057894229889,,,,,,,,,,,
380,0.158203125,0.158203125,MoE-sBOED,0.051441192626953125,24320,2.308877944946289,1.3732637166976929,0.13192617893218994,0.28846684098243713,0.12818259000778198,,,,,,,,,,,
381,0.16523438692092896,0.16523438692092896,MoE-sBOED,0.04915976524353027,24384,2.306533098220825,1.373645544052124,0.1297079175710678,0.2800835967063904,0.12820029258728027,,,,,,,,,,,
382,0.1501171886920929,0.1501171886920929,MoE-sBOED,0.049182891845703125,24448,2.3342883586883545,1.3744161128997803,0.12737758457660675,0.2757299542427063,0.12818081676959991,,,,,,,,,,,
383,0.15644532442092896,0.15644532442092896,MoE-sBOED,0.04945492744445801,24512,2.2523486614227295,1.372767686843872,0.12438603490591049,0.26618266105651855,0.12813059985637665,,,,,,,,,,,
384,0.1683984398841858,0.1683984398841858,MoE-sBOED,0.04920840263366699,24576,2.1406807899475098,1.3725948333740234,0.12251859158277512,0.2722536325454712,0.12815706431865692,,,,,,,,,,,
385,0.15257813036441803,0.15257813036441803,MoE-sBOED,0.050275564193725586,24640,2.1986024379730225,1.3724654912948608,0.12189880758523941,0.2737542390823364,0.12813980877399445,,,,,,,,,,,
386,0.1589062511920929,0.1589062511920929,MoE-sBOED,0.0514218807220459,24704,2.3620433807373047,1.3717225790023804,0.12069986015558243,0.27227920293807983,0.12808655202388763,,,,,,,,,,,
387,0.1662890613079071,0.1662890613079071,MoE-sBOED,0.04917716979980469,24768,2.3214802742004395,1.3691277503967285,0.11768778413534164,0.2734944522380829,0.1280336230993271,,,,,,,,,,,
388,0.16980469226837158,0.16980469226837158,MoE-sBOED,0.049428462982177734,24832,2.3957433700561523,1.3692188262939453,0.11722074449062347,0.2736334502696991,0.12802110612392426,,,,,,,,,,,
389,0.1574999988079071,0.1574999988079071,MoE-sBOED,0.049132585525512695,24896,2.16287899017334,1.3667281866073608,0.11339477449655533,0.2756766080856323,0.12803883850574493,,,,,,,,,,,
390,0.1508203148841858,0.1508203148841858,MoE-sBOED,0.05021953582763672,24960,2.280327320098877,1.3668268918991089,0.11186255514621735,0.2735927104949951,0.12803314626216888,,,,,,,,,,,
391,0.16382813453674316,0.16382813453674316,MoE-sBOED,0.051476478576660156,25024,2.425379991531372,1.3685500621795654,0.11023742705583572,0.2741681635379791,0.12803411483764648,,,,,,,,,,,
392,0.1655859351158142,0.1655859351158142,MoE-sBOED,0.04918384552001953,25088,2.2940316200256348,1.3649423122406006,0.10864591598510742,0.274496465921402,0.12802095711231232,,,,,,,,,,,
393,0.1662890613079071,0.1662890613079071,MoE-sBOED,0.049256086349487305,25152,2.465198278427124,1.3649015426635742,0.10791420936584473,0.285559743642807,0.12799760699272156,,,,,,,,,,,
394,0.17156250774860382,0.17156250774860382,MoE-sBOED,0.05063796043395996,25216,2.423609733581543,1.3637158870697021,0.10900302231311798,0.28793200850486755,0.1279437094926834,,,,,,,,,,,
395,0.16242188215255737,0.16242188215255737,MoE-sBOED,0.05128955841064453,25280,2.739814281463623,1.3684206008911133,0.10802989453077316,0.2926701307296753,0.1278487592935562,,,,,,,,,,,
396,0.16804689168930054,0.16804689168930054,MoE-sBOED,0.04919075965881348,25344,2.5360655784606934,1.366140604019165,0.10623514652252197,0.28118911385536194,0.12778449058532715,,,,,,,,,,,
397,0.17296874523162842,0.17296874523162842,MoE-sBOED,0.049134016036987305,25408,2.5438337326049805,1.364861249923706,0.1040751039981842,0.2734106183052063,0.12775768339633942,,,,,,,,,,,
398,0.17050781846046448,0.17050781846046448,MoE-sBOED,0.050473690032958984,25472,2.6905019283294678,1.3678061962127686,0.10245571285486221,0.2734243869781494,0.1277744024991989,,,,,,,,,,,
399,0.1567968726158142,0.1567968726158142,MoE-sBOED,0.05149340629577637,25536,2.538557529449463,1.3631128072738647,0.1031051054596901,0.2847774028778076,0.12784668803215027,,,,,,,,,,,
400,0.1574999988079071,0.1574999988079071,MoE-sBOED,0.049529314041137695,25600,2.512437582015991,1.3630657196044922,0.10350649803876877,0.28692612051963806,0.12794843316078186,0.15380859375,0.06087890625,5,1.1742395145165752,0.0390625,0.0234375,1,0.000703125,100.06087890625,0,required
401,0.1567968726158142,0.1567968726158142,MoE-sBOED,0.0501551628112793,25664,2.6025285720825195,1.3639358282089233,0.10649025440216064,0.2804514765739441,0.1280529797077179,,,,,,,,,,,
402,0.14906249940395355,0.14906249940395355,MoE-sBOED,0.051360130310058594,25728,2.5559909343719482,1.3660035133361816,0.10877364128828049,0.2737497091293335,0.12811869382858276,,,,,,,,,,,
403,0.15714845061302185,0.15714845061302185,MoE-sBOED,0.049417972564697266,25792,2.584132671356201,1.3622992038726807,0.10874128341674805,0.2750641703605652,0.12818197906017303,,,,,,,,,,,
404,0.15925781428813934,0.15925781428813934,MoE-sBOED,0.04920601844787598,25856,2.3915536403656006,1.356947898864746,0.10805017501115799,0.27955353260040283,0.12820307910442352,,,,,,,,,,,
405,0.16734376549720764,0.16734376549720764,MoE-sBOED,0.05013394355773926,25920,2.453514814376831,1.3601531982421875,0.10981236398220062,0.27573397755622864,0.12821313738822937,,,,,,,,,,,
406,0.16664062440395355,0.16664062440395355,MoE-sBOED,0.05124378204345703,25984,2.410594940185547,1.3600032329559326,0.10997319221496582,0.27615511417388916,0.12826496362686157,,,,,,,,,,,
407,0.16734375059604645,0.16734375059604645,MoE-sBOED,0.049157142639160156,26048,2.480159282684326,1.3617910146713257,0.11122340708971024,0.2800712585449219,0.12833204865455627,,,,,,,,,,,
408,0.17015624046325684,0.17015624046325684,MoE-sBOED,0.0492551326751709,26112,2.561575412750244,1.3578081130981445,0.1077234297990799,0.27456068992614746,0.1283549666404724,,,,,,,,,,,
409,0.1683984398841858,0.1683984398841858,MoE-sBOED,0.05047965049743652,26176,2.5003743171691895,1.3559516668319702,0.11001608520746231,0.2820049226284027,0.12835238873958588,,,,,,,,,,,
410,0.1603125035762787,0.1603125035762787,MoE-sBOED,0.05140256881713867,26240,2.5351600646972656,1.3516868352890015,0.10913363844156265,0.2861858010292053,0.12835918366909027,,,,,,,,,,,
411,0.15785157680511475,0.15785157680511475,MoE-sBOED,0.0499422550201416,26304,2.3941383361816406,1.3387540578842163,0.10889527946710587,0.3004398047924042,0.12836208939552307,,,,,,,,,,,
412,0.16734376549720764,0.16734376549720764,MoE-sBOED,0.05056428909301758,26368,2.6390557289123535,1.339385747909546,0.10791933536529541,0.2912421226501465,0.12830789387226105,,,,,,,,,,,
413,0.16453126072883606,0.16453126072883606,MoE-sBOED,0.05192303657531738,26432,2.606795072555542,1.335685133934021,0.10650072991847992,0.28791067004203796,0.12823157012462616,,,,,,,,,,,
414,0.16136719286441803,0.16136719286441803,MoE-sBOED,0.052593231201171875,26496,2.589099884033203,1.334058165550232,0.10727570950984955,0.28631144762039185,0.1282104253768921,,,,,,,,,,,
415,0.1648828089237213,0.1648828089237213,MoE-sBOED,0.05273771286010742,26560,2.5568132400512695,1.327246904373169,0.10518716275691986,0.28651195764541626,0.128178671002388,,,,,,,,,,,
416,0.15644530951976776,0.15644530951976776,MoE-sBOED,0.052820444107055664,26624,2.590115785598755,1.3315930366516113,0.10505780577659607,0.28822416067123413,0.12811487913131714,,,,,,,,,,,
417,0.16242188215255737,0.16242188215255737,MoE-sBOED,0.05554318428039551,26688,2.630401611328125,1.333399772644043,0.10415816307067871,0.2840709090232849,0.12806521356105804,,,,,,,,,,,
418,0.16101562976837158,0.16101562976837158,MoE-sBOED,0.05227375030517578,26752,2.6653592586517334,1.335695505142212,0.10202429443597794,0.2830333113670349,0.12799200415611267,,,,,,,,,,,
419,0.16593749821186066,0.16593749821186066,MoE-sBOED,0.05184650421142578,26816,2.7427775859832764,1.342553973197937,0.10218998044729233,0.2799578607082367,0.12797270715236664,,,,,,,,,,,
420,0.16066406667232513,0.16066406667232513,MoE-sBOED,0.05160808563232422,26880,2.6063923835754395,1.3422491550445557,0.10342204570770264,0.28154289722442627,0.1280396729707718,,,,,,,,,,,
421,0.16101562976837158,0.16101562976837158,MoE-sBOED,0.053334951400756836,26944,2.5646538734436035,1.3498806953430176,0.10586654394865036,0.29413914680480957,0.1281394362449646,,,,,,,,,,,
422,0.16171875596046448,0.16171875596046448,MoE-sBOED,0.05235099792480469,27008,2.631936550140381,1.35258150100708,0.1062496155500412,0.30367887020111084,0.12823401391506195,,,,,,,,,,,
423,0.1589062511920929,0.1589062511920929,MoE-sBOED,0.05236339569091797,27072,2.4643189907073975,1.3494224548339844,0.10751333832740784,0.31008070707321167,0.12828081846237183,,,,,,,,,,,
424,0.1574999988079071,0.1574999988079071,MoE-sBOED,0.053154706954956055,27136,2.411635398864746,1.3463505506515503,0.10642898827791214,0.3086725175380707,0.12831668555736542,,,,,,,,,,,
425,0.1676953136920929,0.1676953136920929,MoE-sBOED,0.05245351791381836,27200,2.496371269226074,1.3453811407089233,0.10548257827758789,0.305625319480896,0.12832708656787872,0.15275390625000002,0.05650390625,4,0.23661855544632404,0.03125,0.0078125,1,0.00052734375,100.05650390625,0,required
426,0.15328124165534973,0.15328124165534973,MoE-sBOED,0.05017495155334473,27264,2.3699092864990234,1.341168761253357,0.10359934717416763,0.29314231872558594,0.12828564643859863,,,,,,,,,,,
427,0.1683984398841858,0.1683984398841858,MoE-sBOED,0.05159187316894531,27328,2.4806137084960938,1.342722773551941,0.10017808526754379,0.28346365690231323,0.12827807664871216,,,,,,,,,,,
428,0.1596093773841858,0.1596093773841858,MoE-sBOED,0.052858591079711914,27392,2.440126895904541,1.3465417623519897,0.10031819343566895,0.27823948860168457,0.1282690167427063,,,,,,,,,,,
429,0.15855468809604645,0.15855468809604645,MoE-sBOED,0.0516209602355957,27456,2.3536009788513184,1.344948649406433,0.10006465017795563,0.28017935156822205,0.12826977670192719,,,,,,,,,,,
430,0.15046875178813934,0.15046875178813934,MoE-sBOED,0.05159783363342285,27520,2.5349814891815186,1.3506574630737305,0.09986131638288498,0.27653056383132935,0.1282777041196823,,,,,,,,,,,
431,0.1567968726158142,0.1567968726158142,MoE-sBOED,0.05225205421447754,27584,2.4911837577819824,1.3503859043121338,0.09871593117713928,0.2792738676071167,0.1282363086938858,,,,,,,,,,,
432,0.16136719286441803,0.16136719286441803,MoE-sBOED,0.05225539207458496,27648,2.5583794116973877,1.3547314405441284,0.09916079044342041,0.27918505668640137,0.12823596596717834,,,,,,,,,,,
433,0.15468749403953552,0.15468749403953552,MoE-sBOED,0.0518646240234375,27712,2.455815553665161,1.3497130870819092,0.09974658489227295,0.28656283020973206,0.12830573320388794,,,,,,,,,,,
434,0.15539062023162842,0.15539062023162842,MoE-sBOED,0.05179023742675781,27776,2.3785104751586914,1.346435546875,0.10053390264511108,0.28955399990081787,0.12839534878730774,,,,,,,,,,,
435,0.16207031905651093,0.16207031905651093,MoE-sBOED,0.05326962471008301,27840,2.614760398864746,1.3533427715301514,0.0987611785531044,0.27709871530532837,0.12842977046966553,,,,,,,,,,,
436,0.1508203148841858,0.1508203148841858,MoE-sBOED,0.05283212661743164,27904,2.3904433250427246,1.346746802330017,0.10011204332113266,0.2884191870689392,0.12845103442668915,,,,,,,,,,,
437,0.158203125,0.158203125,MoE-sBOED,0.05193924903869629,27968,2.498772144317627,1.3486841917037964,0.09954535961151123,0.283182829618454,0.1284627616405487,,,,,,,,,,,
438,0.16242188215255737,0.16242188215255737,MoE-sBOED,0.05212831497192383,28032,2.429903745651245,1.346358299255371,0.10211027413606644,0.28660982847213745,0.12844912707805634,,,,,,,,,,,
439,0.15996092557907104,0.15996092557907104,MoE-sBOED,0.05173134803771973,28096,2.3749122619628906,1.3488140106201172,0.1009669154882431,0.28808003664016724,0.12845657765865326,,,,,,,,,,,
440,0.16136719286441803,0.16136719286441803,MoE-sBOED,0.05069875717163086,28160,2.4270057678222656,1.350590705871582,0.10205265134572983,0.28688567876815796,0.128407821059227,,,,,,,,,,,
441,0.15855470299720764,0.15855470299720764,MoE-sBOED,0.0514984130859375,28224,2.5529420375823975,1.3513307571411133,0.10098591446876526,0.2785905599594116,0.12839239835739136,,,,,,,,,,,
442,0.15468749403953552,0.15468749403953552,MoE-sBOED,0.05295157432556152,28288,2.5418057441711426,1.3514446020126343,0.10185376554727554,0.2691522240638733,0.12844164669513702,,,,,,,,,,,
443,0.1683984398841858,0.1683984398841858,MoE-sBOED,0.05305624008178711,28352,2.457878828048706,1.345182180404663,0.1039951741695404,0.27141472697257996,0.12852837145328522,,,,,,,,,,,
444,0.15539062023162842,0.15539062023162842,MoE-sBOED,0.05330991744995117,28416,2.5139317512512207,1.3466509580612183,0.10587676614522934,0.2759730815887451,0.12860430777072906,,,,,,,,,,,
445,0.1574999988079071,0.1574999988079071,MoE-sBOED,0.05296826362609863,28480,2.441319704055786,1.3415106534957886,0.10538593679666519,0.27136147022247314,0.12865348160266876,,,,,,,,,,,
446,0.16171875596046448,0.16171875596046448,MoE-sBOED,0.05147361755371094,28544,2.28765869140625,1.3360390663146973,0.10696840286254883,0.28196990489959717,0.12867753207683563,,,,,,,,,,,
447,0.15996094048023224,0.15996094048023224,MoE-sBOED,0.052088260650634766,28608,2.5628771781921387,1.342839002609253,0.10556904226541519,0.2749831974506378,0.12866291403770447,,,,,,,,,,,
448,0.1560937464237213,0.1560937464237213,MoE-sBOED,0.051930904388427734,28672,2.522000312805176,1.3410098552703857,0.10339608788490295,0.2706083059310913,0.1286267191171646,,,,,,,,,,,
449,0.15398436784744263,0.15398436784744263,MoE-sBOED,0.05270075798034668,28736,2.6131703853607178,1.3436635732650757,0.10346481949090958,0.2811274528503418,0.12859171628952026,,,,,,,,,,,
450,0.1515234410762787,0.1515234410762787,MoE-sBOED,0.0523533821105957,28800,2.593353033065796,1.3426258563995361,0.10061731934547424,0.29776740074157715,0.12854763865470886,0.15486328125,0.05509765625,8,1.1408550844688006,0.0625,0.0078125,1,0.00017578124999999994,100.05509765625,0,required
451,0.1648828089237213,0.1648828089237213,MoE-sBOED,0.05133938789367676,28864,2.8157670497894287,1.3427598476409912,0.10016409307718277,0.3061700761318207,0.12855882942676544,,,,,,,,,,,
452,0.15785156190395355,0.15785156190395355,MoE-sBOED,0.05192232131958008,28928,2.6539041996002197,1.339552879333496,0.10422404110431671,0.30501270294189453,0.12864097952842712,,,,,,,,,,,
453,0.1648828089237213,0.1648828089237213,MoE-sBOED,0.05186820030212402,28992,2.750720739364624,1.3487399816513062,0.10362399369478226,0.29046663641929626,0.12867920100688934,,,,,,,,,,,
454,0.15574219822883606,0.15574219822883606,MoE-sBOED,0.051744937896728516,29056,2.6463382244110107,1.3496907949447632,0.1022338718175888,0.28184041380882263,0.12867015600204468,,,,,,,,,,,
455,0.15855468809604645,0.15855468809604645,MoE-sBOED,0.05296063423156738,29120,2.6085782051086426,1.3498605489730835,0.10161898285150528,0.2749938368797302,0.12859666347503662,,,,,,,,,,,
456,0.15855468809604645,0.15855468809604645,MoE-sBOED,0.05413651466369629,29184,2.570543050765991,1.3488367795944214,0.09912965446710587,0.26879820227622986,0.12848077714443207,,,,,,,,,,,
457,0.1648828089237213,0.1648828089237213,MoE-sBOED,0.0529327392578125,29248,2.469902515411377,1.3475698232650757,0.09852311760187149,0.27411949634552,0.1283700168132782,,,,,,,,,,,
458,0.15785157680511475,0.15785157680511475,MoE-sBOED,0.05267333984375,29312,2.533940315246582,1.3473925590515137,0.09875217825174332,0.27505165338516235,0.12833204865455627,,,,,,,,,,,
459,0.16382811963558197,0.16382811963558197,MoE-sBOED,0.05116081237792969,29376,2.674089193344116,1.3532178401947021,0.099576435983181,0.26916730403900146,0.12829148769378662,,,,,,,,,,,
460,0.1560937464237213,0.1560937464237213,MoE-sBOED,0.052643775939941406,29440,2.7897067070007324,1.3545098304748535,0.09897606074810028,0.27053970098495483,0.12822462618350983,,,,,,,,,,,
461,0.1662890613079071,0.1662890613079071,MoE-sBOED,0.05296015739440918,29504,2.647735118865967,1.3525445461273193,0.09757283329963684,0.27376237511634827,0.12819120287895203,,,,,,,,,,,
462,0.15996094048023224,0.15996094048023224,MoE-sBOED,0.051941633224487305,29568,2.685588836669922,1.3540195226669312,0.09726030379533768,0.2709900140762329,0.128194659948349,,,,,,,,,,,
463,0.16593749821186066,0.16593749821186066,MoE-sBOED,0.0517888069152832,29632,2.595334768295288,1.3528783321380615,0.0962681993842125,0.27661120891571045,0.1282319277524948,,,,,,,,,,,
464,0.15574218332767487,0.15574218332767487,MoE-sBOED,0.05214524269104004,29696,2.6085691452026367,1.3548768758773804,0.09718451648950577,0.2769460082054138,0.12824854254722595,,,,,,,,,,,
465,0.1596093773841858,0.1596093773841858,MoE-sBOED,0.052344560623168945,29760,2.6234123706817627,1.3552472591400146,0.0975819006562233,0.2725825905799866,0.1282557100057602,,,,,,,,,,,
466,0.16523437201976776,0.16523437201976776,MoE-sBOED,0.052262067794799805,29824,2.732889175415039,1.3565893173217773,0.09848248958587646,0.26481473445892334,0.1282777637243271,,,,,,,,,,,
467,0.16734375059604645,0.16734375059604645,MoE-sBOED,0.05169486999511719,29888,2.6944501399993896,1.3573596477508545,0.09908129274845123,0.2658572793006897,0.12833328545093536,,,,,,,,,,,
468,0.15855468809604645,0.15855468809604645,MoE-sBOED,0.05219125747680664,29952,2.5562949180603027,1.354806661605835,0.10004279762506485,0.2668015658855438,0.1284073442220688,,,,,,,,,,,
469,0.16593749821186066,0.16593749821186066,MoE-sBOED,0.05190086364746094,30016,2.5601813793182373,1.3561424016952515,0.100071981549263,0.2656806707382202,0.1284891963005066,,,,,,,,,,,
470,0.16734376549720764,0.16734376549720764,MoE-sBOED,0.05223345756530762,30080,2.5455539226531982,1.3579261302947998,0.1004161387681961,0.2660839855670929,0.12856845557689667,,,,,,,,,,,
471,0.15222656726837158,0.15222656726837158,MoE-sBOED,0.05258512496948242,30144,2.514646291732788,1.3576736450195312,0.09948211908340454,0.261577844619751,0.12863238155841827,,,,,,,,,,,
472,0.17261719703674316,0.17261719703674316,MoE-sBOED,0.05272221565246582,30208,2.5320663452148438,1.3580341339111328,0.09910145401954651,0.26628515124320984,0.12867824733257294,,,,,,,,,,,
473,0.16453124582767487,0.16453124582767487,MoE-sBOED,0.0516810417175293,30272,2.599965810775757,1.3595178127288818,0.09858543425798416,0.266234815120697,0.1287309229373932,,,,,,,,,,,
474,0.16593751311302185,0.16593751311302185,MoE-sBOED,0.05282878875732422,30336,2.5829854011535645,1.3591229915618896,0.0993313193321228,0.2656519412994385,0.12880465388298035,,,,,,,,,,,
475,0.16242188215255737,0.16242188215255737,MoE-sBOED,0.05307316780090332,30400,2.387042999267578,1.3558580875396729,0.10211898386478424,0.26386144757270813,0.12886877357959747,0.15468750000000003,0.05746093749999999,3,0.38998630978596005,0.0234375,0.015625,1,0.0003515624999999999,100.0574609375,0,required
476,0.16664062440395355,0.16664062440395355,MoE-sBOED,0.05121779441833496,30464,2.401003837585449,1.3556970357894897,0.10269878804683685,0.26466935873031616,0.12887680530548096,,,,,,,,,,,
477,0.16136719286441803,0.16136719286441803,MoE-sBOED,0.05199909210205078,30528,2.5613198280334473,1.357519507408142,0.1041504442691803,0.27191364765167236,0.1288539320230484,,,,,,,,,,,
478,0.1589062511920929,0.1589062511920929,MoE-sBOED,0.05194735527038574,30592,2.5940961837768555,1.3561981916427612,0.10375777631998062,0.26910504698753357,0.12887632846832275,,,,,,,,,,,
479,0.1655859351158142,0.1655859351158142,MoE-sBOED,0.05165886878967285,30656,2.6682610511779785,1.3603309392929077,0.10546671599149704,0.27116236090660095,0.12893086671829224,,,,,,,,,,,
480,0.16066408157348633,0.16066408157348633,MoE-sBOED,0.05186796188354492,30720,2.6044538021087646,1.3581676483154297,0.10487805306911469,0.2683716118335724,0.12897098064422607,,,,,,,,,,,
481,0.16593751311302185,0.16593751311302185,MoE-sBOED,0.052249908447265625,30784,2.5342371463775635,1.3571710586547852,0.10714899748563766,0.26911675930023193,0.12903228402137756,,,,,,,,,,,
482,0.1662890613079071,0.1662890613079071,MoE-sBOED,0.05202770233154297,30848,2.790241003036499,1.3630781173706055,0.10744811594486237,0.26822221279144287,0.12907883524894714,,,,,,,,,,,
483,0.1648828089237213,0.1648828089237213,MoE-sBOED,0.0519709587097168,30912,2.7465171813964844,1.3656543493270874,0.10863679647445679,0.2682960629463196,0.12910982966423035,,,,,,,,,,,
484,0.15644532442092896,0.15644532442092896,MoE-sBOED,0.05217719078063965,30976,2.4935874938964844,1.3611525297164917,0.10743307322263718,0.2693640887737274,0.12918008863925934,,,,,,,,,,,
485,0.16453126072883606,0.16453126072883606,MoE-sBOED,0.051911115646362305,31040,2.503159523010254,1.3628896474838257,0.10628443211317062,0.2654211223125458,0.12921124696731567,,,,,,,,,,,
486,0.16242188215255737,0.16242188215255737,MoE-sBOED,0.05380749702453613,31104,2.521261215209961,1.3637679815292358,0.10552724450826645,0.26885461807250977,0.12927821278572083,,,,,,,,,,,
487,0.1501171886920929,0.1622265726327896,MoE-sBOED,0.05287361145019531,31168,2.309805393218994,1.3629640340805054,0.10593651235103607,0.27765506505966187,0.12934699654579163,,,,,,,,,,,
488,0.1596093773841858,0.1596093773841858,MoE-sBOED,0.05063128471374512,31232,2.2968037128448486,1.3615918159484863,0.10614357888698578,0.2861209511756897,0.1293986737728119,,,,,,,,,,,
489,0.158203125,0.158203125,MoE-sBOED,0.0519261360168457,31296,2.21521258354187,1.3605999946594238,0.1074385792016983,0.2927313446998596,0.12946942448616028,,,,,,,,,,,
490,0.15503905713558197,0.15503905713558197,MoE-sBOED,0.05244088172912598,31360,2.247366428375244,1.3612697124481201,0.10917263478040695,0.28932005167007446,0.1295236200094223,,,,,,,,,,,
491,0.1669921875,0.1669921875,MoE-sBOED,0.052290916442871094,31424,2.4381816387176514,1.3644641637802124,0.1110018715262413,0.27106770873069763,0.12951695919036865,,,,,,,,,,,
492,0.16277343034744263,0.16277343034744263,MoE-sBOED,0.05277538299560547,31488,2.5980210304260254,1.3656419515609741,0.11387623846530914,0.2843804955482483,0.12956951558589935,,,,,,,,,,,
493,0.15714843571186066,0.15714843571186066,MoE-sBOED,0.05198216438293457,31552,2.4318032264709473,1.3614156246185303,0.11677368730306625,0.2985933721065521,0.12968507409095764,,,,,,,,,,,
494,0.15503907203674316,0.15503907203674316,MoE-sBOED,0.05182814598083496,31616,2.7302279472351074,1.3626365661621094,0.11770910769701004,0.3159869909286499,0.12970547378063202,,,,,,,,,,,
495,0.16312500834465027,0.16312500834465027,MoE-sBOED,0.052553415298461914,31680,2.6796107292175293,1.361898422241211,0.11523792892694473,0.3112834692001343,0.12966430187225342,,,,,,,,,,,
496,0.17156250774860382,0.17156250774860382,MoE-sBOED,0.052614688873291016,31744,2.6003551483154297,1.3587563037872314,0.11502674221992493,0.31063491106033325,0.12965033948421478,,,,,,,,,,,
497,0.1662890613079071,0.1662890613079071,MoE-sBOED,0.05269503593444824,31808,2.612226724624634,1.3587778806686401,0.11284784227609634,0.30226466059684753,0.12960724532604218,,,,,,,,,,,
498,0.16312500834465027,0.16312500834465027,MoE-sBOED,0.05253267288208008,31872,2.552658796310425,1.358903169631958,0.11248564720153809,0.29538583755493164,0.12956367433071136,,,,,,,,,,,
499,0.15292967855930328,0.15292967855930328,MoE-sBOED,0.05274033546447754,31936,2.5211477279663086,1.3590161800384521,0.11125479638576508,0.29201799631118774,0.12954771518707275,,,,,,,,,,,
500,0.1603125035762787,0.1603125035762787,MoE-sBOED,0.0528872013092041,32000,2.5919318199157715,1.362018346786499,0.11111254245042801,0.29934802651405334,0.12959034740924835,0.1522265625,0.055,5,0.8099256143641194,0.0390625,0.015625,1,0.0003515625000000001,100.055,0,required
501,0.17015625536441803,0.17015625536441803,MoE-sBOED,0.05024313926696777,32064,2.627537727355957,1.3646273612976074,0.11160148680210114,0.30037468671798706,0.12962928414344788,,,,,,,,,,,
502,0.16523437201976776,0.16523437201976776,MoE-sBOED,0.05074262619018555,32128,2.407186985015869,1.364115595817566,0.11030403524637222,0.2862362265586853,0.1296469122171402,,,,,,,,,,,
503,0.16593751311302185,0.16593751311302185,MoE-sBOED,0.051470041275024414,32192,2.444056510925293,1.3651137351989746,0.10966634750366211,0.2793158292770386,0.12965381145477295,,,,,,,,,,,
504,0.15257811546325684,0.15257811546325684,MoE-sBOED,0.05377817153930664,32256,2.404423475265503,1.3657360076904297,0.11053705960512161,0.2788025736808777,0.12967495620250702,,,,,,,,,,,
505,0.15539062023162842,0.16046874225139618,MoE-sBOED,0.053002119064331055,32320,2.3719542026519775,1.3653621673583984,0.11157339066267014,0.27839183807373047,0.12972134351730347,,,,,,,,,,,
506,0.16382811963558197,0.16382811963558197,MoE-sBOED,0.051999807357788086,32384,2.4491844177246094,1.3647844791412354,0.11193171888589859,0.27622586488723755,0.12974557280540466,,,,,,,,,,,
507,0.16136717796325684,0.16136717796325684,MoE-sBOED,0.05089855194091797,32448,2.504438877105713,1.3649871349334717,0.1118224710226059,0.2746310234069824,0.1297188401222229,,,,,,,,,,,
508,0.1494140625,0.1494140625,MoE-sBOED,0.0529177188873291,32512,2.6463842391967773,1.3685954809188843,0.11265533417463303,0.2816446125507355,0.12968285381793976,,,,,,,,,,,
509,0.1641796976327896,0.1641796976327896,MoE-sBOED,0.05283522605895996,32576,2.7048749923706055,1.3668159246444702,0.11005621403455734,0.2803837060928345,0.12962432205677032,,,,,,,,,,,
510,0.16664063930511475,0.16664063930511475,MoE-sBOED,0.051950931549072266,32640,2.8256454467773438,1.3678735494613647,0.10892702639102936,0.28853821754455566,0.1296132504940033,,,,,,,,,,,
511,0.1603125035762787,0.1603125035762787,MoE-sBOED,0.051647186279296875,32704,2.7290191650390625,1.3667773008346558,0.1087941974401474,0.29369333386421204,0.12963922321796417,,,,,,,,,,,
512,0.1641796976327896,0.1641796976327896,MoE-sBOED,0.05226325988769531,32768,2.709765911102295,1.3674898147583008,0.10926360636949539,0.2945677936077118,0.12965013086795807,,,,,,,,,,,
513,0.16171875596046448,0.16171875596046448,MoE-sBOED,0.05260467529296875,32832,2.6857409477233887,1.3663139343261719,0.10704872757196426,0.28353190422058105,0.12960566580295563,,,,,,,,,,,
514,0.1596093773841858,0.1596093773841858,MoE-sBOED,0.05319952964782715,32896,2.8029909133911133,1.3684486150741577,0.10680220276117325,0.28246334195137024,0.12951822578907013,,,,,,,,,,,
515,0.1662890613079071,0.1662890613079071,MoE-sBOED,0.05180096626281738,32960,2.9066483974456787,1.3687580823898315,0.10637350380420685,0.279979944229126,0.1294495314359665,,,,,,,,,,,
516,0.16593751311302185,0.16593751311302185,MoE-sBOED,0.052382469177246094,33024,2.807572364807129,1.367478847503662,0.10629510134458542,0.2747173309326172,0.12946006655693054,,,,,,,,,,,
517,0.16066406667232513,0.16066406667232513,MoE-sBOED,0.05231618881225586,33088,2.7091064453125,1.3663625717163086,0.10643505305051804,0.2696276307106018,0.12950600683689117,,,,,,,,,,,
518,0.15468749403953552,0.15468749403953552,MoE-sBOED,0.0529026985168457,33152,2.707371473312378,1.3677186965942383,0.10631296783685684,0.2709368169307709,0.1295073926448822,,,,,,,,,,,
519,0.1691015660762787,0.1691015660762787,MoE-sBOED,0.052022695541381836,33216,2.629758596420288,1.3651450872421265,0.10423843562602997,0.27583760023117065,0.12949217855930328,,,,,,,,,,,
520,0.15996094048023224,0.15996094048023224,MoE-sBOED,0.051947593688964844,33280,2.619236469268799,1.3633406162261963,0.10265318304300308,0.2831704318523407,0.1294870525598526,,,,,,,,,,,
521,0.15785156190395355,0.15785156190395355,MoE-sBOED,0.05206108093261719,33344,2.517218589782715,1.360764980316162,0.1019885465502739,0.28854629397392273,0.12952680885791779,,,,,,,,,,,
522,0.16523438692092896,0.16523438692092896,MoE-sBOED,0.05342555046081543,33408,2.4991743564605713,1.3593295812606812,0.10159848630428314,0.29122471809387207,0.12958739697933197,,,,,,,,,,,
523,0.16171875596046448,0.16171875596046448,MoE-sBOED,0.052574872970581055,33472,2.6731529235839844,1.3624417781829834,0.10304664075374603,0.28641799092292786,0.1296035647392273,,,,,,,,,,,
524,0.1596093773841858,0.1596093773841858,MoE-sBOED,0.05144524574279785,33536,2.724325180053711,1.3636115789413452,0.10427408665418625,0.28070032596588135,0.12965214252471924,,,,,,,,,,,
525,0.16734376549720764,0.16734376549720764,MoE-sBOED,0.052098989486694336,33600,2.566880226135254,1.3595130443572998,0.10388913750648499,0.28786700963974,0.12970787286758423,0.15416015625,0.056933593750000004,11,1.6692507140850084,0.0859375,0.015625,1,0.0003515625000000001,100.05693359375,0,required
526,0.16101562976837158,0.16101562976837158,MoE-sBOED,0.051183223724365234,33664,2.6282899379730225,1.362290859222412,0.10495393723249435,0.2776949107646942,0.1297743171453476,,,,,,,,,,,
527,0.16980469226837158,0.16980469226837158,MoE-sBOED,0.05214548110961914,33728,2.6998000144958496,1.3646769523620605,0.10707240551710129,0.27183637022972107,0.1298656016588211,,,,,,,,,,,
528,0.1589062511920929,0.1589062511920929,MoE-sBOED,0.052832841873168945,33792,2.6373071670532227,1.3612416982650757,0.1064734011888504,0.27273404598236084,0.12991689145565033,,,,,,,,,,,
529,0.158203125,0.158203125,MoE-sBOED,0.053008317947387695,33856,2.753403425216675,1.3642492294311523,0.10824728012084961,0.2816708981990814,0.1299741119146347,,,,,,,,,,,
530,0.1603124886751175,0.1603124886751175,MoE-sBOED,0.05057692527770996,33920,2.7032837867736816,1.3635520935058594,0.10937879979610443,0.2867410182952881,0.12999409437179565,,,,,,,,,,,
531,0.15644532442092896,0.15644532442092896,MoE-sBOED,0.05374956130981445,33984,2.669630527496338,1.3635653257369995,0.10858705639839172,0.2855120599269867,0.12994781136512756,,,,,,,,,,,
532,0.16066405177116394,0.16066405177116394,MoE-sBOED,0.05360007286071777,34048,2.6146461963653564,1.3624933958053589,0.10580745339393616,0.276172012090683,0.12989269196987152,,,,,,,,,,,
533,0.16417968273162842,0.16417968273162842,MoE-sBOED,0.05119895935058594,34112,2.5589518547058105,1.3614137172698975,0.10498939454555511,0.27126261591911316,0.12985169887542725,,,,,,,,,,,
534,0.15574219822883606,0.15574219822883606,MoE-sBOED,0.05192923545837402,34176,2.6483912467956543,1.3632550239562988,0.10515446960926056,0.27199429273605347,0.12983238697052002,,,,,,,,,,,
535,0.1603125035762787,0.1603125035762787,MoE-sBOED,0.05225324630737305,34240,2.688753128051758,1.3623921871185303,0.10393957048654556,0.268473356962204,0.12981511652469635,,,,,,,,,,,
536,0.15996094048023224,0.15996094048023224,MoE-sBOED,0.05322074890136719,34304,2.8049821853637695,1.3667287826538086,0.10388720035552979,0.26818156242370605,0.12978395819664001,,,,,,,,,,,
537,0.16734375059604645,0.16734375059604645,MoE-sBOED,0.0530858039855957,34368,2.641239643096924,1.3639168739318848,0.10286371409893036,0.2671235203742981,0.12976713478565216,,,,,,,,,,,
538,0.1596093773841858,0.1596093773841858,MoE-sBOED,0.05257892608642578,34432,2.6588590145111084,1.3663147687911987,0.1053154245018959,0.26465144753456116,0.12980996072292328,,,,,,,,,,,
539,0.1683984398841858,0.1683984398841858,MoE-sBOED,0.053353071212768555,34496,2.7040114402770996,1.3674767017364502,0.10747643560171127,0.2658850848674774,0.12984776496887207,,,,,,,,,,,
540,0.16242188215255737,0.16242188215255737,MoE-sBOED,0.05239987373352051,34560,2.6440846920013428,1.3667473793029785,0.10718873888254166,0.2638723850250244,0.12980909645557404,,,,,,,,,,,
541,0.16207031905651093,0.16207031905651093,MoE-sBOED,0.0527501106262207,34624,2.638465642929077,1.366882085800171,0.10604969412088394,0.26441696286201477,0.12975475192070007,,,,,,,,,,,
542,0.16875001788139343,0.16875001788139343,MoE-sBOED,0.05272674560546875,34688,2.722257614135742,1.3681881427764893,0.10468212515115738,0.2613568902015686,0.12968692183494568,,,,,,,,,,,
543,0.16804687678813934,0.16804687678813934,MoE-sBOED,0.05046558380126953,34752,2.60557222366333,1.3656220436096191,0.10344132035970688,0.2665494680404663,0.12964630126953125,,,,,,,,,,,
544,0.16382811963558197,0.16382811963558197,MoE-sBOED,0.05180025100708008,34816,2.628279685974121,1.3641746044158936,0.10206261277198792,0.2722102403640747,0.12960082292556763,,,,,,,,,,,
545,0.16277344524860382,0.16277344524860382,MoE-sBOED,0.05169939994812012,34880,2.589594602584839,1.3614743947982788,0.09988174587488174,0.2770228683948517,0.12954100966453552,,,,,,,,,,,
546,0.16382813453674316,0.16382813453674316,MoE-sBOED,0.05176353454589844,34944,2.664402723312378,1.3588247299194336,0.09691134840250015,0.2812013030052185,0.12944823503494263,,,,,,,,,,,
547,0.16875001788139343,0.16875001788139343,MoE-sBOED,0.05164694786071777,35008,2.629439353942871,1.355344295501709,0.09383635967969894,0.28882771730422974,0.1293613314628601,,,,,,,,,,,
548,0.1589062511920929,0.1589062511920929,MoE-sBOED,0.05151486396789551,35072,2.629863739013672,1.3548840284347534,0.09173277020454407,0.29185423254966736,0.12929151952266693,,,,,,,,,,,
549,0.17261718213558197,0.17261718213558197,MoE-sBOED,0.051774024963378906,35136,2.6451404094696045,1.3557723760604858,0.0913005843758583,0.28890475630760193,0.12927933037281036,,,,,,,,,,,
550,0.16417968273162842,0.16417968273162842,MoE-sBOED,0.052574872970581055,35200,2.6623334884643555,1.3608088493347168,0.09373398870229721,0.2807067632675171,0.1293337196111679,0.15240234375,0.05009765625,2,0.11113140431967991,0.015625,0.0,1,0.0,100.05009765625,0,required
551,0.15292969346046448,0.15292969346046448,MoE-sBOED,0.05125713348388672,35264,2.713474988937378,1.3628473281860352,0.09553077071905136,0.27490097284317017,0.12938395142555237,,,,,,,,,,,
552,0.16136719286441803,0.16136719286441803,MoE-sBOED,0.05203676223754883,35328,2.7605857849121094,1.365624189376831,0.09791184961795807,0.26895594596862793,0.12946996092796326,,,,,,,,,,,
553,0.16453126072883606,0.16453126072883606,MoE-sBOED,0.05114030838012695,35392,2.6326327323913574,1.3634936809539795,0.09874297678470612,0.2739003598690033,0.12958702445030212,,,,,,,,,,,
554,0.15328127145767212,0.15328127145767212,MoE-sBOED,0.05229663848876953,35456,2.585268974304199,1.3633493185043335,0.10028278827667236,0.2741456925868988,0.129709854722023,,,,,,,,,,,
555,0.15996094048023224,0.15996094048023224,MoE-sBOED,0.05245089530944824,35520,2.543663263320923,1.3643525838851929,0.10029742866754532,0.27446243166923523,0.1297682523727417,,,,,,,,,,,
556,0.1676953136920929,0.1676953136920929,MoE-sBOED,0.051696062088012695,35584,2.4949445724487305,1.3651292324066162,0.09956150501966476,0.27479761838912964,0.1297570765018463,,,,,,,,,,,
557,0.16242188215255737,0.1745312511920929,MoE-sBOED,0.0525813102722168,35648,2.6333136558532715,1.3685544729232788,0.10020766407251358,0.2656416893005371,0.12972700595855713,,,,,,,,,,,
558,0.16593751311302185,0.16593751311302185,MoE-sBOED,0.05168628692626953,35712,2.7265591621398926,1.3700547218322754,0.09963960200548172,0.26801401376724243,0.1297142505645752,,,,,,,,,,,
559,0.16277344524860382,0.16277344524860382,MoE-sBOED,0.05167531967163086,35776,2.8660240173339844,1.370018482208252,0.09988166391849518,0.27461761236190796,0.1297011822462082,,,,,,,,,,,
560,0.16136719286441803,0.16136719286441803,MoE-sBOED,0.05181169509887695,35840,2.695107936859131,1.367470145225525,0.09650705754756927,0.27023932337760925,0.1296679824590683,,,,,,,,,,,
561,0.1574999988079071,0.1574999988079071,MoE-sBOED,0.052196502685546875,35904,2.6409811973571777,1.3652375936508179,0.09463577717542648,0.2682006359100342,0.1296951025724411,,,,,,,,,,,
562,0.17472657561302185,0.17472657561302185,MoE-sBOED,0.0519254207611084,35968,2.5609383583068848,1.3637886047363281,0.09372898191213608,0.26855507493019104,0.1297236979007721,,,,,,,,,,,
563,0.15503907203674316,0.15503907203674316,MoE-sBOED,0.05265021324157715,36032,2.621461868286133,1.3644474744796753,0.09375528991222382,0.2699458599090576,0.1297416388988495,,,,,,,,,,,
564,0.16171875596046448,0.16171875596046448,MoE-sBOED,0.05274796485900879,36096,2.7076621055603027,1.3657433986663818,0.09454718977212906,0.2762984037399292,0.12975262105464935,,,,,,,,,,,
565,0.16242188215255737,0.16242188215255737,MoE-sBOED,0.05199265480041504,36160,2.7655487060546875,1.3661205768585205,0.09356651455163956,0.2839248478412628,0.12969854474067688,,,,,,,,,,,
566,0.15398436784744263,0.15398436784744263,MoE-sBOED,0.051867008209228516,36224,2.723388671875,1.3640741109848022,0.09061475843191147,0.2822539806365967,0.1296372264623642,,,,,,,,,,,
567,0.15855467319488525,0.15855467319488525,MoE-sBOED,0.05193305015563965,36288,2.632537841796875,1.3583829402923584,0.08961770683526993,0.27782368659973145,0.1296517252922058,,,,,,,,,,,
568,0.15574219822883606,0.15574219822883606,MoE-sBOED,0.0514373779296875,36352,2.6663661003112793,1.35843026638031,0.09107962250709534,0.2784050703048706,0.12972162663936615,,,,,,,,,,,
569,0.1655859500169754,0.17417970299720764,MoE-sBOED,0.052156686782836914,36416,2.6111693382263184,1.3574875593185425,0.09152738749980927,0.2765927314758301,0.1297866553068161,,,,,,,,,,,
570,0.16066406667232513,0.16066406667232513,MoE-sBOED,0.05350136756896973,36480,2.783949613571167,1.3619499206542969,0.09293232858181,0.28148597478866577,0.12982773780822754,,,,,,,,,,,
571,0.17296874523162842,0.17296874523162842,MoE-sBOED,0.05231904983520508,36544,2.4786832332611084,1.3568696975708008,0.09096048772335052,0.27039310336112976,0.12988951802253723,,,,,,,,,,,
572,0.16242188215255737,0.16242188215255737,MoE-sBOED,0.051740407943725586,36608,2.5587985515594482,1.3578366041183472,0.09197083115577698,0.2733038663864136,0.12996986508369446,,,,,,,,,,,
573,0.16734375059604645,0.16734375059604645,MoE-sBOED,0.052480459213256836,36672,2.686901092529297,1.3612747192382812,0.09434089064598083,0.28314733505249023,0.1300075501203537,,,,,,,,,,,
574,0.16664063930511475,0.16664063930511475,MoE-sBOED,0.0524137020111084,36736,2.5596675872802734,1.3588974475860596,0.0928124189376831,0.28137969970703125,0.1299801915884018,,,,,,,,,,,
575,0.16347655653953552,0.16347655653953552,MoE-sBOED,0.05323076248168945,36800,2.7552011013031006,1.3620645999908447,0.09302452206611633,0.28747469186782837,0.12994246184825897,0.15169921875000003,0.054472656249999994,10,1.6541372969705281,0.078125,0.015625,1,0.0003515625000000001,100.05447265625,0,required
576,0.17859375476837158,0.17859375476837158,MoE-sBOED,0.05222654342651367,36864,2.750457763671875,1.3619356155395508,0.09148517996072769,0.28673627972602844,0.12990762293338776,,,,,,,,,,,
577,0.16664062440395355,0.16664062440395355,MoE-sBOED,0.05021357536315918,36928,2.9361445903778076,1.3660707473754883,0.09084457904100418,0.29473477602005005,0.12988276779651642,,,,,,,,,,,
578,0.17050781846046448,0.17050781846046448,MoE-sBOED,0.051851749420166016,36992,2.926089286804199,1.3661983013153076,0.09078362584114075,0.297049343585968,0.12988176941871643,,,,,,,,,,,
579,0.16347657144069672,0.16347657144069672,MoE-sBOED,0.05209922790527344,37056,2.6183388233184814,1.363361120223999,0.09126082807779312,0.29408496618270874,0.12990568578243256,,,,,,,,,,,
580,0.15222656726837158,0.15222656726837158,MoE-sBOED,0.05190587043762207,37120,2.707444667816162,1.3649930953979492,0.09278123825788498,0.29576703906059265,0.1299014836549759,,,,,,,,,,,
581,0.15574219822883606,0.15574219822883606,MoE-sBOED,0.0520782470703125,37184,2.7280426025390625,1.3642829656600952,0.09092239290475845,0.2938498258590698,0.12989488244056702,,,,,,,,,,,
582,0.1560937464237213,0.1560937464237213,MoE-sBOED,0.052223920822143555,37248,2.6810061931610107,1.3644943237304688,0.09177403151988983,0.29353588819503784,0.12991978228092194,,,,,,,,,,,
583,0.16347655653953552,0.16347655653953552,MoE-sBOED,0.05328631401062012,37312,2.826554775238037,1.3641631603240967,0.09358235448598862,0.2940451502799988,0.1299985945224762,,,,,,,,,,,
584,0.16734375059604645,0.16734375059604645,MoE-sBOED,0.05254626274108887,37376,2.629060745239258,1.3591516017913818,0.09392004460096359,0.2869805097579956,0.13011294603347778,,,,,,,,,,,
585,0.16312500834465027,0.16312500834465027,MoE-sBOED,0.05154109001159668,37440,2.543382167816162,1.358166217803955,0.09506838768720627,0.28161925077438354,0.13021133840084076,,,,,,,,,,,
586,0.15398436784744263,0.15398436784744263,MoE-sBOED,0.052291154861450195,37504,2.5689620971679688,1.3548057079315186,0.09606382250785828,0.27748408913612366,0.13030226528644562,,,,,,,,,,,
587,0.15925781428813934,0.15925781428813934,MoE-sBOED,0.05357098579406738,37568,2.4712462425231934,1.3540548086166382,0.09583371132612228,0.27552396059036255,0.1303987056016922,,,,,,,,,,,
588,0.1662890613079071,0.1662890613079071,MoE-sBOED,0.052837371826171875,37632,2.4836912155151367,1.3545887470245361,0.0967191532254219,0.27835962176322937,0.13047300279140472,,,,,,,,,,,
589,0.16382813453674316,0.16382813453674316,MoE-sBOED,0.051577091217041016,37696,2.548121452331543,1.355029582977295,0.09607463330030441,0.284780889749527,0.13050365447998047,,,,,,,,,,,
590,0.16277344524860382,0.16277344524860382,MoE-sBOED,0.05308675765991211,37760,2.5353124141693115,1.352623701095581,0.09566528350114822,0.2908412218093872,0.1305285394191742,,,,,,,,,,,
591,0.17332032322883606,0.17332032322883606,MoE-sBOED,0.05182194709777832,37824,2.5048980712890625,1.3492411375045776,0.09266889840364456,0.29228782653808594,0.1305880844593048,,,,,,,,,,,
592,0.1494140625,0.1494140625,MoE-sBOED,0.0522615909576416,37888,2.5869107246398926,1.3496532440185547,0.09304583072662354,0.30309629440307617,0.13066932559013367,,,,,,,,,,,
593,0.1567968726158142,0.1567968726158142,MoE-sBOED,0.051708221435546875,37952,2.53623628616333,1.3444665670394897,0.09311478585004807,0.30467966198921204,0.1307264268398285,,,,,,,,,,,
594,0.16664062440395355,0.16664062440395355,MoE-sBOED,0.05228281021118164,38016,2.466952085494995,1.34304940700531,0.09139082580804825,0.3089333474636078,0.13069535791873932,,,,,,,,,,,
595,0.1648828089237213,0.1648828089237213,MoE-sBOED,0.05151963233947754,38080,2.4862513542175293,1.3420724868774414,0.09093928337097168,0.3094678521156311,0.1306563913822174,,,,,,,,,,,
596,0.16171875596046448,0.16171875596046448,MoE-sBOED,0.05299496650695801,38144,2.3884239196777344,1.3411710262298584,0.09239782392978668,0.3151768445968628,0.13072536885738373,,,,,,,,,,,
597,0.16101562976837158,0.16101562976837158,MoE-sBOED,0.052819013595581055,38208,2.3441321849823,1.3408458232879639,0.09213332086801529,0.3205569088459015,0.13081318140029907,,,,,,,,,,,
598,0.1560937464237213,0.1560937464237213,MoE-sBOED,0.05177497863769531,38272,2.324451446533203,1.3398183584213257,0.09138284623622894,0.32305753231048584,0.13082464039325714,,,,,,,,,,,
599,0.16523437201976776,0.16523437201976776,MoE-sBOED,0.052129268646240234,38336,2.357443332672119,1.3431854248046875,0.08916512131690979,0.32122012972831726,0.1307646781206131,,,,,,,,,,,
600,0.16101562976837158,0.16101562976837158,MoE-sBOED,0.05353665351867676,38400,2.431471824645996,1.3452184200286865,0.08905159682035446,0.3245302438735962,0.13075685501098633,0.15556640625,0.05580078125,7,0.793230108415571,0.0546875,0.0078125,1,0.00017578124999999994,100.05580078125,0,required
601,0.15996094048023224,0.15996094048023224,MoE-sBOED,0.05225014686584473,38464,2.4166460037231445,1.3421740531921387,0.08962593227624893,0.3326417803764343,0.13080571591854095,,,,,,,,,,,
602,0.15433594584465027,0.15433594584465027,MoE-sBOED,0.05105257034301758,38528,2.4520998001098633,1.3418073654174805,0.0902237668633461,0.3338591754436493,0.13081641495227814,,,,,,,,,,,
603,0.16136717796325684,0.16136717796325684,MoE-sBOED,0.051967620849609375,38592,2.4805197715759277,1.3403193950653076,0.0902530625462532,0.33058518171310425,0.1308060586452484,,,,,,,,,,,
604,0.1574999988079071,0.16257813572883606,MoE-sBOED,0.051844120025634766,38656,2.4517717361450195,1.341951847076416,0.08983511477708817,0.3321997821331024,0.13073953986167908,,,,,,,,,,,
605,0.1501171886920929,0.1501171886920929,MoE-sBOED,0.05229806900024414,38720,2.450575113296509,1.3454296588897705,0.08655942231416702,0.32117974758148193,0.13065865635871887,,,,,,,,,,,
606,0.1603125035762787,0.1603125035762787,MoE-sBOED,0.051939964294433594,38784,2.6385679244995117,1.3503272533416748,0.0863761156797409,0.31909555196762085,0.1306050419807434,,,,,,,,,,,
607,0.15925781428813934,0.15925781428813934,MoE-sBOED,0.0519106388092041,38848,2.5757803916931152,1.3499687910079956,0.08529060333967209,0.3140414357185364,0.13057273626327515,,,,,,,,,,,
608,0.17085939645767212,0.17085939645767212,MoE-sBOED,0.05189657211303711,38912,2.467176675796509,1.3459786176681519,0.08428163081407547,0.3030117154121399,0.1305622011423111,,,,,,,,,,,
609,0.16804689168930054,0.16804689168930054,MoE-sBOED,0.05262494087219238,38976,2.5000038146972656,1.3478050231933594,0.08476350456476212,0.298514723777771,0.1305483877658844,,,,,,,,,,,
610,0.1596093773841858,0.1596093773841858,MoE-sBOED,0.0519258975982666,39040,2.48213791847229,1.3483537435531616,0.08552328497171402,0.2967144846916199,0.13051371276378632,,,,,,,,,,,
611,0.1501171886920929,0.1501171886920929,MoE-sBOED,0.05278587341308594,39104,2.4827189445495605,1.3507888317108154,0.08470217138528824,0.29418978095054626,0.1304832249879837,,,,,,,,,,,
612,0.15925782918930054,0.15925782918930054,MoE-sBOED,0.052080631256103516,39168,2.5354785919189453,1.3475358486175537,0.08369649946689606,0.28716617822647095,0.13043957948684692,,,,,,,,,,,
613,0.1596093773841858,0.1596093773841858,MoE-sBOED,0.05305171012878418,39232,2.450904607772827,1.3499805927276611,0.08318105340003967,0.2829305827617645,0.13041289150714874,,,,,,,,,,,
614,0.16417968273162842,0.16417968273162842,MoE-sBOED,0.05324864387512207,39296,2.601583480834961,1.3540000915527344,0.08298518508672714,0.281710684299469,0.13041625916957855,,,,,,,,,,,
615,0.17085936665534973,0.17085936665534973,MoE-sBOED,0.051603078842163086,39360,2.5107274055480957,1.3566906452178955,0.08294233679771423,0.28584128618240356,0.1304469257593155,,,,,,,,,,,
616,0.15398438274860382,0.15398438274860382,MoE-sBOED,0.05231213569641113,39424,2.593033790588379,1.359100341796875,0.08296803385019302,0.2951538562774658,0.13044601678848267,,,,,,,,,,,
617,0.16277343034744263,0.16277343034744263,MoE-sBOED,0.0530552864074707,39488,2.7175166606903076,1.359716773033142,0.08188717812299728,0.2975708842277527,0.13046012818813324,,,,,,,,,,,
618,0.15468749403953552,0.15468749403953552,MoE-sBOED,0.05305171012878418,39552,2.680393934249878,1.3594483137130737,0.08086401969194412,0.30783650279045105,0.13046106696128845,,,,,,,,,,,
619,0.16207030415534973,0.16207030415534973,MoE-sBOED,0.05210995674133301,39616,2.631761312484741,1.3571170568466187,0.07804036140441895,0.31098616123199463,0.13042804598808289,,,,,,,,,,,
620,0.15996094048023224,0.15996094048023224,MoE-sBOED,0.05185985565185547,39680,2.57328462600708,1.3573001623153687,0.07668901234865189,0.30974894762039185,0.13040344417095184,,,,,,,,,,,
621,0.16101562976837158,0.16101562976837158,MoE-sBOED,0.05203652381896973,39744,2.597867012023926,1.3584704399108887,0.07477860897779465,0.30108678340911865,0.13040025532245636,,,,,,,,,,,
622,0.1669921875,0.1669921875,MoE-sBOED,0.05192136764526367,39808,2.4479687213897705,1.3574607372283936,0.07347587496042252,0.28841114044189453,0.130440816283226,,,,,,,,,,,
623,0.16136717796325684,0.16136717796325684,MoE-sBOED,0.05242300033569336,39872,2.4659714698791504,1.3581154346466064,0.07309146225452423,0.28731486201286316,0.1304711550474167,,,,,,,,,,,
624,0.15539062023162842,0.15539062023162842,MoE-sBOED,0.05284857749938965,39936,2.6339311599731445,1.3614654541015625,0.07258137315511703,0.29096168279647827,0.13044899702072144,,,,,,,,,,,
625,0.14906249940395355,0.14906249940395355,MoE-sBOED,0.05351114273071289,40000,2.7130239009857178,1.3640925884246826,0.07130680233240128,0.28607162833213806,0.13039806485176086,0.15591796875000002,0.058691406249999994,7,0.9689183724348764,0.0546875,0.015625,1,0.0003515624999999999,100.05869140625,0,required
626,0.1501171886920929,0.1501171886920929,MoE-sBOED,0.0522611141204834,40064,2.659054756164551,1.3648790121078491,0.06998427212238312,0.2769452929496765,0.130329430103302,,,,,,,,,,,
627,0.1662890613079071,0.1662890613079071,MoE-sBOED,0.05078387260437012,40128,2.7183971405029297,1.3667762279510498,0.06978974491357803,0.2722192406654358,0.13027775287628174,,,,,,,,,,,
628,0.15714845061302185,0.15714845061302185,MoE-sBOED,0.05323147773742676,40192,2.5477962493896484,1.3658740520477295,0.06803330034017563,0.2806417942047119,0.13025495409965515,,,,,,,,,,,
629,0.1574999988079071,0.1574999988079071,MoE-sBOED,0.052973031997680664,40256,2.665914535522461,1.3675801753997803,0.06588916480541229,0.2833165228366852,0.13022539019584656,,,,,,,,,,,
630,0.15644532442092896,0.15644532442092896,MoE-sBOED,0.052102088928222656,40320,2.59185791015625,1.3671830892562866,0.06760874390602112,0.2901219427585602,0.13029150664806366,,,,,,,,,,,
631,0.16136717796325684,0.16136717796325684,MoE-sBOED,0.05319833755493164,40384,2.4351701736450195,1.365269660949707,0.0686950609087944,0.297301709651947,0.13041368126869202,,,,,,,,,,,
632,0.16101562976837158,0.16101562976837158,MoE-sBOED,0.05248904228210449,40448,2.4577817916870117,1.3664109706878662,0.06986919790506363,0.29869741201400757,0.1305008828639984,,,,,,,,,,,
633,0.15785156190395355,0.1629296839237213,MoE-sBOED,0.05187654495239258,40512,2.2878975868225098,1.364206314086914,0.06950022280216217,0.2955954074859619,0.13051022589206696,,,,,,,,,,,
634,0.1589062511920929,0.1589062511920929,MoE-sBOED,0.05246615409851074,40576,2.395528793334961,1.3665741682052612,0.07183786481618881,0.288347065448761,0.13048584759235382,,,,,,,,,,,
635,0.1676953136920929,0.1676953136920929,MoE-sBOED,0.052216529846191406,40640,2.5368027687072754,1.3665716648101807,0.0733022689819336,0.27831339836120605,0.13048626482486725,,,,,,,,,,,
636,0.16382813453674316,0.16382813453674316,MoE-sBOED,0.05249500274658203,40704,2.6618385314941406,1.3655080795288086,0.07425476610660553,0.27224621176719666,0.1304275542497635,,,,,,,,,,,
637,0.1662890613079071,0.1662890613079071,MoE-sBOED,0.05192112922668457,40768,2.6615407466888428,1.363985538482666,0.07436186820268631,0.2773272395133972,0.13040412962436676,,,,,,,,,,,
638,0.15855468809604645,0.15855468809604645,MoE-sBOED,0.0513768196105957,40832,2.478389263153076,1.3581703901290894,0.07303637266159058,0.2918819785118103,0.13039402663707733,,,,,,,,,,,
639,0.16593751311302185,0.16593751311302185,MoE-sBOED,0.0520167350769043,40896,2.6508629322052,1.3605713844299316,0.07215988636016846,0.29229697585105896,0.13034197688102722,,,,,,,,,,,
640,0.16734375059604645,0.16734375059604645,MoE-sBOED,0.05210113525390625,40960,2.5543973445892334,1.3608064651489258,0.07143165171146393,0.29571351408958435,0.1303216964006424,,,,,,,,,,,
641,0.16312500834465027,0.16312500834465027,MoE-sBOED,0.05244636535644531,41024,2.6588101387023926,1.36480712890625,0.06865222007036209,0.2875474691390991,0.13032937049865723,,,,,,,,,,,
642,0.16066406667232513,0.16066406667232513,MoE-sBOED,0.05212235450744629,41088,2.689380168914795,1.367023229598999,0.06639344245195389,0.2802134156227112,0.1303567737340927,,,,,,,,,,,
643,0.15996092557907104,0.15996092557907104,MoE-sBOED,0.05231952667236328,41152,2.5833444595336914,1.3677260875701904,0.06582321226596832,0.2807108759880066,0.13038532435894012,,,,,,,,,,,
644,0.1567968726158142,0.1567968726158142,MoE-sBOED,0.05182337760925293,41216,2.782151699066162,1.3709516525268555,0.0669882670044899,0.27588629722595215,0.1303272247314453,,,,,,,,,,,
645,0.15996095538139343,0.15996095538139343,MoE-sBOED,0.05313754081726074,41280,2.715113401412964,1.3686237335205078,0.06461034715175629,0.2835860550403595,0.13025285303592682,,,,,,,,,,,
646,0.1567968726158142,0.1567968726158142,MoE-sBOED,0.052808284759521484,41344,2.620455026626587,1.3665714263916016,0.06486283987760544,0.2921764850616455,0.13025182485580444,,,,,,,,,,,
647,0.15363281965255737,0.15363281965255737,MoE-sBOED,0.05354905128479004,41408,2.4933602809906006,1.3627891540527344,0.06548205763101578,0.30177104473114014,0.1303102672100067,,,,,,,,,,,
648,0.1560937464237213,0.1560937464237213,MoE-sBOED,0.05269360542297363,41472,2.6853339672088623,1.3662798404693604,0.06748084723949432,0.3005555272102356,0.13036802411079407,,,,,,,,,,,
649,0.15468750894069672,0.15468750894069672,MoE-sBOED,0.05147576332092285,41536,2.5188827514648438,1.3597180843353271,0.06657712906599045,0.3145907521247864,0.13041646778583527,,,,,,,,,,,
650,0.16171875596046448,0.16171875596046448,MoE-sBOED,0.05235767364501953,41600,2.6948211193084717,1.3643317222595215,0.06776762008666992,0.3116585612297058,0.1303892731666565,0.1550390625,0.0595703125,7,1.1788220433600576,0.0546875,0.015625,1,0.0005273437499999999,100.0595703125,0,required
651,0.16207030415534973,0.16207030415534973,MoE-sBOED,0.050115346908569336,41664,2.6638641357421875,1.3606178760528564,0.06503397226333618,0.31691843271255493,0.13030295073986053,,,,,,,,,,,
652,0.1669921875,0.1669921875,MoE-sBOED,0.0512082576751709,41728,2.6983745098114014,1.3622045516967773,0.06423977762460709,0.3129103183746338,0.13020913302898407,,,,,,,,,,,
653,0.16277343034744263,0.16277343034744263,MoE-sBOED,0.05380368232727051,41792,2.7141501903533936,1.3614330291748047,0.06140674650669098,0.31054794788360596,0.1301133781671524,,,,,,,,,,,
654,0.15925782918930054,0.15925782918930054,MoE-sBOED,0.05292344093322754,41856,2.8273587226867676,1.3657686710357666,0.05883707106113434,0.3010064363479614,0.13002042472362518,,,,,,,,,,,
655,0.1648828238248825,0.1648828238248825,MoE-sBOED,0.05034828186035156,41920,2.870457649230957,1.3672757148742676,0.05640022084116936,0.2948653995990753,0.12995129823684692,,,,,,,,,,,
656,0.16734376549720764,0.16734376549720764,MoE-sBOED,0.0522923469543457,41984,3.0471723079681396,1.3706287145614624,0.05446021258831024,0.2886195182800293,0.12995246052742004,,,,,,,,,,,
657,0.16804689168930054,0.16804689168930054,MoE-sBOED,0.05302309989929199,42048,2.963383436203003,1.3683228492736816,0.05630204454064369,0.29249995946884155,0.13001790642738342,,,,,,,,,,,
658,0.16734376549720764,0.16734376549720764,MoE-sBOED,0.05273246765136719,42112,2.8275058269500732,1.365788459777832,0.05719420686364174,0.29522648453712463,0.13010452687740326,,,,,,,,,,,
659,0.1560937464237213,0.1560937464237213,MoE-sBOED,0.05179429054260254,42176,2.818084239959717,1.3681132793426514,0.05890992656350136,0.2893381416797638,0.13019312918186188,,,,,,,,,,,
660,0.1567968875169754,0.1567968875169754,MoE-sBOED,0.05235552787780762,42240,2.9383864402770996,1.3710520267486572,0.0598149448633194,0.28440070152282715,0.1302766352891922,,,,,,,,,,,
661,0.15257813036441803,0.15257813036441803,MoE-sBOED,0.050931453704833984,42304,2.734975814819336,1.368036150932312,0.06049651652574539,0.2891956567764282,0.13033592700958252,,,,,,,,,,,
662,0.1596093773841858,0.1596093773841858,MoE-sBOED,0.05074453353881836,42368,2.7341976165771484,1.3673126697540283,0.06245091184973717,0.29085007309913635,0.1304038017988205,,,,,,,,,,,
663,0.1508203148841858,0.1508203148841858,MoE-sBOED,0.0521085262298584,42432,2.6092512607574463,1.3651130199432373,0.06558921933174133,0.2965483069419861,0.13052816689014435,,,,,,,,,,,
664,0.15925781428813934,0.15925781428813934,MoE-sBOED,0.05134868621826172,42496,2.511507987976074,1.364031195640564,0.06624756753444672,0.2964847683906555,0.13063378632068634,,,,,,,,,,,
665,0.16523437201976776,0.16523437201976776,MoE-sBOED,0.0537717342376709,42560,2.7471981048583984,1.3687986135482788,0.0684855505824089,0.2859465479850769,0.1307361125946045,,,,,,,,,,,
666,0.1669921875,0.1669921875,MoE-sBOED,0.0528566837310791,42624,2.6105475425720215,1.3680436611175537,0.0712583065032959,0.2850989103317261,0.1308479756116867,,,,,,,,,,,
667,0.1480078250169754,0.1480078250169754,MoE-sBOED,0.05159401893615723,42688,2.7577571868896484,1.371843695640564,0.07290437072515488,0.27635520696640015,0.1309112012386322,,,,,,,,,,,
668,0.1589062511920929,0.1589062511920929,MoE-sBOED,0.05153369903564453,42752,2.710495710372925,1.3721904754638672,0.07371947169303894,0.27192673087120056,0.13100680708885193,,,,,,,,,,,
669,0.15222656726837158,0.15222656726837158,MoE-sBOED,0.05210375785827637,42816,2.5220866203308105,1.3701928853988647,0.07654993236064911,0.27589717507362366,0.13112975656986237,,,,,,,,,,,
670,0.1662890613079071,0.1662890613079071,MoE-sBOED,0.0519566535949707,42880,2.4050779342651367,1.3684219121932983,0.07661376148462296,0.28028908371925354,0.13122296333312988,,,,,,,,,,,
671,0.15785156190395355,0.15785156190395355,MoE-sBOED,0.052376508712768555,42944,2.3637428283691406,1.3695415258407593,0.0760372057557106,0.2785930037498474,0.1312873661518097,,,,,,,,,,,
672,0.15433594584465027,0.15433594584465027,MoE-sBOED,0.0528712272644043,43008,2.284471035003662,1.3707455396652222,0.07635413855314255,0.27205145359039307,0.1313575804233551,,,,,,,,,,,
673,0.1669921875,0.1669921875,MoE-sBOED,0.051485538482666016,43072,2.349972724914551,1.370869517326355,0.07558468729257584,0.26822906732559204,0.1313868910074234,,,,,,,,,,,
674,0.15257813036441803,0.15257813036441803,MoE-sBOED,0.052306413650512695,43136,2.347956895828247,1.3713197708129883,0.07588833570480347,0.27225828170776367,0.1313789039850235,,,,,,,,,,,
675,0.16101562976837158,0.16101562976837158,MoE-sBOED,0.05327010154724121,43200,2.2489259243011475,1.3701066970825195,0.07508156448602676,0.27287957072257996,0.1314004808664322,0.15187500000000004,0.0640234375,3,1.0004907356379178,0.0234375,0.0390625,1,0.0010546875,100.0640234375,0,required
676,0.15503907203674316,0.15503907203674316,MoE-sBOED,0.05220794677734375,43264,2.4930970668792725,1.3737496137619019,0.07552126795053482,0.28184667229652405,0.13138416409492493,,,,,,,,,,,
677,0.1596093773841858,0.1596093773841858,MoE-sBOED,0.050446510314941406,43328,2.469357490539551,1.3742759227752686,0.07459032535552979,0.2779366374015808,0.13131536543369293,,,,,,,,,,,
678,0.15503905713558197,0.15503905713558197,MoE-sBOED,0.051726579666137695,43392,2.4687840938568115,1.372645378112793,0.07286470383405685,0.2681070566177368,0.1312360018491745,,,,,,,,,,,
679,0.1691015660762787,0.1691015660762787,MoE-sBOED,0.052286386489868164,43456,2.536625385284424,1.373183012008667,0.07138148695230484,0.2667481303215027,0.13121215999126434,,,,,,,,,,,
680,0.15644532442092896,0.15644532442092896,MoE-sBOED,0.052005767822265625,43520,2.4479479789733887,1.371842861175537,0.07253855466842651,0.270795077085495,0.1313151866197586,,,,,,,,,,,
681,0.15292969346046448,0.16855469346046448,MoE-sBOED,0.051727294921875,43584,2.3143539428710938,1.368141531944275,0.07277566194534302,0.2790498435497284,0.13139380514621735,,,,,,,,,,,
682,0.15714845061302185,0.15714845061302185,MoE-sBOED,0.05219411849975586,43648,2.3581924438476562,1.3688185214996338,0.0739358440041542,0.2731069326400757,0.13137826323509216,,,,,,,,,,,
683,0.1501171886920929,0.1501171886920929,MoE-sBOED,0.05228877067565918,43712,2.386525869369507,1.3686234951019287,0.07393757253885269,0.27434760332107544,0.13136866688728333,,,,,,,,,,,
684,0.15398438274860382,0.15398438274860382,MoE-sBOED,0.05157065391540527,43776,2.3960771560668945,1.3661599159240723,0.07384826242923737,0.273663729429245,0.13137999176979065,,,,,,,,,,,
685,0.16417968273162842,0.16417968273162842,MoE-sBOED,0.05193662643432617,43840,2.3639490604400635,1.3604094982147217,0.07352586090564728,0.28015172481536865,0.1313764750957489,,,,,,,,,,,
686,0.1648828238248825,0.1648828238248825,MoE-sBOED,0.052455902099609375,43904,2.426931381225586,1.3580737113952637,0.0741625651717186,0.28616994619369507,0.1313735842704773,,,,,,,,,,,
687,0.15363281965255737,0.15363281965255737,MoE-sBOED,0.05328702926635742,43968,2.3753089904785156,1.3541975021362305,0.07514406740665436,0.29305070638656616,0.13137662410736084,,,,,,,,,,,
688,0.15996094048023224,0.15996094048023224,MoE-sBOED,0.0532078742980957,44032,2.2419936656951904,1.3499711751937866,0.07488391548395157,0.30149906873703003,0.13137777149677277,,,,,,,,,,,
689,0.1515234410762787,0.1515234410762787,MoE-sBOED,0.05213785171508789,44096,2.32614803314209,1.3485606908798218,0.0772017315030098,0.309588760137558,0.131381556391716,,,,,,,,,,,
690,0.16347657144069672,0.16347657144069672,MoE-sBOED,0.052262067794799805,44160,2.4013233184814453,1.3530900478363037,0.07817592471837997,0.3021629750728607,0.1313846856355667,,,,,,,,,,,
691,0.15292969346046448,0.15292969346046448,MoE-sBOED,0.052535295486450195,44224,2.350843906402588,1.3524723052978516,0.07843800634145737,0.3013231158256531,0.13137906789779663,,,,,,,,,,,
692,0.158203125,0.158203125,MoE-sBOED,0.0534062385559082,44288,2.4846315383911133,1.3554346561431885,0.07882116734981537,0.2921184301376343,0.13129977881908417,,,,,,,,,,,
693,0.15503907203674316,0.15503907203674316,MoE-sBOED,0.053114891052246094,44352,2.340942144393921,1.3501768112182617,0.0773874893784523,0.2957651615142822,0.13120780885219574,,,,,,,,,,,
694,0.1662890613079071,0.1662890613079071,MoE-sBOED,0.053436994552612305,44416,2.4914231300354004,1.3501499891281128,0.07298073917627335,0.28813380002975464,0.13113617897033691,,,,,,,,,,,
695,0.16417968273162842,0.16417968273162842,MoE-sBOED,0.05154728889465332,44480,2.517552375793457,1.3477118015289307,0.07266044616699219,0.28301236033439636,0.13107162714004517,,,,,,,,,,,
696,0.15503905713558197,0.15503905713558197,MoE-sBOED,0.051888227462768555,44544,2.6957976818084717,1.3518527746200562,0.06972004473209381,0.2865358293056488,0.131029412150383,,,,,,,,,,,
697,0.1655859351158142,0.1655859351158142,MoE-sBOED,0.05181097984313965,44608,2.613696813583374,1.3464267253875732,0.06807110458612442,0.2853772044181824,0.13101822137832642,,,,,,,,,,,
698,0.15539062023162842,0.15539062023162842,MoE-sBOED,0.05190157890319824,44672,2.7390522956848145,1.353405475616455,0.06546195596456528,0.2910488545894623,0.13098156452178955,,,,,,,,,,,
699,0.16453124582767487,0.16453124582767487,MoE-sBOED,0.05134248733520508,44736,2.7183871269226074,1.353543758392334,0.06419466435909271,0.2910257577896118,0.13100558519363403,,,,,,,,,,,
700,0.1603125035762787,0.1603125035762787,MoE-sBOED,0.05133557319641113,44800,2.660008430480957,1.3540880680084229,0.06800774484872818,0.2917913794517517,0.1310381442308426,0.15486328125,0.057636718749999996,9,1.3661958026715124,0.0703125,0.015625,1,0.0003515625,100.05763671875,0,required
701,0.15996092557907104,0.15996092557907104,MoE-sBOED,0.05003190040588379,44864,2.470895767211914,1.3519988059997559,0.06733677536249161,0.2907713055610657,0.13104501366615295,,,,,,,,,,,
702,0.16382811963558197,0.16382811963558197,MoE-sBOED,0.05053877830505371,44928,2.793259620666504,1.3614801168441772,0.06651608645915985,0.30018848180770874,0.13104914128780365,,,,,,,,,,,
703,0.16910158097743988,0.16910158097743988,MoE-sBOED,0.05169558525085449,44992,2.89595103263855,1.3630187511444092,0.06594457477331161,0.30308476090431213,0.13104529678821564,,,,,,,,,,,
704,0.16523437201976776,0.16523437201976776,MoE-sBOED,0.05201411247253418,45056,2.8115406036376953,1.3618783950805664,0.06692694127559662,0.3017425537109375,0.13102932274341583,,,,,,,,,,,
705,0.16101562976837158,0.16101562976837158,MoE-sBOED,0.05209684371948242,45120,2.6431283950805664,1.3600518703460693,0.06765403598546982,0.29833394289016724,0.13103415071964264,,,,,,,,,,,
706,0.15468749403953552,0.15468749403953552,MoE-sBOED,0.0529475212097168,45184,2.5464348793029785,1.358574628829956,0.06665760278701782,0.29605117440223694,0.1310248076915741,,,,,,,,,,,
707,0.16980469226837158,0.16980469226837158,MoE-sBOED,0.05296778678894043,45248,2.7593469619750977,1.3626550436019897,0.06746513396501541,0.3003600835800171,0.13100093603134155,,,,,,,,,,,
708,0.16804687678813934,0.16804687678813934,MoE-sBOED,0.05201458930969238,45312,2.7920680046081543,1.3631925582885742,0.06728040426969528,0.30457594990730286,0.13101960718631744,,,,,,,,,,,
709,0.1589062511920929,0.1589062511920929,MoE-sBOED,0.052079200744628906,45376,2.720421552658081,1.362084150314331,0.06913704425096512,0.30437177419662476,0.13107086718082428,,,,,,,,,,,
710,0.15468750894069672,0.15468750894069672,MoE-sBOED,0.05316305160522461,45440,2.613417387008667,1.3594048023223877,0.06933825463056564,0.30048668384552,0.13117358088493347,,,,,,,,,,,
711,0.16664062440395355,0.16664062440395355,MoE-sBOED,0.05314922332763672,45504,2.5084586143493652,1.3566210269927979,0.06996643543243408,0.29883044958114624,0.13125577569007874,,,,,,,,,,,
712,0.16347657144069672,0.16855469346046448,MoE-sBOED,0.051844120025634766,45568,2.504784345626831,1.3542954921722412,0.0711454525589943,0.29666605591773987,0.13131743669509888,,,,,,,,,,,
713,0.1487109363079071,0.1487109363079071,MoE-sBOED,0.052102088928222656,45632,2.53383207321167,1.3523576259613037,0.07229643315076828,0.29768097400665283,0.13138198852539062,,,,,,,,,,,
714,0.1596093773841858,0.1596093773841858,MoE-sBOED,0.05218148231506348,45696,2.412977457046509,1.3498549461364746,0.07174930721521378,0.2959476709365845,0.131381094455719,,,,,,,,,,,
715,0.16593751311302185,0.16593751311302185,MoE-sBOED,0.051821231842041016,45760,2.444262742996216,1.346744418144226,0.07042969018220901,0.2916848659515381,0.13134722411632538,,,,,,,,,,,
716,0.16066408157348633,0.16066408157348633,MoE-sBOED,0.05197477340698242,45824,2.544891834259033,1.3489046096801758,0.06966740638017654,0.29396235942840576,0.13134482502937317,,,,,,,,,,,
717,0.16171875596046448,0.16171875596046448,MoE-sBOED,0.05391216278076172,45888,2.66757869720459,1.3512201309204102,0.06870757043361664,0.3029482364654541,0.13138771057128906,,,,,,,,,,,
718,0.1494140625,0.1494140625,MoE-sBOED,0.05275130271911621,45952,2.464169502258301,1.345898985862732,0.06682273745536804,0.30352240800857544,0.13144493103027344,,,,,,,,,,,
719,0.16136720776557922,0.16136720776557922,MoE-sBOED,0.05162453651428223,46016,2.5935628414154053,1.3442516326904297,0.06618140637874603,0.3077174425125122,0.13148252665996552,,,,,,,,,,,
720,0.16875001788139343,0.16875001788139343,MoE-sBOED,0.053095102310180664,46080,2.6523377895355225,1.3425014019012451,0.06526485830545425,0.30651363730430603,0.13152000308036804,,,,,,,,,,,
721,0.16347655653953552,0.16855469346046448,MoE-sBOED,0.05313587188720703,46144,2.6563479900360107,1.3459889888763428,0.06623917818069458,0.3153011202812195,0.13159728050231934,,,,,,,,,,,
722,0.1567968726158142,0.1567968726158142,MoE-sBOED,0.053899288177490234,46208,2.671093702316284,1.3427679538726807,0.06536068022251129,0.32142162322998047,0.13168218731880188,,,,,,,,,,,
723,0.1655859351158142,0.1655859351158142,MoE-sBOED,0.05310797691345215,46272,2.6036036014556885,1.3413108587265015,0.06434793770313263,0.3194829821586609,0.13172610104084015,,,,,,,,,,,
724,0.16382813453674316,0.16382813453674316,MoE-sBOED,0.05190563201904297,46336,2.6235039234161377,1.342092752456665,0.06382095813751221,0.3239770531654358,0.13176243007183075,,,,,,,,,,,
725,0.15855468809604645,0.15855468809604645,MoE-sBOED,0.05221676826477051,46400,2.565002918243408,1.340350866317749,0.0639115571975708,0.33039742708206177,0.1317865252494812,0.15486328124999998,0.06720703125,9,1.2057647004523817,0.0703125,0.0234375,1,0.0012304687499999998,100.06720703125,0,required
726,0.16875000298023224,0.16875000298023224,MoE-sBOED,0.05014777183532715,46464,2.6321706771850586,1.3412160873413086,0.06567037850618362,0.3313727080821991,0.1318436563014984,,,,,,,,,,,
727,0.16242188215255737,0.16242188215255737,MoE-sBOED,0.0505063533782959,46528,2.5411922931671143,1.3399224281311035,0.07033859193325043,0.32960245013237,0.13187427818775177,,,,,,,,,,,
728,0.16875000298023224,0.16875000298023224,MoE-sBOED,0.051873207092285156,46592,2.3707730770111084,1.335914969444275,0.07098223268985748,0.31691962480545044,0.13187885284423828,,,,,,,,,,,
729,0.16417968273162842,0.16417968273162842,MoE-sBOED,0.05389261245727539,46656,2.502631664276123,1.3431148529052734,0.0731818825006485,0.31422632932662964,0.1318885087966919,,,,,,,,,,,
730,0.1603125035762787,0.1603125035762787,MoE-sBOED,0.0534665584564209,46720,2.4365148544311523,1.3436955213546753,0.0731244757771492,0.3039587140083313,0.1318729966878891,,,,,,,,,,,
731,0.15855468809604645,0.15855468809604645,MoE-sBOED,0.05189681053161621,46784,2.5513386726379395,1.3507001399993896,0.07575807720422745,0.30304718017578125,0.13185559213161469,,,,,,,,,,,
732,0.16277343034744263,0.16277343034744263,MoE-sBOED,0.05268406867980957,46848,2.5486717224121094,1.3485206365585327,0.07425858825445175,0.29022645950317383,0.13183973729610443,,,,,,,,,,,
733,0.1596093773841858,0.1596093773841858,MoE-sBOED,0.054329872131347656,46912,2.511741876602173,1.3488539457321167,0.0749247744679451,0.2872728705406189,0.13176827132701874,,,,,,,,,,,
734,0.15468750894069672,0.15468750894069672,MoE-sBOED,0.05301499366760254,46976,2.5110764503479004,1.3473374843597412,0.07288137823343277,0.28291308879852295,0.1317126601934433,,,,,,,,,,,
735,0.15574219822883606,0.15574219822883606,MoE-sBOED,0.05259895324707031,47040,2.5746421813964844,1.3513120412826538,0.07204917818307877,0.27885550260543823,0.13168922066688538,,,,,,,,,,,
736,0.16242186725139618,0.16242186725139618,MoE-sBOED,0.05154085159301758,47104,2.6223397254943848,1.353103518486023,0.0699695572257042,0.27696776390075684,0.13164079189300537,,,,,,,,,,,
737,0.16242188215255737,0.16242188215255737,MoE-sBOED,0.05312776565551758,47168,2.5525217056274414,1.354710578918457,0.06839989125728607,0.27356255054473877,0.13159047067165375,,,,,,,,,,,
738,0.15468749403953552,0.15468749403953552,MoE-sBOED,0.053176164627075195,47232,2.636371612548828,1.357047438621521,0.06928198039531708,0.27402469515800476,0.13151627779006958,,,,,,,,,,,
739,0.15925779938697815,0.15925779938697815,MoE-sBOED,0.05199146270751953,47296,2.799330234527588,1.3655815124511719,0.06948215514421463,0.2700890302658081,0.13144397735595703,,,,,,,,,,,
740,0.15925781428813934,0.1643359363079071,MoE-sBOED,0.05229687690734863,47360,2.8773324489593506,1.3670997619628906,0.0675506591796875,0.270496129989624,0.1313910186290741,,,,,,,,,,,
741,0.16347655653953552,0.16347655653953552,MoE-sBOED,0.05259108543395996,47424,2.7441585063934326,1.3595789670944214,0.06540518999099731,0.26769009232521057,0.13137933611869812,,,,,,,,,,,
742,0.16523438692092896,0.16523438692092896,MoE-sBOED,0.05233359336853027,47488,2.7386584281921387,1.3585208654403687,0.06680786609649658,0.270393043756485,0.13143675029277802,,,,,,,,,,,
743,0.16980469226837158,0.16980469226837158,MoE-sBOED,0.052863121032714844,47552,2.6026768684387207,1.3504273891448975,0.06769190728664398,0.28325212001800537,0.13155193626880646,,,,,,,,,,,
744,0.16453126072883606,0.16453126072883606,MoE-sBOED,0.0547788143157959,47616,2.6262807846069336,1.350198745727539,0.0706915482878685,0.2841256856918335,0.131637841463089,,,,,,,,,,,
745,0.1473046839237213,0.1473046839237213,MoE-sBOED,0.06826925277709961,47680,2.6983144283294678,1.3528687953948975,0.07095193862915039,0.27952495217323303,0.1316462755203247,,,,,,,,,,,
746,0.16277344524860382,0.16277344524860382,MoE-sBOED,0.06685471534729004,47744,2.46895170211792,1.3368852138519287,0.0695357695221901,0.3012026250362396,0.13159576058387756,,,,,,,,,,,
747,0.14835938811302185,0.14835938811302185,MoE-sBOED,0.05582690238952637,47808,2.612985134124756,1.3471710681915283,0.07065466046333313,0.2894277572631836,0.13154001533985138,,,,,,,,,,,
748,0.158203125,0.158203125,MoE-sBOED,0.05469703674316406,47872,2.6225500106811523,1.3437637090682983,0.06970693171024323,0.2925652861595154,0.13147440552711487,,,,,,,,,,,
749,0.16734375059604645,0.16734375059604645,MoE-sBOED,0.07040143013000488,47936,2.5610647201538086,1.343962550163269,0.06936631351709366,0.29359230399131775,0.13141128420829773,,,,,,,,,,,
750,0.17085936665534973,0.17085936665534973,MoE-sBOED,0.07501864433288574,48000,2.647620677947998,1.347945213317871,0.06754928082227707,0.28701069951057434,0.13130728900432587,0.15275390625000002,0.05552734375,3,0.9947906386187936,0.0234375,0.015625,1,0.0003515625000000001,100.05552734375,0,required
751,0.15785154700279236,0.15785154700279236,MoE-sBOED,0.05714917182922363,48064,2.6831798553466797,1.3487019538879395,0.06544896960258484,0.2884986400604248,0.1312352418899536,,,,,,,,,,,
752,0.15468750894069672,0.15468750894069672,MoE-sBOED,0.07859349250793457,48128,2.625687837600708,1.351621389389038,0.06669654697179794,0.2871021032333374,0.13123635947704315,,,,,,,,,,,
753,0.15855468809604645,0.15855468809604645,MoE-sBOED,0.06906485557556152,48192,2.5265800952911377,1.344944953918457,0.06547781080007553,0.2945517301559448,0.13126201927661896,,,,,,,,,,,
754,0.1603125035762787,0.1603125035762787,MoE-sBOED,0.07019376754760742,48256,2.6582391262054443,1.3493283987045288,0.06548161059617996,0.2903233766555786,0.13127672672271729,,,,,,,,,,,
755,0.15855467319488525,0.15855467319488525,MoE-sBOED,0.06367135047912598,48320,2.666637420654297,1.3515288829803467,0.06437291949987411,0.2846503257751465,0.13130344450473785,,,,,,,,,,,
756,0.16593749821186066,0.16593749821186066,MoE-sBOED,0.08311986923217773,48384,2.7171695232391357,1.352135419845581,0.062416546046733856,0.27997899055480957,0.13130910694599152,,,,,,,,,,,
757,0.16347655653953552,0.16347655653953552,MoE-sBOED,0.07807493209838867,48448,2.598442316055298,1.35342538356781,0.05962872505187988,0.2764146029949188,0.1313246488571167,,,,,,,,,,,
758,0.16312500834465027,0.16312500834465027,MoE-sBOED,0.08838653564453125,48512,2.7219462394714355,1.3566755056381226,0.0592278391122818,0.27342689037323,0.1313512921333313,,,,,,,,,,,
759,0.16242188215255737,0.16242188215255737,MoE-sBOED,0.07092452049255371,48576,2.742131233215332,1.3586912155151367,0.0584048293530941,0.2753537893295288,0.13137857615947723,,,,,,,,,,,
760,0.16101562976837158,0.16101562976837158,MoE-sBOED,0.08171200752258301,48640,2.892002820968628,1.3645365238189697,0.05715413764119148,0.28110605478286743,0.13141056895256042,,,,,,,,,,,
761,0.16242188215255737,0.16242188215255737,MoE-sBOED,0.05349111557006836,48704,2.902879238128662,1.3677775859832764,0.05717620626091957,0.28611326217651367,0.1314443200826645,,,,,,,,,,,
762,0.1831640750169754,0.1831640750169754,MoE-sBOED,0.05994415283203125,48768,2.7666175365448,1.3644702434539795,0.05829358100891113,0.2779918313026428,0.13146807253360748,,,,,,,,,,,
763,0.16066406667232513,0.16066406667232513,MoE-sBOED,0.0708162784576416,48832,2.7481422424316406,1.3654230833053589,0.06203101947903633,0.27758854627609253,0.13152284920215607,,,,,,,,,,,
764,0.15785157680511475,0.15785157680511475,MoE-sBOED,0.06755399703979492,48896,2.689518451690674,1.3623807430267334,0.06083722412586212,0.27389511466026306,0.13158953189849854,,,,,,,,,,,
765,0.15363281965255737,0.15363281965255737,MoE-sBOED,0.06929278373718262,48960,2.5969910621643066,1.3613030910491943,0.06363216787576675,0.27485448122024536,0.1316385269165039,,,,,,,,,,,
766,0.1546875238418579,0.1546875238418579,MoE-sBOED,0.07630252838134766,49024,2.562455415725708,1.3609199523925781,0.06579780578613281,0.2749933898448944,0.13167615234851837,,,,,,,,,,,
767,0.16664063930511475,0.16664063930511475,MoE-sBOED,0.06071734428405762,49088,2.5381665229797363,1.3595666885375977,0.06527084112167358,0.27394020557403564,0.1316368281841278,,,,,,,,,,,
768,0.16066406667232513,0.16066406667232513,MoE-sBOED,0.057266950607299805,49152,2.676297187805176,1.3634941577911377,0.06423628330230713,0.27929919958114624,0.13157780468463898,,,,,,,,,,,
769,0.15785157680511475,0.15785157680511475,MoE-sBOED,0.05563473701477051,49216,2.7041728496551514,1.3651604652404785,0.06230856478214264,0.2836037874221802,0.13156838715076447,,,,,,,,,,,
770,0.16804689168930054,0.16804689168930054,MoE-sBOED,0.060575246810913086,49280,2.767364978790283,1.36615788936615,0.06247760355472565,0.28445807099342346,0.13159780204296112,,,,,,,,,,,
771,0.1691015660762787,0.1691015660762787,MoE-sBOED,0.06401944160461426,49344,2.767775058746338,1.3663952350616455,0.06327884644269943,0.28196901082992554,0.13160426914691925,,,,,,,,,,,
772,0.17050781846046448,0.17050781846046448,MoE-sBOED,0.06704592704772949,49408,2.6420302391052246,1.3625202178955078,0.06379808485507965,0.2702082395553589,0.1315922886133194,,,,,,,,,,,
773,0.16136720776557922,0.16136720776557922,MoE-sBOED,0.06670475006103516,49472,2.546185255050659,1.3602993488311768,0.06561992317438126,0.2691293954849243,0.13158269226551056,,,,,,,,,,,
774,0.15398436784744263,0.15398436784744263,MoE-sBOED,0.07337093353271484,49536,2.7489800453186035,1.3640365600585938,0.06380074471235275,0.26739656925201416,0.1315552145242691,,,,,,,,,,,
775,0.14906249940395355,0.14906249940395355,MoE-sBOED,0.06377696990966797,49600,2.5503697395324707,1.360565185546875,0.0662611871957779,0.27446863055229187,0.1315830647945404,0.155390625,0.062460937499999994,7,1.0495065312101646,0.0546875,0.0234375,1,0.0007031250000000001,100.0624609375,0,required
776,0.16875001788139343,0.16875001788139343,MoE-sBOED,0.05004000663757324,49664,2.6274030208587646,1.3604514598846436,0.06670835614204407,0.2730690538883209,0.131645068526268,,,,,,,,,,,
777,0.15433594584465027,0.15433594584465027,MoE-sBOED,0.0502476692199707,49728,2.6032838821411133,1.3625444173812866,0.06710868328809738,0.26834675669670105,0.1317116916179657,,,,,,,,,,,
778,0.1589062511920929,0.1589062511920929,MoE-sBOED,0.05173373222351074,49792,2.5956082344055176,1.3617300987243652,0.06700190156698227,0.2671194076538086,0.13172809779644012,,,,,,,,,,,
779,0.1515234410762787,0.1515234410762787,MoE-sBOED,0.053217411041259766,49856,2.6853880882263184,1.3629239797592163,0.06532952934503555,0.268584668636322,0.1316918283700943,,,,,,,,,,,
780,0.15257813036441803,0.15257813036441803,MoE-sBOED,0.05327582359313965,49920,2.571460485458374,1.3592090606689453,0.06304042786359787,0.26643258333206177,0.13163913786411285,,,,,,,,,,,
781,0.16101562976837158,0.16101562976837158,MoE-sBOED,0.052736759185791016,49984,2.626361846923828,1.3605036735534668,0.0631396546959877,0.2661353349685669,0.1316315233707428,,,,,,,,,,,
782,0.15925781428813934,0.15925781428813934,MoE-sBOED,0.05255913734436035,50048,2.5662050247192383,1.3594582080841064,0.06321517378091812,0.266035795211792,0.1316593587398529,,,,,,,,,,,
783,0.16804687678813934,0.16804687678813934,MoE-sBOED,0.05231738090515137,50112,2.6328375339508057,1.359776496887207,0.061803050339221954,0.2677910029888153,0.13166861236095428,,,,,,,,,,,
784,0.1589062511920929,0.1589062511920929,MoE-sBOED,0.052176713943481445,50176,2.753115177154541,1.3653373718261719,0.06086626276373863,0.2735615074634552,0.13163065910339355,,,,,,,,,,,
785,0.15433593094348907,0.15433593094348907,MoE-sBOED,0.05205368995666504,50240,2.6512467861175537,1.3623040914535522,0.05708632245659828,0.2693207263946533,0.13150398433208466,,,,,,,,,,,
786,0.1603125035762787,0.1603125035762787,MoE-sBOED,0.05165219306945801,50304,2.6814639568328857,1.364366888999939,0.05397702381014824,0.2691005766391754,0.13135290145874023,,,,,,,,,,,
787,0.15046875178813934,0.15046875178813934,MoE-sBOED,0.05240607261657715,50368,2.910615921020508,1.370620608329773,0.05229564011096954,0.27508294582366943,0.13125444948673248,,,,,,,,,,,
788,0.17226561903953552,0.17226561903953552,MoE-sBOED,0.05193328857421875,50432,2.8687047958374023,1.3679050207138062,0.05060533806681633,0.27146562933921814,0.13122256100177765,,,,,,,,,,,
789,0.16593749821186066,0.16593749821186066,MoE-sBOED,0.05153346061706543,50496,2.730189085006714,1.3632721900939941,0.05104082077741623,0.26492592692375183,0.13122059404850006,,,,,,,,,,,
790,0.16523438692092896,0.16523438692092896,MoE-sBOED,0.05231618881225586,50560,2.5283799171447754,1.3568305969238281,0.04994106665253639,0.26856905221939087,0.1312418133020401,,,,,,,,,,,
791,0.16347657144069672,0.16347657144069672,MoE-sBOED,0.052199363708496094,50624,2.7093429565429688,1.361823558807373,0.049348387867212296,0.2638162076473236,0.131269171833992,,,,,,,,,,,
792,0.16312500834465027,0.16312500834465027,MoE-sBOED,0.05202603340148926,50688,2.6691336631774902,1.363181471824646,0.047567691653966904,0.2656857967376709,0.13127164542675018,,,,,,,,,,,
793,0.1743749976158142,0.1743749976158142,MoE-sBOED,0.051405906677246094,50752,2.6709487438201904,1.361931562423706,0.04647601395845413,0.26419222354888916,0.13128313422203064,,,,,,,,,,,
794,0.16417968273162842,0.16417968273162842,MoE-sBOED,0.05204510688781738,50816,2.850379467010498,1.364638090133667,0.04587753489613533,0.267488956451416,0.13127169013023376,,,,,,,,,,,
795,0.16734375059604645,0.16734375059604645,MoE-sBOED,0.05319690704345703,50880,2.710050106048584,1.3619143962860107,0.043904490768909454,0.26287969946861267,0.1312537044286728,,,,,,,,,,,
796,0.16417968273162842,0.16417968273162842,MoE-sBOED,0.05257534980773926,50944,2.709587574005127,1.362405776977539,0.043045226484537125,0.26439085602760315,0.1312830001115799,,,,,,,,,,,
797,0.1691015660762787,0.1691015660762787,MoE-sBOED,0.05169272422790527,51008,2.613433837890625,1.3588145971298218,0.041974201798439026,0.2622374892234802,0.13132089376449585,,,,,,,,,,,
798,0.1560937613248825,0.1560937613248825,MoE-sBOED,0.053460121154785156,51072,2.823467254638672,1.3638423681259155,0.042977143079042435,0.26678466796875,0.13132108747959137,,,,,,,,,,,
799,0.15257811546325684,0.15257811546325684,MoE-sBOED,0.052643537521362305,51136,2.9625816345214844,1.3684594631195068,0.04300237074494362,0.272375226020813,0.13130201399326324,,,,,,,,,,,
800,0.16734375059604645,0.16734375059604645,MoE-sBOED,0.051618337631225586,51200,2.6837196350097656,1.359764814376831,0.042521264404058456,0.25894761085510254,0.13133707642555237,0.15468750000000003,0.0523828125,11,0.7991732849846438,0.0859375,0.0,1,0.0,100.0523828125,0,required
801,0.1736718714237213,0.1736718714237213,MoE-sBOED,0.05002140998840332,51264,2.621375560760498,1.3579604625701904,0.0442025400698185,0.26204466819763184,0.13140417635440826,,,,,,,,,,,
802,0.1596093773841858,0.1596093773841858,MoE-sBOED,0.05071544647216797,51328,2.5768685340881348,1.359113097190857,0.04698825627565384,0.26384907960891724,0.13146883249282837,,,,,,,,,,,
803,0.15468749403953552,0.15468749403953552,MoE-sBOED,0.0509037971496582,51392,2.6124606132507324,1.3588727712631226,0.04858166724443436,0.26498284935951233,0.13152076303958893,,,,,,,,,,,
804,0.1683984398841858,0.1683984398841858,MoE-sBOED,0.05236935615539551,51456,2.652266025543213,1.3565077781677246,0.04903822019696236,0.26758748292922974,0.13154737651348114,,,,,,,,,,,
805,0.17226561903953552,0.17226561903953552,MoE-sBOED,0.05306601524353027,51520,2.4894301891326904,1.3496803045272827,0.04795049875974655,0.2755662202835083,0.1315617859363556,,,,,,,,,,,
806,0.16277344524860382,0.16277344524860382,MoE-sBOED,0.05302786827087402,51584,2.4125146865844727,1.3507471084594727,0.04940549284219742,0.2794586420059204,0.13161689043045044,,,,,,,,,,,
807,0.15433594584465027,0.15433594584465027,MoE-sBOED,0.0523374080657959,51648,2.4647068977355957,1.3535213470458984,0.05068554729223251,0.277876079082489,0.13165125250816345,,,,,,,,,,,
808,0.15855468809604645,0.15855468809604645,MoE-sBOED,0.052457571029663086,51712,2.3980202674865723,1.3497651815414429,0.04942591115832329,0.28077274560928345,0.1316710263490677,,,,,,,,,,,
809,0.1560937464237213,0.1560937464237213,MoE-sBOED,0.05296969413757324,51776,2.5227324962615967,1.3516883850097656,0.049073606729507446,0.27513641119003296,0.13168999552726746,,,,,,,,,,,
810,0.15925781428813934,0.15925781428813934,MoE-sBOED,0.0518035888671875,51840,2.420957565307617,1.3521894216537476,0.046597715467214584,0.2721789479255676,0.13169549405574799,,,,,,,,,,,
811,0.1641796976327896,0.1641796976327896,MoE-sBOED,0.05214500427246094,51904,2.453106641769409,1.350456953048706,0.04399942234158516,0.2701934576034546,0.13171163201332092,,,,,,,,,,,
812,0.1567968726158142,0.1567968726158142,MoE-sBOED,0.05376458168029785,51968,2.525240659713745,1.358572006225586,0.04252605885267258,0.2566888928413391,0.1317271590232849,,,,,,,,,,,
813,0.16277343034744263,0.16277343034744263,MoE-sBOED,0.05323052406311035,52032,2.682089328765869,1.3601279258728027,0.04048994556069374,0.2615506649017334,0.13171041011810303,,,,,,,,,,,
814,0.15785156190395355,0.15785156190395355,MoE-sBOED,0.052947998046875,52096,2.5642752647399902,1.360323190689087,0.03821912780404091,0.2641311287879944,0.13171197474002838,,,,,,,,,,,
815,0.1655859351158142,0.1655859351158142,MoE-sBOED,0.05345726013183594,52160,2.522111415863037,1.3571698665618896,0.03542603924870491,0.265458345413208,0.13175183534622192,,,,,,,,,,,
816,0.15644532442092896,0.15644532442092896,MoE-sBOED,0.05157065391540527,52224,2.697725296020508,1.3631600141525269,0.03686477616429329,0.2758391499519348,0.13181757926940918,,,,,,,,,,,
817,0.1589062511920929,0.1589062511920929,MoE-sBOED,0.05159497261047363,52288,2.634763717651367,1.3621190786361694,0.037561677396297455,0.276597261428833,0.13190418481826782,,,,,,,,,,,
818,0.16242188215255737,0.16242188215255737,MoE-sBOED,0.05210733413696289,52352,2.547078847885132,1.361525297164917,0.03814235329627991,0.2768562436103821,0.13200746476650238,,,,,,,,,,,
819,0.16417968273162842,0.16417968273162842,MoE-sBOED,0.051993370056152344,52416,2.602315664291382,1.36207914352417,0.040129709988832474,0.27598732709884644,0.13205336034297943,,,,,,,,,,,
820,0.15644530951976776,0.15644530951976776,MoE-sBOED,0.052156686782836914,52480,2.652184009552002,1.3635777235031128,0.040834199637174606,0.2751440107822418,0.132053941488266,,,,,,,,,,,
821,0.1501171886920929,0.1501171886920929,MoE-sBOED,0.05226874351501465,52544,2.6521074771881104,1.363971471786499,0.03939659893512726,0.2767047882080078,0.13207048177719116,,,,,,,,,,,
822,0.17542970180511475,0.17542970180511475,MoE-sBOED,0.05233430862426758,52608,2.629145383834839,1.3639764785766602,0.03889140486717224,0.26817888021469116,0.1320759356021881,,,,,,,,,,,
823,0.1655859351158142,0.1655859351158142,MoE-sBOED,0.05231928825378418,52672,2.6908907890319824,1.3683927059173584,0.04117240011692047,0.26712566614151,0.1320725828409195,,,,,,,,,,,
824,0.16453126072883606,0.16453126072883606,MoE-sBOED,0.05198550224304199,52736,2.782433271408081,1.3702507019042969,0.04265116527676582,0.2680535912513733,0.13210748136043549,,,,,,,,,,,
825,0.16417968273162842,0.16417968273162842,MoE-sBOED,0.052056074142456055,52800,2.6064400672912598,1.3675506114959717,0.0424569770693779,0.2620878219604492,0.13209697604179382,0.152578125,0.0553515625,5,0.5662452464382127,0.0390625,0.015625,1,0.0003515625000000002,100.0553515625,0,required
826,0.16066406667232513,0.16066406667232513,MoE-sBOED,0.05126643180847168,52864,2.786996841430664,1.370383620262146,0.04063272103667259,0.26403141021728516,0.13203078508377075,,,,,,,,,,,
827,0.1589062511920929,0.1589062511920929,MoE-sBOED,0.05218029022216797,52928,2.7653815746307373,1.3694920539855957,0.037952668964862823,0.259604275226593,0.13195829093456268,,,,,,,,,,,
828,0.1662890613079071,0.1662890613079071,MoE-sBOED,0.05160331726074219,52992,2.9969725608825684,1.3736380338668823,0.036696866154670715,0.2642004191875458,0.13184377551078796,,,,,,,,,,,
829,0.16277344524860382,0.16277344524860382,MoE-sBOED,0.0520322322845459,53056,3.058845043182373,1.3740909099578857,0.03647102788090706,0.26415976881980896,0.13180825114250183,,,,,,,,,,,
830,0.15925781428813934,0.15925781428813934,MoE-sBOED,0.05345416069030762,53120,3.0863842964172363,1.3752660751342773,0.03827590495347977,0.26754122972488403,0.13184629380702972,,,,,,,,,,,
831,0.1567968726158142,0.1567968726158142,MoE-sBOED,0.05287528038024902,53184,3.1181702613830566,1.3747886419296265,0.03862863779067993,0.26559978723526,0.13187114894390106,,,,,,,,,,,
832,0.16312500834465027,0.16312500834465027,MoE-sBOED,0.055918216705322266,53248,3.048515796661377,1.373767614364624,0.039604753255844116,0.25864866375923157,0.13186299800872803,,,,,,,,,,,
833,0.16593751311302185,0.16593751311302185,MoE-sBOED,0.05277824401855469,53312,3.0299928188323975,1.3722789287567139,0.04162367060780525,0.2528076171875,0.13189297914505005,,,,,,,,,,,
834,0.16417968273162842,0.16417968273162842,MoE-sBOED,0.05183243751525879,53376,3.0005946159362793,1.369725227355957,0.045276105403900146,0.25733867287635803,0.1319572478532791,,,,,,,,,,,
835,0.16945312917232513,0.16945312917232513,MoE-sBOED,0.05234718322753906,53440,2.642625093460083,1.3646810054779053,0.04320657625794411,0.26200219988822937,0.13206377625465393,,,,,,,,,,,
836,0.15925781428813934,0.15925781428813934,MoE-sBOED,0.052660465240478516,53504,2.7438409328460693,1.3669532537460327,0.04725107550621033,0.2619534134864807,0.13210245966911316,,,,,,,,,,,
837,0.1589062660932541,0.1589062660932541,MoE-sBOED,0.052867889404296875,53568,2.731283664703369,1.3665807247161865,0.048241060227155685,0.26064541935920715,0.13208673894405365,,,,,,,,,,,
838,0.15785157680511475,0.15785157680511475,MoE-sBOED,0.051822662353515625,53632,2.7913684844970703,1.3707035779953003,0.052985239773988724,0.25451627373695374,0.13206782937049866,,,,,,,,,,,
839,0.16101562976837158,0.16101562976837158,MoE-sBOED,0.05200028419494629,53696,2.7907207012176514,1.3722814321517944,0.053571105003356934,0.2515100836753845,0.13203459978103638,,,,,,,,,,,
840,0.16417968273162842,0.16417968273162842,MoE-sBOED,0.053151845932006836,53760,2.6412227153778076,1.3710954189300537,0.054082293063402176,0.2538498640060425,0.13201452791690826,,,,,,,,,,,
841,0.1683984398841858,0.1683984398841858,MoE-sBOED,0.05294203758239746,53824,2.614224910736084,1.3684815168380737,0.05459298565983772,0.2589564919471741,0.13201479613780975,,,,,,,,,,,
842,0.15539062023162842,0.15539062023162842,MoE-sBOED,0.05328369140625,53888,2.7362098693847656,1.371431827545166,0.0554286390542984,0.255429744720459,0.13199006021022797,,,,,,,,,,,
843,0.17261718213558197,0.17261718213558197,MoE-sBOED,0.05337357521057129,53952,2.6214349269866943,1.366896629333496,0.054386477917432785,0.2635332942008972,0.13193383812904358,,,,,,,,,,,
844,0.16277344524860382,0.16277344524860382,MoE-sBOED,0.05132770538330078,54016,2.6068108081817627,1.366791009902954,0.05451430380344391,0.26723507046699524,0.1319132298231125,,,,,,,,,,,
845,0.16347655653953552,0.16347655653953552,MoE-sBOED,0.052405357360839844,54080,2.5266506671905518,1.3623727560043335,0.05419396236538887,0.2753482460975647,0.1319679319858551,,,,,,,,,,,
846,0.17191405594348907,0.17191405594348907,MoE-sBOED,0.05207204818725586,54144,2.604336738586426,1.362644910812378,0.055676091462373734,0.2761102616786957,0.13201089203357697,,,,,,,,,,,
847,0.158203125,0.158203125,MoE-sBOED,0.052021026611328125,54208,2.6056041717529297,1.363440990447998,0.05568929389119148,0.27608996629714966,0.13202370703220367,,,,,,,,,,,
848,0.15925781428813934,0.15925781428813934,MoE-sBOED,0.053008317947387695,54272,2.629204273223877,1.36505126953125,0.05651084706187248,0.27555346488952637,0.132040336728096,,,,,,,,,,,
849,0.16136717796325684,0.16136717796325684,MoE-sBOED,0.05327582359313965,54336,2.583540916442871,1.3633970022201538,0.055192410945892334,0.27725133299827576,0.1320776790380478,,,,,,,,,,,
850,0.15468750894069672,0.15468750894069672,MoE-sBOED,0.05277228355407715,54400,2.6835999488830566,1.3655288219451904,0.05433235317468643,0.2711220681667328,0.13213156163692474,0.15416015625,0.05693359375,12,1.0939744973220686,0.09375,0.015625,1,0.0003515624999999999,100.05693359375,0,required
851,0.15398438274860382,0.15398438274860382,MoE-sBOED,0.05219745635986328,54464,2.6742300987243652,1.3659393787384033,0.05352013185620308,0.2689383924007416,0.1321798861026764,,,,,,,,,,,
852,0.15503905713558197,0.15503905713558197,MoE-sBOED,0.05037355422973633,54528,2.5906600952148438,1.3644332885742188,0.05242472141981125,0.27074119448661804,0.13229602575302124,,,,,,,,,,,
853,0.16347655653953552,0.16347655653953552,MoE-sBOED,0.05173659324645996,54592,2.491814136505127,1.363755226135254,0.05434979870915413,0.27069592475891113,0.13246165215969086,,,,,,,,,,,
854,0.15855468809604645,0.15855468809604645,MoE-sBOED,0.05325746536254883,54656,2.5987071990966797,1.3667023181915283,0.0570637509226799,0.26520785689353943,0.13258391618728638,,,,,,,,,,,
855,0.16136719286441803,0.16136719286441803,MoE-sBOED,0.053397417068481445,54720,2.540803909301758,1.3677244186401367,0.0561036542057991,0.2618059515953064,0.13265632092952728,,,,,,,,,,,
856,0.1574999988079071,0.1574999988079071,MoE-sBOED,0.051526546478271484,54784,2.5723671913146973,1.3702526092529297,0.05751759558916092,0.2618657052516937,0.13268917798995972,,,,,,,,,,,
857,0.16136719286441803,0.16136719286441803,MoE-sBOED,0.052735328674316406,54848,2.6152865886688232,1.3706471920013428,0.05819833278656006,0.2599673867225647,0.13269588351249695,,,,,,,,,,,
858,0.15292969346046448,0.15292969346046448,MoE-sBOED,0.05233287811279297,54912,2.655881404876709,1.3724219799041748,0.059595055878162384,0.26123684644699097,0.13266390562057495,,,,,,,,,,,
859,0.15433594584465027,0.15433594584465027,MoE-sBOED,0.052544593811035156,54976,2.556061267852783,1.3728269338607788,0.0594305582344532,0.26372888684272766,0.13263660669326782,,,,,,,,,,,
860,0.1603125035762787,0.1603125035762787,MoE-sBOED,0.051973819732666016,55040,2.5219686031341553,1.3729513883590698,0.05906981974840164,0.26372700929641724,0.13265641033649445,,,,,,,,,,,
861,0.16101562976837158,0.16101562976837158,MoE-sBOED,0.05272483825683594,55104,2.5705628395080566,1.3726680278778076,0.05837821960449219,0.2624679207801819,0.13266247510910034,,,,,,,,,,,
862,0.16136719286441803,0.16136719286441803,MoE-sBOED,0.05268239974975586,55168,2.4915881156921387,1.3731908798217773,0.059075728058815,0.2598513662815094,0.132682204246521,,,,,,,,,,,
863,0.16101562976837158,0.16101562976837158,MoE-sBOED,0.05175423622131348,55232,2.585513114929199,1.3751790523529053,0.056734826415777206,0.2663898468017578,0.13268353044986725,,,,,,,,,,,
864,0.16207031905651093,0.16207031905651093,MoE-sBOED,0.052393198013305664,55296,2.563443660736084,1.3738250732421875,0.05644571781158447,0.26675328612327576,0.13271883130073547,,,,,,,,,,,
865,0.15714843571186066,0.15714843571186066,MoE-sBOED,0.05240988731384277,55360,2.6531121730804443,1.3748568296432495,0.06029832363128662,0.27064430713653564,0.13285860419273376,,,,,,,,,,,
866,0.16101562976837158,0.16101562976837158,MoE-sBOED,0.05204319953918457,55424,2.596714496612549,1.3741090297698975,0.06018241122364998,0.2703181505203247,0.13295377790927887,,,,,,,,,,,
867,0.16417968273162842,0.16417968273162842,MoE-sBOED,0.05186128616333008,55488,2.5608224868774414,1.3727233409881592,0.058615829795598984,0.26974916458129883,0.13295982778072357,,,,,,,,,,,
868,0.16347655653953552,0.16347655653953552,MoE-sBOED,0.05198097229003906,55552,2.590876579284668,1.3741563558578491,0.05995195358991623,0.27264612913131714,0.13296979665756226,,,,,,,,,,,
869,0.16875000298023224,0.16875000298023224,MoE-sBOED,0.05202531814575195,55616,2.5315520763397217,1.3728007078170776,0.05844707041978836,0.2721032202243805,0.13299675285816193,,,,,,,,,,,
870,0.16312500834465027,0.16312500834465027,MoE-sBOED,0.051926612854003906,55680,2.4933934211730957,1.3729666471481323,0.05790598690509796,0.27351582050323486,0.13296477496623993,,,,,,,,,,,
871,0.14976564049720764,0.14976564049720764,MoE-sBOED,0.05332827568054199,55744,2.4171488285064697,1.3728983402252197,0.05526032671332359,0.2742273807525635,0.1328313648700714,,,,,,,,,,,
872,0.1560937464237213,0.1560937464237213,MoE-sBOED,0.052503108978271484,55808,2.5204954147338867,1.3722286224365234,0.05468442663550377,0.27450621128082275,0.13268323242664337,,,,,,,,,,,
873,0.15257811546325684,0.15257811546325684,MoE-sBOED,0.05096173286437988,55872,2.5322136878967285,1.3696283102035522,0.05412000045180321,0.27339503169059753,0.13261425495147705,,,,,,,,,,,
874,0.15398436784744263,0.15398436784744263,MoE-sBOED,0.05205798149108887,55936,2.4713220596313477,1.3685382604599,0.05370425805449486,0.2687224745750427,0.13262298703193665,,,,,,,,,,,
875,0.16277344524860382,0.16277344524860382,MoE-sBOED,0.05394864082336426,56000,2.4163904190063477,1.3676676750183105,0.05442521348595619,0.26427409052848816,0.13265526294708252,0.1487109375,0.06613281250000001,6,1.0248419318359014,0.046875,0.0390625,1,0.00158203125,100.0661328125,0,required
876,0.15117187798023224,0.15117187798023224,MoE-sBOED,0.05007624626159668,56064,2.5766186714172363,1.3699331283569336,0.05492725223302841,0.2662235200405121,0.1326371282339096,,,,,,,,,,,
877,0.16523437201976776,0.16523437201976776,MoE-sBOED,0.05050492286682129,56128,2.657973527908325,1.3703343868255615,0.055878136307001114,0.2621060311794281,0.1326228529214859,,,,,,,,,,,
878,0.1603125035762787,0.1603125035762787,MoE-sBOED,0.05151677131652832,56192,2.6051559448242188,1.3728049993515015,0.05979396402835846,0.26546886563301086,0.1326240450143814,,,,,,,,,,,
879,0.15925781428813934,0.15925781428813934,MoE-sBOED,0.0515589714050293,56256,2.572617530822754,1.3719873428344727,0.05767063423991203,0.27081298828125,0.13263548910617828,,,,,,,,,,,
880,0.16136717796325684,0.16136717796325684,MoE-sBOED,0.053617000579833984,56320,2.6060664653778076,1.3725947141647339,0.059466056525707245,0.27352815866470337,0.13266624510288239,,,,,,,,,,,
881,0.15855468809604645,0.15855468809604645,MoE-sBOED,0.0529024600982666,56384,2.5532748699188232,1.3729698657989502,0.06242075189948082,0.2715000808238983,0.13276372849941254,,,,,,,,,,,
882,0.15996094048023224,0.15996094048023224,MoE-sBOED,0.051548004150390625,56448,2.427558183670044,1.3725942373275757,0.06275232881307602,0.2710261940956116,0.13285797834396362,,,,,,,,,,,
883,0.16945312917232513,0.16945312917232513,MoE-sBOED,0.05222296714782715,56512,2.4107909202575684,1.3705840110778809,0.06207721680402756,0.27085965871810913,0.13289766013622284,,,,,,,,,,,
884,0.1553906351327896,0.1553906351327896,MoE-sBOED,0.05195975303649902,56576,2.509964942932129,1.373105764389038,0.06232104077935219,0.26821887493133545,0.13286808133125305,,,,,,,,,,,
885,0.1560937613248825,0.1560937613248825,MoE-sBOED,0.05139017105102539,56640,2.435011863708496,1.3701541423797607,0.05977663770318031,0.2651634216308594,0.13278770446777344,,,,,,,,,,,
886,0.16593751311302185,0.16593751311302185,MoE-sBOED,0.05165576934814453,56704,2.5081915855407715,1.3700311183929443,0.05944330245256424,0.26514574885368347,0.1327277570962906,,,,,,,,,,,
887,0.16523438692092896,0.16523438692092896,MoE-sBOED,0.0513758659362793,56768,2.4435765743255615,1.3689639568328857,0.059001266956329346,0.27148324251174927,0.13272994756698608,,,,,,,,,,,
888,0.1596093773841858,0.1596093773841858,MoE-sBOED,0.053136587142944336,56832,2.4157655239105225,1.3691067695617676,0.05853228643536568,0.27347883582115173,0.13275158405303955,,,,,,,,,,,
889,0.15574218332767487,0.15574218332767487,MoE-sBOED,0.05301046371459961,56896,2.4313910007476807,1.3708209991455078,0.05922539904713631,0.27183598279953003,0.13273124396800995,,,,,,,,,,,
890,0.16136720776557922,0.16136720776557922,MoE-sBOED,0.05176210403442383,56960,2.3820993900299072,1.3706190586090088,0.056781213730573654,0.27305421233177185,0.132703498005867,,,,,,,,,,,
891,0.15714843571186066,0.15714843571186066,MoE-sBOED,0.05281496047973633,57024,2.503251791000366,1.3736445903778076,0.058803267776966095,0.27174490690231323,0.13269469141960144,,,,,,,,,,,
892,0.15785157680511475,0.15785157680511475,MoE-sBOED,0.052073001861572266,57088,2.4570906162261963,1.3731434345245361,0.05731109902262688,0.27116549015045166,0.13273891806602478,,,,,,,,,,,
893,0.1676953136920929,0.1676953136920929,MoE-sBOED,0.05368471145629883,57152,2.420793056488037,1.3724931478500366,0.05712869390845299,0.2671852707862854,0.1327499896287918,,,,,,,,,,,
894,0.15539062023162842,0.15539062023162842,MoE-sBOED,0.05331063270568848,57216,2.4207661151885986,1.3741586208343506,0.05894332006573677,0.26174747943878174,0.13277557492256165,,,,,,,,,,,
895,0.1567968726158142,0.1567968726158142,MoE-sBOED,0.0521852970123291,57280,2.4920685291290283,1.3736923933029175,0.05790894478559494,0.26018697023391724,0.13282263278961182,,,,,,,,,,,
896,0.14976564049720764,0.14976564049720764,MoE-sBOED,0.052304744720458984,57344,2.4917571544647217,1.3758399486541748,0.05908398702740669,0.25895845890045166,0.13288860023021698,,,,,,,,,,,
897,0.16523438692092896,0.16523438692092896,MoE-sBOED,0.051302433013916016,57408,2.4896352291107178,1.3757121562957764,0.05860542133450508,0.2588210701942444,0.1329393982887268,,,,,,,,,,,
898,0.1596093773841858,0.1596093773841858,MoE-sBOED,0.051821231842041016,57472,2.5156848430633545,1.3765372037887573,0.05815393477678299,0.25776171684265137,0.132962167263031,,,,,,,,,,,
899,0.15222656726837158,0.16082032024860382,MoE-sBOED,0.05203962326049805,57536,2.461099147796631,1.3741062879562378,0.0574752502143383,0.26325398683547974,0.1329367309808731,,,,,,,,,,,
900,0.15785156190395355,0.15785156190395355,MoE-sBOED,0.05227971076965332,57600,2.580658197402954,1.376288890838623,0.05726895108819008,0.25786590576171875,0.13285858929157257,0.15275390625000002,0.050449218750000004,10,0.7181074357130092,0.078125,0.0,1,0.0,100.05044921875,0,required
901,0.1589062511920929,0.1589062511920929,MoE-sBOED,0.050092458724975586,57664,2.5260863304138184,1.374794840812683,0.05537622421979904,0.2567651867866516,0.13280481100082397,,,,,,,,,,,
902,0.17050781846046448,0.17050781846046448,MoE-sBOED,0.05021810531616211,57728,2.577962875366211,1.374321699142456,0.05574486032128334,0.26010701060295105,0.13277176022529602,,,,,,,,,,,
903,0.1662890613079071,0.1662890613079071,MoE-sBOED,0.05211186408996582,57792,2.62589693069458,1.3739646673202515,0.05674130469560623,0.26199835538864136,0.13276579976081848,,,,,,,,,,,
904,0.16347657144069672,0.16347657144069672,MoE-sBOED,0.051551103591918945,57856,2.5293970108032227,1.3715009689331055,0.052918750792741776,0.2640453577041626,0.13276128470897675,,,,,,,,,,,
905,0.1764843761920929,0.1764843761920929,MoE-sBOED,0.051505327224731445,57920,2.6899847984313965,1.3716485500335693,0.05489470437169075,0.2653476893901825,0.1327107846736908,,,,,,,,,,,
906,0.16453126072883606,0.16453126072883606,MoE-sBOED,0.0515286922454834,57984,2.6348443031311035,1.3702844381332397,0.05191962048411369,0.26432082056999207,0.13265593349933624,,,,,,,,,,,
907,0.16066406667232513,0.16066406667232513,MoE-sBOED,0.05287504196166992,58048,2.595456600189209,1.3704183101654053,0.05110754445195198,0.26520273089408875,0.13262827694416046,,,,,,,,,,,
908,0.15925779938697815,0.15925779938697815,MoE-sBOED,0.05178189277648926,58112,2.6709210872650146,1.3716896772384644,0.050880346447229385,0.2651882469654083,0.13257013261318207,,,,,,,,,,,
909,0.1655859351158142,0.1655859351158142,MoE-sBOED,0.05195355415344238,58176,2.7564773559570312,1.370179533958435,0.04950665682554245,0.26406484842300415,0.1325259953737259,,,,,,,,,,,
910,0.1648828238248825,0.1648828238248825,MoE-sBOED,0.05178356170654297,58240,2.7181663513183594,1.3712658882141113,0.04886050894856453,0.26337775588035583,0.13251440227031708,,,,,,,,,,,
911,0.15363281965255737,0.15363281965255737,MoE-sBOED,0.051722049713134766,58304,2.6779651641845703,1.371368408203125,0.04933345317840576,0.2625097632408142,0.13256800174713135,,,,,,,,,,,
912,0.15503905713558197,0.15503905713558197,MoE-sBOED,0.052019357681274414,58368,2.5849456787109375,1.3687868118286133,0.04577938839793205,0.26439040899276733,0.13259336352348328,,,,,,,,,,,
913,0.15925782918930054,0.15925782918930054,MoE-sBOED,0.053334712982177734,58432,2.586960554122925,1.3688005208969116,0.04391689598560333,0.26412272453308105,0.13254201412200928,,,,,,,,,,,
914,0.15785156190395355,0.15785156190395355,MoE-sBOED,0.05308866500854492,58496,2.7091994285583496,1.3701467514038086,0.04427909851074219,0.26406216621398926,0.13249088823795319,,,,,,,,,,,
915,0.15714843571186066,0.15714843571186066,MoE-sBOED,0.05176568031311035,58560,2.838122844696045,1.3712800741195679,0.04615458473563194,0.2675990164279938,0.13246089220046997,,,,,,,,,,,
916,0.15503907203674316,0.15503907203674316,MoE-sBOED,0.05233311653137207,58624,2.603215456008911,1.3659566640853882,0.038361936807632446,0.2680644392967224,0.13238930702209473,,,,,,,,,,,
917,0.1683984398841858,0.1683984398841858,MoE-sBOED,0.051944732666015625,58688,2.7336292266845703,1.3663305044174194,0.03747396916151047,0.2679084837436676,0.13232439756393433,,,,,,,,,,,
918,0.16066406667232513,0.16066406667232513,MoE-sBOED,0.0538632869720459,58752,2.7231593132019043,1.3647111654281616,0.03698764368891716,0.2716274559497833,0.13229140639305115,,,,,,,,,,,
919,0.16207031905651093,0.1671484410762787,MoE-sBOED,0.05262303352355957,58816,2.6723620891571045,1.361725091934204,0.035594481974840164,0.2796236276626587,0.132240429520607,,,,,,,,,,,
920,0.1603125035762787,0.1603125035762787,MoE-sBOED,0.05207014083862305,58880,2.5153443813323975,1.3585243225097656,0.032444391399621964,0.2832646369934082,0.13223299384117126,,,,,,,,,,,
921,0.15925782918930054,0.15925782918930054,MoE-sBOED,0.05361151695251465,58944,2.612675428390503,1.3575671911239624,0.032305195927619934,0.28341370820999146,0.1322546750307083,,,,,,,,,,,
922,0.15644532442092896,0.15644532442092896,MoE-sBOED,0.05309438705444336,59008,2.58847975730896,1.3593504428863525,0.0334855355322361,0.2769424319267273,0.1322888731956482,,,,,,,,,,,
923,0.15539062023162842,0.15539062023162842,MoE-sBOED,0.05232501029968262,59072,2.5809130668640137,1.358494758605957,0.033591028302907944,0.274287611246109,0.13237407803535461,,,,,,,,,,,
924,0.158203125,0.158203125,MoE-sBOED,0.05377626419067383,59136,2.6071343421936035,1.357071876525879,0.0331040620803833,0.2772228717803955,0.1324201375246048,,,,,,,,,,,
925,0.15574218332767487,0.15574218332767487,MoE-sBOED,0.05314755439758301,59200,2.569972515106201,1.3558868169784546,0.032157521694898605,0.2804398238658905,0.13241338729858398,0.15205078125000002,0.05912109374999999,4,0.7460648212604584,0.03125,0.0234375,1,0.000703125,100.05912109375,0,required
926,0.16945312917232513,0.16945312917232513,MoE-sBOED,0.0500948429107666,59264,2.57150936126709,1.3531548976898193,0.030834628269076347,0.2826583981513977,0.13239671289920807,,,,,,,,,,,
927,0.1567968726158142,0.1567968726158142,MoE-sBOED,0.050537824630737305,59328,2.655695915222168,1.3581584692001343,0.033977288752794266,0.27483320236206055,0.13237273693084717,,,,,,,,,,,
928,0.15996094048023224,0.15996094048023224,MoE-sBOED,0.05293703079223633,59392,2.65268611907959,1.3566449880599976,0.031913746148347855,0.27673473954200745,0.13234424591064453,,,,,,,,,,,
929,0.16347655653953552,0.16347655653953552,MoE-sBOED,0.05295610427856445,59456,2.6474502086639404,1.3584884405136108,0.030827287584543228,0.2726582884788513,0.13232779502868652,,,,,,,,,,,
930,0.16242188215255737,0.16242188215255737,MoE-sBOED,0.05138206481933594,59520,2.686734914779663,1.3600668907165527,0.031859852373600006,0.26739415526390076,0.1323547661304474,,,,,,,,,,,
931,0.16804687678813934,0.16804687678813934,MoE-sBOED,0.05161762237548828,59584,2.6599271297454834,1.3605115413665771,0.031187482178211212,0.2706195116043091,0.13239504396915436,,,,,,,,,,,
932,0.16171875596046448,0.16171875596046448,MoE-sBOED,0.052054643630981445,59648,2.6619577407836914,1.359378695487976,0.03234298527240753,0.2774474620819092,0.1323973536491394,,,,,,,,,,,
933,0.1655859351158142,0.1655859351158142,MoE-sBOED,0.05270671844482422,59712,2.632892370223999,1.3598006963729858,0.03178590163588524,0.2796347439289093,0.13239845633506775,,,,,,,,,,,
934,0.16347655653953552,0.16347655653953552,MoE-sBOED,0.052410125732421875,59776,2.5032148361206055,1.354628562927246,0.030585255473852158,0.2877947986125946,0.1324559450149536,,,,,,,,,,,
935,0.1669921875,0.1669921875,MoE-sBOED,0.05267643928527832,59840,2.5596134662628174,1.3547544479370117,0.03373917564749718,0.28898006677627563,0.1325289011001587,,,,,,,,,,,
936,0.16417968273162842,0.16417968273162842,MoE-sBOED,0.05304384231567383,59904,2.628904104232788,1.3564738035202026,0.03450644388794899,0.2860778570175171,0.13255254924297333,,,,,,,,,,,
937,0.1567968875169754,0.1567968875169754,MoE-sBOED,0.05182170867919922,59968,2.5637340545654297,1.3528149127960205,0.03402293473482132,0.28979232907295227,0.13260313868522644,,,,,,,,,,,
938,0.15363281965255737,0.15363281965255737,MoE-sBOED,0.0524444580078125,60032,2.44362211227417,1.3542070388793945,0.033968735486269,0.2885325253009796,0.1327042430639267,,,,,,,,,,,
939,0.1691015660762787,0.1691015660762787,MoE-sBOED,0.05293583869934082,60096,2.4557883739471436,1.3560044765472412,0.03597705438733101,0.2836834192276001,0.13276401162147522,,,,,,,,,,,
940,0.17261719703674316,0.17261719703674316,MoE-sBOED,0.05332469940185547,60160,2.585045576095581,1.3596017360687256,0.037051260471343994,0.2790932059288025,0.13276146352291107,,,,,,,,,,,
941,0.16347657144069672,0.16347657144069672,MoE-sBOED,0.05278325080871582,60224,2.6509711742401123,1.3607357740402222,0.0378636009991169,0.27254384756088257,0.13273650407791138,,,,,,,,,,,
942,0.15328124165534973,0.15328124165534973,MoE-sBOED,0.05292344093322754,60288,2.6168689727783203,1.359410047531128,0.03590258210897446,0.2733458876609802,0.13272954523563385,,,,,,,,,,,
943,0.1567968726158142,0.1567968726158142,MoE-sBOED,0.053560733795166016,60352,2.672365188598633,1.3593735694885254,0.035383861511945724,0.27015650272369385,0.13268065452575684,,,,,,,,,,,
944,0.1669921875,0.1669921875,MoE-sBOED,0.053034305572509766,60416,2.7131335735321045,1.358165979385376,0.03530733659863472,0.27141058444976807,0.13257940113544464,,,,,,,,,,,
945,0.15503907203674316,0.15503907203674316,MoE-sBOED,0.05265665054321289,60480,2.6685099601745605,1.3569611310958862,0.03383471071720123,0.27559739351272583,0.1325066089630127,,,,,,,,,,,
946,0.1515234261751175,0.1515234261751175,MoE-sBOED,0.05227231979370117,60544,2.6428394317626953,1.3538154363632202,0.03141259029507637,0.2777335047721863,0.13248074054718018,,,,,,,,,,,
947,0.16453126072883606,0.16453126072883606,MoE-sBOED,0.052063941955566406,60608,2.614649534225464,1.3567016124725342,0.0318598747253418,0.27456000447273254,0.13246357440948486,,,,,,,,,,,
948,0.1567968726158142,0.1567968726158142,MoE-sBOED,0.05144977569580078,60672,2.643178939819336,1.355405569076538,0.03297730162739754,0.27287834882736206,0.13249273598194122,,,,,,,,,,,
949,0.1596093773841858,0.1596093773841858,MoE-sBOED,0.051926612854003906,60736,2.5258283615112305,1.3503159284591675,0.031463801860809326,0.2762681245803833,0.13258354365825653,,,,,,,,,,,
950,0.16136717796325684,0.16136717796325684,MoE-sBOED,0.05191373825073242,60800,2.581242561340332,1.3537538051605225,0.03472813963890076,0.272943377494812,0.13268068432807922,0.15697265625,0.054667968750000004,3,0.6620951732455334,0.0234375,0.0,1,0.0,100.05466796875,0,required
951,0.1669921875,0.1669921875,MoE-sBOED,0.05009913444519043,60864,2.5631589889526367,1.353369116783142,0.034719355404376984,0.2720664143562317,0.1327459067106247,,,,,,,,,,,
952,0.16277343034744263,0.16277343034744263,MoE-sBOED,0.05067729949951172,60928,2.7061450481414795,1.3577450513839722,0.03758098930120468,0.27554088830947876,0.1327943652868271,,,,,,,,,,,
953,0.15398438274860382,0.15398438274860382,MoE-sBOED,0.052118539810180664,60992,2.418100357055664,1.347536563873291,0.032281771302223206,0.2824106812477112,0.13280217349529266,,,,,,,,,,,
954,0.16875001788139343,0.16875001788139343,MoE-sBOED,0.05210065841674805,61056,2.412158489227295,1.3406317234039307,0.030776428058743477,0.29439061880111694,0.13278140127658844,,,,,,,,,,,
955,0.1487109363079071,0.1487109363079071,MoE-sBOED,0.052025556564331055,61120,2.4438071250915527,1.3466991186141968,0.030154580250382423,0.2849549651145935,0.1327836513519287,,,,,,,,,,,
956,0.158203125,0.158203125,MoE-sBOED,0.0517430305480957,61184,2.5385570526123047,1.3469641208648682,0.03221694007515907,0.27683162689208984,0.1328095942735672,,,,,,,,,,,
957,0.16136719286441803,0.16136719286441803,MoE-sBOED,0.05428314208984375,61248,2.54124116897583,1.3472862243652344,0.03105921484529972,0.27368852496147156,0.13284333050251007,,,,,,,,,,,
958,0.16207030415534973,0.1671484410762787,MoE-sBOED,0.06239938735961914,61312,2.5320751667022705,1.3501728773117065,0.033289436250925064,0.28326416015625,0.13291537761688232,,,,,,,,,,,
959,0.15292969346046448,0.15292969346046448,MoE-sBOED,0.05498981475830078,61376,2.3804514408111572,1.3441007137298584,0.028841253370046616,0.2840082049369812,0.13298553228378296,,,,,,,,,,,
960,0.15398436784744263,0.15398436784744263,MoE-sBOED,0.05315351486206055,61440,2.3518290519714355,1.3450263738632202,0.028429575264453888,0.2870168089866638,0.1330023556947708,,,,,,,,,,,
961,0.158203125,0.158203125,MoE-sBOED,0.05092191696166992,61504,2.3700056076049805,1.3475432395935059,0.027813822031021118,0.28835222125053406,0.1329876184463501,,,,,,,,,,,
962,0.16875001788139343,0.16875001788139343,MoE-sBOED,0.05219435691833496,61568,2.391188144683838,1.349482536315918,0.02711123786866665,0.2882779538631439,0.13292501866817474,,,,,,,,,,,
963,0.16347657144069672,0.16347657144069672,MoE-sBOED,0.05336260795593262,61632,2.4921505451202393,1.3532171249389648,0.027716396376490593,0.28732311725616455,0.1328383982181549,,,,,,,,,,,
964,0.15363281965255737,0.15363281965255737,MoE-sBOED,0.052672386169433594,61696,2.4380440711975098,1.3518952131271362,0.026403989642858505,0.28459569811820984,0.13280314207077026,,,,,,,,,,,
965,0.17015625536441803,0.17015625536441803,MoE-sBOED,0.05309867858886719,61760,2.3505501747131348,1.3476738929748535,0.02591000683605671,0.2823767066001892,0.13286419212818146,,,,,,,,,,,
966,0.1603125035762787,0.1603125035762787,MoE-sBOED,0.052411794662475586,61824,2.2843823432922363,1.3461273908615112,0.024903902783989906,0.2911369502544403,0.13298186659812927,,,,,,,,,,,
967,0.16066406667232513,0.16066406667232513,MoE-sBOED,0.05183243751525879,61888,2.2088747024536133,1.3420203924179077,0.02496602199971676,0.29813849925994873,0.13309246301651,,,,,,,,,,,
968,0.15855470299720764,0.15855470299720764,MoE-sBOED,0.051918745040893555,61952,2.124549388885498,1.338679552078247,0.024575471878051758,0.3069117069244385,0.1331097036600113,,,,,,,,,,,
969,0.158203125,0.158203125,MoE-sBOED,0.05406451225280762,62016,2.1638941764831543,1.3385708332061768,0.024871230125427246,0.3132619857788086,0.13305425643920898,,,,,,,,,,,
970,0.15785156190395355,0.15785156190395355,MoE-sBOED,0.05314326286315918,62080,2.227158308029175,1.3410038948059082,0.026427818462252617,0.3157591223716736,0.13296470046043396,,,,,,,,,,,
971,0.16312500834465027,0.16312500834465027,MoE-sBOED,0.05212259292602539,62144,2.275510787963867,1.3429594039916992,0.025751424953341484,0.30547255277633667,0.13288433849811554,,,,,,,,,,,
972,0.16207031905651093,0.16207031905651093,MoE-sBOED,0.052420616149902344,62208,2.3226401805877686,1.346543312072754,0.02600281871855259,0.29676926136016846,0.1328127086162567,,,,,,,,,,,
973,0.16734376549720764,0.16734376549720764,MoE-sBOED,0.052597761154174805,62272,2.3291280269622803,1.3470289707183838,0.02578037604689598,0.28933894634246826,0.13277597725391388,,,,,,,,,,,
974,0.15714843571186066,0.15714843571186066,MoE-sBOED,0.051595449447631836,62336,2.2597768306732178,1.344794511795044,0.024951813742518425,0.28631576895713806,0.13277192413806915,,,,,,,,,,,
975,0.15714845061302185,0.15714845061302185,MoE-sBOED,0.05251359939575195,62400,2.2441322803497314,1.3439936637878418,0.02649819292128086,0.28760161995887756,0.13282351195812225,0.15310546875,0.05841796875,2,0.08048483706800685,0.015625,0.0234375,1,0.0005273437499999998,100.05841796875,0,required
976,0.15433594584465027,0.15433594584465027,MoE-sBOED,0.05114150047302246,62464,2.251404285430908,1.3440399169921875,0.02624177373945713,0.2830897271633148,0.1328437626361847,,,,,,,,,,,
977,0.15292969346046448,0.15292969346046448,MoE-sBOED,0.052130937576293945,62528,2.3310627937316895,1.3462103605270386,0.02741851471364498,0.27783796191215515,0.13282370567321777,,,,,,,,,,,
978,0.15503907203674316,0.15503907203674316,MoE-sBOED,0.05165266990661621,62592,2.3214473724365234,1.348718523979187,0.02713799476623535,0.278264582157135,0.13283295929431915,,,,,,,,,,,
979,0.15468749403953552,0.15468749403953552,MoE-sBOED,0.053105831146240234,62656,2.5057249069213867,1.3529367446899414,0.029674328863620758,0.27821511030197144,0.13281004130840302,,,,,,,,,,,
980,0.16312500834465027,0.16312500834465027,MoE-sBOED,0.05275082588195801,62720,2.4126014709472656,1.3543370962142944,0.027175869792699814,0.26887086033821106,0.13276530802249908,,,,,,,,,,,
981,0.15785156190395355,0.15785156190395355,MoE-sBOED,0.053159236907958984,62784,2.561495304107666,1.3579614162445068,0.02776593156158924,0.2640478014945984,0.13272014260292053,,,,,,,,,,,
982,0.1655859500169754,0.1655859500169754,MoE-sBOED,0.05272316932678223,62848,2.6613497734069824,1.3603713512420654,0.02821129560470581,0.26362890005111694,0.13268810510635376,,,,,,,,,,,
983,0.16417968273162842,0.16417968273162842,MoE-sBOED,0.05299711227416992,62912,2.726043224334717,1.3635276556015015,0.030926624312996864,0.26486730575561523,0.13268400728702545,,,,,,,,,,,
984,0.1655859500169754,0.1655859500169754,MoE-sBOED,0.053124427795410156,62976,2.5873820781707764,1.360898733139038,0.03195422142744064,0.2702714800834656,0.13272584974765778,,,,,,,,,,,
985,0.15996092557907104,0.15996092557907104,MoE-sBOED,0.05090761184692383,63040,2.546684741973877,1.3613914251327515,0.03328468278050423,0.2655733525753021,0.1328151375055313,,,,,,,,,,,
986,0.15468750894069672,0.15468750894069672,MoE-sBOED,0.051735877990722656,63104,2.600271701812744,1.3643158674240112,0.036069050431251526,0.26663073897361755,0.13291798532009125,,,,,,,,,,,
987,0.16066406667232513,0.16925781965255737,MoE-sBOED,0.05375862121582031,63168,2.310001850128174,1.3623360395431519,0.033638808876276016,0.2674931287765503,0.13303060829639435,,,,,,,,,,,
988,0.15363281965255737,0.15363281965255737,MoE-sBOED,0.052582502365112305,63232,2.3123409748077393,1.363110899925232,0.03421958163380623,0.27451369166374207,0.13315443694591522,,,,,,,,,,,
989,0.15925782918930054,0.15925782918930054,MoE-sBOED,0.050600528717041016,63296,2.2056312561035156,1.3617455959320068,0.03345602750778198,0.284768670797348,0.13325849175453186,,,,,,,,,,,
990,0.16980469226837158,0.16980469226837158,MoE-sBOED,0.05262017250061035,63360,2.331336498260498,1.3626558780670166,0.033243320882320404,0.2916640341281891,0.1333017349243164,,,,,,,,,,,
991,0.1560937464237213,0.1560937464237213,MoE-sBOED,0.08096766471862793,63424,2.4191250801086426,1.3643879890441895,0.03397247940301895,0.29860490560531616,0.13330085575580597,,,,,,,,,,,
992,0.1560937464237213,0.1560937464237213,MoE-sBOED,0.07236909866333008,63488,2.480710029602051,1.365351676940918,0.03466902673244476,0.3075808882713318,0.13326367735862732,,,,,,,,,,,
993,0.16207030415534973,0.16207030415534973,MoE-sBOED,0.05469632148742676,63552,2.583214521408081,1.3656198978424072,0.03281799703836441,0.3057231605052948,0.13316941261291504,,,,,,,,,,,
994,0.15714845061302185,0.15714845061302185,MoE-sBOED,0.05329012870788574,63616,2.5740084648132324,1.3649523258209229,0.031959909945726395,0.31290876865386963,0.13312652707099915,,,,,,,,,,,
995,0.1655859351158142,0.17066407203674316,MoE-sBOED,0.05109739303588867,63680,2.5883452892303467,1.3635053634643555,0.03323556110262871,0.3201698064804077,0.13319168984889984,,,,,,,,,,,
996,0.1662890613079071,0.1662890613079071,MoE-sBOED,0.05170893669128418,63744,2.8202991485595703,1.3611767292022705,0.036989305168390274,0.32940685749053955,0.1332748383283615,,,,,,,,,,,
997,0.15925782918930054,0.15925782918930054,MoE-sBOED,0.05201101303100586,63808,2.5440170764923096,1.3567713499069214,0.03443356975913048,0.33672958612442017,0.1333727389574051,,,,,,,,,,,
998,0.17121092975139618,0.17121092975139618,MoE-sBOED,0.05311322212219238,63872,2.4568400382995605,1.358784556388855,0.033957019448280334,0.326641321182251,0.13347864151000977,,,,,,,,,,,
999,0.16136719286441803,0.16136719286441803,MoE-sBOED,0.052802324295043945,63936,2.3351991176605225,1.3605318069458008,0.03413882851600647,0.3149217665195465,0.13357603549957275,,,,,,,,,,,
1000,0.16382813453674316,0.16382813453674316,MoE-sBOED,0.05117988586425781,64000,2.284773588180542,1.3612345457077026,0.036001648753881454,0.3072851300239563,0.13369102776050568,0.14853515625000002,0.05384765625,1,-0.0,0.0078125,0.0234375,1,0.0005273437500000003,100.05384765625,0,required
