system,seed,epoch,train_mean_u_ctrl,validation_mean_u_ctrl,validation_safety,best_validation_mean_u_ctrl,policy_entropy,entropy_t1,entropy_t2,entropy_t3,entropy_coefficient,gradient_norm,gradient_norm_max,policy_gradient_norm,policy_gradient_norm_max,clipping_events,advantage_mean,advantage_std,unique_sequences,dominant_sequence,dominant_sequence_fraction,terminal_cost_unique_count,terminal_cost_modal_fraction,terminal_cost_tied_fraction,potential_telescope_max_error,loss
ieee5,404,0,0.8692307692307691,0.8833333333333333,1.0,0.8833333333333333,3.365034818649292,3.39981746673584,3.3651747703552246,3.3301122188568115,0.0025,0.16404684207269124,0.45282652974128723,0.16404684633016586,0.4528265595436096,0,-0.1464467768987211,0.23562006414354258,52,11 14 5,0.019230769230769232,3.5714285714285716,0.48214285714285715,0.7678571428571429,0.0,-1.3747118623661143
ieee5,404,1,0.8615384615384615,,,0.8833333333333333,3.3649353981018066,3.3998148441314697,3.3650283813476562,3.3299641609191895,0.0025,0.0861030098583017,0.11225039511919022,0.08610300666519574,0.11225039511919022,0,-0.005178141694229383,0.11128180612376522,52,18 2 10,0.019230769230769232,3.4285714285714284,0.42857142857142855,0.8035714285714286,0.0,-0.06250031186001641
ieee5,404,2,0.8576923076923075,,,0.8833333333333333,3.364544153213501,3.3998003005981445,3.364455223083496,3.329375982284546,0.0025,0.0830962945308004,0.10988176614046097,0.08309629346643176,0.10988176614046097,0,0.0016593243568562544,0.11277517323083029,52,7 26 22,0.019230769230769232,3.857142857142857,0.375,0.7857142857142857,0.0,-0.038347273000649044
ieee5,404,3,0.8884615384615384,,,0.8833333333333333,3.3642444610595703,3.3997976779937744,3.3639986515045166,3.3289387226104736,0.0025,0.08147736319473811,0.11603295058012009,0.08147736585565976,0.11603295803070068,0,-0.008264867284406837,0.11021443590042151,51,12 2 0,0.038461538461538464,3.5714285714285716,0.48214285714285715,0.8035714285714286,0.0,-0.11048898526600429
ieee5,404,4,0.8576923076923078,,,0.8833333333333333,3.3640027046203613,3.399792194366455,3.3636128902435303,3.3286027908325195,0.0025,0.1027408880846841,0.1788392961025238,0.10274088755249977,0.1788392812013626,0,0.008725016395776318,0.11993046771397871,52,28 13 0,0.019230769230769232,3.857142857142857,0.5357142857142857,0.7142857142857143,0.0,-0.03735661187342235
ieee5,404,5,0.8596153846153847,0.8916666666666667,1.0,0.8833333333333333,3.363909959793091,3.399808168411255,3.363467216491699,3.32845401763916,0.0025,0.1000844378556524,0.1196373999118805,0.1000844378556524,0.1196373999118805,0,0.00502234475257305,0.1220691153308501,52,14 8 28,0.019230769230769232,3.857142857142857,0.44642857142857145,0.7321428571428571,0.0,0.07656705565750599
ieee5,404,6,0.8634615384615386,,,0.8833333333333333,3.3638672828674316,3.399815559387207,3.3634021282196045,3.3283841609954834,0.0025,0.08600788190960884,0.1162303164601326,0.08600788084524018,0.1162303239107132,0,-0.00588648091070354,0.11612754029410763,52,19 20 16,0.019230769230769232,3.7142857142857144,0.44642857142857145,0.7857142857142857,0.0,-0.08051920203225953
ieee5,404,7,0.8153846153846154,,,0.8833333333333333,3.363337516784668,3.3998048305511475,3.362687349319458,3.3275210857391357,0.0025,0.10348231238978249,0.1203407496213913,0.10348231132541384,0.1203407421708107,0,0.013450447756510515,0.1316785815627336,52,28 17 14,0.019230769230769232,4.285714285714286,0.42857142857142855,0.7142857142857143,0.0,0.1336847022175789
ieee5,404,8,0.8576923076923078,,,0.8833333333333333,3.3628015518188477,3.3997979164123535,3.361870288848877,3.326737642288208,0.0025,0.10162580332585744,0.1763644814491272,0.1016258065189634,0.1763644963502884,0,-0.008163143683654757,0.11223637741080782,52,15 22 24,0.019230769230769232,3.857142857142857,0.5178571428571429,0.6964285714285714,0.0,-0.05098595017833369
ieee5,404,9,0.851923076923077,,,0.8833333333333333,3.362424850463867,3.3997914791107178,3.3612072467803955,3.3262760639190674,0.0025,0.09647989166634423,0.14431633055210114,0.09647988847323827,0.14431633055210114,0,-0.004887883515598683,0.11527222781956736,52,23 22 13,0.019230769230769232,4.0,0.44642857142857145,0.75,0.0,-0.12785807917160646
ieee5,404,10,0.8653846153846154,0.8583333333333334,1.0,0.8583333333333334,3.3616175651550293,3.3997979164123535,3.360079765319824,3.324974536895752,0.0025,0.09026396168129784,0.12303256243467331,0.09026396168129784,0.12303256243467331,0,-0.005725234648427711,0.10953700083422628,52,8 13 29,0.019230769230769232,3.857142857142857,0.4642857142857143,0.7142857142857143,0.0,-0.0782983728817531
ieee5,404,11,0.8365384615384616,,,0.8583333333333334,3.360870361328125,3.399822235107422,3.3589041233062744,3.323885440826416,0.0025,0.1047214897615569,0.12910966575145721,0.10472149189029421,0.12910966575145721,0,0.005095922607534493,0.13160092941522047,52,9 6 11,0.019230769230769232,3.5714285714285716,0.4107142857142857,0.8214285714285714,0.0,0.026055978877203807
ieee5,404,12,0.851923076923077,,,0.8583333333333334,3.360460042953491,3.399844169616699,3.3582048416137695,3.323331117630005,0.0025,0.09440056873219353,0.1309589445590973,0.09440056873219353,0.1309589445590973,0,0.002534730485282265,0.11544878466604426,52,22 3 8,0.019230769230769232,4.285714285714286,0.4107142857142857,0.625,0.0,0.00526204492364611
ieee5,404,13,0.8576923076923075,,,0.8583333333333334,3.3602068424224854,3.3998560905456543,3.3578200340270996,3.3229432106018066,0.0025,0.11183219935212817,0.1606203317642212,0.11183220041649682,0.1606203317642212,0,-0.0010114496466345512,0.1327555251393304,52,23 28 9,0.019230769230769232,3.7142857142857144,0.44642857142857145,0.7678571428571429,0.0,-0.051416508587343354
ieee5,404,14,0.8557692307692307,,,0.8583333333333334,3.358034610748291,3.399838924407959,3.35477352142334,3.319490671157837,0.0025,0.10799701192549296,0.17776060104370117,0.10799701192549296,0.17776061594486237,0,0.007565452309790999,0.11881063876353361,52,3 23 5,0.019230769230769232,3.7142857142857144,0.4642857142857143,0.7857142857142857,0.0,0.11909667721816472
ieee5,404,15,0.8634615384615384,0.875,1.0,0.8583333333333334,3.3539979457855225,3.399808168411255,3.348472833633423,3.3137142658233643,0.0025,0.1168106272816658,0.1658003181219101,0.11681062941040311,0.1658003181219101,0,-0.010396132245659828,0.12419567765071729,52,1 8 13,0.019230769230769232,4.142857142857143,0.44642857142857145,0.6071428571428571,0.0,-0.10716641055686134
ieee5,404,16,0.8596153846153846,,,0.8583333333333334,3.350882053375244,3.3997890949249268,3.3439416885375977,3.308915376663208,0.0025,0.12893837796790258,0.21496450901031494,0.12893837796790258,0.21496452391147614,0,0.004964969873141784,0.12663614213034294,52,16 10 29,0.019230769230769232,4.0,0.375,0.6607142857142857,0.0,0.0367196761071682
ieee5,404,17,0.8711538461538461,,,0.8583333333333334,3.3485827445983887,3.3997979164123535,3.339801788330078,3.3061482906341553,0.0025,0.12268275341817311,0.18852712213993073,0.12268275448254176,0.18852710723876953,0,-0.0035739810101893875,0.11671688970834486,52,3 26 17,0.019230769230769232,3.5714285714285716,0.42857142857142855,0.8035714285714286,0.0,0.017450418855462755
ieee5,404,18,0.8461538461538461,,,0.8583333333333334,3.3500142097473145,3.399822473526001,3.342406749725342,3.307813882827759,0.0025,0.11647160457713264,0.1489136517047882,0.11647160670586995,0.1489136517047882,0,-0.0008294392341318039,0.12177429651580994,52,19 1 5,0.019230769230769232,3.857142857142857,0.42857142857142855,0.8035714285714286,0.0,-0.09478189689772469
ieee5,404,19,0.8576923076923078,,,0.8583333333333334,3.351911783218384,3.399843454360962,3.3451473712921143,3.3107457160949707,0.0025,0.11714043840765953,0.2051408737897873,0.11714043840765953,0.2051408737897873,0,0.008071580335336666,0.11603091582284046,52,18 11 9,0.019230769230769232,3.5714285714285716,0.5178571428571429,0.7857142857142857,0.0,0.11143051353948456
ieee5,404,20,0.8692307692307691,0.8583333333333334,1.0,0.8583333333333334,3.3503901958465576,3.39985990524292,3.343395471572876,3.3079159259796143,0.0025,0.1025110621537481,0.1302623301744461,0.10251106108937945,0.1302623301744461,0,-0.01337595773824992,0.10931096398189047,52,7 23 18,0.019230769230769232,3.5714285714285716,0.42857142857142855,0.8392857142857143,0.0,-0.17622443395001547
ieee5,404,21,0.8596153846153848,,,0.8583333333333334,3.345815896987915,3.399868965148926,3.335789203643799,3.3017895221710205,0.0025,0.12415831536054611,0.2421300709247589,0.12415831855365209,0.2421300858259201,0,0.011119265440636529,0.11794254352056457,52,2 18 25,0.019230769230769232,3.4285714285714284,0.4642857142857143,0.8392857142857143,0.0,0.08872343972325325
ieee5,404,22,0.848076923076923,,,0.8583333333333334,3.3382482528686523,3.3998682498931885,3.3242709636688232,3.290604829788208,0.0025,0.12503685802221298,0.18563489615917206,0.1250368601509503,0.18563489615917206,0,0.0035515388724609064,0.11230664086234757,52,11 14 25,0.019230769230769232,3.857142857142857,0.44642857142857145,0.75,0.0,0.044284072039382796
ieee5,404,23,0.8442307692307692,,,0.8583333333333334,3.33168625831604,3.3998708724975586,3.3135275840759277,3.2816598415374756,0.0025,0.14977867156267166,0.25848907232284546,0.1497786726270403,0.25848907232284546,0,-0.007129799305962829,0.12714340646265895,52,20 26 21,0.019230769230769232,3.857142857142857,0.42857142857142855,0.7678571428571429,0.0,-0.10621100451265063
ieee5,404,24,0.8634615384615386,,,0.8583333333333334,3.302175760269165,3.399876832962036,3.2677628993988037,3.2388863563537598,0.0025,0.17043889313936234,0.2823791801929474,0.17043889313936234,0.2823791801929474,0,0.0026828468992159916,0.1332527017288702,52,7 1 3,0.019230769230769232,4.0,0.44642857142857145,0.6607142857142857,0.0,0.040285125374794006
ieee5,404,25,0.8615384615384616,0.8583333333333334,1.0,0.8583333333333334,3.26401686668396,3.399872303009033,3.2098677158355713,3.1823108196258545,0.0025,0.19164163512842997,0.2861039340496063,0.1916416340640613,0.2861039340496063,0,-0.0014573888262160695,0.11378273103328015,52,26 29 16,0.019230769230769232,3.4285714285714284,0.5,0.7857142857142857,0.0,0.019813595605748042
ieee5,404,26,0.8384615384615386,,,0.8583333333333334,3.286992311477661,3.3998818397521973,3.2419354915618896,3.219160318374634,0.0025,0.16309580419744765,0.28457286953926086,0.16309580419744765,0.28457286953926086,0,0.008833615225739777,0.12449070777683681,52,3 17 26,0.019230769230769232,3.5714285714285716,0.44642857142857145,0.7857142857142857,0.0,0.07451562583446503
ieee5,404,27,0.8576923076923078,,,0.8583333333333334,3.287767171859741,3.3998892307281494,3.2465784549713135,3.2168328762054443,0.0025,0.1340655673827444,0.22700558602809906,0.1340655663183757,0.22700558602809906,0,-0.00782768763243579,0.10737377683109767,52,2 18 7,0.019230769230769232,3.7142857142857144,0.39285714285714285,0.75,0.0,-0.09745386562177114
ieee5,404,28,0.8673076923076923,,,0.8583333333333334,3.288424015045166,3.39987850189209,3.2437634468078613,3.221630096435547,0.0025,0.1419670996921403,0.19323378801345825,0.14196710182087763,0.19323380291461945,0,-0.003639788366854191,0.10748185477851359,52,2 3 21,0.019230769230769232,4.0,0.39285714285714285,0.6785714285714286,0.0,-0.03580126166343689
ieee5,404,29,0.8653846153846154,,,0.8583333333333334,3.3087165355682373,3.399864673614502,3.2822837829589844,3.2439992427825928,0.0025,0.15471284623656953,0.2060903161764145,0.15471284410783223,0.2060903161764145,0,-0.004806329532024952,0.12237953735316531,52,13 28 10,0.019230769230769232,3.7142857142857144,0.5,0.7857142857142857,0.0,-0.09687158199293273
ieee5,404,30,0.8538461538461538,0.8583333333333335,1.0,0.8583333333333334,3.314913272857666,3.399838924407959,3.28743839263916,3.257462501525879,0.0025,0.14098514297178813,0.23954565823078156,0.14098514297178813,0.23954565823078156,0,0.009071716376078816,0.12294593836566026,52,8 6 7,0.019230769230769232,4.0,0.39285714285714285,0.7142857142857143,0.0,0.05623319452362401
ieee5,404,31,0.8346153846153845,,,0.8583333333333334,3.3138880729675293,3.399811267852783,3.284801483154297,3.2570507526397705,0.0025,0.15435628592967987,0.2246926873922348,0.1543562827365739,0.2246926873922348,0,-0.0001618817153100211,0.12717909291339183,52,2 25 23,0.019230769230769232,4.428571428571429,0.35714285714285715,0.625,0.0,0.002998701163700649
ieee5,404,32,0.8884615384615385,,,0.8583333333333334,3.3251936435699463,3.3997952938079834,3.30433988571167,3.2714476585388184,0.0025,0.10705326497554779,0.1985136866569519,0.10705326816865376,0.1985136866569519,0,0.005634303195760227,0.10041125996917556,52,28 8 6,0.019230769230769232,3.2857142857142856,0.5357142857142857,0.8035714285714286,0.0,0.06670224453721728
ieee5,404,33,0.8403846153846156,,,0.8583333333333334,3.3278565406799316,3.3997979164123535,3.308960199356079,3.274811267852783,0.0025,0.1510069285120283,0.21475473046302795,0.15100693276950292,0.21475473046302795,0,-0.00722648579483995,0.1331482841332667,52,24 29 9,0.019230769230769232,3.7142857142857144,0.4642857142857143,0.7678571428571429,0.0,-0.07257643820984024
ieee5,404,34,0.8615384615384616,,,0.8583333333333334,3.3175981044769287,3.3998093605041504,3.291733741760254,3.261251211166382,0.0025,0.10069426468440465,0.16661690175533295,0.10069426468440465,0.16661690175533295,0,0.004828368060631105,0.09334687179021779,52,2 24 3,0.019230769230769232,3.0,0.5357142857142857,0.8928571428571429,0.0,0.08766610388244901
ieee5,404,35,0.8692307692307693,0.875,1.0,0.8583333333333334,3.3113582134246826,3.3998196125030518,3.2813336849212646,3.2529220581054688,0.0025,0.18752890399524144,0.31924182176589966,0.18752890612397874,0.31924182176589966,0,-0.004126703939758814,0.14266757303469702,52,12 0 11,0.019230769230769232,3.4285714285714284,0.42857142857142855,0.7857142857142857,0.0,-0.02022285120827811
ieee5,404,36,0.8846153846153846,,,0.8583333333333334,3.3172197341918945,3.3998239040374756,3.291160821914673,3.2606730461120605,0.0025,0.12158973515033722,0.16371272504329681,0.1215897383434432,0.16371272504329681,0,-0.006852107971029069,0.11198292419947664,51,6 7 19,0.038461538461538464,3.7142857142857144,0.5178571428571429,0.7678571428571429,0.0,-0.10738072890256133
ieee5,404,37,0.8807692307692309,,,0.8583333333333334,3.332270622253418,3.3998312950134277,3.3157145977020264,3.2812647819519043,0.0025,0.127227854515825,0.17645959556102753,0.12722785025835037,0.17645958065986633,0,0.0010454109601246624,0.1198684390457262,52,4 25 6,0.019230769230769232,3.7142857142857144,0.48214285714285715,0.7321428571428571,0.0,-0.03267256995396955
ieee5,404,38,0.8692307692307691,,,0.8583333333333334,3.335345506668091,3.39982008934021,3.320359945297241,3.285855531692505,0.0025,0.10918416827917099,0.13552413880825043,0.1091841704079083,0.13552413880825043,0,-0.0019842289867973216,0.12118466868741343,52,7 16 8,0.019230769230769232,3.857142857142857,0.48214285714285715,0.75,0.0,-0.06267151050269604
ieee5,404,39,0.8442307692307691,,,0.8583333333333334,3.339463472366333,3.3997981548309326,3.3254599571228027,3.2931342124938965,0.0025,0.12628531136683055,0.16701966524124146,0.12628531136683055,0.16701965034008026,0,0.0036503903415555563,0.12902491648379577,52,29 15 27,0.019230769230769232,3.7142857142857144,0.5,0.75,0.0,0.02168116212955543
ieee5,404,40,0.8807692307692309,0.8999999999999999,1.0,0.8583333333333334,3.348729133605957,3.3997843265533447,3.340390205383301,3.30601167678833,0.0025,0.1067098964537893,0.13276048004627228,0.10670989432505198,0.13276048004627228,0,-0.0052447305374348965,0.1191610404699101,52,6 7 23,0.019230769230769232,3.5714285714285716,0.44642857142857145,0.8214285714285714,0.0,-0.13409564324787684
ieee5,404,41,0.8692307692307693,,,0.8583333333333334,3.3494157791137695,3.3997769355773926,3.340986967086792,3.307483673095703,0.0025,0.11307543516159058,0.20366224646568298,0.1130754319684846,0.2036622315645218,0,0.00679687578499747,0.11960128075257764,52,12 0 28,0.019230769230769232,3.5714285714285716,0.4642857142857143,0.7142857142857143,0.0,0.10803319380751678
ieee5,404,42,0.8846153846153846,,,0.8583333333333334,3.351134777069092,3.3997602462768555,3.343994379043579,3.3096508979797363,0.0025,0.08917170017957687,0.11632977426052094,0.08917169911520821,0.11632977426052094,0,-0.004510040662493198,0.10731766617325021,52,12 8 17,0.019230769230769232,3.7142857142857144,0.4107142857142857,0.7678571428571429,0.0,-0.10463570271219526
ieee5,404,43,0.8480769230769233,,,0.8583333333333334,3.3493690490722656,3.3997316360473633,3.3411803245544434,3.307197332382202,0.0025,0.11965966437544141,0.1551167219877243,0.11965966650417872,0.1551167219877243,0,0.0078336280466129,0.12651569078244848,52,16 20 4,0.019230769230769232,3.7142857142857144,0.44642857142857145,0.7678571428571429,0.0,0.07096317623342786
ieee5,404,44,0.8711538461538461,,,0.8583333333333334,3.3424530029296875,3.3996973037719727,3.3309645652770996,3.296696901321411,0.0025,0.11832583163465772,0.19730384647846222,0.11832583057028907,0.19730384647846222,0,0.002010450100687404,0.11250556888577239,52,2 14 0,0.019230769230769232,3.857142857142857,0.4107142857142857,0.6964285714285714,0.0,0.01138006363596235
ieee5,404,45,0.8692307692307691,0.8999999999999999,1.0,0.8583333333333334,3.3344013690948486,3.3996737003326416,3.318258047103882,3.2852728366851807,0.0025,0.10779008269309998,0.13483847677707672,0.10779008269309998,0.13483847677707672,0,-0.005886944351144708,0.12229989101773936,52,9 18 4,0.019230769230769232,3.5714285714285716,0.5,0.7321428571428571,0.0,-0.07979396358132362
ieee5,404,46,0.8519230769230769,,,0.8583333333333334,3.3332104682922363,3.39965558052063,3.3152413368225098,3.2847328186035156,0.0025,0.14009667294366018,0.21621951460838318,0.14009666655744826,0.21621949970722198,0,0.007261925090390902,0.12881285932597622,52,14 16 1,0.019230769230769232,3.857142857142857,0.4642857142857143,0.7321428571428571,0.0,0.1188645288348198
ieee5,404,47,0.8653846153846152,,,0.8583333333333334,3.329648494720459,3.3996362686157227,3.3119685649871826,3.2773401737213135,0.0025,0.13155511340924672,0.24972306191921234,0.13155511234487807,0.24972306191921234,0,-0.0003859273946055999,0.12757689766003877,52,3 28 19,0.019230769230769232,3.5714285714285716,0.4642857142857143,0.75,0.0,0.06293207513434547
ieee5,404,48,0.8173076923076923,,,0.8583333333333334,3.32735538482666,3.399623394012451,3.3067898750305176,3.2756526470184326,0.0025,0.12477580564362663,0.19001592695713043,0.12477580457925797,0.19001592695713043,0,-0.00011687346089344758,0.12458497790579286,52,11 0 27,0.019230769230769232,3.5714285714285716,0.4107142857142857,0.75,0.0,0.01723671385220119
ieee5,404,49,0.8346153846153845,,,0.8583333333333334,3.329254627227783,3.399616241455078,3.3074097633361816,3.2807364463806152,0.0025,0.14221724761383875,0.1953168660402298,0.14221724442073277,0.1953168660402298,0,5.182071586554789e-05,0.12676495284008563,52,15 8 29,0.019230769230769232,4.0,0.4107142857142857,0.7678571428571429,0.0,-0.08370945336563247
ieee5,404,50,0.8519230769230769,0.8916666666666666,1.0,0.8583333333333334,3.324009418487549,3.3996031284332275,3.300241708755493,3.2721829414367676,0.0025,0.14895730784961156,0.22722579538822174,0.14895730784961156,0.22722578048706055,0,-0.0009596972869565854,0.14017022812984636,52,27 24 4,0.019230769230769232,3.2857142857142856,0.5178571428571429,0.8035714285714286,0.0,-0.10077009669372014
ieee5,404,51,0.8384615384615385,,,0.8583333333333334,3.310590982437134,3.399585247039795,3.282797336578369,3.2493908405303955,0.0025,0.1488922302212034,0.24610160291194916,0.1488922302212034,0.24610160291194916,0,-0.0016163616942671628,0.1317000834572098,52,5 15 14,0.019230769230769232,3.857142857142857,0.4107142857142857,0.7678571428571429,0.0,-0.062140358079757006
ieee5,404,52,0.8634615384615383,,,0.8583333333333334,3.3024346828460693,3.3995554447174072,3.2707715034484863,3.236976385116577,0.0025,0.1335705571940967,0.16036826372146606,0.1335705550653594,0.16036826372146606,0,-0.006638498484300306,0.11436829362097173,52,13 26 21,0.019230769230769232,4.142857142857143,0.4107142857142857,0.7142857142857143,0.0,-0.09170553434107985
ieee5,404,53,0.8576923076923078,,,0.8583333333333334,3.2875139713287354,3.3995282649993896,3.2446329593658447,3.218380928039551,0.0025,0.15062155787433898,0.3201844096183777,0.1506215568099703,0.3201844096183777,0,0.014496652796739139,0.11551687736176117,52,2 16 19,0.019230769230769232,3.5714285714285716,0.44642857142857145,0.8392857142857143,0.0,0.22314875147172383
ieee5,404,54,0.8403846153846154,,,0.8583333333333334,3.283663511276245,3.399502754211426,3.238537311553955,3.2129502296447754,0.0025,0.12830340330089843,0.17122982442378998,0.12830340223652975,0.17122982442378998,0,-0.0020941965261814543,0.11576828443057136,52,14 29 6,0.019230769230769232,4.142857142857143,0.4107142857142857,0.7142857142857143,0.0,-0.035220781341195107
ieee5,404,55,0.8442307692307692,0.8916666666666666,1.0,0.8583333333333334,3.272228240966797,3.3994855880737305,3.2179923057556152,3.1992061138153076,0.0025,0.16484570716108596,0.20516298711299896,0.1648457103541919,0.20516298711299896,0,-0.0031278617344259354,0.13102955801723312,52,15 21 9,0.019230769230769232,3.7142857142857144,0.39285714285714285,0.7321428571428571,0.0,-0.06300092009561402
ieee5,404,56,0.8423076923076922,,,0.8583333333333334,3.291428804397583,3.3994991779327393,3.2564826011657715,3.21830415725708,0.0025,0.14498603769711085,0.21368907392024994,0.1449860366327422,0.21368907392024994,0,-0.004550780393541432,0.12465327717928876,52,13 16 6,0.019230769230769232,3.857142857142857,0.44642857142857145,0.7678571428571429,0.0,-0.1455414348414966
ieee5,404,57,0.8769230769230769,,,0.8583333333333334,3.2857232093811035,3.399514675140381,3.2421860694885254,3.2154691219329834,0.0025,0.14353465288877487,0.24867627024650574,0.14353465182440622,0.24867627024650574,0,-0.007093652373161883,0.12307726250690489,52,4 11 20,0.019230769230769232,3.0,0.5,0.8928571428571429,0.0,-0.09128893432872635
ieee5,404,58,0.8442307692307692,,,0.8583333333333334,3.2694149017333984,3.3995184898376465,3.211207866668701,3.197518825531006,0.0025,0.1746303950037275,0.24001717567443848,0.1746303907462529,0.24001716077327728,0,0.0047255064396617506,0.13477372677482063,52,4 28 0,0.019230769230769232,4.0,0.42857142857142855,0.75,0.0,-0.07267232558556966
ieee5,404,59,0.8557692307692306,,,0.8583333333333334,3.2542567253112793,3.39951491355896,3.187910318374634,3.175344228744507,0.0025,0.16101964669568197,0.2035100907087326,0.1610196509531566,0.2035100907087326,0,-0.003418657140663037,0.11890975847280373,52,22 13 3,0.019230769230769232,4.0,0.3392857142857143,0.8035714285714286,0.0,-0.10071006097963878
ieee5,404,60,0.875,0.8833333333333333,1.0,0.8583333333333334,3.201742649078369,3.399496555328369,3.110440731048584,3.0952911376953125,0.0025,0.1825501791068486,0.29901567101478577,0.1825501812355859,0.29901567101478577,0,0.00296144711990984,0.10426338723657363,52,25 1 9,0.019230769230769232,3.7142857142857144,0.4642857142857143,0.7678571428571429,0.0,-0.04630966032189982
ieee5,404,61,0.8346153846153848,,,0.8583333333333334,3.0876152515411377,3.399463415145874,2.9149346351623535,2.9484481811523438,0.0025,0.2886810153722763,0.474488228559494,0.2886810175010136,0.474488228559494,0,0.007467689583651149,0.13780736013266404,52,14 15 8,0.019230769230769232,4.142857142857143,0.375,0.6428571428571429,0.0,0.0764008994613375
ieee5,404,62,0.8711538461538461,,,0.8583333333333334,3.113039016723633,3.39945125579834,2.9803121089935303,2.9593539237976074,0.0025,0.20673287979194097,0.27115383744239807,0.20673287553446634,0.27115383744239807,0,-0.009470341745047616,0.1313298892959047,52,6 11 13,0.019230769230769232,3.7142857142857144,0.4642857142857143,0.8035714285714286,0.0,-0.1541420742869377
ieee5,404,63,0.8634615384615386,,,0.8583333333333334,3.114316463470459,3.3994383811950684,2.975360631942749,2.9681496620178223,0.0025,0.20259816944599152,0.2682695984840393,0.20259817157472884,0.2682695984840393,0,0.0005007692648527714,0.11538239710500268,52,0 11 1,0.019230769230769232,4.0,0.4107142857142857,0.7321428571428571,0.0,-0.020196744639958655
ieee5,404,64,0.8557692307692306,,,0.8583333333333334,3.1598472595214844,3.3994340896606445,3.0429697036743164,3.0371363162994385,0.0025,0.18514771972383773,0.30344998836517334,0.1851477175951004,0.30344998836517334,0,-0.0007825660487959305,0.11224887731457715,52,22 17 9,0.019230769230769232,3.2857142857142856,0.48214285714285715,0.8214285714285714,0.0,-0.04138275182672909
ieee5,404,65,0.8615384615384616,0.8750000000000001,1.0,0.8583333333333334,3.1964845657348633,3.399437189102173,3.104783535003662,3.085233211517334,0.0025,0.17552414962223598,0.28457584977149963,0.1755241517509733,0.28457584977149963,0,0.01002134129521437,0.11841505916471413,52,29 10 20,0.019230769230769232,3.7142857142857144,0.5,0.7142857142857143,0.0,0.10183662708316531
ieee5,404,66,0.848076923076923,,,0.8583333333333334,3.2085189819335938,3.3994526863098145,3.119971990585327,3.1061320304870605,0.0025,0.1898679882287979,0.3477116525173187,0.18986798929316656,0.3477116525173187,0,-0.0036452123895287514,0.1272407701638663,51,18 11 7,0.038461538461538464,3.857142857142857,0.32142857142857145,0.7857142857142857,0.0,-0.033893942566854615
ieee5,404,67,0.8557692307692306,,,0.8583333333333334,3.2056169509887695,3.3994832038879395,3.1260263919830322,3.0913403034210205,0.0025,0.18954762603555406,0.4121646285057068,0.1895476249711854,0.4121646285057068,0,0.0037088164278359795,0.11950390690448376,52,14 11 19,0.019230769230769232,3.7142857142857144,0.48214285714285715,0.75,0.0,0.03264442937714713
ieee5,404,68,0.8538461538461539,,,0.8583333333333334,3.2489256858825684,3.3995110988616943,3.1941604614257812,3.153104066848755,0.0025,0.15949547184365137,0.2315213531255722,0.15949547290802002,0.2315213531255722,0,-0.006492318992968649,0.11408539863662374,52,22 0 7,0.019230769230769232,3.857142857142857,0.44642857142857145,0.7321428571428571,0.0,-0.08318870541240488
ieee5,404,69,0.851923076923077,,,0.8583333333333334,3.2921879291534424,3.399528741836548,3.254863739013672,3.22217059135437,0.0025,0.15592990389892034,0.21719485521316528,0.155929901770183,0.21719485521316528,0,0.00024500034319666715,0.12408721563776193,52,14 0 4,0.019230769230769232,3.4285714285714284,0.5,0.7678571428571429,0.0,-0.023706229669707164
ieee5,404,70,0.8807692307692307,0.8833333333333333,1.0,0.8583333333333334,3.3098082542419434,3.399531126022339,3.283944845199585,3.245948314666748,0.0025,0.12196507730654307,0.1862727552652359,0.12196508049964905,0.1862727552652359,0,-0.0016968186335781445,0.11362583125748928,52,12 26 23,0.019230769230769232,3.7142857142857144,0.4107142857142857,0.7142857142857143,0.0,0.01214310313974108
ieee5,404,71,0.8576923076923078,,,0.8583333333333334,3.309972047805786,3.399522542953491,3.2769877910614014,3.253406047821045,0.0025,0.15359206284795487,0.26997989416122437,0.15359207136290415,0.26997992396354675,0,0.007852135808207095,0.11977174258759123,52,17 19 14,0.019230769230769232,3.5714285714285716,0.5,0.7857142857142857,0.0,0.10188191863042968
ieee5,404,72,0.851923076923077,,,0.8583333333333334,3.3041961193084717,3.3995211124420166,3.2717080116271973,3.2413594722747803,0.0025,0.14189244487455913,0.238272026181221,0.14189244381019048,0.238272026181221,0,-0.0021277439708893117,0.13078420788415643,52,27 7 12,0.019230769230769232,3.857142857142857,0.4642857142857143,0.7321428571428571,0.0,-0.058089656489236016
ieee5,404,73,0.8711538461538463,,,0.8583333333333334,3.282496452331543,3.3995094299316406,3.2356107234954834,3.2123706340789795,0.0025,0.12854934909514018,0.2570381164550781,0.12854935015950883,0.2570381164550781,0,0.0011833809101237701,0.1004834316386642,52,27 22 6,0.019230769230769232,3.857142857142857,0.44642857142857145,0.6607142857142857,0.0,0.05589119637651103
ieee5,404,74,0.8346153846153845,,,0.8583333333333334,3.2770519256591797,3.3995039463043213,3.2270214557647705,3.204630136489868,0.0025,0.16121577897242137,0.2310059815645218,0.16121578003679002,0.2310059815645218,0,0.0034031351634229603,0.1262961566653743,52,26 21 18,0.019230769230769232,4.142857142857143,0.4107142857142857,0.7142857142857143,0.0,-0.02432442456483841
ieee5,404,75,0.8711538461538461,0.8916666666666666,1.0,0.8583333333333334,3.2635719776153564,3.399498462677002,3.2080423831939697,3.183173894882202,0.0025,0.1799751435007368,0.26731637120246887,0.17997514456510544,0.26731637120246887,0,-0.008635205339837389,0.11589902533738412,52,16 1 19,0.019230769230769232,4.142857142857143,0.39285714285714285,0.6607142857142857,0.0,-0.07522574945219926
ieee5,404,76,0.8769230769230771,,,0.8583333333333334,3.2204599380493164,3.3994996547698975,3.1316111087799072,3.130269765853882,0.0025,0.17114735394716263,0.22543290257453918,0.1711473518184253,0.22543290257453918,0,-0.002333193739804511,0.12161154705217812,52,14 7 2,0.019230769230769232,3.0,0.5714285714285714,0.875,0.0,-0.11039273866585322
ieee5,404,77,0.8288461538461539,,,0.8583333333333334,3.2304303646087646,3.399498462677002,3.1668336391448975,3.1249582767486572,0.0025,0.20144245028495789,0.2848581075668335,0.2014424524136952,0.2848581075668335,0,0.005289905682170333,0.13371420372519854,52,22 17 24,0.019230769230769232,4.142857142857143,0.4107142857142857,0.7142857142857143,0.0,0.07928308418818883
ieee5,404,78,0.8749999999999999,,,0.8583333333333334,3.2206077575683594,3.399507761001587,3.149048089981079,3.1132664680480957,0.0025,0.16399766291890824,0.2631293535232544,0.1639976618545396,0.2631293535232544,0,-0.004111609260479991,0.1130741909793569,52,2 15 10,0.019230769230769232,3.4285714285714284,0.48214285714285715,0.7857142857142857,0.0,-0.11047952302864619
ieee5,404,79,0.875,,,0.8583333333333334,3.2241554260253906,3.3995165824890137,3.157975435256958,3.1149747371673584,0.0025,0.16777316693748748,0.27245450019836426,0.16777316055127553,0.27245447039604187,0,0.0050261800307243205,0.10903484814266086,52,24 21 18,0.019230769230769232,3.5714285714285716,0.48214285714285715,0.7857142857142857,0.0,0.052224727613585334
ieee5,404,80,0.8846153846153846,0.8916666666666666,1.0,0.8583333333333334,3.2128758430480957,3.399524688720703,3.1295714378356934,3.1095311641693115,0.0025,0.1763201504945755,0.4033321440219879,0.17632014836583818,0.4033321440219879,0,-0.006827171005380268,0.11169878034949497,52,1 21 18,0.019230769230769232,3.4285714285714284,0.42857142857142855,0.7678571428571429,0.0,0.000709465571812221
ieee5,404,81,0.8615384615384616,,,0.8583333333333334,3.224670648574829,3.399519681930542,3.1508352756500244,3.123657703399658,0.0025,0.16595181290592467,0.23182067275047302,0.1659518097128187,0.23182068765163422,0,-0.0028527855017903047,0.11200647951052696,52,0 26 7,0.019230769230769232,3.5714285714285716,0.5,0.8035714285714286,0.0,-0.09328293800354004
ieee5,404,82,0.8365384615384615,,,0.8583333333333334,3.2673301696777344,3.3995208740234375,3.2174696922302246,3.1849989891052246,0.0025,0.14267053987298692,0.21870221197605133,0.14267053774424962,0.21870221197605133,0,0.010464051178692339,0.11737533999423119,52,9 26 1,0.019230769230769232,3.857142857142857,0.4107142857142857,0.7857142857142857,0.0,0.00993249671799796
ieee5,404,83,0.8480769230769231,,,0.8583333333333334,3.2814674377441406,3.3995261192321777,3.2345476150512695,3.2103283405303955,0.0025,0.1785753837653569,0.36193573474884033,0.17857537737914495,0.36193570494651794,0,-0.0008635598037821742,0.1315050300891026,52,23 3 9,0.019230769230769232,3.5714285714285716,0.4642857142857143,0.7857142857142857,0.0,0.032544441521167755
ieee5,404,84,0.875,,,0.8583333333333334,3.2671868801116943,3.3995003700256348,3.21449613571167,3.1875648498535156,0.0025,0.15154806418078287,0.24352873861789703,0.15154806524515152,0.24352873861789703,0,0.0007091814365524512,0.10850058996761955,52,11 24 15,0.019230769230769232,3.5714285714285716,0.4642857142857143,0.75,0.0,0.03668500376599176
ieee5,404,85,0.8384615384615386,0.8916666666666666,1.0,0.8583333333333334,3.27258038520813,3.3994696140289307,3.2203497886657715,3.197920799255371,0.0025,0.15693831869534083,0.25512930750846863,0.15693832082407816,0.255129337310791,0,0.0032299695035012867,0.12440745721686301,52,19 26 21,0.019230769230769232,3.857142857142857,0.48214285714285715,0.7321428571428571,0.0,0.07941031988177981
ieee5,404,86,0.8769230769230768,,,0.8583333333333334,3.2884161472320557,3.3994596004486084,3.2495346069335938,3.2162537574768066,0.0025,0.11770844778844289,0.16614815592765808,0.11770844778844289,0.16614815592765808,0,-0.009306661775693871,0.11171686401594882,52,12 11 6,0.019230769230769232,3.4285714285714284,0.44642857142857145,0.8214285714285714,0.0,-0.12628300221902983
ieee5,404,87,0.8615384615384616,,,0.8583333333333334,3.3078577518463135,3.399461030960083,3.2776846885681152,3.246427297592163,0.0025,0.1494653129151889,0.2780373990535736,0.1494653129151889,0.2780373990535736,0,0.001453038645335115,0.12510918499049542,52,23 13 7,0.019230769230769232,4.0,0.4642857142857143,0.7142857142857143,0.0,0.008547617122530937
ieee5,404,88,0.848076923076923,,,0.8583333333333334,3.313905715942383,3.39945650100708,3.288848400115967,3.2534120082855225,0.0025,0.13140324183872767,0.2196240872144699,0.13140323970999038,0.21962407231330872,0,0.0033283472383538117,0.12323269450142026,52,19 6 26,0.019230769230769232,3.857142857142857,0.39285714285714285,0.7142857142857143,0.0,0.01886708928006036
ieee5,404,89,0.8499999999999999,,,0.8583333333333334,3.3128318786621094,3.399458169937134,3.2861669063568115,3.252869129180908,0.0025,0.11688258977872985,0.203330397605896,0.11688258871436119,0.203330397605896,0,0.0031491534139674445,0.10898780514629867,52,13 15 24,0.019230769230769232,3.7142857142857144,0.44642857142857145,0.6964285714285714,0.0,0.0007278163518224444
ieee5,404,90,0.8192307692307692,0.875,1.0,0.8583333333333334,3.311159610748291,3.3994507789611816,3.281898260116577,3.2521309852600098,0.0025,0.1546800998704774,0.2878575921058655,0.1546800977417401,0.2878575921058655,0,0.0014372655165901121,0.13359436417479933,52,9 8 19,0.019230769230769232,4.0,0.4107142857142857,0.7142857142857143,0.0,-0.04076133695031915
ieee5,404,91,0.8653846153846154,,,0.8583333333333334,3.3013267517089844,3.39945125579834,3.263979434967041,3.240549325942993,0.0025,0.11804444768599101,0.14745081961154938,0.11804444662162236,0.14745081961154938,0,-0.0052711719718690105,0.11432438626914547,51,14 24 26,0.038461538461538464,3.857142857142857,0.4642857142857143,0.7142857142857143,0.0,-0.035502080406461446
ieee5,404,92,0.8673076923076923,,,0.8583333333333334,3.3205456733703613,3.3994669914245605,3.298046588897705,3.2641243934631348,0.0025,0.10664349581514086,0.15437687933444977,0.10664349421858788,0.15437687933444977,0,-0.00661135653186088,0.10869413875438093,52,17 26 0,0.019230769230769232,3.857142857142857,0.4107142857142857,0.75,0.0,-0.12161933311394282
ieee5,404,93,0.8519230769230769,,,0.8583333333333334,3.31809401512146,3.399492025375366,3.2912840843200684,3.2635061740875244,0.0025,0.12249014633042472,0.16391155123710632,0.12249014313731875,0.16391155123710632,0,0.004915760059912617,0.11860870227458836,52,10 2 29,0.019230769230769232,3.857142857142857,0.4107142857142857,0.75,0.0,-0.03242852192904268
ieee5,404,94,0.8634615384615384,,,0.8583333333333334,3.326786994934082,3.399519681930542,3.3079590797424316,3.2728819847106934,0.0025,0.11511912516185216,0.1453132927417755,0.11511912622622081,0.1453132927417755,0,-0.0010876942945357698,0.11461462333007247,52,28 14 12,0.019230769230769232,3.857142857142857,0.39285714285714285,0.7857142857142857,0.0,-0.03208229052168982
ieee5,404,95,0.8730769230769231,0.875,1.0,0.8583333333333334,3.334792375564575,3.3995461463928223,3.3224780559539795,3.2823519706726074,0.0025,0.11054997092911176,0.17403815686702728,0.1105499757187707,0.17403817176818848,0,-0.0021519108245579097,0.11953115319181469,52,18 9 12,0.019230769230769232,3.5714285714285716,0.4642857142857143,0.8392857142857143,0.0,-0.09120507298835687
ieee5,404,96,0.8634615384615384,,,0.8583333333333334,3.348022937774658,3.399564027786255,3.3399264812469482,3.304579257965088,0.0025,0.10462713986635208,0.1389571875333786,0.10462714305945806,0.1389571875333786,0,-0.0024979506046153032,0.11647909303632699,52,20 12 8,0.019230769230769232,3.7142857142857144,0.44642857142857145,0.8392857142857143,0.0,-0.096148710165705
ieee5,404,97,0.8692307692307691,,,0.8583333333333334,3.3526482582092285,3.3995578289031982,3.3462233543395996,3.3121631145477295,0.0025,0.09981869533658028,0.14577560126781464,0.09981869746531759,0.14577560126781464,0,-0.002428734889970376,0.122742120019918,52,4 8 23,0.019230769230769232,4.0,0.4107142857142857,0.7321428571428571,0.0,-0.03919184740100588
ieee5,404,98,0.8557692307692307,,,0.8583333333333334,3.356982946395874,3.3995463848114014,3.3526649475097656,3.318739175796509,0.0025,0.11296697812420982,0.15216566622257233,0.11296697865639414,0.15216566622257233,0,0.00850396388873028,0.13529084331193056,52,4 6 2,0.019230769230769232,3.5714285714285716,0.42857142857142855,0.7321428571428571,0.0,0.08569763574217047
ieee5,404,99,0.8615384615384618,,,0.8583333333333334,3.3561487197875977,3.3995537757873535,3.3512415885925293,3.3176510334014893,0.0025,0.12039598024317197,0.3031909763813019,0.1203959791788033,0.3031909763813019,0,0.005323919978064413,0.12650325768710985,52,16 19 1,0.019230769230769232,3.5714285714285716,0.48214285714285715,0.7678571428571429,0.0,0.13411296265465872
ieee5,404,100,0.846153846153846,0.9083333333333333,1.0,0.8583333333333334,3.3593335151672363,3.39957857131958,3.3564577102661133,3.3219656944274902,0.0025,0.10824646694319588,0.12774206697940826,0.10824646694319588,0.12774206697940826,0,-0.00567528900081435,0.1347698264392612,52,17 7 29,0.019230769230769232,3.857142857142857,0.42857142857142855,0.75,0.0,-0.1290307537253414
ieee5,404,101,0.8749999999999999,,,0.8583333333333334,3.361027956008911,3.399573802947998,3.359262228012085,3.3242478370666504,0.0025,0.09810000604816846,0.17139118909835815,0.09810000285506248,0.17139117419719696,0,0.0011634849585019625,0.11359622657154404,52,21 25 16,0.019230769230769232,3.7142857142857144,0.48214285714285715,0.75,0.0,-0.016830982906477793
ieee5,404,102,0.8673076923076922,,,0.8583333333333334,3.362678050994873,3.399566411972046,3.361767053604126,3.3267006874084473,0.0025,0.09177236258983612,0.1204197108745575,0.09177236365420478,0.1204197034239769,0,0.001839231178634621,0.11062693435521875,52,2 17 18,0.019230769230769232,3.5714285714285716,0.4107142857142857,0.8571428571428571,0.0,0.017496030245508467
ieee5,404,103,0.8365384615384617,,,0.8583333333333334,3.3638179302215576,3.3995707035064697,3.36301326751709,3.3288686275482178,0.0025,0.10167509583490235,0.13273201882839203,0.10167509370616504,0.13273201882839203,0,-0.0011835614434228493,0.12576541474919975,52,9 16 23,0.019230769230769232,4.0,0.42857142857142855,0.7678571428571429,0.0,0.006199197577578681
ieee5,404,104,0.8500000000000001,,,0.8583333333333334,3.3639159202575684,3.399570941925049,3.3635478019714355,3.3286290168762207,0.0025,0.09307095727750234,0.18761524558067322,0.09307095727750234,0.18761524558067322,0,0.0006509636385509601,0.10628012224322758,52,14 27 18,0.019230769230769232,3.7142857142857144,0.44642857142857145,0.7857142857142857,0.0,0.039286679455212185
ieee5,404,105,0.8423076923076924,0.9083333333333333,1.0,0.8583333333333334,3.3639466762542725,3.3995766639709473,3.3636178970336914,3.3286452293395996,0.0025,0.09554751323802131,0.14989595115184784,0.09554751536675862,0.14989595115184784,0,-0.0014551772882651466,0.1177548637327209,52,0 28 17,0.019230769230769232,3.2857142857142856,0.48214285714285715,0.8392857142857143,0.0,-0.015096521803310939
ieee5,404,106,0.8326923076923076,,,0.8583333333333334,3.363044261932373,3.399583101272583,3.362107515335083,3.3274435997009277,0.0025,0.1020208192723138,0.1242932602763176,0.10202081820794515,0.1242932677268982,0,-0.0009486554190516472,0.12883327836560368,52,27 11 7,0.019230769230769232,3.857142857142857,0.42857142857142855,0.7678571428571429,0.0,-0.04833240381308964
ieee5,404,107,0.8384615384615385,,,0.8583333333333334,3.362163782119751,3.399569511413574,3.360834836959839,3.3260879516601562,0.0025,0.11065746418067388,0.15842343866825104,0.11065746524504252,0.15842345356941223,0,0.003546134837401601,0.13068444146484673,52,24 4 23,0.019230769230769232,4.428571428571429,0.375,0.6071428571428571,0.0,0.028687435069254467
ieee5,404,108,0.8346153846153845,,,0.8583333333333334,3.361093282699585,3.3995420932769775,3.358933925628662,3.324803590774536,0.0025,0.11474532101835523,0.16596105694770813,0.11474532101835523,0.16596105694770813,0,-0.0007214103444801787,0.13112026275741862,52,27 24 20,0.019230769230769232,4.285714285714286,0.4107142857142857,0.6964285714285714,0.0,0.01218262527670179
ieee5,404,109,0.825,,,0.8583333333333334,3.3592889308929443,3.3995044231414795,3.3557686805725098,3.3225927352905273,0.0025,0.1204903210912432,0.17629997432231903,0.12049032215561185,0.17629997432231903,0,-0.002355071930931165,0.13201633112752678,52,20 0 29,0.019230769230769232,3.5714285714285716,0.4642857142857143,0.8035714285714286,0.0,-0.05899890725101743
ieee5,404,110,0.848076923076923,0.8833333333333333,1.0,0.8583333333333334,3.3583147525787354,3.399465799331665,3.355156898498535,3.320322275161743,0.0025,0.10451211993183408,0.12241891771554947,0.10451212099620275,0.12241891771554947,0,0.0021328130522026466,0.1306120899094468,52,19 21 12,0.019230769230769232,3.857142857142857,0.4107142857142857,0.7857142857142857,0.0,0.008465205186179705
ieee5,404,111,0.8923076923076922,,,0.8583333333333334,3.3582026958465576,3.3994412422180176,3.354616641998291,3.320549249649048,0.0025,0.0935848525592259,0.11840146034955978,0.09358485362359456,0.11840146034955978,0,-0.008463288088723157,0.10814887007252846,52,3 0 25,0.019230769230769232,3.5714285714285716,0.44642857142857145,0.8035714285714286,0.0,-0.1317909655294248
ieee5,404,112,0.8576923076923075,,,0.8583333333333334,3.3581831455230713,3.399423360824585,3.3548007011413574,3.3203253746032715,0.0025,0.1063452394945281,0.17062725126743317,0.1063452394945281,0.17062723636627197,0,0.00562698497938422,0.12848882800976066,52,16 17 24,0.019230769230769232,3.7142857142857144,0.39285714285714285,0.7321428571428571,0.0,0.06542364614350456
ieee5,404,113,0.8576923076923075,,,0.8583333333333334,3.356377124786377,3.3994064331054688,3.3514692783355713,3.3182547092437744,0.0025,0.09010504452245575,0.1365332454442978,0.09010504611900874,0.1365332454442978,0,-0.0039706485829531,0.12335954652097579,52,27 11 16,0.019230769230769232,3.142857142857143,0.5178571428571429,0.875,0.0,-0.056507996416517665
ieee5,404,114,0.8807692307692309,,,0.8583333333333334,3.3581721782684326,3.3993852138519287,3.3546571731567383,3.32047438621521,0.0025,0.09046522740806852,0.1306360960006714,0.09046522634369987,0.1306360960006714,0,-0.006802263651759579,0.10499712032704085,52,21 19 9,0.019230769230769232,3.2857142857142856,0.5535714285714286,0.875,0.0,-0.1600683948823384
ieee5,404,115,0.8807692307692307,0.8916666666666666,1.0,0.8583333333333334,3.357982873916626,3.3993566036224365,3.3542845249176025,3.320305824279785,0.0025,0.10148373459066663,0.13265909254550934,0.10148373459066663,0.13265909254550934,0,0.009500423027650239,0.11728665824949415,52,16 20 21,0.019230769230769232,3.2857142857142856,0.44642857142857145,0.9107142857142857,0.0,-0.007021112101418632
ieee5,404,116,0.8788461538461539,,,0.8583333333333334,3.3555688858032227,3.3993279933929443,3.350010871887207,3.317368507385254,0.0025,0.09523254420076098,0.1473522186279297,0.0952325447329453,0.14735223352909088,0,-0.0002038500085920812,0.11126163411074386,52,24 28 21,0.019230769230769232,3.5714285714285716,0.44642857142857145,0.7321428571428571,0.0,0.04776874024953161
ieee5,404,117,0.8634615384615383,,,0.8583333333333334,3.354719877243042,3.3993093967437744,3.34789776802063,3.3169519901275635,0.0025,0.0826073560331549,0.11204297095537186,0.08260735390441758,0.11204295605421066,0,0.0018584400307960235,0.10291748355429499,52,11 5 16,0.019230769230769232,3.7142857142857144,0.4642857142857143,0.8035714285714286,0.0,0.016732240361826762
ieee5,404,118,0.8307692307692307,,,0.8583333333333334,3.3533709049224854,3.399286985397339,3.347367763519287,3.31345534324646,0.0025,0.11566516011953354,0.18945187330245972,0.11566516011953354,0.18945187330245972,0,0.008973629751171056,0.13187520610431422,52,25 2 22,0.019230769230769232,4.428571428571429,0.3392857142857143,0.6428571428571429,0.0,0.0883939399250916
ieee5,404,119,0.8576923076923078,,,0.8583333333333334,3.3513879776000977,3.399268865585327,3.3453543186187744,3.309542179107666,0.0025,0.1346269345709256,0.15717321634292603,0.13462693563529424,0.15717323124408722,0,-0.013783806218550755,0.14655201557329617,52,27 26 23,0.019230769230769232,4.0,0.4642857142857143,0.75,0.0,-0.23147658285285747
ieee5,404,120,0.8826923076923077,0.8916666666666666,1.0,0.8583333333333334,3.3498778343200684,3.3992514610290527,3.342083215713501,3.3082973957061768,0.0025,0.09386434086731502,0.11525338888168335,0.09386433980294637,0.11525338888168335,0,-0.0023079268094779062,0.11506165069211868,52,1 21 22,0.019230769230769232,3.7142857142857144,0.4642857142857143,0.75,0.0,-0.041792375168630054
ieee5,404,121,0.8596153846153846,,,0.8583333333333334,3.350090265274048,3.3992509841918945,3.3427083492279053,3.3083114624023438,0.0025,0.11541204899549484,0.13436339795589447,0.11541204580238887,0.13436339795589447,0,0.006779511199476054,0.1339910759418899,52,5 0 10,0.019230769230769232,3.7142857142857144,0.44642857142857145,0.8035714285714286,0.0,0.0332964262259858
ieee5,404,122,0.8769230769230769,,,0.8583333333333334,3.3447132110595703,3.399238109588623,3.3323347568511963,3.3025670051574707,0.0025,0.10772995225020818,0.15100876986980438,0.10772995225020818,0.15100876986980438,0,-0.0015218347588625664,0.11863252072012097,52,8 17 26,0.019230769230769232,3.4285714285714284,0.42857142857142855,0.8392857142857143,0.0,-0.0515513185943876
ieee5,404,123,0.851923076923077,,,0.8583333333333334,3.3329570293426514,3.399228572845459,3.31607985496521,3.2835633754730225,0.0025,0.11505008914640971,0.17357216775417328,0.11505008914640971,0.17357216775417328,0,0.002273253809947234,0.12436880357096185,52,4 24 21,0.019230769230769232,4.142857142857143,0.44642857142857145,0.7321428571428571,0.0,-0.06394972971507482
ieee5,404,124,0.8999999999999999,,,0.8583333333333334,3.3246891498565674,3.3992197513580322,3.3042795658111572,3.2705671787261963,0.0025,0.117336705327034,0.21248789131641388,0.11733670585921832,0.21248789131641388,0,-0.0012640484537069614,0.10999623385795132,52,23 13 29,0.019230769230769232,3.4285714285714284,0.48214285714285715,0.8035714285714286,0.0,-0.029773916516985213
ieee5,404,125,0.8500000000000001,0.8833333333333333,1.0,0.8583333333333334,3.328895092010498,3.3992156982421875,3.3122308254241943,3.275238275527954,0.0025,0.1394739949277469,0.21930037438869476,0.13947399386337825,0.21930037438869476,0,-0.002156390401069075,0.12845900190730294,52,11 13 21,0.019230769230769232,3.7142857142857144,0.4107142857142857,0.7321428571428571,0.0,0.04139702873570578
ieee5,404,126,0.8692307692307691,,,0.8583333333333334,3.332791805267334,3.3992223739624023,3.316467523574829,3.282686710357666,0.0025,0.11072155301059995,0.15524904429912567,0.11072155088186264,0.15524902939796448,0,3.7770682516006323e-06,0.12698228254917962,52,6 7 3,0.019230769230769232,3.5714285714285716,0.5,0.8035714285714286,0.0,-0.06250590618167605
ieee5,404,127,0.8519230769230769,,,0.8583333333333334,3.335810661315918,3.3992321491241455,3.3221676349639893,3.28603196144104,0.0025,0.12434883096388408,0.1548781543970108,0.12434883096388408,0.1548781543970108,0,0.000803377300214309,0.12744628136352082,52,22 15 23,0.019230769230769232,4.0,0.42857142857142855,0.7142857142857143,0.0,-0.0270649359694549
ieee5,404,128,0.8596153846153847,,,0.8583333333333334,3.334949254989624,3.399228572845459,3.318211078643799,3.2874081134796143,0.0025,0.12227337913853782,0.202065110206604,0.12227338126727513,0.202065110206604,0,0.0002747094975068019,0.11820700483272856,52,0 4 9,0.019230769230769232,3.5714285714285716,0.4107142857142857,0.8214285714285714,0.0,-0.03708354224051748
ieee5,404,129,0.8653846153846154,,,0.8583333333333334,3.3306286334991455,3.399200677871704,3.312746524810791,3.2799386978149414,0.0025,0.13476156443357468,0.24234573543071747,0.13476156762668065,0.24234576523303986,0,-0.0004809269896493508,0.13117650434644076,52,6 21 5,0.019230769230769232,3.5714285714285716,0.48214285714285715,0.7857142857142857,0.0,-0.04015086059059415
ieee5,404,130,0.8538461538461538,0.8999999999999999,1.0,0.8583333333333334,3.322133779525757,3.3991634845733643,3.2983615398406982,3.268876552581787,0.0025,0.14927499847752707,0.17683805525302887,0.14927499954189574,0.17683805525302887,0,0.0041784463951794,0.13374916481292926,52,18 6 25,0.019230769230769232,4.142857142857143,0.39285714285714285,0.7321428571428571,0.0,-0.05035009128706796
ieee5,404,131,0.8807692307692305,,,0.8583333333333334,3.317951202392578,3.3991358280181885,3.292900323867798,3.2618181705474854,0.0025,0.11066135444811412,0.17035368084907532,0.11066135444811412,0.17035368084907532,0,-0.007835971227345558,0.10516913604461728,52,22 23 7,0.019230769230769232,3.5714285714285716,0.5,0.7857142857142857,0.0,-0.0907694399356842
ieee5,404,132,0.8519230769230769,,,0.8583333333333334,3.3163928985595703,3.3991127014160156,3.2912352085113525,3.25883150100708,0.0025,0.13121161609888077,0.16182194650173187,0.13121161929198674,0.16182196140289307,0,0.003224587923166557,0.12951721649145784,52,25 3 14,0.019230769230769232,3.7142857142857144,0.42857142857142855,0.8214285714285714,0.0,-0.015040293335914612
ieee5,404,133,0.8826923076923076,,,0.8583333333333334,3.3128156661987305,3.3991003036499023,3.2847273349761963,3.254619836807251,0.0025,0.11847447391067233,0.2029750943183899,0.11847447497504097,0.2029750943183899,0,0.0011982927904822505,0.10361951208696549,52,25 26 6,0.019230769230769232,3.4285714285714284,0.5,0.7857142857142857,0.0,0.027399456926754544
ieee5,404,134,0.875,,,0.8583333333333334,3.3116557598114014,3.3990976810455322,3.2858850955963135,3.249983310699463,0.0025,0.11575282950486455,0.19088953733444214,0.11575283056923322,0.19088953733444214,0,-0.0011319443242362363,0.10922021569999135,52,19 11 7,0.019230769230769232,3.4285714285714284,0.5178571428571429,0.7857142857142857,0.0,-0.07842639301504407
ieee5,404,135,0.8423076923076922,0.8833333333333333,1.0,0.8583333333333334,3.3082029819488525,3.399106740951538,3.2786924839019775,3.246809482574463,0.0025,0.13878725043364934,0.2595527172088623,0.13878724511180604,0.2595527172088623,0,0.007187730265566363,0.12636103104607213,52,18 26 25,0.019230769230769232,3.5714285714285716,0.42857142857142855,0.7678571428571429,0.0,0.06082233999456678
ieee5,404,136,0.8346153846153848,,,0.8583333333333334,3.3200526237487793,3.3991341590881348,3.296001434326172,3.2650210857391357,0.0025,0.1578263427530016,0.2137526273727417,0.15782634168863297,0.2137526124715805,0,0.0026735891095505883,0.1384009137436406,52,0 20 27,0.019230769230769232,3.857142857142857,0.375,0.75,0.0,0.047410263546875546
ieee5,404,137,0.8538461538461539,,,0.8583333333333334,3.337584972381592,3.3991763591766357,3.324172019958496,3.289407253265381,0.0025,0.1249767637678555,0.20994026958942413,0.1249767637678555,0.20994028449058533,0,-0.0037257240619510412,0.13173076740393505,52,8 11 3,0.019230769230769232,4.0,0.39285714285714285,0.6785714285714286,0.0,-0.0231106589947428
ieee5,404,138,0.8576923076923075,,,0.8583333333333334,3.3407108783721924,3.3991880416870117,3.3285303115844727,3.294412851333618,0.0025,0.11473930520670754,0.20311759412288666,0.11473930201360158,0.20311757922172546,0,-0.0005849377216341404,0.1181486567256259,52,18 1 21,0.019230769230769232,4.0,0.4107142857142857,0.7678571428571429,0.0,-0.06569665830050196
ieee5,404,139,0.8673076923076922,,,0.8583333333333334,3.33972430229187,3.399190664291382,3.326117515563965,3.2938637733459473,0.0025,0.11573372249092374,0.1912837028503418,0.11573372461966105,0.191283717751503,0,-0.004574332511625611,0.12014991641571897,52,21 15 6,0.019230769230769232,4.142857142857143,0.4642857142857143,0.6785714285714286,0.0,-0.06098845840564796
ieee5,404,140,0.8615384615384616,0.8750000000000001,1.0,0.8583333333333334,3.343311071395874,3.3992013931274414,3.3327383995056152,3.2979931831359863,0.0025,0.10982296722275871,0.21332308650016785,0.10982296775494303,0.21332308650016785,0,0.005406958015205769,0.11915349949008122,52,26 20 6,0.019230769230769232,3.7142857142857144,0.42857142857142855,0.75,0.0,0.059564799070358276
ieee5,404,141,0.855769230769231,,,0.8583333333333334,3.3442866802215576,3.3992044925689697,3.334282398223877,3.299373149871826,0.0025,0.1197717801800796,0.17451657354831696,0.1197717764547893,0.17451657354831696,0,-0.004274273255410103,0.12699358296854804,52,7 21 4,0.019230769230769232,3.4285714285714284,0.5,0.7857142857142857,0.0,-0.08763782892908369
ieee5,404,142,0.8615384615384614,,,0.8583333333333334,3.343592643737793,3.3991780281066895,3.3330676555633545,3.298532009124756,0.0025,0.1027644116963659,0.1367216855287552,0.1027644116963659,0.1367216855287552,0,-0.00022258016710671096,0.12025087309062925,52,10 19 11,0.019230769230769232,3.857142857142857,0.48214285714285715,0.7678571428571429,0.0,-0.08466298878192902
ieee5,404,143,0.8730769230769229,,,0.8583333333333334,3.3415777683258057,3.3991525173187256,3.3303592205047607,3.2952208518981934,0.0025,0.09550597625119346,0.14575918018817902,0.0955059751868248,0.14575918018817902,0,0.001962029648264154,0.10854808408541473,52,17 12 3,0.019230769230769232,3.5714285714285716,0.48214285714285715,0.8392857142857143,0.0,0.028910099661775997
ieee5,404,144,0.8730769230769229,,,0.8583333333333334,3.340319871902466,3.399139404296875,3.3275909423828125,3.2942287921905518,0.0025,0.10577021007026945,0.13774800300598145,0.1057702090059008,0.13774798810482025,0,0.0019971222455541673,0.12007269552024838,51,27 7 22,0.038461538461538464,3.857142857142857,0.4107142857142857,0.7857142857142857,0.0,0.0182961927992957
ieee5,404,145,0.848076923076923,0.8750000000000001,1.0,0.8583333333333334,3.341585636138916,3.399134635925293,3.3307042121887207,3.294919729232788,0.0025,0.10705492539065224,0.16200990974903107,0.1070549264550209,0.16200990974903107,0,-0.008510552686997332,0.12375152853556942,52,3 24 10,0.019230769230769232,3.2857142857142856,0.42857142857142855,0.9107142857142857,0.0,-0.15493462341172354
ieee5,404,146,0.8615384615384615,,,0.8583333333333334,3.3425276279449463,3.3991308212280273,3.3319320678710938,3.2965190410614014,0.0025,0.11072841818843569,0.14726056158542633,0.110728420317173,0.14726056158542633,0,0.010316652487605237,0.1222331781825337,52,25 21 22,0.019230769230769232,3.7142857142857144,0.5178571428571429,0.7321428571428571,0.0,0.08531798555382661
ieee5,404,147,0.8634615384615384,,,0.8583333333333334,3.3444409370422363,3.3991212844848633,3.3338563442230225,3.300344228744507,0.0025,0.1011010440332549,0.14040319621562958,0.1011010440332549,0.14040319621562958,0,-0.0022966343841779656,0.11620736678160802,51,6 17 24,0.038461538461538464,3.4285714285714284,0.5,0.7857142857142857,0.0,-0.12081155393804822
ieee5,404,148,0.8673076923076922,,,0.8583333333333334,3.3446366786956787,3.3990960121154785,3.3347878456115723,3.30002498626709,0.0025,0.09344223993165153,0.10796026140451431,0.09344224099602018,0.10796026885509491,0,-0.007045400902055777,0.10891246149630425,52,15 26 7,0.019230769230769232,4.0,0.42857142857142855,0.7142857142857143,0.0,-0.08885432167776994
ieee5,404,149,0.8499999999999999,,,0.8583333333333334,3.344681978225708,3.3990566730499268,3.333843231201172,3.301145076751709,0.0025,0.10832889484507698,0.17994441092014313,0.10832889271633965,0.17994441092014313,0,0.0094359815478898,0.13252706522047467,52,9 19 29,0.019230769230769232,3.7142857142857144,0.44642857142857145,0.6964285714285714,0.0,0.10693477307047163
ieee5,404,150,0.8807692307692309,0.8750000000000001,1.0,0.8583333333333334,3.3444981575012207,3.3990185260772705,3.3339152336120605,3.300560235977173,0.0025,0.11235350210751806,0.18588460981845856,0.11235350210751806,0.18588460981845856,0,-0.006604383966007914,0.12256322157462554,52,25 18 1,0.019230769230769232,3.5714285714285716,0.44642857142857145,0.7678571428571429,0.0,-0.08708097067262445
ieee5,404,151,0.8442307692307691,,,0.8583333333333334,3.3440089225769043,3.398977756500244,3.3330090045928955,3.3000407218933105,0.0025,0.08876951996769224,0.11489029228687286,0.0887695210320609,0.11489029228687286,0,-0.0006415764263902719,0.11258043379151238,52,15 25 17,0.019230769230769232,3.857142857142857,0.42857142857142855,0.8035714285714286,0.0,-0.02745511436036655
ieee5,404,152,0.8384615384615384,,,0.8583333333333334,3.346857786178589,3.398949146270752,3.3380274772644043,3.3035964965820312,0.0025,0.09089561232498714,0.11287623643875122,0.0908956133893558,0.11287624388933182,0,0.003501162577707034,0.11551144266790085,52,25 28 10,0.019230769230769232,3.857142857142857,0.42857142857142855,0.7857142857142857,0.0,0.007768607831427029
ieee5,404,153,0.8692307692307691,,,0.8583333333333334,3.347935676574707,3.3989500999450684,3.340057611465454,3.3047990798950195,0.0025,0.1011570750602654,0.12983281910419464,0.10115707612463407,0.12983281910419464,0,-0.0026800397586507294,0.11285593183142127,52,3 27 2,0.019230769230769232,3.857142857142857,0.4642857142857143,0.7321428571428571,0.0,-0.08836915450436729
ieee5,404,154,0.8615384615384615,,,0.8583333333333334,3.347681999206543,3.3989334106445312,3.3390424251556396,3.3050711154937744,0.0025,0.10097984969615936,0.13493241369724274,0.1009798486317907,0.13493241369724274,0,-0.002488090419389594,0.12244498064092472,52,13 26 11,0.019230769230769232,3.5714285714285716,0.48214285714285715,0.8035714285714286,0.0,-0.09524508459227425
ieee5,404,155,0.8461538461538461,0.8999999999999999,1.0,0.8583333333333334,3.3493363857269287,3.398928642272949,3.341557025909424,3.307522773742676,0.0025,0.097355419503791,0.14612165093421936,0.09735542269689697,0.14612166583538055,0,0.00446316902525723,0.11751945433140282,51,22 1 3,0.038461538461538464,3.2857142857142856,0.48214285714285715,0.875,0.0,0.044048385960715156
ieee5,404,156,0.8557692307692306,,,0.8583333333333334,3.3460710048675537,3.3989005088806152,3.335594415664673,3.303718090057373,0.0025,0.09187537431716919,0.11775805801153183,0.09187537325280053,0.11775805801153183,0,-0.008186560072667467,0.11408347964981813,52,18 6 22,0.019230769230769232,3.5714285714285716,0.4107142857142857,0.8392857142857143,0.0,-0.09877588520092624
ieee5,404,157,0.8769230769230769,,,0.8583333333333334,3.3455653190612793,3.3988847732543945,3.335970640182495,3.3018412590026855,0.0025,0.08615014968173844,0.11737434566020966,0.08615014648863248,0.11737433820962906,0,0.008620380280682674,0.10717155667493776,52,25 1 22,0.019230769230769232,3.7142857142857144,0.4642857142857143,0.75,0.0,0.09582007144178663
ieee5,404,158,0.8307692307692308,,,0.8583333333333334,3.3406591415405273,3.3988661766052246,3.329714298248291,3.293396472930908,0.0025,0.10974862745829991,0.18910838663578033,0.10974862745829991,0.18910838663578033,0,0.012157754891981872,0.11511464211776255,52,8 24 26,0.019230769230769232,3.5714285714285716,0.4107142857142857,0.8214285714285714,0.0,0.16549720109573432
ieee5,404,159,0.8403846153846153,,,0.8583333333333334,3.3397021293640137,3.3988451957702637,3.328956365585327,3.2913057804107666,0.0025,0.11602883785963058,0.16451725363731384,0.11602883679526192,0.16451725363731384,0,-0.010424854677974228,0.12773747333992308,52,26 19 10,0.019230769230769232,3.7142857142857144,0.4107142857142857,0.8035714285714286,0.0,-0.09770158438810281
ieee5,404,160,0.8499999999999998,0.875,1.0,0.8583333333333334,3.3398261070251465,3.3988187313079834,3.3276607990264893,3.292999267578125,0.0025,0.1106698928134782,0.12639343738555908,0.1106698928134782,0.12639343738555908,0,-0.0075671735506218215,0.1274846580667414,52,18 6 3,0.019230769230769232,4.142857142857143,0.39285714285714285,0.7857142857142857,0.0,-0.16387409237878664
ieee5,404,161,0.8346153846153848,,,0.8583333333333334,3.33646559715271,3.3987767696380615,3.3221566677093506,3.2884645462036133,0.0025,0.1094715983739921,0.18972095847129822,0.10947160050272942,0.1897209733724594,0,0.016628478828351945,0.1223916002842051,52,18 13 6,0.019230769230769232,3.5714285714285716,0.4642857142857143,0.7857142857142857,0.0,0.192567412342344
ieee5,404,162,0.825,,,0.8583333333333334,3.335359573364258,3.3987579345703125,3.320274591445923,3.2870466709136963,0.0025,0.13613556644746236,0.19543054699897766,0.136135567511831,0.19543054699897766,0,-0.0027590290141793396,0.14551554915385018,52,18 12 4,0.019230769230769232,3.5714285714285716,0.48214285714285715,0.6964285714285714,0.0,-0.02410151676407882
ieee5,404,163,0.8384615384615385,,,0.8583333333333334,3.3339710235595703,3.3987627029418945,3.3184614181518555,3.284691333770752,0.0025,0.12508502815450942,0.16154412925243378,0.12508502921887807,0.16154412925243378,0,-0.004765310696362017,0.14005392053491197,52,23 8 24,0.019230769230769232,4.142857142857143,0.39285714285714285,0.6607142857142857,0.0,-0.022399661796433584
ieee5,404,164,0.848076923076923,,,0.8583333333333334,3.3338630199432373,3.3987796306610107,3.3163352012634277,3.2864744663238525,0.0025,0.12508031938757216,0.15268009901046753,0.1250803204519408,0.15268009901046753,0,-0.0016348986671521114,0.13459442214002149,52,17 8 11,0.019230769230769232,4.142857142857143,0.44642857142857145,0.6785714285714286,0.0,-0.012963357780660902
ieee5,404,165,0.8384615384615384,0.8666666666666667,1.0,0.8583333333333334,3.3371620178222656,3.3987934589385986,3.3231828212738037,3.2895100116729736,0.0025,0.11515884952885765,0.17451897263526917,0.11515884952885765,0.17451895773410797,0,0.00017518354938007318,0.12043142572196448,52,0 13 12,0.019230769230769232,3.5714285714285716,0.44642857142857145,0.8571428571428571,0.0,-0.11154854936259133
ieee5,404,166,0.8788461538461536,,,0.8583333333333334,3.334798574447632,3.398820638656616,3.3186070919036865,3.286968231201172,0.0025,0.09700097995144981,0.12834347784519196,0.09700098101581846,0.12834347784519196,0,-0.0021773526663869582,0.11467032888632131,52,7 4 23,0.019230769230769232,3.142857142857143,0.4642857142857143,0.9285714285714286,0.0,-0.07858977679695402
ieee5,404,167,0.8480769230769231,,,0.8583333333333334,3.3344666957855225,3.398851156234741,3.3192949295043945,3.285254955291748,0.0025,0.10992428341082164,0.1553582102060318,0.10992428128208433,0.1553581953048706,0,-0.0011319748054330165,0.1234573062228894,52,18 0 13,0.019230769230769232,4.142857142857143,0.39285714285714285,0.7321428571428571,0.0,-0.06816746720245906
ieee5,404,168,0.8499999999999999,,,0.8583333333333334,3.335430383682251,3.3988747596740723,3.3200578689575195,3.287358283996582,0.0025,0.11223678610154561,0.14170518517494202,0.11223679035902023,0.14170518517494202,0,-0.00215273336149179,0.13246101704450344,51,2 22 7,0.038461538461538464,3.5714285714285716,0.48214285714285715,0.8214285714285714,0.0,-0.06295435130596161
ieee5,404,169,0.8673076923076923,,,0.8583333333333334,3.333871603012085,3.398871898651123,3.3180582523345947,3.284684896469116,0.0025,0.09795877497111048,0.15896017849445343,0.09795877443892616,0.15896017849445343,0,-0.007762519744014403,0.11038339089170662,51,5 24 23,0.038461538461538464,3.142857142857143,0.5714285714285714,0.8392857142857143,0.0,-0.12594789692333766
ieee5,404,170,0.8384615384615384,0.8666666666666667,1.0,0.8583333333333334,3.3262617588043213,3.3988521099090576,3.3019700050354004,3.2779641151428223,0.0025,0.11726692318916321,0.15613025426864624,0.11726692318916321,0.15613025426864624,0,0.005164063643091,0.122810051815277,50,19 1 22,0.057692307692307696,3.7142857142857144,0.42857142857142855,0.7857142857142857,0.0,-0.01912325301340648
ieee5,404,171,0.8673076923076922,,,0.8583333333333334,3.3290112018585205,3.3988287448883057,3.309128761291504,3.2790756225585938,0.0025,0.10748517087527684,0.14475001394748688,0.10748517300401415,0.14475001394748688,0,0.0020286265509919478,0.11211042042686307,52,22 6 8,0.019230769230769232,3.2857142857142856,0.5,0.8571428571428571,0.0,-0.035978496074676514
ieee5,404,172,0.8538461538461538,,,0.8583333333333334,3.325448751449585,3.3987791538238525,3.3043618202209473,3.2732064723968506,0.0025,0.11292412770645958,0.21195921301841736,0.11292412557772227,0.21195921301841736,0,0.007554078989554769,0.10711510863791038,52,22 29 5,0.019230769230769232,3.4285714285714284,0.4642857142857143,0.8214285714285714,0.0,0.0405732486397028
ieee5,404,173,0.8615384615384614,,,0.8583333333333334,3.317981004714966,3.398749828338623,3.2923266887664795,3.262866497039795,0.0025,0.1156020707317761,0.14636871218681335,0.11560206860303879,0.14636871218681335,0,-0.010390661289700521,0.11342949191120956,52,25 8 20,0.019230769230769232,3.857142857142857,0.4107142857142857,0.75,0.0,-0.11648143934352058
ieee5,404,174,0.8711538461538461,,,0.8583333333333334,3.3113300800323486,3.398738384246826,3.283874034881592,3.251377582550049,0.0025,0.10902836280209678,0.21136285364627838,0.10902835694806916,0.2113628387451172,0,0.0075003898013024945,0.10350187514032301,52,5 19 14,0.019230769230769232,3.4285714285714284,0.5,0.75,0.0,0.06400807201862335
ieee5,404,175,0.8961538461538461,0.875,1.0,0.8583333333333334,3.3121516704559326,3.3987069129943848,3.2852914333343506,3.2524564266204834,0.0025,0.1276437464569296,0.2528470754623413,0.12764374539256096,0.2528470754623413,0,-0.0008445183451000887,0.11533226761233206,52,18 21 2,0.019230769230769232,3.0,0.5,0.8571428571428571,0.0,-0.06660085437553269
ieee5,404,176,0.8557692307692307,,,0.8583333333333334,3.311586856842041,3.398674964904785,3.2842180728912354,3.2518677711486816,0.0025,0.1376376822590828,0.18612584471702576,0.13763768545218877,0.18612584471702576,0,-0.0014478152689452355,0.12918773676216933,52,15 3 23,0.019230769230769232,3.857142857142857,0.42857142857142855,0.7857142857142857,0.0,-0.006897108895438058
ieee5,404,177,0.8596153846153846,,,0.8583333333333334,3.300337553024292,3.3986501693725586,3.2668416500091553,3.235520601272583,0.0025,0.12179508698838097,0.18046240508556366,0.12179508698838097,0.18046240508556366,0,-0.0039943985986890486,0.11393228706093697,52,24 16 22,0.019230769230769232,3.5714285714285716,0.5,0.7857142857142857,0.0,-0.08165907540491649
ieee5,404,178,0.8326923076923076,,,0.8583333333333334,3.2944860458374023,3.3986270427703857,3.257974147796631,3.2268567085266113,0.0025,0.12125090083905629,0.16480612754821777,0.12125090190342494,0.16480612754821777,0,0.008527873813783607,0.12107164753942505,52,12 8 18,0.019230769230769232,4.0,0.39285714285714285,0.7857142857142857,0.0,0.051505081089479585
ieee5,404,179,0.8153846153846155,,,0.8583333333333334,3.2770214080810547,3.3985941410064697,3.2386105060577393,3.1938586235046387,0.0025,0.16172381171158381,0.19283270835876465,0.16172381384032114,0.19283270835876465,0,0.0020716689401664413,0.14078552493261448,52,5 11 1,0.019230769230769232,4.0,0.4107142857142857,0.7678571428571429,0.0,-0.03478381037712097
ieee5,404,180,0.855769230769231,0.8916666666666666,1.0,0.8583333333333334,3.28273606300354,3.3985683917999268,3.2472169399261475,3.202422618865967,0.0025,0.14459629889045442,0.20649956166744232,0.1445962999548231,0.20649956166744232,0,-0.0050802871029680735,0.1258510557015472,52,7 16 20,0.019230769230769232,3.857142857142857,0.48214285714285715,0.7142857142857143,0.0,-0.035931096013103216
ieee5,404,181,0.8403846153846154,,,0.8583333333333334,3.2615838050842285,3.3985633850097656,3.2057747840881348,3.180413246154785,0.0025,0.15130981590066636,0.2767195403575897,0.15130981377192906,0.2767195403575897,0,0.004315623135950703,0.12044084201727966,52,29 6 12,0.019230769230769232,3.5714285714285716,0.5,0.7678571428571429,0.0,0.04853940435818264
ieee5,404,182,0.8211538461538461,,,0.8583333333333334,3.248328924179077,3.3985540866851807,3.189696788787842,3.156736135482788,0.0025,0.17237795676503861,0.3378857374191284,0.17237795889377594,0.3378857374191284,0,0.0005397193957693302,0.13123400988305342,52,17 10 2,0.019230769230769232,4.0,0.4107142857142857,0.75,0.0,-0.06611893485699381
ieee5,404,183,0.8403846153846153,,,0.8583333333333334,3.224285364151001,3.3985416889190674,3.1454379558563232,3.1288771629333496,0.0025,0.1529156874333109,0.27284175157546997,0.1529156853045736,0.27284175157546997,0,-0.001378200607947432,0.11374612849016055,51,6 12 0,0.038461538461538464,4.0,0.39285714285714285,0.6785714285714286,0.0,0.023314160960061208
ieee5,404,184,0.8692307692307691,,,0.8583333333333334,3.187868118286133,3.398536443710327,3.0966567993164062,3.068411350250244,0.0025,0.13123940357140132,0.16448868811130524,0.13123940463576997,0.16448868811130524,0,-0.013493530040320296,0.10495746934504632,52,1 10 3,0.019230769230769232,3.4285714285714284,0.39285714285714285,0.9107142857142857,0.0,-0.15251504363758223
ieee5,404,185,0.8423076923076922,0.8916666666666666,1.0,0.8583333333333334,3.1525611877441406,3.398533821105957,3.0253026485443115,3.033846378326416,0.0025,0.19974689185619354,0.26030510663986206,0.1997468982424055,0.26030513644218445,0,0.0052761419389683465,0.13539532024466988,52,23 24 1,0.019230769230769232,3.7142857142857144,0.48214285714285715,0.7678571428571429,0.0,-0.016262665390968323
ieee5,404,186,0.8711538461538461,,,0.8583333333333334,3.1611032485961914,3.398524284362793,3.033736228942871,3.0510499477386475,0.0025,0.17280145095927374,0.25374823808670044,0.17280145095927374,0.25374823808670044,0,0.0051631901422717,0.12387067702782016,52,11 21 19,0.019230769230769232,3.5714285714285716,0.44642857142857145,0.7857142857142857,0.0,0.022669453972152302
ieee5,404,187,0.8615384615384616,,,0.8583333333333334,3.158750057220459,3.398534059524536,3.028702735900879,3.04901385307312,0.0025,0.18835858787809098,0.26956066489219666,0.1883585900068283,0.26956066489219666,0,-0.004244722622948198,0.1260636499184816,52,25 2 15,0.019230769230769232,3.7142857142857144,0.4107142857142857,0.8035714285714286,0.0,-0.05720271276576178
ieee5,404,188,0.8384615384615384,,,0.8583333333333334,3.102088451385498,3.398531198501587,2.9494969844818115,2.9582371711730957,0.0025,0.21082658001354762,0.3964495360851288,0.21082658639975957,0.39644956588745117,0,0.010267511404191073,0.12560593324623467,52,4 11 1,0.019230769230769232,4.285714285714286,0.4107142857142857,0.6964285714285714,0.0,0.0695283476795469
ieee5,404,189,0.8326923076923076,,,0.8583333333333334,3.0843636989593506,3.3985066413879395,2.8712472915649414,2.983336925506592,0.0025,0.1604729922754424,0.2001931071281433,0.16047298801796778,0.20019309222698212,0,-0.004879949126356782,0.11565568605615137,52,14 13 1,0.019230769230769232,4.142857142857143,0.42857142857142855,0.6964285714285714,0.0,-0.09993551298975945
ieee5,404,190,0.8576923076923078,0.875,1.0,0.8583333333333334,3.153122901916504,3.3984932899475098,2.9976136684417725,3.063260793685913,0.0025,0.1992377872977938,0.32982170581817627,0.19923778942653111,0.32982170581817627,0,-0.0021483762225566003,0.13327246440123305,51,4 11 1,0.038461538461538464,4.142857142857143,0.5,0.5714285714285714,0.0,0.014227285448993956
ieee5,404,191,0.848076923076923,,,0.8583333333333334,3.086935043334961,3.39847731590271,2.9148013591766357,2.947526216506958,0.0025,0.17586116067000798,0.24615538120269775,0.17586116279874528,0.24615538120269775,0,-0.007841580274264114,0.12110386702645742,52,20 22 27,0.019230769230769232,3.857142857142857,0.44642857142857145,0.75,0.0,-0.15154005799974715
ieee5,404,192,0.8442307692307692,,,0.8583333333333334,3.1311988830566406,3.3984625339508057,2.9876251220703125,3.0075089931488037,0.0025,0.16649690483297622,0.22676415741443634,0.1664969027042389,0.22676415741443634,0,0.006755857294102987,0.11454342806394496,52,15 0 3,0.019230769230769232,4.0,0.4642857142857143,0.7142857142857143,0.0,0.012307428089635713
ieee5,404,193,0.8557692307692307,,,0.8583333333333334,3.173218250274658,3.3984451293945312,3.0531833171844482,3.068026304244995,0.0025,0.16003560913460596,0.24470531940460205,0.16003560807023728,0.24470530450344086,0,0.00060733429227884,0.1243744739995529,52,7 22 12,0.019230769230769232,3.7142857142857144,0.44642857142857145,0.8035714285714286,0.0,0.0058123958962304255
ieee5,404,194,0.8442307692307692,,,0.8583333333333334,3.1715312004089355,3.398420572280884,3.0508155822753906,3.065355062484741,0.0025,0.1609782576560974,0.26085492968559265,0.16097825872046606,0.26085492968559265,0,0.008956137801690672,0.12372482610422467,52,22 7 26,0.019230769230769232,3.7142857142857144,0.42857142857142855,0.8392857142857143,0.0,0.1061371351991381
ieee5,404,195,0.8788461538461539,0.8916666666666666,1.0,0.8583333333333334,3.1945126056671143,3.398404836654663,3.0968105792999268,3.0883214473724365,0.0025,0.17105633871895926,0.20693501830101013,0.17105633978332793,0.20693501830101013,0,-0.01655194902111991,0.12062093994152501,52,1 11 17,0.019230769230769232,3.857142857142857,0.5535714285714286,0.6964285714285714,0.0,-0.24418065058333532
ieee5,404,196,0.8307692307692307,,,0.8583333333333334,3.2069053649902344,3.398385763168335,3.1184442043304443,3.1038856506347656,0.0025,0.17068672393049514,0.18791386485099792,0.17068672393049514,0.18791386485099792,0,0.008374290110973211,0.13225143430339092,52,22 23 16,0.019230769230769232,3.7142857142857144,0.42857142857142855,0.7857142857142857,0.0,0.01305487219776426
ieee5,404,197,0.8634615384615386,,,0.8583333333333334,3.2254819869995117,3.3983590602874756,3.1546437740325928,3.1234426498413086,0.0025,0.15913653586591994,0.2504626512527466,0.15913653480155127,0.2504626512527466,0,-0.0012152055367970695,0.12409422227493752,52,16 25 18,0.019230769230769232,3.5714285714285716,0.4107142857142857,0.75,0.0,-0.013879691915852683
ieee5,404,198,0.8615384615384616,,,0.8583333333333334,3.2158048152923584,3.398343563079834,3.1310486793518066,3.1180217266082764,0.0025,0.1710997990199498,0.27101168036460876,0.17109980008431844,0.27101168036460876,0,-0.0002539274820054953,0.12403699985625354,52,27 19 1,0.019230769230769232,3.5714285714285716,0.48214285714285715,0.7678571428571429,0.0,0.016505266140614237
ieee5,404,199,0.8711538461538461,,,0.8583333333333334,3.246748208999634,3.398343086242676,3.1795783042907715,3.162322998046875,0.0025,0.14048873313835689,0.2142777293920517,0.1404887352670942,0.2142777293920517,0,-0.004043358666911865,0.11255602327390489,52,14 17 21,0.019230769230769232,3.7142857142857144,0.44642857142857145,0.7678571428571429,0.0,-0.050217652427298684
ieee5,404,200,0.8557692307692307,0.8916666666666666,1.0,0.8583333333333334,3.2789978981018066,3.3983640670776367,3.231210470199585,3.2074203491210938,0.0025,0.13924155490739004,0.2005060762166977,0.1392415538430214,0.2005060762166977,0,0.012730458214019354,0.12167803808204192,52,1 11 6,0.019230769230769232,4.0,0.44642857142857145,0.625,0.0,0.13842305966785975
ieee5,404,201,0.8653846153846154,,,0.8583333333333334,3.286301374435425,3.398371458053589,3.2443647384643555,3.2161688804626465,0.0025,0.1232825932758195,0.16934724152088165,0.12328259540455681,0.16934724152088165,0,-0.016780783876758784,0.11179102865997881,52,21 10 4,0.019230769230769232,3.857142857142857,0.4107142857142857,0.7857142857142857,0.0,-0.2206116638013295
ieee5,404,202,0.8615384615384616,,,0.8583333333333334,3.2898566722869873,3.3983640670776367,3.244171619415283,3.2270350456237793,0.0025,0.1313739919236728,0.1874365508556366,0.13137399298804148,0.1874365508556366,0,0.01110721266685197,0.11694438528425455,52,10 11 0,0.019230769230769232,3.7142857142857144,0.5,0.7321428571428571,0.0,0.15615960583090782
ieee5,404,203,0.8288461538461538,,,0.8583333333333334,3.29764723777771,3.3983471393585205,3.260514974594116,3.234079122543335,0.0025,0.1341287781085287,0.19326651096343994,0.13412877597979136,0.19326649606227875,0,0.0016392315111051386,0.1271799049748885,52,2 1 12,0.019230769230769232,3.857142857142857,0.4107142857142857,0.8035714285714286,0.0,-0.05210338958672115
ieee5,404,204,0.8826923076923076,,,0.8583333333333334,3.310605525970459,3.398315191268921,3.2860450744628906,3.2474560737609863,0.0025,0.11558092066219874,0.1525486707687378,0.11558092066219874,0.1525486707687378,0,-0.007310965241721043,0.11851249847275297,52,0 23 7,0.019230769230769232,3.7142857142857144,0.4642857142857143,0.75,0.0,-0.09253413762365069
ieee5,404,205,0.8288461538461538,0.8833333333333333,1.0,0.8583333333333334,3.301574230194092,3.3982701301574707,3.2677652835845947,3.2386879920959473,0.0025,0.1428270787000656,0.2361123263835907,0.14282707550695964,0.2361123114824295,0,0.0034410326468507545,0.12437330746920593,52,25 23 11,0.019230769230769232,3.5714285714285716,0.48214285714285715,0.8035714285714286,0.0,0.007960245279329163
ieee5,404,206,0.8769230769230771,,,0.8583333333333334,3.295222759246826,3.3982431888580322,3.2585103511810303,3.228914499282837,0.0025,0.12430558247225625,0.2544045150279999,0.12430558353662491,0.2544045150279999,0,-0.0027578987199096726,0.11886094824176106,52,22 25 23,0.019230769230769232,3.2857142857142856,0.4642857142857143,0.875,0.0,-0.017013244330883026
ieee5,404,207,0.8826923076923077,,,0.8583333333333334,3.289137601852417,3.398200035095215,3.247244358062744,3.2219691276550293,0.0025,0.11843628968511309,0.16922856867313385,0.1184362918138504,0.16922856867313385,0,-0.001480413451925135,0.10882560575266773,52,20 21 27,0.019230769230769232,3.5714285714285716,0.48214285714285715,0.6964285714285714,0.0,-0.012643108144402504
ieee5,404,208,0.8557692307692306,,,0.8583333333333334,3.288362979888916,3.398171901702881,3.242961883544922,3.2239553928375244,0.0025,0.13482799913202012,0.21279177069664001,0.13482799913202012,0.21279177069664001,0,0.009655946077635655,0.11735456279213967,52,29 2 21,0.019230769230769232,3.5714285714285716,0.39285714285714285,0.8392857142857143,0.0,0.1495728428874697
ieee5,404,209,0.8711538461538461,,,0.8583333333333334,3.2878081798553467,3.3981473445892334,3.240659475326538,3.2246179580688477,0.0025,0.11788521494184222,0.1843530535697937,0.11788521228092057,0.1843530535697937,0,-0.005313842719960331,0.11897292041028036,52,26 22 1,0.019230769230769232,3.4285714285714284,0.48214285714285715,0.8392857142857143,0.0,-0.10947186074086598
ieee5,404,210,0.8865384615384616,0.8916666666666666,1.0,0.8583333333333334,3.2758162021636963,3.398115396499634,3.223045825958252,3.2062859535217285,0.0025,0.1255016742008073,0.16301871836185455,0.12550167207207,0.16301871836185455,0,-0.007956043543974655,0.12432078049918978,52,7 1 12,0.019230769230769232,3.4285714285714284,0.5357142857142857,0.8035714285714286,0.0,-0.15114238938050611
ieee5,404,211,0.8499999999999998,,,0.8583333333333334,3.276252508163452,3.398104667663574,3.232923984527588,3.1977288722991943,0.0025,0.12089500363383975,0.15257711708545685,0.1208950046982084,0.15257711708545685,0,0.005311771454916407,0.12684808805011671,52,21 28 23,0.019230769230769232,3.5714285714285716,0.44642857142857145,0.8571428571428571,0.0,0.03630436983491693
ieee5,404,212,0.848076923076923,,,0.8583333333333334,3.270315408706665,3.398109197616577,3.21602725982666,3.196810722351074,0.0025,0.13726049874510085,0.1863425374031067,0.13726050087383815,0.18634255230426788,0,0.00082233701295291,0.12025464463536421,52,5 7 18,0.019230769230769232,4.0,0.4107142857142857,0.7678571428571429,0.0,0.021084338426589966
ieee5,404,213,0.8634615384615383,,,0.8583333333333334,3.244314432144165,3.398099422454834,3.1864635944366455,3.148379325866699,0.0025,0.12112908384629659,0.15477298200130463,0.12112908384629659,0.15477298200130463,0,-0.0045185552936835354,0.1148993797181597,52,9 6 14,0.019230769230769232,3.5714285714285716,0.44642857142857145,0.7857142857142857,0.0,-0.07813314135585513
ieee5,404,214,0.875,,,0.8583333333333334,3.2460954189300537,3.3980698585510254,3.1771249771118164,3.1630914211273193,0.0025,0.1334634566945689,0.2821412980556488,0.1334634566945689,0.2821412980556488,0,0.012600032584696937,0.10790199283277985,52,29 12 0,0.019230769230769232,3.2857142857142856,0.5714285714285714,0.8214285714285714,0.0,0.11612554905670029
ieee5,404,215,0.8384615384615385,0.8916666666666666,1.0,0.8583333333333334,3.2033166885375977,3.3980276584625244,3.120295524597168,3.091627359390259,0.0025,0.1511653991682189,0.2163972407579422,0.1511653917176383,0.2163972407579422,0,-0.002512997302871484,0.12538168014237216,52,15 22 4,0.019230769230769232,3.7142857142857144,0.44642857142857145,0.8035714285714286,0.0,-0.0771903544664383
ieee5,404,216,0.8269230769230769,,,0.8583333333333334,3.1670265197753906,3.3979785442352295,3.0458903312683105,3.057208776473999,0.0025,0.18812433310917445,0.2384810596704483,0.18812433310917445,0.2384810596704483,0,-0.0013713336845215124,0.1291704909012669,52,17 24 4,0.019230769230769232,4.142857142857143,0.4107142857142857,0.7142857142857143,0.0,-0.0374226269445249
ieee5,404,217,0.8711538461538461,,,0.8583333333333334,3.1420445442199707,3.3979315757751465,3.010183811187744,3.0180180072784424,0.0025,0.19253670956407273,0.5178464651107788,0.19253670743533544,0.5178464651107788,0,0.003328795159737078,0.11974048533656732,51,17 21 18,0.038461538461538464,3.4285714285714284,0.48214285714285715,0.8035714285714286,0.0,0.06926572562328406
ieee5,404,218,0.8615384615384615,,,0.8583333333333334,3.114805221557617,3.3979036808013916,2.957862615585327,2.9886488914489746,0.0025,0.17453835053103312,0.30981582403182983,0.1745383526597704,0.30981582403182983,0,-0.00434289276241683,0.10823523227975686,52,21 10 4,0.019230769230769232,3.7142857142857144,0.5178571428571429,0.6964285714285714,0.0,-0.04460504384977477
ieee5,404,219,0.8480769230769231,,,0.8583333333333334,3.041991710662842,3.3979036808013916,2.869271755218506,2.858799934387207,0.0025,0.18643520133835928,0.26596635580062866,0.18643520027399063,0.26596635580062866,0,0.008656723313973859,0.12247629687361536,52,23 1 27,0.019230769230769232,3.5714285714285716,0.48214285714285715,0.7857142857142857,0.0,0.09727032163313457
ieee5,404,220,0.851923076923077,0.8666666666666667,1.0,0.8583333333333334,2.9363725185394287,3.3979110717773438,2.6519203186035156,2.7592861652374268,0.0025,0.2175465417759759,0.3078530728816986,0.2175465417759759,0.3078530728816986,0,-0.015307668833814275,0.127239308502294,51,19 18 21,0.038461538461538464,3.5714285714285716,0.4642857142857143,0.8214285714285714,0.0,-0.18337795351232802
ieee5,404,221,0.8346153846153848,,,0.8583333333333334,2.9141147136688232,3.397897958755493,2.6495397090911865,2.694906711578369,0.0025,0.21123243868350983,0.39727696776390076,0.21123244294098445,0.39727699756622314,0,0.012513802565920811,0.11192580946742478,50,22 18 11,0.057692307692307696,4.0,0.42857142857142855,0.6607142857142857,0.0,0.10109396172421319
ieee5,404,222,0.8269230769230769,,,0.8583333333333334,2.9163379669189453,3.3978872299194336,2.6596171855926514,2.691509485244751,0.0025,0.23404937982559204,0.30576226115226746,0.23404938408306666,0.30576226115226746,0,-0.004346350010914298,0.12826937055161958,51,6 7 21,0.038461538461538464,4.285714285714286,0.39285714285714285,0.6964285714285714,0.0,-0.01701297504561288
ieee5,404,223,0.8346153846153845,,,0.8583333333333334,3.0392041206359863,3.397883415222168,2.8344879150390625,2.8852415084838867,0.0025,0.2565024197101593,0.3516651391983032,0.25650242396763395,0.3516651391983032,0,-0.005568012747412117,0.13288308845090294,52,15 11 4,0.019230769230769232,3.5714285714285716,0.42857142857142855,0.8214285714285714,0.0,-9.763027940477644e-05
ieee5,404,224,0.8653846153846154,,,0.8583333333333334,3.1727874279022217,3.3978826999664307,3.061875343322754,3.0586049556732178,0.0025,0.15757486756358827,0.2704945206642151,0.15757486543485097,0.2704945504665375,0,-0.007367403479292989,0.1152490176776335,52,0 15 19,0.019230769230769232,3.7142857142857144,0.5,0.75,0.0,-0.15602018098746026
ieee5,404,225,0.8923076923076922,0.8916666666666666,1.0,0.8583333333333334,3.226749897003174,3.3978865146636963,3.1547915935516357,3.1275720596313477,0.0025,0.14274558424949646,0.21576277911663055,0.14274558212075913,0.21576276421546936,0,0.0017850057114488804,0.10614388276757696,52,3 21 27,0.019230769230769232,3.2857142857142856,0.5178571428571429,0.875,0.0,-0.058132720845086236
ieee5,404,226,0.8826923076923077,,,0.8583333333333334,3.2106211185455322,3.3978819847106934,3.11511492729187,3.1188669204711914,0.0025,0.14420887934310095,0.19578218460083008,0.14420887508562633,0.19578218460083008,0,0.007670615459434115,0.12793046965054136,51,27 6 21,0.038461538461538464,3.5714285714285716,0.44642857142857145,0.8035714285714286,0.0,0.02416208599294935
ieee5,404,227,0.8307692307692307,,,0.8583333333333334,3.1921708583831787,3.397860527038574,3.1028261184692383,3.0758249759674072,0.0025,0.14651725654091155,0.1668676882982254,0.14651725441217422,0.1668677031993866,0,-0.0021871973742515994,0.12141200976170083,52,8 4 21,0.019230769230769232,3.857142857142857,0.4642857142857143,0.75,0.0,-0.052299601425017626
ieee5,404,228,0.8769230769230769,,,0.8583333333333334,3.2194652557373047,3.3978428840637207,3.146106719970703,3.1144447326660156,0.0025,0.16873479634523392,0.24383553862571716,0.16873479847397124,0.24383552372455597,0,-0.0057091813561363286,0.12413004279458446,52,27 8 12,0.019230769230769232,3.7142857142857144,0.5,0.6964285714285714,0.0,-0.03811570576259068
ieee5,404,229,0.8538461538461538,,,0.8583333333333334,3.24251127243042,3.3978536128997803,3.1764423847198486,3.153238534927368,0.0025,0.15130005138260977,0.22373178601264954,0.15130004925387247,0.22373177111148834,0,0.015184024187664572,0.1274890719693617,52,12 17 24,0.019230769230769232,3.5714285714285716,0.4642857142857143,0.7857142857142857,0.0,0.15472582621233805
ieee5,404,230,0.8711538461538461,0.8833333333333333,1.0,0.8583333333333334,3.2594285011291504,3.3978617191314697,3.2051711082458496,3.175253391265869,0.0025,0.13802379263298853,0.18984739482402802,0.13802379156861985,0.18984739482402802,0,-0.009078760420939384,0.12012347617636743,50,5 26 18,0.038461538461538464,3.5714285714285716,0.44642857142857145,0.8035714285714286,0.0,-0.14454067392008646
ieee5,404,231,0.8653846153846155,,,0.8583333333333334,3.269094705581665,3.397869348526001,3.2234127521514893,3.186000347137451,0.0025,0.13738522359303065,0.1698562502861023,0.13738522359303065,0.1698562502861023,0,0.00010108860890166118,0.13259102485544652,52,18 5 19,0.019230769230769232,3.857142857142857,0.4642857142857143,0.7321428571428571,0.0,-0.041954874460186274
ieee5,404,232,0.8326923076923076,,,0.8583333333333334,3.264396905899048,3.397888422012329,3.21311616897583,3.1821863651275635,0.0025,0.1376699869121824,0.2325495034456253,0.1376699869121824,0.2325495034456253,0,0.006228138764317219,0.12911006251991072,52,4 19 23,0.019230769230769232,4.0,0.3392857142857143,0.75,0.0,0.05220128382955279
ieee5,404,233,0.8788461538461537,,,0.8583333333333334,3.2540040016174316,3.3979077339172363,3.192302942276001,3.1718013286590576,0.0025,0.13165653816291265,0.1895577609539032,0.13165653816291265,0.1895577609539032,0,-0.006542154534075122,0.11039658207262318,52,16 11 1,0.019230769230769232,3.4285714285714284,0.48214285714285715,0.875,0.0,-0.11722566932439804
ieee5,404,234,0.8423076923076922,,,0.8583333333333334,3.2404558658599854,3.3979055881500244,3.167743444442749,3.1557180881500244,0.0025,0.14004164401973998,0.2172965556383133,0.14004164189100266,0.2172965556383133,0,0.005719473119825125,0.12021536863912165,52,10 17 1,0.019230769230769232,3.2857142857142856,0.5178571428571429,0.8214285714285714,0.0,-0.015184155532291957
ieee5,404,235,0.8557692307692307,0.8583333333333334,1.0,0.8583333333333334,3.2500691413879395,3.397892951965332,3.1917765140533447,3.1605374813079834,0.0025,0.13777901445116317,0.15858125686645508,0.1377790133867945,0.15858125686645508,0,-0.010820997269967427,0.12954890653567577,52,8 17 21,0.019230769230769232,3.5714285714285716,0.4642857142857143,0.8035714285714286,0.0,-0.17787357605993748
ieee5,404,236,0.8711538461538463,,,0.8583333333333334,3.2345592975616455,3.3978724479675293,3.161479949951172,3.1443254947662354,0.0025,0.13826491790158407,0.24860070645809174,0.1382649200303214,0.24860072135925293,0,0.011506474789502345,0.10827623733331522,52,15 22 26,0.019230769230769232,3.4285714285714284,0.48214285714285715,0.8035714285714286,0.0,0.08615687170198985
ieee5,404,237,0.8769230769230769,,,0.8583333333333334,3.253896951675415,3.3978776931762695,3.190032958984375,3.1737799644470215,0.0025,0.1364728957414627,0.1959715336561203,0.13647289893456868,0.1959715336561203,0,-0.008339589009455476,0.11666969866048638,52,28 16 26,0.019230769230769232,3.4285714285714284,0.5178571428571429,0.7678571428571429,0.0,-0.10996146180800029
ieee5,404,238,0.8653846153846152,,,0.8583333333333334,3.258727550506592,3.3978822231292725,3.207014799118042,3.1712846755981445,0.0025,0.1315892966730254,0.1674778014421463,0.13158929986613138,0.1674778014421463,0,0.0008606606548150572,0.11525677181640158,52,20 6 17,0.019230769230769232,4.0,0.4107142857142857,0.7678571428571429,0.0,-0.04425730210329805
ieee5,404,239,0.8403846153846153,,,0.8583333333333334,3.2755110263824463,3.3978707790374756,3.234541893005371,3.1941206455230713,0.0025,0.14939924329519272,0.19872428476810455,0.14939924435956137,0.19872428476810455,0,0.007875160487366464,0.1311034331844037,52,9 18 4,0.019230769230769232,3.5714285714285716,0.42857142857142855,0.8214285714285714,0.0,0.025919054235730852
ieee5,404,240,0.8596153846153847,0.8666666666666667,1.0,0.8583333333333334,3.2860186100006104,3.39786696434021,3.246683359146118,3.2135047912597656,0.0025,0.13725258942161286,0.16529466211795807,0.13725258729287557,0.16529466211795807,0,-0.009798274268037997,0.11745649163179295,52,11 12 29,0.019230769230769232,4.0,0.44642857142857145,0.7142857142857143,0.0,-0.18638270454747335
ieee5,404,241,0.8153846153846154,,,0.8583333333333334,3.29406476020813,3.397850275039673,3.250108480453491,3.234236001968384,0.0025,0.16989641423736299,0.21738280355930328,0.16989641530173166,0.2173827886581421,0,0.009146645683078812,0.1461251948137927,52,7 11 1,0.019230769230769232,4.0,0.42857142857142855,0.7678571428571429,0.0,-0.018515699676104953
ieee5,404,242,0.8711538461538461,,,0.8583333333333334,3.3044745922088623,3.3978335857391357,3.276211977005005,3.2393782138824463,0.0025,0.12946289139134542,0.2932114005088806,0.12946289139134542,0.2932114005088806,0,-0.0012964566256134557,0.12623384594465542,52,15 3 4,0.019230769230769232,3.857142857142857,0.4107142857142857,0.75,0.0,0.003843362842287336
ieee5,404,243,0.8692307692307691,,,0.8583333333333334,3.3102433681488037,3.3978052139282227,3.2833750247955322,3.2495498657226562,0.0025,0.10068394243717194,0.1313699334859848,0.1006839435015406,0.1313699334859848,0,-0.013614705284663405,0.1167893527099427,52,6 22 23,0.019230769230769232,3.5714285714285716,0.5178571428571429,0.7678571428571429,0.0,-0.14825086242386273
ieee5,404,244,0.8923076923076922,,,0.8583333333333334,3.300579786300659,3.397796392440796,3.2673845291137695,3.2365574836730957,0.0025,0.10165880993008614,0.16093219816684723,0.10165880939790181,0.16093219816684723,0,0.0033844072979543572,0.09856165095526115,52,26 23 19,0.019230769230769232,3.2857142857142856,0.5357142857142857,0.7857142857142857,0.0,-0.010532350412436895
ieee5,404,245,0.8826923076923076,0.8583333333333334,1.0,0.8583333333333334,3.3063130378723145,3.3977720737457275,3.2774839401245117,3.243682384490967,0.0025,0.1085520897592817,0.2581469416618347,0.10855209082365036,0.2581469416618347,0,0.002795140061957332,0.1079800624589787,52,16 8 27,0.019230769230769232,3.5714285714285716,0.4642857142857143,0.7142857142857143,0.0,0.029113073434148515
ieee5,404,246,0.8519230769230769,,,0.8583333333333334,3.291440486907959,3.3977296352386475,3.2544169425964355,3.2221744060516357,0.0025,0.13805499353579112,0.17630989849567413,0.13805499460015977,0.17630989849567413,0,0.006963386146638256,0.1309855509870231,52,19 13 26,0.019230769230769232,4.142857142857143,0.3392857142857143,0.7142857142857143,0.0,0.021767983213067055
ieee5,404,247,0.8538461538461538,,,0.8583333333333334,3.273149251937866,3.3976869583129883,3.2288992404937744,3.1928625106811523,0.0025,0.10128286693777357,0.1341944932937622,0.10128286693777357,0.1341944932937622,0,0.00042884731486153143,0.10093678367678385,52,28 13 15,0.019230769230769232,3.5714285714285716,0.5357142857142857,0.75,0.0,0.014514137857726641
ieee5,404,248,0.8788461538461537,,,0.8583333333333334,3.2623112201690674,3.3976521492004395,3.210963726043701,3.1783177852630615,0.0025,0.12344307346003396,0.15210090577602386,0.12344307558877128,0.15210090577602386,0,-0.0038316555180874555,0.11427237899537705,52,3 11 7,0.019230769230769232,3.2857142857142856,0.5,0.7857142857142857,0.0,-0.07036167516240052
ieee5,404,249,0.8615384615384615,,,0.8583333333333334,3.2490527629852295,3.3976380825042725,3.189354419708252,3.160165548324585,0.0025,0.13481389731168747,0.17338146269321442,0.13481389305421285,0.17338146269321442,0,0.005520111979701771,0.1340555094464254,52,5 1 6,0.019230769230769232,3.4285714285714284,0.5714285714285714,0.8035714285714286,0.0,-0.03890493192843029
ieee5,404,250,0.8307692307692306,0.8666666666666667,1.0,0.8583333333333334,3.22973370552063,3.39762544631958,3.156216859817505,3.1353602409362793,0.0025,0.12893049631799972,0.15250031650066376,0.12893049631799972,0.15250031650066376,0,-0.001382326098302236,0.11960742656304779,52,28 0 23,0.019230769230769232,4.0,0.4107142857142857,0.7321428571428571,0.0,-0.07373677406992231
ieee5,404,251,0.8596153846153846,,,0.8583333333333334,3.2082600593566895,3.3976118564605713,3.121798038482666,3.1053707599639893,0.0025,0.12906020347561156,0.15440289676189423,0.12906020560434886,0.15440289676189423,0,-0.00111601504837521,0.105555130567458,52,21 8 17,0.019230769230769232,4.0,0.44642857142857145,0.6964285714285714,0.0,-0.06243060130093779
ieee5,404,252,0.8596153846153846,,,0.8583333333333334,3.214595317840576,3.397583246231079,3.1320173740386963,3.1141855716705322,0.0025,0.14699500905615942,0.20801740884780884,0.1469950047986848,0.20801739394664764,0,-0.0018300214567436622,0.12501549964200406,52,12 14 29,0.019230769230769232,3.5714285714285716,0.4642857142857143,0.7321428571428571,0.0,-0.031144223042896817
ieee5,404,253,0.8326923076923076,,,0.8583333333333334,3.206328868865967,3.3975718021392822,3.11594557762146,3.105468988418579,0.0025,0.16101250158888952,0.24970757961273193,0.16101250371762685,0.24970759451389313,0,0.011998368592265671,0.12720670710204768,52,8 16 5,0.019230769230769232,4.142857142857143,0.39285714285714285,0.6785714285714286,0.0,0.04397072483386312
ieee5,404,254,0.8615384615384616,,,0.8583333333333334,3.1835083961486816,3.397531747817993,3.0804951190948486,3.0724987983703613,0.0025,0.16039990207978658,0.34815141558647156,0.16039990101541793,0.34815141558647156,0,-0.004638888568689044,0.11420280099519158,52,8 14 17,0.019230769230769232,3.7142857142857144,0.42857142857142855,0.7678571428571429,0.0,0.03227906248399189
ieee5,404,255,0.8749999999999999,0.8500000000000001,1.0,0.8500000000000001,3.1741511821746826,3.3975045680999756,3.060659170150757,3.06429123878479,0.0025,0.16313190438917705,0.24874959886074066,0.16313190864665167,0.24874959886074066,0,-0.008477085269987583,0.12437483563660941,52,12 7 18,0.019230769230769232,4.0,0.42857142857142855,0.6607142857142857,0.0,-0.08358830958604813
ieee5,404,256,0.846153846153846,,,0.8500000000000001,3.1773948669433594,3.3974952697753906,3.078058958053589,3.0566306114196777,0.0025,0.16184068896940776,0.20481324195861816,0.16184069429125106,0.20481325685977936,0,0.004746088632740653,0.13375498798612914,52,14 8 18,0.019230769230769232,3.857142857142857,0.4642857142857143,0.7678571428571429,0.0,-0.004801934318883079
ieee5,404,257,0.8615384615384616,,,0.8500000000000001,3.1870687007904053,3.3974826335906982,3.085855722427368,3.0778684616088867,0.0025,0.18186102275337493,0.33536288142204285,0.18186102701084955,0.33536291122436523,0,0.001094195808456369,0.12383392684478105,52,2 26 16,0.019230769230769232,3.857142857142857,0.39285714285714285,0.8035714285714286,0.0,0.010431167270456041
ieee5,404,258,0.8384615384615384,,,0.8500000000000001,3.1758787631988525,3.3974661827087402,3.0675086975097656,3.0626614093780518,0.0025,0.17237370993409837,0.2616767883300781,0.17237370780536107,0.2616767883300781,0,-0.00474388487278842,0.12269552226094015,52,11 15 9,0.019230769230769232,3.857142857142857,0.375,0.8392857142857143,0.0,-0.09512340703180858
ieee5,404,259,0.8557692307692307,,,0.8500000000000001,3.173586368560791,3.3974504470825195,3.077115297317505,3.0461933612823486,0.0025,0.15040336762155807,0.1978173404932022,0.15040336762155807,0.1978173404932022,0,-0.0011876820711992108,0.11365619223564187,52,24 22 6,0.019230769230769232,3.4285714285714284,0.48214285714285715,0.7857142857142857,0.0,-0.057729151632104604
ieee5,404,260,0.8538461538461538,0.8916666666666666,1.0,0.8500000000000001,3.1387007236480713,3.397444725036621,3.007391929626465,3.011265993118286,0.0025,0.1867551910025733,0.2234177589416504,0.1867551952600479,0.22341777384281158,0,-0.0016894249711185694,0.1265975364802575,52,8 25 17,0.019230769230769232,3.7142857142857144,0.4642857142857143,0.75,0.0,-0.05914404935070446
ieee5,404,261,0.846153846153846,,,0.8500000000000001,3.1000123023986816,3.397433280944824,2.959984302520752,2.9426193237304688,0.0025,0.213625362941197,0.33829495310783386,0.21362536187682832,0.33829495310783386,0,0.001108864125294181,0.13205705437785584,52,23 11 29,0.019230769230769232,4.0,0.44642857142857145,0.7142857142857143,0.0,-0.0994593088648149
ieee5,404,262,0.8634615384615384,,,0.8500000000000001,3.1193580627441406,3.3974244594573975,2.969388484954834,2.991262674331665,0.0025,0.15659275225230626,0.22624291479587555,0.15659275225230626,0.22624291479587555,0,-0.004107129742176487,0.11666500175119833,52,9 21 22,0.019230769230769232,3.857142857142857,0.4642857142857143,0.75,0.0,-0.05706949957779476
ieee5,404,263,0.8423076923076922,,,0.8500000000000001,3.109121561050415,3.3974339962005615,2.945819854736328,2.9841108322143555,0.0025,0.17686828012977326,0.3013584613800049,0.17686827906540462,0.3013584613800049,0,0.011724485227694878,0.12830954352269075,52,20 1 26,0.019230769230769232,4.0,0.39285714285714285,0.75,0.0,0.046055021562746594
ieee5,404,264,0.8576923076923075,,,0.8500000000000001,3.1099445819854736,3.397465705871582,2.9487287998199463,2.9836385250091553,0.0025,0.14010155200958252,0.21665145456790924,0.14010155413831984,0.21665145456790924,0,-0.006240846248916709,0.12035569777029125,52,8 18 0,0.019230769230769232,3.4285714285714284,0.5,0.8392857142857143,0.0,-0.08375146027122225
ieee5,404,265,0.8615384615384615,0.8583333333333334,1.0,0.8500000000000001,3.125601053237915,3.3975014686584473,2.990253210067749,2.9890494346618652,0.0025,0.1974035927227565,0.2964300513267517,0.1974035884652819,0.2964300215244293,0,-0.0015523632218201573,0.13180848490981772,52,13 18 16,0.019230769230769232,3.5714285714285716,0.44642857142857145,0.875,0.0,-0.09252082769359861
ieee5,404,266,0.8711538461538461,,,0.8500000000000001,3.1226794719696045,3.397524118423462,2.9848265647888184,2.985687494277954,0.0025,0.1683156777705465,0.2409217655658722,0.1683156777705465,0.2409217655658722,0,-0.005674443149473518,0.11678038979184442,52,9 6 16,0.019230769230769232,3.142857142857143,0.5357142857142857,0.8928571428571429,0.0,-0.16553366609982081
ieee5,404,267,0.851923076923077,,,0.8500000000000001,3.136737585067749,3.3975436687469482,2.9997427463531494,3.0129263401031494,0.0025,0.15178635184253966,0.22508224844932556,0.15178635397127696,0.22508226335048676,0,0.010287317375724133,0.12102834232672881,52,17 11 28,0.019230769230769232,4.0,0.375,0.7321428571428571,0.0,0.01207190060189792
ieee5,404,268,0.8634615384615383,,,0.8500000000000001,3.0936458110809326,3.397522449493408,2.947129487991333,2.9362869262695312,0.0025,0.15800086195979798,0.20138682425022125,0.1580008640885353,0.20138683915138245,0,-0.004483962521100273,0.10723171831870643,51,10 21 7,0.038461538461538464,3.142857142857143,0.5178571428571429,0.9107142857142857,0.0,-0.1289359623832362
ieee5,404,269,0.8538461538461538,,,0.8500000000000001,2.975092887878418,3.397482395172119,2.7285783290863037,2.79921817779541,0.0025,0.1990510778767722,0.2784438133239746,0.19905107574803488,0.2784438133239746,0,0.011244591540442063,0.13495297531024134,51,22 21 1,0.038461538461538464,3.5714285714285716,0.5178571428571429,0.8035714285714286,0.0,0.1068655497261456
ieee5,404,270,0.8730769230769231,0.8583333333333334,1.0,0.8500000000000001,2.9685871601104736,3.397470235824585,2.721269130706787,2.787022829055786,0.0025,0.1560982455100332,0.25214868783950806,0.1560982455100332,0.25214868783950806,0,-0.01644794811055852,0.1048328742085546,52,11 21 3,0.019230769230769232,3.857142857142857,0.44642857142857145,0.7678571428571429,0.0,-0.15618016677243368
ieee5,404,271,0.8903846153846153,,,0.8500000000000001,2.98571515083313,3.3974759578704834,2.7367172241210938,2.8229525089263916,0.0025,0.169851476592677,0.26891884207725525,0.16985148723636354,0.26891887187957764,0,0.001196341069421928,0.11104800297585914,52,19 1 21,0.019230769230769232,3.4285714285714284,0.48214285714285715,0.8214285714285714,0.0,-0.05301080644130707
ieee5,404,272,0.8384615384615386,,,0.8500000000000001,2.973145008087158,3.3974673748016357,2.706176280975342,2.8157920837402344,0.0025,0.20600023439952306,0.3058493435382843,0.2060002280133111,0.3058493435382843,0,0.018143615879055757,0.11419826546805797,52,12 21 13,0.019230769230769232,3.7142857142857144,0.4642857142857143,0.75,0.0,0.1675375998020172
ieee5,404,273,0.851923076923077,,,0.8500000000000001,3.043775796890259,3.3974416255950928,2.848477602005005,2.885408639907837,0.0025,0.181938393839768,0.25074976682662964,0.18193839277539933,0.25074976682662964,0,-0.012526288218885804,0.12404314842753421,51,1 21 18,0.038461538461538464,3.857142857142857,0.42857142857142855,0.7678571428571429,0.0,-0.12928183004260063
ieee5,404,274,0.8538461538461538,,,0.8500000000000001,3.0697691440582275,3.3974204063415527,2.88727068901062,2.9246163368225098,0.0025,0.1678973851459367,0.291140615940094,0.16789738621030534,0.2911406457424164,0,0.006930119429643338,0.10504214019527534,52,29 24 23,0.019230769230769232,4.142857142857143,0.375,0.6607142857142857,0.0,0.08625792179788862
ieee5,404,275,0.8730769230769231,0.8666666666666667,1.0,0.8500000000000001,3.0534768104553223,3.397409200668335,2.850409984588623,2.912611484527588,0.0025,0.18098966564450944,0.2465241253376007,0.18098967096635274,0.2465241253376007,0,-0.009375144014484249,0.11382060553819573,52,2 21 6,0.019230769230769232,3.4285714285714284,0.48214285714285715,0.8035714285714286,0.0,-0.05707657762936184
ieee5,404,276,0.8442307692307692,,,0.8500000000000001,3.119580030441284,3.3973898887634277,2.98374605178833,2.9776039123535156,0.0025,0.17133675728525435,0.200643852353096,0.17133675941399165,0.200643852353096,0,0.010183982013796385,0.1328097015066323,52,29 16 1,0.019230769230769232,4.142857142857143,0.4107142857142857,0.7142857142857143,0.0,0.07695142099899906
ieee5,404,277,0.8384615384615385,,,0.8500000000000001,3.091304302215576,3.397355079650879,2.9127678871154785,2.9637904167175293,0.0025,0.19881978098835265,0.4169602692127228,0.19881978098835265,0.4169602692127228,0,-0.0074210318091970226,0.12040748884975534,51,28 18 17,0.038461538461538464,3.857142857142857,0.48214285714285715,0.7142857142857143,0.0,-0.07194416650703975
ieee5,404,278,0.8730769230769232,,,0.8500000000000001,3.0971856117248535,3.3973209857940674,2.9439752101898193,2.9502599239349365,0.0025,0.19149434566497803,0.4030718505382538,0.1914943435362407,0.4030718207359314,0,0.0016056523556052037,0.11390361242729424,51,18 6 21,0.038461538461538464,3.857142857142857,0.4107142857142857,0.6785714285714286,0.0,0.002198956108519009
ieee5,404,279,0.8596153846153847,,,0.8500000000000001,3.0625851154327393,3.3972935676574707,2.868598699569702,2.921863079071045,0.0025,0.1414332278072834,0.28987860679626465,0.14143323206475802,0.28987860679626465,0,-0.00209913388467752,0.09623391517400935,52,7 18 6,0.019230769230769232,3.2857142857142856,0.5535714285714286,0.7678571428571429,0.0,-0.06293219833501748
ieee5,404,280,0.851923076923077,0.8833333333333333,1.0,0.8500000000000001,3.0714893341064453,3.397279977798462,2.867504119873047,2.949683904647827,0.0025,0.20852371518101012,0.47741371393203735,0.20852371518101012,0.47741368412971497,0,-0.003176936091711888,0.12048564960439533,52,13 18 6,0.019230769230769232,3.4285714285714284,0.48214285714285715,0.8392857142857143,0.0,-0.11910701170563698
ieee5,404,281,0.8519230769230769,,,0.8500000000000001,3.0028576850891113,3.3972666263580322,2.7677526473999023,2.843553066253662,0.0025,0.16917076919760024,0.24748246371746063,0.1691707702619689,0.24748244881629944,0,0.012924131310473267,0.12013394036497654,52,26 7 21,0.019230769230769232,3.857142857142857,0.44642857142857145,0.75,0.0,0.05310086879347052
ieee5,404,282,0.8769230769230767,,,0.8500000000000001,2.8462586402893066,3.397242307662964,2.4675521850585938,2.6739816665649414,0.0025,0.21634095375026977,0.36693674325942993,0.21634095587900706,0.3669367730617523,0,-0.00931839501999303,0.11879460158624353,50,23 11 17,0.038461538461538464,3.5714285714285716,0.5,0.7678571428571429,0.0,-0.11570174459900175
ieee5,404,283,0.8499999999999999,,,0.8500000000000001,2.7962443828582764,3.397233247756958,2.4136767387390137,2.577822685241699,0.0025,0.1964097640344075,0.26671814918518066,0.19640976297003881,0.26671814918518066,0,-0.0022307999808197985,0.11262785825045418,52,18 20 1,0.019230769230769232,3.857142857142857,0.4642857142857143,0.7678571428571429,0.0,-0.12540104745754174
ieee5,404,284,0.8576923076923078,,,0.8500000000000001,2.6237049102783203,3.397228240966797,2.0832364559173584,2.390650749206543,0.0025,0.23899327431406295,0.288827121257782,0.23899327431406295,0.28882715106010437,0,-0.0064380374343062825,0.1309772542604659,51,28 11 1,0.038461538461538464,4.0,0.42857142857142855,0.7857142857142857,0.0,-0.09004314802587032
ieee5,404,285,0.8673076923076922,0.8833333333333333,1.0,0.8500000000000001,2.6591975688934326,3.397223949432373,2.179084300994873,2.4012837409973145,0.0025,0.22191441697733744,0.3300595283508301,0.22191441697733744,0.3300595283508301,0,0.009488152984816294,0.11475504781741878,50,14 1 21,0.038461538461538464,3.7142857142857144,0.48214285714285715,0.8035714285714286,0.0,0.08869533772979464
ieee5,404,286,0.8846153846153846,,,0.8500000000000001,2.6550183296203613,3.397213935852051,2.0930299758911133,2.474811315536499,0.0025,0.19088836652891977,0.28052857518196106,0.19088836865765707,0.28052857518196106,0,-0.003081891527891947,0.11151242460337321,52,26 1 24,0.019230769230769232,3.5714285714285716,0.44642857142857145,0.7857142857142857,0.0,0.0009597470717770713
ieee5,404,287,0.851923076923077,,,0.8500000000000001,2.7855207920074463,3.3971924781799316,2.4178812503814697,2.5414886474609375,0.0025,0.21598950241293227,0.31021174788475037,0.21598950560603822,0.31021174788475037,0,-0.0033536170152589106,0.12678674539061738,52,16 5 11,0.019230769230769232,4.142857142857143,0.42857142857142855,0.625,0.0,-0.034409769411597936
ieee5,404,288,0.8519230769230768,,,0.8500000000000001,2.782796621322632,3.397148609161377,2.3445942401885986,2.6066465377807617,0.0025,0.181540809571743,0.21378925442695618,0.181540809571743,0.21378923952579498,0,0.010566659512383362,0.12032797139120546,51,23 1 17,0.038461538461538464,3.0,0.5535714285714286,0.875,0.0,-0.018877838339124407
ieee5,404,289,0.8384615384615384,,,0.8500000000000001,2.7608931064605713,3.3971211910247803,2.2762393951416016,2.609318256378174,0.0025,0.19774950721434184,0.25991377234458923,0.19774950721434184,0.25991377234458923,0,-0.0008247622127573078,0.13665798265932558,52,16 6 1,0.019230769230769232,3.7142857142857144,0.44642857142857145,0.7857142857142857,0.0,-0.018943585455417633
ieee5,404,290,0.8846153846153846,0.8916666666666666,1.0,0.8500000000000001,2.789680242538452,3.39711856842041,2.3658695220947266,2.6060526371002197,0.0025,0.196568991456713,0.3389134109020233,0.1965689935854503,0.3389134109020233,0,-0.011360604969712976,0.11587391797396036,50,7 11 21,0.038461538461538464,3.4285714285714284,0.5,0.8392857142857143,0.0,-0.1520993137466056
ieee5,404,291,0.8557692307692306,,,0.8500000000000001,2.8162543773651123,3.397127866744995,2.4090824127197266,2.6425538063049316,0.0025,0.22155481151172093,0.42174676060676575,0.22155481364045823,0.42174676060676575,0,0.0049507709112591464,0.11389843225226469,51,25 21 1,0.038461538461538464,3.857142857142857,0.44642857142857145,0.75,0.0,0.01818285190633365
ieee5,404,292,0.8596153846153846,,,0.8500000000000001,2.929564952850342,3.397148370742798,2.6314263343811035,2.7601208686828613,0.0025,0.19154328746455057,0.23306426405906677,0.1915432917220252,0.23306426405906677,0,-0.002041273284703493,0.1076399605363268,52,6 1 21,0.019230769230769232,3.4285714285714284,0.5178571428571429,0.8035714285714286,0.0,-0.08962846600583621
ieee5,404,293,0.8673076923076921,,,0.8500000000000001,2.9644649028778076,3.397172212600708,2.7058656215667725,2.7903571128845215,0.0025,0.18279173225164413,0.2526114583015442,0.18279173438038146,0.2526114583015442,0,0.0086046600750146,0.1142452189374291,51,2 6 21,0.038461538461538464,3.7142857142857144,0.4642857142857143,0.7678571428571429,0.0,0.05753898620605469
ieee5,404,294,0.8461538461538461,,,0.8500000000000001,3.0292646884918213,3.397186279296875,2.857961416244507,2.832646608352661,0.0025,0.1953346857002803,0.2519131600856781,0.19533468357154302,0.2519131600856781,0,-0.0058572413758016546,0.11798914837836995,52,22 1 13,0.019230769230769232,4.285714285714286,0.39285714285714285,0.7142857142857143,0.0,-0.12298604207379478
ieee5,404,295,0.8250000000000001,0.8916666666666666,1.0,0.8500000000000001,2.9932408332824707,3.397197961807251,2.7849233150482178,2.7976019382476807,0.0025,0.19758195004292897,0.30894625186920166,0.19758194152797973,0.30894625186920166,0,0.018535749138279174,0.11810165555813076,52,29 11 6,0.019230769230769232,3.2857142857142856,0.5178571428571429,0.8214285714285714,0.0,0.27294394267456873
ieee5,404,296,0.8923076923076925,,,0.8500000000000001,3.0522477626800537,3.397209644317627,2.873265504837036,2.88626766204834,0.0025,0.15944175528628485,0.2894554138183594,0.15944175209317887,0.2894554138183594,0,-0.02145267585113358,0.10198115452690563,52,28 26 23,0.019230769230769232,3.2857142857142856,0.44642857142857145,0.8571428571428571,0.0,-0.22690922341176442
ieee5,404,297,0.8576923076923078,,,0.8500000000000001,3.0547168254852295,3.397213935852051,2.872272491455078,2.8946635723114014,0.0025,0.15987966316086905,0.22138389945030212,0.15987966103213175,0.22138388454914093,0,0.004472474699958604,0.12605303499501327,52,13 23 14,0.019230769230769232,3.4285714285714284,0.4642857142857143,0.8392857142857143,0.0,-0.04311298472540719
ieee5,404,298,0.8769230769230769,,,0.8500000000000001,3.052832841873169,3.3972103595733643,2.8358914852142334,2.925396203994751,0.0025,0.1675439945289067,0.2805836498737335,0.16754399240016937,0.2805836498737335,0,-0.002871724976172957,0.11534520867397446,50,8 1 17,0.038461538461538464,3.2857142857142856,0.4642857142857143,0.8214285714285714,0.0,-0.02713209922824587
ieee5,404,299,0.8307692307692307,,,0.8500000000000001,3.05942964553833,3.3972086906433105,2.85567569732666,2.9254050254821777,0.0025,0.17402598048959458,0.21977493166923523,0.1740259783608573,0.21977493166923523,0,0.0070625583332282705,0.126701761863581,52,6 25 19,0.019230769230769232,3.857142857142857,0.4107142857142857,0.7857142857142857,0.0,0.055953262107712884
ieee5,404,300,0.8326923076923077,0.8916666666666666,1.0,0.8500000000000001,3.083906888961792,3.3972015380859375,2.8934097290039062,2.961108922958374,0.0025,0.20586212298699788,0.40457138419151306,0.20586212618010385,0.40457141399383545,0,0.007474511431959959,0.11409064411838019,51,25 21 1,0.038461538461538464,3.857142857142857,0.44642857142857145,0.7321428571428571,0.0,0.08842262040291514
ieee5,404,301,0.8461538461538463,,,0.8500000000000001,3.1053054332733154,3.3972012996673584,2.9447975158691406,2.9739184379577637,0.0025,0.17044042157275335,0.26101431250572205,0.17044041944401606,0.26101431250572205,0,-0.007518733153119683,0.12248199880245302,51,24 21 27,0.038461538461538464,4.142857142857143,0.39285714285714285,0.7857142857142857,0.0,-0.06863049178251199
ieee5,404,302,0.8346153846153845,,,0.8500000000000001,3.0185163021087646,3.3971810340881348,2.7892820835113525,2.8690850734710693,0.0025,0.1974103312407221,0.2751465141773224,0.19741032804761613,0.275146484375,0,0.004402989342522163,0.13069195261079192,51,28 7 27,0.038461538461538464,3.7142857142857144,0.48214285714285715,0.7857142857142857,0.0,0.009267187810369901
ieee5,404,303,0.8596153846153846,,,0.8500000000000001,3.00567364692688,3.397156000137329,2.7773358821868896,2.842529058456421,0.0025,0.21882573940924235,0.28903985023498535,0.21882574366671698,0.28903985023498535,0,-0.0029582782791784177,0.11624242709139991,51,14 21 6,0.038461538461538464,3.857142857142857,0.44642857142857145,0.75,0.0,0.025584911661488668
ieee5,404,304,0.8788461538461536,,,0.8500000000000001,3.0227527618408203,3.3971481323242188,2.8114700317382812,2.859640598297119,0.0025,0.17557079238551004,0.24032332003116608,0.1755707934498787,0.24032332003116608,0,-0.010309146693194075,0.11355228285843588,52,17 7 18,0.019230769230769232,3.7142857142857144,0.5,0.7678571428571429,0.0,-0.11792114057711192
ieee5,404,305,0.8576923076923075,0.8916666666666666,1.0,0.8500000000000001,3.065298318862915,3.3971354961395264,2.8784165382385254,2.9203426837921143,0.0025,0.1527692558509963,0.2940940260887146,0.15276926117283957,0.294094055891037,0,0.004358143044205813,0.11132281763249753,52,16 12 11,0.019230769230769232,3.5714285714285716,0.42857142857142855,0.8214285714285714,0.0,0.0531701786177499
ieee5,404,306,0.8269230769230769,,,0.8500000000000001,3.0039167404174805,3.39711332321167,2.7579233646392822,2.8567135334014893,0.0025,0.18403461575508118,0.2490636259317398,0.18403461149760655,0.2490636259317398,0,0.0065845394542870615,0.1328459088782764,52,29 21 16,0.019230769230769232,4.285714285714286,0.39285714285714285,0.7142857142857143,0.0,0.031421150479997904
ieee5,404,307,0.8173076923076924,,,0.8500000000000001,2.9815256595611572,3.397063732147217,2.716533899307251,2.830979585647583,0.0025,0.23029677463429316,0.36698320508003235,0.23029677463429316,0.36698317527770996,0,0.006674142340601135,0.12665274109480285,52,16 29 12,0.019230769230769232,4.0,0.48214285714285715,0.6964285714285714,0.0,0.15011416375637054
ieee5,404,308,0.848076923076923,,,0.8500000000000001,2.922419548034668,3.397050142288208,2.6181979179382324,2.752011775970459,0.0025,0.2044958280665534,0.3176061511039734,0.20449583232402802,0.3176061809062958,0,-0.007028479755927737,0.1288211671761508,51,25 1 21,0.038461538461538464,3.857142857142857,0.44642857142857145,0.75,0.0,-0.042539309178079875
ieee5,404,309,0.8403846153846154,,,0.8500000000000001,3.0423388481140137,3.397059202194214,2.8327393531799316,2.8972177505493164,0.0025,0.15366771391459874,0.21507056057453156,0.15366771604333604,0.21507056057453156,0,-0.002020204341253982,0.13036288487839434,52,27 2 8,0.019230769230769232,4.0,0.4107142857142857,0.6785714285714286,0.0,-0.053865554077284675
ieee5,404,310,0.8615384615384615,0.875,1.0,0.8500000000000001,3.038933753967285,3.397047758102417,2.8393542766571045,2.880399227142334,0.0025,0.1607944667339325,0.21166786551475525,0.16079446886266982,0.21166786551475525,0,-0.005390708352654026,0.11542589154255657,52,18 0 27,0.019230769230769232,4.0,0.48214285714285715,0.7142857142857143,0.0,-0.12449433441673007
ieee5,404,311,0.8788461538461539,,,0.8500000000000001,3.0404601097106934,3.3970582485198975,2.8154313564300537,2.9088900089263916,0.0025,0.16564882120915822,0.2670633792877197,0.16564882759537017,0.2670633792877197,0,0.002134640602609859,0.11519843200635854,52,0 16 11,0.019230769230769232,3.4285714285714284,0.44642857142857145,0.8571428571428571,0.0,0.02718070096203259
ieee5,404,312,0.8442307692307693,,,0.8500000000000001,2.973867177963257,3.397050142288208,2.683418035507202,2.8411333560943604,0.0025,0.2143481725028583,0.4318018853664398,0.21434817569596426,0.4318018853664398,0,0.005746381178211708,0.1360215465022896,52,20 18 17,0.019230769230769232,3.7142857142857144,0.39285714285714285,0.8928571428571429,0.0,0.032987089295472415
ieee5,404,313,0.8384615384615385,,,0.8500000000000001,2.9622325897216797,3.3970396518707275,2.7317581176757812,2.757899761199951,0.0025,0.2351063745362418,0.33065760135650635,0.2351063766649791,0.33065760135650635,0,-0.006850068314144244,0.13413360351419618,52,4 12 17,0.019230769230769232,4.0,0.4107142857142857,0.7321428571428571,0.0,-0.16551754304340907
ieee5,404,314,0.8884615384615385,,,0.8500000000000001,2.8306849002838135,3.3970046043395996,2.538431406021118,2.556619167327881,0.0025,0.23243481985160283,0.33044445514678955,0.2324348177228655,0.33044445514678955,0,-0.008756826148153497,0.1157092031362477,52,6 18 7,0.019230769230769232,3.2857142857142856,0.5,0.8214285714285714,0.0,-0.1687318884900638
ieee5,404,315,0.8423076923076921,0.8999999999999999,1.0,0.8500000000000001,2.6455345153808594,3.3969569206237793,2.2269976139068604,2.312649726867676,0.0025,0.23659306232418334,0.4624875485897064,0.23659306977476394,0.4624875783920288,0,0.011036843583077336,0.1259915619844076,51,23 18 11,0.038461538461538464,4.0,0.4642857142857143,0.7321428571428571,0.0,0.037479837025914876
ieee5,404,316,0.8730769230769229,,,0.8500000000000001,2.57030987739563,3.396918773651123,2.1252455711364746,2.188765048980713,0.0025,0.1782130609665598,0.2544269561767578,0.17821306309529714,0.2544269561767578,0,-0.005864577681327669,0.10717556151254341,51,5 7 11,0.038461538461538464,3.857142857142857,0.4642857142857143,0.7321428571428571,0.0,-0.0766902778829847
ieee5,404,317,0.8538461538461537,,,0.8500000000000001,2.515817403793335,3.396873950958252,2.053069591522217,2.0975077152252197,0.0025,0.23252850558076585,0.3506123125553131,0.23252850770950317,0.3506123125553131,0,-0.0008938997589911406,0.11530836598368076,50,15 21 1,0.038461538461538464,3.7142857142857144,0.48214285714285715,0.7857142857142857,0.0,-0.0909772983619145
ieee5,404,318,0.8846153846153848,,,0.8500000000000001,2.4684417247772217,3.3968522548675537,2.03568434715271,1.9727883338928223,0.0025,0.20186313348157064,0.281571626663208,0.2018631398677826,0.281571626663208,0,-0.007847824283929255,0.11526556108298391,52,17 7 21,0.019230769230769232,3.2857142857142856,0.5357142857142857,0.8214285714285714,0.0,-0.13431218692234584
ieee5,404,319,0.8153846153846154,,,0.8500000000000001,2.383594274520874,3.396852970123291,1.824492335319519,1.9294365644454956,0.0025,0.2653091070907457,0.4375680387020111,0.265309102833271,0.4375680387020111,0,0.013630714102943715,0.13228732290637862,50,27 1 11,0.038461538461538464,3.4285714285714284,0.42857142857142855,0.8571428571428571,0.0,0.055578993899481635
ieee5,404,320,0.8057692307692309,0.8999999999999999,1.0,0.8500000000000001,2.3648693561553955,3.396864175796509,1.8332704305648804,1.8644731044769287,0.0025,0.29497296469552176,0.36912739276885986,0.294972973210471,0.36912745237350464,0,0.011805309645401744,0.13545685717714348,52,24 11 7,0.019230769230769232,4.0,0.42857142857142855,0.75,0.0,0.12363329982118947
ieee5,404,321,0.8634615384615384,,,0.8500000000000001,2.4222466945648193,3.396883964538574,1.9245561361312866,1.9452998638153076,0.0025,0.25073771817343576,0.3389536440372467,0.2507377117872238,0.3389536440372467,0,-0.01440693589057236,0.12279521499296664,51,17 7 18,0.038461538461538464,3.5714285714285716,0.48214285714285715,0.7857142857142857,0.0,-0.14857965122376168
ieee5,404,322,0.8576923076923074,,,0.8500000000000001,2.4258458614349365,3.3969106674194336,1.8574671745300293,2.0231587886810303,0.0025,0.2264675796031952,0.3551025092601776,0.2264675796031952,0.3551025092601776,0,0.0020373968033639426,0.11501629680398036,50,22 11 18,0.038461538461538464,3.2857142857142856,0.5357142857142857,0.8392857142857143,0.0,0.02410984252180372
ieee5,404,323,0.8326923076923076,,,0.8500000000000001,2.524507522583008,3.3969228267669678,2.0450806617736816,2.1315197944641113,0.0025,0.23606844885008677,0.29034265875816345,0.23606844672134944,0.29034265875816345,0,-0.0020054534185104645,0.11294580869435615,50,15 11 7,0.038461538461538464,4.142857142857143,0.4107142857142857,0.7142857142857143,0.0,-0.019771873950958252
ieee5,404,324,0.8307692307692308,,,0.8500000000000001,2.640477418899536,3.3969175815582275,2.1585474014282227,2.3659675121307373,0.0025,0.23681934816496714,0.3466934263706207,0.2368193534868104,0.3466934263706207,0,0.00704712809350055,0.11946347526808328,52,15 7 1,0.019230769230769232,4.142857142857143,0.48214285714285715,0.6785714285714286,0.0,0.021887632619057382
ieee5,404,325,0.8711538461538461,0.8999999999999999,1.0,0.8500000000000001,2.825894832611084,3.3969056606292725,2.4731063842773438,2.6076722145080566,0.0025,0.20806692966393062,0.2659745216369629,0.20806692966393062,0.2659745216369629,0,-0.006441397378903975,0.12799312556253553,51,19 18 11,0.038461538461538464,3.857142857142857,0.42857142857142855,0.7321428571428571,0.0,-0.011713030082838876
ieee5,404,326,0.8557692307692307,,,0.8500000000000001,2.8677029609680176,3.396878719329834,2.544670343399048,2.66156005859375,0.0025,0.19759202961410796,0.26651912927627563,0.19759203174284526,0.26651912927627563,0,0.0053400482104804655,0.11407327765798671,50,13 18 11,0.038461538461538464,3.4285714285714284,0.5,0.8035714285714286,0.0,-0.030482241617781774
ieee5,404,327,0.8019230769230768,,,0.8500000000000001,2.7903833389282227,3.396848440170288,2.436337471008301,2.537963628768921,0.0025,0.22132504837853567,0.27833476662635803,0.22132504837853567,0.27833476662635803,0,0.005531905151796169,0.13510203930979894,50,23 7 18,0.038461538461538464,4.571428571428571,0.3392857142857143,0.6071428571428571,0.0,0.042172575635569434
ieee5,404,328,0.8480769230769233,,,0.8500000000000001,2.849588632583618,3.3968305587768555,2.5333034992218018,2.618631601333618,0.0025,0.18211841689688818,0.36158475279808044,0.18211841689688818,0.36158472299575806,0,-0.0080308008652467,0.11480956059457677,51,6 7 11,0.038461538461538464,3.5714285714285716,0.4642857142857143,0.7857142857142857,0.0,-0.09655868395098618
ieee5,404,329,0.8346153846153845,,,0.8500000000000001,2.8325164318084717,3.3968136310577393,2.4966952800750732,2.6040399074554443,0.0025,0.20285530601228988,0.2740887403488159,0.20285529856170928,0.27408871054649353,0,0.002622157227821075,0.1224381862366627,52,0 8 17,0.019230769230769232,4.142857142857143,0.4107142857142857,0.7321428571428571,0.0,-0.010642793561731066
ieee5,404,330,0.8557692307692307,0.8999999999999999,1.0,0.8500000000000001,2.8932719230651855,3.3967959880828857,2.5873658657073975,2.6956543922424316,0.0025,0.19712343173367636,0.2931312918663025,0.19712343173367636,0.2931312918663025,0,-0.002417790273634287,0.11672676288209584,50,6 11 1,0.038461538461538464,4.142857142857143,0.375,0.6785714285714286,0.0,-9.605714253016881e-05
ieee5,404,331,0.8730769230769231,,,0.8500000000000001,2.9704723358154297,3.3967721462249756,2.693960666656494,2.820683479309082,0.0025,0.17548747041395732,0.22472286224365234,0.17548747041395732,0.22472286224365234,0,-0.0025850416932371445,0.1084992928160528,50,24 1 11,0.038461538461538464,3.7142857142857144,0.4642857142857143,0.7678571428571429,0.0,-0.052071587315627506
ieee5,404,332,0.8500000000000001,,,0.8500000000000001,2.978914976119995,3.39676833152771,2.7518649101257324,2.788111448287964,0.0025,0.1998216892991747,0.342756062746048,0.19982168397733144,0.3427560329437256,0,-0.0034776974308232847,0.11673103913774906,52,1 16 15,0.019230769230769232,3.5714285714285716,0.5,0.7857142857142857,0.0,-0.0971006942646844
ieee5,404,333,0.8653846153846154,,,0.8500000000000001,2.9328322410583496,3.3967816829681396,2.6833152770996094,2.718400001525879,0.0025,0.18691423109599523,0.30056557059288025,0.1869142289672579,0.30056557059288025,0,0.0019217619511227196,0.11025982360353494,52,3 10 7,0.019230769230769232,3.5714285714285716,0.4107142857142857,0.8392857142857143,0.0,-0.06913173571228981
ieee5,404,334,0.8346153846153844,,,0.8500000000000001,2.805992603302002,3.3967854976654053,2.5090599060058594,2.512132406234741,0.0025,0.22997213900089264,0.32044970989227295,0.22997212622846877,0.32044970989227295,0,0.007908830508733025,0.1335457712047812,51,11 7 18,0.038461538461538464,3.5714285714285716,0.4642857142857143,0.8035714285714286,0.0,-0.012879192563039916
ieee5,404,335,0.8249999999999998,0.8999999999999999,1.0,0.8500000000000001,2.7247631549835205,3.396749258041382,2.3406004905700684,2.4369394779205322,0.0025,0.253188424876758,0.35816487669944763,0.2531884206192834,0.35816487669944763,0,-0.003599225480754215,0.13396073329783925,51,20 7 1,0.038461538461538464,3.857142857142857,0.42857142857142855,0.8035714285714286,0.0,-0.07884113996156625
ieee5,404,336,0.8500000000000001,,,0.8500000000000001,2.696697473526001,3.3967013359069824,2.3331267833709717,2.360264301300049,0.0025,0.24568713456392288,0.45282235741615295,0.24568713456392288,0.45282235741615295,0,0.0033988036716786716,0.1266861064820748,50,25 18 0,0.038461538461538464,4.0,0.42857142857142855,0.6607142857142857,0.0,0.08787605006779943
ieee5,404,337,0.8576923076923078,,,0.8500000000000001,2.754142999649048,3.396684408187866,2.456465244293213,2.409278392791748,0.0025,0.22107065149715968,0.33357563614845276,0.22107064936842238,0.33357563614845276,0,-0.00564402137668087,0.1271701600209583,51,11 7 1,0.038461538461538464,3.7142857142857144,0.4107142857142857,0.6964285714285714,0.0,-0.0970416111605508
ieee5,404,338,0.8519230769230769,,,0.8500000000000001,2.6095619201660156,3.396651268005371,2.2292401790618896,2.2027947902679443,0.0025,0.2580156943627766,0.3537909686565399,0.25801569649151396,0.3537909984588623,0,-0.001772770229973293,0.1302865712546579,51,23 11 18,0.038461538461538464,3.857142857142857,0.4107142857142857,0.6785714285714286,0.0,0.011955976486206055
ieee5,404,339,0.8519230769230769,,,0.8500000000000001,2.5637385845184326,3.396632194519043,2.1136720180511475,2.1809113025665283,0.0025,0.256454342177936,0.3237944543361664,0.25645433579172405,0.3237944543361664,0,0.0009238600950294102,0.1256517703554708,50,24 11 1,0.038461538461538464,4.0,0.4107142857142857,0.7678571428571429,0.0,-0.08879526784377438
ieee5,404,340,0.8673076923076923,0.8999999999999999,1.0,0.8500000000000001,2.380402088165283,3.39662504196167,1.8142187595367432,1.9303631782531738,0.0025,0.2763545406716211,0.5355058312416077,0.2763545342854091,0.5355058312416077,0,0.001457611130228123,0.13240266114517746,51,23 11 18,0.038461538461538464,3.857142857142857,0.44642857142857145,0.75,0.0,0.004484683275222778
ieee5,404,341,0.8192307692307692,,,0.8500000000000001,2.4916114807128906,3.3966457843780518,2.0191805362701416,2.0590081214904785,0.0025,0.28095827996730804,0.5180720686912537,0.280958283160414,0.5180720686912537,0,0.013739084339109607,0.1277802581765921,52,10 7 11,0.019230769230769232,3.7142857142857144,0.42857142857142855,0.7678571428571429,0.0,0.0997632337468011
ieee5,404,342,0.8538461538461538,,,0.8500000000000001,2.472219467163086,3.3966517448425293,1.9929434061050415,2.0270631313323975,0.0025,0.22535963569368636,0.36181628704071045,0.2253596314362117,0.36181628704071045,0,-0.014902404312474223,0.12106218643911835,50,8 7 11,0.038461538461538464,3.5714285714285716,0.5357142857142857,0.7857142857142857,0.0,-0.094945527613163
ieee5,404,343,0.8634615384615384,,,0.8500000000000001,2.493931531906128,3.3966615200042725,2.0089221000671387,2.0762109756469727,0.0025,0.23375617286988667,0.3483901917934418,0.2337561771273613,0.3483901917934418,0,0.0007876867625432519,0.13412626421437998,49,15 7 1,0.038461538461538464,3.7142857142857144,0.48214285714285715,0.75,0.0,-0.006538687007767814
ieee5,404,344,0.8653846153846152,,,0.8500000000000001,2.607318878173828,3.3966803550720215,2.199954032897949,2.22532320022583,0.0025,0.189668242420469,0.24855288863182068,0.18966824454920633,0.24855290353298187,0,-0.0006174380810429844,0.12336768467616585,49,2 1 7,0.038461538461538464,3.5714285714285716,0.48214285714285715,0.7678571428571429,0.0,-0.061739791450755935
ieee5,404,345,0.8788461538461539,0.8583333333333334,1.0,0.8500000000000001,2.5774195194244385,3.396686553955078,2.184767484664917,2.150804042816162,0.0025,0.19041522379432405,0.2845190465450287,0.19041522592306137,0.2845190465450287,0,-0.004570004780991719,0.10912737306306415,48,14 11 7,0.038461538461538464,3.857142857142857,0.5,0.7321428571428571,0.0,-0.0956599201474871
ieee5,404,346,0.8596153846153846,,,0.8500000000000001,2.523111343383789,3.3966760635375977,2.0319101810455322,2.140747308731079,0.0025,0.1954455907855715,0.28510618209838867,0.19544559291430882,0.28510618209838867,0,-3.841924514675226e-05,0.12353277893228298,52,4 7 29,0.019230769230769232,3.7142857142857144,0.5,0.7321428571428571,0.0,-0.07548081874847412
ieee5,404,347,0.8557692307692306,,,0.8500000000000001,2.4097816944122314,3.3966517448425293,1.8676609992980957,1.9650324583053589,0.0025,0.2441767794745309,0.35699403285980225,0.2441767794745309,0.35699406266212463,0,0.005400131505806572,0.12997678287704628,49,19 7 11,0.038461538461538464,3.857142857142857,0.4642857142857143,0.7678571428571429,0.0,-0.02386555208691529
ieee5,404,348,0.8403846153846153,,,0.8500000000000001,2.2596728801727295,3.3966217041015625,1.5012943744659424,1.8811020851135254,0.0025,0.22540468190397536,0.37044718861579895,0.22540467551776341,0.37044715881347656,0,0.00022484748982466184,0.12812335938359265,48,26 7 11,0.038461538461538464,4.0,0.44642857142857145,0.75,0.0,-0.05091206596365997
ieee5,404,349,0.8923076923076922,,,0.8500000000000001,2.2290594577789307,3.396608591079712,1.5858370065689087,1.704732894897461,0.0025,0.20332293531724385,0.3677178621292114,0.20332292999540055,0.36771783232688904,0,-0.006998574046380012,0.10274797239220049,50,22 7 11,0.038461538461538464,3.5714285714285716,0.44642857142857145,0.8035714285714286,0.0,-0.07737065159848758
ieee5,404,350,0.8711538461538461,0.8583333333333334,1.0,0.8500000000000001,2.1692261695861816,3.3966259956359863,1.370939016342163,1.7401139736175537,0.0025,0.2761686731662069,0.45851144194602966,0.27616866890873226,0.4585114121437073,0,0.0035874701525944355,0.11137886397167696,50,22 7 18,0.038461538461538464,3.7142857142857144,0.42857142857142855,0.7678571428571429,0.0,0.06583403795957565
ieee5,404,351,0.8038461538461538,,,0.8500000000000001,2.2639591693878174,3.39662766456604,1.5707125663757324,1.8245365619659424,0.0025,0.28844509380204336,0.6066620945930481,0.28844508954456877,0.6066620349884033,0,0.011886255896220414,0.1268600417631509,48,24 7 21,0.038461538461538464,3.4285714285714284,0.44642857142857145,0.8035714285714286,0.0,0.06614812463521957
ieee5,404,352,0.8384615384615383,,,0.8500000000000001,2.2739293575286865,3.3966176509857178,1.5818029642105103,1.843367338180542,0.0025,0.26130463076489313,0.3819277286529541,0.2613046222499439,0.3819276988506317,0,-0.006620997052568083,0.12076524880485354,48,9 7 1,0.038461538461538464,3.7142857142857144,0.5357142857142857,0.7142857142857143,0.0,-0.11382940943752017
ieee5,404,353,0.8442307692307692,,,0.8500000000000001,2.3025190830230713,3.3966000080108643,1.6639745235443115,1.8469830751419067,0.0025,0.2508880240576608,0.4677203297615051,0.2508880240576608,0.4677203297615051,0,0.010134731352221794,0.1192651929369575,49,28 7 11,0.038461538461538464,3.7142857142857144,0.4642857142857143,0.7678571428571429,0.0,0.0660367552191019
ieee5,404,354,0.8346153846153845,,,0.8500000000000001,2.2027084827423096,3.396561861038208,1.5440640449523926,1.6674996614456177,0.0025,0.24891174691064016,0.3653968274593353,0.2489117532968521,0.3653968572616577,0,-0.017539191014993075,0.12344198054833706,49,23 7 11,0.057692307692307696,3.5714285714285716,0.44642857142857145,0.8571428571428571,0.0,-0.13683425156133516
ieee5,404,355,0.8653846153846152,0.8999999999999999,1.0,0.8500000000000001,2.256575345993042,3.396538257598877,1.6077786684036255,1.765409231185913,0.0025,0.21837629590715682,0.5335868000984192,0.21837630335773742,0.533586859703064,0,0.006919603235124109,0.10029164445603553,48,6 7 21,0.038461538461538464,3.2857142857142856,0.5,0.8214285714285714,0.0,-0.017599082684942653
ieee5,404,356,0.8653846153846154,,,0.8500000000000001,2.1983094215393066,3.3965137004852295,1.5078041553497314,1.6906100511550903,0.0025,0.20223263118948256,0.24286268651485443,0.2022326322538512,0.24286268651485443,0,-0.007559477432201115,0.10763414517799033,46,27 7 18,0.038461538461538464,4.0,0.4107142857142857,0.75,0.0,-0.044507212936878204
ieee5,404,357,0.8576923076923078,,,0.8500000000000001,2.1892096996307373,3.39650297164917,1.4560682773590088,1.715059518814087,0.0025,0.30057251879147123,0.4515689015388489,0.3005725124052593,0.4515688717365265,0,0.010680357433067491,0.1150647048945466,48,1 7 11,0.038461538461538464,3.857142857142857,0.48214285714285715,0.75,0.0,0.07256074515836579
ieee5,404,358,0.8576923076923075,,,0.8500000000000001,2.066650629043579,3.3964781761169434,1.2133182287216187,1.5901552438735962,0.0025,0.29502529544489725,0.8683972954750061,0.2950253060885838,0.8683974146842957,0,-0.00851999358453143,0.12016047735444511,48,4 7 11,0.038461538461538464,3.5714285714285716,0.5,0.8035714285714286,0.0,-0.012159606175763267
ieee5,404,359,0.8442307692307692,,,0.8500000000000001,2.1791977882385254,3.396453857421875,1.5566779375076294,1.5844614505767822,0.0025,0.27196003070899416,0.5109372735023499,0.27196002645151957,0.5109372735023499,0,0.0005088491508593926,0.12284114738132354,48,20 7 11,0.038461538461538464,4.285714285714286,0.4107142857142857,0.7321428571428571,0.0,-0.08545850616480623
ieee5,404,360,0.8384615384615385,0.8999999999999999,1.0,0.8500000000000001,2.1941120624542236,3.3964285850524902,1.565080165863037,1.6208269596099854,0.0025,0.27229343221655916,0.469723641872406,0.2722934279590845,0.469723641872406,0,0.009530440541521575,0.12258445560739313,44,10 7 1,0.038461538461538464,4.0,0.4107142857142857,0.7678571428571429,0.0,0.0190435562814985
ieee5,404,361,0.8634615384615384,,,0.8500000000000001,2.254890203475952,3.3963894844055176,1.6759644746780396,1.6923167705535889,0.0025,0.2775609620979854,0.3926340937614441,0.2775609620979854,0.3926340937614441,0,-0.0002336322498964504,0.1265266383702374,46,22 7 11,0.038461538461538464,3.7142857142857144,0.39285714285714285,0.7321428571428571,0.0,-0.07264413564865078
ieee5,404,362,0.8634615384615386,,,0.8500000000000001,2.0868687629699707,3.3963499069213867,1.4688372611999512,1.3954194784164429,0.0025,0.29027645396334784,0.660828709602356,0.2902764507702419,0.660828709602356,0,-0.013239552284805821,0.10959383506773968,46,28 7 1,0.07692307692307693,3.142857142857143,0.6071428571428571,0.8571428571428571,0.0,-0.1520044178302799
ieee5,404,363,0.8673076923076922,,,0.8500000000000001,1.987046480178833,3.3963029384613037,1.335084319114685,1.2297526597976685,0.0025,0.19610533118247986,0.362362265586853,0.19610533331121718,0.3623622953891754,0,0.004268090653707846,0.10901280764027492,46,22 1 7,0.057692307692307696,3.2857142857142856,0.48214285714285715,0.875,0.0,-0.057945758902600834
ieee5,404,364,0.8576923076923075,,,0.8500000000000001,1.8769006729125977,3.396266460418701,1.1601386070251465,1.0742970705032349,0.0025,0.13585757996354783,0.23769740760326385,0.13585757677044188,0.23769740760326385,0,0.003661474481654855,0.09637685574328896,45,14 7 1,0.038461538461538464,3.5714285714285716,0.5535714285714286,0.7321428571428571,0.0,-0.05776392748313291
ieee5,404,365,0.8788461538461537,0.8833333333333333,1.0,0.8500000000000001,1.8838950395584106,3.3962531089782715,1.207737922668457,1.0476946830749512,0.0025,0.24292393028736115,0.33953070640563965,0.24292392815862382,0.33953070640563965,0,-0.010018866231593374,0.11993275767913829,45,13 1 7,0.038461538461538464,3.7142857142857144,0.48214285714285715,0.7857142857142857,0.0,-0.07476225016372544
ieee5,404,366,0.848076923076923,,,0.8500000000000001,1.8203226327896118,3.396251916885376,1.167000651359558,0.89771568775177,0.0025,0.15391874206917627,0.24669212102890015,0.15391874206917627,0.24669213593006134,0,0.015939859091304243,0.10481533112853586,44,19 7 1,0.057692307692307696,3.7142857142857144,0.5,0.7321428571428571,0.0,0.05580331598009382
ieee5,404,367,0.8769230769230768,,,0.8500000000000001,1.8302115201950073,3.3962454795837402,1.1390830278396606,0.9553059339523315,0.0025,0.21682563849857875,0.3322206437587738,0.21682563636984145,0.3322206437587738,0,-0.00758767710515083,0.11843757833495044,40,23 7 1,0.07692307692307693,4.0,0.4107142857142857,0.7142857142857143,0.0,-0.04826613329350948
ieee5,404,368,0.8384615384615384,,,0.8500000000000001,1.920107126235962,3.396240234375,1.2556482553482056,1.1084325313568115,0.0025,0.25590127280780245,0.37485671043395996,0.25590127280780245,0.37485671043395996,0,-0.0019508536654309584,0.12127469352474836,47,12 7 1,0.038461538461538464,4.0,0.48214285714285715,0.7678571428571429,0.0,-0.06406626517751388
ieee5,404,369,0.8307692307692306,,,0.8500000000000001,2.0074994564056396,3.3962392807006836,1.394178867340088,1.2320809364318848,0.0025,0.22220224354948317,0.3778897225856781,0.2222022350345339,0.3778896927833557,0,0.00045406926186003076,0.1400895079176158,44,3 1 7,0.038461538461538464,3.5714285714285716,0.4642857142857143,0.8392857142857143,0.0,-0.06347148226840156
ieee5,404,370,0.8173076923076923,0.8833333333333333,1.0,0.8500000000000001,1.9393349885940552,3.3962361812591553,1.1920794248580933,1.2296898365020752,0.0025,0.25367032417229246,0.3115203380584717,0.2536703220435551,0.3115203082561493,0,0.0077627951574798385,0.13274443927689925,45,23 7 1,0.057692307692307696,3.5714285714285716,0.4107142857142857,0.8392857142857143,0.0,-0.021668583952954838
ieee5,404,371,0.8480769230769231,,,0.8500000000000001,1.9803392887115479,3.396246910095215,1.2056041955947876,1.3391677141189575,0.0025,0.3044090973479407,0.45849981904029846,0.30440908883299145,0.45849981904029846,0,-0.0071062508146636765,0.12486606850826554,47,1 7 21,0.057692307692307696,3.7142857142857144,0.42857142857142855,0.8035714285714286,0.0,-0.03544930142483541
ieee5,404,372,0.8365384615384616,,,0.8500000000000001,1.997090220451355,3.3962907791137695,1.1957728862762451,1.3992078304290771,0.0025,0.2675946376153401,0.467517614364624,0.26759464187281473,0.467517614364624,0,0.005691969435876952,0.11753348797861668,45,24 7 1,0.038461538461538464,4.0,0.39285714285714285,0.6964285714285714,0.0,0.006759461547647204
ieee5,404,373,0.8596153846153847,,,0.8500000000000001,2.0127458572387695,3.396332025527954,1.136488676071167,1.505416989326477,0.0025,0.22561281493731908,0.30593428015708923,0.22561281493731908,0.30593428015708923,0,-0.0038645620314547648,0.12227829771463877,48,16 7 1,0.038461538461538464,3.5714285714285716,0.4642857142857143,0.8035714285714286,0.0,-0.0021236886137298177
ieee5,404,374,0.8576923076923075,,,0.8500000000000001,2.0473647117614746,3.396362781524658,1.190630555152893,1.5551003217697144,0.0025,0.24317841018949235,0.4958088994026184,0.2431784091251237,0.4958088994026184,0,0.006019592786637636,0.11528072949501494,48,1 7 21,0.057692307692307696,3.2857142857142856,0.4642857142857143,0.8392857142857143,0.0,0.06976349625204291
ieee5,404,375,0.8557692307692307,0.8833333333333333,1.0,0.8500000000000001,2.1527395248413086,3.396397829055786,1.4278324842453003,1.633988618850708,0.0025,0.24516327679157257,0.39791691303253174,0.24516327040536062,0.39791685342788696,0,-0.013408668495965404,0.12172893290441143,47,22 7 1,0.057692307692307696,3.142857142857143,0.5535714285714286,0.8571428571428571,0.0,-0.10028661893946784
ieee5,404,376,0.875,,,0.8500000000000001,2.237434148788452,3.3964121341705322,1.6469250917434692,1.6689656972885132,0.0025,0.20428601333073207,0.250812828540802,0.2042860154594694,0.250812828540802,0,0.002499596110563009,0.11931609508525466,51,18 7 1,0.038461538461538464,3.857142857142857,0.4107142857142857,0.8035714285714286,0.0,-0.06359278171190194
ieee5,404,377,0.8634615384615384,,,0.8500000000000001,2.175323009490967,3.3964436054229736,1.4889640808105469,1.6405614614486694,0.0025,0.2371073407786233,0.3485665023326874,0.23710733758551733,0.3485665023326874,0,-0.0016409395119318594,0.1192010706810448,46,19 7 1,0.07692307692307693,3.7142857142857144,0.5,0.7678571428571429,0.0,-0.03577687378440585
ieee5,404,378,0.851923076923077,,,0.8500000000000001,2.2449469566345215,3.396470308303833,1.5876413583755493,1.7507294416427612,0.0025,0.2625737914017269,0.3616110682487488,0.2625737914017269,0.3616110682487488,0,0.005818754756966462,0.1310278129221722,50,19 7 1,0.038461538461538464,4.142857142857143,0.3392857142857143,0.7142857142857143,0.0,0.013005075177976064
ieee5,404,379,0.8807692307692307,,,0.8500000000000001,2.2924211025238037,3.3965213298797607,1.6645838022232056,1.8161581754684448,0.0025,0.15270912966557912,0.23676463961601257,0.15270913072994777,0.23676463961601257,0,-0.004587599680794833,0.10330217621434791,49,28 7 21,0.038461538461538464,3.4285714285714284,0.4642857142857143,0.8214285714285714,0.0,-0.06158395750182016
ieee5,404,380,0.848076923076923,0.8833333333333333,1.0,0.8500000000000001,2.3368749618530273,3.3965771198272705,1.768393635749817,1.8456536531448364,0.0025,0.1990329282624381,0.31669989228248596,0.19903292400496347,0.3166998624801636,0,0.004949333580533186,0.11020353712152532,49,4 7 1,0.038461538461538464,4.142857142857143,0.4107142857142857,0.7142857142857143,0.0,0.013732017683131354
ieee5,404,381,0.8423076923076924,,,0.8500000000000001,2.312998056411743,3.3966028690338135,1.736907958984375,1.8054835796356201,0.0025,0.28015351721218656,0.42730116844177246,0.28015352146966116,0.42730116844177246,0,0.0022233612477206267,0.11676955194254993,48,12 18 7,0.038461538461538464,4.142857142857143,0.375,0.6785714285714286,0.0,-0.02654865969504629
ieee5,404,382,0.8519230769230769,,,0.8500000000000001,2.2577433586120605,3.396602153778076,1.565617322921753,1.8110108375549316,0.0025,0.23008818072932108,0.2985791862010956,0.23008818072932108,0.2985791563987732,0,0.0006778383820066944,0.11083763008787423,50,15 7 1,0.038461538461538464,3.857142857142857,0.44642857142857145,0.75,0.0,-0.08815147514854159
ieee5,404,383,0.8423076923076924,,,0.8500000000000001,2.1884734630584717,3.3965835571289062,1.4664158821105957,1.702420711517334,0.0025,0.2560630057539259,0.44486063718795776,0.2560630078826632,0.44486063718795776,0,0.0019641008178810948,0.12013674200942706,48,14 7 21,0.038461538461538464,4.0,0.4107142857142857,0.75,0.0,0.0293476190418005
ieee5,404,384,0.8557692307692307,,,0.8500000000000001,2.116558074951172,3.3965847492218018,1.2816929817199707,1.6713955402374268,0.0025,0.23765957887683595,0.3233658969402313,0.2376595831343106,0.3233658969402313,0,-0.0070399073883891106,0.11968125813097188,49,28 7 21,0.038461538461538464,3.857142857142857,0.44642857142857145,0.6785714285714286,0.0,-0.05473730606692178
ieee5,404,385,0.8653846153846154,0.8916666666666666,1.0,0.8500000000000001,2.1378321647644043,3.396599054336548,1.3335353136062622,1.6833624839782715,0.0025,0.2742035197360175,0.43788474798202515,0.2742035261222294,0.43788474798202515,0,-0.002546339819673449,0.11893572169011335,49,5 7 11,0.038461538461538464,3.857142857142857,0.4642857142857143,0.7321428571428571,0.0,-0.024771877697535923
ieee5,404,386,0.8326923076923076,,,0.8500000000000001,2.1835975646972656,3.396601676940918,1.3466683626174927,1.8075222969055176,0.0025,0.2703233744416918,0.6949384212493896,0.27032338295664105,0.6949384808540344,0,0.01703153633011075,0.12910431585609283,47,10 7 11,0.038461538461538464,3.7142857142857144,0.4107142857142857,0.7857142857142857,0.0,0.11892216865505491
ieee5,404,387,0.8192307692307692,,,0.8500000000000001,2.219277858734131,3.3966212272644043,1.4396239519119263,1.8215886354446411,0.0025,0.21845375959362304,0.3622133433818817,0.2184537532074111,0.3622133433818817,0,-0.0014436955803270952,0.1414882084899854,46,14 7 21,0.038461538461538464,3.5714285714285716,0.48214285714285715,0.7678571428571429,0.0,-0.09315011623714652
ieee5,404,388,0.8769230769230769,,,0.8500000000000001,2.2333149909973145,3.3966314792633057,1.524893045425415,1.7784216403961182,0.0025,0.28323252499103546,0.4882233142852783,0.28323252499103546,0.4882233142852783,0,-0.014027284814241843,0.11875630317114085,47,6 7 18,0.038461538461538464,3.5714285714285716,0.48214285714285715,0.7857142857142857,0.0,-0.12319045407431466
ieee5,404,389,0.8326923076923076,,,0.8500000000000001,2.242572069168091,3.3966403007507324,1.6145890951156616,1.7164868116378784,0.0025,0.3684148298842566,0.8026418685913086,0.3684148234980447,0.8026418089866638,0,0.0035556364679135955,0.13468112953983213,47,7 11 21,0.038461538461538464,4.285714285714286,0.39285714285714285,0.6428571428571429,0.0,0.08336584110345159
ieee5,404,390,0.8307692307692307,0.8833333333333333,1.0,0.8500000000000001,2.508226156234741,3.396667957305908,2.063626289367676,2.0643839836120605,0.0025,0.19707258152110235,0.34935933351516724,0.19707258152110235,0.34935933351516724,0,-0.0007434486268231502,0.1261297643668365,49,17 7 11,0.038461538461538464,4.0,0.42857142857142855,0.7857142857142857,0.0,-0.050095087715557644
ieee5,404,391,0.8269230769230768,,,0.8500000000000001,2.622659921646118,3.396717071533203,2.1973676681518555,2.2738943099975586,0.0025,0.24552394023963384,0.33558398485183716,0.2455239381108965,0.33558395504951477,0,0.005904613895556674,0.14485548553327068,49,6 7 18,0.038461538461538464,3.7142857142857144,0.39285714285714285,0.8214285714285714,0.0,0.03961454039173467
ieee5,404,392,0.8615384615384615,,,0.8500000000000001,2.7522151470184326,3.3967580795288086,2.4063847064971924,2.453503131866455,0.0025,0.2041628062725067,0.2948198914527893,0.2041628094656127,0.2948198914527893,0,-0.007485851502189269,0.12369226842046185,50,5 7 3,0.038461538461538464,4.0,0.4642857142857143,0.75,0.0,-0.16243195533752441
ieee5,404,393,0.8576923076923079,,,0.8500000000000001,2.7897279262542725,3.3967642784118652,2.4910364151000977,2.4813828468322754,0.0025,0.19438379577228002,0.268273264169693,0.1943837936435427,0.268273264169693,0,0.0028137506272357246,0.1152089984817929,51,12 7 11,0.038461538461538464,3.7142857142857144,0.44642857142857145,0.75,0.0,-0.03255238064697811
ieee5,404,394,0.825,,,0.8500000000000001,2.7958507537841797,3.3967294692993164,2.4977662563323975,2.4930567741394043,0.0025,0.20944721358163015,0.297478049993515,0.20944721358163015,0.297478049993515,0,0.01107352298612778,0.13726016220065876,51,24 11 7,0.038461538461538464,4.142857142857143,0.39285714285714285,0.75,0.0,0.11539879441261292
ieee5,404,395,0.8500000000000001,0.8833333333333333,1.0,0.8500000000000001,2.8196213245391846,3.3966915607452393,2.5068459510803223,2.5553269386291504,0.0025,0.24281282403639384,0.4065638482570648,0.2428128229720252,0.4065638482570648,0,-0.0008310294047427865,0.13054309213263196,52,1 24 18,0.019230769230769232,3.4285714285714284,0.4642857142857143,0.8571428571428571,0.0,0.042769783309527805
ieee5,404,396,0.8576923076923078,,,0.8500000000000001,2.755276918411255,3.3966729640960693,2.454688787460327,2.414468288421631,0.0025,0.20921028298991068,0.28451046347618103,0.20921028298991068,0.28451046347618103,0,-0.006669940229935141,0.1349746275497013,51,8 11 7,0.038461538461538464,3.7142857142857144,0.48214285714285715,0.75,0.0,-0.1070276450897966
ieee5,404,397,0.8692307692307691,,,0.8500000000000001,2.721668004989624,3.3966500759124756,2.3630638122558594,2.405290126800537,0.0025,0.20446633653981344,0.2952238619327545,0.20446633866855077,0.2952238619327545,0,-0.004459368906771908,0.11406868711634728,52,10 11 1,0.019230769230769232,3.857142857142857,0.5,0.6964285714285714,0.0,0.048825560935906
ieee5,404,398,0.846153846153846,,,0.8500000000000001,2.730145215988159,3.3966290950775146,2.3745386600494385,2.4192681312561035,0.0025,0.23392705832208907,0.39308294653892517,0.2339270625795637,0.39308294653892517,0,-0.0022223352973994156,0.12740478169578165,52,7 11 1,0.019230769230769232,3.857142857142857,0.44642857142857145,0.7857142857142857,0.0,-0.028556835438523973
ieee5,404,399,0.8480769230769231,,,0.8500000000000001,2.7942779064178467,3.3966245651245117,2.4682869911193848,2.5179224014282227,0.0025,0.17796793473618372,0.23988500237464905,0.17796793686492102,0.23988500237464905,0,0.008980639014715472,0.11348796690402586,51,17 7 1,0.038461538461538464,4.142857142857143,0.375,0.6607142857142857,0.0,0.004805247698511396
ieee5,404,400,0.8384615384615385,0.8999999999999999,1.0,0.8500000000000001,2.811239004135132,3.3966126441955566,2.483267307281494,2.553837299346924,0.0025,0.22144993075302669,0.2864590883255005,0.2214499286242894,0.2864590883255005,0,-0.012753169240358356,0.12995260638010125,50,10 7 1,0.038461538461538464,4.142857142857143,0.39285714285714285,0.7678571428571429,0.0,-0.17405979654618672
ieee5,404,401,0.846153846153846,,,0.8500000000000001,2.8396155834198,3.3965909481048584,2.5119848251342773,2.61027193069458,0.0025,0.2026391667979104,0.2838800549507141,0.20263916360480444,0.2838800549507141,0,0.013619056414776983,0.11985310199451364,52,11 26 7,0.019230769230769232,3.857142857142857,0.42857142857142855,0.8214285714285714,0.0,0.05814842214541776
ieee5,404,402,0.9096153846153846,,,0.8500000000000001,2.8507139682769775,3.396561861038208,2.539344549179077,2.6162354946136475,0.0025,0.17491371716771806,0.34377753734588623,0.1749137139746121,0.34377750754356384,0,-0.016130197534668975,0.10923717963193665,51,17 11 7,0.038461538461538464,2.857142857142857,0.48214285714285715,0.9107142857142857,0.0,-0.18154010283095495
ieee5,404,403,0.9019230769230767,,,0.8500000000000001,2.8851587772369385,3.3965225219726562,2.631197452545166,2.6277575492858887,0.0025,0.17447369119950704,0.4034981429576874,0.17447369226387568,0.4034981429576874,0,0.0039077442981159454,0.09320640264454215,52,4 3 21,0.019230769230769232,3.2857142857142856,0.5,0.8035714285714286,0.0,0.024752776537622725
ieee5,404,404,0.8653846153846152,,,0.8500000000000001,2.9021356105804443,3.396503448486328,2.6239371299743652,2.6859655380249023,0.0025,0.18081369357449667,0.2697070837020874,0.18081369144575937,0.2697070837020874,0,0.0004146978742657946,0.1056438080278565,52,9 1 23,0.019230769230769232,3.7142857142857144,0.4642857142857143,0.8214285714285714,0.0,-0.11216897304568972
ieee5,404,405,0.846153846153846,0.8999999999999999,1.0,0.8500000000000001,2.9316470623016357,3.3964784145355225,2.6830716133117676,2.715390682220459,0.0025,0.1571299210190773,0.24646435678005219,0.15712992314781463,0.24646437168121338,0,0.004142879866636717,0.11779335827970552,51,16 1 7,0.038461538461538464,4.0,0.4642857142857143,0.75,0.0,-0.002412734553217888
ieee5,404,406,0.8615384615384615,,,0.8500000000000001,2.8188555240631104,3.3964738845825195,2.5018954277038574,2.558197498321533,0.0025,0.20930856892040797,0.30804216861724854,0.20930856679167067,0.30804216861724854,0,0.0013188602371463696,0.1250535251939921,52,3 1 21,0.019230769230769232,3.7142857142857144,0.4107142857142857,0.7142857142857143,0.0,-0.022887729108333588
ieee5,404,407,0.8788461538461537,,,0.8500000000000001,2.7620439529418945,3.396458148956299,2.3577663898468018,2.531907320022583,0.0025,0.18053707693304336,0.29424935579299927,0.18053708119051798,0.29424935579299927,0,-0.007245151614859844,0.11136328291801177,49,25 7 1,0.038461538461538464,3.4285714285714284,0.48214285714285715,0.8571428571428571,0.0,-0.09725068722452436
ieee5,404,408,0.8653846153846152,,,0.8500000000000001,2.819885492324829,3.3964498043060303,2.494096040725708,2.569110870361328,0.0025,0.21598157925265177,0.38233256340026855,0.21598157925265177,0.38233253359794617,0,0.008069487652392127,0.13222925802658253,52,24 21 7,0.019230769230769232,3.2857142857142856,0.44642857142857145,0.875,0.0,0.1292511738304581
ieee5,404,409,0.8346153846153848,,,0.8500000000000001,2.8153271675109863,3.396444797515869,2.482619285583496,2.5669171810150146,0.0025,0.20657202920743398,0.3487800657749176,0.20657202920743398,0.3487800657749176,0,-0.0018018414445507985,0.12941589392706956,50,11 7 1,0.038461538461538464,3.857142857142857,0.42857142857142855,0.7678571428571429,0.0,-0.08383737983448165
ieee5,404,410,0.8519230769230769,0.8999999999999999,1.0,0.8500000000000001,2.7856414318084717,3.3964426517486572,2.422699213027954,2.5377824306488037,0.0025,0.21544988666261947,0.29354968667030334,0.21544988666261947,0.29354968667030334,0,-0.00021774031651707797,0.1238396768785362,51,23 11 7,0.038461538461538464,3.857142857142857,0.42857142857142855,0.8035714285714286,0.0,-0.14240774671946252
ieee5,404,411,0.8711538461538463,,,0.8500000000000001,2.815980911254883,3.3964147567749023,2.5071725845336914,2.5443549156188965,0.0025,0.199771021093641,0.28571391105651855,0.19977102535111563,0.28571391105651855,0,-0.0021596973999224315,0.12412643052953673,52,7 18 1,0.019230769230769232,4.0,0.44642857142857145,0.7142857142857143,0.0,-0.035518761192049296
ieee5,404,412,0.8730769230769229,,,0.8500000000000001,2.680558443069458,3.3963916301727295,2.3212006092071533,2.3240838050842285,0.0025,0.16881293377705983,0.274749755859375,0.16881293803453445,0.2747497856616974,0,0.0042054269265813325,0.09683501692667378,51,25 7 21,0.038461538461538464,3.4285714285714284,0.44642857142857145,0.8214285714285714,0.0,0.017384631293160573
ieee5,404,413,0.8711538461538461,,,0.8500000000000001,2.7006804943084717,3.396387815475464,2.3309378623962402,2.3747150897979736,0.0025,0.22502550057002477,0.3059554696083069,0.22502550057002477,0.3059554696083069,0,-0.0032695747123887907,0.12708141226788153,52,28 11 12,0.019230769230769232,3.4285714285714284,0.4642857142857143,0.7857142857142857,0.0,-0.07172368041106633
ieee5,404,414,0.8576923076923075,,,0.8500000000000001,2.6872448921203613,3.396378993988037,2.3361477851867676,2.3292078971862793,0.0025,0.18288822684969222,0.28170284628868103,0.18288822365658625,0.28170284628868103,0,-0.005959804228041321,0.11124040322428126,51,24 11 1,0.038461538461538464,4.0,0.4642857142857143,0.7321428571428571,0.0,-0.043094439165932794
ieee5,404,415,0.8499999999999999,0.8999999999999999,1.0,0.8500000000000001,2.7364776134490967,3.3963799476623535,2.425380229949951,2.387671947479248,0.0025,0.21818353235721588,0.2860284745693207,0.21818353022847856,0.2860284745693207,0,0.007379405975091056,0.1279154396702298,52,1 19 7,0.019230769230769232,4.142857142857143,0.375,0.7321428571428571,0.0,-0.0069458745419979095
ieee5,404,416,0.851923076923077,,,0.8500000000000001,2.7137107849121094,3.39638352394104,2.339250087738037,2.405498504638672,0.0025,0.18624338933399745,0.3133005201816559,0.1862433882696288,0.3133005201816559,0,0.010315636557956727,0.10070539369321266,51,29 7 16,0.038461538461538464,3.5714285714285716,0.375,0.8035714285714286,0.0,0.10454836647425379
ieee5,404,417,0.8673076923076922,,,0.8500000000000001,2.7139763832092285,3.3963851928710938,2.313544988632202,2.4319984912872314,0.0025,0.20954844249146326,0.32164642214775085,0.2095484435558319,0.32164642214775085,0,-0.012217904362702169,0.0988424270261196,51,19 7 1,0.038461538461538464,3.5714285714285716,0.48214285714285715,0.8214285714285714,0.0,-0.18041647651365825
ieee5,404,418,0.8230769230769232,,,0.8500000000000001,2.7197062969207764,3.396373987197876,2.3557851314544678,2.4069600105285645,0.0025,0.25588664944682804,0.42298635840415955,0.25588664944682804,0.42298635840415955,0,0.009053681206961092,0.12368009419913086,51,16 18 1,0.038461538461538464,3.5714285714285716,0.42857142857142855,0.8035714285714286,0.0,0.08737502566405705
ieee5,404,419,0.8519230769230768,,,0.8500000000000001,2.6945011615753174,3.3963639736175537,2.286135673522949,2.401003360748291,0.0025,0.24929500264780863,0.3655734062194824,0.249294998390334,0.3655734062194824,0,-0.0037530252101043095,0.12636827171257495,52,13 18 4,0.019230769230769232,3.7142857142857144,0.42857142857142855,0.7857142857142857,0.0,-0.05964035860129765
ieee5,404,420,0.8596153846153846,0.8999999999999999,1.0,0.8500000000000001,2.6482746601104736,3.396378755569458,2.2647054195404053,2.283740997314453,0.0025,0.1923346913286618,0.41252800822257996,0.1923346987792424,0.41252800822257996,0,0.005987228825688362,0.11357079792501866,47,23 7 1,0.057692307692307696,3.2857142857142856,0.48214285714285715,0.8214285714285714,0.0,0.028204032086900303
ieee5,404,421,0.8538461538461539,,,0.8500000000000001,2.7251014709472656,3.3963918685913086,2.3397302627563477,2.4391820430755615,0.0025,0.24811134593827383,0.36715054512023926,0.24811134593827383,0.36715054512023926,0,-0.007294639891300064,0.13691504647705022,52,13 17 21,0.019230769230769232,3.857142857142857,0.4107142857142857,0.8035714285714286,0.0,-0.0524677535785096
ieee5,404,422,0.8538461538461538,,,0.8500000000000001,2.6690566539764404,3.3963992595672607,2.271456241607666,2.339315414428711,0.0025,0.23647402971982956,0.36281755566596985,0.23647403504167283,0.36281755566596985,0,-0.0009299926907540514,0.13678368332763305,52,1 11 17,0.019230769230769232,4.0,0.48214285714285715,0.6964285714285714,0.0,0.022638040461710522
ieee5,404,423,0.8423076923076922,,,0.8500000000000001,2.607935905456543,3.3964107036590576,2.1518242359161377,2.275573968887329,0.0025,0.22114244529179164,0.33367112278938293,0.22114244742052896,0.33367112278938293,0,0.0012543032375665812,0.12245691450162693,51,22 7 1,0.038461538461538464,4.285714285714286,0.42857142857142855,0.7142857142857143,0.0,-0.08423580655029841
ieee5,404,424,0.8730769230769229,,,0.8500000000000001,2.6281001567840576,3.396428346633911,2.1625776290893555,2.325293779373169,0.0025,0.14546538995844976,0.23077106475830078,0.14546538889408112,0.2307710498571396,0,-0.0051856417261520755,0.09976898980400194,48,17 7 1,0.057692307692307696,3.142857142857143,0.5,0.875,0.0,-0.04683750867843628
ieee5,404,425,0.8499999999999999,0.8999999999999999,1.0,0.8500000000000001,2.589979410171509,3.3964390754699707,2.1329169273376465,2.2405824661254883,0.0025,0.24683980005128042,0.2962648868560791,0.24683979792254312,0.2962648868560791,0,-0.004272727797237726,0.13336632725716926,51,17 7 11,0.038461538461538464,4.285714285714286,0.44642857142857145,0.6607142857142857,0.0,-0.022740145879132406
ieee5,404,426,0.8211538461538461,,,0.8500000000000001,2.681194305419922,3.3964688777923584,2.2806220054626465,2.3664910793304443,0.0025,0.21977719238826207,0.2620213031768799,0.21977719877447402,0.26202133297920227,0,0.01462305284355982,0.12582727150661532,51,23 7 11,0.038461538461538464,4.142857142857143,0.3392857142857143,0.7857142857142857,0.0,0.08445549410368715
ieee5,404,427,0.848076923076923,,,0.8500000000000001,2.7256813049316406,3.3964715003967285,2.3490192890167236,2.4315524101257324,0.0025,0.2515855005809239,0.33887872099876404,0.2515854984521866,0.33887869119644165,0,-0.010868571071813885,0.11876979685233989,51,9 1 18,0.038461538461538464,4.142857142857143,0.39285714285714285,0.7142857142857143,0.0,-0.15847009420394897
ieee5,404,428,0.8634615384615384,,,0.8500000000000001,2.724287748336792,3.396458625793457,2.358109951019287,2.418295383453369,0.0025,0.21585075557231903,0.33229511976242065,0.2158507513148444,0.33229508996009827,0,0.0013294245223872936,0.12061011932821993,52,7 27 21,0.019230769230769232,3.7142857142857144,0.5,0.7321428571428571,0.0,0.021672213450074196
ieee5,404,429,0.851923076923077,,,0.8500000000000001,2.718487501144409,3.3964695930480957,2.3437464237213135,2.4152464866638184,0.0025,0.25059431365558077,0.4048561751842499,0.25059431365558077,0.4048561751842499,0,-0.0012713494954648642,0.11996733316982265,52,8 16 17,0.019230769230769232,3.7142857142857144,0.4642857142857143,0.7678571428571429,0.0,-0.023359965000833784
ieee5,404,430,0.8711538461538461,0.8999999999999999,1.0,0.8500000000000001,2.864351272583008,3.396482229232788,2.563445568084717,2.6331264972686768,0.0025,0.17119310476950236,0.23508132994174957,0.17119310264076507,0.23508131504058838,0,0.0021133967496168157,0.11858916216674517,52,22 7 11,0.019230769230769232,3.7142857142857144,0.4642857142857143,0.7321428571428571,0.0,0.016969582864216397
ieee5,404,431,0.8634615384615384,,,0.8500000000000001,2.8445560932159424,3.396501064300537,2.50986385345459,2.6273038387298584,0.0025,0.1884190653051649,0.262997031211853,0.18841906104769027,0.262997031211853,0,-7.773762067350057e-05,0.10398610368948916,51,5 11 7,0.038461538461538464,3.857142857142857,0.42857142857142855,0.6785714285714286,0.0,0.012304844866905893
ieee5,404,432,0.8423076923076924,,,0.8500000000000001,2.903243064880371,3.396507740020752,2.630779266357422,2.6824421882629395,0.0025,0.21120271512440272,0.3260018229484558,0.2112027108669281,0.3260018229484558,0,0.010587393193138549,0.135539942281989,52,11 12 7,0.019230769230769232,3.7142857142857144,0.42857142857142855,0.8035714285714286,0.0,0.12669511937669345
ieee5,404,433,0.8615384615384615,,,0.8500000000000001,3.000152587890625,3.396491050720215,2.739882469177246,2.864083766937256,0.0025,0.19314190106732504,0.30841580033302307,0.19314190106732504,0.30841580033302307,0,-0.012747959968692157,0.11178366243705967,52,25 16 7,0.019230769230769232,3.857142857142857,0.42857142857142855,0.7678571428571429,0.0,-0.13976340208734786
ieee5,404,434,0.8384615384615385,,,0.8500000000000001,3.026581287384033,3.396477699279785,2.790966272354126,2.892299175262451,0.0025,0.17274429010493414,0.23144203424453735,0.17274429010493414,0.23144203424453735,0,0.009853220741766004,0.12104251526194727,52,25 11 6,0.019230769230769232,3.857142857142857,0.48214285714285715,0.7142857142857143,0.0,0.02997887134552002
ieee5,404,435,0.8596153846153848,0.8999999999999999,1.0,0.8500000000000001,3.0154054164886475,3.3964643478393555,2.8046534061431885,2.8450989723205566,0.0025,0.2335956862994603,0.4282645285129547,0.23359568842819758,0.4282645285129547,0,-0.008414823902197756,0.13061191204479397,51,20 1 7,0.038461538461538464,3.857142857142857,0.44642857142857145,0.75,0.0,-0.07943328150681087
ieee5,404,436,0.8673076923076923,,,0.8500000000000001,2.974451780319214,3.3964462280273438,2.726330280303955,2.8005788326263428,0.0025,0.2579061346394675,0.4499838352203369,0.2579061303819929,0.4499838054180145,0,0.006540189396428804,0.12774334129752912,51,22 11 6,0.038461538461538464,3.4285714285714284,0.48214285714285715,0.8392857142857143,0.0,0.08407583619867053
ieee5,404,437,0.8384615384615384,,,0.8500000000000001,2.963198184967041,3.396444797515869,2.6918039321899414,2.8013460636138916,0.0025,0.20294876183782304,0.28297367691993713,0.2029487660952977,0.2829737067222595,0,-0.00027330197134198476,0.13024445222320108,52,12 1 18,0.019230769230769232,3.857142857142857,0.44642857142857145,0.75,0.0,-0.04483497196010181
ieee5,404,438,0.8153846153846154,,,0.8500000000000001,2.9006898403167725,3.396432399749756,2.5882833003997803,2.717353582382202,0.0025,0.19625753802912577,0.34227606654167175,0.19625753802912577,0.34227606654167175,0,-0.0018012357669739197,0.12558153192819124,51,23 11 7,0.038461538461538464,4.142857142857143,0.44642857142857145,0.6071428571428571,0.0,-0.08998580489839826
ieee5,404,439,0.8423076923076924,,,0.8500000000000001,2.8441660404205322,3.3964245319366455,2.5188355445861816,2.617238759994507,0.0025,0.18510953656264714,0.2597545385360718,0.18510953443390982,0.2597545385360718,0,-0.006550755853263231,0.11756904987306356,52,0 6 24,0.019230769230769232,4.0,0.39285714285714285,0.7678571428571429,0.0,-0.11282294775758471
ieee5,404,440,0.8596153846153846,0.875,1.0,0.8500000000000001,2.8006157875061035,3.3964157104492188,2.4132769107818604,2.5921545028686523,0.0025,0.2393947626863207,0.36310768127441406,0.23939475630010879,0.3631076514720917,0,0.003392312442883849,0.13018868751629326,52,7 11 1,0.019230769230769232,4.0,0.42857142857142855,0.7678571428571429,0.0,-0.09649889011468206
ieee5,404,441,0.8576923076923075,,,0.8500000000000001,2.6336090564727783,3.396404504776001,2.083763837814331,2.420658588409424,0.0025,0.2152757484998022,0.3086400032043457,0.2152757474354335,0.3086400032043457,0,-0.00015845606461740457,0.1184845324640266,50,21 7 11,0.038461538461538464,3.7142857142857144,0.4642857142857143,0.8214285714285714,0.0,-0.02318683053765978
ieee5,404,442,0.8365384615384616,,,0.8500000000000001,2.5789997577667236,3.396411657333374,1.9944636821746826,2.3461239337921143,0.0025,0.18370984068938664,0.28786909580230713,0.18370983856064932,0.28786909580230713,0,0.0056246376882951995,0.11468371503767771,49,28 11 1,0.038461538461538464,4.285714285714286,0.39285714285714285,0.7142857142857143,0.0,0.018714841987405504
ieee5,404,443,0.8384615384615384,,,0.8500000000000001,2.376008987426758,3.3963980674743652,1.6982002258300781,2.033428907394409,0.0025,0.28918174122061047,0.4274998605251312,0.28918173909187317,0.4274998605251312,0,0.0010262744214672309,0.12612284858391926,49,25 11 7,0.038461538461538464,4.142857142857143,0.4642857142857143,0.6785714285714286,0.0,0.001482295138495309
ieee5,404,444,0.8423076923076921,,,0.8500000000000001,2.565220355987549,3.3963775634765625,2.0786550045013428,2.2206292152404785,0.0025,0.1855789806161608,0.24089542031288147,0.1855789806161608,0.24089542031288147,0,0.001966431880226502,0.11363063767989387,52,28 11 1,0.019230769230769232,3.857142857142857,0.44642857142857145,0.7857142857142857,0.0,0.04053908799375806
ieee5,404,445,0.8596153846153846,0.875,1.0,0.8500000000000001,2.5809166431427,3.396373987197876,2.080203056335449,2.2661726474761963,0.0025,0.1903711003916604,0.30301639437675476,0.19037109826292312,0.30301639437675476,0,-0.00592219396136128,0.10988406148675042,49,3 11 1,0.057692307692307696,3.2857142857142856,0.5178571428571429,0.8571428571428571,0.0,-0.13770432344504765
ieee5,404,446,0.8442307692307692,,,0.8500000000000001,2.508648633956909,3.3963623046875,1.9430333375930786,2.186549663543701,0.0025,0.27431947950805935,0.646471381187439,0.27431947737932205,0.646471381187439,0,0.00047273439570115163,0.1152859288551802,51,23 11 1,0.038461538461538464,4.142857142857143,0.4642857142857143,0.6785714285714286,0.0,0.02073215480361666
ieee5,404,447,0.8653846153846152,,,0.8500000000000001,2.3805079460144043,3.396371364593506,1.7272777557373047,2.0178747177124023,0.0025,0.21107461409909384,0.26847168803215027,0.21107462154967443,0.26847168803215027,0,-0.0013803464288894946,0.11408364136247033,48,20 23 11,0.038461538461538464,3.857142857142857,0.4642857142857143,0.75,0.0,0.027410746152911867
ieee5,404,448,0.8519230769230769,,,0.8500000000000001,2.472365617752075,3.396378993988037,1.90639066696167,2.1143274307250977,0.0025,0.2264679287161146,0.34189605712890625,0.22646793297358922,0.34189605712890625,0,-0.006096133227961568,0.12461955937922536,50,26 11 21,0.038461538461538464,4.142857142857143,0.4107142857142857,0.7142857142857143,0.0,-0.09025893945779119
ieee5,404,449,0.8615384615384615,,,0.8500000000000001,2.5857203006744385,3.3963663578033447,2.112355947494507,2.2484383583068848,0.0025,0.19164590750421798,0.26723432540893555,0.1916459117616926,0.26723435521125793,0,0.02138006776714554,0.1094061772778466,52,5 23 11,0.019230769230769232,3.142857142857143,0.5,0.8928571428571429,0.0,0.1899061245577676
ieee5,404,450,0.8403846153846154,0.875,1.0,0.8500000000000001,2.6440155506134033,3.3963704109191895,2.2136950492858887,2.3219809532165527,0.0025,0.22512359491416387,0.31410324573516846,0.2251235991716385,0.31410324573516846,0,-0.016251389295435868,0.12597884039046625,50,23 11 18,0.038461538461538464,4.0,0.39285714285714285,0.7678571428571429,0.0,-0.2020063442843301
ieee5,404,451,0.851923076923077,,,0.8500000000000001,2.5837559700012207,3.3963913917541504,2.0550475120544434,2.29982852935791,0.0025,0.20179004754338944,0.2727893590927124,0.2017900539296014,0.2727893888950348,0,0.001255244880807228,0.131756699408426,48,26 11 18,0.038461538461538464,4.285714285714286,0.42857142857142855,0.5892857142857143,0.0,-0.009511586810861315
ieee5,404,452,0.8615384615384616,,,0.8500000000000001,2.528517961502075,3.3964076042175293,2.01967716217041,2.169468879699707,0.0025,0.22445799836090632,0.3380218744277954,0.2244579941034317,0.3380218744277954,0,-0.0020107141194435265,0.12292156796035617,49,15 11 18,0.038461538461538464,4.0,0.39285714285714285,0.6785714285714286,0.0,-0.08100700431636401
ieee5,404,453,0.8711538461538464,,,0.8500000000000001,2.544254779815674,3.3964076042175293,2.1039981842041016,2.132359504699707,0.0025,0.21221527563674109,0.5288019776344299,0.212215285216059,0.5288020372390747,0,0.009906839428227752,0.10486936409975912,51,25 11 7,0.038461538461538464,3.4285714285714284,0.5,0.8214285714285714,0.0,0.11035353131592274
ieee5,404,454,0.8365384615384616,,,0.8500000000000001,2.4562602043151855,3.396397829055786,1.9073526859283447,2.065030813217163,0.0025,0.20119725806372507,0.31223762035369873,0.20119725167751312,0.31223762035369873,0,0.0002602093781416233,0.12160594961681859,49,29 11 23,0.038461538461538464,4.142857142857143,0.39285714285714285,0.7321428571428571,0.0,-0.07741354086569377
ieee5,404,455,0.8403846153846154,0.875,1.0,0.8500000000000001,2.436420202255249,3.3963804244995117,1.9156124591827393,1.9972678422927856,0.0025,0.1969535095351083,0.39606404304504395,0.1969535095351083,0.39606404304504395,0,-0.012690211502978435,0.10897975693821604,50,7 18 11,0.038461538461538464,3.5714285714285716,0.4642857142857143,0.8392857142857143,0.0,-0.13964554640863622
ieee5,404,456,0.8557692307692307,,,0.8500000000000001,2.3862531185150146,3.396381139755249,1.789228916168213,1.9731495380401611,0.0025,0.22677033926759446,0.4272259473800659,0.22677033926759446,0.4272259473800659,0,0.0014116751531568857,0.12302799864034027,48,29 24 11,0.038461538461538464,4.285714285714286,0.42857142857142855,0.6785714285714286,0.0,-0.03932578302919865
ieee5,404,457,0.8538461538461538,,,0.8500000000000001,2.291748523712158,3.396378517150879,1.5254076719284058,1.9534587860107422,0.0025,0.25370411574840546,0.36487889289855957,0.25370411787714275,0.36487892270088196,0,0.003939897538377688,0.11891182349968918,51,9 11 23,0.038461538461538464,3.5714285714285716,0.44642857142857145,0.7857142857142857,0.0,0.005361532260264669
ieee5,404,458,0.8596153846153844,,,0.8500000000000001,2.336508274078369,3.3963675498962402,1.6545861959457397,1.9585705995559692,0.0025,0.24052336386271886,0.3138069212436676,0.24052336386271886,0.3138069212436676,0,-0.0059257744041343145,0.13327856348926487,51,15 23 11,0.038461538461538464,3.2857142857142856,0.5178571428571429,0.7857142857142857,0.0,-0.11812869565827507
ieee5,404,459,0.8519230769230769,,,0.8500000000000001,2.3851795196533203,3.396320343017578,1.7769062519073486,1.982311725616455,0.0025,0.24507597727434977,0.4646357595920563,0.2450759687594005,0.4646357297897339,0,0.00499558059247927,0.11079093221234197,51,2 23 11,0.038461538461538464,4.0,0.48214285714285715,0.6964285714285714,0.0,0.07888492728982653
ieee5,404,460,0.8653846153846154,0.875,1.0,0.8500000000000001,2.3667802810668945,3.3962690830230713,1.7645119428634644,1.9395601749420166,0.0025,0.2488828663315092,0.3574054539203644,0.2488828663315092,0.3574054539203644,0,-0.0023403641445418964,0.1197043502404078,50,4 11 23,0.038461538461538464,3.5714285714285716,0.48214285714285715,0.7678571428571429,0.0,-0.031155108607241085
ieee5,404,461,0.8384615384615386,,,0.8500000000000001,2.4103615283966064,3.3962249755859375,1.852946162223816,1.981913447380066,0.0025,0.188435683293002,0.3152902126312256,0.18843568967921392,0.315290242433548,0,0.0008566087255111107,0.1305075707130453,50,15 11 23,0.038461538461538464,3.857142857142857,0.4107142857142857,0.7857142857142857,0.0,-0.0048558033470596585
ieee5,404,462,0.8692307692307691,,,0.8500000000000001,2.4266107082366943,3.396177053451538,1.8737493753433228,2.0099050998687744,0.0025,0.21588508997644698,0.26564493775367737,0.21588508784770966,0.265644907951355,0,-0.004041947618064184,0.12240911818409093,51,5 11 7,0.038461538461538464,3.7142857142857144,0.39285714285714285,0.7857142857142857,0.0,-0.08183947152325086
ieee5,404,463,0.8538461538461538,,,0.8500000000000001,2.2080464363098145,3.3961641788482666,1.3935872316360474,1.834388256072998,0.0025,0.25492572358676363,0.4439811110496521,0.2549257299729756,0.4439811110496521,0,0.010288143005499687,0.11497435286962074,47,12 11 23,0.038461538461538464,3.4285714285714284,0.5,0.7678571428571429,0.0,0.14175269326993398
ieee5,404,464,0.8519230769230769,,,0.8500000000000001,2.298279285430908,3.396174192428589,1.4292280673980713,2.0694351196289062,0.0025,0.1962165374841009,0.28485557436943054,0.19621654067720687,0.28485557436943054,0,-0.007913636052622817,0.10849003175062255,45,10 11 7,0.07692307692307693,3.7142857142857144,0.4642857142857143,0.7857142857142857,0.0,-0.08274925127625465
ieee5,404,465,0.8269230769230768,0.875,1.0,0.8500000000000001,2.3837954998016357,3.3961777687072754,1.5484392642974854,2.20676851272583,0.0025,0.25975778911794933,0.3368857502937317,0.2597577880535807,0.3368857502937317,0,0.010838831291319085,0.1318873547907682,52,10 11 7,0.019230769230769232,4.0,0.4107142857142857,0.7321428571428571,0.0,0.08752392871039254
ieee5,404,466,0.8557692307692307,,,0.8500000000000001,2.4720141887664795,3.3961739540100098,1.8631069660186768,2.156761407852173,0.0025,0.2958899832197598,0.446206271648407,0.29588998747723444,0.446206271648407,0,-0.015267246877416395,0.13219033331788654,50,27 11 1,0.038461538461538464,3.7142857142857144,0.4642857142857143,0.7678571428571429,0.0,-0.11893248451607567
ieee5,404,467,0.8557692307692306,,,0.8500000000000001,2.668375253677368,3.3961703777313232,2.229933261871338,2.3790223598480225,0.0025,0.21795967753444398,0.36662009358406067,0.21795967540570668,0.36662009358406067,0,0.01260612170265701,0.12460391256738973,50,7 11 25,0.038461538461538464,3.5714285714285716,0.4642857142857143,0.8392857142857143,0.0,0.04398919003350394
ieee5,404,468,0.8538461538461538,,,0.8500000000000001,2.6502559185028076,3.3961780071258545,2.1735353469848633,2.381054162979126,0.0025,0.21158956629889353,0.2726830244064331,0.2115895641701562,0.2726830244064331,0,-0.002319818613334344,0.12761561436603944,49,23 11 7,0.057692307692307696,3.7142857142857144,0.5,0.7678571428571429,0.0,-0.046614078006574085
ieee5,404,469,0.8538461538461538,,,0.8500000000000001,2.827960729598999,3.3961923122406006,2.5609726905822754,2.526717185974121,0.0025,0.18402722477912903,0.3162227272987366,0.18402722477912903,0.3162227272987366,0,-0.010061141354246782,0.12750438414207665,50,3 7 23,0.038461538461538464,3.7142857142857144,0.4107142857142857,0.8571428571428571,0.0,-0.16979091720921652
ieee5,404,470,0.8711538461538461,0.875,1.0,0.8500000000000001,2.786815881729126,3.3961679935455322,2.4809954166412354,2.483283758163452,0.0025,0.19849273775305068,0.3668634295463562,0.198492736688682,0.3668634295463562,0,-0.0009205678764444131,0.12289749985609731,52,11 23 1,0.019230769230769232,3.5714285714285716,0.5178571428571429,0.8035714285714286,0.0,-0.061431056686810086
ieee5,404,471,0.8788461538461537,,,0.8500000000000001,2.832064390182495,3.3961257934570312,2.542607307434082,2.557459592819214,0.0025,0.17383691668510437,0.21629701554775238,0.173836920942579,0.21629703044891357,0,0.00290712528826239,0.11289034733178287,52,4 18 24,0.019230769230769232,4.0,0.42857142857142855,0.7142857142857143,0.0,-0.0024477445653506686
ieee5,404,472,0.8249999999999998,,,0.8500000000000001,2.7758543491363525,3.396108865737915,2.390713691711426,2.5407392978668213,0.0025,0.22698717990091868,0.384883314371109,0.226987182029656,0.384883314371109,0,0.0063402569816949274,0.13316514641987393,51,11 23 1,0.038461538461538464,4.0,0.39285714285714285,0.8214285714285714,0.0,-0.07190954153026853
ieee5,404,473,0.8269230769230768,,,0.8500000000000001,2.716057300567627,3.3960747718811035,2.2997782230377197,2.4523191452026367,0.0025,0.21454029423849924,0.32013648748397827,0.21454028998102462,0.3201364576816559,0,-0.002375969005068048,0.11792940258299887,51,17 11 24,0.038461538461538464,3.7142857142857144,0.44642857142857145,0.8035714285714286,0.0,-0.10362317519528526
ieee5,404,474,0.8615384615384615,,,0.8500000000000001,2.6222169399261475,3.396043539047241,2.1496999263763428,2.3209073543548584,0.0025,0.22721390426158905,0.3044613003730774,0.22721390851906367,0.3044613003730774,0,-0.0010398559702130465,0.12814208170771668,50,22 11 1,0.038461538461538464,3.7142857142857144,0.44642857142857145,0.7678571428571429,0.0,-0.061766681394406726
ieee5,404,475,0.8884615384615385,0.875,1.0,0.8500000000000001,2.60249924659729,3.3959922790527344,2.1085238456726074,2.302981376647949,0.0025,0.17194718441792897,0.29189375042915344,0.17194718228919165,0.29189375042915344,0,-0.002417924886685796,0.10481956250508075,50,5 11 18,0.038461538461538464,3.2857142857142856,0.5178571428571429,0.7857142857142857,0.0,-0.02748067570584161
ieee5,404,476,0.8115384615384615,,,0.8500000000000001,2.548502206802368,3.3959546089172363,2.056877851486206,2.192674398422241,0.0025,0.23231296347720282,0.3265511393547058,0.23231296028409684,0.3265511393547058,0,0.012200497346034704,0.12591877986420474,51,23 11 1,0.038461538461538464,4.142857142857143,0.39285714285714285,0.75,0.0,-0.0003495088645390102
ieee5,404,477,0.8403846153846153,,,0.8500000000000001,2.6097733974456787,3.3959341049194336,2.1410646438598633,2.2923216819763184,0.0025,0.21874623213495528,0.28890731930732727,0.2187462363924299,0.28890731930732727,0,-0.006756910234868813,0.12067298338802786,52,11 7 23,0.019230769230769232,3.7142857142857144,0.4107142857142857,0.7321428571428571,0.0,-0.02052793146244117
ieee5,404,478,0.8730769230769231,,,0.8500000000000001,2.493349552154541,3.3959543704986572,1.8877966403961182,2.1962969303131104,0.0025,0.2074342327458518,0.2367633432149887,0.2074342327458518,0.2367633432149887,0,-0.00554569690183808,0.11676094986576221,48,23 11 7,0.07692307692307693,3.7142857142857144,0.42857142857142855,0.8035714285714286,0.0,-0.12446313537657261
ieee5,404,479,0.823076923076923,,,0.8500000000000001,2.497689723968506,3.3959836959838867,1.8836941719055176,2.2133913040161133,0.0025,0.22022512129374913,0.4352180063724518,0.22022512767996108,0.43521803617477417,0,0.010212012387525577,0.12473608495589791,49,23 11 1,0.057692307692307696,4.142857142857143,0.48214285714285715,0.6607142857142857,0.0,0.013569972344807215
ieee5,404,480,0.8461538461538461,0.875,1.0,0.8500000000000001,2.585481643676758,3.3959732055664062,2.1281020641326904,2.2323696613311768,0.0025,0.19500949020896638,0.39238259196281433,0.19500949553080968,0.3923826217651367,0,-0.013557573549825555,0.10950004813938279,51,3 11 18,0.038461538461538464,3.4285714285714284,0.48214285714285715,0.8035714285714286,0.0,-0.1319478037101882
ieee5,404,481,0.8499999999999999,,,0.8500000000000001,2.55057692527771,3.395962953567505,2.009516477584839,2.246250867843628,0.0025,0.2020390055009297,0.31326332688331604,0.20203900124345506,0.31326332688331604,0,0.014346135066611728,0.1188201402808958,49,0 24 11,0.057692307692307696,3.4285714285714284,0.5,0.8214285714285714,0.0,-0.03674836031028202
ieee5,404,482,0.8384615384615385,,,0.8500000000000001,2.4890079498291016,3.3959462642669678,1.9033715724945068,2.1677064895629883,0.0025,0.22451220665659224,0.3380950093269348,0.2245122023991176,0.3380950093269348,0,-0.0006256706367891568,0.11916624961595851,52,18 11 8,0.019230769230769232,4.142857142857143,0.39285714285714285,0.6607142857142857,0.0,0.04916767350264958
ieee5,404,483,0.8884615384615385,,,0.8500000000000001,2.5191824436187744,3.395962715148926,1.8927781581878662,2.2688066959381104,0.0025,0.22722997409956797,0.35650432109832764,0.22722997197083064,0.35650435090065,0,-0.0105807970976457,0.12057536534318401,50,10 11 18,0.038461538461538464,3.4285714285714284,0.4642857142857143,0.7857142857142857,0.0,-0.10722918595586504
ieee5,404,484,0.846153846153846,,,0.8500000000000001,2.5409159660339355,3.3959927558898926,1.9772099256515503,2.2495458126068115,0.0025,0.22294323252780096,0.29537397623062134,0.22294323465653829,0.29537397623062134,0,0.013666319033990685,0.12330545294286367,50,9 11 23,0.038461538461538464,4.142857142857143,0.39285714285714285,0.7142857142857143,0.0,0.12974890960114344
ieee5,404,485,0.8788461538461537,0.8583333333333334,1.0,0.8500000000000001,2.4552717208862305,3.3960201740264893,1.8472777605056763,2.1225168704986572,0.0025,0.19991411375147955,0.4064914584159851,0.19991410842963628,0.4064914584159851,0,-0.002818837403677977,0.11126534648524865,47,3 11 7,0.038461538461538464,3.857142857142857,0.42857142857142855,0.6785714285714286,0.0,-0.06920898173536573
ieee5,404,486,0.8442307692307693,,,0.8500000000000001,2.401740074157715,3.3960366249084473,1.7458629608154297,2.0633203983306885,0.0025,0.24246254776205337,0.32960495352745056,0.24246254563331604,0.32960495352745056,0,0.0012201849066723997,0.11820266752150724,51,6 7 18,0.038461538461538464,4.0,0.48214285714285715,0.6071428571428571,0.0,0.04229344214711871
ieee5,404,487,0.8269230769230769,,,0.8500000000000001,2.403963088989258,3.3960466384887695,1.7510483264923096,2.0647947788238525,0.0025,0.23022833892277308,0.3666340410709381,0.2302283431802477,0.3666340410709381,0,-0.0029028704453734322,0.13162413426560304,48,22 11 18,0.038461538461538464,4.0,0.375,0.7857142857142857,0.0,0.06680685148707458
ieee5,404,488,0.8788461538461539,,,0.8500000000000001,2.530235767364502,3.396054267883301,1.984380841255188,2.210273265838623,0.0025,0.18020207754203252,0.2578836679458618,0.18020207967076982,0.2578836679458618,0,-0.018046981225220058,0.11094967225640094,50,23 11 18,0.038461538461538464,3.2857142857142856,0.5178571428571429,0.8214285714285714,0.0,-0.1569308340549469
ieee5,404,489,0.8557692307692306,,,0.8500000000000001,2.5571751594543457,3.396052360534668,2.0839719772338867,2.1915009021759033,0.0025,0.20703398329871042,0.28119248151779175,0.2070339864918164,0.28119248151779175,0,0.008173385088761838,0.1212894699469398,50,17 11 18,0.038461538461538464,3.5714285714285716,0.48214285714285715,0.8392857142857143,0.0,0.00011721040521349226
ieee5,404,490,0.8673076923076922,0.8583333333333334,1.0,0.8500000000000001,2.59432053565979,3.396042823791504,2.1148219108581543,2.27209734916687,0.0025,0.1820415300982339,0.2263796329498291,0.1820415279694966,0.2263796180486679,0,0.007731031071251402,0.1192462093691433,51,19 11 17,0.038461538461538464,3.7142857142857144,0.44642857142857145,0.75,0.0,0.012933690367000443
ieee5,404,491,0.8653846153846152,,,0.8500000000000001,2.654517650604248,3.3960518836975098,2.185009479522705,2.3824918270111084,0.0025,0.20933305152824946,0.3641439974308014,0.2093330536569868,0.3641439974308014,0,-0.00036579991977375286,0.12570019504161592,51,24 11 7,0.038461538461538464,3.5714285714285716,0.42857142857142855,0.8392857142857143,0.0,-0.020924261105912074
ieee5,404,492,0.8634615384615384,,,0.8500000000000001,2.5839128494262695,3.3960626125335693,2.0638463497161865,2.291830539703369,0.0025,0.18913310446909495,0.32014375925064087,0.1891331034047263,0.32014375925064087,0,-0.006114873829154441,0.11114104815052894,46,22 11 1,0.057692307692307696,3.7142857142857144,0.5178571428571429,0.7321428571428571,0.0,-0.052405172160693576
ieee5,404,493,0.8,,,0.8500000000000001,2.5586700439453125,3.396050453186035,2.099850654602051,2.180108070373535,0.0025,0.23105532143797194,0.2896988093852997,0.23105531930923462,0.2896988093852997,0,0.02141390979075088,0.11801901892069087,49,17 11 23,0.038461538461538464,3.857142857142857,0.44642857142857145,0.7678571428571429,0.0,0.10889477602073125
ieee5,404,494,0.8461538461538461,,,0.8500000000000001,2.642672300338745,3.3960671424865723,2.229748010635376,2.3022029399871826,0.0025,0.23980787822178432,0.3402456045150757,0.2398078814148903,0.34024563431739807,0,-0.014124415528315764,0.13370974193656954,52,13 12 11,0.019230769230769232,3.5714285714285716,0.44642857142857145,0.7678571428571429,0.0,-0.032133100288254876
ieee5,404,495,0.8423076923076922,0.875,1.0,0.8500000000000001,2.795741558074951,3.3960719108581543,2.427647113800049,2.5635058879852295,0.0025,0.24242723839623587,0.3644348978996277,0.24242724478244781,0.3644348978996277,0,0.004696359466134499,0.11805031010856178,50,0 23 11,0.038461538461538464,3.7142857142857144,0.42857142857142855,0.7678571428571429,0.0,0.043598633259534836
ieee5,404,496,0.8307692307692308,,,0.8500000000000001,2.8462488651275635,3.3960790634155273,2.496493339538574,2.646174430847168,0.0025,0.20158437107290542,0.33604541420936584,0.20158436787979944,0.33604541420936584,0,-0.0025268241834755126,0.12393367120893238,50,9 11 23,0.038461538461538464,4.0,0.4642857142857143,0.6428571428571429,0.0,-0.005222818681171962
ieee5,404,497,0.8576923076923079,,,0.8500000000000001,2.9015300273895264,3.3960952758789062,2.6054611206054688,2.703033447265625,0.0025,0.1933219422187124,0.330729216337204,0.19332194754055568,0.33072924613952637,0,-0.00360017241193698,0.12480769443779673,51,17 11 23,0.038461538461538464,3.4285714285714284,0.4107142857142857,0.7857142857142857,0.0,-0.04567988110440118
ieee5,404,498,0.875,,,0.8500000000000001,2.8904926776885986,3.3961071968078613,2.582563877105713,2.692807197570801,0.0025,0.1674659252166748,0.29300493001937866,0.16746592202356883,0.29300493001937866,0,-0.0020691311275676037,0.09989370581026413,52,8 11 17,0.019230769230769232,3.7142857142857144,0.42857142857142855,0.7857142857142857,0.0,-0.08166336587497167
ieee5,404,499,0.8634615384615383,0.8583333333333334,1.0,0.8500000000000001,2.7269670963287354,3.3961222171783447,2.329817771911621,2.454960346221924,0.0025,0.17055168535028184,0.24901197850704193,0.17055168535028184,0.24901196360588074,0,-0.004893649369478226,0.12006689770816932,50,23 11 18,0.038461538461538464,3.857142857142857,0.39285714285714285,0.7857142857142857,0.0,-0.05702950991690159
