update,mean_train_u_ctrl,mean_train_control_cost,method,update_seconds,trajectories_sampled,policy_entropy,validation_mean_u_ctrl,validation_mean_mocu,validation_n_unique_sequences,validation_sequence_entropy,validation_unique_frac,validation_under_control_rate,validation_valid,validation_mean_shortfall,validation_checkpoint_score,validation_meets_unique_floor
1,0.15785156190395355,0.15785156190395355,DAD,0.23808813095092773,64,3.97190523147583,,,,,,,,,,
2,0.16347657144069672,0.16347657144069672,DAD,0.02115631103515625,128,3.97221040725708,,,,,,,,,,
3,0.14695313572883606,0.16609375178813934,DAD,0.024431467056274414,192,3.9716646671295166,,,,,,,,,,
4,0.1473046839237213,0.1473046839237213,DAD,0.03242015838623047,256,3.9710874557495117,,,,,,,,,,
5,0.15468749403953552,0.15468749403953552,DAD,0.032176971435546875,320,3.9701099395751953,,,,,,,,,,
6,0.16453126072883606,0.16453126072883606,DAD,0.024567842483520508,384,3.9693400859832764,,,,,,,,,,
7,0.1515234410762787,0.1515234410762787,DAD,0.02456951141357422,448,3.9684224128723145,,,,,,,,,,
8,0.14343750476837158,0.14343750476837158,DAD,0.019000530242919922,512,3.967719078063965,,,,,,,,,,
9,0.16207030415534973,0.16207030415534973,DAD,0.019526004791259766,576,3.966963052749634,,,,,,,,,,
10,0.1683984398841858,0.1683984398841858,DAD,0.017892837524414062,640,3.9659273624420166,,,,,,,,,,
11,0.16523438692092896,0.16523438692092896,DAD,0.0190737247467041,704,3.9649605751037598,,,,,,,,,,
12,0.15257813036441803,0.15257813036441803,DAD,0.01807403564453125,768,3.964038133621216,,,,,,,,,,
13,0.158203125,0.158203125,DAD,0.01802349090576172,832,3.9633431434631348,,,,,,,,,,
14,0.15222656726837158,0.15222656726837158,DAD,0.018076658248901367,896,3.9627203941345215,,,,,,,,,,
15,0.15398439764976501,0.15398439764976501,DAD,0.018045663833618164,960,3.962371826171875,,,,,,,,,,
16,0.15503907203674316,0.15503907203674316,DAD,0.02056097984313965,1024,3.9622600078582764,,,,,,,,,,
17,0.16453124582767487,0.16453124582767487,DAD,0.020228147506713867,1088,3.9615817070007324,,,,,,,,,,
18,0.14097656309604645,0.14097656309604645,DAD,0.022671937942504883,1152,3.961214065551758,,,,,,,,,,
19,0.1508202999830246,0.1508202999830246,DAD,0.023448467254638672,1216,3.960749387741089,,,,,,,,,,
20,0.1676953136920929,0.1676953136920929,DAD,0.022467374801635742,1280,3.9603171348571777,,,,,,,,,,
21,0.16171874105930328,0.16171874105930328,DAD,0.023572921752929688,1344,3.959634304046631,,,,,,,,,,
22,0.16101562976837158,0.16101562976837158,DAD,0.027036666870117188,1408,3.9587478637695312,,,,,,,,,,
23,0.158203125,0.158203125,DAD,0.022312164306640625,1472,3.9577555656433105,,,,,,,,,,
24,0.15222656726837158,0.15222656726837158,DAD,0.02389073371887207,1536,3.9565539360046387,,,,,,,,,,
25,0.15046876668930054,0.15046876668930054,DAD,0.026319265365600586,1600,3.9558587074279785,0.14712890625000002,0.08662109375,1,-0.0,0.0078125,0.1015625,0,0.0031640625000000006,1000.60224609375,0
26,0.1603125035762787,0.1603125035762787,DAD,0.023058176040649414,1664,3.9545464515686035,,,,,,,,,,
27,0.158203125,0.158203125,DAD,0.020273208618164062,1728,3.9541914463043213,,,,,,,,,,
28,0.158203125,0.158203125,DAD,0.025997161865234375,1792,3.953535318374634,,,,,,,,,,
29,0.1515234410762787,0.1515234410762787,DAD,0.021693944931030273,1856,3.9529008865356445,,,,,,,,,,
30,0.16312500834465027,0.16312500834465027,DAD,0.019478559494018555,1920,3.952421188354492,,,,,,,,,,
31,0.1413281261920929,0.1413281261920929,DAD,0.022790908813476562,1984,3.952099084854126,,,,,,,,,,
32,0.1567968726158142,0.1567968726158142,DAD,0.019430875778198242,2048,3.9521708488464355,,,,,,,,,,
33,0.1589062511920929,0.1589062511920929,DAD,0.017870664596557617,2112,3.9515652656555176,,,,,,,,,,
34,0.1501171886920929,0.1501171886920929,DAD,0.017919540405273438,2176,3.9509119987487793,,,,,,,,,,
35,0.1596093773841858,0.1596093773841858,DAD,0.018421649932861328,2240,3.9503910541534424,,,,,,,,,,
36,0.15328125655651093,0.15328125655651093,DAD,0.024039268493652344,2304,3.9498589038848877,,,,,,,,,,
37,0.14238283038139343,0.14238283038139343,DAD,0.020902156829833984,2368,3.949138641357422,,,,,,,,,,
38,0.16453126072883606,0.16453126072883606,DAD,0.025540590286254883,2432,3.9485297203063965,,,,,,,,,,
39,0.16277344524860382,0.16277344524860382,DAD,0.022438526153564453,2496,3.948090076446533,,,,,,,,,,
40,0.15433594584465027,0.15433594584465027,DAD,0.02507162094116211,2560,3.948000431060791,,,,,,,,,,
41,0.1596093773841858,0.1596093773841858,DAD,0.024578094482421875,2624,3.9474315643310547,,,,,,,,,,
42,0.15539062023162842,0.15539062023162842,DAD,0.02339768409729004,2688,3.9470746517181396,,,,,,,,,,
43,0.15187500417232513,0.15187500417232513,DAD,0.02600860595703125,2752,3.9467544555664062,,,,,,,,,,
44,0.15996094048023224,0.15996094048023224,DAD,0.022833824157714844,2816,3.9466521739959717,,,,,,,,,,
45,0.15292969346046448,0.15292969346046448,DAD,0.02554035186767578,2880,3.9467246532440186,,,,,,,,,,
46,0.15644530951976776,0.15644530951976776,DAD,0.018895626068115234,2944,3.9468417167663574,,,,,,,,,,
47,0.1515234410762787,0.1515234410762787,DAD,0.017735958099365234,3008,3.9464871883392334,,,,,,,,,,
48,0.16207031905651093,0.16207031905651093,DAD,0.018070459365844727,3072,3.9462997913360596,,,,,,,,,,
49,0.15644532442092896,0.15644532442092896,DAD,0.017798662185668945,3136,3.9455454349517822,,,,,,,,,,
50,0.15363281965255737,0.15363281965255737,DAD,0.0178983211517334,3200,3.9445486068725586,0.14554687500000002,0.07585937499999999,3,0.5690725182303195,0.0234375,0.0625,0,0.00263671875,1000.200859375,0
51,0.15222656726837158,0.16785156726837158,DAD,0.01831340789794922,3264,3.943856716156006,,,,,,,,,,
52,0.14343750476837158,0.14343750476837158,DAD,0.018358230590820312,3328,3.9431519508361816,,,,,,,,,,
53,0.15785157680511475,0.15785157680511475,DAD,0.017969369888305664,3392,3.942342758178711,,,,,,,,,,
54,0.14554688334465027,0.14554688334465027,DAD,0.018151521682739258,3456,3.941706657409668,,,,,,,,,,
55,0.15855468809604645,0.15855468809604645,DAD,0.01809096336364746,3520,3.9412178993225098,,,,,,,,,,
56,0.15328125655651093,0.15328125655651093,DAD,0.021329879760742188,3584,3.9406564235687256,,,,,,,,,,
57,0.1487109363079071,0.1487109363079071,DAD,0.020928382873535156,3648,3.9406158924102783,,,,,,,,,,
58,0.1567968726158142,0.1567968726158142,DAD,0.01807880401611328,3712,3.940260648727417,,,,,,,,,,
59,0.16066406667232513,0.16066406667232513,DAD,0.017785310745239258,3776,3.9403109550476074,,,,,,,,,,
60,0.15046876668930054,0.15046876668930054,DAD,0.017740249633789062,3840,3.9397106170654297,,,,,,,,,,
61,0.16171875596046448,0.16171875596046448,DAD,0.017699480056762695,3904,3.9393651485443115,,,,,,,,,,
62,0.16066406667232513,0.16066406667232513,DAD,0.017738819122314453,3968,3.938460350036621,,,,,,,,,,
63,0.15187500417232513,0.15187500417232513,DAD,0.01838850975036621,4032,3.9380836486816406,,,,,,,,,,
64,0.158203125,0.158203125,DAD,0.01779031753540039,4096,3.9377779960632324,,,,,,,,,,
65,0.15503907203674316,0.15503907203674316,DAD,0.019195556640625,4160,3.9373726844787598,,,,,,,,,,
66,0.14167968928813934,0.14167968928813934,DAD,0.017856121063232422,4224,3.937406063079834,,,,,,,,,,
67,0.15785157680511475,0.15785157680511475,DAD,0.018070697784423828,4288,3.9371047019958496,,,,,,,,,,
68,0.15257811546325684,0.15257811546325684,DAD,0.01761460304260254,4352,3.9367189407348633,,,,,,,,,,
69,0.15398436784744263,0.15398436784744263,DAD,0.018024206161499023,4416,3.9365363121032715,,,,,,,,,,
70,0.15257813036441803,0.15257813036441803,DAD,0.017719745635986328,4480,3.936033248901367,,,,,,,,,,
71,0.14976564049720764,0.14976564049720764,DAD,0.021118879318237305,4544,3.935661792755127,,,,,,,,,,
72,0.15714843571186066,0.15714843571186066,DAD,0.017681121826171875,4608,3.9351422786712646,,,,,,,,,,
73,0.15117187798023224,0.15117187798023224,DAD,0.0177764892578125,4672,3.934213876724243,,,,,,,,,,
74,0.15714845061302185,0.15714845061302185,DAD,0.019308090209960938,4736,3.934115409851074,,,,,,,,,,
75,0.15292969346046448,0.15292969346046448,DAD,0.018030643463134766,4800,3.9334511756896973,0.14818359375,0.10623046875,1,-0.0,0.0078125,0.09375,0,0.00509765625,1000.54373046875,0
76,0.16066406667232513,0.16066406667232513,DAD,0.018002033233642578,4864,3.9327449798583984,,,,,,,,,,
77,0.1648828089237213,0.1648828089237213,DAD,0.018143892288208008,4928,3.9328041076660156,,,,,,,,,,
78,0.16453126072883606,0.16453126072883606,DAD,0.017795801162719727,4992,3.931729555130005,,,,,,,,,,
79,0.15714843571186066,0.15714843571186066,DAD,0.018128633499145508,5056,3.9309401512145996,,,,,,,,,,
80,0.15714843571186066,0.15714843571186066,DAD,0.017988204956054688,5120,3.9294443130493164,,,,,,,,,,
81,0.1574999988079071,0.1574999988079071,DAD,0.018230915069580078,5184,3.9288103580474854,,,,,,,,,,
82,0.1574999988079071,0.1574999988079071,DAD,0.02566838264465332,5248,3.9281704425811768,,,,,,,,,,
83,0.15433594584465027,0.15433594584465027,DAD,0.02891373634338379,5312,3.927617073059082,,,,,,,,,,
84,0.1567968726158142,0.1567968726158142,DAD,0.02280139923095703,5376,3.927211284637451,,,,,,,,,,
85,0.15363281965255737,0.15363281965255737,DAD,0.023899078369140625,5440,3.926614284515381,,,,,,,,,,
86,0.16277344524860382,0.16277344524860382,DAD,0.021977901458740234,5504,3.9265778064727783,,,,,,,,,,
87,0.15644530951976776,0.15644530951976776,DAD,0.023652076721191406,5568,3.9256339073181152,,,,,,,,,,
88,0.16382813453674316,0.16382813453674316,DAD,0.018982887268066406,5632,3.926088809967041,,,,,,,,,,
89,0.15503907203674316,0.15503907203674316,DAD,0.022527456283569336,5696,3.92610502243042,,,,,,,,,,
90,0.1515234410762787,0.1515234410762787,DAD,0.021373987197875977,5760,3.9259071350097656,,,,,,,,,,
91,0.1655859500169754,0.1655859500169754,DAD,0.02065134048461914,5824,3.9265756607055664,,,,,,,,,,
92,0.1574999988079071,0.1574999988079071,DAD,0.024824142456054688,5888,3.9271109104156494,,,,,,,,,,
93,0.15187498927116394,0.15187498927116394,DAD,0.02500748634338379,5952,3.9270095825195312,,,,,,,,,,
94,0.1508203148841858,0.1508203148841858,DAD,0.021565914154052734,6016,3.9268317222595215,,,,,,,,,,
95,0.15574219822883606,0.15574219822883606,DAD,0.018268585205078125,6080,3.9261300563812256,,,,,,,,,,
96,0.16207031905651093,0.16207031905651093,DAD,0.02106475830078125,6144,3.9251718521118164,,,,,,,,,,
97,0.1596093773841858,0.1596093773841858,DAD,0.02355337142944336,6208,3.9246063232421875,,,,,,,,,,
98,0.1655859351158142,0.1655859351158142,DAD,0.02262735366821289,6272,3.92104434967041,,,,,,,,,,
99,0.16171875596046448,0.16171875596046448,DAD,0.026488780975341797,6336,3.919905424118042,,,,,,,,,,
100,0.15398436784744263,0.15398436784744263,DAD,0.02779364585876465,6400,3.9188060760498047,0.14695312500000002,0.1723828125,3,0.7152319411348789,0.0234375,0.1875,0,0.0108984375,1001.5473828125,0
101,0.15925781428813934,0.15925781428813934,DAD,0.020074129104614258,6464,3.9171433448791504,,,,,,,,,,
102,0.15785157680511475,0.15785157680511475,DAD,0.0233917236328125,6528,3.9163780212402344,,,,,,,,,,
103,0.16593751311302185,0.16593751311302185,DAD,0.028638124465942383,6592,3.9145889282226562,,,,,,,,,,
104,0.1487109363079071,0.1487109363079071,DAD,0.03701210021972656,6656,3.9135608673095703,,,,,,,,,,
105,0.1515234410762787,0.1515234410762787,DAD,0.027836084365844727,6720,3.912217140197754,,,,,,,,,,
106,0.14519530534744263,0.14519530534744263,DAD,0.021883726119995117,6784,3.9098904132843018,,,,,,,,,,
107,0.14519532024860382,0.14519532024860382,DAD,0.021798372268676758,6848,3.910472869873047,,,,,,,,,,
108,0.13781249523162842,0.13781249523162842,DAD,0.018151283264160156,6912,3.9094719886779785,,,,,,,,,,
109,0.1494140625,0.1494140625,DAD,0.02297234535217285,6976,3.9077811241149902,,,,,,,,,,
110,0.15433594584465027,0.15433594584465027,DAD,0.027726411819458008,7040,3.9069643020629883,,,,,,,,,,
111,0.15187498927116394,0.15187498927116394,DAD,0.02089858055114746,7104,3.9065561294555664,,,,,,,,,,
112,0.15785156190395355,0.15785156190395355,DAD,0.023769617080688477,7168,3.9049935340881348,,,,,,,,,,
113,0.15222656726837158,0.15222656726837158,DAD,0.024113893508911133,7232,3.9035518169403076,,,,,,,,,,
114,0.15644532442092896,0.15644532442092896,DAD,0.01829051971435547,7296,3.9030003547668457,,,,,,,,,,
115,0.15187500417232513,0.15187500417232513,DAD,0.023752212524414062,7360,3.9019007682800293,,,,,,,,,,
116,0.1508203148841858,0.1508203148841858,DAD,0.027832746505737305,7424,3.901400566101074,,,,,,,,,,
117,0.15328124165534973,0.15328124165534973,DAD,0.024090290069580078,7488,3.900758981704712,,,,,,,,,,
118,0.1560937464237213,0.1560937464237213,DAD,0.018798351287841797,7552,3.900547504425049,,,,,,,,,,
119,0.15398436784744263,0.15398436784744263,DAD,0.017434120178222656,7616,3.899559497833252,,,,,,,,,,
120,0.1574999988079071,0.1574999988079071,DAD,0.017375707626342773,7680,3.8991148471832275,,,,,,,,,,
121,0.1596093773841858,0.1596093773841858,DAD,0.017385244369506836,7744,3.8975276947021484,,,,,,,,,,
122,0.15363281965255737,0.15363281965255737,DAD,0.01750326156616211,7808,3.896221160888672,,,,,,,,,,
123,0.16207031905651093,0.16207031905651093,DAD,0.018036365509033203,7872,3.8949756622314453,,,,,,,,,,
124,0.15222656726837158,0.15222656726837158,DAD,0.017850637435913086,7936,3.8918378353118896,,,,,,,,,,
125,0.15292969346046448,0.15292969346046448,DAD,0.0173952579498291,8000,3.890915870666504,0.149765625,0.175,4,0.915603200551409,0.03125,0.203125,0,0.01072265625,1001.70625,0
126,0.16593751311302185,0.16593751311302185,DAD,0.01755070686340332,8064,3.8903582096099854,,,,,,,,,,
127,0.1567968726158142,0.1567968726158142,DAD,0.020795822143554688,8128,3.889939308166504,,,,,,,,,,
128,0.15925781428813934,0.15925781428813934,DAD,0.01747417449951172,8192,3.88887357711792,,,,,,,,,,
129,0.15468750894069672,0.15468750894069672,DAD,0.017614126205444336,8256,3.8866589069366455,,,,,,,,,,
130,0.14906249940395355,0.14906249940395355,DAD,0.018041610717773438,8320,3.8850598335266113,,,,,,,,,,
131,0.1574999988079071,0.1574999988079071,DAD,0.017452239990234375,8384,3.883040189743042,,,,,,,,,,
132,0.15855468809604645,0.15855468809604645,DAD,0.020519495010375977,8448,3.880612373352051,,,,,,,,,,
133,0.14378906786441803,0.14378906786441803,DAD,0.01945781707763672,8512,3.8787331581115723,,,,,,,,,,
134,0.16066406667232513,0.16066406667232513,DAD,0.01998114585876465,8576,3.87609601020813,,,,,,,,,,
135,0.1466015726327896,0.1466015726327896,DAD,0.017841577529907227,8640,3.8740015029907227,,,,,,,,,,
136,0.15398436784744263,0.15398436784744263,DAD,0.017636537551879883,8704,3.8709964752197266,,,,,,,,,,
137,0.1515234410762787,0.1515234410762787,DAD,0.017374515533447266,8768,3.868712902069092,,,,,,,,,,
138,0.15187500417232513,0.15187500417232513,DAD,0.018696069717407227,8832,3.8660905361175537,,,,,,,,,,
139,0.15363280475139618,0.15363280475139618,DAD,0.01842474937438965,8896,3.865079879760742,,,,,,,,,,
140,0.16207031905651093,0.16207031905651093,DAD,0.019484519958496094,8960,3.8657326698303223,,,,,,,,,,
141,0.1596093773841858,0.1596093773841858,DAD,0.01787710189819336,9024,3.8635852336883545,,,,,,,,,,
142,0.1574999988079071,0.1574999988079071,DAD,0.018651723861694336,9088,3.8650612831115723,,,,,,,,,,
143,0.16593751311302185,0.16593751311302185,DAD,0.017481327056884766,9152,3.8646299839019775,,,,,,,,,,
144,0.1648828238248825,0.1648828238248825,DAD,0.017813444137573242,9216,3.8648641109466553,,,,,,,,,,
145,0.15468749403953552,0.15468749403953552,DAD,0.019059419631958008,9280,3.8638651371002197,,,,,,,,,,
146,0.16523438692092896,0.16523438692092896,DAD,0.020337581634521484,9344,3.865084648132324,,,,,,,,,,
147,0.15257813036441803,0.15257813036441803,DAD,0.01740241050720215,9408,3.8643808364868164,,,,,,,,,,
148,0.1648828089237213,0.1648828089237213,DAD,0.01780414581298828,9472,3.8670928478240967,,,,,,,,,,
149,0.1487109363079071,0.1487109363079071,DAD,0.01734161376953125,9536,3.867530345916748,,,,,,,,,,
150,0.15714845061302185,0.15714845061302185,DAD,0.017394065856933594,9600,3.8672986030578613,0.15416015625,0.11904296874999999,2,0.2120925525087354,0.015625,0.109375,0,0.005625,1000.71279296875,0
151,0.14765626192092896,0.14765626192092896,DAD,0.017574787139892578,9664,3.8675742149353027,,,,,,,,,,
152,0.16242188215255737,0.16242188215255737,DAD,0.017421722412109375,9728,3.8660569190979004,,,,,,,,,,
153,0.16242188215255737,0.16242188215255737,DAD,0.017337560653686523,9792,3.865781545639038,,,,,,,,,,
154,0.1676953136920929,0.1676953136920929,DAD,0.017401695251464844,9856,3.8659634590148926,,,,,,,,,,
155,0.15257813036441803,0.15257813036441803,DAD,0.01739668846130371,9920,3.8651890754699707,,,,,,,,,,
156,0.13816405832767487,0.13816405832767487,DAD,0.01736593246459961,9984,3.864168882369995,,,,,,,,,,
157,0.15257814526557922,0.15257814526557922,DAD,0.017375707626342773,10048,3.865065813064575,,,,,,,,,,
158,0.15187501907348633,0.15187501907348633,DAD,0.01737189292907715,10112,3.865947961807251,,,,,,,,,,
159,0.1575000137090683,0.1575000137090683,DAD,0.017523527145385742,10176,3.867628574371338,,,,,,,,,,
160,0.1574999988079071,0.1574999988079071,DAD,0.01743292808532715,10240,3.869962453842163,,,,,,,,,,
161,0.15257811546325684,0.15257811546325684,DAD,0.017391204833984375,10304,3.8707590103149414,,,,,,,,,,
162,0.15328124165534973,0.15328124165534973,DAD,0.01729583740234375,10368,3.8725695610046387,,,,,,,,,,
163,0.1508203148841858,0.1508203148841858,DAD,0.017377853393554688,10432,3.8738110065460205,,,,,,,,,,
164,0.15925781428813934,0.15925781428813934,DAD,0.017354488372802734,10496,3.875202178955078,,,,,,,,,,
165,0.15785156190395355,0.15785156190395355,DAD,0.01761460304260254,10560,3.8773648738861084,,,,,,,,,,
166,0.1676953136920929,0.1676953136920929,DAD,0.01789999008178711,10624,3.8762683868408203,,,,,,,,,,
167,0.15925781428813934,0.15925781428813934,DAD,0.017680644989013672,10688,3.8747735023498535,,,,,,,,,,
168,0.1515234410762787,0.1515234410762787,DAD,0.01779794692993164,10752,3.8782129287719727,,,,,,,,,,
169,0.158203125,0.158203125,DAD,0.01735830307006836,10816,3.875715732574463,,,,,,,,,,
170,0.15855470299720764,0.15855470299720764,DAD,0.0188143253326416,10880,3.8746681213378906,,,,,,,,,,
171,0.1567968726158142,0.1567968726158142,DAD,0.01980304718017578,10944,3.872025728225708,,,,,,,,,,
172,0.1560937464237213,0.1560937464237213,DAD,0.018709421157836914,11008,3.874331474304199,,,,,,,,,,
173,0.158203125,0.158203125,DAD,0.01937127113342285,11072,3.8738412857055664,,,,,,,,,,
174,0.1596093773841858,0.1596093773841858,DAD,0.01735854148864746,11136,3.870694875717163,,,,,,,,,,
175,0.15257811546325684,0.15257811546325684,DAD,0.018936634063720703,11200,3.8727540969848633,0.15416015625,0.12841796875,3,0.6389794093253951,0.0234375,0.1328125,0,0.006328125,1000.95654296875,0
176,0.15328125655651093,0.15328125655651093,DAD,0.017837047576904297,11264,3.871816635131836,,,,,,,,,,
177,0.15433594584465027,0.15433594584465027,DAD,0.017990589141845703,11328,3.8703112602233887,,,,,,,,,,
178,0.15117189288139343,0.15117189288139343,DAD,0.017798662185668945,11392,3.870945453643799,,,,,,,,,,
179,0.14835937321186066,0.14835937321186066,DAD,0.017529010772705078,11456,3.868595600128174,,,,,,,,,,
180,0.1480078101158142,0.1480078101158142,DAD,0.017749547958374023,11520,3.867609977722168,,,,,,,,,,
181,0.1480078101158142,0.1480078101158142,DAD,0.017467021942138672,11584,3.8658077716827393,,,,,,,,,,
182,0.15468749403953552,0.15468749403953552,DAD,0.020366907119750977,11648,3.8624427318573,,,,,,,,,,
183,0.1589062511920929,0.1589062511920929,DAD,0.01783466339111328,11712,3.8615550994873047,,,,,,,,,,
184,0.15785157680511475,0.15785157680511475,DAD,0.01749110221862793,11776,3.861927032470703,,,,,,,,,,
185,0.14835938811302185,0.14835938811302185,DAD,0.01753401756286621,11840,3.8603968620300293,,,,,,,,,,
186,0.15785156190395355,0.15785156190395355,DAD,0.017582178115844727,11904,3.860243558883667,,,,,,,,,,
187,0.1596093773841858,0.1596093773841858,DAD,0.01745748519897461,11968,3.8524386882781982,,,,,,,,,,
188,0.1589062511920929,0.1589062511920929,DAD,0.01761150360107422,12032,3.8553857803344727,,,,,,,,,,
189,0.15117187798023224,0.15117187798023224,DAD,0.01747751235961914,12096,3.8498425483703613,,,,,,,,,,
190,0.1655859500169754,0.1655859500169754,DAD,0.017487764358520508,12160,3.8516640663146973,,,,,,,,,,
191,0.14906249940395355,0.14906249940395355,DAD,0.01744389533996582,12224,3.8522708415985107,,,,,,,,,,
192,0.1574999988079071,0.1574999988079071,DAD,0.017563581466674805,12288,3.8486313819885254,,,,,,,,,,
193,0.16242188215255737,0.16242188215255737,DAD,0.01755809783935547,12352,3.8480095863342285,,,,,,,,,,
194,0.15046875178813934,0.15046875178813934,DAD,0.017522335052490234,12416,3.845768690109253,,,,,,,,,,
195,0.1574999988079071,0.1574999988079071,DAD,0.01749563217163086,12480,3.8409535884857178,,,,,,,,,,
196,0.1501171886920929,0.1501171886920929,DAD,0.017511606216430664,12544,3.8454341888427734,,,,,,,,,,
197,0.16417968273162842,0.16417968273162842,DAD,0.01750016212463379,12608,3.8408257961273193,,,,,,,,,,
198,0.1560937464237213,0.1560937464237213,DAD,0.01746654510498047,12672,3.8421266078948975,,,,,,,,,,
199,0.15433594584465027,0.15433594584465027,DAD,0.01784801483154297,12736,3.8401496410369873,,,,,,,,,,
200,0.16207031905651093,0.16207031905651093,DAD,0.01785898208618164,12800,3.8361077308654785,0.1480078125,0.14199218749999998,4,1.1166103545001906,0.03125,0.171875,0,0.007910156250000001,1001.3607421875,0
201,0.16171875596046448,0.16171875596046448,DAD,0.017796039581298828,12864,3.838801860809326,,,,,,,,,,
202,0.15468750894069672,0.15468750894069672,DAD,0.017740964889526367,12928,3.842320442199707,,,,,,,,,,
203,0.1567968726158142,0.1567968726158142,DAD,0.01784682273864746,12992,3.834585666656494,,,,,,,,,,
204,0.1501171886920929,0.1501171886920929,DAD,0.021565914154052734,13056,3.8349924087524414,,,,,,,,,,
205,0.15468749403953552,0.15468749403953552,DAD,0.02032613754272461,13120,3.8355603218078613,,,,,,,,,,
206,0.1574999988079071,0.1574999988079071,DAD,0.019199609756469727,13184,3.8334412574768066,,,,,,,,,,
207,0.16277343034744263,0.16277343034744263,DAD,0.020802974700927734,13248,3.8304433822631836,,,,,,,,,,
208,0.15222656726837158,0.15222656726837158,DAD,0.01753520965576172,13312,3.8312861919403076,,,,,,,,,,
209,0.158203125,0.158203125,DAD,0.018763065338134766,13376,3.828266143798828,,,,,,,,,,
210,0.15117189288139343,0.15117189288139343,DAD,0.01737070083618164,13440,3.8328957557678223,,,,,,,,,,
211,0.1501171886920929,0.1501171886920929,DAD,0.017382144927978516,13504,3.8295321464538574,,,,,,,,,,
212,0.15046875178813934,0.15046875178813934,DAD,0.017411470413208008,13568,3.8240275382995605,,,,,,,,,,
213,0.1596093773841858,0.1596093773841858,DAD,0.017714738845825195,13632,3.8216867446899414,,,,,,,,,,
214,0.15257811546325684,0.15257811546325684,DAD,0.017441511154174805,13696,3.8265042304992676,,,,,,,,,,
215,0.15398438274860382,0.15398438274860382,DAD,0.017481088638305664,13760,3.8261876106262207,,,,,,,,,,
216,0.16242188215255737,0.16242188215255737,DAD,0.020420074462890625,13824,3.8225975036621094,,,,,,,,,,
217,0.1648828089237213,0.1648828089237213,DAD,0.01750922203063965,13888,3.824373245239258,,,,,,,,,,
218,0.14625000953674316,0.14625000953674316,DAD,0.017401456832885742,13952,3.8247697353363037,,,,,,,,,,
219,0.15644532442092896,0.15644532442092896,DAD,0.017383575439453125,14016,3.827467441558838,,,,,,,,,,
220,0.16242188215255737,0.16242188215255737,DAD,0.01736617088317871,14080,3.8315987586975098,,,,,,,,,,
221,0.1501172035932541,0.1501172035932541,DAD,0.017977476119995117,14144,3.8327560424804688,,,,,,,,,,
222,0.16417968273162842,0.16417968273162842,DAD,0.020409107208251953,14208,3.833911895751953,,,,,,,,,,
223,0.15328125655651093,0.15328125655651093,DAD,0.017415285110473633,14272,3.8368585109710693,,,,,,,,,,
224,0.1553906351327896,0.1553906351327896,DAD,0.017389535903930664,14336,3.834946393966675,,,,,,,,,,
225,0.14835938811302185,0.14835938811302185,DAD,0.017387866973876953,14400,3.8350958824157715,0.14818359375,0.10623046875,1,-0.0,0.0078125,0.09375,0,0.00509765625,1000.54373046875,0
226,0.15328125655651093,0.15328125655651093,DAD,0.01772308349609375,14464,3.8324756622314453,,,,,,,,,,
227,0.15855468809604645,0.15855468809604645,DAD,0.017408370971679688,14528,3.8296260833740234,,,,,,,,,,
228,0.15292969346046448,0.15292969346046448,DAD,0.01741313934326172,14592,3.8320534229278564,,,,,,,,,,
229,0.158203125,0.158203125,DAD,0.017580509185791016,14656,3.830313205718994,,,,,,,,,,
230,0.15574218332767487,0.15574218332767487,DAD,0.018688201904296875,14720,3.8272581100463867,,,,,,,,,,
231,0.1420312523841858,0.1420312523841858,DAD,0.02023172378540039,14784,3.8244423866271973,,,,,,,,,,
232,0.14906249940395355,0.14906249940395355,DAD,0.01900196075439453,14848,3.8232178688049316,,,,,,,,,,
233,0.1560937464237213,0.1560937464237213,DAD,0.01744389533996582,14912,3.8223519325256348,,,,,,,,,,
234,0.14589843153953552,0.14589843153953552,DAD,0.01752161979675293,14976,3.825319766998291,,,,,,,,,,
235,0.1487109363079071,0.1487109363079071,DAD,0.017479896545410156,15040,3.816746711730957,,,,,,,,,,
236,0.1574999988079071,0.1574999988079071,DAD,0.017496585845947266,15104,3.8186585903167725,,,,,,,,,,
237,0.15433594584465027,0.15433594584465027,DAD,0.019489526748657227,15168,3.8166403770446777,,,,,,,,,,
238,0.15328124165534973,0.15328124165534973,DAD,0.02005791664123535,15232,3.813323974609375,,,,,,,,,,
239,0.15292969346046448,0.15292969346046448,DAD,0.017754077911376953,15296,3.8119401931762695,,,,,,,,,,
240,0.16136717796325684,0.16136717796325684,DAD,0.017466306686401367,15360,3.812103748321533,,,,,,,,,,
241,0.1574999988079071,0.1574999988079071,DAD,0.01753520965576172,15424,3.811152219772339,,,,,,,,,,
242,0.1589062511920929,0.1589062511920929,DAD,0.01788783073425293,15488,3.8118152618408203,,,,,,,,,,
243,0.15855468809604645,0.15855468809604645,DAD,0.017762422561645508,15552,3.812694787979126,,,,,,,,,,
244,0.15257813036441803,0.15257813036441803,DAD,0.020527362823486328,15616,3.8116531372070312,,,,,,,,,,
245,0.16312499344348907,0.16312499344348907,DAD,0.019381999969482422,15680,3.8177602291107178,,,,,,,,,,
246,0.15503907203674316,0.15503907203674316,DAD,0.0174102783203125,15744,3.8223538398742676,,,,,,,,,,
247,0.15046876668930054,0.15046876668930054,DAD,0.020090579986572266,15808,3.824352264404297,,,,,,,,,,
248,0.1487109363079071,0.1487109363079071,DAD,0.018976688385009766,15872,3.8275504112243652,,,,,,,,,,
249,0.15363281965255737,0.15363281965255737,DAD,0.017465591430664062,15936,3.8350963592529297,,,,,,,,,,
250,0.16171875596046448,0.16171875596046448,DAD,0.01738572120666504,16000,3.833620071411133,0.14818359375,0.10623046875,1,-0.0,0.0078125,0.09375,0,0.00509765625,1000.54373046875,0
251,0.1515234410762787,0.1515234410762787,DAD,0.0175473690032959,16064,3.8382363319396973,,,,,,,,,,
252,0.15644532442092896,0.15644532442092896,DAD,0.017523765563964844,16128,3.843188524246216,,,,,,,,,,
253,0.1567968726158142,0.1567968726158142,DAD,0.01801753044128418,16192,3.84537935256958,,,,,,,,,,
254,0.16242188215255737,0.16242188215255737,DAD,0.017355680465698242,16256,3.8466055393218994,,,,,,,,,,
255,0.14027343690395355,0.14027343690395355,DAD,0.017328262329101562,16320,3.846181869506836,,,,,,,,,,
256,0.15433594584465027,0.15433594584465027,DAD,0.02013421058654785,16384,3.851902484893799,,,,,,,,,,
257,0.1676953136920929,0.1676953136920929,DAD,0.017851591110229492,16448,3.8534607887268066,,,,,,,,,,
258,0.16101562976837158,0.16101562976837158,DAD,0.017414569854736328,16512,3.8538122177124023,,,,,,,,,,
259,0.1589062511920929,0.1589062511920929,DAD,0.017398834228515625,16576,3.8598949909210205,,,,,,,,,,
260,0.158203125,0.158203125,DAD,0.017371177673339844,16640,3.8584280014038086,,,,,,,,,,
261,0.15714845061302185,0.15714845061302185,DAD,0.01737236976623535,16704,3.863342761993408,,,,,,,,,,
262,0.15996094048023224,0.15996094048023224,DAD,0.017286062240600586,16768,3.8648290634155273,,,,,,,,,,
263,0.14695313572883606,0.14695313572883606,DAD,0.017441749572753906,16832,3.8677234649658203,,,,,,,,,,
264,0.14695313572883606,0.14695313572883606,DAD,0.017927885055541992,16896,3.8715624809265137,,,,,,,,,,
265,0.15714845061302185,0.15714845061302185,DAD,0.017392635345458984,16960,3.870211362838745,,,,,,,,,,
266,0.15117187798023224,0.15117187798023224,DAD,0.017555952072143555,17024,3.8685317039489746,,,,,,,,,,
267,0.15328125655651093,0.15328125655651093,DAD,0.017490625381469727,17088,3.874699354171753,,,,,,,,,,
268,0.15855468809604645,0.15855468809604645,DAD,0.01739978790283203,17152,3.8744072914123535,,,,,,,,,,
269,0.15714843571186066,0.15714843571186066,DAD,0.017797231674194336,17216,3.8750720024108887,,,,,,,,,,
270,0.14343750476837158,0.14343750476837158,DAD,0.017563819885253906,17280,3.87699556350708,,,,,,,,,,
271,0.1560937464237213,0.1560937464237213,DAD,0.017687559127807617,17344,3.880228042602539,,,,,,,,,,
272,0.1501171886920929,0.1501171886920929,DAD,0.01749897003173828,17408,3.8801777362823486,,,,,,,,,,
273,0.15644532442092896,0.15644532442092896,DAD,0.017594337463378906,17472,3.8808016777038574,,,,,,,,,,
274,0.15187498927116394,0.15187498927116394,DAD,0.017481088638305664,17536,3.884087085723877,,,,,,,,,,
275,0.1501171886920929,0.1501171886920929,DAD,0.017697572708129883,17600,3.8800387382507324,0.14923828125000002,0.11822265624999999,2,0.601310124381573,0.015625,0.1328125,0,0.00580078125,1000.94634765625,0
276,0.13675782084465027,0.13675782084465027,DAD,0.018770456314086914,17664,3.8801255226135254,,,,,,,,,,
277,0.16347657144069672,0.16347657144069672,DAD,0.017549991607666016,17728,3.8851215839385986,,,,,,,,,,
278,0.16242188215255737,0.16242188215255737,DAD,0.017524003982543945,17792,3.886655807495117,,,,,,,,,,
279,0.15117189288139343,0.15117189288139343,DAD,0.017813444137573242,17856,3.891674041748047,,,,,,,,,,
280,0.1480078101158142,0.1480078101158142,DAD,0.01746678352355957,17920,3.883399486541748,,,,,,,,,,
281,0.15257813036441803,0.15257813036441803,DAD,0.01776289939880371,17984,3.887661933898926,,,,,,,,,,
282,0.15539062023162842,0.15539062023162842,DAD,0.019617557525634766,18048,3.8836958408355713,,,,,,,,,,
283,0.15468749403953552,0.15468749403953552,DAD,0.019676923751831055,18112,3.891720771789551,,,,,,,,,,
284,0.15433594584465027,0.15433594584465027,DAD,0.02079153060913086,18176,3.885216474533081,,,,,,,,,,
285,0.16207033395767212,0.16207033395767212,DAD,0.017406463623046875,18240,3.8852031230926514,,,,,,,,,,
286,0.15503907203674316,0.15503907203674316,DAD,0.019589662551879883,18304,3.888205051422119,,,,,,,,,,
287,0.1560937464237213,0.1560937464237213,DAD,0.020100116729736328,18368,3.8841214179992676,,,,,,,,,,
288,0.15117187798023224,0.15117187798023224,DAD,0.020823001861572266,18432,3.88801908493042,,,,,,,,,,
289,0.1473046988248825,0.1473046988248825,DAD,0.017346858978271484,18496,3.8901634216308594,,,,,,,,,,
290,0.1494140625,0.1494140625,DAD,0.017385005950927734,18560,3.888810396194458,,,,,,,,,,
291,0.15785156190395355,0.15785156190395355,DAD,0.017377138137817383,18624,3.888350009918213,,,,,,,,,,
292,0.14027343690395355,0.14027343690395355,DAD,0.017402172088623047,18688,3.8873348236083984,,,,,,,,,,
293,0.1515234410762787,0.1515234410762787,DAD,0.017388582229614258,18752,3.888017177581787,,,,,,,,,,
294,0.1596093773841858,0.1596093773841858,DAD,0.01750922203063965,18816,3.8896484375,,,,,,,,,,
295,0.14343750476837158,0.14343750476837158,DAD,0.01757669448852539,18880,3.8818445205688477,,,,,,,,,,
296,0.1603125035762787,0.1603125035762787,DAD,0.020624876022338867,18944,3.8819403648376465,,,,,,,,,,
297,0.1420312523841858,0.14710937440395355,DAD,0.01747584342956543,19008,3.877899408340454,,,,,,,,,,
298,0.1508203148841858,0.1508203148841858,DAD,0.01741313934326172,19072,3.878761053085327,,,,,,,,,,
299,0.15574219822883606,0.15574219822883606,DAD,0.01802539825439453,19136,3.874952793121338,,,,,,,,,,
300,0.15117187798023224,0.15117187798023224,DAD,0.0175321102142334,19200,3.8694934844970703,0.15134765625,0.10412109375,2,0.6926588198060253,0.015625,0.09375,0,0.0045703125,1000.54162109375,0
301,0.14695312082767487,0.14695312082767487,DAD,0.017900466918945312,19264,3.866633892059326,,,,,,,,,,
302,0.15644530951976776,0.15644530951976776,DAD,0.017565011978149414,19328,3.8659329414367676,,,,,,,,,,
303,0.15398436784744263,0.15398436784744263,DAD,0.01805877685546875,19392,3.8646292686462402,,,,,,,,,,
304,0.1567968726158142,0.1567968726158142,DAD,0.018939971923828125,19456,3.8641865253448486,,,,,,,,,,
305,0.14906249940395355,0.14906249940395355,DAD,0.019875049591064453,19520,3.8597750663757324,,,,,,,,,,
306,0.15328125655651093,0.15328125655651093,DAD,0.01746368408203125,19584,3.8591017723083496,,,,,,,,,,
307,0.1420312523841858,0.1420312523841858,DAD,0.017616987228393555,19648,3.8560051918029785,,,,,,,,,,
308,0.16242188215255737,0.16242188215255737,DAD,0.017708778381347656,19712,3.8569939136505127,,,,,,,,,,
309,0.1596093773841858,0.1596093773841858,DAD,0.01767706871032715,19776,3.854858160018921,,,,,,,,,,
310,0.15925782918930054,0.15925782918930054,DAD,0.020148754119873047,19840,3.8516807556152344,,,,,,,,,,
311,0.1508203148841858,0.1508203148841858,DAD,0.017336368560791016,19904,3.853835105895996,,,,,,,,,,
312,0.15855470299720764,0.15855470299720764,DAD,0.01735234260559082,19968,3.8504953384399414,,,,,,,,,,
313,0.16312500834465027,0.16312500834465027,DAD,0.017361164093017578,20032,3.851299285888672,,,,,,,,,,
314,0.15433594584465027,0.15433594584465027,DAD,0.01738119125366211,20096,3.8507509231567383,,,,,,,,,,
315,0.15257813036441803,0.15257813036441803,DAD,0.017316341400146484,20160,3.845729351043701,,,,,,,,,,
316,0.14589844644069672,0.14589844644069672,DAD,0.017369747161865234,20224,3.848237991333008,,,,,,,,,,
317,0.16207030415534973,0.16207030415534973,DAD,0.017986774444580078,20288,3.851841926574707,,,,,,,,,,
318,0.1501171886920929,0.1501171886920929,DAD,0.02068161964416504,20352,3.850666046142578,,,,,,,,,,
319,0.15503907203674316,0.15503907203674316,DAD,0.017353057861328125,20416,3.8507370948791504,,,,,,,,,,
320,0.1420312523841858,0.1420312523841858,DAD,0.01735377311706543,20480,3.8519606590270996,,,,,,,,,,
321,0.14695313572883606,0.14695313572883606,DAD,0.017575502395629883,20544,3.8547067642211914,,,,,,,,,,
322,0.140625,0.140625,DAD,0.017355680465698242,20608,3.8555197715759277,,,,,,,,,,
323,0.16734375059604645,0.16734375059604645,DAD,0.01754450798034668,20672,3.8648552894592285,,,,,,,,,,
324,0.15925781428813934,0.15925781428813934,DAD,0.017322540283203125,20736,3.866593837738037,,,,,,,,,,
325,0.15398438274860382,0.15398438274860382,DAD,0.01738119125366211,20800,3.8711979389190674,0.151171875,0.1039453125,2,0.6930251052799065,0.015625,0.09375,0,0.0045703125,1000.5414453125,0
326,0.1480078101158142,0.1480078101158142,DAD,0.017819881439208984,20864,3.8700668811798096,,,,,,,,,,
327,0.14343750476837158,0.14343750476837158,DAD,0.017343997955322266,20928,3.870832920074463,,,,,,,,,,
328,0.14625000953674316,0.14625000953674316,DAD,0.017484664916992188,20992,3.8707809448242188,,,,,,,,,,
329,0.1574999988079071,0.1574999988079071,DAD,0.01790142059326172,21056,3.8769149780273438,,,,,,,,,,
330,0.1567968726158142,0.1567968726158142,DAD,0.017449140548706055,21120,3.879911422729492,,,,,,,,,,
331,0.16066405177116394,0.16066405177116394,DAD,0.020923376083374023,21184,3.8784101009368896,,,,,,,,,,
332,0.15292969346046448,0.15292969346046448,DAD,0.01741790771484375,21248,3.878213882446289,,,,,,,,,,
333,0.15363281965255737,0.15363281965255737,DAD,0.017579317092895508,21312,3.8774194717407227,,,,,,,,,,
334,0.14835937321186066,0.14835937321186066,DAD,0.01818537712097168,21376,3.8756542205810547,,,,,,,,,,
335,0.15046876668930054,0.15046876668930054,DAD,0.01768660545349121,21440,3.877396821975708,,,,,,,,,,
336,0.15574219822883606,0.15574219822883606,DAD,0.020984411239624023,21504,3.8767364025115967,,,,,,,,,,
337,0.1662890613079071,0.1662890613079071,DAD,0.021134376525878906,21568,3.878809928894043,,,,,,,,,,
338,0.15363281965255737,0.15363281965255737,DAD,0.02257704734802246,21632,3.8796253204345703,,,,,,,,,,
339,0.1487109363079071,0.1487109363079071,DAD,0.020328044891357422,21696,3.8702239990234375,,,,,,,,,,
340,0.14238281548023224,0.14238281548023224,DAD,0.019890785217285156,21760,3.8730664253234863,,,,,,,,,,
341,0.15292969346046448,0.15292969346046448,DAD,0.01885247230529785,21824,3.8705854415893555,,,,,,,,,,
342,0.14976564049720764,0.14976564049720764,DAD,0.0177609920501709,21888,3.8670997619628906,,,,,,,,,,
343,0.15046875178813934,0.15046875178813934,DAD,0.017682790756225586,21952,3.870683193206787,,,,,,,,,,
344,0.1501171886920929,0.1501171886920929,DAD,0.022543907165527344,22016,3.8606176376342773,,,,,,,,,,
345,0.15996092557907104,0.15996092557907104,DAD,0.02315378189086914,22080,3.8596272468566895,,,,,,,,,,
346,0.15996094048023224,0.15996094048023224,DAD,0.02056574821472168,22144,3.861396312713623,,,,,,,,,,
347,0.14976564049720764,0.14976564049720764,DAD,0.019373178482055664,22208,3.8591089248657227,,,,,,,,,,
348,0.15328124165534973,0.15328124165534973,DAD,0.017824888229370117,22272,3.8574142456054688,,,,,,,,,,
349,0.16312499344348907,0.16312499344348907,DAD,0.018926620483398438,22336,3.8591551780700684,,,,,,,,,,
350,0.15539062023162842,0.15539062023162842,DAD,0.0203855037689209,22400,3.846121311187744,0.14625,0.064453125,3,0.8470102735227538,0.0234375,0.046875,1,0.00158203125,0.064453125,0
351,0.15292969346046448,0.15292969346046448,DAD,0.018408775329589844,22464,3.8467628955841064,,,,,,,,,,
352,0.1574999988079071,0.1574999988079071,DAD,0.021264076232910156,22528,3.8462886810302734,,,,,,,,,,
353,0.15503907203674316,0.15503907203674316,DAD,0.021207332611083984,22592,3.8548996448516846,,,,,,,,,,
354,0.15468749403953552,0.15468749403953552,DAD,0.01835012435913086,22656,3.8539485931396484,,,,,,,,,,
355,0.14695312082767487,0.14695312082767487,DAD,0.02401590347290039,22720,3.849531650543213,,,,,,,,,,
356,0.1560937464237213,0.1560937464237213,DAD,0.02671527862548828,22784,3.848452568054199,,,,,,,,,,
357,0.1515234410762787,0.1515234410762787,DAD,0.023560762405395508,22848,3.8481645584106445,,,,,,,,,,
358,0.1603125035762787,0.1603125035762787,DAD,0.024080514907836914,22912,3.8537867069244385,,,,,,,,,,
359,0.16312500834465027,0.16312500834465027,DAD,0.01933002471923828,22976,3.8568034172058105,,,,,,,,,,
360,0.1596093773841858,0.1596093773841858,DAD,0.02260446548461914,23040,3.850486993789673,,,,,,,,,,
361,0.15574219822883606,0.15574219822883606,DAD,0.019196271896362305,23104,3.844109535217285,,,,,,,,,,
362,0.16277344524860382,0.16277344524860382,DAD,0.017803430557250977,23168,3.8480422496795654,,,,,,,,,,
363,0.15539062023162842,0.15539062023162842,DAD,0.01783299446105957,23232,3.851499080657959,,,,,,,,,,
364,0.1648828089237213,0.1648828089237213,DAD,0.019289255142211914,23296,3.850851535797119,,,,,,,,,,
365,0.15363281965255737,0.15363281965255737,DAD,0.02093815803527832,23360,3.85164737701416,,,,,,,,,,
366,0.16347657144069672,0.16347657144069672,DAD,0.018911361694335938,23424,3.8531060218811035,,,,,,,,,,
367,0.15398436784744263,0.15398436784744263,DAD,0.0179898738861084,23488,3.852355480194092,,,,,,,,,,
368,0.15328124165534973,0.15328124165534973,DAD,0.0198366641998291,23552,3.8513853549957275,,,,,,,,,,
369,0.15292969346046448,0.15292969346046448,DAD,0.018949270248413086,23616,3.8487191200256348,,,,,,,,,,
370,0.1494140625,0.1494140625,DAD,0.020145416259765625,23680,3.8508291244506836,,,,,,,,,,
371,0.15574219822883606,0.15574219822883606,DAD,0.021846294403076172,23744,3.8479833602905273,,,,,,,,,,
372,0.1589062511920929,0.1589062511920929,DAD,0.017986536026000977,23808,3.8508520126342773,,,,,,,,,,
373,0.1487109363079071,0.1487109363079071,DAD,0.01889491081237793,23872,3.8528499603271484,,,,,,,,,,
374,0.1574999988079071,0.1574999988079071,DAD,0.021201372146606445,23936,3.8517684936523438,,,,,,,,,,
375,0.14835938811302185,0.14835938811302185,DAD,0.019586801528930664,24000,3.858685255050659,0.14625,0.06191406249999999,3,0.730705170275966,0.0234375,0.0390625,1,0.00140625,0.06191406249999999,0
376,0.1487109363079071,0.1487109363079071,DAD,0.02035665512084961,24064,3.8512327671051025,,,,,,,,,,
377,0.15433594584465027,0.15433594584465027,DAD,0.020083904266357422,24128,3.851810932159424,,,,,,,,,,
378,0.15503907203674316,0.15503907203674316,DAD,0.019835948944091797,24192,3.8528881072998047,,,,,,,,,,
379,0.15644530951976776,0.15644530951976776,DAD,0.0235903263092041,24256,3.8485107421875,,,,,,,,,,
380,0.15187500417232513,0.15187500417232513,DAD,0.023363113403320312,24320,3.851804733276367,,,,,,,,,,
381,0.1603125035762787,0.1603125035762787,DAD,0.03289484977722168,24384,3.855499744415283,,,,,,,,,,
382,0.14378906786441803,0.14378906786441803,DAD,0.02504444122314453,24448,3.853864908218384,,,,,,,,,,
383,0.15046876668930054,0.15046876668930054,DAD,0.02743387222290039,24512,3.8575286865234375,,,,,,,,,,
384,0.16277344524860382,0.16277344524860382,DAD,0.025916576385498047,24576,3.8673911094665527,,,,,,,,,,
385,0.14835938811302185,0.14835938811302185,DAD,0.019419193267822266,24640,3.8621878623962402,,,,,,,,,,
386,0.15187500417232513,0.15187500417232513,DAD,0.021437644958496094,24704,3.8660879135131836,,,,,,,,,,
387,0.16277346014976501,0.16277346014976501,DAD,0.02711963653564453,24768,3.8712072372436523,,,,,,,,,,
388,0.1662890613079071,0.1662890613079071,DAD,0.026106834411621094,24832,3.8683037757873535,,,,,,,,,,
389,0.1515234410762787,0.1515234410762787,DAD,0.030514001846313477,24896,3.8722963333129883,,,,,,,,,,
390,0.14554688334465027,0.14554688334465027,DAD,0.02736973762512207,24960,3.871046781539917,,,,,,,,,,
391,0.1596093773841858,0.1596093773841858,DAD,0.02115774154663086,25024,3.873673439025879,,,,,,,,,,
392,0.15996094048023224,0.15996094048023224,DAD,0.022441864013671875,25088,3.872751474380493,,,,,,,,,,
393,0.1589062511920929,0.1589062511920929,DAD,0.018791913986206055,25152,3.873485565185547,,,,,,,,,,
394,0.16593751311302185,0.16593751311302185,DAD,0.018058300018310547,25216,3.875636577606201,,,,,,,,,,
395,0.1574999988079071,0.1574999988079071,DAD,0.019328832626342773,25280,3.8740196228027344,,,,,,,,,,
396,0.15574218332767487,0.15574218332767487,DAD,0.018038511276245117,25344,3.867661237716675,,,,,,,,,,
397,0.1676953136920929,0.1676953136920929,DAD,0.01835775375366211,25408,3.8699584007263184,,,,,,,,,,
398,0.16523438692092896,0.16523438692092896,DAD,0.018001794815063477,25472,3.877498149871826,,,,,,,,,,
399,0.14976562559604645,0.14976562559604645,DAD,0.01916813850402832,25536,3.8687515258789062,,,,,,,,,,
400,0.1487109363079071,0.1487109363079071,DAD,0.02075982093811035,25600,3.8762760162353516,0.14291015625000003,0.04568359375,6,1.4216275304874477,0.046875,0.015625,1,0.0003515625000000001,0.04568359375,0
401,0.15187498927116394,0.15187498927116394,DAD,0.019314050674438477,25664,3.870777130126953,,,,,,,,,,
402,0.14660155773162842,0.14660155773162842,DAD,0.017847537994384766,25728,3.871800422668457,,,,,,,,,,
403,0.15257813036441803,0.15257813036441803,DAD,0.017846345901489258,25792,3.8663787841796875,,,,,,,,,,
404,0.15222656726837158,0.15222656726837158,DAD,0.02127218246459961,25856,3.8683457374572754,,,,,,,,,,
405,0.1589062511920929,0.1589062511920929,DAD,0.019679784774780273,25920,3.8597683906555176,,,,,,,,,,
406,0.15785157680511475,0.15785157680511475,DAD,0.01825547218322754,25984,3.85746431350708,,,,,,,,,,
407,0.16136717796325684,0.16136717796325684,DAD,0.023140668869018555,26048,3.8584656715393066,,,,,,,,,,
408,0.16382813453674316,0.16382813453674316,DAD,0.022313356399536133,26112,3.854095220565796,,,,,,,,,,
409,0.16277343034744263,0.16277343034744263,DAD,0.02593398094177246,26176,3.85184907913208,,,,,,,,,,
410,0.15468749403953552,0.15468749403953552,DAD,0.02295517921447754,26240,3.844151735305786,,,,,,,,,,
411,0.1501171886920929,0.1501171886920929,DAD,0.0211484432220459,26304,3.8432507514953613,,,,,,,,,,
412,0.16312500834465027,0.16312500834465027,DAD,0.02030467987060547,26368,3.8343660831451416,,,,,,,,,,
413,0.15539062023162842,0.15539062023162842,DAD,0.02150249481201172,26432,3.8347246646881104,,,,,,,,,,
414,0.1553906351327896,0.1553906351327896,DAD,0.02095198631286621,26496,3.839531421661377,,,,,,,,,,
415,0.15996094048023224,0.15996094048023224,DAD,0.02121901512145996,26560,3.8332924842834473,,,,,,,,,,
416,0.1501171886920929,0.1501171886920929,DAD,0.023697376251220703,26624,3.827303886413574,,,,,,,,,,
417,0.15925781428813934,0.15925781428813934,DAD,0.020954608917236328,26688,3.8249106407165527,,,,,,,,,,
418,0.15222656726837158,0.15222656726837158,DAD,0.019167661666870117,26752,3.8280367851257324,,,,,,,,,,
419,0.16382813453674316,0.16382813453674316,DAD,0.019902467727661133,26816,3.827660083770752,,,,,,,,,,
420,0.15328125655651093,0.15328125655651093,DAD,0.017898082733154297,26880,3.8173651695251465,,,,,,,,,,
421,0.15468749403953552,0.15468749403953552,DAD,0.01801776885986328,26944,3.822269916534424,,,,,,,,,,
422,0.15468750894069672,0.15468750894069672,DAD,0.018007755279541016,27008,3.8283674716949463,,,,,,,,,,
423,0.1553906351327896,0.1553906351327896,DAD,0.01795196533203125,27072,3.8253872394561768,,,,,,,,,,
424,0.15292969346046448,0.15292969346046448,DAD,0.018849611282348633,27136,3.820086717605591,,,,,,,,,,
425,0.16136719286441803,0.16136719286441803,DAD,0.020935773849487305,27200,3.8248307704925537,0.14414062500000002,0.0418359375,4,0.7122074792684717,0.03125,0.0,1,0.0,0.0418359375,0
426,0.1494140625,0.1494140625,DAD,0.018019437789916992,27264,3.824136734008789,,,,,,,,,,
427,0.15996094048023224,0.15996094048023224,DAD,0.017916202545166016,27328,3.827336311340332,,,,,,,,,,
428,0.15328124165534973,0.15328124165534973,DAD,0.017971515655517578,27392,3.8173093795776367,,,,,,,,,,
429,0.15187501907348633,0.15187501907348633,DAD,0.02134418487548828,27456,3.82077693939209,,,,,,,,,,
430,0.14554688334465027,0.14554688334465027,DAD,0.020334959030151367,27520,3.8273868560791016,,,,,,,,,,
431,0.15257813036441803,0.15257813036441803,DAD,0.020763397216796875,27584,3.837724208831787,,,,,,,,,,
432,0.15468749403953552,0.15468749403953552,DAD,0.022897720336914062,27648,3.831609010696411,,,,,,,,,,
433,0.1480078101158142,0.1480078101158142,DAD,0.01839280128479004,27712,3.8259363174438477,,,,,,,,,,
434,0.1515234410762787,0.1515234410762787,DAD,0.019852876663208008,27776,3.8388781547546387,,,,,,,,,,
435,0.15785156190395355,0.15785156190395355,DAD,0.02095770835876465,27840,3.8408937454223633,,,,,,,,,,
436,0.14660155773162842,0.14660155773162842,DAD,0.02098250389099121,27904,3.8299880027770996,,,,,,,,,,
437,0.15117187798023224,0.15117187798023224,DAD,0.023802995681762695,27968,3.8433570861816406,,,,,,,,,,
438,0.1567968875169754,0.1567968875169754,DAD,0.021620750427246094,28032,3.830954074859619,,,,,,,,,,
439,0.15855468809604645,0.15855468809604645,DAD,0.021479368209838867,28096,3.8404345512390137,,,,,,,,,,
440,0.15363281965255737,0.15363281965255737,DAD,0.021903514862060547,28160,3.832240343093872,,,,,,,,,,
441,0.15574219822883606,0.15574219822883606,DAD,0.02122664451599121,28224,3.8304858207702637,,,,,,,,,,
442,0.1494140625,0.1494140625,DAD,0.02140665054321289,28288,3.8247523307800293,,,,,,,,,,
443,0.1596093773841858,0.1596093773841858,DAD,0.020108461380004883,28352,3.8295540809631348,,,,,,,,,,
444,0.14976562559604645,0.14976562559604645,DAD,0.019931316375732422,28416,3.8172240257263184,,,,,,,,,,
445,0.15046875178813934,0.15046875178813934,DAD,0.018042802810668945,28480,3.8174848556518555,,,,,,,,,,
446,0.1515234410762787,0.1515234410762787,DAD,0.01979207992553711,28544,3.81870698928833,,,,,,,,,,
447,0.15292969346046448,0.15292969346046448,DAD,0.019128084182739258,28608,3.823990821838379,,,,,,,,,,
448,0.14906251430511475,0.14906251430511475,DAD,0.018001079559326172,28672,3.816997766494751,,,,,,,,,,
449,0.14625000953674316,0.14625000953674316,DAD,0.021924734115600586,28736,3.807110071182251,,,,,,,,,,
450,0.1480078101158142,0.1480078101158142,DAD,0.022159814834594727,28800,3.812929630279541,0.14449218749999998,0.153125,7,0.8549098609498401,0.0546875,0.1953125,0,0.009140625000000001,1001.60625,0
451,0.1553906351327896,0.1553906351327896,DAD,0.017795562744140625,28864,3.808332920074463,,,,,,,,,,
452,0.14906249940395355,0.14906249940395355,DAD,0.020061492919921875,28928,3.80733585357666,,,,,,,,,,
453,0.1574999988079071,0.1574999988079071,DAD,0.022488832473754883,28992,3.805297613143921,,,,,,,,,,
454,0.1508203148841858,0.1508203148841858,DAD,0.0226137638092041,29056,3.799774646759033,,,,,,,,,,
455,0.15222656726837158,0.15222656726837158,DAD,0.020640134811401367,29120,3.8071823120117188,,,,,,,,,,
456,0.15257813036441803,0.15257813036441803,DAD,0.020999908447265625,29184,3.811309337615967,,,,,,,,,,
457,0.1596093773841858,0.1596093773841858,DAD,0.021625995635986328,29248,3.801301956176758,,,,,,,,,,
458,0.15328124165534973,0.15328124165534973,DAD,0.019178390502929688,29312,3.807891845703125,,,,,,,,,,
459,0.15539062023162842,0.15539062023162842,DAD,0.018980979919433594,29376,3.805835247039795,,,,,,,,,,
460,0.14484375715255737,0.14484375715255737,DAD,0.017986297607421875,29440,3.801877021789551,,,,,,,,,,
461,0.16171875596046448,0.16171875596046448,DAD,0.018939733505249023,29504,3.8011577129364014,,,,,,,,,,
462,0.15222656726837158,0.15222656726837158,DAD,0.018996000289916992,29568,3.80350399017334,,,,,,,,,,
463,0.1574999988079071,0.1574999988079071,DAD,0.01977086067199707,29632,3.8020286560058594,,,,,,,,,,
464,0.1480078101158142,0.1480078101158142,DAD,0.019106626510620117,29696,3.8079051971435547,,,,,,,,,,
465,0.15363280475139618,0.15363280475139618,DAD,0.018941879272460938,29760,3.795821189880371,,,,,,,,,,
466,0.15644532442092896,0.15644532442092896,DAD,0.022134780883789062,29824,3.791476011276245,,,,,,,,,,
467,0.16242188215255737,0.16242188215255737,DAD,0.022187471389770508,29888,3.802237033843994,,,,,,,,,,
468,0.1515234410762787,0.1515234410762787,DAD,0.023293018341064453,29952,3.8010921478271484,,,,,,,,,,
469,0.1589062511920929,0.1589062511920929,DAD,0.019051313400268555,30016,3.7980079650878906,,,,,,,,,,
470,0.15925781428813934,0.15925781428813934,DAD,0.020192623138427734,30080,3.800293207168579,,,,,,,,,,
471,0.14695313572883606,0.14695313572883606,DAD,0.02351999282836914,30144,3.8031201362609863,,,,,,,,,,
472,0.1662890613079071,0.1662890613079071,DAD,0.020141124725341797,30208,3.812955379486084,,,,,,,,,,
473,0.1603125035762787,0.1603125035762787,DAD,0.024616241455078125,30272,3.8021702766418457,,,,,,,,,,
474,0.1567968726158142,0.1567968726158142,DAD,0.019278526306152344,30336,3.8143370151519775,,,,,,,,,,
475,0.1603125035762787,0.1603125035762787,DAD,0.02176690101623535,30400,3.807323455810547,0.14431640625,0.15822265624999998,4,0.6425596592166923,0.03125,0.1953125,0,0.00966796875,1001.61134765625,0
476,0.15925782918930054,0.15925782918930054,DAD,0.019063234329223633,30464,3.80783748626709,,,,,,,,,,
477,0.15539062023162842,0.15539062023162842,DAD,0.021679401397705078,30528,3.8182713985443115,,,,,,,,,,
478,0.1501171886920929,0.1501171886920929,DAD,0.019174575805664062,30592,3.809401512145996,,,,,,,,,,
479,0.16207031905651093,0.16207031905651093,DAD,0.01867079734802246,30656,3.8056957721710205,,,,,,,,,,
480,0.15468749403953552,0.15468749403953552,DAD,0.023224830627441406,30720,3.8111023902893066,,,,,,,,,,
481,0.15925782918930054,0.15925782918930054,DAD,0.019052743911743164,30784,3.8111395835876465,,,,,,,,,,
482,0.1603125035762787,0.1603125035762787,DAD,0.022455930709838867,30848,3.8157079219818115,,,,,,,,,,
483,0.1589062511920929,0.1589062511920929,DAD,0.021870851516723633,30912,3.823906898498535,,,,,,,,,,
484,0.1515234410762787,0.1515234410762787,DAD,0.018497705459594727,30976,3.8207433223724365,,,,,,,,,,
485,0.16101562976837158,0.16101562976837158,DAD,0.019768238067626953,31040,3.8301172256469727,,,,,,,,,,
486,0.15117186307907104,0.15117186307907104,DAD,0.018123388290405273,31104,3.8337626457214355,,,,,,,,,,
487,0.14238283038139343,0.14238283038139343,DAD,0.018898963928222656,31168,3.8319015502929688,,,,,,,,,,
488,0.15714845061302185,0.15714845061302185,DAD,0.019707202911376953,31232,3.837963342666626,,,,,,,,,,
489,0.1560937613248825,0.1560937613248825,DAD,0.020224332809448242,31296,3.8383169174194336,,,,,,,,,,
490,0.14625000953674316,0.14625000953674316,DAD,0.017928600311279297,31360,3.8412299156188965,,,,,,,,,,
491,0.1596093773841858,0.1596093773841858,DAD,0.017951488494873047,31424,3.840388298034668,,,,,,,,,,
492,0.158203125,0.158203125,DAD,0.017867088317871094,31488,3.841062068939209,,,,,,,,,,
493,0.14976564049720764,0.14976564049720764,DAD,0.01991438865661621,31552,3.845900774002075,,,,,,,,,,
494,0.14976562559604645,0.14976562559604645,DAD,0.019898176193237305,31616,3.8431575298309326,,,,,,,,,,
495,0.15539062023162842,0.15539062023162842,DAD,0.022571802139282227,31680,3.848954677581787,,,,,,,,,,
496,0.1655859500169754,0.1655859500169754,DAD,0.018633127212524414,31744,3.8482742309570312,,,,,,,,,,
497,0.15925782918930054,0.15925782918930054,DAD,0.01974010467529297,31808,3.8418121337890625,,,,,,,,,,
498,0.15433593094348907,0.15433593094348907,DAD,0.019031286239624023,31872,3.840988874435425,,,,,,,,,,
499,0.140625,0.140625,DAD,0.019733905792236328,31936,3.835691213607788,,,,,,,,,,
500,0.15328124165534973,0.15328124165534973,DAD,0.022686481475830078,32000,3.849592447280884,0.1430859375,0.17085937499999998,7,0.945445651987332,0.0546875,0.2109375,0,0.0108984375,1001.780234375,0
501,0.16136719286441803,0.16136719286441803,DAD,0.02080678939819336,32064,3.8458054065704346,,,,,,,,,,
502,0.15785154700279236,0.15785154700279236,DAD,0.021132707595825195,32128,3.8485236167907715,,,,,,,,,,
503,0.15714845061302185,0.15714845061302185,DAD,0.02099895477294922,32192,3.8348028659820557,,,,,,,,,,
504,0.1487109363079071,0.1487109363079071,DAD,0.018555641174316406,32256,3.8384416103363037,,,,,,,,,,
505,0.1508203148841858,0.1508203148841858,DAD,0.022755861282348633,32320,3.837770938873291,,,,,,,,,,
506,0.1603125035762787,0.1603125035762787,DAD,0.0211946964263916,32384,3.846285343170166,,,,,,,,,,
507,0.15433594584465027,0.15433594584465027,DAD,0.020516395568847656,32448,3.8382248878479004,,,,,,,,,,
508,0.14238281548023224,0.14238281548023224,DAD,0.02191948890686035,32512,3.837007999420166,,,,,,,,,,
509,0.15644530951976776,0.15644530951976776,DAD,0.020343542098999023,32576,3.8358426094055176,,,,,,,,,,
510,0.15785156190395355,0.15785156190395355,DAD,0.022289514541625977,32640,3.844709873199463,,,,,,,,,,
511,0.15363281965255737,0.15363281965255737,DAD,0.01961374282836914,32704,3.833352565765381,,,,,,,,,,
512,0.15714845061302185,0.15714845061302185,DAD,0.022029638290405273,32768,3.84413480758667,,,,,,,,,,
513,0.15222656726837158,0.15222656726837158,DAD,0.019925832748413086,32832,3.8401150703430176,,,,,,,,,,
514,0.15398438274860382,0.15398438274860382,DAD,0.018878698348999023,32896,3.8403849601745605,,,,,,,,,,
515,0.16066405177116394,0.16066405177116394,DAD,0.02011275291442871,32960,3.8414487838745117,,,,,,,,,,
516,0.15855468809604645,0.15855468809604645,DAD,0.018821239471435547,33024,3.831989288330078,,,,,,,,,,
517,0.1515234410762787,0.1515234410762787,DAD,0.01798224449157715,33088,3.846874237060547,,,,,,,,,,
518,0.14976562559604645,0.14976562559604645,DAD,0.01795482635498047,33152,3.8350725173950195,,,,,,,,,,
519,0.16207031905651093,0.16207031905651093,DAD,0.017953157424926758,33216,3.8372886180877686,,,,,,,,,,
520,0.15187500417232513,0.15187500417232513,DAD,0.017995119094848633,33280,3.8380417823791504,,,,,,,,,,
521,0.15222656726837158,0.15222656726837158,DAD,0.019608736038208008,33344,3.836385488510132,,,,,,,,,,
522,0.15925782918930054,0.15925782918930054,DAD,0.018531084060668945,33408,3.8415451049804688,,,,,,,,,,
523,0.15574218332767487,0.15574218332767487,DAD,0.02155327796936035,33472,3.847153663635254,,,,,,,,,,
524,0.15046873688697815,0.15046873688697815,DAD,0.019895076751708984,33536,3.852853298187256,,,,,,,,,,
525,0.16277344524860382,0.16277344524860382,DAD,0.023262739181518555,33600,3.8503596782684326,0.14888671875,0.11806640624999998,6,1.3221222547807119,0.046875,0.1171875,0,0.005976562499999999,1000.78994140625,0
526,0.15855470299720764,0.15855470299720764,DAD,0.01846599578857422,33664,3.8466315269470215,,,,,,,,,,
527,0.1641796976327896,0.1641796976327896,DAD,0.017913341522216797,33728,3.839310646057129,,,,,,,,,,
528,0.1508203148841858,0.1508203148841858,DAD,0.017949819564819336,33792,3.840435028076172,,,,,,,,,,
529,0.15433594584465027,0.15433594584465027,DAD,0.017947912216186523,33856,3.8379104137420654,,,,,,,,,,
530,0.15574219822883606,0.15574219822883606,DAD,0.017640352249145508,33920,3.8397865295410156,,,,,,,,,,
531,0.1494140625,0.1494140625,DAD,0.017736434936523438,33984,3.8495445251464844,,,,,,,,,,
532,0.15187501907348633,0.15187501907348633,DAD,0.017899513244628906,34048,3.8330469131469727,,,,,,,,,,
533,0.15714845061302185,0.15714845061302185,DAD,0.018335819244384766,34112,3.8266382217407227,,,,,,,,,,
534,0.14835937321186066,0.14835937321186066,DAD,0.01774764060974121,34176,3.8305411338806152,,,,,,,,,,
535,0.15433594584465027,0.15433594584465027,DAD,0.020936965942382812,34240,3.837209701538086,,,,,,,,,,
536,0.15433594584465027,0.15433594584465027,DAD,0.017686128616333008,34304,3.835580348968506,,,,,,,,,,
537,0.16242188215255737,0.16242188215255737,DAD,0.02115774154663086,34368,3.8353981971740723,,,,,,,,,,
538,0.15398438274860382,0.15398438274860382,DAD,0.01856064796447754,34432,3.8259968757629395,,,,,,,,,,
539,0.16101562976837158,0.16101562976837158,DAD,0.022361278533935547,34496,3.8396713733673096,,,,,,,,,,
540,0.15503907203674316,0.15503907203674316,DAD,0.021493196487426758,34560,3.838226556777954,,,,,,,,,,
541,0.15503907203674316,0.15503907203674316,DAD,0.018800020217895508,34624,3.8384835720062256,,,,,,,,,,
542,0.1589062511920929,0.1589062511920929,DAD,0.024592161178588867,34688,3.839099407196045,,,,,,,,,,
543,0.1567968875169754,0.1567968875169754,DAD,0.02110910415649414,34752,3.84639835357666,,,,,,,,,,
544,0.15785156190395355,0.15785156190395355,DAD,0.020119428634643555,34816,3.857914924621582,,,,,,,,,,
545,0.15785157680511475,0.15785157680511475,DAD,0.0252835750579834,34880,3.8471837043762207,,,,,,,,,,
546,0.1567968726158142,0.1567968726158142,DAD,0.033338069915771484,34944,3.8403172492980957,,,,,,,,,,
547,0.16171875596046448,0.16171875596046448,DAD,0.019425392150878906,35008,3.8427677154541016,,,,,,,,,,
548,0.14695313572883606,0.14695313572883606,DAD,0.023407697677612305,35072,3.8475465774536133,,,,,,,,,,
549,0.16593751311302185,0.18859374523162842,DAD,0.02260756492614746,35136,3.8555679321289062,,,,,,,,,,
550,0.15855468809604645,0.15855468809604645,DAD,0.021420717239379883,35200,3.863162040710449,0.14906250000000001,0.133671875,4,0.9771292949625953,0.03125,0.1484375,0,0.007207031250000001,1001.118046875,0
551,0.14414063096046448,0.14414063096046448,DAD,0.01877737045288086,35264,3.850039005279541,,,,,,,,,,
552,0.1501171886920929,0.1501171886920929,DAD,0.021058320999145508,35328,3.8492674827575684,,,,,,,,,,
553,0.15644532442092896,0.15644532442092896,DAD,0.025524139404296875,35392,3.8458962440490723,,,,,,,,,,
554,0.14378906786441803,0.14378906786441803,DAD,0.020076751708984375,35456,3.8562846183776855,,,,,,,,,,
555,0.1501171886920929,0.1501171886920929,DAD,0.0228729248046875,35520,3.870210647583008,,,,,,,,,,
556,0.16242188215255737,0.16242188215255737,DAD,0.01920604705810547,35584,3.8549489974975586,,,,,,,,,,
557,0.15714845061302185,0.15714845061302185,DAD,0.023044586181640625,35648,3.8572661876678467,,,,,,,,,,
558,0.158203125,0.158203125,DAD,0.019655942916870117,35712,3.8499550819396973,,,,,,,,,,
559,0.15785156190395355,0.15785156190395355,DAD,0.020923376083374023,35776,3.8552231788635254,,,,,,,,,,
560,0.1494140625,0.1494140625,DAD,0.01814723014831543,35840,3.8619344234466553,,,,,,,,,,
561,0.1501171886920929,0.1501171886920929,DAD,0.0217587947845459,35904,3.851421356201172,,,,,,,,,,
562,0.16734375059604645,0.16734375059604645,DAD,0.020120620727539062,35968,3.85438871383667,,,,,,,,,,
563,0.14625000953674316,0.14625000953674316,DAD,0.021685361862182617,36032,3.8559584617614746,,,,,,,,,,
564,0.15714845061302185,0.15714845061302185,DAD,0.019190311431884766,36096,3.8662240505218506,,,,,,,,,,
565,0.15433594584465027,0.15433594584465027,DAD,0.020059585571289062,36160,3.8618223667144775,,,,,,,,,,
566,0.14519530534744263,0.14519530534744263,DAD,0.01983642578125,36224,3.8601365089416504,,,,,,,,,,
567,0.1515234410762787,0.1515234410762787,DAD,0.017995595932006836,36288,3.8516578674316406,,,,,,,,,,
568,0.15046875178813934,0.15046875178813934,DAD,0.02252817153930664,36352,3.8526344299316406,,,,,,,,,,
569,0.16312500834465027,0.16312500834465027,DAD,0.020366907119750977,36416,3.849116802215576,,,,,,,,,,
570,0.15328124165534973,0.15328124165534973,DAD,0.022012948989868164,36480,3.842318534851074,,,,,,,,,,
571,0.16382813453674316,0.16382813453674316,DAD,0.01977372169494629,36544,3.8345541954040527,,,,,,,,,,
572,0.1567968726158142,0.1567968726158142,DAD,0.019909381866455078,36608,3.8423514366149902,,,,,,,,,,
573,0.16277344524860382,0.16277344524860382,DAD,0.01807379722595215,36672,3.8489346504211426,,,,,,,,,,
574,0.15996094048023224,0.15996094048023224,DAD,0.021700143814086914,36736,3.840318202972412,,,,,,,,,,
575,0.16101562976837158,0.16101562976837158,DAD,0.022293567657470703,36800,3.839592933654785,0.14625000000000002,0.0439453125,5,1.0693188461442364,0.0390625,0.0,1,0.0,0.0439453125,0
576,0.16980469226837158,0.16980469226837158,DAD,0.01872110366821289,36864,3.8409929275512695,,,,,,,,,,
577,0.16101562976837158,0.16101562976837158,DAD,0.017722129821777344,36928,3.8425941467285156,,,,,,,,,,
578,0.15539062023162842,0.15539062023162842,DAD,0.022119760513305664,36992,3.8540101051330566,,,,,,,,,,
579,0.15539062023162842,0.15539062023162842,DAD,0.02303600311279297,37056,3.842890739440918,,,,,,,,,,
580,0.1473046839237213,0.1473046839237213,DAD,0.018205642700195312,37120,3.8463332653045654,,,,,,,,,,
581,0.15046876668930054,0.15046876668930054,DAD,0.021015405654907227,37184,3.8422083854675293,,,,,,,,,,
582,0.14765624701976776,0.14765624701976776,DAD,0.02177143096923828,37248,3.8400607109069824,,,,,,,,,,
583,0.15363281965255737,0.15363281965255737,DAD,0.021759748458862305,37312,3.854152202606201,,,,,,,,,,
584,0.1574999988079071,0.1574999988079071,DAD,0.021933794021606445,37376,3.844390392303467,,,,,,,,,,
585,0.1560937613248825,0.1560937613248825,DAD,0.019327640533447266,37440,3.861837863922119,,,,,,,,,,
586,0.1473046839237213,0.1473046839237213,DAD,0.02339482307434082,37504,3.862915515899658,,,,,,,,,,
587,0.15328124165534973,0.15328124165534973,DAD,0.022318363189697266,37568,3.857588291168213,,,,,,,,,,
588,0.16382813453674316,0.16382813453674316,DAD,0.019946813583374023,37632,3.861691951751709,,,,,,,,,,
589,0.1589062511920929,0.1589062511920929,DAD,0.02056884765625,37696,3.862307548522949,,,,,,,,,,
590,0.1567968726158142,0.1567968726158142,DAD,0.02230978012084961,37760,3.865952491760254,,,,,,,,,,
591,0.16523438692092896,0.16523438692092896,DAD,0.02149653434753418,37824,3.86240291595459,,,,,,,,,,
592,0.14589843153953552,0.14589843153953552,DAD,0.019439220428466797,37888,3.8650574684143066,,,,,,,,,,
593,0.15257814526557922,0.15257814526557922,DAD,0.020294904708862305,37952,3.8696417808532715,,,,,,,,,,
594,0.16417968273162842,0.16417968273162842,DAD,0.02163410186767578,38016,3.8636245727539062,,,,,,,,,,
595,0.16101562976837158,0.16101562976837158,DAD,0.0212557315826416,38080,3.8688838481903076,,,,,,,,,,
596,0.15855470299720764,0.15855470299720764,DAD,0.020442485809326172,38144,3.8698983192443848,,,,,,,,,,
597,0.1560937613248825,0.1560937613248825,DAD,0.019290447235107422,38208,3.8735618591308594,,,,,,,,,,
598,0.1473046839237213,0.1473046839237213,DAD,0.02470231056213379,38272,3.8731839656829834,,,,,,,,,,
599,0.16066406667232513,0.16066406667232513,DAD,0.020017623901367188,38336,3.876333236694336,,,,,,,,,,
600,0.15222656726837158,0.15222656726837158,DAD,0.02192068099975586,38400,3.8661322593688965,0.14501953125,0.04271484375,4,1.1660776552805823,0.03125,0.0,1,0.0,0.04271484375,0
601,0.15574218332767487,0.15574218332767487,DAD,0.018445730209350586,38464,3.8742072582244873,,,,,,,,,,
602,0.15187500417232513,0.15187500417232513,DAD,0.017932415008544922,38528,3.865870952606201,,,,,,,,,,
603,0.15714842081069946,0.15714842081069946,DAD,0.020768404006958008,38592,3.875779628753662,,,,,,,,,,
604,0.15433594584465027,0.15433594584465027,DAD,0.023003578186035156,38656,3.8691816329956055,,,,,,,,,,
605,0.14027345180511475,0.14027345180511475,DAD,0.01916193962097168,38720,3.8588955402374268,,,,,,,,,,
606,0.15328124165534973,0.15328124165534973,DAD,0.0178220272064209,38784,3.8673417568206787,,,,,,,,,,
607,0.1522265523672104,0.1522265523672104,DAD,0.01989579200744629,38848,3.859827995300293,,,,,,,,,,
608,0.158203125,0.158203125,DAD,0.02378535270690918,38912,3.8541688919067383,,,,,,,,,,
609,0.16207031905651093,0.16207031905651093,DAD,0.02132582664489746,38976,3.8623390197753906,,,,,,,,,,
610,0.15433594584465027,0.15433594584465027,DAD,0.018677711486816406,39040,3.855526924133301,,,,,,,,,,
611,0.14378905296325684,0.14378905296325684,DAD,0.017801284790039062,39104,3.8454151153564453,,,,,,,,,,
612,0.1501171886920929,0.1501171886920929,DAD,0.018152952194213867,39168,3.850399971008301,,,,,,,,,,
613,0.15468750894069672,0.15468750894069672,DAD,0.017737865447998047,39232,3.8374180793762207,,,,,,,,,,
614,0.16347655653953552,0.16347655653953552,DAD,0.01822686195373535,39296,3.8426029682159424,,,,,,,,,,
615,0.16593749821186066,0.16593749821186066,DAD,0.0179288387298584,39360,3.8382034301757812,,,,,,,,,,
616,0.14660155773162842,0.14660155773162842,DAD,0.017904043197631836,39424,3.839200496673584,,,,,,,,,,
617,0.1574999988079071,0.1574999988079071,DAD,0.019953489303588867,39488,3.8295395374298096,,,,,,,,,,
618,0.1487109363079071,0.1487109363079071,DAD,0.01975846290588379,39552,3.8453783988952637,,,,,,,,,,
619,0.15433593094348907,0.15433593094348907,DAD,0.01985335350036621,39616,3.8208489418029785,,,,,,,,,,
620,0.1473046839237213,0.1473046839237213,DAD,0.018138885498046875,39680,3.826230525970459,,,,,,,,,,
621,0.15292969346046448,0.15292969346046448,DAD,0.022063016891479492,39744,3.836134433746338,,,,,,,,,,
622,0.15785157680511475,0.15785157680511475,DAD,0.019715547561645508,39808,3.8223814964294434,,,,,,,,,,
623,0.15433594584465027,0.15433594584465027,DAD,0.01924276351928711,39872,3.839412212371826,,,,,,,,,,
624,0.1508203148841858,0.1508203148841858,DAD,0.018872737884521484,39936,3.83443021774292,,,,,,,,,,
625,0.14519530534744263,0.14519530534744263,DAD,0.0198974609375,40000,3.8303914070129395,0.1508203125,0.12507812499999998,6,1.5412593745101815,0.046875,0.1328125,0,0.006328125,1000.953203125,0
626,0.14625000953674316,0.14625000953674316,DAD,0.018135547637939453,40064,3.8410160541534424,,,,,,,,,,
627,0.16171875596046448,0.16171875596046448,DAD,0.017956018447875977,40128,3.8446969985961914,,,,,,,,,,
628,0.1480078250169754,0.1480078250169754,DAD,0.017957448959350586,40192,3.819767951965332,,,,,,,,,,
629,0.15222656726837158,0.15222656726837158,DAD,0.019776105880737305,40256,3.835975170135498,,,,,,,,,,
630,0.14835937321186066,0.14835937321186066,DAD,0.022153854370117188,40320,3.825249195098877,,,,,,,,,,
631,0.1487109363079071,0.1487109363079071,DAD,0.018486738204956055,40384,3.8342442512512207,,,,,,,,,,
632,0.15644532442092896,0.15644532442092896,DAD,0.01844501495361328,40448,3.8411898612976074,,,,,,,,,,
633,0.15574219822883606,0.15574219822883606,DAD,0.018929243087768555,40512,3.8297348022460938,,,,,,,,,,
634,0.1574999988079071,0.1574999988079071,DAD,0.022142887115478516,40576,3.8379158973693848,,,,,,,,,,
635,0.16277343034744263,0.16277343034744263,DAD,0.021283864974975586,40640,3.8451523780822754,,,,,,,,,,
636,0.16171875596046448,0.16171875596046448,DAD,0.02024531364440918,40704,3.8397464752197266,,,,,,,,,,
637,0.1596093773841858,0.1596093773841858,DAD,0.018047571182250977,40768,3.835036516189575,,,,,,,,,,
638,0.15292969346046448,0.15292969346046448,DAD,0.022582530975341797,40832,3.8315134048461914,,,,,,,,,,
639,0.15925782918930054,0.15925782918930054,DAD,0.02097153663635254,40896,3.8384032249450684,,,,,,,,,,
640,0.16312500834465027,0.16312500834465027,DAD,0.02784562110900879,40960,3.845025062561035,,,,,,,,,,
641,0.15644532442092896,0.15644532442092896,DAD,0.021472692489624023,41024,3.8281595706939697,,,,,,,,,,
642,0.15292969346046448,0.15292969346046448,DAD,0.020616769790649414,41088,3.828831911087036,,,,,,,,,,
643,0.14906251430511475,0.14906251430511475,DAD,0.018247604370117188,41152,3.835723400115967,,,,,,,,,,
644,0.15363281965255737,0.15363281965255737,DAD,0.021970033645629883,41216,3.8397979736328125,,,,,,,,,,
645,0.1508203148841858,0.1508203148841858,DAD,0.0198519229888916,41280,3.8387227058410645,,,,,,,,,,
646,0.15046875178813934,0.15046875178813934,DAD,0.018964767456054688,41344,3.8358097076416016,,,,,,,,,,
647,0.1480078101158142,0.1480078101158142,DAD,0.01796746253967285,41408,3.840337038040161,,,,,,,,,,
648,0.14589844644069672,0.14589844644069672,DAD,0.0179440975189209,41472,3.8568174839019775,,,,,,,,,,
649,0.14308594167232513,0.14308594167232513,DAD,0.018022775650024414,41536,3.8454082012176514,,,,,,,,,,
650,0.158203125,0.158203125,DAD,0.017879724502563477,41600,3.849926471710205,0.14537109375,0.09013671875,3,0.33802002822336424,0.0234375,0.1015625,0,0.0036914062500000002,1000.60576171875,0
651,0.15433594584465027,0.15433594584465027,DAD,0.017769575119018555,41664,3.849191188812256,,,,,,,,,,
652,0.16242188215255737,0.16242188215255737,DAD,0.019962072372436523,41728,3.8568239212036133,,,,,,,,,,
653,0.1560937464237213,0.1560937464237213,DAD,0.020001649856567383,41792,3.86202073097229,,,,,,,,,,
654,0.1515234410762787,0.1515234410762787,DAD,0.02387714385986328,41856,3.858245849609375,,,,,,,,,,
655,0.1560937464237213,0.1560937464237213,DAD,0.0201263427734375,41920,3.855454921722412,,,,,,,,,,
656,0.1589062511920929,0.1589062511920929,DAD,0.019814252853393555,41984,3.862746000289917,,,,,,,,,,
657,0.15996094048023224,0.15996094048023224,DAD,0.017957687377929688,42048,3.853095054626465,,,,,,,,,,
658,0.16207031905651093,0.16207031905651093,DAD,0.017920970916748047,42112,3.855356216430664,,,,,,,,,,
659,0.1487109512090683,0.1487109512090683,DAD,0.01805281639099121,42176,3.8685734272003174,,,,,,,,,,
660,0.14765624701976776,0.14765624701976776,DAD,0.01972651481628418,42240,3.876588821411133,,,,,,,,,,
661,0.1480078101158142,0.1480078101158142,DAD,0.018080949783325195,42304,3.8479971885681152,,,,,,,,,,
662,0.1508203148841858,0.1508203148841858,DAD,0.017989158630371094,42368,3.8582420349121094,,,,,,,,,,
663,0.14097657799720764,0.14097657799720764,DAD,0.021403074264526367,42432,3.851994037628174,,,,,,,,,,
664,0.15363281965255737,0.15363281965255737,DAD,0.019443511962890625,42496,3.8626646995544434,,,,,,,,,,
665,0.16136719286441803,0.16136719286441803,DAD,0.01802682876586914,42560,3.8493213653564453,,,,,,,,,,
666,0.16136717796325684,0.16136717796325684,DAD,0.02069854736328125,42624,3.850182056427002,,,,,,,,,,
667,0.140625,0.140625,DAD,0.021297693252563477,42688,3.8530874252319336,,,,,,,,,,
668,0.14906249940395355,0.14906249940395355,DAD,0.019701004028320312,42752,3.8456082344055176,,,,,,,,,,
669,0.14765624701976776,0.14765624701976776,DAD,0.019913434982299805,42816,3.8633410930633545,,,,,,,,,,
670,0.15644532442092896,0.15644532442092896,DAD,0.01915144920349121,42880,3.845921516418457,,,,,,,,,,
671,0.15257813036441803,0.15257813036441803,DAD,0.02028799057006836,42944,3.864269256591797,,,,,,,,,,
672,0.14484375715255737,0.14484375715255737,DAD,0.02017831802368164,43008,3.869621753692627,,,,,,,,,,
673,0.15996095538139343,0.15996095538139343,DAD,0.019217491149902344,43072,3.8537700176239014,,,,,,,,,,
674,0.14765626192092896,0.14765626192092896,DAD,0.01912546157836914,43136,3.863316774368286,,,,,,,,,,
675,0.15117187798023224,0.15117187798023224,DAD,0.018836021423339844,43200,3.863862991333008,0.15328125,0.137109375,5,1.3615350307649243,0.0390625,0.140625,0,0.00720703125,1001.043359375,0
676,0.1515234410762787,0.1515234410762787,DAD,0.02043318748474121,43264,3.8469595909118652,,,,,,,,,,
677,0.15433594584465027,0.15433594584465027,DAD,0.01790332794189453,43328,3.844895362854004,,,,,,,,,,
678,0.15046876668930054,0.15046876668930054,DAD,0.018958091735839844,43392,3.8471131324768066,,,,,,,,,,
679,0.16066406667232513,0.16066406667232513,DAD,0.02044844627380371,43456,3.8468055725097656,,,,,,,,,,
680,0.15328124165534973,0.15328124165534973,DAD,0.018522977828979492,43520,3.8409552574157715,,,,,,,,,,
681,0.15187500417232513,0.15187500417232513,DAD,0.01887679100036621,43584,3.838472843170166,,,,,,,,,,
682,0.15363281965255737,0.15363281965255737,DAD,0.019856691360473633,43648,3.831502914428711,,,,,,,,,,
683,0.14660155773162842,0.14660155773162842,DAD,0.01803731918334961,43712,3.830153703689575,,,,,,,,,,
684,0.14976562559604645,0.14976562559604645,DAD,0.01985001564025879,43776,3.8290650844573975,,,,,,,,,,
685,0.1596093773841858,0.1596093773841858,DAD,0.022084951400756836,43840,3.8235068321228027,,,,,,,,,,
686,0.158203125,0.158203125,DAD,0.01793980598449707,43904,3.835202932357788,,,,,,,,,,
687,0.14660155773162842,0.14660155773162842,DAD,0.022046804428100586,43968,3.8203794956207275,,,,,,,,,,
688,0.15714845061302185,0.15714845061302185,DAD,0.01961517333984375,44032,3.8349270820617676,,,,,,,,,,
689,0.14625000953674316,0.14625000953674316,DAD,0.020627260208129883,44096,3.8239471912384033,,,,,,,,,,
690,0.158203125,0.158203125,DAD,0.01783442497253418,44160,3.8209242820739746,,,,,,,,,,
691,0.14835938811302185,0.14835938811302185,DAD,0.022790193557739258,44224,3.8240275382995605,,,,,,,,,,
692,0.15292969346046448,0.15292969346046448,DAD,0.022457122802734375,44288,3.8110299110412598,,,,,,,,,,
693,0.1515234410762787,0.1515234410762787,DAD,0.021342039108276367,44352,3.8163180351257324,,,,,,,,,,
694,0.158203125,0.158203125,DAD,0.02166914939880371,44416,3.8282265663146973,,,,,,,,,,
695,0.16171875596046448,0.16171875596046448,DAD,0.022794485092163086,44480,3.833115816116333,,,,,,,,,,
696,0.14906249940395355,0.14906249940395355,DAD,0.02003026008605957,44544,3.834054946899414,,,,,,,,,,
697,0.16207030415534973,0.16207030415534973,DAD,0.02016472816467285,44608,3.8442580699920654,,,,,,,,,,
698,0.1508203148841858,0.1508203148841858,DAD,0.019705772399902344,44672,3.835174560546875,,,,,,,,,,
699,0.15714845061302185,0.15714845061302185,DAD,0.018206119537353516,44736,3.8426644802093506,,,,,,,,,,
700,0.1508203148841858,0.1508203148841858,DAD,0.02087235450744629,44800,3.830857038497925,0.16189453125000003,0.15001953125,6,1.451547197487044,0.046875,0.1484375,0,0.00755859375,1001.13439453125,0
701,0.1501171886920929,0.1501171886920929,DAD,0.019578218460083008,44864,3.8377106189727783,,,,,,,,,,
702,0.1560937464237213,0.1560937464237213,DAD,0.01982903480529785,44928,3.843273162841797,,,,,,,,,,
703,0.16664063930511475,0.16664063930511475,DAD,0.018002033233642578,44992,3.827587127685547,,,,,,,,,,
704,0.15785154700279236,0.15785154700279236,DAD,0.022791624069213867,45056,3.8228988647460938,,,,,,,,,,
705,0.15785157680511475,0.15785157680511475,DAD,0.02120184898376465,45120,3.8196051120758057,,,,,,,,,,
706,0.1480078101158142,0.1480078101158142,DAD,0.020911216735839844,45184,3.8133292198181152,,,,,,,,,,
707,0.1648828089237213,0.1648828089237213,DAD,0.01837444305419922,45248,3.8239989280700684,,,,,,,,,,
708,0.1603125035762787,0.1603125035762787,DAD,0.01773834228515625,45312,3.817608594894409,,,,,,,,,,
709,0.15328124165534973,0.15328124165534973,DAD,0.019428491592407227,45376,3.804234504699707,,,,,,,,,,
710,0.14554688334465027,0.14554688334465027,DAD,0.017968177795410156,45440,3.799546480178833,,,,,,,,,,
711,0.1596093773841858,0.1596093773841858,DAD,0.021025657653808594,45504,3.8040173053741455,,,,,,,,,,
712,0.1596093773841858,0.1596093773841858,DAD,0.024920225143432617,45568,3.8010072708129883,,,,,,,,,,
713,0.1413281261920929,0.1413281261920929,DAD,0.031240463256835938,45632,3.7911391258239746,,,,,,,,,,
714,0.15257813036441803,0.15257813036441803,DAD,0.021913766860961914,45696,3.810270309448242,,,,,,,,,,
715,0.1589062511920929,0.1589062511920929,DAD,0.023630619049072266,45760,3.788290500640869,,,,,,,,,,
716,0.15328127145767212,0.15328127145767212,DAD,0.018685579299926758,45824,3.776845932006836,,,,,,,,,,
717,0.15574219822883606,0.15574219822883606,DAD,0.017772912979125977,45888,3.773967742919922,,,,,,,,,,
718,0.14238280057907104,0.14238280057907104,DAD,0.018002033233642578,45952,3.7929344177246094,,,,,,,,,,
719,0.15328124165534973,0.15328124165534973,DAD,0.017675161361694336,46016,3.78035831451416,,,,,,,,,,
720,0.1603125035762787,0.1603125035762787,DAD,0.017801284790039062,46080,3.788818597793579,,,,,,,,,,
721,0.158203125,0.158203125,DAD,0.017813920974731445,46144,3.7889766693115234,,,,,,,,,,
722,0.15187500417232513,0.15187500417232513,DAD,0.02348923683166504,46208,3.769538402557373,,,,,,,,,,
723,0.15398438274860382,0.15398438274860382,DAD,0.02485489845275879,46272,3.773282527923584,,,,,,,,,,
724,0.1596093773841858,0.1596093773841858,DAD,0.021524667739868164,46336,3.794745922088623,,,,,,,,,,
725,0.15257811546325684,0.15257811546325684,DAD,0.017767667770385742,46400,3.762624740600586,0.1508203125,0.1268359375,3,0.730705170275966,0.0234375,0.1328125,0,0.00650390625,1000.9549609375,0
726,0.16066406667232513,0.16066406667232513,DAD,0.02625584602355957,46464,3.787100315093994,,,,,,,,,,
727,0.15433593094348907,0.15433593094348907,DAD,0.023203134536743164,46528,3.78566837310791,,,,,,,,,,
728,0.15996094048023224,0.15996094048023224,DAD,0.021787166595458984,46592,3.765606641769409,,,,,,,,,,
729,0.15925782918930054,0.15925782918930054,DAD,0.022230863571166992,46656,3.781787157058716,,,,,,,,,,
730,0.1508203148841858,0.1508203148841858,DAD,0.01788926124572754,46720,3.774620532989502,,,,,,,,,,
731,0.15257813036441803,0.15257813036441803,DAD,0.020099639892578125,46784,3.7703590393066406,,,,,,,,,,
732,0.1574999988079071,0.1574999988079071,DAD,0.020651817321777344,46848,3.791260242462158,,,,,,,,,,
733,0.15222656726837158,0.15222656726837158,DAD,0.021616697311401367,46912,3.793820381164551,,,,,,,,,,
734,0.1501171886920929,0.1501171886920929,DAD,0.01786661148071289,46976,3.785059928894043,,,,,,,,,,
735,0.1501171886920929,0.1501171886920929,DAD,0.0214846134185791,47040,3.7820801734924316,,,,,,,,,,
736,0.15328125655651093,0.15328125655651093,DAD,0.02232527732849121,47104,3.7808241844177246,,,,,,,,,,
737,0.15503907203674316,0.15503907203674316,DAD,0.02082681655883789,47168,3.782777786254883,,,,,,,,,,
738,0.14906251430511475,0.14906251430511475,DAD,0.019991159439086914,47232,3.787928581237793,,,,,,,,,,
739,0.15398438274860382,0.15398438274860382,DAD,0.023984193801879883,47296,3.799940347671509,,,,,,,,,,
740,0.15503907203674316,0.15503907203674316,DAD,0.021625995635986328,47360,3.7925305366516113,,,,,,,,,,
741,0.15328125655651093,0.15328125655651093,DAD,0.019271373748779297,47424,3.785423755645752,,,,,,,,,,
742,0.15503907203674316,0.15503907203674316,DAD,0.01791095733642578,47488,3.8023364543914795,,,,,,,,,,
743,0.15925779938697815,0.15925779938697815,DAD,0.018030405044555664,47552,3.8071396350860596,,,,,,,,,,
744,0.15996095538139343,0.15996095538139343,DAD,0.028109073638916016,47616,3.801342010498047,,,,,,,,,,
745,0.13675782084465027,0.13675782084465027,DAD,0.026366472244262695,47680,3.8110361099243164,,,,,,,,,,
746,0.158203125,0.158203125,DAD,0.029505491256713867,47744,3.807219982147217,,,,,,,,,,
747,0.14625000953674316,0.14625000953674316,DAD,0.020288944244384766,47808,3.806939125061035,,,,,,,,,,
748,0.1494140625,0.1494140625,DAD,0.020612478256225586,47872,3.8098206520080566,,,,,,,,,,
749,0.16312500834465027,0.16312500834465027,DAD,0.01818394660949707,47936,3.808795213699341,,,,,,,,,,
750,0.16453126072883606,0.16453126072883606,DAD,0.01770639419555664,48000,3.8199386596679688,0.14888671875,0.09716796875,2,0.25444653832353925,0.015625,0.1015625,0,0.00404296875,1000.61279296875,0
751,0.15046875178813934,0.15046875178813934,DAD,0.017764806747436523,48064,3.8230412006378174,,,,,,,,,,
752,0.14554688334465027,0.14554688334465027,DAD,0.021771907806396484,48128,3.8295936584472656,,,,,,,,,,
753,0.15222656726837158,0.15222656726837158,DAD,0.01841878890991211,48192,3.8187084197998047,,,,,,,,,,
754,0.1508203148841858,0.1508203148841858,DAD,0.024248838424682617,48256,3.8326797485351562,,,,,,,,,,
755,0.1508203148841858,0.1508203148841858,DAD,0.019080162048339844,48320,3.830488920211792,,,,,,,,,,
756,0.1589062511920929,0.1589062511920929,DAD,0.01785135269165039,48384,3.842770576477051,,,,,,,,,,
757,0.15714845061302185,0.15714845061302185,DAD,0.017873048782348633,48448,3.8400514125823975,,,,,,,,,,
758,0.1596093773841858,0.1596093773841858,DAD,0.018801212310791016,48512,3.855544090270996,,,,,,,,,,
759,0.15328124165534973,0.15328124165534973,DAD,0.020348548889160156,48576,3.8371901512145996,,,,,,,,,,
760,0.15328124165534973,0.15328124165534973,DAD,0.020112276077270508,48640,3.8472583293914795,,,,,,,,,,
761,0.15433594584465027,0.15433594584465027,DAD,0.017756938934326172,48704,3.8492541313171387,,,,,,,,,,
762,0.17085938155651093,0.17085938155651093,DAD,0.019945144653320312,48768,3.8610072135925293,,,,,,,,,,
763,0.15398438274860382,0.15398438274860382,DAD,0.017754554748535156,48832,3.8536224365234375,,,,,,,,,,
764,0.15257813036441803,0.15257813036441803,DAD,0.017621755599975586,48896,3.85190486907959,,,,,,,,,,
765,0.14589843153953552,0.14589843153953552,DAD,0.017691850662231445,48960,3.865377902984619,,,,,,,,,,
766,0.14835938811302185,0.14835938811302185,DAD,0.017728328704833984,49024,3.867431402206421,,,,,,,,,,
767,0.16453126072883606,0.16453126072883606,DAD,0.017623186111450195,49088,3.864881992340088,,,,,,,,,,
768,0.1574999988079071,0.1574999988079071,DAD,0.01839613914489746,49152,3.8617260456085205,,,,,,,,,,
769,0.15292969346046448,0.15292969346046448,DAD,0.01788926124572754,49216,3.860889434814453,,,,,,,,,,
770,0.16136717796325684,0.16136717796325684,DAD,0.020305871963500977,49280,3.8731746673583984,,,,,,,,,,
771,0.16136720776557922,0.16136720776557922,DAD,0.020068645477294922,49344,3.8749542236328125,,,,,,,,,,
772,0.16417968273162842,0.16417968273162842,DAD,0.022429227828979492,49408,3.8734817504882812,,,,,,,,,,
773,0.15539062023162842,0.15539062023162842,DAD,0.020891427993774414,49472,3.8893914222717285,,,,,,,,,,
774,0.14906249940395355,0.14906249940395355,DAD,0.02004718780517578,49536,3.87729549407959,,,,,,,,,,
775,0.14097654819488525,0.14097654819488525,DAD,0.022799015045166016,49600,3.8749895095825195,0.14396484375000002,0.041660156250000004,5,1.4829794910594527,0.0390625,0.0,1,0.0,0.041660156250000004,0
776,0.16417968273162842,0.16417968273162842,DAD,0.018790245056152344,49664,3.8846817016601562,,,,,,,,,,
777,0.14835938811302185,0.14835938811302185,DAD,0.022809267044067383,49728,3.8802881240844727,,,,,,,,,,
778,0.15222656726837158,0.15222656726837158,DAD,0.01791214942932129,49792,3.8921127319335938,,,,,,,,,,
779,0.14625000953674316,0.14625000953674316,DAD,0.01777172088623047,49856,3.899277448654175,,,,,,,,,,
780,0.1487109363079071,0.1487109363079071,DAD,0.025553464889526367,49920,3.8994312286376953,,,,,,,,,,
781,0.1567968726158142,0.1567968726158142,DAD,0.026301860809326172,49984,3.898481607437134,,,,,,,,,,
782,0.1508203148841858,0.1508203148841858,DAD,0.023475170135498047,50048,3.8965964317321777,,,,,,,,,,
783,0.16277343034744263,0.16277343034744263,DAD,0.026996135711669922,50112,3.8983500003814697,,,,,,,,,,
784,0.15328124165534973,0.15328124165534973,DAD,0.02208733558654785,50176,3.8997154235839844,,,,,,,,,,
785,0.1473046988248825,0.1473046988248825,DAD,0.01800847053527832,50240,3.906519889831543,,,,,,,,,,
786,0.15468749403953552,0.15468749403953552,DAD,0.017742156982421875,50304,3.9031014442443848,,,,,,,,,,
787,0.14554688334465027,0.14554688334465027,DAD,0.019832372665405273,50368,3.9030351638793945,,,,,,,,,,
788,0.1662890613079071,0.1662890613079071,DAD,0.022074460983276367,50432,3.9121971130371094,,,,,,,,,,
789,0.15574219822883606,0.15574219822883606,DAD,0.02126765251159668,50496,3.9020214080810547,,,,,,,,,,
790,0.15468750894069672,0.15468750894069672,DAD,0.020586729049682617,50560,3.9020657539367676,,,,,,,,,,
791,0.15503905713558197,0.15503905713558197,DAD,0.020058155059814453,50624,3.9061455726623535,,,,,,,,,,
792,0.15714843571186066,0.15714843571186066,DAD,0.021924257278442383,50688,3.8997514247894287,,,,,,,,,,
793,0.16980469226837158,0.16980469226837158,DAD,0.022898197174072266,50752,3.8977017402648926,,,,,,,,,,
794,0.15539062023162842,0.15539062023162842,DAD,0.0207211971282959,50816,3.90366268157959,,,,,,,,,,
795,0.16277343034744263,0.16277343034744263,DAD,0.022060632705688477,50880,3.9036331176757812,,,,,,,,,,
796,0.15855470299720764,0.15855470299720764,DAD,0.019191741943359375,50944,3.906121253967285,,,,,,,,,,
797,0.15574219822883606,0.15574219822883606,DAD,0.019820213317871094,51008,3.8925960063934326,,,,,,,,,,
798,0.15187501907348633,0.15187501907348633,DAD,0.018019914627075195,51072,3.887385845184326,,,,,,,,,,
799,0.14625000953674316,0.14625000953674316,DAD,0.020981550216674805,51136,3.8998517990112305,,,,,,,,,,
800,0.1596093773841858,0.1596093773841858,DAD,0.01999640464782715,51200,3.8948123455047607,0.14291015625,0.04060546875,6,1.4287855112664505,0.046875,0.0,1,0.0,0.04060546875,0
801,0.17015625536441803,0.17015625536441803,DAD,0.01957249641418457,51264,3.8882744312286377,,,,,,,,,,
802,0.15574218332767487,0.15574218332767487,DAD,0.02277994155883789,51328,3.899322271347046,,,,,,,,,,
803,0.14976564049720764,0.14976564049720764,DAD,0.02118992805480957,51392,3.8828535079956055,,,,,,,,,,
804,0.16242188215255737,0.16242188215255737,DAD,0.01798725128173828,51456,3.888861656188965,,,,,,,,,,
805,0.1655859351158142,0.1655859351158142,DAD,0.0189974308013916,51520,3.878096342086792,,,,,,,,,,
806,0.15257811546325684,0.15257811546325684,DAD,0.018993139266967773,51584,3.878167152404785,,,,,,,,,,
807,0.15046876668930054,0.15046876668930054,DAD,0.019778013229370117,51648,3.8876335620880127,,,,,,,,,,
808,0.15398436784744263,0.15398436784744263,DAD,0.0200192928314209,51712,3.8856723308563232,,,,,,,,,,
809,0.1515234410762787,0.1515234410762787,DAD,0.018047809600830078,51776,3.8949337005615234,,,,,,,,,,
810,0.15117186307907104,0.15117186307907104,DAD,0.021762609481811523,51840,3.8828437328338623,,,,,,,,,,
811,0.15925782918930054,0.15925782918930054,DAD,0.02001667022705078,51904,3.8924622535705566,,,,,,,,,,
812,0.15222656726837158,0.15222656726837158,DAD,0.021997451782226562,51968,3.8861923217773438,,,,,,,,,,
813,0.15855470299720764,0.15855470299720764,DAD,0.01798868179321289,52032,3.8949785232543945,,,,,,,,,,
814,0.15398436784744263,0.15398436784744263,DAD,0.018927812576293945,52096,3.8805878162384033,,,,,,,,,,
815,0.16242188215255737,0.16242188215255737,DAD,0.02066946029663086,52160,3.887296438217163,,,,,,,,,,
816,0.14906251430511475,0.14906251430511475,DAD,0.02034902572631836,52224,3.8939907550811768,,,,,,,,,,
817,0.15433594584465027,0.15433594584465027,DAD,0.017839431762695312,52288,3.8764302730560303,,,,,,,,,,
818,0.15468749403953552,0.15468749403953552,DAD,0.020090818405151367,52352,3.891242504119873,,,,,,,,,,
819,0.15996094048023224,0.15996094048023224,DAD,0.017742156982421875,52416,3.8867604732513428,,,,,,,,,,
820,0.15046875178813934,0.15046875178813934,DAD,0.017874479293823242,52480,3.877304792404175,,,,,,,,,,
821,0.14449220895767212,0.14449220895767212,DAD,0.01806020736694336,52544,3.8912220001220703,,,,,,,,,,
822,0.1683984398841858,0.1683984398841858,DAD,0.017972946166992188,52608,3.8900628089904785,,,,,,,,,,
823,0.16277343034744263,0.16277343034744263,DAD,0.017957687377929688,52672,3.891148328781128,,,,,,,,,,
824,0.1589062511920929,0.1589062511920929,DAD,0.017932891845703125,52736,3.887396812438965,,,,,,,,,,
825,0.15363281965255737,0.15363281965255737,DAD,0.017969369888305664,52800,3.8917503356933594,0.1437890625,0.041484375000000004,6,1.4657914521660014,0.046875,0.0,1,0.0,0.041484375000000004,0
826,0.15328124165534973,0.15328124165534973,DAD,0.019548654556274414,52864,3.884026050567627,,,,,,,,,,
827,0.15292969346046448,0.15292969346046448,DAD,0.018523693084716797,52928,3.8898682594299316,,,,,,,,,,
828,0.15925782918930054,0.15925782918930054,DAD,0.01959371566772461,52992,3.888082981109619,,,,,,,,,,
829,0.15222656726837158,0.15222656726837158,DAD,0.018918752670288086,53056,3.892773151397705,,,,,,,,,,
830,0.14519532024860382,0.14519532024860382,DAD,0.01981949806213379,53120,3.8877880573272705,,,,,,,,,,
831,0.14976562559604645,0.14976562559604645,DAD,0.019558191299438477,53184,3.889646530151367,,,,,,,,,,
832,0.15398436784744263,0.15398436784744263,DAD,0.0234372615814209,53248,3.8933780193328857,,,,,,,,,,
833,0.15539062023162842,0.15539062023162842,DAD,0.019875764846801758,53312,3.894301414489746,,,,,,,,,,
834,0.15328124165534973,0.15328124165534973,DAD,0.01988959312438965,53376,3.8835835456848145,,,,,,,,,,
835,0.1560937613248825,0.1560937613248825,DAD,0.018109798431396484,53440,3.8826820850372314,,,,,,,,,,
836,0.15257813036441803,0.15257813036441803,DAD,0.01992321014404297,53504,3.89386248588562,,,,,,,,,,
837,0.15046875178813934,0.15046875178813934,DAD,0.01804494857788086,53568,3.9019899368286133,,,,,,,,,,
838,0.1501171886920929,0.1501171886920929,DAD,0.01978015899658203,53632,3.887803554534912,,,,,,,,,,
839,0.15503907203674316,0.15503907203674316,DAD,0.018108606338500977,53696,3.887929916381836,,,,,,,,,,
840,0.158203125,0.158203125,DAD,0.018992185592651367,53760,3.886497735977173,,,,,,,,,,
841,0.15503907203674316,0.15503907203674316,DAD,0.021258115768432617,53824,3.9020586013793945,,,,,,,,,,
842,0.1494140625,0.1494140625,DAD,0.019396543502807617,53888,3.8972392082214355,,,,,,,,,,
843,0.16312500834465027,0.16312500834465027,DAD,0.02119159698486328,53952,3.891251564025879,,,,,,,,,,
844,0.15855468809604645,0.15855468809604645,DAD,0.019866466522216797,54016,3.8986425399780273,,,,,,,,,,
845,0.15363281965255737,0.15363281965255737,DAD,0.024666547775268555,54080,3.882798910140991,,,,,,,,,,
846,0.16664063930511475,0.16664063930511475,DAD,0.020232439041137695,54144,3.8829264640808105,,,,,,,,,,
847,0.15222656726837158,0.15222656726837158,DAD,0.018994569778442383,54208,3.902425765991211,,,,,,,,,,
848,0.15539062023162842,0.15539062023162842,DAD,0.01984262466430664,54272,3.910943031311035,,,,,,,,,,
849,0.15328125655651093,0.15328125655651093,DAD,0.018124818801879883,54336,3.8998961448669434,,,,,,,,,,
850,0.15046875178813934,0.15046875178813934,DAD,0.019873380661010742,54400,3.899298667907715,0.1451953125,0.042890625,6,1.466415211127298,0.046875,0.0,1,0.0,0.042890625,0
851,0.1508203148841858,0.1508203148841858,DAD,0.019536495208740234,54464,3.8959126472473145,,,,,,,,,,
852,0.14835937321186066,0.14835937321186066,DAD,0.02142930030822754,54528,3.883009195327759,,,,,,,,,,
853,0.15503907203674316,0.15503907203674316,DAD,0.021640777587890625,54592,3.8969597816467285,,,,,,,,,,
854,0.15222656726837158,0.15222656726837158,DAD,0.018877744674682617,54656,3.8974337577819824,,,,,,,,,,
855,0.15644532442092896,0.15644532442092896,DAD,0.020912647247314453,54720,3.8918087482452393,,,,,,,,,,
856,0.15187500417232513,0.15187500417232513,DAD,0.01806020736694336,54784,3.8974666595458984,,,,,,,,,,
857,0.1574999988079071,0.1574999988079071,DAD,0.02187514305114746,54848,3.90472149848938,,,,,,,,,,
858,0.14695313572883606,0.14695313572883606,DAD,0.018944263458251953,54912,3.8842432498931885,,,,,,,,,,
859,0.1501172035932541,0.1501172035932541,DAD,0.018105506896972656,54976,3.8940961360931396,,,,,,,,,,
860,0.1560937464237213,0.1560937464237213,DAD,0.01972651481628418,55040,3.903654098510742,,,,,,,,,,
861,0.1567968726158142,0.1567968726158142,DAD,0.021002769470214844,55104,3.8980250358581543,,,,,,,,,,
862,0.15855470299720764,0.15855470299720764,DAD,0.020717859268188477,55168,3.8888559341430664,,,,,,,,,,
863,0.1508203148841858,0.1508203148841858,DAD,0.018279075622558594,55232,3.902769088745117,,,,,,,,,,
864,0.15433593094348907,0.15433593094348907,DAD,0.02103877067565918,55296,3.887197971343994,,,,,,,,,,
865,0.14554688334465027,0.14554688334465027,DAD,0.021509408950805664,55360,3.886465549468994,,,,,,,,,,
866,0.15925781428813934,0.15925781428813934,DAD,0.020251035690307617,55424,3.9180893898010254,,,,,,,,,,
867,0.15785156190395355,0.15785156190395355,DAD,0.021353721618652344,55488,3.916801929473877,,,,,,,,,,
868,0.15539062023162842,0.15539062023162842,DAD,0.021205663681030273,55552,3.9026246070861816,,,,,,,,,,
869,0.1669921875,0.1669921875,DAD,0.021516084671020508,55616,3.89554500579834,,,,,,,,,,
870,0.15468750894069672,0.15468750894069672,DAD,0.019659996032714844,55680,3.908628225326538,,,,,,,,,,
871,0.1466015726327896,0.1466015726327896,DAD,0.023629188537597656,55744,3.8920600414276123,,,,,,,,,,
872,0.14765624701976776,0.14765624701976776,DAD,0.019237995147705078,55808,3.907879590988159,,,,,,,,,,
873,0.14449217915534973,0.14449217915534973,DAD,0.020039081573486328,55872,3.8993773460388184,,,,,,,,,,
874,0.1494140625,0.1494140625,DAD,0.02208423614501953,55936,3.9140329360961914,,,,,,,,,,
875,0.15468749403953552,0.15468749403953552,DAD,0.02051544189453125,56000,3.907766342163086,0.14800781250000003,0.07734375,4,1.3476525613247012,0.03125,0.0703125,0,0.0024609375000000005,1000.28046875,0
876,0.1473046839237213,0.1473046839237213,DAD,0.020706653594970703,56064,3.916620969772339,,,,,,,,,,
877,0.15855468809604645,0.15855468809604645,DAD,0.01892399787902832,56128,3.907977819442749,,,,,,,,,,
878,0.15503907203674316,0.15503907203674316,DAD,0.019068241119384766,56192,3.904068946838379,,,,,,,,,,
879,0.15398436784744263,0.15398436784744263,DAD,0.026591777801513672,56256,3.9102230072021484,,,,,,,,,,
880,0.15574219822883606,0.15574219822883606,DAD,0.020757198333740234,56320,3.9035964012145996,,,,,,,,,,
881,0.15433594584465027,0.15433594584465027,DAD,0.020107269287109375,56384,3.8979275226593018,,,,,,,,,,
882,0.15398436784744263,0.15398436784744263,DAD,0.02123737335205078,56448,3.909327983856201,,,,,,,,,,
883,0.16242188215255737,0.16242188215255737,DAD,0.019719600677490234,56512,3.922245979309082,,,,,,,,,,
884,0.14695312082767487,0.14695312082767487,DAD,0.02254652976989746,56576,3.9135491847991943,,,,,,,,,,
885,0.14976562559604645,0.14976562559604645,DAD,0.021235942840576172,56640,3.8992295265197754,,,,,,,,,,
886,0.16277346014976501,0.16277346014976501,DAD,0.017557859420776367,56704,3.9032092094421387,,,,,,,,,,
887,0.16066406667232513,0.16066406667232513,DAD,0.017605304718017578,56768,3.9102184772491455,,,,,,,,,,
888,0.15433594584465027,0.15433594584465027,DAD,0.017800092697143555,56832,3.896008253097534,,,,,,,,,,
889,0.1501171886920929,0.1501171886920929,DAD,0.018161296844482422,56896,3.9139022827148438,,,,,,,,,,
890,0.158203125,0.158203125,DAD,0.019478321075439453,56960,3.9018495082855225,,,,,,,,,,
891,0.15292969346046448,0.15292969346046448,DAD,0.017374515533447266,57024,3.9059958457946777,,,,,,,,,,
892,0.15292969346046448,0.15292969346046448,DAD,0.018988847732543945,57088,3.903369188308716,,,,,,,,,,
893,0.15925781428813934,0.15925781428813934,DAD,0.01740574836730957,57152,3.9092347621917725,,,,,,,,,,
894,0.14906251430511475,0.14906251430511475,DAD,0.017398595809936523,57216,3.8935532569885254,,,,,,,,,,
895,0.1494140625,0.1494140625,DAD,0.017683744430541992,57280,3.898097038269043,,,,,,,,,,
896,0.14554688334465027,0.14554688334465027,DAD,0.017310619354248047,57344,3.8989055156707764,,,,,,,,,,
897,0.16066406667232513,0.16066406667232513,DAD,0.017344236373901367,57408,3.899167537689209,,,,,,,,,,
898,0.15925781428813934,0.15925781428813934,DAD,0.017596721649169922,57472,3.9023265838623047,,,,,,,,,,
899,0.15187500417232513,0.15187500417232513,DAD,0.019159555435180664,57536,3.9013447761535645,,,,,,,,,,
900,0.15398438274860382,0.15398438274860382,DAD,0.01790595054626465,57600,3.9015390872955322,0.1437890625,0.041484375000000004,6,1.753831295255284,0.046875,0.0,1,0.0,0.041484375000000004,0
901,0.15398436784744263,0.15398436784744263,DAD,0.019887685775756836,57664,3.8968443870544434,,,,,,,,,,
902,0.16664062440395355,0.16664062440395355,DAD,0.017547607421875,57728,3.9042718410491943,,,,,,,,,,
903,0.16101562976837158,0.16101562976837158,DAD,0.017577409744262695,57792,3.9042534828186035,,,,,,,,,,
904,0.16171875596046448,0.16171875596046448,DAD,0.017479658126831055,57856,3.896540641784668,,,,,,,,,,
905,0.17050781846046448,0.17050781846046448,DAD,0.018004655838012695,57920,3.8870811462402344,,,,,,,,,,
906,0.15996094048023224,0.15996094048023224,DAD,0.017597198486328125,57984,3.8870227336883545,,,,,,,,,,
907,0.15433593094348907,0.15433593094348907,DAD,0.019474029541015625,58048,3.889744758605957,,,,,,,,,,
908,0.15328125655651093,0.15328125655651093,DAD,0.01741957664489746,58112,3.878635883331299,,,,,,,,,,
909,0.16066406667232513,0.16066406667232513,DAD,0.017502784729003906,58176,3.8817853927612305,,,,,,,,,,
910,0.16066406667232513,0.16066406667232513,DAD,0.021230697631835938,58240,3.8830461502075195,,,,,,,,,,
911,0.14554688334465027,0.14554688334465027,DAD,0.017397165298461914,58304,3.893342971801758,,,,,,,,,,
912,0.1508203148841858,0.1508203148841858,DAD,0.018691301345825195,58368,3.892922878265381,,,,,,,,,,
913,0.15046876668930054,0.15046876668930054,DAD,0.018143415451049805,58432,3.8855409622192383,,,,,,,,,,
914,0.1494140625,0.1494140625,DAD,0.01897406578063965,58496,3.887387752532959,,,,,,,,,,
915,0.14906249940395355,0.14906249940395355,DAD,0.017615318298339844,58560,3.888674259185791,,,,,,,,,,
916,0.1466015726327896,0.1466015726327896,DAD,0.018061161041259766,58624,3.8810951709747314,,,,,,,,,,
917,0.15996094048023224,0.15996094048023224,DAD,0.019934415817260742,58688,3.869520664215088,,,,,,,,,,
918,0.1567968726158142,0.1567968726158142,DAD,0.020322322845458984,58752,3.8738162517547607,,,,,,,,,,
919,0.1574999988079071,0.1574999988079071,DAD,0.017568588256835938,58816,3.8809237480163574,,,,,,,,,,
920,0.15222656726837158,0.15222656726837158,DAD,0.019274234771728516,58880,3.8749074935913086,,,,,,,,,,
921,0.15328125655651093,0.15328125655651093,DAD,0.017447471618652344,58944,3.8793208599090576,,,,,,,,,,
922,0.1515234410762787,0.1515234410762787,DAD,0.017522335052490234,59008,3.861827850341797,,,,,,,,,,
923,0.14906249940395355,0.14906249940395355,DAD,0.017362356185913086,59072,3.882005453109741,,,,,,,,,,
924,0.15187501907348633,0.15187501907348633,DAD,0.01740097999572754,59136,3.8824028968811035,,,,,,,,,,
925,0.14589843153953552,0.14589843153953552,DAD,0.017338275909423828,59200,3.8973071575164795,0.1451953125,0.1110546875,7,1.6396261444537898,0.0546875,0.1015625,0,0.005800781250000001,1000.6266796875,0
926,0.16453126072883606,0.16453126072883606,DAD,0.01801323890686035,59264,3.879635810852051,,,,,,,,,,
927,0.1487109363079071,0.1487109363079071,DAD,0.01796412467956543,59328,3.8846452236175537,,,,,,,,,,
928,0.15187501907348633,0.15187501907348633,DAD,0.022069692611694336,59392,3.892749309539795,,,,,,,,,,
929,0.15644530951976776,0.15644530951976776,DAD,0.0211641788482666,59456,3.8918864727020264,,,,,,,,,,
930,0.14906251430511475,0.14906251430511475,DAD,0.01814746856689453,59520,3.909271240234375,,,,,,,,,,
931,0.16101562976837158,0.16101562976837158,DAD,0.018568754196166992,59584,3.904440402984619,,,,,,,,,,
932,0.15539062023162842,0.15539062023162842,DAD,0.019705533981323242,59648,3.9100325107574463,,,,,,,,,,
933,0.16242188215255737,0.16242188215255737,DAD,0.018020153045654297,59712,3.9115049839019775,,,,,,,,,,
934,0.15433594584465027,0.15433594584465027,DAD,0.01987004280090332,59776,3.9003067016601562,,,,,,,,,,
935,0.1596093773841858,0.1596093773841858,DAD,0.01993250846862793,59840,3.9007320404052734,,,,,,,,,,
936,0.16066406667232513,0.16066406667232513,DAD,0.021114826202392578,59904,3.909329414367676,,,,,,,,,,
937,0.14906251430511475,0.14906251430511475,DAD,0.021895408630371094,59968,3.8931050300598145,,,,,,,,,,
938,0.14625000953674316,0.14625000953674316,DAD,0.020833969116210938,60032,3.8814406394958496,,,,,,,,,,
939,0.1676953136920929,0.1676953136920929,DAD,0.021773099899291992,60096,3.890550136566162,,,,,,,,,,
940,0.16804687678813934,0.16804687678813934,DAD,0.01827073097229004,60160,3.9052131175994873,,,,,,,,,,
941,0.16207031905651093,0.16207031905651093,DAD,0.021826982498168945,60224,3.8763742446899414,,,,,,,,,,
942,0.1487109512090683,0.1487109512090683,DAD,0.022052288055419922,60288,3.855745315551758,,,,,,,,,,
943,0.15363280475139618,0.15363280475139618,DAD,0.019962072372436523,60352,3.8710522651672363,,,,,,,,,,
944,0.16136720776557922,0.16136720776557922,DAD,0.02064228057861328,60416,3.876476526260376,,,,,,,,,,
945,0.1501171886920929,0.1501171886920929,DAD,0.021534204483032227,60480,3.884032726287842,,,,,,,,,,
946,0.14554688334465027,0.14554688334465027,DAD,0.01815938949584961,60544,3.8529052734375,,,,,,,,,,
947,0.15292969346046448,0.15292969346046448,DAD,0.01840496063232422,60608,3.874027729034424,,,,,,,,,,
948,0.1473046839237213,0.1473046839237213,DAD,0.019911766052246094,60672,3.864043712615967,,,,,,,,,,
949,0.1515234410762787,0.1515234410762787,DAD,0.017809391021728516,60736,3.8572325706481934,,,,,,,,,,
950,0.15996095538139343,0.15996095538139343,DAD,0.02099156379699707,60800,3.8480465412139893,0.14220703125,0.04244140625000001,5,0.954013427071554,0.0390625,0.0078125,1,0.00017578125000000005,0.04244140625000001,0
951,0.16242188215255737,0.16242188215255737,DAD,0.018165111541748047,60864,3.863607406616211,,,,,,,,,,
952,0.1574999988079071,0.1574999988079071,DAD,0.020109176635742188,60928,3.869826555252075,,,,,,,,,,
953,0.14449217915534973,0.14449217915534973,DAD,0.018053054809570312,60992,3.843216896057129,,,,,,,,,,
954,0.15925781428813934,0.15925781428813934,DAD,0.02533125877380371,61056,3.8564186096191406,,,,,,,,,,
955,0.14238281548023224,0.14238281548023224,DAD,0.02760910987854004,61120,3.860625982284546,,,,,,,,,,
956,0.14660155773162842,0.14660155773162842,DAD,0.019802093505859375,61184,3.8518800735473633,,,,,,,,,,
957,0.1553906351327896,0.1553906351327896,DAD,0.019054889678955078,61248,3.863525867462158,,,,,,,,,,
958,0.1596093773841858,0.1596093773841858,DAD,0.019312620162963867,61312,3.8674051761627197,,,,,,,,,,
959,0.1487109363079071,0.1487109363079071,DAD,0.020812034606933594,61376,3.8416571617126465,,,,,,,,,,
960,0.15046875178813934,0.15046875178813934,DAD,0.02724480628967285,61440,3.854759931564331,,,,,,,,,,
961,0.1567968726158142,0.1567968726158142,DAD,0.02423238754272461,61504,3.8554396629333496,,,,,,,,,,
962,0.1648828238248825,0.1648828238248825,DAD,0.025005102157592773,61568,3.8559203147888184,,,,,,,,,,
963,0.15855468809604645,0.15855468809604645,DAD,0.02197718620300293,61632,3.872859001159668,,,,,,,,,,
964,0.1480078101158142,0.1480078101158142,DAD,0.01824808120727539,61696,3.841146469116211,,,,,,,,,,
965,0.16523438692092896,0.16523438692092896,DAD,0.01777482032775879,61760,3.8667407035827637,,,,,,,,,,
966,0.1567968875169754,0.1567968875169754,DAD,0.017724037170410156,61824,3.865424633026123,,,,,,,,,,
967,0.1553906351327896,0.1553906351327896,DAD,0.017786264419555664,61888,3.873922824859619,,,,,,,,,,
968,0.15398436784744263,0.15398436784744263,DAD,0.018157958984375,61952,3.860729694366455,,,,,,,,,,
969,0.15292969346046448,0.15292969346046448,DAD,0.017679452896118164,62016,3.855377197265625,,,,,,,,,,
970,0.15363281965255737,0.15363281965255737,DAD,0.017768383026123047,62080,3.8654346466064453,,,,,,,,,,
971,0.1574999988079071,0.1574999988079071,DAD,0.01780557632446289,62144,3.884063720703125,,,,,,,,,,
972,0.1574999988079071,0.1574999988079071,DAD,0.017696857452392578,62208,3.8662919998168945,,,,,,,,,,
973,0.16101562976837158,0.16101562976837158,DAD,0.017782926559448242,62272,3.8500900268554688,,,,,,,,,,
974,0.15222656726837158,0.15222656726837158,DAD,0.017903566360473633,62336,3.8650336265563965,,,,,,,,,,
975,0.14835937321186066,0.14835937321186066,DAD,0.017725229263305664,62400,3.8657941818237305,0.14326171875,0.04525390625,7,1.2271656995272306,0.0546875,0.0078125,1,0.0003515625,0.04525390625,0
976,0.14835937321186066,0.14835937321186066,DAD,0.018259286880493164,62464,3.8736989498138428,,,,,,,,,,
977,0.14695313572883606,0.14695313572883606,DAD,0.02133035659790039,62528,3.8667173385620117,,,,,,,,,,
978,0.14906251430511475,0.14906251430511475,DAD,0.01775813102722168,62592,3.881103038787842,,,,,,,,,,
979,0.14765626192092896,0.14765626192092896,DAD,0.017733097076416016,62656,3.870248794555664,,,,,,,,,,
980,0.15292969346046448,0.15292969346046448,DAD,0.017836332321166992,62720,3.8619954586029053,,,,,,,,,,
981,0.1515234410762787,0.1515234410762787,DAD,0.01787710189819336,62784,3.87099289894104,,,,,,,,,,
982,0.15925782918930054,0.15925782918930054,DAD,0.017925739288330078,62848,3.8680622577667236,,,,,,,,,,
983,0.1567968875169754,0.1567968875169754,DAD,0.017930984497070312,62912,3.890674591064453,,,,,,,,,,
984,0.16136719286441803,0.16136719286441803,DAD,0.017744779586791992,62976,3.880573272705078,,,,,,,,,,
985,0.1515234410762787,0.1515234410762787,DAD,0.017725706100463867,63040,3.8933682441711426,,,,,,,,,,
986,0.14695312082767487,0.14695312082767487,DAD,0.01771068572998047,63104,3.8858537673950195,,,,,,,,,,
987,0.15503905713558197,0.15503905713558197,DAD,0.017755508422851562,63168,3.896005630493164,,,,,,,,,,
988,0.15398438274860382,0.15398438274860382,DAD,0.017658710479736328,63232,3.881389617919922,,,,,,,,,,
989,0.15292969346046448,0.15292969346046448,DAD,0.017808914184570312,63296,3.8922066688537598,,,,,,,,,,
990,0.16664062440395355,0.16664062440395355,DAD,0.017818689346313477,63360,3.891373634338379,,,,,,,,,,
991,0.14835937321186066,0.14835937321186066,DAD,0.017795085906982422,63424,3.878150463104248,,,,,,,,,,
992,0.15117187798023224,0.15117187798023224,DAD,0.017758846282958984,63488,3.878509044647217,,,,,,,,,,
993,0.1596093773841858,0.1596093773841858,DAD,0.017786026000976562,63552,3.895603656768799,,,,,,,,,,
994,0.15257811546325684,0.15257811546325684,DAD,0.017891407012939453,63616,3.8992574214935303,,,,,,,,,,
995,0.15855470299720764,0.15855470299720764,DAD,0.01809859275817871,63680,3.9019415378570557,,,,,,,,,,
996,0.16101562976837158,0.16101562976837158,DAD,0.020116329193115234,63744,3.893244743347168,,,,,,,,,,
997,0.15046875178813934,0.15046875178813934,DAD,0.01776909828186035,63808,3.8739585876464844,,,,,,,,,,
998,0.1669921875,0.1669921875,DAD,0.019813060760498047,63872,3.886690139770508,,,,,,,,,,
999,0.15714845061302185,0.15714845061302185,DAD,0.019121885299682617,63936,3.8990821838378906,,,,,,,,,,
1000,0.15398436784744263,0.15398436784744263,DAD,0.022416114807128906,64000,3.881056785583496,0.14273437500000002,0.0447265625,7,1.2847603505698453,0.0546875,0.0078125,1,0.0003515625,0.0447265625,0
