update,mean_train_u_ctrl,mean_train_control_cost,method,update_seconds,trajectories_sampled,policy_entropy,validation_mean_u_ctrl,validation_mean_mocu,validation_n_unique_sequences,validation_sequence_entropy,validation_unique_frac,validation_under_control_rate,validation_valid,validation_mean_shortfall,validation_checkpoint_score,validation_meets_unique_floor
1,0.21515624225139618,0.21515624225139618,DAD,0.2447202205657959,64,3.973607063293457,,,,,,,,,,
2,0.21656249463558197,0.21656249463558197,DAD,0.02368617057800293,128,3.9735772609710693,,,,,,,,,,
3,0.2176171839237213,0.2176171839237213,DAD,0.022380590438842773,192,3.973393201828003,,,,,,,,,,
4,0.22078123688697815,0.2258593738079071,DAD,0.02088189125061035,256,3.9732189178466797,,,,,,,,,,
5,0.21937498450279236,0.21937498450279236,DAD,0.0200345516204834,320,3.972137212753296,,,,,,,,,,
6,0.22429686784744263,0.22429686784744263,DAD,0.023738861083984375,384,3.9707627296447754,,,,,,,,,,
7,0.21410155296325684,0.21410155296325684,DAD,0.021468400955200195,448,3.9689908027648926,,,,,,,,,,
8,0.21128906309604645,0.21128906309604645,DAD,0.024007558822631836,512,3.967003345489502,,,,,,,,,,
9,0.21410155296325684,0.21410155296325684,DAD,0.02098536491394043,576,3.9648561477661133,,,,,,,,,,
10,0.20777344703674316,0.20777344703674316,DAD,0.01844310760498047,640,3.962817668914795,,,,,,,,,,
11,0.21410155296325684,0.21410155296325684,DAD,0.01809072494506836,704,3.9606354236602783,,,,,,,,,,
12,0.21585936844348907,0.21585936844348907,DAD,0.018063783645629883,768,3.9579339027404785,,,,,,,,,,
13,0.2211328148841858,0.2211328148841858,DAD,0.018107175827026367,832,3.955002784729004,,,,,,,,,,
14,0.2218359410762787,0.2218359410762787,DAD,0.021982192993164062,896,3.9519925117492676,,,,,,,,,,
15,0.20917968451976776,0.20917968451976776,DAD,0.02065753936767578,960,3.9480834007263184,,,,,,,,,,
16,0.21937498450279236,0.21937498450279236,DAD,0.037796974182128906,1024,3.944537878036499,,,,,,,,,,
17,0.20671874284744263,0.20671874284744263,DAD,0.01862192153930664,1088,3.940119743347168,,,,,,,,,,
18,0.2130468785762787,0.2130468785762787,DAD,0.022707462310791016,1152,3.9356818199157715,,,,,,,,,,
19,0.21726562082767487,0.21726562082767487,DAD,0.021040678024291992,1216,3.931777238845825,,,,,,,,,,
20,0.21656250953674316,0.21656250953674316,DAD,0.019968032836914062,1280,3.9264092445373535,,,,,,,,,,
21,0.2137499898672104,0.2137499898672104,DAD,0.019039392471313477,1344,3.9215097427368164,,,,,,,,,,
22,0.21937498450279236,0.21937498450279236,DAD,0.01906108856201172,1408,3.9154675006866455,,,,,,,,,,
23,0.2095312476158142,0.2095312476158142,DAD,0.01999950408935547,1472,3.910632848739624,,,,,,,,,,
24,0.20742186903953552,0.20742186903953552,DAD,0.018812179565429688,1536,3.904036045074463,,,,,,,,,,
25,0.20636719465255737,0.20636719465255737,DAD,0.02316570281982422,1600,3.8977577686309814,0.16962890625000004,0.06732421875,1,-0.0,0.0078125,0.0,1,0.0,0.06732421875,0
26,0.2190234363079071,0.2190234363079071,DAD,0.025293827056884766,1664,3.890268325805664,,,,,,,,,,
27,0.20917966961860657,0.20917966961860657,DAD,0.026772737503051758,1728,3.8831796646118164,,,,,,,,,,
28,0.2007421851158142,0.2007421851158142,DAD,0.03511834144592285,1792,3.8750224113464355,,,,,,,,,,
29,0.21585936844348907,0.21585936844348907,DAD,0.02229905128479004,1856,3.8665246963500977,,,,,,,,,,
30,0.2109375,0.2109375,DAD,0.025727033615112305,1920,3.8578386306762695,,,,,,,,,,
31,0.2007421851158142,0.2007421851158142,DAD,0.021321773529052734,1984,3.848273754119873,,,,,,,,,,
32,0.21585936844348907,0.21585936844348907,DAD,0.019817590713500977,2048,3.8383474349975586,,,,,,,,,,
33,0.20179685950279236,0.2068749964237213,DAD,0.02499985694885254,2112,3.827024221420288,,,,,,,,,,
34,0.2028515785932541,0.2028515785932541,DAD,0.030517578125,2176,3.81742000579834,,,,,,,,,,
35,0.19652342796325684,0.19652342796325684,DAD,0.019355058670043945,2240,3.8043007850646973,,,,,,,,,,
36,0.2007421851158142,0.2007421851158142,DAD,0.01962447166442871,2304,3.7910563945770264,,,,,,,,,,
37,0.19828125834465027,0.19828125834465027,DAD,0.01825714111328125,2368,3.775914192199707,,,,,,,,,,
38,0.20601561665534973,0.20601561665534973,DAD,0.01951909065246582,2432,3.760603904724121,,,,,,,,,,
39,0.20179688930511475,0.20179688930511475,DAD,0.020062685012817383,2496,3.744691848754883,,,,,,,,,,
40,0.19511719048023224,0.19511719048023224,DAD,0.018990516662597656,2560,3.7279298305511475,,,,,,,,,,
41,0.2021484375,0.2021484375,DAD,0.019034624099731445,2624,3.711329936981201,,,,,,,,,,
42,0.20390626788139343,0.20390626788139343,DAD,0.01970648765563965,2688,3.695629358291626,,,,,,,,,,
43,0.19828122854232788,0.19828122854232788,DAD,0.01919078826904297,2752,3.6744227409362793,,,,,,,,,,
44,0.1954687535762787,0.1954687535762787,DAD,0.018971681594848633,2816,3.6526975631713867,,,,,,,,,,
45,0.19300781190395355,0.19300781190395355,DAD,0.018938302993774414,2880,3.6294467449188232,,,,,,,,,,
46,0.1947656273841858,0.1947656273841858,DAD,0.019012451171875,2944,3.6082520484924316,,,,,,,,,,
47,0.2000390589237213,0.2000390589237213,DAD,0.019021987915039062,3008,3.5817408561706543,,,,,,,,,,
48,0.19300781190395355,0.19300781190395355,DAD,0.022121906280517578,3072,3.5510644912719727,,,,,,,,,,
49,0.19054687023162842,0.19054687023162842,DAD,0.01856064796447754,3136,3.5247459411621094,,,,,,,,,,
50,0.1778906285762787,0.1778906285762787,DAD,0.02167820930480957,3200,3.4974465370178223,0.16224609375000004,0.05994140625000001,1,-0.0,0.0078125,0.0,1,0.0,0.05994140625000001,0
51,0.18949219584465027,0.18949219584465027,DAD,0.018828392028808594,3264,3.464850425720215,,,,,,,,,,
52,0.18949219584465027,0.18949219584465027,DAD,0.019199371337890625,3328,3.426577091217041,,,,,,,,,,
53,0.19863280653953552,0.19863280653953552,DAD,0.02524399757385254,3392,3.395595073699951,,,,,,,,,,
54,0.18808594346046448,0.18808594346046448,DAD,0.022995471954345703,3456,3.3535895347595215,,,,,,,,,,
55,0.1845703125,0.1845703125,DAD,0.01929783821105957,3520,3.3139543533325195,,,,,,,,,,
56,0.193359375,0.193359375,DAD,0.021027088165283203,3584,3.2769384384155273,,,,,,,,,,
57,0.17824219167232513,0.17824219167232513,DAD,0.02564072608947754,3648,3.235180616378784,,,,,,,,,,
58,0.19582031667232513,0.19582031667232513,DAD,0.02556920051574707,3712,3.1834020614624023,,,,,,,,,,
59,0.17542970180511475,0.17542970180511475,DAD,0.02227926254272461,3776,3.1348676681518555,,,,,,,,,,
60,0.17753906548023224,0.17753906548023224,DAD,0.02016901969909668,3840,3.0976710319519043,,,,,,,,,,
61,0.19230468571186066,0.19230468571186066,DAD,0.01995110511779785,3904,3.0507497787475586,,,,,,,,,,
62,0.18140624463558197,0.18140624463558197,DAD,0.01904153823852539,3968,2.990025043487549,,,,,,,,,,
63,0.18562501668930054,0.18562501668930054,DAD,0.018932580947875977,4032,2.944383382797241,,,,,,,,,,
64,0.17402343451976776,0.17402343451976776,DAD,0.019871234893798828,4096,2.902420997619629,,,,,,,,,,
65,0.1778906285762787,0.1778906285762787,DAD,0.017974853515625,4160,2.8456053733825684,,,,,,,,,,
66,0.19230470061302185,0.19230470061302185,DAD,0.021683692932128906,4224,2.8025317192077637,,,,,,,,,,
67,0.19300782680511475,0.19300782680511475,DAD,0.02267622947692871,4288,2.7459325790405273,,,,,,,,,,
68,0.18175780773162842,0.18175780773162842,DAD,0.01952838897705078,4352,2.7023587226867676,,,,,,,,,,
69,0.18140625953674316,0.18140625953674316,DAD,0.02165842056274414,4416,2.6428709030151367,,,,,,,,,,
70,0.18140625953674316,0.18140625953674316,DAD,0.01922130584716797,4480,2.6162500381469727,,,,,,,,,,
71,0.16945311427116394,0.16945311427116394,DAD,0.01892256736755371,4544,2.567134380340576,,,,,,,,,,
72,0.17472656071186066,0.17472656071186066,DAD,0.01798081398010254,4608,2.5177130699157715,,,,,,,,,,
73,0.17894533276557922,0.17894533276557922,DAD,0.01793193817138672,4672,2.477881669998169,,,,,,,,,,
74,0.18210937082767487,0.18210937082767487,DAD,0.01890873908996582,4736,2.4232239723205566,,,,,,,,,,
75,0.16804687678813934,0.16804687678813934,DAD,0.01795172691345215,4800,2.3660221099853516,0.16171875000000002,0.0594140625,1,-0.0,0.0078125,0.0,1,0.0,0.0594140625,0
76,0.18351562321186066,0.18351562321186066,DAD,0.01982426643371582,4864,2.335314989089966,,,,,,,,,,
77,0.17332030832767487,0.17332030832767487,DAD,0.018893718719482422,4928,2.2954659461975098,,,,,,,,,,
78,0.17613281309604645,0.17613281309604645,DAD,0.019867658615112305,4992,2.2481460571289062,,,,,,,,,,
79,0.17929688096046448,0.17929688096046448,DAD,0.018039226531982422,5056,2.184335708618164,,,,,,,,,,
80,0.17121094465255737,0.17121094465255737,DAD,0.022684097290039062,5120,2.169515371322632,,,,,,,,,,
81,0.17156250774860382,0.17156250774860382,DAD,0.025978803634643555,5184,2.177504539489746,,,,,,,,,,
82,0.16664063930511475,0.16664063930511475,DAD,0.022793292999267578,5248,2.1569583415985107,,,,,,,,,,
83,0.17085936665534973,0.17085936665534973,DAD,0.01990675926208496,5312,2.1472814083099365,,,,,,,,,,
84,0.17050781846046448,0.17050781846046448,DAD,0.022813796997070312,5376,2.0706801414489746,,,,,,,,,,
85,0.1596093773841858,0.1596093773841858,DAD,0.02245473861694336,5440,2.0384349822998047,,,,,,,,,,
86,0.1845703125,0.1845703125,DAD,0.022320270538330078,5504,2.080594062805176,,,,,,,,,,
87,0.1662890613079071,0.1662890613079071,DAD,0.026198148727416992,5568,2.0085418224334717,,,,,,,,,,
88,0.1743749976158142,0.1743749976158142,DAD,0.02397322654724121,5632,2.001779079437256,,,,,,,,,,
89,0.16101562976837158,0.16101562976837158,DAD,0.02260303497314453,5696,2.0037741661071777,,,,,,,,,,
90,0.17964844405651093,0.17964844405651093,DAD,0.020665407180786133,5760,1.967691421508789,,,,,,,,,,
91,0.16980469226837158,0.16980469226837158,DAD,0.01894831657409668,5824,2.027578830718994,,,,,,,,,,
92,0.17191407084465027,0.17191407084465027,DAD,0.019013166427612305,5888,2.0275509357452393,,,,,,,,,,
93,0.17261719703674316,0.17261719703674316,DAD,0.01984238624572754,5952,2.037821054458618,,,,,,,,,,
94,0.17191407084465027,0.17191407084465027,DAD,0.019106388092041016,6016,2.020582914352417,,,,,,,,,,
95,0.1691015660762787,0.1691015660762787,DAD,0.019022464752197266,6080,2.0282368659973145,,,,,,,,,,
96,0.1743749976158142,0.1743749976158142,DAD,0.018857240676879883,6144,2.064998149871826,,,,,,,,,,
97,0.17542970180511475,0.17542970180511475,DAD,0.019752025604248047,6208,2.006014823913574,,,,,,,,,,
98,0.1824609339237213,0.1824609339237213,DAD,0.01909017562866211,6272,1.9834437370300293,,,,,,,,,,
99,0.16664062440395355,0.16664062440395355,DAD,0.01976943016052246,6336,2.0395631790161133,,,,,,,,,,
100,0.1736718714237213,0.1736718714237213,DAD,0.019948959350585938,6400,2.030057668685913,0.16171875000000002,0.0594140625,1,-0.0,0.0078125,0.0,1,0.0,0.0594140625,0
101,0.16980469226837158,0.16980469226837158,DAD,0.018282413482666016,6464,2.1402790546417236,,,,,,,,,,
102,0.1676953136920929,0.1676953136920929,DAD,0.01801753044128418,6528,2.1155428886413574,,,,,,,,,,
103,0.17578125,0.17578125,DAD,0.017935752868652344,6592,2.2254815101623535,,,,,,,,,,
104,0.16664063930511475,0.16664063930511475,DAD,0.018990278244018555,6656,2.2175378799438477,,,,,,,,,,
105,0.17578125,0.17578125,DAD,0.018965721130371094,6720,2.1914682388305664,,,,,,,,,,
106,0.1683984398841858,0.1683984398841858,DAD,0.01890087127685547,6784,2.2422971725463867,,,,,,,,,,
107,0.17050781846046448,0.17050781846046448,DAD,0.019021034240722656,6848,2.21773099899292,,,,,,,,,,
108,0.17472656071186066,0.17472656071186066,DAD,0.018943071365356445,6912,2.2540717124938965,,,,,,,,,,
109,0.17261719703674316,0.17261719703674316,DAD,0.01952815055847168,6976,2.2246718406677246,,,,,,,,,,
110,0.17894533276557922,0.17894533276557922,DAD,0.019947528839111328,7040,2.2109599113464355,,,,,,,,,,
111,0.17261718213558197,0.17261718213558197,DAD,0.018458843231201172,7104,2.140434980392456,,,,,,,,,,
112,0.17121094465255737,0.17121094465255737,DAD,0.020704030990600586,7168,2.157804489135742,,,,,,,,,,
113,0.17191407084465027,0.17191407084465027,DAD,0.019064664840698242,7232,2.1744349002838135,,,,,,,,,,
114,0.1669921875,0.1669921875,DAD,0.018114805221557617,7296,2.115471363067627,,,,,,,,,,
115,0.1648828238248825,0.1648828238248825,DAD,0.018044471740722656,7360,2.180490732192993,,,,,,,,,,
116,0.1764843761920929,0.1764843761920929,DAD,0.02068638801574707,7424,2.1197445392608643,,,,,,,,,,
117,0.1729687601327896,0.1729687601327896,DAD,0.018186330795288086,7488,2.006352663040161,,,,,,,,,,
118,0.1778906285762787,0.1778906285762787,DAD,0.018189191818237305,7552,2.0407958030700684,,,,,,,,,,
119,0.17191407084465027,0.17191407084465027,DAD,0.02121710777282715,7616,2.1038265228271484,,,,,,,,,,
120,0.1750781238079071,0.1750781238079071,DAD,0.020996809005737305,7680,1.9943187236785889,,,,,,,,,,
121,0.16593749821186066,0.16593749821186066,DAD,0.019124746322631836,7744,2.0209834575653076,,,,,,,,,,
122,0.16664062440395355,0.16664062440395355,DAD,0.01898336410522461,7808,1.9373070001602173,,,,,,,,,,
123,0.17472656071186066,0.17472656071186066,DAD,0.018943309783935547,7872,2.106576681137085,,,,,,,,,,
124,0.17296874523162842,0.17296874523162842,DAD,0.01791977882385254,7936,2.0273523330688477,,,,,,,,,,
125,0.1669921875,0.1669921875,DAD,0.020894289016723633,8000,2.0523741245269775,0.16171875000000002,0.0594140625,1,-0.0,0.0078125,0.0,1,0.0,0.0594140625,0
126,0.16734373569488525,0.16734373569488525,DAD,0.019717931747436523,8064,2.0050859451293945,,,,,,,,,,
127,0.17542967200279236,0.17542967200279236,DAD,0.021402835845947266,8128,1.9852476119995117,,,,,,,,,,
128,0.1736718714237213,0.1736718714237213,DAD,0.018479585647583008,8192,2.070101737976074,,,,,,,,,,
129,0.18105468153953552,0.18105468153953552,DAD,0.019526004791259766,8256,1.9361494779586792,,,,,,,,,,
130,0.16980469226837158,0.16980469226837158,DAD,0.019953250885009766,8320,2.0273752212524414,,,,,,,,,,
131,0.17085938155651093,0.17085938155651093,DAD,0.01838994026184082,8384,2.0274195671081543,,,,,,,,,,
132,0.16101562976837158,0.16101562976837158,DAD,0.01982736587524414,8448,1.9403560161590576,,,,,,,,,,
133,0.17683593928813934,0.17683593928813934,DAD,0.017882823944091797,8512,1.9847335815429688,,,,,,,,,,
134,0.16734375059604645,0.16734375059604645,DAD,0.019865036010742188,8576,2.0702755451202393,,,,,,,,,,
135,0.17121092975139618,0.17121092975139618,DAD,0.01806807518005371,8640,2.1065211296081543,,,,,,,,,,
136,0.16945314407348633,0.16945314407348633,DAD,0.0214078426361084,8704,1.9353199005126953,,,,,,,,,,
137,0.17121094465255737,0.17121094465255737,DAD,0.019450902938842773,8768,2.0976386070251465,,,,,,,,,,
138,0.17613281309604645,0.17613281309604645,DAD,0.017960309982299805,8832,2.0135674476623535,,,,,,,,,,
139,0.17015627026557922,0.17015627026557922,DAD,0.019037723541259766,8896,2.0442793369293213,,,,,,,,,,
140,0.17156249284744263,0.17156249284744263,DAD,0.018986940383911133,8960,1.9330978393554688,,,,,,,,,,
141,0.1655859351158142,0.1655859351158142,DAD,0.018761873245239258,9024,2.0896482467651367,,,,,,,,,,
142,0.16980469226837158,0.16980469226837158,DAD,0.018018245697021484,9088,1.949263334274292,,,,,,,,,,
143,0.17472656071186066,0.17472656071186066,DAD,0.01797652244567871,9152,2.119807243347168,,,,,,,,,,
144,0.16207031905651093,0.16207031905651093,DAD,0.01893925666809082,9216,2.040255546569824,,,,,,,,,,
145,0.1676953136920929,0.1676953136920929,DAD,0.018927574157714844,9280,2.0124447345733643,,,,,,,,,,
146,0.16453126072883606,0.16453126072883606,DAD,0.017981290817260742,9344,2.001692771911621,,,,,,,,,,
147,0.17332032322883606,0.17332032322883606,DAD,0.019850492477416992,9408,2.10048246383667,,,,,,,,,,
148,0.17296874523162842,0.17296874523162842,DAD,0.01905345916748047,9472,2.0632238388061523,,,,,,,,,,
149,0.16734375059604645,0.16734375059604645,DAD,0.01804327964782715,9536,2.059946060180664,,,,,,,,,,
150,0.17156250774860382,0.17156250774860382,DAD,0.018210172653198242,9600,2.0468766689300537,0.153984375,0.05421875,1,-0.0,0.0078125,0.0078125,1,0.00017578125000000016,0.05421875,0
151,0.1764843761920929,0.1764843761920929,DAD,0.01909494400024414,9664,2.143695592880249,,,,,,,,,,
152,0.1676953136920929,0.1676953136920929,DAD,0.019422054290771484,9728,2.073521614074707,,,,,,,,,,
153,0.1764843761920929,0.1764843761920929,DAD,0.018212318420410156,9792,2.1605279445648193,,,,,,,,,,
154,0.16277343034744263,0.16277343034744263,DAD,0.01887822151184082,9856,2.145385265350342,,,,,,,,,,
155,0.17085938155651093,0.17085938155651093,DAD,0.017949819564819336,9920,2.0613622665405273,,,,,,,,,,
156,0.17121094465255737,0.17121094465255737,DAD,0.02138233184814453,9984,2.05256986618042,,,,,,,,,,
157,0.17261719703674316,0.17261719703674316,DAD,0.019451141357421875,10048,2.090155601501465,,,,,,,,,,
158,0.18492186069488525,0.18492186069488525,DAD,0.018032073974609375,10112,2.030851364135742,,,,,,,,,,
159,0.1683984398841858,0.1683984398841858,DAD,0.018942594528198242,10176,1.9857549667358398,,,,,,,,,,
160,0.1750781238079071,0.1750781238079071,DAD,0.017913818359375,10240,2.025275707244873,,,,,,,,,,
161,0.17261718213558197,0.17261718213558197,DAD,0.01801013946533203,10304,2.0433106422424316,,,,,,,,,,
162,0.17296874523162842,0.17296874523162842,DAD,0.017997026443481445,10368,1.9910320043563843,,,,,,,,,,
163,0.16664062440395355,0.16664062440395355,DAD,0.01885056495666504,10432,1.92156183719635,,,,,,,,,,
164,0.1655859351158142,0.1655859351158142,DAD,0.01824331283569336,10496,2.0304229259490967,,,,,,,,,,
165,0.17894531786441803,0.17894531786441803,DAD,0.01969742774963379,10560,2.02408766746521,,,,,,,,,,
166,0.16523438692092896,0.16523438692092896,DAD,0.018268108367919922,10624,2.0260486602783203,,,,,,,,,,
167,0.1655859351158142,0.1655859351158142,DAD,0.019556760787963867,10688,1.9116195440292358,,,,,,,,,,
168,0.17085938155651093,0.17085938155651093,DAD,0.018969058990478516,10752,1.980402946472168,,,,,,,,,,
169,0.18000000715255737,0.18000000715255737,DAD,0.018945932388305664,10816,1.998781681060791,,,,,,,,,,
170,0.1662890613079071,0.1662890613079071,DAD,0.019895315170288086,10880,1.9648082256317139,,,,,,,,,,
171,0.17015624046325684,0.17015624046325684,DAD,0.020003318786621094,10944,1.8566995859146118,,,,,,,,,,
172,0.16734376549720764,0.16734376549720764,DAD,0.01974940299987793,11008,1.85751211643219,,,,,,,,,,
173,0.17226561903953552,0.17226561903953552,DAD,0.018099308013916016,11072,1.9559357166290283,,,,,,,,,,
174,0.16875001788139343,0.16875001788139343,DAD,0.02089715003967285,11136,1.9719339609146118,,,,,,,,,,
175,0.16101562976837158,0.16101562976837158,DAD,0.019081830978393555,11200,1.9508895874023438,0.153984375,0.05421875,1,-0.0,0.0078125,0.0078125,1,0.00017578125000000016,0.05421875,0
176,0.17156249284744263,0.17156249284744263,DAD,0.018581628799438477,11264,1.89986252784729,,,,,,,,,,
177,0.1683984398841858,0.1683984398841858,DAD,0.019679784774780273,11328,1.913609504699707,,,,,,,,,,
178,0.16875001788139343,0.16875001788139343,DAD,0.01811504364013672,11392,1.869816780090332,,,,,,,,,,
179,0.16312499344348907,0.16312499344348907,DAD,0.018847942352294922,11456,1.964472770690918,,,,,,,,,,
180,0.17332032322883606,0.17332032322883606,DAD,0.018053770065307617,11520,1.985561728477478,,,,,,,,,,
181,0.1676953136920929,0.1676953136920929,DAD,0.02137160301208496,11584,1.9276633262634277,,,,,,,,,,
182,0.17894531786441803,0.17894531786441803,DAD,0.020364761352539062,11648,1.9113729000091553,,,,,,,,,,
183,0.17156250774860382,0.17156250774860382,DAD,0.019114971160888672,11712,1.859614610671997,,,,,,,,,,
184,0.16664062440395355,0.16664062440395355,DAD,0.01882648468017578,11776,1.8906023502349854,,,,,,,,,,
185,0.1683984398841858,0.1683984398841858,DAD,0.018038034439086914,11840,1.8853665590286255,,,,,,,,,,
186,0.17261719703674316,0.17261719703674316,DAD,0.018916606903076172,11904,2.030031204223633,,,,,,,,,,
187,0.17402344942092896,0.17402344942092896,DAD,0.0179443359375,11968,1.7851742506027222,,,,,,,,,,
188,0.17156250774860382,0.17156250774860382,DAD,0.017983675003051758,12032,1.943134069442749,,,,,,,,,,
189,0.1838671863079071,0.1838671863079071,DAD,0.019016504287719727,12096,1.9306663274765015,,,,,,,,,,
190,0.1691015660762787,0.1691015660762787,DAD,0.01898050308227539,12160,2.0006959438323975,,,,,,,,,,
191,0.17332032322883606,0.17332032322883606,DAD,0.017927885055541992,12224,1.9378563165664673,,,,,,,,,,
192,0.1655859351158142,0.1655859351158142,DAD,0.018941879272460938,12288,2.063516139984131,,,,,,,,,,
193,0.16734375059604645,0.16734375059604645,DAD,0.018883943557739258,12352,1.9338603019714355,,,,,,,,,,
194,0.1662890762090683,0.1662890762090683,DAD,0.01890110969543457,12416,1.9700965881347656,,,,,,,,,,
195,0.1676953136920929,0.1676953136920929,DAD,0.01802515983581543,12480,2.068429470062256,,,,,,,,,,
196,0.17296874523162842,0.17296874523162842,DAD,0.018915653228759766,12544,1.9875470399856567,,,,,,,,,,
197,0.16312500834465027,0.16312500834465027,DAD,0.018378496170043945,12608,2.1013388633728027,,,,,,,,,,
198,0.16804686188697815,0.16804686188697815,DAD,0.019451618194580078,12672,2.1585967540740967,,,,,,,,,,
199,0.18351563811302185,0.18351563811302185,DAD,0.017992496490478516,12736,2.0188934803009033,,,,,,,,,,
200,0.16066406667232513,0.16066406667232513,DAD,0.018865585327148438,12800,2.1682751178741455,0.153984375,0.05421875,1,-0.0,0.0078125,0.0078125,1,0.00017578125000000016,0.05421875,0
201,0.17050781846046448,0.17050781846046448,DAD,0.018281221389770508,12864,2.2879629135131836,,,,,,,,,,
202,0.16734375059604645,0.16734375059604645,DAD,0.018092632293701172,12928,2.3097620010375977,,,,,,,,,,
203,0.17683592438697815,0.17683592438697815,DAD,0.01966547966003418,12992,2.501110076904297,,,,,,,,,,
204,0.18949219584465027,0.18949219584465027,DAD,0.01991415023803711,13056,2.0629801750183105,,,,,,,,,,
205,0.17226561903953552,0.17226561903953552,DAD,0.01806473731994629,13120,2.3810620307922363,,,,,,,,,,
206,0.17578125,0.17578125,DAD,0.018985509872436523,13184,2.2228448390960693,,,,,,,,,,
207,0.16593749821186066,0.16593749821186066,DAD,0.017873764038085938,13248,2.347231864929199,,,,,,,,,,
208,0.16664062440395355,0.16664062440395355,DAD,0.01764082908630371,13312,2.2901053428649902,,,,,,,,,,
209,0.17156250774860382,0.17156250774860382,DAD,0.017724275588989258,13376,2.2977185249328613,,,,,,,,,,
210,0.1691015660762787,0.1691015660762787,DAD,0.017848491668701172,13440,2.489401340484619,,,,,,,,,,
211,0.16593748331069946,0.16593748331069946,DAD,0.01781463623046875,13504,2.2133665084838867,,,,,,,,,,
212,0.16980469226837158,0.16980469226837158,DAD,0.017659425735473633,13568,2.2774102687835693,,,,,,,,,,
213,0.17332032322883606,0.17332032322883606,DAD,0.01768660545349121,13632,2.4125771522521973,,,,,,,,,,
214,0.1662890613079071,0.1662890613079071,DAD,0.017638444900512695,13696,2.2580947875976562,,,,,,,,,,
215,0.1669921875,0.1669921875,DAD,0.017705202102661133,13760,2.24656343460083,,,,,,,,,,
216,0.1750781238079071,0.1750781238079071,DAD,0.018657207489013672,13824,2.2738471031188965,,,,,,,,,,
217,0.1603125035762787,0.1603125035762787,DAD,0.017686843872070312,13888,2.3519701957702637,,,,,,,,,,
218,0.17332032322883606,0.17332032322883606,DAD,0.017616748809814453,13952,2.395625591278076,,,,,,,,,,
219,0.17472656071186066,0.17472656071186066,DAD,0.01788926124572754,14016,2.1900453567504883,,,,,,,,,,
220,0.15574219822883606,0.15574219822883606,DAD,0.018085956573486328,14080,2.2223455905914307,,,,,,,,,,
221,0.17191407084465027,0.17191407084465027,DAD,0.01762247085571289,14144,2.2251060009002686,,,,,,,,,,
222,0.16664063930511475,0.16664063930511475,DAD,0.0176544189453125,14208,2.2525124549865723,,,,,,,,,,
223,0.17085936665534973,0.17085936665534973,DAD,0.01766800880432129,14272,2.1423792839050293,,,,,,,,,,
224,0.1648828089237213,0.1648828089237213,DAD,0.017617464065551758,14336,2.249387741088867,,,,,,,,,,
225,0.17753906548023224,0.17753906548023224,DAD,0.01766228675842285,14400,2.2511632442474365,0.153984375,0.05421875,1,-0.0,0.0078125,0.0078125,1,0.00017578125000000016,0.05421875,0
226,0.17472657561302185,0.17472657561302185,DAD,0.01795053482055664,14464,2.136843204498291,,,,,,,,,,
227,0.1662890613079071,0.1662890613079071,DAD,0.017727136611938477,14528,2.161407470703125,,,,,,,,,,
228,0.1764843761920929,0.1764843761920929,DAD,0.017701148986816406,14592,2.268028736114502,,,,,,,,,,
229,0.16874998807907104,0.16874998807907104,DAD,0.017759323120117188,14656,2.20287823677063,,,,,,,,,,
230,0.1736718863248825,0.1736718863248825,DAD,0.0176699161529541,14720,2.2420716285705566,,,,,,,,,,
231,0.16277344524860382,0.16277344524860382,DAD,0.017694711685180664,14784,2.2263193130493164,,,,,,,,,,
232,0.17613282799720764,0.17613282799720764,DAD,0.01771068572998047,14848,2.2127459049224854,,,,,,,,,,
233,0.16664063930511475,0.16664063930511475,DAD,0.01758098602294922,14912,2.0529558658599854,,,,,,,,,,
234,0.17578125,0.17578125,DAD,0.017652034759521484,14976,2.151651382446289,,,,,,,,,,
235,0.1648828089237213,0.1648828089237213,DAD,0.01769709587097168,15040,2.192274332046509,,,,,,,,,,
236,0.16980469226837158,0.16980469226837158,DAD,0.017679214477539062,15104,2.2624943256378174,,,,,,,,,,
237,0.16980469226837158,0.16980469226837158,DAD,0.017618179321289062,15168,2.1357908248901367,,,,,,,,,,
238,0.17296874523162842,0.17296874523162842,DAD,0.01761913299560547,15232,2.1001975536346436,,,,,,,,,,
239,0.16347655653953552,0.16347655653953552,DAD,0.017700672149658203,15296,2.1317687034606934,,,,,,,,,,
240,0.17226561903953552,0.17226561903953552,DAD,0.0176846981048584,15360,2.1103854179382324,,,,,,,,,,
241,0.17050781846046448,0.17050781846046448,DAD,0.01763916015625,15424,2.096686840057373,,,,,,,,,,
242,0.17085938155651093,0.17085938155651093,DAD,0.017698049545288086,15488,2.1745800971984863,,,,,,,,,,
243,0.1691015660762787,0.1691015660762787,DAD,0.017770051956176758,15552,2.19480037689209,,,,,,,,,,
244,0.15996094048023224,0.15996094048023224,DAD,0.017684221267700195,15616,2.289745807647705,,,,,,,,,,
245,0.16593751311302185,0.16593751311302185,DAD,0.017674684524536133,15680,2.170444965362549,,,,,,,,,,
246,0.1676953285932541,0.1676953285932541,DAD,0.01767873764038086,15744,2.1649057865142822,,,,,,,,,,
247,0.16804687678813934,0.16804687678813934,DAD,0.017722606658935547,15808,2.274360418319702,,,,,,,,,,
248,0.16734375059604645,0.16734375059604645,DAD,0.01758122444152832,15872,2.17330265045166,,,,,,,,,,
249,0.1750781238079071,0.1750781238079071,DAD,0.01772022247314453,15936,2.095822334289551,,,,,,,,,,
250,0.17121092975139618,0.17121092975139618,DAD,0.017706632614135742,16000,2.26131010055542,0.153984375,0.05421875,1,-0.0,0.0078125,0.0078125,1,0.00017578125000000016,0.05421875,0
251,0.17121094465255737,0.17121094465255737,DAD,0.01797175407409668,16064,2.292961835861206,,,,,,,,,,
252,0.16945312917232513,0.16945312917232513,DAD,0.01770758628845215,16128,2.070279121398926,,,,,,,,,,
253,0.16417968273162842,0.16417968273162842,DAD,0.01766204833984375,16192,2.169581651687622,,,,,,,,,,
254,0.17085938155651093,0.17085938155651093,DAD,0.0177762508392334,16256,2.150210380554199,,,,,,,,,,
255,0.17824217677116394,0.17824217677116394,DAD,0.01764225959777832,16320,2.0195794105529785,,,,,,,,,,
256,0.17191407084465027,0.17191407084465027,DAD,0.017692089080810547,16384,2.100102424621582,,,,,,,,,,
257,0.17015625536441803,0.17015625536441803,DAD,0.017717361450195312,16448,1.9891530275344849,,,,,,,,,,
258,0.16980469226837158,0.16980469226837158,DAD,0.01766824722290039,16512,2.1535305976867676,,,,,,,,,,
259,0.1764843761920929,0.1764843761920929,DAD,0.017737865447998047,16576,2.035717725753784,,,,,,,,,,
260,0.17824219167232513,0.17824219167232513,DAD,0.017641305923461914,16640,2.0896191596984863,,,,,,,,,,
261,0.16277343034744263,0.16277343034744263,DAD,0.01769399642944336,16704,2.1432695388793945,,,,,,,,,,
262,0.16523438692092896,0.16523438692092896,DAD,0.01768040657043457,16768,2.039536952972412,,,,,,,,,,
263,0.1662890613079071,0.1662890613079071,DAD,0.0176241397857666,16832,2.088921546936035,,,,,,,,,,
264,0.17015625536441803,0.17015625536441803,DAD,0.017653465270996094,16896,2.112823963165283,,,,,,,,,,
265,0.16945311427116394,0.16945311427116394,DAD,0.017640352249145508,16960,2.0974574089050293,,,,,,,,,,
266,0.17613282799720764,0.17613282799720764,DAD,0.017691850662231445,17024,2.0163187980651855,,,,,,,,,,
267,0.17402344942092896,0.17402344942092896,DAD,0.01764392852783203,17088,2.042625904083252,,,,,,,,,,
268,0.16593751311302185,0.16593751311302185,DAD,0.017670392990112305,17152,2.123724937438965,,,,,,,,,,
269,0.17121094465255737,0.17121094465255737,DAD,0.017677783966064453,17216,2.009310483932495,,,,,,,,,,
270,0.17085938155651093,0.17085938155651093,DAD,0.017727136611938477,17280,2.116987705230713,,,,,,,,,,
271,0.1655859500169754,0.1655859500169754,DAD,0.01762533187866211,17344,2.0852179527282715,,,,,,,,,,
272,0.1603125035762787,0.1603125035762787,DAD,0.01768183708190918,17408,2.0548601150512695,,,,,,,,,,
273,0.17156249284744263,0.17156249284744263,DAD,0.017624378204345703,17472,2.0948486328125,,,,,,,,,,
274,0.17015624046325684,0.17015624046325684,DAD,0.017721176147460938,17536,2.067192316055298,,,,,,,,,,
275,0.1662890613079071,0.1662890613079071,DAD,0.017697572708129883,17600,2.148707866668701,0.15556640625,0.053261718750000006,2,0.4463454476726184,0.015625,0.0,1,0.0,0.053261718750000006,0
276,0.17085938155651093,0.17085938155651093,DAD,0.017990827560424805,17664,2.1681370735168457,,,,,,,,,,
277,0.16945311427116394,0.16945311427116394,DAD,0.01766204833984375,17728,2.0569257736206055,,,,,,,,,,
278,0.1683984398841858,0.1683984398841858,DAD,0.017811298370361328,17792,2.082425832748413,,,,,,,,,,
279,0.16734375059604645,0.16734375059604645,DAD,0.017683029174804688,17856,2.0355892181396484,,,,,,,,,,
280,0.17402344942092896,0.17402344942092896,DAD,0.01759791374206543,17920,2.11372709274292,,,,,,,,,,
281,0.17156249284744263,0.17156249284744263,DAD,0.0176851749420166,17984,2.090884208679199,,,,,,,,,,
282,0.17683595418930054,0.17683595418930054,DAD,0.01763629913330078,18048,2.009727954864502,,,,,,,,,,
283,0.1691015660762787,0.1691015660762787,DAD,0.017662525177001953,18112,1.998948335647583,,,,,,,,,,
284,0.1676953136920929,0.1676953136920929,DAD,0.01766514778137207,18176,2.042841911315918,,,,,,,,,,
285,0.17261718213558197,0.17261718213558197,DAD,0.017703771591186523,18240,2.0951037406921387,,,,,,,,,,
286,0.1743750125169754,0.1743750125169754,DAD,0.017694711685180664,18304,2.0453433990478516,,,,,,,,,,
287,0.17261719703674316,0.17261719703674316,DAD,0.0176541805267334,18368,2.0806069374084473,,,,,,,,,,
288,0.16804686188697815,0.16804686188697815,DAD,0.017632007598876953,18432,1.9940640926361084,,,,,,,,,,
289,0.1771875023841858,0.1771875023841858,DAD,0.017698049545288086,18496,2.048107385635376,,,,,,,,,,
290,0.17050781846046448,0.17050781846046448,DAD,0.017714977264404297,18560,2.0441477298736572,,,,,,,,,,
291,0.17226561903953552,0.17226561903953552,DAD,0.01764369010925293,18624,2.0409445762634277,,,,,,,,,,
292,0.17015625536441803,0.17015625536441803,DAD,0.017707347869873047,18688,2.0116634368896484,,,,,,,,,,
293,0.17156249284744263,0.17156249284744263,DAD,0.01767110824584961,18752,2.00839900970459,,,,,,,,,,
294,0.16382811963558197,0.16382811963558197,DAD,0.017669200897216797,18816,2.0059289932250977,,,,,,,,,,
295,0.17121094465255737,0.17121094465255737,DAD,0.01764392852783203,18880,2.0002379417419434,,,,,,,,,,
296,0.17226561903953552,0.17226561903953552,DAD,0.01773810386657715,18944,2.053345203399658,,,,,,,,,,
297,0.17015627026557922,0.17015627026557922,DAD,0.01759171485900879,19008,1.9963431358337402,,,,,,,,,,
298,0.17753906548023224,0.17753906548023224,DAD,0.017625093460083008,19072,2.018282175064087,,,,,,,,,,
299,0.17226561903953552,0.17226561903953552,DAD,0.017652511596679688,19136,1.9882316589355469,,,,,,,,,,
300,0.16312500834465027,0.16312500834465027,DAD,0.01771092414855957,19200,1.9836618900299072,0.15767578125000004,0.057910156250000004,1,-0.0,0.0078125,0.0078125,1,0.00017578124999999994,0.057910156250000004,0
301,0.1736718714237213,0.1736718714237213,DAD,0.01795172691345215,19264,1.9832968711853027,,,,,,,,,,
302,0.17121092975139618,0.17121092975139618,DAD,0.017665863037109375,19328,1.9813969135284424,,,,,,,,,,
303,0.16347655653953552,0.16347655653953552,DAD,0.017662525177001953,19392,2.080317735671997,,,,,,,,,,
304,0.1676953136920929,0.1676953136920929,DAD,0.01768326759338379,19456,1.969285011291504,,,,,,,,,,
305,0.16875001788139343,0.16875001788139343,DAD,0.01768636703491211,19520,2.0633177757263184,,,,,,,,,,
306,0.16980469226837158,0.16980469226837158,DAD,0.01767277717590332,19584,2.137862205505371,,,,,,,,,,
307,0.1691015660762787,0.1691015660762787,DAD,0.01772308349609375,19648,1.9672715663909912,,,,,,,,,,
308,0.17015625536441803,0.17015625536441803,DAD,0.01773858070373535,19712,1.983835220336914,,,,,,,,,,
309,0.17472657561302185,0.17472657561302185,DAD,0.01772928237915039,19776,1.9688682556152344,,,,,,,,,,
310,0.1669921875,0.1669921875,DAD,0.01770162582397461,19840,1.9468778371810913,,,,,,,,,,
311,0.17261719703674316,0.17261719703674316,DAD,0.01766037940979004,19904,2.0044116973876953,,,,,,,,,,
312,0.16734376549720764,0.16734376549720764,DAD,0.017650842666625977,19968,2.0681047439575195,,,,,,,,,,
313,0.17402343451976776,0.17402343451976776,DAD,0.017743587493896484,20032,1.8483425378799438,,,,,,,,,,
314,0.16593751311302185,0.16593751311302185,DAD,0.017711877822875977,20096,1.9067742824554443,,,,,,,,,,
315,0.1824609339237213,0.1824609339237213,DAD,0.017694950103759766,20160,1.8895397186279297,,,,,,,,,,
316,0.16382813453674316,0.16382813453674316,DAD,0.017767906188964844,20224,1.94566011428833,,,,,,,,,,
317,0.16453124582767487,0.16453124582767487,DAD,0.017686128616333008,20288,1.8376035690307617,,,,,,,,,,
318,0.17156249284744263,0.17156249284744263,DAD,0.017678499221801758,20352,1.9514784812927246,,,,,,,,,,
319,0.16242188215255737,0.16242188215255737,DAD,0.018015623092651367,20416,2.0076167583465576,,,,,,,,,,
320,0.16171875596046448,0.16171875596046448,DAD,0.01802206039428711,20480,1.861987829208374,,,,,,,,,,
321,0.15785156190395355,0.15785156190395355,DAD,0.01767253875732422,20544,1.9900380373001099,,,,,,,,,,
322,0.16382813453674316,0.16382813453674316,DAD,0.017731904983520508,20608,1.9055354595184326,,,,,,,,,,
323,0.17156249284744263,0.17156249284744263,DAD,0.017615079879760742,20672,1.8906527757644653,,,,,,,,,,
324,0.17578125,0.17578125,DAD,0.017682313919067383,20736,1.8418102264404297,,,,,,,,,,
325,0.1691015660762787,0.1691015660762787,DAD,0.01768350601196289,20800,1.7839453220367432,0.153984375,0.05421875,1,-0.0,0.0078125,0.0078125,1,0.00017578125000000016,0.05421875,0
326,0.15644532442092896,0.15644532442092896,DAD,0.018002033233642578,20864,1.8241984844207764,,,,,,,,,,
327,0.16523438692092896,0.16523438692092896,DAD,0.017721176147460938,20928,1.956784963607788,,,,,,,,,,
328,0.17156249284744263,0.17156249284744263,DAD,0.01767587661743164,20992,1.8571299314498901,,,,,,,,,,
329,0.16417968273162842,0.16417968273162842,DAD,0.017717599868774414,21056,1.766047477722168,,,,,,,,,,
330,0.16417968273162842,0.16417968273162842,DAD,0.01769089698791504,21120,1.8474643230438232,,,,,,,,,,
331,0.16207031905651093,0.16207031905651093,DAD,0.017723798751831055,21184,1.965135097503662,,,,,,,,,,
332,0.16593751311302185,0.16593751311302185,DAD,0.017639875411987305,21248,1.7649959325790405,,,,,,,,,,
333,0.16242188215255737,0.16242188215255737,DAD,0.01950550079345703,21312,1.7662183046340942,,,,,,,,,,
334,0.16523437201976776,0.16523437201976776,DAD,0.020003080368041992,21376,1.7325375080108643,,,,,,,,,,
335,0.1603125035762787,0.1603125035762787,DAD,0.017856359481811523,21440,1.6995397806167603,,,,,,,,,,
336,0.1676953136920929,0.1676953136920929,DAD,0.01766347885131836,21504,1.8000574111938477,,,,,,,,,,
337,0.1669921875,0.1669921875,DAD,0.017638444900512695,21568,1.672278642654419,,,,,,,,,,
338,0.1778906285762787,0.1778906285762787,DAD,0.017652511596679688,21632,1.851353645324707,,,,,,,,,,
339,0.1691015660762787,0.1691015660762787,DAD,0.017739534378051758,21696,1.7725751399993896,,,,,,,,,,
340,0.16664062440395355,0.16664062440395355,DAD,0.017669200897216797,21760,1.6731059551239014,,,,,,,,,,
341,0.16277344524860382,0.16277344524860382,DAD,0.017699480056762695,21824,1.6896823644638062,,,,,,,,,,
342,0.1771875023841858,0.1771875023841858,DAD,0.017708778381347656,21888,1.7126638889312744,,,,,,,,,,
343,0.1669921875,0.1669921875,DAD,0.017709970474243164,21952,1.6949687004089355,,,,,,,,,,
344,0.16734375059604645,0.16734375059604645,DAD,0.017627477645874023,22016,1.6453397274017334,,,,,,,,,,
345,0.15855470299720764,0.15855470299720764,DAD,0.017656326293945312,22080,1.6845145225524902,,,,,,,,,,
346,0.1669921875,0.1669921875,DAD,0.01765155792236328,22144,1.686295509338379,,,,,,,,,,
347,0.1676953136920929,0.1676953136920929,DAD,0.017668962478637695,22208,1.6809500455856323,,,,,,,,,,
348,0.16875000298023224,0.16875000298023224,DAD,0.017717599868774414,22272,1.649806261062622,,,,,,,,,,
349,0.16207030415534973,0.16207030415534973,DAD,0.017650604248046875,22336,1.7510454654693604,,,,,,,,,,
350,0.16593749821186066,0.16593749821186066,DAD,0.017731428146362305,22400,1.5902962684631348,0.15767578125000004,0.057910156250000004,1,-0.0,0.0078125,0.0078125,1,0.00017578124999999994,0.057910156250000004,0
351,0.17191405594348907,0.17191405594348907,DAD,0.017953157424926758,22464,1.7080482244491577,,,,,,,,,,
352,0.1662890613079071,0.1662890613079071,DAD,0.01769256591796875,22528,1.6371073722839355,,,,,,,,,,
353,0.1669921875,0.1669921875,DAD,0.017679691314697266,22592,1.613987922668457,,,,,,,,,,
354,0.16417968273162842,0.16417968273162842,DAD,0.017649412155151367,22656,1.5881752967834473,,,,,,,,,,
355,0.16664062440395355,0.16664062440395355,DAD,0.017671585083007812,22720,1.6439988613128662,,,,,,,,,,
356,0.16171875596046448,0.16171875596046448,DAD,0.017657756805419922,22784,1.5981483459472656,,,,,,,,,,
357,0.17015625536441803,0.17015625536441803,DAD,0.0176999568939209,22848,1.6622098684310913,,,,,,,,,,
358,0.1676953136920929,0.1676953136920929,DAD,0.017696380615234375,22912,1.5315781831741333,,,,,,,,,,
359,0.17156249284744263,0.17156249284744263,DAD,0.017697572708129883,22976,1.5830901861190796,,,,,,,,,,
360,0.15996092557907104,0.15996092557907104,DAD,0.01765131950378418,23040,1.6657546758651733,,,,,,,,,,
361,0.1676953136920929,0.1676953136920929,DAD,0.0176088809967041,23104,1.6204278469085693,,,,,,,,,,
362,0.1736718714237213,0.1736718714237213,DAD,0.017663240432739258,23168,1.6562891006469727,,,,,,,,,,
363,0.1662890613079071,0.1662890613079071,DAD,0.017647266387939453,23232,1.6082820892333984,,,,,,,,,,
364,0.1683984398841858,0.1683984398841858,DAD,0.017680883407592773,23296,1.731467843055725,,,,,,,,,,
365,0.17191407084465027,0.17191407084465027,DAD,0.017910242080688477,23360,1.6585147380828857,,,,,,,,,,
366,0.1574999988079071,0.1574999988079071,DAD,0.01783275604248047,23424,1.6779463291168213,,,,,,,,,,
367,0.1691015660762787,0.1691015660762787,DAD,0.017873764038085938,23488,1.6586323976516724,,,,,,,,,,
368,0.17226561903953552,0.17226561903953552,DAD,0.017735958099365234,23552,1.6136510372161865,,,,,,,,,,
369,0.17085936665534973,0.17085936665534973,DAD,0.01766657829284668,23616,1.623558759689331,,,,,,,,,,
370,0.1648828089237213,0.1648828089237213,DAD,0.017681360244750977,23680,1.6963016986846924,,,,,,,,,,
371,0.1669921875,0.1669921875,DAD,0.017711877822875977,23744,1.7610386610031128,,,,,,,,,,
372,0.15996094048023224,0.15996094048023224,DAD,0.017696857452392578,23808,1.645451307296753,,,,,,,,,,
373,0.1683984398841858,0.1683984398841858,DAD,0.017621517181396484,23872,1.5894980430603027,,,,,,,,,,
374,0.17683595418930054,0.17683595418930054,DAD,0.01766824722290039,23936,1.6659122705459595,,,,,,,,,,
375,0.1691015660762787,0.1691015660762787,DAD,0.017668724060058594,24000,1.5678398609161377,0.15802734375,0.05572265625,1,-0.0,0.0078125,0.0,1,0.0,0.05572265625,0
376,0.1676953136920929,0.1676953136920929,DAD,0.017991065979003906,24064,1.6143839359283447,,,,,,,,,,
377,0.16593749821186066,0.16593749821186066,DAD,0.01773238182067871,24128,1.5161395072937012,,,,,,,,,,
378,0.16945312917232513,0.16945312917232513,DAD,0.017730712890625,24192,1.5765180587768555,,,,,,,,,,
379,0.158203125,0.158203125,DAD,0.017719030380249023,24256,1.4921238422393799,,,,,,,,,,
380,0.16593751311302185,0.16593751311302185,DAD,0.017609357833862305,24320,1.4536681175231934,,,,,,,,,,
381,0.15644532442092896,0.15644532442092896,DAD,0.017646312713623047,24384,1.4314801692962646,,,,,,,,,,
382,0.1764843761920929,0.1764843761920929,DAD,0.01767277717590332,24448,1.4377959966659546,,,,,,,,,,
383,0.16347657144069672,0.16347657144069672,DAD,0.01771402359008789,24512,1.4428006410598755,,,,,,,,,,
384,0.17085936665534973,0.17085936665534973,DAD,0.017651081085205078,24576,1.5013139247894287,,,,,,,,,,
385,0.16453126072883606,0.16453126072883606,DAD,0.017737865447998047,24640,1.4654488563537598,,,,,,,,,,
386,0.1764843761920929,0.1764843761920929,DAD,0.017667055130004883,24704,1.4705750942230225,,,,,,,,,,
387,0.1648828089237213,0.1648828089237213,DAD,0.017621755599975586,24768,1.4520046710968018,,,,,,,,,,
388,0.1596093773841858,0.1596093773841858,DAD,0.017619848251342773,24832,1.4353697299957275,,,,,,,,,,
389,0.17226561903953552,0.17226561903953552,DAD,0.017606496810913086,24896,1.4985783100128174,,,,,,,,,,
390,0.16980469226837158,0.16980469226837158,DAD,0.01765584945678711,24960,1.4608434438705444,,,,,,,,,,
391,0.1676953136920929,0.1676953136920929,DAD,0.017660140991210938,25024,1.4624109268188477,,,,,,,,,,
392,0.15433593094348907,0.15433593094348907,DAD,0.017676591873168945,25088,1.4672822952270508,,,,,,,,,,
393,0.17472656071186066,0.17472656071186066,DAD,0.017708778381347656,25152,1.491309642791748,,,,,,,,,,
394,0.17613281309604645,0.17613281309604645,DAD,0.017660856246948242,25216,1.4692883491516113,,,,,,,,,,
395,0.1729687601327896,0.1729687601327896,DAD,0.017713069915771484,25280,1.465282917022705,,,,,,,,,,
396,0.16136717796325684,0.16136717796325684,DAD,0.01766180992126465,25344,1.446265459060669,,,,,,,,,,
397,0.17050781846046448,0.17050781846046448,DAD,0.017622709274291992,25408,1.4889910221099854,,,,,,,,,,
398,0.1603125035762787,0.1603125035762787,DAD,0.017704486846923828,25472,1.491550326347351,,,,,,,,,,
399,0.1560937464237213,0.1560937464237213,DAD,0.017693519592285156,25536,1.4699361324310303,,,,,,,,,,
400,0.1662890762090683,0.1662890762090683,DAD,0.017663002014160156,25600,1.4463911056518555,0.15802734375,0.05572265625,1,-0.0,0.0078125,0.0,1,0.0,0.05572265625,0
401,0.17085936665534973,0.17085936665534973,DAD,0.017862319946289062,25664,1.4682669639587402,,,,,,,,,,
402,0.17191405594348907,0.17191405594348907,DAD,0.017665863037109375,25728,1.4661262035369873,,,,,,,,,,
403,0.16804689168930054,0.16804689168930054,DAD,0.017728328704833984,25792,1.4491002559661865,,,,,,,,,,
404,0.1676953136920929,0.1676953136920929,DAD,0.01767444610595703,25856,1.4910972118377686,,,,,,,,,,
405,0.1574999988079071,0.1574999988079071,DAD,0.01771068572998047,25920,1.5114519596099854,,,,,,,,,,
406,0.16945312917232513,0.16945312917232513,DAD,0.01761770248413086,25984,1.4908969402313232,,,,,,,,,,
407,0.16171874105930328,0.16171874105930328,DAD,0.017624378204345703,26048,1.470327377319336,,,,,,,,,,
408,0.16136719286441803,0.16136719286441803,DAD,0.01778411865234375,26112,1.4723618030548096,,,,,,,,,,
409,0.16734375059604645,0.16734375059604645,DAD,0.01769876480102539,26176,1.4546829462051392,,,,,,,,,,
410,0.1743749976158142,0.1743749976158142,DAD,0.01770925521850586,26240,1.5110844373703003,,,,,,,,,,
411,0.1676953136920929,0.1676953136920929,DAD,0.01763176918029785,26304,1.4666154384613037,,,,,,,,,,
412,0.1669921875,0.1669921875,DAD,0.0176393985748291,26368,1.4842678308486938,,,,,,,,,,
413,0.15644532442092896,0.15644532442092896,DAD,0.01767134666442871,26432,1.4637173414230347,,,,,,,,,,
414,0.16171875596046448,0.16171875596046448,DAD,0.017673730850219727,26496,1.4618539810180664,,,,,,,,,,
415,0.16277343034744263,0.16277343034744263,DAD,0.01764392852783203,26560,1.483846664428711,,,,,,,,,,
416,0.16945312917232513,0.16945312917232513,DAD,0.01759791374206543,26624,1.4638452529907227,,,,,,,,,,
417,0.16101562976837158,0.16101562976837158,DAD,0.017644643783569336,26688,1.4436287879943848,,,,,,,,,,
418,0.16523438692092896,0.16523438692092896,DAD,0.017679929733276367,26752,1.5065734386444092,,,,,,,,,,
419,0.16101562976837158,0.16101562976837158,DAD,0.017710208892822266,26816,1.5320912599563599,,,,,,,,,,
420,0.16417968273162842,0.16417968273162842,DAD,0.017684459686279297,26880,1.4918221235275269,,,,,,,,,,
421,0.15714843571186066,0.15714843571186066,DAD,0.017604589462280273,26944,1.453681468963623,,,,,,,,,,
422,0.16101562976837158,0.16101562976837158,DAD,0.017656326293945312,27008,1.4607220888137817,,,,,,,,,,
423,0.1750781238079071,0.1750781238079071,DAD,0.017621755599975586,27072,1.4840507507324219,,,,,,,,,,
424,0.16171875596046448,0.16171875596046448,DAD,0.017644166946411133,27136,1.530562400817871,,,,,,,,,,
425,0.16664063930511475,0.16664063930511475,DAD,0.017606019973754883,27200,1.5343962907791138,0.15802734375,0.05572265625,1,-0.0,0.0078125,0.0,1,0.0,0.05572265625,0
426,0.16875000298023224,0.16875000298023224,DAD,0.017955303192138672,27264,1.5113073587417603,,,,,,,,,,
427,0.16207030415534973,0.16207030415534973,DAD,0.017732620239257812,27328,1.487685203552246,,,,,,,,,,
428,0.1683984398841858,0.1683984398841858,DAD,0.01772785186767578,27392,1.5260233879089355,,,,,,,,,,
429,0.1655859351158142,0.1655859351158142,DAD,0.018440961837768555,27456,1.4957786798477173,,,,,,,,,,
430,0.1648828089237213,0.1648828089237213,DAD,0.02155017852783203,27520,1.4898406267166138,,,,,,,,,,
431,0.16980469226837158,0.16980469226837158,DAD,0.018212080001831055,27584,1.4655327796936035,,,,,,,,,,
432,0.16207030415534973,0.16207030415534973,DAD,0.021900177001953125,27648,1.4612294435501099,,,,,,,,,,
433,0.15925781428813934,0.15925781428813934,DAD,0.026793479919433594,27712,1.4310495853424072,,,,,,,,,,
434,0.1676953285932541,0.1676953285932541,DAD,0.017940998077392578,27776,1.4424248933792114,,,,,,,,,,
435,0.16347655653953552,0.16347655653953552,DAD,0.02144312858581543,27840,1.456155776977539,,,,,,,,,,
436,0.16804689168930054,0.16804689168930054,DAD,0.0186154842376709,27904,1.406696081161499,,,,,,,,,,
437,0.17332032322883606,0.17332032322883606,DAD,0.01799607276916504,27968,1.492514967918396,,,,,,,,,,
438,0.16980469226837158,0.16980469226837158,DAD,0.019028425216674805,28032,1.4245554208755493,,,,,,,,,,
439,0.17261719703674316,0.17261719703674316,DAD,0.019449710845947266,28096,1.472309947013855,,,,,,,,,,
440,0.17156249284744263,0.17156249284744263,DAD,0.018378496170043945,28160,1.4671815633773804,,,,,,,,,,
441,0.1669921875,0.1669921875,DAD,0.018213510513305664,28224,1.447715163230896,,,,,,,,,,
442,0.15503907203674316,0.15503907203674316,DAD,0.021520137786865234,28288,1.473125696182251,,,,,,,,,,
443,0.1691015660762787,0.1691015660762787,DAD,0.0202786922454834,28352,1.4753555059432983,,,,,,,,,,
444,0.16980469226837158,0.16980469226837158,DAD,0.0187985897064209,28416,1.4766331911087036,,,,,,,,,,
445,0.1641796976327896,0.1641796976327896,DAD,0.01893782615661621,28480,1.4518967866897583,,,,,,,,,,
446,0.17226563394069672,0.17226563394069672,DAD,0.019710063934326172,28544,1.519629716873169,,,,,,,,,,
447,0.16593751311302185,0.16593751311302185,DAD,0.019163846969604492,28608,1.4782004356384277,,,,,,,,,,
448,0.1683984398841858,0.1683984398841858,DAD,0.019882678985595703,28672,1.4128234386444092,,,,,,,,,,
449,0.16664062440395355,0.16664062440395355,DAD,0.0197145938873291,28736,1.4776443243026733,,,,,,,,,,
450,0.16664062440395355,0.16664062440395355,DAD,0.01826620101928711,28800,1.5184221267700195,0.15802734375,0.05572265625,1,-0.0,0.0078125,0.0,1,0.0,0.05572265625,0
451,0.17261718213558197,0.17261718213558197,DAD,0.01820683479309082,28864,1.5625618696212769,,,,,,,,,,
452,0.16101562976837158,0.16101562976837158,DAD,0.01799631118774414,28928,1.4691457748413086,,,,,,,,,,
453,0.1771875023841858,0.1771875023841858,DAD,0.017958402633666992,28992,1.470680832862854,,,,,,,,,,
454,0.16734375059604645,0.16734375059604645,DAD,0.018401622772216797,29056,1.4941470623016357,,,,,,,,,,
455,0.17542968690395355,0.17542968690395355,DAD,0.022947311401367188,29120,1.479773759841919,,,,,,,,,,
456,0.17015624046325684,0.17015624046325684,DAD,0.018970251083374023,29184,1.462733268737793,,,,,,,,,,
457,0.16804689168930054,0.16804689168930054,DAD,0.01781773567199707,29248,1.4600330591201782,,,,,,,,,,
458,0.16242188215255737,0.16242188215255737,DAD,0.01795172691345215,29312,1.483360767364502,,,,,,,,,,
459,0.16066405177116394,0.16066405177116394,DAD,0.01790308952331543,29376,1.4839657545089722,,,,,,,,,,
460,0.1778906285762787,0.1778906285762787,DAD,0.017882347106933594,29440,1.4401426315307617,,,,,,,,,,
461,0.1676953136920929,0.1676953136920929,DAD,0.017901182174682617,29504,1.4649964570999146,,,,,,,,,,
462,0.16277344524860382,0.16277344524860382,DAD,0.017925262451171875,29568,1.4433561563491821,,,,,,,,,,
463,0.1648828089237213,0.1648828089237213,DAD,0.01797008514404297,29632,1.422524333000183,,,,,,,,,,
464,0.16664062440395355,0.16664062440395355,DAD,0.017920494079589844,29696,1.4900875091552734,,,,,,,,,,
465,0.17015625536441803,0.17015625536441803,DAD,0.01803731918334961,29760,1.4459757804870605,,,,,,,,,,
466,0.17121094465255737,0.17121094465255737,DAD,0.017906904220581055,29824,1.4513545036315918,,,,,,,,,,
467,0.1676953136920929,0.1676953136920929,DAD,0.018134117126464844,29888,1.4501739740371704,,,,,,,,,,
468,0.1574999988079071,0.1574999988079071,DAD,0.017915964126586914,29952,1.5689129829406738,,,,,,,,,,
469,0.16664063930511475,0.16664063930511475,DAD,0.019919395446777344,30016,1.4613062143325806,,,,,,,,,,
470,0.16453124582767487,0.16453124582767487,DAD,0.018229961395263672,30080,1.4712183475494385,,,,,,,,,,
471,0.1662890762090683,0.1662890762090683,DAD,0.0260469913482666,30144,1.4548721313476562,,,,,,,,,,
472,0.1683984398841858,0.1683984398841858,DAD,0.0277712345123291,30208,1.4837161302566528,,,,,,,,,,
473,0.1669921875,0.1669921875,DAD,0.020601511001586914,30272,1.4652915000915527,,,,,,,,,,
474,0.17191407084465027,0.17191407084465027,DAD,0.022069454193115234,30336,1.4653172492980957,,,,,,,,,,
475,0.16734375059604645,0.16734375059604645,DAD,0.019159317016601562,30400,1.4916610717773438,0.15802734375,0.05572265625,1,-0.0,0.0078125,0.0,1,0.0,0.05572265625,0
476,0.1683984398841858,0.1683984398841858,DAD,0.019135475158691406,30464,1.4749433994293213,,,,,,,,,,
477,0.1641796976327896,0.1641796976327896,DAD,0.021404027938842773,30528,1.477616310119629,,,,,,,,,,
478,0.1676953136920929,0.1676953136920929,DAD,0.018590927124023438,30592,1.5027788877487183,,,,,,,,,,
479,0.15996094048023224,0.15996094048023224,DAD,0.01961684226989746,30656,1.503855586051941,,,,,,,,,,
480,0.16664063930511475,0.16664063930511475,DAD,0.020020008087158203,30720,1.4826760292053223,,,,,,,,,,
481,0.17015624046325684,0.17015624046325684,DAD,0.019870758056640625,30784,1.4904533624649048,,,,,,,,,,
482,0.17050781846046448,0.17050781846046448,DAD,0.018120765686035156,30848,1.518269419670105,,,,,,,,,,
483,0.17226563394069672,0.17226563394069672,DAD,0.022445201873779297,30912,1.5253450870513916,,,,,,,,,,
484,0.17226563394069672,0.17226563394069672,DAD,0.02382493019104004,30976,1.5092946290969849,,,,,,,,,,
485,0.16101562976837158,0.16101562976837158,DAD,0.021461963653564453,31040,1.5115654468536377,,,,,,,,,,
486,0.17402344942092896,0.17402344942092896,DAD,0.019101381301879883,31104,1.51321542263031,,,,,,,,,,
487,0.17156249284744263,0.17156249284744263,DAD,0.021376371383666992,31168,1.5634757280349731,,,,,,,,,,
488,0.1662890613079071,0.1662890613079071,DAD,0.018483638763427734,31232,1.5409704446792603,,,,,,,,,,
489,0.1771875023841858,0.1771875023841858,DAD,0.020229339599609375,31296,1.5165247917175293,,,,,,,,,,
490,0.1743749976158142,0.1743749976158142,DAD,0.0221710205078125,31360,1.5144362449645996,,,,,,,,,,
491,0.16804689168930054,0.16804689168930054,DAD,0.01980137825012207,31424,1.5093413591384888,,,,,,,,,,
492,0.16945312917232513,0.16945312917232513,DAD,0.021451473236083984,31488,1.5073440074920654,,,,,,,,,,
493,0.17191407084465027,0.17191407084465027,DAD,0.022644996643066406,31552,1.5033841133117676,,,,,,,,,,
494,0.16312500834465027,0.16312500834465027,DAD,0.02113056182861328,31616,1.5482503175735474,,,,,,,,,,
495,0.1683984398841858,0.1683984398841858,DAD,0.024973392486572266,31680,1.4941105842590332,,,,,,,,,,
496,0.1648828089237213,0.1648828089237213,DAD,0.02289748191833496,31744,1.538470983505249,,,,,,,,,,
497,0.16593751311302185,0.16593751311302185,DAD,0.02304363250732422,31808,1.4771666526794434,,,,,,,,,,
498,0.1669921875,0.1669921875,DAD,0.019127368927001953,31872,1.4713129997253418,,,,,,,,,,
499,0.15996095538139343,0.15996095538139343,DAD,0.018363237380981445,31936,1.4614074230194092,,,,,,,,,,
500,0.1596093773841858,0.1596093773841858,DAD,0.02431631088256836,32000,1.4514216184616089,0.15802734375,0.05572265625,1,-0.0,0.0078125,0.0,1,0.0,0.05572265625,0
501,0.1662890613079071,0.1662890613079071,DAD,0.01996159553527832,32064,1.441077709197998,,,,,,,,,,
502,0.16593751311302185,0.16593751311302185,DAD,0.018158912658691406,32128,1.4552345275878906,,,,,,,,,,
503,0.16593751311302185,0.16593751311302185,DAD,0.018940210342407227,32192,1.447199821472168,,,,,,,,,,
504,0.1574999988079071,0.1574999988079071,DAD,0.01892852783203125,32256,1.4161570072174072,,,,,,,,,,
505,0.16136717796325684,0.16136717796325684,DAD,0.01800537109375,32320,1.414921760559082,,,,,,,,,,
506,0.16417968273162842,0.16417968273162842,DAD,0.0191190242767334,32384,1.4391690492630005,,,,,,,,,,
507,0.17261719703674316,0.17261719703674316,DAD,0.019711732864379883,32448,1.4100697040557861,,,,,,,,,,
508,0.16593751311302185,0.16593751311302185,DAD,0.019868135452270508,32512,1.4142736196517944,,,,,,,,,,
509,0.17085936665534973,0.17085936665534973,DAD,0.018073081970214844,32576,1.4080474376678467,,,,,,,,,,
510,0.1743749976158142,0.1743749976158142,DAD,0.019111156463623047,32640,1.4468716382980347,,,,,,,,,,
511,0.16875000298023224,0.16875000298023224,DAD,0.01882004737854004,32704,1.4240449666976929,,,,,,,,,,
512,0.16101562976837158,0.16101562976837158,DAD,0.019939422607421875,32768,1.4198181629180908,,,,,,,,,,
513,0.16980469226837158,0.16980469226837158,DAD,0.018942832946777344,32832,1.4126274585723877,,,,,,,,,,
514,0.16593751311302185,0.16593751311302185,DAD,0.019841909408569336,32896,1.4088084697723389,,,,,,,,,,
515,0.16593749821186066,0.16593749821186066,DAD,0.01985955238342285,32960,1.3781094551086426,,,,,,,,,,
516,0.17156249284744263,0.17156249284744263,DAD,0.020017385482788086,33024,1.417761206626892,,,,,,,,,,
517,0.17261718213558197,0.17261718213558197,DAD,0.019929885864257812,33088,1.3659248352050781,,,,,,,,,,
518,0.1691015660762787,0.1691015660762787,DAD,0.01996016502380371,33152,1.389336347579956,,,,,,,,,,
519,0.16242188215255737,0.16242188215255737,DAD,0.019945859909057617,33216,1.4372544288635254,,,,,,,,,,
520,0.18140625953674316,0.18140625953674316,DAD,0.0200653076171875,33280,1.417475700378418,,,,,,,,,,
521,0.16593751311302185,0.16593751311302185,DAD,0.01969313621520996,33344,1.4720923900604248,,,,,,,,,,
522,0.16066408157348633,0.16925781965255737,DAD,0.02001047134399414,33408,1.415515422821045,,,,,,,,,,
523,0.16980469226837158,0.16980469226837158,DAD,0.02002859115600586,33472,1.4035370349884033,,,,,,,,,,
524,0.17121094465255737,0.17121094465255737,DAD,0.019936800003051758,33536,1.4311108589172363,,,,,,,,,,
525,0.16523437201976776,0.16523437201976776,DAD,0.0191495418548584,33600,1.4411312341690063,0.15802734375,0.05572265625,1,-0.0,0.0078125,0.0,1,0.0,0.05572265625,0
526,0.17542968690395355,0.17542968690395355,DAD,0.018353939056396484,33664,1.4233119487762451,,,,,,,,,,
527,0.16136717796325684,0.16136717796325684,DAD,0.017925262451171875,33728,1.4266266822814941,,,,,,,,,,
528,0.15855468809604645,0.15855468809604645,DAD,0.0179901123046875,33792,1.472452163696289,,,,,,,,,,
529,0.16980469226837158,0.16980469226837158,DAD,0.01794600486755371,33856,1.4991086721420288,,,,,,,,,,
530,0.16664063930511475,0.16664063930511475,DAD,0.01826167106628418,33920,1.4752631187438965,,,,,,,,,,
531,0.1662890613079071,0.1662890613079071,DAD,0.018721580505371094,33984,1.4538683891296387,,,,,,,,,,
532,0.16417968273162842,0.16417968273162842,DAD,0.021367311477661133,34048,1.4505773782730103,,,,,,,,,,
533,0.15785156190395355,0.15785156190395355,DAD,0.019414424896240234,34112,1.4712300300598145,,,,,,,,,,
534,0.16945311427116394,0.16945311427116394,DAD,0.019826889038085938,34176,1.4674289226531982,,,,,,,,,,
535,0.17613281309604645,0.17613281309604645,DAD,0.01990485191345215,34240,1.4145238399505615,,,,,,,,,,
536,0.16382811963558197,0.16382811963558197,DAD,0.0199587345123291,34304,1.4276922941207886,,,,,,,,,,
537,0.16101562976837158,0.16101562976837158,DAD,0.01809859275817871,34368,1.43975830078125,,,,,,,,,,
538,0.1655859500169754,0.1655859500169754,DAD,0.021810054779052734,34432,1.451715350151062,,,,,,,,,,
539,0.17050781846046448,0.17050781846046448,DAD,0.020027637481689453,34496,1.4658606052398682,,,,,,,,,,
540,0.1603125035762787,0.1603125035762787,DAD,0.018963098526000977,34560,1.4194413423538208,,,,,,,,,,
541,0.16277343034744263,0.16277343034744263,DAD,0.019840717315673828,34624,1.3707761764526367,,,,,,,,,,
542,0.16417968273162842,0.16417968273162842,DAD,0.019981861114501953,34688,1.387014389038086,,,,,,,,,,
543,0.17015625536441803,0.17015625536441803,DAD,0.019112110137939453,34752,1.405442237854004,,,,,,,,,,
544,0.1669921875,0.1669921875,DAD,0.018913984298706055,34816,1.3574740886688232,,,,,,,,,,
545,0.17121094465255737,0.17121094465255737,DAD,0.018933773040771484,34880,1.3930679559707642,,,,,,,,,,
546,0.16593751311302185,0.16593751311302185,DAD,0.017971038818359375,34944,1.3416507244110107,,,,,,,,,,
547,0.16875000298023224,0.16875000298023224,DAD,0.018923044204711914,35008,1.3364373445510864,,,,,,,,,,
548,0.16945312917232513,0.16945312917232513,DAD,0.017928123474121094,35072,1.3574564456939697,,,,,,,,,,
549,0.158203125,0.158203125,DAD,0.019874095916748047,35136,1.3300271034240723,,,,,,,,,,
550,0.1736718714237213,0.1736718714237213,DAD,0.018342971801757812,35200,1.32521653175354,0.15908203125,0.05677734375,1,-0.0,0.0078125,0.0,1,0.0,0.05677734375,0
551,0.17015624046325684,0.17015624046325684,DAD,0.019642353057861328,35264,1.3419485092163086,,,,,,,,,,
552,0.15644530951976776,0.15644530951976776,DAD,0.01976180076599121,35328,1.3845802545547485,,,,,,,,,,
553,0.1750781238079071,0.1750781238079071,DAD,0.019922494888305664,35392,1.317793607711792,,,,,,,,,,
554,0.16523438692092896,0.16523438692092896,DAD,0.018219709396362305,35456,1.316566824913025,,,,,,,,,,
555,0.16101562976837158,0.16101562976837158,DAD,0.0188748836517334,35520,1.3355755805969238,,,,,,,,,,
556,0.16417968273162842,0.16417968273162842,DAD,0.017962932586669922,35584,1.354512333869934,,,,,,,,,,
557,0.16664062440395355,0.16664062440395355,DAD,0.01893782615661621,35648,1.3144636154174805,,,,,,,,,,
558,0.16453126072883606,0.16453126072883606,DAD,0.01971268653869629,35712,1.314543604850769,,,,,,,,,,
559,0.17085938155651093,0.17085938155651093,DAD,0.01919865608215332,35776,1.3833837509155273,,,,,,,,,,
560,0.17296874523162842,0.17296874523162842,DAD,0.017935991287231445,35840,1.3167064189910889,,,,,,,,,,
561,0.16804687678813934,0.16804687678813934,DAD,0.018879175186157227,35904,1.3612542152404785,,,,,,,,,,
562,0.17050781846046448,0.17050781846046448,DAD,0.01808023452758789,35968,1.3873167037963867,,,,,,,,,,
563,0.16664062440395355,0.16664062440395355,DAD,0.01889657974243164,36032,1.3888275623321533,,,,,,,,,,
564,0.17332032322883606,0.17332032322883606,DAD,0.019742727279663086,36096,1.3662699460983276,,,,,,,,,,
565,0.16171875596046448,0.16171875596046448,DAD,0.018219470977783203,36160,1.3473111391067505,,,,,,,,,,
566,0.17085938155651093,0.17085938155651093,DAD,0.01893329620361328,36224,1.3501877784729004,,,,,,,,,,
567,0.1683984398841858,0.1683984398841858,DAD,0.0179440975189209,36288,1.3969753980636597,,,,,,,,,,
568,0.16207031905651093,0.16207031905651093,DAD,0.017922639846801758,36352,1.3567224740982056,,,,,,,,,,
569,0.1683984398841858,0.1683984398841858,DAD,0.017979860305786133,36416,1.3765127658843994,,,,,,,,,,
570,0.17226561903953552,0.17226561903953552,DAD,0.021446704864501953,36480,1.4000860452651978,,,,,,,,,,
571,0.16804687678813934,0.16804687678813934,DAD,0.019907712936401367,36544,1.3331561088562012,,,,,,,,,,
572,0.1589062511920929,0.1589062511920929,DAD,0.019464731216430664,36608,1.3511390686035156,,,,,,,,,,
573,0.16945311427116394,0.16945311427116394,DAD,0.019728660583496094,36672,1.329296350479126,,,,,,,,,,
574,0.16277344524860382,0.16277344524860382,DAD,0.019320964813232422,36736,1.3530139923095703,,,,,,,,,,
575,0.16875000298023224,0.16875000298023224,DAD,0.018849611282348633,36800,1.3998315334320068,0.15908203125,0.05677734375,1,-0.0,0.0078125,0.0,1,0.0,0.05677734375,0
576,0.17191407084465027,0.17191407084465027,DAD,0.01981806755065918,36864,1.3430569171905518,,,,,,,,,,
577,0.16804687678813934,0.16804687678813934,DAD,0.021416425704956055,36928,1.3477065563201904,,,,,,,,,,
578,0.16136717796325684,0.16136717796325684,DAD,0.01969742774963379,36992,1.3919236660003662,,,,,,,,,,
579,0.17226561903953552,0.17226561903953552,DAD,0.018993377685546875,37056,1.3955830335617065,,,,,,,,,,
580,0.17613282799720764,0.17613282799720764,DAD,0.021813154220581055,37120,1.3790278434753418,,,,,,,,,,
581,0.17156249284744263,0.17156249284744263,DAD,0.020873069763183594,37184,1.3618940114974976,,,,,,,,,,
582,0.17402344942092896,0.17402344942092896,DAD,0.019850730895996094,37248,1.366028070449829,,,,,,,,,,
583,0.1662890613079071,0.1662890613079071,DAD,0.01997089385986328,37312,1.4355487823486328,,,,,,,,,,
584,0.1589062511920929,0.1589062511920929,DAD,0.020071744918823242,37376,1.371579647064209,,,,,,,,,,
585,0.1691015660762787,0.1691015660762787,DAD,0.01915717124938965,37440,1.3939343690872192,,,,,,,,,,
586,0.1603125035762787,0.1603125035762787,DAD,0.018137454986572266,37504,1.4381903409957886,,,,,,,,,,
587,0.1750781238079071,0.1750781238079071,DAD,0.018356800079345703,37568,1.3807728290557861,,,,,,,,,,
588,0.17121094465255737,0.17121094465255737,DAD,0.01925206184387207,37632,1.4087436199188232,,,,,,,,,,
589,0.17296874523162842,0.17296874523162842,DAD,0.02137303352355957,37696,1.4582749605178833,,,,,,,,,,
590,0.16875000298023224,0.16875000298023224,DAD,0.018533706665039062,37760,1.4431068897247314,,,,,,,,,,
591,0.1683984398841858,0.1683984398841858,DAD,0.019853830337524414,37824,1.4291226863861084,,,,,,,,,,
592,0.1574999988079071,0.1574999988079071,DAD,0.017940521240234375,37888,1.4335124492645264,,,,,,,,,,
593,0.17332032322883606,0.17332032322883606,DAD,0.019805192947387695,37952,1.4167217016220093,,,,,,,,,,
594,0.1662890762090683,0.1662890762090683,DAD,0.01809525489807129,38016,1.4627175331115723,,,,,,,,,,
595,0.1574999988079071,0.1574999988079071,DAD,0.019969940185546875,38080,1.4452669620513916,,,,,,,,,,
596,0.17050780355930328,0.17050780355930328,DAD,0.01894378662109375,38144,1.4696147441864014,,,,,,,,,,
597,0.16453126072883606,0.16453126072883606,DAD,0.01903676986694336,38208,1.4537092447280884,,,,,,,,,,
598,0.16347657144069672,0.16347657144069672,DAD,0.01810002326965332,38272,1.4774528741836548,,,,,,,,,,
599,0.16523438692092896,0.16523438692092896,DAD,0.01813983917236328,38336,1.4395854473114014,,,,,,,,,,
600,0.1641796976327896,0.1641796976327896,DAD,0.019432783126831055,38400,1.464892864227295,0.15908203125,0.05677734375,1,-0.0,0.0078125,0.0,1,0.0,0.05677734375,0
601,0.16347657144069672,0.16347657144069672,DAD,0.018764972686767578,38464,1.548536777496338,,,,,,,,,,
602,0.16312499344348907,0.16312499344348907,DAD,0.018936634063720703,38528,1.490525484085083,,,,,,,,,,
603,0.1676953136920929,0.1676953136920929,DAD,0.01968216896057129,38592,1.4720685482025146,,,,,,,,,,
604,0.1655859351158142,0.1655859351158142,DAD,0.01847386360168457,38656,1.4758869409561157,,,,,,,,,,
605,0.16945311427116394,0.16945311427116394,DAD,0.018697023391723633,38720,1.4806163311004639,,,,,,,,,,
606,0.16207031905651093,0.16207031905651093,DAD,0.01801776885986328,38784,1.4841957092285156,,,,,,,,,,
607,0.1596093773841858,0.1596093773841858,DAD,0.020432233810424805,38848,1.5282033681869507,,,,,,,,,,
608,0.17121094465255737,0.17121094465255737,DAD,0.01815319061279297,38912,1.4725568294525146,,,,,,,,,,
609,0.17156249284744263,0.17156249284744263,DAD,0.018168926239013672,38976,1.5350017547607422,,,,,,,,,,
610,0.1662890613079071,0.1662890613079071,DAD,0.0189664363861084,39040,1.5339868068695068,,,,,,,,,,
611,0.17050781846046448,0.17050781846046448,DAD,0.018951892852783203,39104,1.636704683303833,,,,,,,,,,
612,0.16101562976837158,0.16101562976837158,DAD,0.019840002059936523,39168,1.5878288745880127,,,,,,,,,,
613,0.16453126072883606,0.16453126072883606,DAD,0.018036842346191406,39232,1.4844019412994385,,,,,,,,,,
614,0.17085938155651093,0.17085938155651093,DAD,0.02247166633605957,39296,1.539455533027649,,,,,,,,,,
615,0.16734375059604645,0.16734375059604645,DAD,0.021343708038330078,39360,1.4990856647491455,,,,,,,,,,
616,0.16417968273162842,0.16417968273162842,DAD,0.022609472274780273,39424,1.5552207231521606,,,,,,,,,,
617,0.16980469226837158,0.16980469226837158,DAD,0.024147510528564453,39488,1.5723674297332764,,,,,,,,,,
618,0.1648828089237213,0.1648828089237213,DAD,0.020076751708984375,39552,1.6095539331436157,,,,,,,,,,
619,0.1669921875,0.1669921875,DAD,0.01898813247680664,39616,1.5733613967895508,,,,,,,,,,
620,0.16101562976837158,0.16101562976837158,DAD,0.017917394638061523,39680,1.530898928642273,,,,,,,,,,
621,0.15785156190395355,0.15785156190395355,DAD,0.01776409149169922,39744,1.6124944686889648,,,,,,,,,,
622,0.16734375059604645,0.16734375059604645,DAD,0.017711162567138672,39808,1.52912175655365,,,,,,,,,,
623,0.17964844405651093,0.17964844405651093,DAD,0.01772308349609375,39872,1.581430196762085,,,,,,,,,,
624,0.16277344524860382,0.16277344524860382,DAD,0.01770639419555664,39936,1.5311696529388428,,,,,,,,,,
625,0.16101562976837158,0.16101562976837158,DAD,0.017696857452392578,40000,1.5438294410705566,0.15908203125,0.05677734375,1,-0.0,0.0078125,0.0,1,0.0,0.05677734375,0
626,0.1662890613079071,0.1662890613079071,DAD,0.017963647842407227,40064,1.6327362060546875,,,,,,,,,,
627,0.16945314407348633,0.16945314407348633,DAD,0.017747879028320312,40128,1.5283682346343994,,,,,,,,,,
628,0.16417968273162842,0.16417968273162842,DAD,0.017658472061157227,40192,1.473634958267212,,,,,,,,,,
629,0.17156250774860382,0.17156250774860382,DAD,0.017721176147460938,40256,1.5500876903533936,,,,,,,,,,
630,0.16277343034744263,0.16277343034744263,DAD,0.017670869827270508,40320,1.571519136428833,,,,,,,,,,
631,0.17613282799720764,0.17613282799720764,DAD,0.01799488067626953,40384,1.5550459623336792,,,,,,,,,,
632,0.16242188215255737,0.16242188215255737,DAD,0.0176541805267334,40448,1.6000288724899292,,,,,,,,,,
633,0.1736718714237213,0.1736718714237213,DAD,0.017651796340942383,40512,1.5915457010269165,,,,,,,,,,
634,0.16453126072883606,0.16453126072883606,DAD,0.017735719680786133,40576,1.5565121173858643,,,,,,,,,,
635,0.17191407084465027,0.17191407084465027,DAD,0.017721176147460938,40640,1.6451817750930786,,,,,,,,,,
636,0.1852734386920929,0.1852734386920929,DAD,0.017728805541992188,40704,1.5486106872558594,,,,,,,,,,
637,0.1691015660762787,0.1691015660762787,DAD,0.017657041549682617,40768,1.5335931777954102,,,,,,,,,,
638,0.16734375059604645,0.16734375059604645,DAD,0.01774311065673828,40832,1.5549368858337402,,,,,,,,,,
639,0.16734376549720764,0.16734376549720764,DAD,0.0177609920501709,40896,1.5364913940429688,,,,,,,,,,
640,0.16136719286441803,0.16136719286441803,DAD,0.017713546752929688,40960,1.4767498970031738,,,,,,,,,,
641,0.1669921875,0.1669921875,DAD,0.01770162582397461,41024,1.5381460189819336,,,,,,,,,,
642,0.1669921875,0.1669921875,DAD,0.017716646194458008,41088,1.5141820907592773,,,,,,,,,,
643,0.17050781846046448,0.17050781846046448,DAD,0.017688512802124023,41152,1.516533613204956,,,,,,,,,,
644,0.16523438692092896,0.16523438692092896,DAD,0.017641305923461914,41216,1.4895248413085938,,,,,,,,,,
645,0.16242188215255737,0.16242188215255737,DAD,0.017717599868774414,41280,1.5065982341766357,,,,,,,,,,
646,0.16347655653953552,0.16347655653953552,DAD,0.017641782760620117,41344,1.481921672821045,,,,,,,,,,
647,0.17085936665534973,0.17085936665534973,DAD,0.017645835876464844,41408,1.6029789447784424,,,,,,,,,,
648,0.17261719703674316,0.17261719703674316,DAD,0.01769876480102539,41472,1.530078649520874,,,,,,,,,,
649,0.17191407084465027,0.17191407084465027,DAD,0.017731189727783203,41536,1.5228006839752197,,,,,,,,,,
650,0.1683984398841858,0.1683984398841858,DAD,0.01772594451904297,41600,1.4552907943725586,0.15908203125,0.05677734375,1,-0.0,0.0078125,0.0,1,0.0,0.05677734375,0
651,0.1736718863248825,0.1736718863248825,DAD,0.017989158630371094,41664,1.557382583618164,,,,,,,,,,
652,0.1743750125169754,0.1743750125169754,DAD,0.017712116241455078,41728,1.529367208480835,,,,,,,,,,
653,0.16242188215255737,0.16242188215255737,DAD,0.01760554313659668,41792,1.5225412845611572,,,,,,,,,,
654,0.16277343034744263,0.16277343034744263,DAD,0.01763916015625,41856,1.5124011039733887,,,,,,,,,,
655,0.16945312917232513,0.16945312917232513,DAD,0.01770186424255371,41920,1.4018598794937134,,,,,,,,,,
656,0.1676953136920929,0.1676953136920929,DAD,0.017680883407592773,41984,1.4383275508880615,,,,,,,,,,
657,0.17894531786441803,0.17894531786441803,DAD,0.01779341697692871,42048,1.449827790260315,,,,,,,,,,
658,0.17121092975139618,0.17121092975139618,DAD,0.017741680145263672,42112,1.4017244577407837,,,,,,,,,,
659,0.1683984398841858,0.1683984398841858,DAD,0.0176546573638916,42176,1.4361934661865234,,,,,,,,,,
660,0.16312499344348907,0.16312499344348907,DAD,0.017696619033813477,42240,1.430142879486084,,,,,,,,,,
661,0.16136719286441803,0.16136719286441803,DAD,0.017628192901611328,42304,1.4673740863800049,,,,,,,,,,
662,0.16593749821186066,0.16593749821186066,DAD,0.017692089080810547,42368,1.4523695707321167,,,,,,,,,,
663,0.16593749821186066,0.16593749821186066,DAD,0.017640352249145508,42432,1.408849835395813,,,,,,,,,,
664,0.16207031905651093,0.16207031905651093,DAD,0.017667055130004883,42496,1.425683856010437,,,,,,,,,,
665,0.16980469226837158,0.16980469226837158,DAD,0.01765275001525879,42560,1.4234659671783447,,,,,,,,,,
666,0.1729687601327896,0.1729687601327896,DAD,0.017716407775878906,42624,1.4673633575439453,,,,,,,,,,
667,0.16734373569488525,0.16734373569488525,DAD,0.01766514778137207,42688,1.424183964729309,,,,,,,,,,
668,0.1743749976158142,0.1743749976158142,DAD,0.01769232749938965,42752,1.4703021049499512,,,,,,,,,,
669,0.16277344524860382,0.16277344524860382,DAD,0.01767730712890625,42816,1.4508602619171143,,,,,,,,,,
670,0.16980469226837158,0.16980469226837158,DAD,0.017663955688476562,42880,1.4121732711791992,,,,,,,,,,
671,0.16664063930511475,0.16664063930511475,DAD,0.017641782760620117,42944,1.3927545547485352,,,,,,,,,,
672,0.16945311427116394,0.16945311427116394,DAD,0.017688751220703125,43008,1.477750539779663,,,,,,,,,,
673,0.16453126072883606,0.16453126072883606,DAD,0.017758846282958984,43072,1.397709608078003,,,,,,,,,,
674,0.15433593094348907,0.15433593094348907,DAD,0.01773357391357422,43136,1.4210759401321411,,,,,,,,,,
675,0.16417968273162842,0.16417968273162842,DAD,0.017664194107055664,43200,1.4238382577896118,0.15908203125,0.05677734375,1,-0.0,0.0078125,0.0,1,0.0,0.05677734375,0
676,0.17261719703674316,0.17261719703674316,DAD,0.01793980598449707,43264,1.4945642948150635,,,,,,,,,,
677,0.17085938155651093,0.17085938155651093,DAD,0.01775813102722168,43328,1.3985072374343872,,,,,,,,,,
678,0.17121094465255737,0.17121094465255737,DAD,0.01769113540649414,43392,1.5561105012893677,,,,,,,,,,
679,0.16347657144069672,0.16347657144069672,DAD,0.0176541805267334,43456,1.5326709747314453,,,,,,,,,,
680,0.18035155534744263,0.18035155534744263,DAD,0.017664432525634766,43520,1.3764991760253906,,,,,,,,,,
681,0.16382813453674316,0.16382813453674316,DAD,0.01775646209716797,43584,1.466709017753601,,,,,,,,,,
682,0.16453126072883606,0.16453126072883606,DAD,0.017755985260009766,43648,1.4917179346084595,,,,,,,,,,
683,0.17050781846046448,0.17050781846046448,DAD,0.01771855354309082,43712,1.4752591848373413,,,,,,,,,,
684,0.1676953136920929,0.1676953136920929,DAD,0.017755985260009766,43776,1.5198664665222168,,,,,,,,,,
685,0.17332032322883606,0.17332032322883606,DAD,0.017721176147460938,43840,1.3884029388427734,,,,,,,,,,
686,0.16417968273162842,0.16417968273162842,DAD,0.017607688903808594,43904,1.4850316047668457,,,,,,,,,,
687,0.1669921875,0.1669921875,DAD,0.017706632614135742,43968,1.4408798217773438,,,,,,,,,,
688,0.16417968273162842,0.16417968273162842,DAD,0.017740488052368164,44032,1.445422649383545,,,,,,,,,,
689,0.1648828238248825,0.1648828238248825,DAD,0.017850875854492188,44096,1.4295494556427002,,,,,,,,,,
690,0.1743749976158142,0.1743749976158142,DAD,0.017745018005371094,44160,1.4317083358764648,,,,,,,,,,
691,0.1648828238248825,0.1648828238248825,DAD,0.01774287223815918,44224,1.3933262825012207,,,,,,,,,,
692,0.17015627026557922,0.17015627026557922,DAD,0.017689228057861328,44288,1.4939568042755127,,,,,,,,,,
693,0.1691015660762787,0.1691015660762787,DAD,0.01768636703491211,44352,1.5421326160430908,,,,,,,,,,
694,0.17156249284744263,0.17156249284744263,DAD,0.01768636703491211,44416,1.5709590911865234,,,,,,,,,,
695,0.16523438692092896,0.16523438692092896,DAD,0.017721176147460938,44480,1.507352352142334,,,,,,,,,,
696,0.16312500834465027,0.16312500834465027,DAD,0.017638683319091797,44544,1.4672679901123047,,,,,,,,,,
697,0.16593751311302185,0.16593751311302185,DAD,0.01767587661743164,44608,1.5404372215270996,,,,,,,,,,
698,0.17156249284744263,0.17156249284744263,DAD,0.017697811126708984,44672,1.4495822191238403,,,,,,,,,,
699,0.16593751311302185,0.16593751311302185,DAD,0.017615079879760742,44736,1.4519875049591064,,,,,,,,,,
700,0.15539062023162842,0.15539062023162842,DAD,0.01765131950378418,44800,1.5015958547592163,0.15767578125000004,0.057910156250000004,1,-0.0,0.0078125,0.0078125,1,0.00017578124999999994,0.057910156250000004,0
701,0.17191407084465027,0.17191407084465027,DAD,0.01793956756591797,44864,1.4817160367965698,,,,,,,,,,
702,0.1676953136920929,0.1676953136920929,DAD,0.017754554748535156,44928,1.439103603363037,,,,,,,,,,
703,0.16277343034744263,0.16277343034744263,DAD,0.017711877822875977,44992,1.443911075592041,,,,,,,,,,
704,0.16804689168930054,0.16804689168930054,DAD,0.017685651779174805,45056,1.466719627380371,,,,,,,,,,
705,0.15996094048023224,0.15996094048023224,DAD,0.017700672149658203,45120,1.466881513595581,,,,,,,,,,
706,0.16382811963558197,0.16382811963558197,DAD,0.017698287963867188,45184,1.4457135200500488,,,,,,,,,,
707,0.16804686188697815,0.16804686188697815,DAD,0.017641305923461914,45248,1.5142582654953003,,,,,,,,,,
708,0.1655859500169754,0.1655859500169754,DAD,0.01766657829284668,45312,1.494087815284729,,,,,,,,,,
709,0.17050781846046448,0.17050781846046448,DAD,0.01772594451904297,45376,1.4483327865600586,,,,,,,,,,
710,0.16382813453674316,0.16382813453674316,DAD,0.017653465270996094,45440,1.4755874872207642,,,,,,,,,,
711,0.17859375476837158,0.17859375476837158,DAD,0.017750978469848633,45504,1.447476863861084,,,,,,,,,,
712,0.1662890613079071,0.1662890613079071,DAD,0.017696142196655273,45568,1.44399094581604,,,,,,,,,,
713,0.1691015511751175,0.1691015511751175,DAD,0.01765155792236328,45632,1.4696006774902344,,,,,,,,,,
714,0.1736718714237213,0.1736718714237213,DAD,0.017755985260009766,45696,1.5143234729766846,,,,,,,,,,
715,0.17085936665534973,0.17085936665534973,DAD,0.017698049545288086,45760,1.4928669929504395,,,,,,,,,,
716,0.1669921875,0.1669921875,DAD,0.017706632614135742,45824,1.4392532110214233,,,,,,,,,,
717,0.1676953136920929,0.1676953136920929,DAD,0.01766681671142578,45888,1.439854383468628,,,,,,,,,,
718,0.17121094465255737,0.17121094465255737,DAD,0.017702341079711914,45952,1.461007833480835,,,,,,,,,,
719,0.16066406667232513,0.16066406667232513,DAD,0.01773238182067871,46016,1.4602748155593872,,,,,,,,,,
720,0.16066405177116394,0.16066405177116394,DAD,0.01773214340209961,46080,1.5254179239273071,,,,,,,,,,
721,0.17156249284744263,0.17156249284744263,DAD,0.017766952514648438,46144,1.4569730758666992,,,,,,,,,,
722,0.17156250774860382,0.17156250774860382,DAD,0.017712831497192383,46208,1.4785330295562744,,,,,,,,,,
723,0.15855470299720764,0.15855470299720764,DAD,0.017713546752929688,46272,1.4339600801467896,,,,,,,,,,
724,0.15996094048023224,0.15996094048023224,DAD,0.01769423484802246,46336,1.4577646255493164,,,,,,,,,,
725,0.16101562976837158,0.16101562976837158,DAD,0.017721891403198242,46400,1.4357800483703613,0.15908203125,0.05677734375,1,-0.0,0.0078125,0.0,1,0.0,0.05677734375,0
726,0.16066406667232513,0.16066406667232513,DAD,0.01794886589050293,46464,1.4584929943084717,,,,,,,,,,
727,0.16207030415534973,0.16207030415534973,DAD,0.01768779754638672,46528,1.4806655645370483,,,,,,,,,,
728,0.16277343034744263,0.16277343034744263,DAD,0.01763772964477539,46592,1.4393213987350464,,,,,,,,,,
729,0.15785156190395355,0.15785156190395355,DAD,0.017681360244750977,46656,1.4670246839523315,,,,,,,,,,
730,0.16136719286441803,0.16136719286441803,DAD,0.017700910568237305,46720,1.4485117197036743,,,,,,,,,,
731,0.16804687678813934,0.16804687678813934,DAD,0.017670869827270508,46784,1.4762678146362305,,,,,,,,,,
732,0.16804686188697815,0.16804686188697815,DAD,0.017677783966064453,46848,1.5054481029510498,,,,,,,,,,
733,0.16277344524860382,0.16277344524860382,DAD,0.017716646194458008,46912,1.4872534275054932,,,,,,,,,,
734,0.1655859351158142,0.1655859351158142,DAD,0.01771831512451172,46976,1.470890998840332,,,,,,,,,,
735,0.15644530951976776,0.15644530951976776,DAD,0.017652511596679688,47040,1.4752936363220215,,,,,,,,,,
736,0.17015625536441803,0.17015625536441803,DAD,0.01775956153869629,47104,1.4800444841384888,,,,,,,,,,
737,0.17050781846046448,0.17050781846046448,DAD,0.017684459686279297,47168,1.5267671346664429,,,,,,,,,,
738,0.1655859500169754,0.1655859500169754,DAD,0.017771244049072266,47232,1.5268305540084839,,,,,,,,,,
739,0.16593751311302185,0.16593751311302185,DAD,0.0176699161529541,47296,1.4820603132247925,,,,,,,,,,
740,0.1567968726158142,0.1567968726158142,DAD,0.017685651779174805,47360,1.5035637617111206,,,,,,,,,,
741,0.16453124582767487,0.16453124582767487,DAD,0.01772451400756836,47424,1.4839293956756592,,,,,,,,,,
742,0.1589062511920929,0.1589062511920929,DAD,0.01771259307861328,47488,1.47968327999115,,,,,,,,,,
743,0.17156250774860382,0.17156250774860382,DAD,0.017643213272094727,47552,1.4755423069000244,,,,,,,,,,
744,0.17015625536441803,0.17015625536441803,DAD,0.017653942108154297,47616,1.4790217876434326,,,,,,,,,,
745,0.16136717796325684,0.1664453148841858,DAD,0.017649173736572266,47680,1.4713168144226074,,,,,,,,,,
746,0.17191405594348907,0.17191405594348907,DAD,0.017635822296142578,47744,1.4722803831100464,,,,,,,,,,
747,0.1676953136920929,0.1676953136920929,DAD,0.017693758010864258,47808,1.4910778999328613,,,,,,,,,,
748,0.1669921875,0.1669921875,DAD,0.017737388610839844,47872,1.4967120885849,,,,,,,,,,
749,0.16664062440395355,0.16664062440395355,DAD,0.01774430274963379,47936,1.4741592407226562,,,,,,,,,,
750,0.1691015660762787,0.1691015660762787,DAD,0.017646312713623047,48000,1.4739186763763428,0.15767578125000004,0.057910156250000004,1,-0.0,0.0078125,0.0078125,1,0.00017578124999999994,0.057910156250000004,0
751,0.17085939645767212,0.17085939645767212,DAD,0.017969131469726562,48064,1.4750134944915771,,,,,,,,,,
752,0.16980469226837158,0.16980469226837158,DAD,0.017741680145263672,48128,1.504532814025879,,,,,,,,,,
753,0.17050780355930328,0.17050780355930328,DAD,0.017686843872070312,48192,1.4760000705718994,,,,,,,,,,
754,0.1655859351158142,0.1655859351158142,DAD,0.017701148986816406,48256,1.5063841342926025,,,,,,,,,,
755,0.17015625536441803,0.17015625536441803,DAD,0.017705202102661133,48320,1.5016486644744873,,,,,,,,,,
756,0.16171875596046448,0.16171875596046448,DAD,0.017735719680786133,48384,1.4987318515777588,,,,,,,,,,
757,0.16312500834465027,0.16312500834465027,DAD,0.01762700080871582,48448,1.4981175661087036,,,,,,,,,,
758,0.1641796976327896,0.1641796976327896,DAD,0.017687320709228516,48512,1.5042121410369873,,,,,,,,,,
759,0.16734376549720764,0.16734376549720764,DAD,0.017736434936523438,48576,1.4791793823242188,,,,,,,,,,
760,0.16277343034744263,0.16277343034744263,DAD,0.017678260803222656,48640,1.471143126487732,,,,,,,,,,
761,0.16593751311302185,0.16593751311302185,DAD,0.01764202117919922,48704,1.4707571268081665,,,,,,,,,,
762,0.16874998807907104,0.16874998807907104,DAD,0.017704486846923828,48768,1.4682846069335938,,,,,,,,,,
763,0.16945312917232513,0.16945312917232513,DAD,0.017670631408691406,48832,1.4668775796890259,,,,,,,,,,
764,0.17542968690395355,0.17542968690395355,DAD,0.017708778381347656,48896,1.4865435361862183,,,,,,,,,,
765,0.17085938155651093,0.17085938155651093,DAD,0.01767563819885254,48960,1.4961695671081543,,,,,,,,,,
766,0.16945312917232513,0.16945312917232513,DAD,0.017707109451293945,49024,1.4624295234680176,,,,,,,,,,
767,0.17156249284744263,0.17156249284744263,DAD,0.017704010009765625,49088,1.5127251148223877,,,,,,,,,,
768,0.16593751311302185,0.16593751311302185,DAD,0.017692089080810547,49152,1.522854208946228,,,,,,,,,,
769,0.1736718714237213,0.1736718714237213,DAD,0.017664670944213867,49216,1.4565515518188477,,,,,,,,,,
770,0.16312500834465027,0.16312500834465027,DAD,0.01768636703491211,49280,1.4739463329315186,,,,,,,,,,
771,0.1641796976327896,0.1641796976327896,DAD,0.01772451400756836,49344,1.5082793235778809,,,,,,,,,,
772,0.1641796976327896,0.1641796976327896,DAD,0.017713069915771484,49408,1.4789073467254639,,,,,,,,,,
773,0.15785156190395355,0.15785156190395355,DAD,0.017760276794433594,49472,1.45339834690094,,,,,,,,,,
774,0.16980469226837158,0.16980469226837158,DAD,0.0177609920501709,49536,1.4751367568969727,,,,,,,,,,
775,0.1691015660762787,0.1691015660762787,DAD,0.01770925521850586,49600,1.458026647567749,0.15908203125,0.05677734375,1,-0.0,0.0078125,0.0,1,0.0,0.05677734375,0
776,0.17050780355930328,0.17050780355930328,DAD,0.018018007278442383,49664,1.456960916519165,,,,,,,,,,
777,0.1574999988079071,0.1574999988079071,DAD,0.017646312713623047,49728,1.4751129150390625,,,,,,,,,,
778,0.1648828089237213,0.1648828089237213,DAD,0.017767667770385742,49792,1.442979335784912,,,,,,,,,,
779,0.16136719286441803,0.16136719286441803,DAD,0.01770782470703125,49856,1.4472153186798096,,,,,,,,,,
780,0.17015625536441803,0.17015625536441803,DAD,0.01765155792236328,49920,1.4487836360931396,,,,,,,,,,
781,0.16453126072883606,0.16453126072883606,DAD,0.017689228057861328,49984,1.4742926359176636,,,,,,,,,,
782,0.15644532442092896,0.15644532442092896,DAD,0.01771998405456543,50048,1.4692857265472412,,,,,,,,,,
783,0.16593751311302185,0.16593751311302185,DAD,0.01766800880432129,50112,1.4618360996246338,,,,,,,,,,
784,0.1743749976158142,0.1743749976158142,DAD,0.017794132232666016,50176,1.4370124340057373,,,,,,,,,,
785,0.16945312917232513,0.16945312917232513,DAD,0.017713308334350586,50240,1.4168716669082642,,,,,,,,,,
786,0.1655859351158142,0.1655859351158142,DAD,0.017744064331054688,50304,1.3996847867965698,,,,,,,,,,
787,0.1676953136920929,0.1676953136920929,DAD,0.017653942108154297,50368,1.4160642623901367,,,,,,,,,,
788,0.16980469226837158,0.16980469226837158,DAD,0.017670154571533203,50432,1.4038478136062622,,,,,,,,,,
789,0.16417968273162842,0.16417968273162842,DAD,0.01774287223815918,50496,1.4070582389831543,,,,,,,,,,
790,0.16242188215255737,0.16242188215255737,DAD,0.01767110824584961,50560,1.4199039936065674,,,,,,,,,,
791,0.17085938155651093,0.17085938155651093,DAD,0.017690181732177734,50624,1.4339913129806519,,,,,,,,,,
792,0.17964845895767212,0.17964845895767212,DAD,0.017725706100463867,50688,1.4221175909042358,,,,,,,,,,
793,0.16593749821186066,0.16593749821186066,DAD,0.017673492431640625,50752,1.3967101573944092,,,,,,,,,,
794,0.16664062440395355,0.16664062440395355,DAD,0.017687082290649414,50816,1.4917452335357666,,,,,,,,,,
795,0.1691015660762787,0.1691015660762787,DAD,0.017719745635986328,50880,1.4842352867126465,,,,,,,,,,
796,0.1750781238079071,0.1750781238079071,DAD,0.017740249633789062,50944,1.435379981994629,,,,,,,,,,
797,0.1676953136920929,0.1676953136920929,DAD,0.017603635787963867,51008,1.4240024089813232,,,,,,,,,,
798,0.16980469226837158,0.16980469226837158,DAD,0.017686843872070312,51072,1.510349988937378,,,,,,,,,,
799,0.15574219822883606,0.15574219822883606,DAD,0.017678499221801758,51136,1.4472835063934326,,,,,,,,,,
800,0.16874998807907104,0.16874998807907104,DAD,0.017659902572631836,51200,1.4740846157073975,0.15908203125,0.05677734375,1,-0.0,0.0078125,0.0,1,0.0,0.05677734375,0
801,0.16804689168930054,0.16804689168930054,DAD,0.01792597770690918,51264,1.511542558670044,,,,,,,,,,
802,0.16347657144069672,0.16347657144069672,DAD,0.017720699310302734,51328,1.592679738998413,,,,,,,,,,
803,0.1648828089237213,0.1648828089237213,DAD,0.017687320709228516,51392,1.584831714630127,,,,,,,,,,
804,0.15996094048023224,0.15996094048023224,DAD,0.017665863037109375,51456,1.4578944444656372,,,,,,,,,,
805,0.17121094465255737,0.17121094465255737,DAD,0.017682552337646484,51520,1.4157565832138062,,,,,,,,,,
806,0.1574999988079071,0.1574999988079071,DAD,0.017728090286254883,51584,1.414301872253418,,,,,,,,,,
807,0.16804686188697815,0.16804686188697815,DAD,0.01768946647644043,51648,1.415209174156189,,,,,,,,,,
808,0.16593749821186066,0.16593749821186066,DAD,0.017705440521240234,51712,1.3833556175231934,,,,,,,,,,
809,0.16945312917232513,0.16945312917232513,DAD,0.017699241638183594,51776,1.3475065231323242,,,,,,,,,,
810,0.16593749821186066,0.16593749821186066,DAD,0.017737388610839844,51840,1.4155807495117188,,,,,,,,,,
811,0.1648828238248825,0.1648828238248825,DAD,0.01771855354309082,51904,1.356827974319458,,,,,,,,,,
812,0.1655859351158142,0.1655859351158142,DAD,0.017697811126708984,51968,1.379748821258545,,,,,,,,,,
813,0.16980469226837158,0.16980469226837158,DAD,0.017650604248046875,52032,1.3909555673599243,,,,,,,,,,
814,0.16242188215255737,0.16242188215255737,DAD,0.017679691314697266,52096,1.347090482711792,,,,,,,,,,
815,0.16417968273162842,0.16417968273162842,DAD,0.017687320709228516,52160,1.32442045211792,,,,,,,,,,
816,0.16453126072883606,0.16453126072883606,DAD,0.017734527587890625,52224,1.3456158638000488,,,,,,,,,,
817,0.1669921875,0.1669921875,DAD,0.017690420150756836,52288,1.3441352844238281,,,,,,,,,,
818,0.17085938155651093,0.17085938155651093,DAD,0.017741680145263672,52352,1.3218917846679688,,,,,,,,,,
819,0.16664062440395355,0.16664062440395355,DAD,0.01767897605895996,52416,1.3677704334259033,,,,,,,,,,
820,0.1669921875,0.1669921875,DAD,0.017748355865478516,52480,1.3451999425888062,,,,,,,,,,
821,0.16453126072883606,0.16453126072883606,DAD,0.017719268798828125,52544,1.3688732385635376,,,,,,,,,,
822,0.16417968273162842,0.16417968273162842,DAD,0.017742633819580078,52608,1.3706586360931396,,,,,,,,,,
823,0.1729687601327896,0.1729687601327896,DAD,0.017705917358398438,52672,1.3280224800109863,,,,,,,,,,
824,0.1648828089237213,0.1648828089237213,DAD,0.017740726470947266,52736,1.3515167236328125,,,,,,,,,,
825,0.16382813453674316,0.16382813453674316,DAD,0.017665386199951172,52800,1.3294346332550049,0.15767578125000004,0.057910156250000004,1,-0.0,0.0078125,0.0078125,1,0.00017578124999999994,0.057910156250000004,0
826,0.16382813453674316,0.16382813453674316,DAD,0.017991304397583008,52864,1.3260185718536377,,,,,,,,,,
827,0.1691015660762787,0.1691015660762787,DAD,0.017656564712524414,52928,1.3679263591766357,,,,,,,,,,
828,0.158203125,0.158203125,DAD,0.017745256423950195,52992,1.3619576692581177,,,,,,,,,,
829,0.17156250774860382,0.17156250774860382,DAD,0.01772451400756836,53056,1.3415238857269287,,,,,,,,,,
830,0.1662890613079071,0.1662890613079071,DAD,0.01772904396057129,53120,1.3829741477966309,,,,,,,,,,
831,0.16207030415534973,0.16207030415534973,DAD,0.017699003219604492,53184,1.3385417461395264,,,,,,,,,,
832,0.17121094465255737,0.17121094465255737,DAD,0.017710447311401367,53248,1.3162972927093506,,,,,,,,,,
833,0.16312500834465027,0.16312500834465027,DAD,0.017662763595581055,53312,1.338320016860962,,,,,,,,,,
834,0.15714843571186066,0.15714843571186066,DAD,0.01775836944580078,53376,1.360595464706421,,,,,,,,,,
835,0.1648828089237213,0.1648828089237213,DAD,0.01770472526550293,53440,1.314450979232788,,,,,,,,,,
836,0.17296874523162842,0.17296874523162842,DAD,0.01768016815185547,53504,1.3369832038879395,,,,,,,,,,
837,0.16664062440395355,0.16664062440395355,DAD,0.017728090286254883,53568,1.3594942092895508,,,,,,,,,,
838,0.1655859351158142,0.1655859351158142,DAD,0.01774120330810547,53632,1.3815703392028809,,,,,,,,,,
839,0.1655859351158142,0.1655859351158142,DAD,0.01765155792236328,53696,1.3822914361953735,,,,,,,,,,
840,0.1641796976327896,0.1641796976327896,DAD,0.01764369010925293,53760,1.3506336212158203,,,,,,,,,,
841,0.1501171886920929,0.1501171886920929,DAD,0.017666339874267578,53824,1.3678877353668213,,,,,,,,,,
842,0.1648828089237213,0.1648828089237213,DAD,0.017683744430541992,53888,1.2985470294952393,,,,,,,,,,
843,0.17332030832767487,0.17332030832767487,DAD,0.01766371726989746,53952,1.3142117261886597,,,,,,,,,,
844,0.16312499344348907,0.16312499344348907,DAD,0.01766061782836914,54016,1.2877559661865234,,,,,,,,,,
845,0.17402344942092896,0.17402344942092896,DAD,0.017693519592285156,54080,1.283787727355957,,,,,,,,,,
846,0.16804689168930054,0.16804689168930054,DAD,0.017769336700439453,54144,1.323439359664917,,,,,,,,,,
847,0.16347655653953552,0.16347655653953552,DAD,0.017680883407592773,54208,1.347682237625122,,,,,,,,,,
848,0.1669921875,0.1669921875,DAD,0.01766514778137207,54272,1.3226780891418457,,,,,,,,,,
849,0.17472656071186066,0.17472656071186066,DAD,0.01775503158569336,54336,1.303009033203125,,,,,,,,,,
850,0.16066406667232513,0.16066406667232513,DAD,0.017707109451293945,54400,1.2786346673965454,0.15767578125000004,0.057910156250000004,1,-0.0,0.0078125,0.0078125,1,0.00017578124999999994,0.057910156250000004,0
851,0.16664063930511475,0.16664063930511475,DAD,0.017895221710205078,54464,1.2781682014465332,,,,,,,,,,
852,0.16734376549720764,0.16734376549720764,DAD,0.01764202117919922,54528,1.2995963096618652,,,,,,,,,,
853,0.1669921875,0.1669921875,DAD,0.017663240432739258,54592,1.3032097816467285,,,,,,,,,,
854,0.1596093773841858,0.1596093773841858,DAD,0.01764988899230957,54656,1.2849777936935425,,,,,,,,,,
855,0.15503905713558197,0.15503905713558197,DAD,0.017660856246948242,54720,1.3976024389266968,,,,,,,,,,
856,0.1691015660762787,0.1691015660762787,DAD,0.017711639404296875,54784,1.3589057922363281,,,,,,,,,,
857,0.16980469226837158,0.16980469226837158,DAD,0.017675399780273438,54848,1.2982509136199951,,,,,,,,,,
858,0.17542970180511475,0.17542970180511475,DAD,0.01772785186767578,54912,1.3051040172576904,,,,,,,,,,
859,0.1662890613079071,0.1662890613079071,DAD,0.017699718475341797,54976,1.3132268190383911,,,,,,,,,,
860,0.1669921875,0.1669921875,DAD,0.017633676528930664,55040,1.321653962135315,,,,,,,,,,
861,0.16453124582767487,0.16453124582767487,DAD,0.017709970474243164,55104,1.3306243419647217,,,,,,,,,,
862,0.16312499344348907,0.16312499344348907,DAD,0.018614768981933594,55168,1.4061309099197388,,,,,,,,,,
863,0.16734375059604645,0.16734375059604645,DAD,0.01771402359008789,55232,1.3478257656097412,,,,,,,,,,
864,0.17050781846046448,0.17050781846046448,DAD,0.017722129821777344,55296,1.3568205833435059,,,,,,,,,,
865,0.16312500834465027,0.16312500834465027,DAD,0.017687082290649414,55360,1.365354061126709,,,,,,,,,,
866,0.17121094465255737,0.17121094465255737,DAD,0.017693519592285156,55424,1.3929529190063477,,,,,,,,,,
867,0.16066406667232513,0.16066406667232513,DAD,0.01767563819885254,55488,1.378084659576416,,,,,,,,,,
868,0.1691015660762787,0.1691015660762787,DAD,0.01770305633544922,55552,1.3831554651260376,,,,,,,,,,
869,0.15468749403953552,0.15468749403953552,DAD,0.017744779586791992,55616,1.3883112668991089,,,,,,,,,,
870,0.1641796976327896,0.1641796976327896,DAD,0.017711400985717773,55680,1.392939567565918,,,,,,,,,,
871,0.17472657561302185,0.17472657561302185,DAD,0.017678499221801758,55744,1.443140983581543,,,,,,,,,,
872,0.16804687678813934,0.16804687678813934,DAD,0.017668962478637695,55808,1.3999018669128418,,,,,,,,,,
873,0.1736718863248825,0.1736718863248825,DAD,0.017697572708129883,55872,1.4030884504318237,,,,,,,,,,
874,0.1669921875,0.1669921875,DAD,0.01773357391357422,55936,1.4075024127960205,,,,,,,,,,
875,0.1676953136920929,0.1676953136920929,DAD,0.017707109451293945,56000,1.4311414957046509,0.15978515625000003,0.057480468750000006,1,-0.0,0.0078125,0.0,1,0.0,0.057480468750000006,0
876,0.17121094465255737,0.17121094465255737,DAD,0.017902135848999023,56064,1.4095921516418457,,,,,,,,,,
877,0.16593749821186066,0.16593749821186066,DAD,0.017786741256713867,56128,1.4108762741088867,,,,,,,,,,
878,0.16945311427116394,0.16945311427116394,DAD,0.01764845848083496,56192,1.4109740257263184,,,,,,,,,,
879,0.1683984398841858,0.1683984398841858,DAD,0.0176694393157959,56256,1.4080452919006348,,,,,,,,,,
880,0.16804689168930054,0.16804689168930054,DAD,0.017696380615234375,56320,1.4271371364593506,,,,,,,,,,
881,0.16664062440395355,0.16664062440395355,DAD,0.017646312713623047,56384,1.3994241952896118,,,,,,,,,,
882,0.16347657144069672,0.16347657144069672,DAD,0.0176389217376709,56448,1.3938319683074951,,,,,,,,,,
883,0.16593749821186066,0.16593749821186066,DAD,0.01767730712890625,56512,1.3898913860321045,,,,,,,,,,
884,0.17472657561302185,0.17472657561302185,DAD,0.017699003219604492,56576,1.386303424835205,,,,,,,,,,
885,0.1736718714237213,0.1736718714237213,DAD,0.017666101455688477,56640,1.4067304134368896,,,,,,,,,,
886,0.16804687678813934,0.16804687678813934,DAD,0.01770305633544922,56704,1.4038277864456177,,,,,,,,,,
887,0.1648828089237213,0.1648828089237213,DAD,0.01770329475402832,56768,1.4236712455749512,,,,,,,,,,
888,0.1596093773841858,0.1596093773841858,DAD,0.017792701721191406,56832,1.3778443336486816,,,,,,,,,,
889,0.16382813453674316,0.16382813453674316,DAD,0.017705917358398438,56896,1.3759472370147705,,,,,,,,,,
890,0.1691015660762787,0.1691015660762787,DAD,0.017607688903808594,56960,1.373988389968872,,,,,,,,,,
891,0.1655859351158142,0.1655859351158142,DAD,0.0177462100982666,57024,1.3948725461959839,,,,,,,,,,
892,0.1669921875,0.1669921875,DAD,0.017740964889526367,57088,1.371285080909729,,,,,,,,,,
893,0.16523437201976776,0.16523437201976776,DAD,0.0176849365234375,57152,1.3695728778839111,,,,,,,,,,
894,0.17050781846046448,0.17050781846046448,DAD,0.01774120330810547,57216,1.3661384582519531,,,,,,,,,,
895,0.16593751311302185,0.16593751311302185,DAD,0.017693042755126953,57280,1.3839912414550781,,,,,,,,,,
896,0.16945312917232513,0.16945312917232513,DAD,0.01768970489501953,57344,1.3804763555526733,,,,,,,,,,
897,0.16136719286441803,0.16136719286441803,DAD,0.017762184143066406,57408,1.3540321588516235,,,,,,,,,,
898,0.16277343034744263,0.16277343034744263,DAD,0.01769733428955078,57472,1.3920973539352417,,,,,,,,,,
899,0.16171875596046448,0.16171875596046448,DAD,0.017690658569335938,57536,1.3634471893310547,,,,,,,,,,
900,0.16664063930511475,0.16664063930511475,DAD,0.017653942108154297,57600,1.3347759246826172,0.15978515625000003,0.057480468750000006,1,-0.0,0.0078125,0.0,1,0.0,0.057480468750000006,0
901,0.17332029342651367,0.17332029342651367,DAD,0.017908811569213867,57664,1.329217553138733,,,,,,,,,,
902,0.16980469226837158,0.16980469226837158,DAD,0.01768946647644043,57728,1.3219369649887085,,,,,,,,,,
903,0.17859375476837158,0.17859375476837158,DAD,0.017704248428344727,57792,1.3815572261810303,,,,,,,,,,
904,0.1648828089237213,0.1648828089237213,DAD,0.017698049545288086,57856,1.3134713172912598,,,,,,,,,,
905,0.16207030415534973,0.16207030415534973,DAD,0.017729759216308594,57920,1.3086559772491455,,,,,,,,,,
906,0.17121094465255737,0.17121094465255737,DAD,0.017973661422729492,57984,1.3058092594146729,,,,,,,,,,
907,0.16593749821186066,0.16593749821186066,DAD,0.017983198165893555,58048,1.3039400577545166,,,,,,,,,,
908,0.16945312917232513,0.1745312511920929,DAD,0.017895936965942383,58112,1.325471043586731,,,,,,,,,,
909,0.16136717796325684,0.16136717796325684,DAD,0.017961502075195312,58176,1.3030891418457031,,,,,,,,,,
910,0.1771874874830246,0.1771874874830246,DAD,0.017868518829345703,58240,1.344968557357788,,,,,,,,,,
911,0.17296874523162842,0.17296874523162842,DAD,0.017991065979003906,58304,1.3239060640335083,,,,,,,,,,
912,0.16347657144069672,0.16347657144069672,DAD,0.017889738082885742,58368,1.31868314743042,,,,,,,,,,
913,0.16523438692092896,0.16523438692092896,DAD,0.0180051326751709,58432,1.2944495677947998,,,,,,,,,,
914,0.16664062440395355,0.16664062440395355,DAD,0.017886638641357422,58496,1.3610553741455078,,,,,,,,,,
915,0.1655859351158142,0.1655859351158142,DAD,0.017926931381225586,58560,1.3135392665863037,,,,,,,,,,
916,0.17015624046325684,0.17015624046325684,DAD,0.017966032028198242,58624,1.3160332441329956,,,,,,,,,,
917,0.1560937464237213,0.1560937464237213,DAD,0.01790332794189453,58688,1.336846947669983,,,,,,,,,,
918,0.16171875596046448,0.16171875596046448,DAD,0.017961740493774414,58752,1.3373264074325562,,,,,,,,,,
919,0.1662890613079071,0.1662890613079071,DAD,0.018015384674072266,58816,1.3152520656585693,,,,,,,,,,
920,0.16593749821186066,0.16593749821186066,DAD,0.017849206924438477,58880,1.3141331672668457,,,,,,,,,,
921,0.1589062511920929,0.1589062511920929,DAD,0.018035173416137695,58944,1.3115055561065674,,,,,,,,,,
922,0.17683593928813934,0.17683593928813934,DAD,0.017920970916748047,59008,1.3079707622528076,,,,,,,,,,
923,0.1655859500169754,0.1655859500169754,DAD,0.018016338348388672,59072,1.3039088249206543,,,,,,,,,,
924,0.17050781846046448,0.17050781846046448,DAD,0.017890453338623047,59136,1.2771891355514526,,,,,,,,,,
925,0.1683984398841858,0.1683984398841858,DAD,0.017987489700317383,59200,1.2729945182800293,0.15767578125000004,0.057910156250000004,1,-0.0,0.0078125,0.0078125,1,0.00017578124999999994,0.057910156250000004,0
926,0.1596093773841858,0.1596093773841858,DAD,0.018263816833496094,59264,1.2899740934371948,,,,,,,,,,
927,0.1648828089237213,0.1648828089237213,DAD,0.017983436584472656,59328,1.3288705348968506,,,,,,,,,,
928,0.1683984398841858,0.1683984398841858,DAD,0.018151044845581055,59392,1.279881477355957,,,,,,,,,,
929,0.17015624046325684,0.17015624046325684,DAD,0.021443843841552734,59456,1.2996666431427002,,,,,,,,,,
930,0.15539062023162842,0.15539062023162842,DAD,0.019393205642700195,59520,1.2734134197235107,,,,,,,,,,
931,0.18035155534744263,0.18035155534744263,DAD,0.020792484283447266,59584,1.2921909093856812,,,,,,,,,,
932,0.1676953136920929,0.1676953136920929,DAD,0.020196914672851562,59648,1.3150684833526611,,,,,,,,,,
933,0.16171875596046448,0.16171875596046448,DAD,0.02006077766418457,59712,1.3311562538146973,,,,,,,,,,
934,0.17964844405651093,0.17964844405651093,DAD,0.019994735717773438,59776,1.2820765972137451,,,,,,,,,,
935,0.17156249284744263,0.17156249284744263,DAD,0.020145893096923828,59840,1.3282616138458252,,,,,,,,,,
936,0.17121094465255737,0.17121094465255737,DAD,0.018086910247802734,59904,1.281516671180725,,,,,,,,,,
937,0.17296874523162842,0.17296874523162842,DAD,0.017963171005249023,59968,1.2779672145843506,,,,,,,,,,
938,0.16207030415534973,0.16207030415534973,DAD,0.0180056095123291,60032,1.296156644821167,,,,,,,,,,
939,0.17085938155651093,0.17085938155651093,DAD,0.018002748489379883,60096,1.3351833820343018,,,,,,,,,,
940,0.1589062511920929,0.1589062511920929,DAD,0.017992258071899414,60160,1.2923357486724854,,,,,,,,,,
941,0.1771875023841858,0.1771875023841858,DAD,0.01793837547302246,60224,1.2472277879714966,,,,,,,,,,
942,0.16312500834465027,0.16312500834465027,DAD,0.017993450164794922,60288,1.2282748222351074,,,,,,,,,,
943,0.15996092557907104,0.15996092557907104,DAD,0.017970800399780273,60352,1.3180623054504395,,,,,,,,,,
944,0.1743749976158142,0.1743749976158142,DAD,0.018516063690185547,60416,1.2541606426239014,,,,,,,,,,
945,0.17753906548023224,0.17753906548023224,DAD,0.021080493927001953,60480,1.2739689350128174,,,,,,,,,,
946,0.16312500834465027,0.16312500834465027,DAD,0.018026351928710938,60544,1.2959527969360352,,,,,,,,,,
947,0.1669921875,0.1669921875,DAD,0.018122434616088867,60608,1.2318930625915527,,,,,,,,,,
948,0.16734376549720764,0.16734376549720764,DAD,0.02029275894165039,60672,1.2531516551971436,,,,,,,,,,
949,0.16382813453674316,0.16382813453674316,DAD,0.018500804901123047,60736,1.2802915573120117,,,,,,,,,,
950,0.16804686188697815,0.16804686188697815,DAD,0.019449234008789062,60800,1.3423433303833008,0.15802734375,0.05572265625,1,-0.0,0.0078125,0.0,1,0.0,0.05572265625,0
951,0.16980469226837158,0.16980469226837158,DAD,0.0183560848236084,60864,1.3642290830612183,,,,,,,,,,
952,0.16382813453674316,0.16382813453674316,DAD,0.01982879638671875,60928,1.3847867250442505,,,,,,,,,,
953,0.16312500834465027,0.16312500834465027,DAD,0.0219576358795166,60992,1.3997249603271484,,,,,,,,,,
954,0.16875000298023224,0.16875000298023224,DAD,0.01807856559753418,61056,1.3077313899993896,,,,,,,,,,
955,0.17824219167232513,0.17824219167232513,DAD,0.019916296005249023,61120,1.326758861541748,,,,,,,,,,
956,0.16312500834465027,0.16312500834465027,DAD,0.017985820770263672,61184,1.3743054866790771,,,,,,,,,,
957,0.16945311427116394,0.16945311427116394,DAD,0.018945932388305664,61248,1.391804575920105,,,,,,,,,,
958,0.17578125,0.17578125,DAD,0.018939733505249023,61312,1.3917064666748047,,,,,,,,,,
959,0.1691015660762787,0.1691015660762787,DAD,0.01988816261291504,61376,1.5559138059616089,,,,,,,,,,
960,0.17191407084465027,0.17191407084465027,DAD,0.01804661750793457,61440,1.3118268251419067,,,,,,,,,,
961,0.16734375059604645,0.16734375059604645,DAD,0.022252798080444336,61504,1.4918147325515747,,,,,,,,,,
962,0.17613281309604645,0.17613281309604645,DAD,0.02282428741455078,61568,1.3388872146606445,,,,,,,,,,
963,0.17472657561302185,0.17472657561302185,DAD,0.01993703842163086,61632,1.3179197311401367,,,,,,,,,,
964,0.15433594584465027,0.15433594584465027,DAD,0.02181720733642578,61696,1.3474054336547852,,,,,,,,,,
965,0.16136717796325684,0.16136717796325684,DAD,0.01876235008239746,61760,1.4455599784851074,,,,,,,,,,
966,0.1676953136920929,0.1676953136920929,DAD,0.019070148468017578,61824,1.3708784580230713,,,,,,,,,,
967,0.16207030415534973,0.1671484410762787,DAD,0.018967866897583008,61888,1.3948171138763428,,,,,,,,,,
968,0.1603125035762787,0.1603125035762787,DAD,0.01975250244140625,61952,1.4015748500823975,,,,,,,,,,
969,0.17085938155651093,0.17085938155651093,DAD,0.019945859909057617,62016,1.375003695487976,,,,,,,,,,
970,0.17121094465255737,0.17121094465255737,DAD,0.01997828483581543,62080,1.4259647130966187,,,,,,,,,,
971,0.1655859351158142,0.1655859351158142,DAD,0.019955873489379883,62144,1.429193377494812,,,,,,,,,,
972,0.16312500834465027,0.16312500834465027,DAD,0.018094301223754883,62208,1.391568660736084,,,,,,,,,,
973,0.16523437201976776,0.16523437201976776,DAD,0.02161383628845215,62272,1.3922901153564453,,,,,,,,,,
974,0.1691015660762787,0.1691015660762787,DAD,0.022986173629760742,62336,1.326781988143921,,,,,,,,,,
975,0.158203125,0.158203125,DAD,0.02013254165649414,62400,1.3795032501220703,0.15767578125000004,0.057910156250000004,1,-0.0,0.0078125,0.0078125,1,0.00017578124999999994,0.057910156250000004,0
976,0.16242188215255737,0.16242188215255737,DAD,0.019835710525512695,62464,1.3369945287704468,,,,,,,,,,
977,0.16066406667232513,0.16066406667232513,DAD,0.021397829055786133,62528,1.386239767074585,,,,,,,,,,
978,0.1778906285762787,0.1778906285762787,DAD,0.025593042373657227,62592,1.4313938617706299,,,,,,,,,,
979,0.17542968690395355,0.17542968690395355,DAD,0.021564722061157227,62656,1.2763957977294922,,,,,,,,,,
980,0.1641796976327896,0.1641796976327896,DAD,0.020984649658203125,62720,1.2992894649505615,,,,,,,,,,
981,0.16171875596046448,0.16171875596046448,DAD,0.02949690818786621,62784,1.2789453268051147,,,,,,,,,,
982,0.17578125,0.17578125,DAD,0.024681568145751953,62848,1.3049156665802002,,,,,,,,,,
983,0.16523438692092896,0.16523438692092896,DAD,0.023639678955078125,62912,1.3049808740615845,,,,,,,,,,
984,0.16277343034744263,0.16277343034744263,DAD,0.020963430404663086,62976,1.2825405597686768,,,,,,,,,,
985,0.1648828089237213,0.1648828089237213,DAD,0.01833176612854004,63040,1.3295845985412598,,,,,,,,,,
986,0.16804686188697815,0.16804686188697815,DAD,0.018169164657592773,63104,1.3753232955932617,,,,,,,,,,
987,0.17050781846046448,0.17050781846046448,DAD,0.020539283752441406,63168,1.3347835540771484,,,,,,,,,,
988,0.17683593928813934,0.17683593928813934,DAD,0.01865839958190918,63232,1.3381459712982178,,,,,,,,,,
989,0.1662890613079071,0.1662890613079071,DAD,0.018253326416015625,63296,1.3660955429077148,,,,,,,,,,
990,0.16523437201976776,0.16523437201976776,DAD,0.01811361312866211,63360,1.3225295543670654,,,,,,,,,,
991,0.17226563394069672,0.17226563394069672,DAD,0.018322229385375977,63424,1.3243777751922607,,,,,,,,,,
992,0.17824219167232513,0.17824219167232513,DAD,0.021253347396850586,63488,1.3023884296417236,,,,,,,,,,
993,0.16523438692092896,0.16523438692092896,DAD,0.020049333572387695,63552,1.3275396823883057,,,,,,,,,,
994,0.16453126072883606,0.16453126072883606,DAD,0.018032312393188477,63616,1.3329291343688965,,,,,,,,,,
995,0.16874998807907104,0.16874998807907104,DAD,0.01981949806213379,63680,1.3124032020568848,,,,,,,,,,
996,0.16382813453674316,0.16382813453674316,DAD,0.022271394729614258,63744,1.3630757331848145,,,,,,,,,,
997,0.16945312917232513,0.16945312917232513,DAD,0.02276921272277832,63808,1.346053957939148,,,,,,,,,,
998,0.17015625536441803,0.17015625536441803,DAD,0.020100831985473633,63872,1.4006268978118896,,,,,,,,,,
999,0.16453126072883606,0.16453126072883606,DAD,0.021544694900512695,63936,1.3341772556304932,,,,,,,,,,
1000,0.16347655653953552,0.16347655653953552,DAD,0.02115654945373535,64000,1.3361890316009521,0.15767578125000004,0.057910156250000004,1,-0.0,0.0078125,0.0078125,1,0.00017578124999999994,0.057910156250000004,0
