update,mean_train_u_ctrl,mean_train_control_cost,method,update_seconds,trajectories_sampled,policy_entropy,validation_mean_u_ctrl,validation_mean_mocu,validation_n_unique_sequences,validation_sequence_entropy,validation_unique_frac,validation_under_control_rate,validation_valid,validation_mean_shortfall,validation_checkpoint_score,validation_meets_unique_floor
1,0.22828124463558197,0.22828124463558197,DAD,0.24256157875061035,64,3.3595340251922607,,,,,,,,,,
2,0.22453126311302185,0.22453126311302185,DAD,0.024242877960205078,128,3.3596887588500977,,,,,,,,,,
3,0.23906250298023224,0.23906250298023224,DAD,0.02216339111328125,192,3.3596134185791016,,,,,,,,,,
4,0.22359374165534973,0.22359374165534973,DAD,0.0245363712310791,256,3.3590750694274902,,,,,,,,,,
5,0.22875000536441803,0.22875000536441803,DAD,0.03189420700073242,320,3.3587212562561035,,,,,,,,,,
6,0.22734375298023224,0.22734375298023224,DAD,0.023806095123291016,384,3.357527732849121,,,,,,,,,,
7,0.23203124105930328,0.23203124105930328,DAD,0.018202543258666992,448,3.356184720993042,,,,,,,,,,
8,0.21421875059604645,0.21421875059604645,DAD,0.01797318458557129,512,3.354654312133789,,,,,,,,,,
9,0.23203125596046448,0.23203125596046448,DAD,0.017984390258789062,576,3.3535056114196777,,,,,,,,,,
10,0.22078125178813934,0.2317187488079071,DAD,0.018063068389892578,640,3.3519370555877686,,,,,,,,,,
11,0.23343750834465027,0.24437499046325684,DAD,0.018032550811767578,704,3.3497369289398193,,,,,,,,,,
12,0.22359374165534973,0.22359374165534973,DAD,0.018313169479370117,768,3.3480937480926514,,,,,,,,,,
13,0.2278124988079071,0.2278124988079071,DAD,0.017964839935302734,832,3.3455846309661865,,,,,,,,,,
14,0.2240625023841858,0.2240625023841858,DAD,0.01821279525756836,896,3.342844009399414,,,,,,,,,,
15,0.22593751549720764,0.22593751549720764,DAD,0.017931699752807617,960,3.3396708965301514,,,,,,,,,,
16,0.2423437386751175,0.2423437386751175,DAD,0.018157958984375,1024,3.337270498275757,,,,,,,,,,
17,0.2212499976158142,0.2212499976158142,DAD,0.01828145980834961,1088,3.3338184356689453,,,,,,,,,,
18,0.2240625023841858,0.24437499046325684,DAD,0.018126726150512695,1152,3.3296477794647217,,,,,,,,,,
19,0.21984374523162842,0.21984374523162842,DAD,0.01787853240966797,1216,3.325706958770752,,,,,,,,,,
20,0.22265625,0.22265625,DAD,0.01784515380859375,1280,3.3214011192321777,,,,,,,,,,
21,0.21796876192092896,0.21796876192092896,DAD,0.01805853843688965,1344,3.317232608795166,,,,,,,,,,
22,0.21375000476837158,0.21375000476837158,DAD,0.0179140567779541,1408,3.310880184173584,,,,,,,,,,
23,0.2264062464237213,0.2264062464237213,DAD,0.020265579223632812,1472,3.3065125942230225,,,,,,,,,,
24,0.21328124403953552,0.21328124403953552,DAD,0.018135547637939453,1536,3.300147533416748,,,,,,,,,,
25,0.22031249105930328,0.22031249105930328,DAD,0.0181577205657959,1600,3.293604612350464,0.20249999999999999,0.08625000000000002,1,-0.0,0.0078125,0.0,1,0.0,0.08625000000000002,0
26,0.20765626430511475,0.20765626430511475,DAD,0.018320560455322266,1664,3.285665512084961,,,,,,,,,,
27,0.22359375655651093,0.22359375655651093,DAD,0.01831197738647461,1728,3.2787160873413086,,,,,,,,,,
28,0.22218748927116394,0.22218748927116394,DAD,0.018399953842163086,1792,3.2704081535339355,,,,,,,,,,
29,0.20015624165534973,0.20015624165534973,DAD,0.01821303367614746,1856,3.262542247772217,,,,,,,,,,
30,0.21937499940395355,0.21937499940395355,DAD,0.01818537712097168,1920,3.2562952041625977,,,,,,,,,,
31,0.2043749988079071,0.2043749988079071,DAD,0.018131732940673828,1984,3.24430513381958,,,,,,,,,,
32,0.21046873927116394,0.21046873927116394,DAD,0.01786017417907715,2048,3.2344937324523926,,,,,,,,,,
33,0.21187499165534973,0.21187499165534973,DAD,0.01815509796142578,2112,3.222834348678589,,,,,,,,,,
34,0.21984374523162842,0.21984374523162842,DAD,0.018057584762573242,2176,3.213662624359131,,,,,,,,,,
35,0.21187499165534973,0.21187499165534973,DAD,0.017942190170288086,2240,3.2031054496765137,,,,,,,,,,
36,0.20109374821186066,0.20109374821186066,DAD,0.01813340187072754,2304,3.18825101852417,,,,,,,,,,
37,0.20812499523162842,0.20812499523162842,DAD,0.01830267906188965,2368,3.176112651824951,,,,,,,,,,
38,0.20671874284744263,0.20671874284744263,DAD,0.018219709396362305,2432,3.166247844696045,,,,,,,,,,
39,0.21328124403953552,0.21328124403953552,DAD,0.019188642501831055,2496,3.1575427055358887,,,,,,,,,,
40,0.18656249344348907,0.18656249344348907,DAD,0.01943230628967285,2560,3.142021656036377,,,,,,,,,,
41,0.20624999701976776,0.20624999701976776,DAD,0.01834416389465332,2624,3.13082218170166,,,,,,,,,,
42,0.2071875035762787,0.2071875035762787,DAD,0.01806020736694336,2688,3.11212420463562,,,,,,,,,,
43,0.22265625,0.22265625,DAD,0.01799631118774414,2752,3.0921268463134766,,,,,,,,,,
44,0.20109376311302185,0.20109376311302185,DAD,0.01797175407409668,2816,3.0754966735839844,,,,,,,,,,
45,0.2123437523841858,0.2123437523841858,DAD,0.018172025680541992,2880,3.057478904724121,,,,,,,,,,
46,0.19593749940395355,0.19593749940395355,DAD,0.01781487464904785,2944,3.050081968307495,,,,,,,,,,
47,0.19874998927116394,0.19874998927116394,DAD,0.01858806610107422,3008,3.0284066200256348,,,,,,,,,,
48,0.21843749284744263,0.21843749284744263,DAD,0.018259048461914062,3072,3.0098304748535156,,,,,,,,,,
49,0.2071875035762787,0.2071875035762787,DAD,0.017971277236938477,3136,2.990251302719116,,,,,,,,,,
50,0.1912499964237213,0.1912499964237213,DAD,0.01824331283569336,3200,2.978820562362671,0.191953125,0.07570312500000001,1,-0.0,0.0078125,0.0,1,0.0,0.07570312500000001,0
51,0.19593751430511475,0.19593751430511475,DAD,0.01971292495727539,3264,2.9500274658203125,,,,,,,,,,
52,0.2123437523841858,0.2123437523841858,DAD,0.01791691780090332,3328,2.941211700439453,,,,,,,,,,
53,0.18984375894069672,0.18984375894069672,DAD,0.0182645320892334,3392,2.921858549118042,,,,,,,,,,
54,0.19828125834465027,0.19828125834465027,DAD,0.018039703369140625,3456,2.8910045623779297,,,,,,,,,,
55,0.19828124344348907,0.19828124344348907,DAD,0.018169403076171875,3520,2.8766536712646484,,,,,,,,,,
56,0.20250001549720764,0.20250001549720764,DAD,0.01827859878540039,3584,2.874145030975342,,,,,,,,,,
57,0.20484375953674316,0.20484375953674316,DAD,0.01826167106628418,3648,2.855408191680908,,,,,,,,,,
58,0.19359375536441803,0.19359375536441803,DAD,0.018236160278320312,3712,2.834078550338745,,,,,,,,,,
59,0.18515625596046448,0.18515625596046448,DAD,0.018121004104614258,3776,2.812539577484131,,,,,,,,,,
60,0.20390626788139343,0.20390626788139343,DAD,0.017976045608520508,3840,2.7853477001190186,,,,,,,,,,
61,0.19078125059604645,0.19078125059604645,DAD,0.018009424209594727,3904,2.7799429893493652,,,,,,,,,,
62,0.19640624523162842,0.19640624523162842,DAD,0.01812434196472168,3968,2.762009620666504,,,,,,,,,,
63,0.17015625536441803,0.17015625536441803,DAD,0.01806950569152832,4032,2.7417807579040527,,,,,,,,,,
64,0.1926562488079071,0.1926562488079071,DAD,0.018059253692626953,4096,2.7268636226654053,,,,,,,,,,
65,0.18984374403953552,0.18984374403953552,DAD,0.018223285675048828,4160,2.7071619033813477,,,,,,,,,,
66,0.20624999701976776,0.20624999701976776,DAD,0.019106388092041016,4224,2.6985011100769043,,,,,,,,,,
67,0.20343750715255737,0.20343750715255737,DAD,0.018131494522094727,4288,2.6940174102783203,,,,,,,,,,
68,0.18937499821186066,0.18937499821186066,DAD,0.018373727798461914,4352,2.6799850463867188,,,,,,,,,,
69,0.19359375536441803,0.19359375536441803,DAD,0.019412755966186523,4416,2.649718999862671,,,,,,,,,,
70,0.18281251192092896,0.18281251192092896,DAD,0.019662857055664062,4480,2.618248701095581,,,,,,,,,,
71,0.19687500596046448,0.19687500596046448,DAD,0.017946243286132812,4544,2.6018617153167725,,,,,,,,,,
72,0.18328124284744263,0.18328124284744263,DAD,0.01811361312866211,4608,2.581475019454956,,,,,,,,,,
73,0.1926562488079071,0.1926562488079071,DAD,0.0181121826171875,4672,2.5812339782714844,,,,,,,,,,
74,0.20671875774860382,0.20671875774860382,DAD,0.018076419830322266,4736,2.558535575866699,,,,,,,,,,
75,0.18000000715255737,0.18000000715255737,DAD,0.018653392791748047,4800,2.55698561668396,0.19242187500000002,0.076171875,2,0.6530577442776866,0.015625,0.0,1,0.0,0.076171875,0
76,0.1875,0.1875,DAD,0.018712997436523438,4864,2.567289352416992,,,,,,,,,,
77,0.17999999225139618,0.17999999225139618,DAD,0.018068313598632812,4928,2.5552353858947754,,,,,,,,,,
78,0.18703126907348633,0.18703126907348633,DAD,0.018228530883789062,4992,2.556525468826294,,,,,,,,,,
79,0.19687500596046448,0.21718749403953552,DAD,0.017925500869750977,5056,2.562406539916992,,,,,,,,,,
80,0.18984375894069672,0.18984375894069672,DAD,0.018004894256591797,5120,2.5480287075042725,,,,,,,,,,
81,0.18656250834465027,0.18656250834465027,DAD,0.018021106719970703,5184,2.5323805809020996,,,,,,,,,,
82,0.19171875715255737,0.19171875715255737,DAD,0.018143892288208008,5248,2.5051047801971436,,,,,,,,,,
83,0.19359375536441803,0.19359375536441803,DAD,0.018236160278320312,5312,2.503451347351074,,,,,,,,,,
84,0.2029687464237213,0.2029687464237213,DAD,0.018273591995239258,5376,2.493105888366699,,,,,,,,,,
85,0.19453126192092896,0.19453126192092896,DAD,0.01926136016845703,5440,2.485048770904541,,,,,,,,,,
86,0.18328124284744263,0.18328124284744263,DAD,0.019495487213134766,5504,2.495155096054077,,,,,,,,,,
87,0.18843749165534973,0.18843749165534973,DAD,0.01798558235168457,5568,2.4455270767211914,,,,,,,,,,
88,0.19968751072883606,0.19968751072883606,DAD,0.01831507682800293,5632,2.4290902614593506,,,,,,,,,,
89,0.1978124976158142,0.1978124976158142,DAD,0.024207353591918945,5696,2.3843705654144287,,,,,,,,,,
90,0.19031250476837158,0.19031250476837158,DAD,0.034957170486450195,5760,2.370297431945801,,,,,,,,,,
91,0.17531251907348633,0.17531251907348633,DAD,0.039057016372680664,5824,2.358707904815674,,,,,,,,,,
92,0.18562498688697815,0.18562498688697815,DAD,0.020917654037475586,5888,2.3114049434661865,,,,,,,,,,
93,0.19968749582767487,0.19968749582767487,DAD,0.017972946166992188,5952,2.283390522003174,,,,,,,,,,
94,0.19171875715255737,0.19171875715255737,DAD,0.018141746520996094,6016,2.2739500999450684,,,,,,,,,,
95,0.19359374046325684,0.19359374046325684,DAD,0.018278837203979492,6080,2.2115731239318848,,,,,,,,,,
96,0.18140625953674316,0.18140625953674316,DAD,0.01800847053527832,6144,2.222896099090576,,,,,,,,,,
97,0.19312500953674316,0.19312500953674316,DAD,0.01802372932434082,6208,2.2371468544006348,,,,,,,,,,
98,0.1926562488079071,0.1926562488079071,DAD,0.018026351928710938,6272,2.2010879516601562,,,,,,,,,,
99,0.18468749523162842,0.18468749523162842,DAD,0.018875837326049805,6336,2.183274507522583,,,,,,,,,,
100,0.17812499403953552,0.17812499403953552,DAD,0.018323183059692383,6400,2.164440631866455,0.1846875,0.0715625,1,-0.0,0.0078125,0.0078125,1,0.000234375,0.0715625,0
101,0.1771875023841858,0.1771875023841858,DAD,0.018381357192993164,6464,2.1617000102996826,,,,,,,,,,
102,0.1978124976158142,0.1978124976158142,DAD,0.01820683479309082,6528,2.146789789199829,,,,,,,,,,
103,0.18328124284744263,0.18328124284744263,DAD,0.020348548889160156,6592,2.1387784481048584,,,,,,,,,,
104,0.19218751788139343,0.19218751788139343,DAD,0.018379688262939453,6656,2.1625795364379883,,,,,,,,,,
105,0.19593749940395355,0.19593749940395355,DAD,0.01922321319580078,6720,2.147010326385498,,,,,,,,,,
106,0.19359374046325684,0.19359374046325684,DAD,0.018321990966796875,6784,2.146155595779419,,,,,,,,,,
107,0.19359375536441803,0.19359375536441803,DAD,0.018052339553833008,6848,2.1284024715423584,,,,,,,,,,
108,0.17765623331069946,0.17765623331069946,DAD,0.018476247787475586,6912,2.114142656326294,,,,,,,,,,
109,0.1743749976158142,0.1743749976158142,DAD,0.018129825592041016,6976,2.077944278717041,,,,,,,,,,
110,0.17671877145767212,0.17671877145767212,DAD,0.018275022506713867,7040,2.0782978534698486,,,,,,,,,,
111,0.18187500536441803,0.18187500536441803,DAD,0.01794600486755371,7104,2.055311918258667,,,,,,,,,,
112,0.17906250059604645,0.17906250059604645,DAD,0.0180971622467041,7168,2.0528531074523926,,,,,,,,,,
113,0.1809374988079071,0.1809374988079071,DAD,0.018097877502441406,7232,2.0166587829589844,,,,,,,,,,
114,0.1912499964237213,0.1912499964237213,DAD,0.018269062042236328,7296,2.0412070751190186,,,,,,,,,,
115,0.19171875715255737,0.19171875715255737,DAD,0.018038034439086914,7360,2.0685935020446777,,,,,,,,,,
116,0.18703125417232513,0.18703125417232513,DAD,0.0182342529296875,7424,2.0830838680267334,,,,,,,,,,
117,0.18468749523162842,0.18468749523162842,DAD,0.018108844757080078,7488,2.054941415786743,,,,,,,,,,
118,0.1978124976158142,0.1978124976158142,DAD,0.01846456527709961,7552,2.061642646789551,,,,,,,,,,
119,0.17531250417232513,0.17531250417232513,DAD,0.01803112030029297,7616,2.0689613819122314,,,,,,,,,,
120,0.1846875101327896,0.1846875101327896,DAD,0.018075227737426758,7680,2.0551645755767822,,,,,,,,,,
121,0.18984374403953552,0.18984374403953552,DAD,0.018259763717651367,7744,2.0626111030578613,,,,,,,,,,
122,0.2071875035762787,0.2071875035762787,DAD,0.017976760864257812,7808,2.0623128414154053,,,,,,,,,,
123,0.18937501311302185,0.18937501311302185,DAD,0.018198490142822266,7872,2.081291675567627,,,,,,,,,,
124,0.1837500035762787,0.1837500035762787,DAD,0.020520925521850586,7936,2.0720372200012207,,,,,,,,,,
125,0.17249999940395355,0.17249999940395355,DAD,0.018111228942871094,8000,2.051051139831543,0.1846875,0.0715625,1,-0.0,0.0078125,0.0078125,1,0.000234375,0.0715625,0
126,0.18046875298023224,0.18671876192092896,DAD,0.01822066307067871,8064,2.0545849800109863,,,,,,,,,,
127,0.1954687535762787,0.1954687535762787,DAD,0.018856525421142578,8128,2.0491273403167725,,,,,,,,,,
128,0.1837500035762787,0.1837500035762787,DAD,0.018140316009521484,8192,2.031496286392212,,,,,,,,,,
129,0.17906248569488525,0.17906248569488525,DAD,0.018355131149291992,8256,2.0064077377319336,,,,,,,,,,
130,0.19031250476837158,0.19031250476837158,DAD,0.018140554428100586,8320,1.996483325958252,,,,,,,,,,
131,0.18984375894069672,0.18984375894069672,DAD,0.01815652847290039,8384,1.9824284315109253,,,,,,,,,,
132,0.2006250023841858,0.2006250023841858,DAD,0.017963647842407227,8448,1.9765312671661377,,,,,,,,,,
133,0.18281251192092896,0.18281251192092896,DAD,0.018131494522094727,8512,1.958319067955017,,,,,,,,,,
134,0.1771875023841858,0.1771875023841858,DAD,0.017960548400878906,8576,1.931144118309021,,,,,,,,,,
135,0.18703126907348633,0.18703126907348633,DAD,0.018462181091308594,8640,1.9230320453643799,,,,,,,,,,
136,0.1823437511920929,0.1823437511920929,DAD,0.018513917922973633,8704,1.9116284847259521,,,,,,,,,,
137,0.19171875715255737,0.19171875715255737,DAD,0.01819634437561035,8768,1.9161772727966309,,,,,,,,,,
138,0.1875,0.1875,DAD,0.017855167388916016,8832,1.9057321548461914,,,,,,,,,,
139,0.18421874940395355,0.18421874940395355,DAD,0.018141984939575195,8896,1.9059393405914307,,,,,,,,,,
140,0.18703123927116394,0.18703123927116394,DAD,0.017853736877441406,8960,1.8759748935699463,,,,,,,,,,
141,0.17015624046325684,0.17015624046325684,DAD,0.018193721771240234,9024,1.9004878997802734,,,,,,,,,,
142,0.19218750298023224,0.19218750298023224,DAD,0.01811671257019043,9088,1.8766098022460938,,,,,,,,,,
143,0.17343750596046448,0.17343750596046448,DAD,0.018045902252197266,9152,1.9025404453277588,,,,,,,,,,
144,0.17249999940395355,0.17249999940395355,DAD,0.018404245376586914,9216,1.890756368637085,,,,,,,,,,
145,0.16312500834465027,0.16312500834465027,DAD,0.017979860305786133,9280,1.8878333568572998,,,,,,,,,,
146,0.18281251192092896,0.18281251192092896,DAD,0.020477294921875,9344,1.8773969411849976,,,,,,,,,,
147,0.19078125059604645,0.19078125059604645,DAD,0.018772602081298828,9408,1.8713105916976929,,,,,,,,,,
148,0.17671875655651093,0.17671875655651093,DAD,0.018030643463134766,9472,1.8702998161315918,,,,,,,,,,
149,0.18046873807907104,0.18046873807907104,DAD,0.018380165100097656,9536,1.8671663999557495,,,,,,,,,,
150,0.17625001072883606,0.17625001072883606,DAD,0.018045425415039062,9600,1.8510560989379883,0.1846875,0.0715625,1,-0.0,0.0078125,0.0078125,1,0.000234375,0.0715625,0
151,0.16171875596046448,0.16171875596046448,DAD,0.018259763717651367,9664,1.8361839056015015,,,,,,,,,,
152,0.1860937476158142,0.1860937476158142,DAD,0.018161535263061523,9728,1.8413732051849365,,,,,,,,,,
153,0.1954687535762787,0.1954687535762787,DAD,0.018079042434692383,9792,1.8468111753463745,,,,,,,,,,
154,0.1912499964237213,0.1912499964237213,DAD,0.018096923828125,9856,1.8536690473556519,,,,,,,,,,
155,0.18796874582767487,0.18796874582767487,DAD,0.017928361892700195,9920,1.8393752574920654,,,,,,,,,,
156,0.17250001430511475,0.17250001430511475,DAD,0.01827549934387207,9984,1.8337647914886475,,,,,,,,,,
157,0.18187499046325684,0.18187499046325684,DAD,0.018000125885009766,10048,1.8252395391464233,,,,,,,,,,
158,0.17859375476837158,0.17859375476837158,DAD,0.017975568771362305,10112,1.8140876293182373,,,,,,,,,,
159,0.1823437511920929,0.1823437511920929,DAD,0.018052101135253906,10176,1.8366016149520874,,,,,,,,,,
160,0.18656250834465027,0.18656250834465027,DAD,0.018222332000732422,10240,1.8294761180877686,,,,,,,,,,
161,0.18796876072883606,0.18796876072883606,DAD,0.018392324447631836,10304,1.825581431388855,,,,,,,,,,
162,0.18656250834465027,0.18656250834465027,DAD,0.01823592185974121,10368,1.806470274925232,,,,,,,,,,
163,0.1889062374830246,0.1889062374830246,DAD,0.01824498176574707,10432,1.8041834831237793,,,,,,,,,,
164,0.1978124976158142,0.1978124976158142,DAD,0.01829361915588379,10496,1.8064574003219604,,,,,,,,,,
165,0.1706250011920929,0.1706250011920929,DAD,0.018139362335205078,10560,1.7814404964447021,,,,,,,,,,
166,0.19218750298023224,0.19218750298023224,DAD,0.018083810806274414,10624,1.770456314086914,,,,,,,,,,
167,0.1940625011920929,0.1940625011920929,DAD,0.018459081649780273,10688,1.7655357122421265,,,,,,,,,,
168,0.18703125417232513,0.18703125417232513,DAD,0.018219709396362305,10752,1.7468452453613281,,,,,,,,,,
169,0.19031250476837158,0.19031250476837158,DAD,0.01831650733947754,10816,1.7421320676803589,,,,,,,,,,
170,0.16828124225139618,0.16828124225139618,DAD,0.018367767333984375,10880,1.716534972190857,,,,,,,,,,
171,0.20109374821186066,0.20109374821186066,DAD,0.017995357513427734,10944,1.7048275470733643,,,,,,,,,,
172,0.1875,0.1875,DAD,0.020617008209228516,11008,1.6927518844604492,,,,,,,,,,
173,0.17249999940395355,0.17249999940395355,DAD,0.019414186477661133,11072,1.6892530918121338,,,,,,,,,,
174,0.17156250774860382,0.17156250774860382,DAD,0.018228530883789062,11136,1.683945655822754,,,,,,,,,,
175,0.17624999582767487,0.17624999582767487,DAD,0.01827216148376465,11200,1.6786855459213257,0.1846875,0.0715625,1,-0.0,0.0078125,0.0078125,1,0.000234375,0.0715625,0
176,0.19500000774860382,0.19500000774860382,DAD,0.018458127975463867,11264,1.615143060684204,,,,,,,,,,
177,0.1912499964237213,0.1912499964237213,DAD,0.018320798873901367,11328,1.625643014907837,,,,,,,,,,
178,0.1743749976158142,0.1743749976158142,DAD,0.01798272132873535,11392,1.6415871381759644,,,,,,,,,,
179,0.1860937476158142,0.1860937476158142,DAD,0.017986297607421875,11456,1.6282408237457275,,,,,,,,,,
180,0.17906250059604645,0.17906250059604645,DAD,0.01820540428161621,11520,1.6122992038726807,,,,,,,,,,
181,0.20203125476837158,0.20203125476837158,DAD,0.018151044845581055,11584,1.5975158214569092,,,,,,,,,,
182,0.1823437511920929,0.1823437511920929,DAD,0.01808333396911621,11648,1.6176871061325073,,,,,,,,,,
183,0.20203125476837158,0.20203125476837158,DAD,0.018118858337402344,11712,1.5989570617675781,,,,,,,,,,
184,0.19031250476837158,0.19031250476837158,DAD,0.018199443817138672,11776,1.6474961042404175,,,,,,,,,,
185,0.18937499821186066,0.18937499821186066,DAD,0.018204689025878906,11840,1.5968048572540283,,,,,,,,,,
186,0.17109376192092896,0.17109376192092896,DAD,0.018156766891479492,11904,1.6237056255340576,,,,,,,,,,
187,0.19359374046325684,0.19359374046325684,DAD,0.0180208683013916,11968,1.6198667287826538,,,,,,,,,,
188,0.1823437511920929,0.1823437511920929,DAD,0.018227100372314453,12032,1.5844510793685913,,,,,,,,,,
189,0.17671874165534973,0.17671874165534973,DAD,0.02050304412841797,12096,1.608227252960205,,,,,,,,,,
190,0.19593751430511475,0.19593751430511475,DAD,0.01805424690246582,12160,1.6037534475326538,,,,,,,,,,
191,0.1771875023841858,0.1771875023841858,DAD,0.0180051326751709,12224,1.6111974716186523,,,,,,,,,,
192,0.17765624821186066,0.17765624821186066,DAD,0.018252134323120117,12288,1.6458771228790283,,,,,,,,,,
193,0.18046875298023224,0.18046875298023224,DAD,0.018417835235595703,12352,1.6304978132247925,,,,,,,,,,
194,0.17906251549720764,0.17906251549720764,DAD,0.018312692642211914,12416,1.6639741659164429,,,,,,,,,,
195,0.18046873807907104,0.18046873807907104,DAD,0.018402099609375,12480,1.64859139919281,,,,,,,,,,
196,0.17906250059604645,0.17906250059604645,DAD,0.01824188232421875,12544,1.6639378070831299,,,,,,,,,,
197,0.16968750953674316,0.16968750953674316,DAD,0.018088817596435547,12608,1.6797608137130737,,,,,,,,,,
198,0.18515625596046448,0.18515625596046448,DAD,0.01814579963684082,12672,1.704960584640503,,,,,,,,,,
199,0.17343750596046448,0.17343750596046448,DAD,0.01816701889038086,12736,1.7014387845993042,,,,,,,,,,
200,0.16734373569488525,0.16734373569488525,DAD,0.018393993377685547,12800,1.7133500576019287,0.18492187499999996,0.07179687500000001,2,0.6530577442776866,0.015625,0.0078125,1,0.000234375,0.07179687500000001,0
201,0.17812500894069672,0.17812500894069672,DAD,0.018312454223632812,12864,1.7603867053985596,,,,,,,,,,
202,0.17390625178813934,0.17390625178813934,DAD,0.017977476119995117,12928,1.7558331489562988,,,,,,,,,,
203,0.17390625178813934,0.17390625178813934,DAD,0.01797795295715332,12992,1.7645061016082764,,,,,,,,,,
204,0.1912499964237213,0.1912499964237213,DAD,0.017963647842407227,13056,1.7918238639831543,,,,,,,,,,
205,0.19078125059604645,0.19078125059604645,DAD,0.01811695098876953,13120,1.7892930507659912,,,,,,,,,,
206,0.1692187488079071,0.1692187488079071,DAD,0.018041610717773438,13184,1.7635266780853271,,,,,,,,,,
207,0.18468749523162842,0.18468749523162842,DAD,0.0180208683013916,13248,1.7793264389038086,,,,,,,,,,
208,0.20203125476837158,0.20203125476837158,DAD,0.017934322357177734,13312,1.7868947982788086,,,,,,,,,,
209,0.17249999940395355,0.17249999940395355,DAD,0.01814436912536621,13376,1.7961119413375854,,,,,,,,,,
210,0.19453126192092896,0.19453126192092896,DAD,0.023050546646118164,13440,1.822678804397583,,,,,,,,,,
211,0.17671874165534973,0.17671874165534973,DAD,0.020628690719604492,13504,1.809618353843689,,,,,,,,,,
212,0.17625001072883606,0.17625001072883606,DAD,0.021981477737426758,13568,1.8064756393432617,,,,,,,,,,
213,0.1720312535762787,0.1720312535762787,DAD,0.020032644271850586,13632,1.7978487014770508,,,,,,,,,,
214,0.15421876311302185,0.15421876311302185,DAD,0.018585205078125,13696,1.797983169555664,,,,,,,,,,
215,0.18140624463558197,0.18140624463558197,DAD,0.022359609603881836,13760,1.793965220451355,,,,,,,,,,
216,0.1889062523841858,0.1889062523841858,DAD,0.018511056900024414,13824,1.822413444519043,,,,,,,,,,
217,0.17625001072883606,0.17625001072883606,DAD,0.018093109130859375,13888,1.814016580581665,,,,,,,,,,
218,0.17906251549720764,0.17906251549720764,DAD,0.01790642738342285,13952,1.8188880681991577,,,,,,,,,,
219,0.18140625953674316,0.18140625953674316,DAD,0.017963171005249023,14016,1.8406691551208496,,,,,,,,,,
220,0.16593751311302185,0.16593751311302185,DAD,0.01797938346862793,14080,1.8236103057861328,,,,,,,,,,
221,0.16968749463558197,0.16968749463558197,DAD,0.01816701889038086,14144,1.8224272727966309,,,,,,,,,,
222,0.17109376192092896,0.17109376192092896,DAD,0.01840519905090332,14208,1.8433607816696167,,,,,,,,,,
223,0.17812500894069672,0.17812500894069672,DAD,0.017882823944091797,14272,1.9131488800048828,,,,,,,,,,
224,0.17249999940395355,0.17249999940395355,DAD,0.017991304397583008,14336,1.9038337469100952,,,,,,,,,,
225,0.18468749523162842,0.18468749523162842,DAD,0.0180816650390625,14400,1.910597562789917,0.1846875,0.0715625,3,0.5240060270457755,0.0234375,0.0078125,1,0.000234375,0.0715625,0
226,0.19171875715255737,0.19171875715255737,DAD,0.01831507682800293,14464,1.903593897819519,,,,,,,,,,
227,0.18843749165534973,0.18843749165534973,DAD,0.018288135528564453,14528,1.842130422592163,,,,,,,,,,
228,0.2020312398672104,0.2020312398672104,DAD,0.018307209014892578,14592,1.911607027053833,,,,,,,,,,
229,0.18515625596046448,0.18515625596046448,DAD,0.01825261116027832,14656,1.8541816473007202,,,,,,,,,,
230,0.1860937476158142,0.1860937476158142,DAD,0.01790332794189453,14720,1.8579213619232178,,,,,,,,,,
231,0.18187499046325684,0.18187499046325684,DAD,0.018023014068603516,14784,1.8411673307418823,,,,,,,,,,
232,0.19218750298023224,0.19218750298023224,DAD,0.018254995346069336,14848,1.8033113479614258,,,,,,,,,,
233,0.16640624403953552,0.16640624403953552,DAD,0.018166303634643555,14912,1.8036165237426758,,,,,,,,,,
234,0.18281249701976776,0.18281249701976776,DAD,0.018260717391967773,14976,1.77859628200531,,,,,,,,,,
235,0.16312500834465027,0.16312500834465027,DAD,0.01820516586303711,15040,1.75327730178833,,,,,,,,,,
236,0.1771875023841858,0.1771875023841858,DAD,0.018023967742919922,15104,1.7687771320343018,,,,,,,,,,
237,0.18984374403953552,0.18984374403953552,DAD,0.01818680763244629,15168,1.7536637783050537,,,,,,,,,,
238,0.18984374403953552,0.18984374403953552,DAD,0.01832294464111328,15232,1.7351062297821045,,,,,,,,,,
239,0.17812499403953552,0.17812499403953552,DAD,0.01835036277770996,15296,1.7252416610717773,,,,,,,,,,
240,0.19078126549720764,0.19078126549720764,DAD,0.01819467544555664,15360,1.7527873516082764,,,,,,,,,,
241,0.18140625953674316,0.18140625953674316,DAD,0.01794576644897461,15424,1.7665443420410156,,,,,,,,,,
242,0.1940625011920929,0.20499999821186066,DAD,0.019240379333496094,15488,1.750666618347168,,,,,,,,,,
243,0.1771875023841858,0.1771875023841858,DAD,0.01940178871154785,15552,1.728063941001892,,,,,,,,,,
244,0.18046875298023224,0.18046875298023224,DAD,0.018366098403930664,15616,1.7030177116394043,,,,,,,,,,
245,0.1795312464237213,0.1795312464237213,DAD,0.018082380294799805,15680,1.7447260618209839,,,,,,,,,,
246,0.18187500536441803,0.18187500536441803,DAD,0.01824665069580078,15744,1.7506756782531738,,,,,,,,,,
247,0.17156249284744263,0.17156249284744263,DAD,0.018380165100097656,15808,1.725982666015625,,,,,,,,,,
248,0.18140625953674316,0.18140625953674316,DAD,0.018189668655395508,15872,1.7342264652252197,,,,,,,,,,
249,0.1692187488079071,0.1692187488079071,DAD,0.01808023452758789,15936,1.7337101697921753,,,,,,,,,,
250,0.19218748807907104,0.19218748807907104,DAD,0.01801443099975586,16000,1.7688491344451904,0.18632812499999998,0.07320312500000001,3,1.0021583126904703,0.0234375,0.0078125,1,0.000234375,0.07320312500000001,0
251,0.18937501311302185,0.18937501311302185,DAD,0.018315553665161133,16064,1.7926945686340332,,,,,,,,,,
252,0.17578125,0.17578125,DAD,0.018119096755981445,16128,1.8003427982330322,,,,,,,,,,
253,0.18140624463558197,0.18140624463558197,DAD,0.01807689666748047,16192,1.7872990369796753,,,,,,,,,,
254,0.1771875023841858,0.1771875023841858,DAD,0.018103837966918945,16256,1.805741786956787,,,,,,,,,,
255,0.1823437511920929,0.1823437511920929,DAD,0.018320798873901367,16320,1.7990748882293701,,,,,,,,,,
256,0.17859375476837158,0.17859375476837158,DAD,0.018194198608398438,16384,1.8384079933166504,,,,,,,,,,
257,0.1771875023841858,0.1771875023841858,DAD,0.018210411071777344,16448,1.8525652885437012,,,,,,,,,,
258,0.1795312464237213,0.1795312464237213,DAD,0.0181429386138916,16512,1.8451247215270996,,,,,,,,,,
259,0.17625001072883606,0.17625001072883606,DAD,0.01835322380065918,16576,1.9039263725280762,,,,,,,,,,
260,0.1678124964237213,0.1678124964237213,DAD,0.018084287643432617,16640,1.872978687286377,,,,,,,,,,
261,0.18140625953674316,0.18140625953674316,DAD,0.018292903900146484,16704,1.8888518810272217,,,,,,,,,,
262,0.18140625953674316,0.18140625953674316,DAD,0.018317699432373047,16768,1.895359754562378,,,,,,,,,,
263,0.18937499821186066,0.18937499821186066,DAD,0.018199920654296875,16832,1.9129260778427124,,,,,,,,,,
264,0.18656250834465027,0.18656250834465027,DAD,0.018181324005126953,16896,1.903023600578308,,,,,,,,,,
265,0.1823437511920929,0.1823437511920929,DAD,0.01815509796142578,16960,1.9596738815307617,,,,,,,,,,
266,0.17812499403953552,0.17812499403953552,DAD,0.018167734146118164,17024,1.9362739324569702,,,,,,,,,,
267,0.17765626311302185,0.17765626311302185,DAD,0.01804041862487793,17088,1.9016879796981812,,,,,,,,,,
268,0.18937501311302185,0.18937501311302185,DAD,0.018003463745117188,17152,1.9252923727035522,,,,,,,,,,
269,0.18656249344348907,0.18656249344348907,DAD,0.01801919937133789,17216,1.8639857769012451,,,,,,,,,,
270,0.19968751072883606,0.19968751072883606,DAD,0.018236398696899414,17280,1.902798056602478,,,,,,,,,,
271,0.19359374046325684,0.19359374046325684,DAD,0.018233299255371094,17344,1.8384332656860352,,,,,,,,,,
272,0.1889062374830246,0.1889062374830246,DAD,0.018314599990844727,17408,1.8276994228363037,,,,,,,,,,
273,0.17015624046325684,0.17015624046325684,DAD,0.018001079559326172,17472,1.7432612180709839,,,,,,,,,,
274,0.1940625011920929,0.1940625011920929,DAD,0.018283843994140625,17536,1.824479341506958,,,,,,,,,,
275,0.17671874165534973,0.17671874165534973,DAD,0.02076578140258789,17600,1.7848122119903564,0.18609375,0.07296875,3,0.8346333613478393,0.0234375,0.0078125,1,0.000234375,0.07296875,0
276,0.18984374403953552,0.18984374403953552,DAD,0.018407344818115234,17664,1.8190257549285889,,,,,,,,,,
277,0.1978124976158142,0.1978124976158142,DAD,0.01822805404663086,17728,1.7810888290405273,,,,,,,,,,
278,0.18140625953674316,0.18140625953674316,DAD,0.01844048500061035,17792,1.738156795501709,,,,,,,,,,
279,0.18937499821186066,0.18937499821186066,DAD,0.01801323890686035,17856,1.772679090499878,,,,,,,,,,
280,0.18796874582767487,0.18796874582767487,DAD,0.018001317977905273,17920,1.7735955715179443,,,,,,,,,,
281,0.17999999225139618,0.17999999225139618,DAD,0.017980337142944336,17984,1.775068998336792,,,,,,,,,,
282,0.20765624940395355,0.20765624940395355,DAD,0.018499374389648438,18048,1.843322515487671,,,,,,,,,,
283,0.16875000298023224,0.16875000298023224,DAD,0.018190860748291016,18112,1.7499477863311768,,,,,,,,,,
284,0.1678124964237213,0.1678124964237213,DAD,0.017998695373535156,18176,1.7567132711410522,,,,,,,,,,
285,0.17578125,0.17578125,DAD,0.020688533782958984,18240,1.7716835737228394,,,,,,,,,,
286,0.19078125059604645,0.19078125059604645,DAD,0.019769668579101562,18304,1.8758323192596436,,,,,,,,,,
287,0.1954687535762787,0.1954687535762787,DAD,0.018293142318725586,18368,1.9020694494247437,,,,,,,,,,
288,0.17531248927116394,0.17531248927116394,DAD,0.017929792404174805,18432,1.8426158428192139,,,,,,,,,,
289,0.17671874165534973,0.17671874165534973,DAD,0.018085479736328125,18496,1.919609546661377,,,,,,,,,,
290,0.19312499463558197,0.19312499463558197,DAD,0.018089771270751953,18560,1.9941916465759277,,,,,,,,,,
291,0.17390623688697815,0.17390623688697815,DAD,0.01837444305419922,18624,1.9126317501068115,,,,,,,,,,
292,0.17906248569488525,0.17906248569488525,DAD,0.018040895462036133,18688,2.008070707321167,,,,,,,,,,
293,0.18796874582767487,0.18796874582767487,DAD,0.018136262893676758,18752,1.874713659286499,,,,,,,,,,
294,0.19687500596046448,0.19687500596046448,DAD,0.01795029640197754,18816,2.0264039039611816,,,,,,,,,,
295,0.1954687535762787,0.1954687535762787,DAD,0.018160343170166016,18880,2.0259835720062256,,,,,,,,,,
296,0.19171875715255737,0.19171875715255737,DAD,0.018118619918823242,18944,1.9524095058441162,,,,,,,,,,
297,0.17812499403953552,0.17812499403953552,DAD,0.018039941787719727,19008,1.8427199125289917,,,,,,,,,,
298,0.18468749523162842,0.18468749523162842,DAD,0.018210172653198242,19072,1.8166393041610718,,,,,,,,,,
299,0.18000000715255737,0.18000000715255737,DAD,0.01811814308166504,19136,1.8255383968353271,,,,,,,,,,
300,0.19312500953674316,0.19312500953674316,DAD,0.01820540428161621,19200,1.7609614133834839,0.185859375,0.07273437500000002,4,1.16207231792878,0.03125,0.0078125,1,0.000234375,0.07273437500000002,0
301,0.19359375536441803,0.19984374940395355,DAD,0.018334150314331055,19264,1.8174299001693726,,,,,,,,,,
302,0.2006250023841858,0.2006250023841858,DAD,0.018233299255371094,19328,1.813027262687683,,,,,,,,,,
303,0.17484375834465027,0.17484375834465027,DAD,0.018241405487060547,19392,1.6571810245513916,,,,,,,,,,
304,0.18843749165534973,0.18843749165534973,DAD,0.018066883087158203,19456,1.7254213094711304,,,,,,,,,,
305,0.17624999582767487,0.17624999582767487,DAD,0.018259048461914062,19520,1.6354879140853882,,,,,,,,,,
306,0.19031250476837158,0.19031250476837158,DAD,0.018176794052124023,19584,1.600507140159607,,,,,,,,,,
307,0.17531248927116394,0.17531248927116394,DAD,0.018774986267089844,19648,1.6133158206939697,,,,,,,,,,
308,0.18000000715255737,0.18000000715255737,DAD,0.01980900764465332,19712,1.6236801147460938,,,,,,,,,,
309,0.17765626311302185,0.17765626311302185,DAD,0.01793694496154785,19776,1.5430235862731934,,,,,,,,,,
310,0.19359375536441803,0.19359375536441803,DAD,0.01827096939086914,19840,1.6237767934799194,,,,,,,,,,
311,0.1940625011920929,0.1940625011920929,DAD,0.018120288848876953,19904,1.5498988628387451,,,,,,,,,,
312,0.18000000715255737,0.18000000715255737,DAD,0.018201589584350586,19968,1.536988615989685,,,,,,,,,,
313,0.19734376668930054,0.19734376668930054,DAD,0.018279075622558594,20032,1.542584776878357,,,,,,,,,,
314,0.19312500953674316,0.19312500953674316,DAD,0.018096923828125,20096,1.5690168142318726,,,,,,,,,,
315,0.17671874165534973,0.17671874165534973,DAD,0.01859259605407715,20160,1.5062215328216553,,,,,,,,,,
316,0.1823437511920929,0.1823437511920929,DAD,0.01816248893737793,20224,1.5385955572128296,,,,,,,,,,
317,0.19875000417232513,0.19875000417232513,DAD,0.01800537109375,20288,1.5697306394577026,,,,,,,,,,
318,0.16687500476837158,0.16687500476837158,DAD,0.0180971622467041,20352,1.52565598487854,,,,,,,,,,
319,0.1771875023841858,0.1771875023841858,DAD,0.018215417861938477,20416,1.4987609386444092,,,,,,,,,,
320,0.17343750596046448,0.17343750596046448,DAD,0.0240936279296875,20480,1.5501803159713745,,,,,,,,,,
321,0.1954687535762787,0.1954687535762787,DAD,0.02050304412841797,20544,1.5137580633163452,,,,,,,,,,
322,0.18281251192092896,0.19374999403953552,DAD,0.019922494888305664,20608,1.5281026363372803,,,,,,,,,,
323,0.18328124284744263,0.18328124284744263,DAD,0.018044710159301758,20672,1.5326333045959473,,,,,,,,,,
324,0.16359373927116394,0.16359373927116394,DAD,0.018093585968017578,20736,1.4737088680267334,,,,,,,,,,
325,0.17812500894069672,0.17812500894069672,DAD,0.018177270889282227,20800,1.5009530782699585,0.183984375,0.073984375,4,0.9765648909154508,0.03125,0.015625,1,0.0004687500000000002,0.073984375,0
326,0.1846875101327896,0.1846875101327896,DAD,0.01829051971435547,20864,1.484206199645996,,,,,,,,,,
327,0.15937501192092896,0.15937501192092896,DAD,0.01813650131225586,20928,1.4961389303207397,,,,,,,,,,
328,0.19734375178813934,0.19734375178813934,DAD,0.018102645874023438,20992,1.5746502876281738,,,,,,,,,,
329,0.18656250834465027,0.18656250834465027,DAD,0.017934083938598633,21056,1.573927879333496,,,,,,,,,,
330,0.18843750655651093,0.18843750655651093,DAD,0.018364429473876953,21120,1.6159512996673584,,,,,,,,,,
331,0.1889062523841858,0.1889062523841858,DAD,0.01833033561706543,21184,1.5715898275375366,,,,,,,,,,
332,0.16593751311302185,0.16593751311302185,DAD,0.0192718505859375,21248,1.5757191181182861,,,,,,,,,,
333,0.1743749976158142,0.1743749976158142,DAD,0.018242597579956055,21312,1.6152538061141968,,,,,,,,,,
334,0.17624999582767487,0.17624999582767487,DAD,0.01830148696899414,21376,1.6094754934310913,,,,,,,,,,
335,0.19031250476837158,0.19031250476837158,DAD,0.018215417861938477,21440,1.6671626567840576,,,,,,,,,,
336,0.19218750298023224,0.19218750298023224,DAD,0.018000364303588867,21504,1.6795568466186523,,,,,,,,,,
337,0.19078126549720764,0.19078126549720764,DAD,0.018186569213867188,21568,1.694685935974121,,,,,,,,,,
338,0.19921875,0.19921875,DAD,0.019214630126953125,21632,1.7492594718933105,,,,,,,,,,
339,0.16734375059604645,0.16734375059604645,DAD,0.019542694091796875,21696,1.6858813762664795,,,,,,,,,,
340,0.18703125417232513,0.18703125417232513,DAD,0.018096446990966797,21760,1.857206106185913,,,,,,,,,,
341,0.18703123927116394,0.18703123927116394,DAD,0.017934799194335938,21824,1.8609274625778198,,,,,,,,,,
342,0.1743749976158142,0.1743749976158142,DAD,0.01814866065979004,21888,1.7604925632476807,,,,,,,,,,
343,0.17624999582767487,0.17624999582767487,DAD,0.01812148094177246,21952,1.8567619323730469,,,,,,,,,,
344,0.18468749523162842,0.18468749523162842,DAD,0.018236875534057617,22016,1.692752718925476,,,,,,,,,,
345,0.17671874165534973,0.17671874165534973,DAD,0.0178983211517334,22080,1.7921907901763916,,,,,,,,,,
346,0.17531251907348633,0.17531251907348633,DAD,0.018068552017211914,22144,1.8138902187347412,,,,,,,,,,
347,0.19031250476837158,0.19031250476837158,DAD,0.018104076385498047,22208,1.8553032875061035,,,,,,,,,,
348,0.18843749165534973,0.18843749165534973,DAD,0.019153594970703125,22272,1.8184640407562256,,,,,,,,,,
349,0.18046875298023224,0.18046875298023224,DAD,0.01828455924987793,22336,1.8248918056488037,,,,,,,,,,
350,0.17812499403953552,0.17812499403953552,DAD,0.017992019653320312,22400,1.8014943599700928,0.18374999999999997,0.0675,7,1.1909973630378174,0.0546875,0.0,1,0.0,0.0675,0
351,0.18937501311302185,0.18937501311302185,DAD,0.018342971801757812,22464,1.816502332687378,,,,,,,,,,
352,0.17343750596046448,0.17343750596046448,DAD,0.01803445816040039,22528,1.745840072631836,,,,,,,,,,
353,0.18796874582767487,0.18796874582767487,DAD,0.01826024055480957,22592,1.8285454511642456,,,,,,,,,,
354,0.17109374701976776,0.17109374701976776,DAD,0.017874479293823242,22656,1.7790052890777588,,,,,,,,,,
355,0.20015624165534973,0.20015624165534973,DAD,0.01779651641845703,22720,1.868363857269287,,,,,,,,,,
356,0.1706250011920929,0.1706250011920929,DAD,0.017969608306884766,22784,1.7684459686279297,,,,,,,,,,
357,0.1706250011920929,0.1706250011920929,DAD,0.018017292022705078,22848,1.7497695684432983,,,,,,,,,,
358,0.18796874582767487,0.18796874582767487,DAD,0.01787400245666504,22912,1.720447301864624,,,,,,,,,,
359,0.18703123927116394,0.18703123927116394,DAD,0.018148183822631836,22976,1.6701453924179077,,,,,,,,,,
360,0.16359375417232513,0.16359375417232513,DAD,0.01792597770690918,23040,1.6025712490081787,,,,,,,,,,
361,0.16687500476837158,0.16687500476837158,DAD,0.01816105842590332,23104,1.586836576461792,,,,,,,,,,
362,0.17812499403953552,0.17812499403953552,DAD,0.018164634704589844,23168,1.6253609657287598,,,,,,,,,,
363,0.18281251192092896,0.18281251192092896,DAD,0.017950773239135742,23232,1.596433401107788,,,,,,,,,,
364,0.16687500476837158,0.16687500476837158,DAD,0.01797795295715332,23296,1.532210111618042,,,,,,,,,,
365,0.1729687601327896,0.1729687601327896,DAD,0.020650625228881836,23360,1.4937922954559326,,,,,,,,,,
366,0.1678125113248825,0.1678125113248825,DAD,0.017881155014038086,23424,1.4466012716293335,,,,,,,,,,
367,0.17015624046325684,0.17015624046325684,DAD,0.01805567741394043,23488,1.4375076293945312,,,,,,,,,,
368,0.18796874582767487,0.18796874582767487,DAD,0.01800084114074707,23552,1.4445044994354248,,,,,,,,,,
369,0.19734375178813934,0.19734375178813934,DAD,0.017972469329833984,23616,1.4858121871948242,,,,,,,,,,
370,0.1860937476158142,0.1860937476158142,DAD,0.0182797908782959,23680,1.458187460899353,,,,,,,,,,
371,0.17906250059604645,0.17906250059604645,DAD,0.019778966903686523,23744,1.4710582494735718,,,,,,,,,,
372,0.1889062523841858,0.1889062523841858,DAD,0.018394947052001953,23808,1.4321688413619995,,,,,,,,,,
373,0.18703125417232513,0.18703125417232513,DAD,0.018273353576660156,23872,1.4084973335266113,,,,,,,,,,
374,0.1771875023841858,0.1771875023841858,DAD,0.018105030059814453,23936,1.405387282371521,,,,,,,,,,
375,0.1954687535762787,0.1954687535762787,DAD,0.02062201499938965,24000,1.4586846828460693,0.1846875,0.07468750000000002,4,0.23661855544632404,0.03125,0.015625,1,0.0004687500000000002,0.07468750000000002,0
376,0.18515625596046448,0.18515625596046448,DAD,0.018658161163330078,24064,1.4797046184539795,,,,,,,,,,
377,0.1743749976158142,0.1743749976158142,DAD,0.01802682876586914,24128,1.4541858434677124,,,,,,,,,,
378,0.1771875023841858,0.1771875023841858,DAD,0.018101930618286133,24192,1.4590768814086914,,,,,,,,,,
379,0.18421874940395355,0.18421874940395355,DAD,0.018057584762573242,24256,1.4661158323287964,,,,,,,,,,
380,0.19734375178813934,0.19734375178813934,DAD,0.01809215545654297,24320,1.551781177520752,,,,,,,,,,
381,0.15984374284744263,0.15984374284744263,DAD,0.018170833587646484,24384,1.4648075103759766,,,,,,,,,,
382,0.1795312464237213,0.18578124046325684,DAD,0.018294811248779297,24448,1.542325735092163,,,,,,,,,,
383,0.18046873807907104,0.18046873807907104,DAD,0.01852583885192871,24512,1.5644062757492065,,,,,,,,,,
384,0.1875,0.1875,DAD,0.018348217010498047,24576,1.5500916242599487,,,,,,,,,,
385,0.1678124964237213,0.1678124964237213,DAD,0.018398523330688477,24640,1.6500290632247925,,,,,,,,,,
386,0.17671875655651093,0.17671875655651093,DAD,0.017970561981201172,24704,1.550229549407959,,,,,,,,,,
387,0.17156249284744263,0.17156249284744263,DAD,0.01810765266418457,24768,1.6179618835449219,,,,,,,,,,
388,0.1678124964237213,0.1678124964237213,DAD,0.018059730529785156,24832,1.550915002822876,,,,,,,,,,
389,0.1875,0.1875,DAD,0.02075362205505371,24896,1.731698989868164,,,,,,,,,,
390,0.1720312535762787,0.1720312535762787,DAD,0.018028736114501953,24960,1.702406883239746,,,,,,,,,,
391,0.1692187488079071,0.1692187488079071,DAD,0.018199682235717773,25024,1.6680011749267578,,,,,,,,,,
392,0.17015625536441803,0.17015625536441803,DAD,0.018018484115600586,25088,1.6437572240829468,,,,,,,,,,
393,0.17343750596046448,0.19374999403953552,DAD,0.018045902252197266,25152,1.7361602783203125,,,,,,,,,,
394,0.17765624821186066,0.17765624821186066,DAD,0.01804661750793457,25216,1.7473056316375732,,,,,,,,,,
395,0.1860937476158142,0.1860937476158142,DAD,0.018041610717773438,25280,1.7208678722381592,,,,,,,,,,
396,0.17390625178813934,0.17390625178813934,DAD,0.01867532730102539,25344,1.7136902809143066,,,,,,,,,,
397,0.1692187488079071,0.1692187488079071,DAD,0.018101930618286133,25408,1.7648534774780273,,,,,,,,,,
398,0.16734375059604645,0.16734375059604645,DAD,0.01808905601501465,25472,1.6710176467895508,,,,,,,,,,
399,0.18281249701976776,0.18281249701976776,DAD,0.0178830623626709,25536,1.729612112045288,,,,,,,,,,
400,0.18046875298023224,0.18046875298023224,DAD,0.018038511276245117,25600,1.7574560642242432,0.18609375,0.07296875000000001,9,1.110377658592061,0.0703125,0.0078125,1,0.000234375,0.07296875000000001,0
401,0.18140624463558197,0.18140624463558197,DAD,0.018343448638916016,25664,1.7380218505859375,,,,,,,,,,
402,0.17156249284744263,0.17156249284744263,DAD,0.018280029296875,25728,1.6725558042526245,,,,,,,,,,
403,0.19078125059604645,0.19078125059604645,DAD,0.018055200576782227,25792,1.7100619077682495,,,,,,,,,,
404,0.18046873807907104,0.18046873807907104,DAD,0.018001556396484375,25856,1.6061830520629883,,,,,,,,,,
405,0.19171875715255737,0.19171875715255737,DAD,0.01806783676147461,25920,1.7503347396850586,,,,,,,,,,
406,0.1860937476158142,0.1860937476158142,DAD,0.018007278442382812,25984,1.6806882619857788,,,,,,,,,,
407,0.18984374403953552,0.18984374403953552,DAD,0.01807427406311035,26048,1.6585814952850342,,,,,,,,,,
408,0.17624999582767487,0.17624999582767487,DAD,0.018059730529785156,26112,1.575493574142456,,,,,,,,,,
409,0.18843749165534973,0.18843749165534973,DAD,0.01815342903137207,26176,1.5889723300933838,,,,,,,,,,
410,0.17765626311302185,0.17765626311302185,DAD,0.01807260513305664,26240,1.5725021362304688,,,,,,,,,,
411,0.17343750596046448,0.1796875,DAD,0.0178987979888916,26304,1.482456922531128,,,,,,,,,,
412,0.17109374701976776,0.17109374701976776,DAD,0.0180816650390625,26368,1.4567861557006836,,,,,,,,,,
413,0.1837500035762787,0.1837500035762787,DAD,0.01787567138671875,26432,1.5416412353515625,,,,,,,,,,
414,0.1875,0.1875,DAD,0.018140554428100586,26496,1.5195081233978271,,,,,,,,,,
415,0.18281249701976776,0.18281249701976776,DAD,0.018128395080566406,26560,1.4969308376312256,,,,,,,,,,
416,0.18515625596046448,0.18515625596046448,DAD,0.01802849769592285,26624,1.6186952590942383,,,,,,,,,,
417,0.18281251192092896,0.18281251192092896,DAD,0.018039703369140625,26688,1.535597324371338,,,,,,,,,,
418,0.1720312535762787,0.1720312535762787,DAD,0.018042564392089844,26752,1.46858549118042,,,,,,,,,,
419,0.17015625536441803,0.17015625536441803,DAD,0.01807260513305664,26816,1.4940812587738037,,,,,,,,,,
420,0.17249999940395355,0.17249999940395355,DAD,0.019402265548706055,26880,1.5105464458465576,,,,,,,,,,
421,0.19171874225139618,0.19171874225139618,DAD,0.019893646240234375,26944,1.6183505058288574,,,,,,,,,,
422,0.18140625953674316,0.18140625953674316,DAD,0.018131494522094727,27008,1.5162371397018433,,,,,,,,,,
423,0.18000000715255737,0.18000000715255737,DAD,0.0181119441986084,27072,1.5679501295089722,,,,,,,,,,
424,0.17015625536441803,0.17015625536441803,DAD,0.01812458038330078,27136,1.5203886032104492,,,,,,,,,,
425,0.17109376192092896,0.17109376192092896,DAD,0.01850748062133789,27200,1.5156850814819336,0.186328125,0.07632812500000002,5,0.5589663960258935,0.0390625,0.015625,1,0.00046875,0.07632812500000002,0
426,0.16640624403953552,0.16640624403953552,DAD,0.01838397979736328,27264,1.4665780067443848,,,,,,,,,,
427,0.17531248927116394,0.17531248927116394,DAD,0.01810145378112793,27328,1.5963499546051025,,,,,,,,,,
428,0.1860937476158142,0.1860937476158142,DAD,0.01836085319519043,27392,1.545226812362671,,,,,,,,,,
429,0.17671874165534973,0.17671874165534973,DAD,0.017928600311279297,27456,1.4202427864074707,,,,,,,,,,
430,0.18796876072883606,0.18796876072883606,DAD,0.018459081649780273,27520,1.5770018100738525,,,,,,,,,,
431,0.18515625596046448,0.18515625596046448,DAD,0.018137454986572266,27584,1.549414038658142,,,,,,,,,,
432,0.18515625596046448,0.18515625596046448,DAD,0.018252134323120117,27648,1.527895212173462,,,,,,,,,,
433,0.17156249284744263,0.17156249284744263,DAD,0.018340587615966797,27712,1.4823850393295288,,,,,,,,,,
434,0.18515625596046448,0.18515625596046448,DAD,0.018132686614990234,27776,1.494978427886963,,,,,,,,,,
435,0.17015627026557922,0.17015627026557922,DAD,0.01807570457458496,27840,1.407849669456482,,,,,,,,,,
436,0.1926562488079071,0.1926562488079071,DAD,0.0179440975189209,27904,1.500737190246582,,,,,,,,,,
437,0.16312500834465027,0.16312500834465027,DAD,0.018460988998413086,27968,1.4207851886749268,,,,,,,,,,
438,0.18796876072883606,0.18796876072883606,DAD,0.020695924758911133,28032,1.5320628881454468,,,,,,,,,,
439,0.18656250834465027,0.18656250834465027,DAD,0.01822686195373535,28096,1.4125789403915405,,,,,,,,,,
440,0.17859375476837158,0.1848437488079071,DAD,0.01799631118774414,28160,1.5146961212158203,,,,,,,,,,
441,0.1795312464237213,0.1795312464237213,DAD,0.01819300651550293,28224,1.519789695739746,,,,,,,,,,
442,0.17296874523162842,0.17296874523162842,DAD,0.017827272415161133,28288,1.549504041671753,,,,,,,,,,
443,0.18187500536441803,0.18187500536441803,DAD,0.018107175827026367,28352,1.5778954029083252,,,,,,,,,,
444,0.18328124284744263,0.18328124284744263,DAD,0.01802206039428711,28416,1.6267517805099487,,,,,,,,,,
445,0.19078125059604645,0.19078125059604645,DAD,0.018115997314453125,28480,1.6595344543457031,,,,,,,,,,
446,0.17390626668930054,0.17390626668930054,DAD,0.018285274505615234,28544,1.6035890579223633,,,,,,,,,,
447,0.17390625178813934,0.18015626072883606,DAD,0.01820087432861328,28608,1.5994021892547607,,,,,,,,,,
448,0.15937501192092896,0.15937501192092896,DAD,0.018279552459716797,28672,1.5598505735397339,,,,,,,,,,
449,0.17343750596046448,0.17343750596046448,DAD,0.0182037353515625,28736,1.6122626066207886,,,,,,,,,,
450,0.18703125417232513,0.18703125417232513,DAD,0.018218040466308594,28800,1.627061367034912,0.185390625,0.07226562500000001,6,0.9218474818183413,0.046875,0.0078125,1,0.000234375,0.07226562500000001,0
451,0.16875001788139343,0.16875001788139343,DAD,0.019459009170532227,28864,1.590943694114685,,,,,,,,,,
452,0.19218748807907104,0.19218748807907104,DAD,0.01792168617248535,28928,1.667378306388855,,,,,,,,,,
453,0.17812499403953552,0.17812499403953552,DAD,0.018051624298095703,28992,1.5477640628814697,,,,,,,,,,
454,0.16078124940395355,0.16078124940395355,DAD,0.018430709838867188,29056,1.5201869010925293,,,,,,,,,,
455,0.1809374988079071,0.1809374988079071,DAD,0.01806640625,29120,1.5884088277816772,,,,,,,,,,
456,0.19453126192092896,0.19453126192092896,DAD,0.018004894256591797,29184,1.6974948644638062,,,,,,,,,,
457,0.17765623331069946,0.17765623331069946,DAD,0.01811504364013672,29248,1.554494857788086,,,,,,,,,,
458,0.17578125,0.17578125,DAD,0.017923593521118164,29312,1.7245726585388184,,,,,,,,,,
459,0.19312500953674316,0.19312500953674316,DAD,0.018091201782226562,29376,1.6550989151000977,,,,,,,,,,
460,0.17296874523162842,0.17296874523162842,DAD,0.01800990104675293,29440,1.6015183925628662,,,,,,,,,,
461,0.17906250059604645,0.17906250059604645,DAD,0.019655466079711914,29504,1.6356825828552246,,,,,,,,,,
462,0.19031250476837158,0.19031250476837158,DAD,0.018407344818115234,29568,1.70148503780365,,,,,,,,,,
463,0.17484375834465027,0.17484375834465027,DAD,0.018408536911010742,29632,1.5961637496948242,,,,,,,,,,
464,0.1940625011920929,0.1940625011920929,DAD,0.018218278884887695,29696,1.7378175258636475,,,,,,,,,,
465,0.15703125298023224,0.15703125298023224,DAD,0.018094301223754883,29760,1.6248997449874878,,,,,,,,,,
466,0.1771875023841858,0.1771875023841858,DAD,0.018062829971313477,29824,1.640135645866394,,,,,,,,,,
467,0.17765626311302185,0.17765626311302185,DAD,0.01842498779296875,29888,1.7271013259887695,,,,,,,,,,
468,0.1809374988079071,0.1809374988079071,DAD,0.02034163475036621,29952,1.765951156616211,,,,,,,,,,
469,0.18796876072883606,0.18796876072883606,DAD,0.01853203773498535,30016,1.6359529495239258,,,,,,,,,,
470,0.18468749523162842,0.18468749523162842,DAD,0.018349885940551758,30080,1.7711275815963745,,,,,,,,,,
471,0.18937501311302185,0.18937501311302185,DAD,0.018155813217163086,30144,1.7184414863586426,,,,,,,,,,
472,0.16593751311302185,0.16593751311302185,DAD,0.0180816650390625,30208,1.622715950012207,,,,,,,,,,
473,0.1846875101327896,0.1846875101327896,DAD,0.017948150634765625,30272,1.736236333847046,,,,,,,,,,
474,0.20203125476837158,0.20203125476837158,DAD,0.018068790435791016,30336,1.7227786779403687,,,,,,,,,,
475,0.17859375476837158,0.17859375476837158,DAD,0.01805281639099121,30400,1.6882694959640503,0.18257812500000004,0.07257812500000002,8,0.9362677143751541,0.0625,0.015625,1,0.00046875,0.07257812500000002,0
476,0.17390626668930054,0.17390626668930054,DAD,0.018434762954711914,30464,1.7056007385253906,,,,,,,,,,
477,0.1860937476158142,0.1860937476158142,DAD,0.01844024658203125,30528,1.743530035018921,,,,,,,,,,
478,0.16968750953674316,0.16968750953674316,DAD,0.018601655960083008,30592,1.6291178464889526,,,,,,,,,,
479,0.1692187488079071,0.1692187488079071,DAD,0.018299341201782227,30656,1.6627395153045654,,,,,,,,,,
480,0.17109374701976776,0.17109374701976776,DAD,0.018178224563598633,30720,1.6993415355682373,,,,,,,,,,
481,0.18000000715255737,0.18000000715255737,DAD,0.018285274505615234,30784,1.6677316427230835,,,,,,,,,,
482,0.16312500834465027,0.16312500834465027,DAD,0.02132725715637207,30848,1.6943315267562866,,,,,,,,,,
483,0.17906248569488525,0.17906248569488525,DAD,0.01795196533203125,30912,1.7345699071884155,,,,,,,,,,
484,0.17859375476837158,0.17859375476837158,DAD,0.017997264862060547,30976,1.6548051834106445,,,,,,,,,,
485,0.1771875023841858,0.1771875023841858,DAD,0.018255949020385742,31040,1.7599120140075684,,,,,,,,,,
486,0.17249999940395355,0.17249999940395355,DAD,0.0179595947265625,31104,1.6877548694610596,,,,,,,,,,
487,0.17624999582767487,0.17624999582767487,DAD,0.01811695098876953,31168,1.8096697330474854,,,,,,,,,,
488,0.17765626311302185,0.17765626311302185,DAD,0.01815319061279297,31232,1.6975419521331787,,,,,,,,,,
489,0.16734375059604645,0.16734375059604645,DAD,0.01809525489807129,31296,1.8258665800094604,,,,,,,,,,
490,0.18281249701976776,0.18281249701976776,DAD,0.018067121505737305,31360,1.843074083328247,,,,,,,,,,
491,0.1823437511920929,0.1823437511920929,DAD,0.01800847053527832,31424,1.856523871421814,,,,,,,,,,
492,0.18703125417232513,0.18703125417232513,DAD,0.018297910690307617,31488,1.900771975517273,,,,,,,,,,
493,0.17906250059604645,0.17906250059604645,DAD,0.018158674240112305,31552,1.9165085554122925,,,,,,,,,,
494,0.18656250834465027,0.18656250834465027,DAD,0.018339872360229492,31616,1.896468997001648,,,,,,,,,,
495,0.17015624046325684,0.17015624046325684,DAD,0.018349885940551758,31680,1.8218412399291992,,,,,,,,,,
496,0.1875,0.1875,DAD,0.018207788467407227,31744,1.8880871534347534,,,,,,,,,,
497,0.1706250011920929,0.1706250011920929,DAD,0.01793074607849121,31808,1.8198884725570679,,,,,,,,,,
498,0.18328125774860382,0.18328125774860382,DAD,0.018195390701293945,31872,1.7986444234848022,,,,,,,,,,
499,0.18937499821186066,0.18937499821186066,DAD,0.01808309555053711,31936,1.794430136680603,,,,,,,,,,
500,0.15843749046325684,0.15843749046325684,DAD,0.0183107852935791,32000,1.7316157817840576,0.18421875,0.07421875,12,1.6165776792200992,0.09375,0.015625,1,0.00046875,0.07421875,0
501,0.17765624821186066,0.17765624821186066,DAD,0.018370389938354492,32064,1.7823588848114014,,,,,,,,,,
502,0.16828125715255737,0.16828125715255737,DAD,0.017972230911254883,32128,1.7325958013534546,,,,,,,,,,
503,0.17765624821186066,0.17765624821186066,DAD,0.018206357955932617,32192,1.761976718902588,,,,,,,,,,
504,0.17812499403953552,0.17812499403953552,DAD,0.018099546432495117,32256,1.7434390783309937,,,,,,,,,,
505,0.17531250417232513,0.17531250417232513,DAD,0.017989158630371094,32320,1.8160336017608643,,,,,,,,,,
506,0.18000000715255737,0.18000000715255737,DAD,0.018160104751586914,32384,1.7771339416503906,,,,,,,,,,
507,0.17249999940395355,0.17249999940395355,DAD,0.018330812454223633,32448,1.7373991012573242,,,,,,,,,,
508,0.1809374988079071,0.1809374988079071,DAD,0.019490480422973633,32512,1.800445556640625,,,,,,,,,,
509,0.18000000715255737,0.18000000715255737,DAD,0.018394947052001953,32576,1.7253060340881348,,,,,,,,,,
510,0.17531250417232513,0.17531250417232513,DAD,0.01825237274169922,32640,1.73785400390625,,,,,,,,,,
511,0.18984374403953552,0.18984374403953552,DAD,0.020499706268310547,32704,1.7324703931808472,,,,,,,,,,
512,0.18421874940395355,0.18421874940395355,DAD,0.018272876739501953,32768,1.675149917602539,,,,,,,,,,
513,0.1860937476158142,0.1860937476158142,DAD,0.018057823181152344,32832,1.5482454299926758,,,,,,,,,,
514,0.17812499403953552,0.17812499403953552,DAD,0.01845407485961914,32896,1.627680778503418,,,,,,,,,,
515,0.18421874940395355,0.18421874940395355,DAD,0.018169403076171875,32960,1.6311349868774414,,,,,,,,,,
516,0.1589062511920929,0.1589062511920929,DAD,0.018007755279541016,33024,1.545464277267456,,,,,,,,,,
517,0.17249999940395355,0.17249999940395355,DAD,0.018173933029174805,33088,1.5333865880966187,,,,,,,,,,
518,0.1809374988079071,0.1809374988079071,DAD,0.018094778060913086,33152,1.6074724197387695,,,,,,,,,,
519,0.17343750596046448,0.17343750596046448,DAD,0.018329381942749023,33216,1.5727806091308594,,,,,,,,,,
520,0.17671875655651093,0.17671875655651093,DAD,0.018152236938476562,33280,1.5537484884262085,,,,,,,,,,
521,0.17812499403953552,0.17812499403953552,DAD,0.018375158309936523,33344,1.5883440971374512,,,,,,,,,,
522,0.18843749165534973,0.18843749165534973,DAD,0.018122196197509766,33408,1.6074532270431519,,,,,,,,,,
523,0.1809375137090683,0.1809375137090683,DAD,0.018112897872924805,33472,1.5882670879364014,,,,,,,,,,
524,0.16593749821186066,0.16593749821186066,DAD,0.01824665069580078,33536,1.53854501247406,,,,,,,,,,
525,0.1795312613248825,0.1795312613248825,DAD,0.01809978485107422,33600,1.5615533590316772,0.18351562500000002,0.07039062500000001,3,0.2689376052451348,0.0234375,0.0078125,1,0.000234375,0.07039062500000001,0
526,0.1795312464237213,0.1795312464237213,DAD,0.018239736557006836,33664,1.6999361515045166,,,,,,,,,,
527,0.1860937476158142,0.1860937476158142,DAD,0.01809549331665039,33728,1.6662753820419312,,,,,,,,,,
528,0.1875,0.1875,DAD,0.018169164657592773,33792,1.6256256103515625,,,,,,,,,,
529,0.18703125417232513,0.18703125417232513,DAD,0.01802349090576172,33856,1.5944169759750366,,,,,,,,,,
530,0.1889062523841858,0.1889062523841858,DAD,0.018319368362426758,33920,1.7475351095199585,,,,,,,,,,
531,0.19312499463558197,0.19312499463558197,DAD,0.018288135528564453,33984,1.643251657485962,,,,,,,,,,
532,0.16687500476837158,0.16687500476837158,DAD,0.018085479736328125,34048,1.7780855894088745,,,,,,,,,,
533,0.17015625536441803,0.17015625536441803,DAD,0.01796746253967285,34112,1.7835062742233276,,,,,,,,,,
534,0.16640625894069672,0.16640625894069672,DAD,0.018169403076171875,34176,1.729823112487793,,,,,,,,,,
535,0.17859375476837158,0.17859375476837158,DAD,0.018144845962524414,34240,1.766627311706543,,,,,,,,,,
536,0.18843749165534973,0.18843749165534973,DAD,0.018183231353759766,34304,1.8191442489624023,,,,,,,,,,
537,0.16593751311302185,0.16593751311302185,DAD,0.01851201057434082,34368,1.737461805343628,,,,,,,,,,
538,0.19359374046325684,0.19359374046325684,DAD,0.018210172653198242,34432,1.8397674560546875,,,,,,,,,,
539,0.1860937476158142,0.1860937476158142,DAD,0.018364667892456055,34496,1.710007905960083,,,,,,,,,,
540,0.17109374701976776,0.17109374701976776,DAD,0.01812291145324707,34560,1.8614448308944702,,,,,,,,,,
541,0.18328124284744263,0.18328124284744263,DAD,0.01836395263671875,34624,1.751758337020874,,,,,,,,,,
542,0.1795312464237213,0.1795312464237213,DAD,0.018077373504638672,34688,1.7649531364440918,,,,,,,,,,
543,0.1926562488079071,0.1926562488079071,DAD,0.018022537231445312,34752,1.8791097402572632,,,,,,,,,,
544,0.18562500178813934,0.18562500178813934,DAD,0.0179290771484375,34816,1.8486182689666748,,,,,,,,,,
545,0.1795312464237213,0.1795312464237213,DAD,0.01813220977783203,34880,1.7488234043121338,,,,,,,,,,
546,0.18984374403953552,0.18984374403953552,DAD,0.01805567741394043,34944,1.8284246921539307,,,,,,,,,,
547,0.17109376192092896,0.17109376192092896,DAD,0.01805257797241211,35008,1.8003467321395874,,,,,,,,,,
548,0.1926562637090683,0.1926562637090683,DAD,0.018241405487060547,35072,1.9616754055023193,,,,,,,,,,
549,0.19171875715255737,0.19171875715255737,DAD,0.018131494522094727,35136,1.904468059539795,,,,,,,,,,
550,0.18140624463558197,0.18140624463558197,DAD,0.01815319061279297,35200,1.8520994186401367,0.184453125,0.077578125,12,1.3284686473747997,0.09375,0.0234375,1,0.000703125,0.077578125,0
551,0.1912499964237213,0.1912499964237213,DAD,0.018198490142822266,35264,1.940211534500122,,,,,,,,,,
552,0.17906250059604645,0.17906250059604645,DAD,0.01829051971435547,35328,1.945643424987793,,,,,,,,,,
553,0.16124999523162842,0.16124999523162842,DAD,0.018266916275024414,35392,1.837072730064392,,,,,,,,,,
554,0.1720312535762787,0.1720312535762787,DAD,0.018178701400756836,35456,1.8615186214447021,,,,,,,,,,
555,0.16968750953674316,0.16968750953674316,DAD,0.018123865127563477,35520,1.8435395956039429,,,,,,,,,,
556,0.18000000715255737,0.18000000715255737,DAD,0.018390893936157227,35584,1.7853363752365112,,,,,,,,,,
557,0.1771875023841858,0.1771875023841858,DAD,0.018126487731933594,35648,1.8517574071884155,,,,,,,,,,
558,0.1837499886751175,0.1837499886751175,DAD,0.01826000213623047,35712,1.8440879583358765,,,,,,,,,,
559,0.18000000715255737,0.18000000715255737,DAD,0.018151521682739258,35776,1.7787418365478516,,,,,,,,,,
560,0.1823437511920929,0.1823437511920929,DAD,0.018056154251098633,35840,1.734541416168213,,,,,,,,,,
561,0.18843750655651093,0.18843750655651093,DAD,0.017976760864257812,35904,1.6294316053390503,,,,,,,,,,
562,0.18328124284744263,0.18328124284744263,DAD,0.01795172691345215,35968,1.7233794927597046,,,,,,,,,,
563,0.17531248927116394,0.17531248927116394,DAD,0.018207550048828125,36032,1.5755934715270996,,,,,,,,,,
564,0.18328124284744263,0.18328124284744263,DAD,0.018372297286987305,36096,1.6097655296325684,,,,,,,,,,
565,0.18515624105930328,0.18515624105930328,DAD,0.01804494857788086,36160,1.7141575813293457,,,,,,,,,,
566,0.19218750298023224,0.19218750298023224,DAD,0.0184173583984375,36224,1.6623094081878662,,,,,,,,,,
567,0.1837500035762787,0.1837500035762787,DAD,0.0183563232421875,36288,1.7065786123275757,,,,,,,,,,
568,0.19312500953674316,0.19312500953674316,DAD,0.018208026885986328,36352,1.5820212364196777,,,,,,,,,,
569,0.1692187488079071,0.1692187488079071,DAD,0.018157005310058594,36416,1.566542625427246,,,,,,,,,,
570,0.1757812649011612,0.1757812649011612,DAD,0.018213272094726562,36480,1.5597572326660156,,,,,,,,,,
571,0.17906251549720764,0.17906251549720764,DAD,0.018024444580078125,36544,1.6241657733917236,,,,,,,,,,
572,0.1954687535762787,0.1954687535762787,DAD,0.01815938949584961,36608,1.5791068077087402,,,,,,,,,,
573,0.1771875023841858,0.1771875023841858,DAD,0.0183413028717041,36672,1.5071510076522827,,,,,,,,,,
574,0.1743750125169754,0.1743750125169754,DAD,0.018372058868408203,36736,1.5554280281066895,,,,,,,,,,
575,0.1860937476158142,0.1860937476158142,DAD,0.018236637115478516,36800,1.5803837776184082,0.18398437499999998,0.07710937500000001,3,0.29920144078176836,0.0234375,0.0234375,1,0.0007031250000000002,0.07710937500000001,0
576,0.16312500834465027,0.16312500834465027,DAD,0.018315792083740234,36864,1.4894827604293823,,,,,,,,,,
577,0.1912499964237213,0.1912499964237213,DAD,0.018065452575683594,36928,1.5394872426986694,,,,,,,,,,
578,0.18421874940395355,0.18421874940395355,DAD,0.020647764205932617,36992,1.597023367881775,,,,,,,,,,
579,0.1926562488079071,0.1926562488079071,DAD,0.01805901527404785,37056,1.5076954364776611,,,,,,,,,,
580,0.17578125,0.17578125,DAD,0.017838001251220703,37120,1.469253420829773,,,,,,,,,,
581,0.17390625178813934,0.17390625178813934,DAD,0.01838231086730957,37184,1.517555594444275,,,,,,,,,,
582,0.17015625536441803,0.17015625536441803,DAD,0.01824951171875,37248,1.5030202865600586,,,,,,,,,,
583,0.17906251549720764,0.17906251549720764,DAD,0.018115520477294922,37312,1.4624865055084229,,,,,,,,,,
584,0.18328124284744263,0.18328124284744263,DAD,0.01835918426513672,37376,1.5178759098052979,,,,,,,,,,
585,0.16828125715255737,0.16828125715255737,DAD,0.018069744110107422,37440,1.4476484060287476,,,,,,,,,,
586,0.17906250059604645,0.17906250059604645,DAD,0.018237590789794922,37504,1.5083189010620117,,,,,,,,,,
587,0.19359375536441803,0.19359375536441803,DAD,0.01832270622253418,37568,1.560295820236206,,,,,,,,,,
588,0.19078123569488525,0.19078123569488525,DAD,0.018098115921020508,37632,1.517197608947754,,,,,,,,,,
589,0.16828124225139618,0.16828124225139618,DAD,0.01819133758544922,37696,1.5336555242538452,,,,,,,,,,
590,0.16593751311302185,0.16593751311302185,DAD,0.020671367645263672,37760,1.492079734802246,,,,,,,,,,
591,0.16828125715255737,0.16828125715255737,DAD,0.018335580825805664,37824,1.4936213493347168,,,,,,,,,,
592,0.18140625953674316,0.18140625953674316,DAD,0.0180056095123291,37888,1.5306777954101562,,,,,,,,,,
593,0.1875,0.1875,DAD,0.01833033561706543,37952,1.483593463897705,,,,,,,,,,
594,0.18656250834465027,0.18656250834465027,DAD,0.01802659034729004,38016,1.5681686401367188,,,,,,,,,,
595,0.18000000715255737,0.18000000715255737,DAD,0.01840353012084961,38080,1.54949951171875,,,,,,,,,,
596,0.17765626311302185,0.17765626311302185,DAD,0.017762184143066406,38144,1.5774681568145752,,,,,,,,,,
597,0.18046875298023224,0.18046875298023224,DAD,0.01809406280517578,38208,1.5321040153503418,,,,,,,,,,
598,0.18187500536441803,0.18187500536441803,DAD,0.018101930618286133,38272,1.5977872610092163,,,,,,,,,,
599,0.19359375536441803,0.19359375536441803,DAD,0.01807999610900879,38336,1.6219228506088257,,,,,,,,,,
600,0.19453124701976776,0.19453124701976776,DAD,0.017963647842407227,38400,1.6050933599472046,0.18421875,0.07109375000000001,5,0.6975362413689503,0.0390625,0.0078125,1,0.000234375,0.07109375000000001,0
601,0.1692187488079071,0.1692187488079071,DAD,0.01959681510925293,38464,1.5373687744140625,,,,,,,,,,
602,0.17625001072883606,0.17625001072883606,DAD,0.0182645320892334,38528,1.5288828611373901,,,,,,,,,,
603,0.17765626311302185,0.17765626311302185,DAD,0.017947673797607422,38592,1.670137643814087,,,,,,,,,,
604,0.18562500178813934,0.18562500178813934,DAD,0.01835799217224121,38656,1.6413015127182007,,,,,,,,,,
605,0.16875000298023224,0.16875000298023224,DAD,0.01800370216369629,38720,1.6057677268981934,,,,,,,,,,
606,0.16875000298023224,0.16875000298023224,DAD,0.018163442611694336,38784,1.5782817602157593,,,,,,,,,,
607,0.1809374988079071,0.1809374988079071,DAD,0.018041133880615234,38848,1.585597276687622,,,,,,,,,,
608,0.19312500953674316,0.19312500953674316,DAD,0.01811671257019043,38912,1.589724063873291,,,,,,,,,,
609,0.17859375476837158,0.17859375476837158,DAD,0.018320798873901367,38976,1.6907873153686523,,,,,,,,,,
610,0.18140625953674316,0.18140625953674316,DAD,0.018101215362548828,39040,1.7077722549438477,,,,,,,,,,
611,0.17625001072883606,0.17625001072883606,DAD,0.01813817024230957,39104,1.7357006072998047,,,,,,,,,,
612,0.17484375834465027,0.17484375834465027,DAD,0.018167972564697266,39168,1.6934986114501953,,,,,,,,,,
613,0.17156249284744263,0.17156249284744263,DAD,0.018152952194213867,39232,1.6692545413970947,,,,,,,,,,
614,0.1743749976158142,0.1743749976158142,DAD,0.017987966537475586,39296,1.8243989944458008,,,,,,,,,,
615,0.19078126549720764,0.19078126549720764,DAD,0.01807713508605957,39360,1.9126715660095215,,,,,,,,,,
616,0.18421876430511475,0.18421876430511475,DAD,0.018070220947265625,39424,1.8794076442718506,,,,,,,,,,
617,0.1706250011920929,0.1706250011920929,DAD,0.018184900283813477,39488,1.8911426067352295,,,,,,,,,,
618,0.18515625596046448,0.18515625596046448,DAD,0.017952680587768555,39552,2.0095014572143555,,,,,,,,,,
619,0.18984374403953552,0.18984374403953552,DAD,0.01836562156677246,39616,1.9879045486450195,,,,,,,,,,
620,0.18562501668930054,0.18562501668930054,DAD,0.018189668655395508,39680,2.0042197704315186,,,,,,,,,,
621,0.1771875023841858,0.1771875023841858,DAD,0.018338918685913086,39744,1.9330997467041016,,,,,,,,,,
622,0.17015627026557922,0.17015627026557922,DAD,0.018714427947998047,39808,1.8829869031906128,,,,,,,,,,
623,0.19500000774860382,0.19500000774860382,DAD,0.01818084716796875,39872,2.0304408073425293,,,,,,,,,,
624,0.1978124976158142,0.1978124976158142,DAD,0.018274784088134766,39936,1.8944218158721924,,,,,,,,,,
625,0.19875001907348633,0.19875001907348633,DAD,0.018047332763671875,40000,1.8851020336151123,0.184921875,0.08351562500000001,19,1.780034456376105,0.1484375,0.03125,1,0.001171875,0.08351562500000001,0
626,0.19968751072883606,0.19968751072883606,DAD,0.018584251403808594,40064,1.8091776371002197,,,,,,,,,,
627,0.1795312464237213,0.1795312464237213,DAD,0.018210411071777344,40128,1.7818684577941895,,,,,,,,,,
628,0.1743749976158142,0.1743749976158142,DAD,0.022510766983032227,40192,1.6189521551132202,,,,,,,,,,
629,0.17812499403953552,0.17812499403953552,DAD,0.0185091495513916,40256,1.6824229955673218,,,,,,,,,,
630,0.1692187488079071,0.1692187488079071,DAD,0.018054962158203125,40320,1.563184142112732,,,,,,,,,,
631,0.16968749463558197,0.16968749463558197,DAD,0.01806783676147461,40384,1.663565993309021,,,,,,,,,,
632,0.18984374403953552,0.18984374403953552,DAD,0.01814889907836914,40448,1.6391029357910156,,,,,,,,,,
633,0.18421876430511475,0.18421876430511475,DAD,0.01812744140625,40512,1.7272748947143555,,,,,,,,,,
634,0.17671875655651093,0.17671875655651093,DAD,0.017988920211791992,40576,1.5867948532104492,,,,,,,,,,
635,0.1626562476158142,0.1626562476158142,DAD,0.018321990966796875,40640,1.6685705184936523,,,,,,,,,,
636,0.17765624821186066,0.17765624821186066,DAD,0.017993450164794922,40704,1.6374075412750244,,,,,,,,,,
637,0.17859375476837158,0.17859375476837158,DAD,0.018215417861938477,40768,1.5692124366760254,,,,,,,,,,
638,0.1940625011920929,0.1940625011920929,DAD,0.018189430236816406,40832,1.6496127843856812,,,,,,,,,,
639,0.17343750596046448,0.17343750596046448,DAD,0.0182344913482666,40896,1.6431357860565186,,,,,,,,,,
640,0.18187499046325684,0.18187499046325684,DAD,0.018353700637817383,40960,1.6389697790145874,,,,,,,,,,
641,0.17156249284744263,0.17156249284744263,DAD,0.018126487731933594,41024,1.6440155506134033,,,,,,,,,,
642,0.18046875298023224,0.18046875298023224,DAD,0.01794600486755371,41088,1.6836459636688232,,,,,,,,,,
643,0.16593751311302185,0.16593751311302185,DAD,0.01844000816345215,41152,1.64183509349823,,,,,,,,,,
644,0.1795312464237213,0.1795312464237213,DAD,0.01811957359313965,41216,1.7349448204040527,,,,,,,,,,
645,0.1654687523841858,0.1654687523841858,DAD,0.020879507064819336,41280,1.6264848709106445,,,,,,,,,,
646,0.17578125,0.17578125,DAD,0.01829671859741211,41344,1.5908880233764648,,,,,,,,,,
647,0.18421876430511475,0.18421876430511475,DAD,0.018168210983276367,41408,1.6424272060394287,,,,,,,,,,
648,0.1795312613248825,0.1795312613248825,DAD,0.017949342727661133,41472,1.6499155759811401,,,,,,,,,,
649,0.19734375178813934,0.19734375178813934,DAD,0.01804828643798828,41536,1.677351951599121,,,,,,,,,,
650,0.17671875655651093,0.17671875655651093,DAD,0.018210172653198242,41600,1.6111514568328857,0.18234375,0.08484375,10,1.3123249520973992,0.078125,0.0234375,1,0.001640625,0.08484375,0
651,0.18984375894069672,0.18984375894069672,DAD,0.018125295639038086,41664,1.7407560348510742,,,,,,,,,,
652,0.1889062523841858,0.1889062523841858,DAD,0.01936793327331543,41728,1.7307661771774292,,,,,,,,,,
653,0.1889062523841858,0.1889062523841858,DAD,0.018255949020385742,41792,1.6990779638290405,,,,,,,,,,
654,0.18656250834465027,0.18656250834465027,DAD,0.018405914306640625,41856,1.7110685110092163,,,,,,,,,,
655,0.17906250059604645,0.17906250059604645,DAD,0.01834392547607422,41920,1.7495520114898682,,,,,,,,,,
656,0.1846875101327896,0.1846875101327896,DAD,0.01848435401916504,41984,1.6762737035751343,,,,,,,,,,
657,0.1743749976158142,0.1743749976158142,DAD,0.018040180206298828,42048,1.6769969463348389,,,,,,,,,,
658,0.18140625953674316,0.18140625953674316,DAD,0.018065214157104492,42112,1.6631126403808594,,,,,,,,,,
659,0.18046873807907104,0.18046873807907104,DAD,0.018348217010498047,42176,1.7741541862487793,,,,,,,,,,
660,0.17343749105930328,0.17343749105930328,DAD,0.018077373504638672,42240,1.6397004127502441,,,,,,,,,,
661,0.18515625596046448,0.18515625596046448,DAD,0.018082857131958008,42304,1.7570750713348389,,,,,,,,,,
662,0.1837500035762787,0.1837500035762787,DAD,0.018279075622558594,42368,1.7890994548797607,,,,,,,,,,
663,0.1574999988079071,0.1574999988079071,DAD,0.020687341690063477,42432,1.7036494016647339,,,,,,,,,,
664,0.18937499821186066,0.18937499821186066,DAD,0.018164396286010742,42496,1.7976329326629639,,,,,,,,,,
665,0.1809374988079071,0.1809374988079071,DAD,0.017905235290527344,42560,1.727940320968628,,,,,,,,,,
666,0.17578125,0.17578125,DAD,0.01845073699951172,42624,1.8140920400619507,,,,,,,,,,
667,0.17390625178813934,0.17390625178813934,DAD,0.018198013305664062,42688,1.733994483947754,,,,,,,,,,
668,0.17906250059604645,0.17906250059604645,DAD,0.018107175827026367,42752,1.7293987274169922,,,,,,,,,,
669,0.1706250011920929,0.1706250011920929,DAD,0.017879724502563477,42816,1.7990278005599976,,,,,,,,,,
670,0.19921875,0.19921875,DAD,0.018100738525390625,42880,1.756157398223877,,,,,,,,,,
671,0.1889062523841858,0.1889062523841858,DAD,0.017978906631469727,42944,1.8001940250396729,,,,,,,,,,
672,0.20531252026557922,0.20531252026557922,DAD,0.01793956756591797,43008,1.8479580879211426,,,,,,,,,,
673,0.17578125,0.17578125,DAD,0.018056154251098633,43072,1.8147776126861572,,,,,,,,,,
674,0.1795312464237213,0.1795312464237213,DAD,0.018027305603027344,43136,1.8075907230377197,,,,,,,,,,
675,0.17156249284744263,0.17156249284744263,DAD,0.018158912658691406,43200,1.7956165075302124,0.1875,0.07437500000000001,9,1.3411184082460963,0.0703125,0.0078125,1,0.000234375,0.07437500000000001,0
676,0.18562498688697815,0.18562498688697815,DAD,0.018274307250976562,43264,1.7425284385681152,,,,,,,,,,
677,0.17906251549720764,0.17906251549720764,DAD,0.018062114715576172,43328,1.7907769680023193,,,,,,,,,,
678,0.18281251192092896,0.18281251192092896,DAD,0.01824498176574707,43392,1.7840635776519775,,,,,,,,,,
679,0.1795312464237213,0.1795312464237213,DAD,0.018340587615966797,43456,1.7651236057281494,,,,,,,,,,
680,0.19171875715255737,0.19171875715255737,DAD,0.018240928649902344,43520,1.784961462020874,,,,,,,,,,
681,0.1795312464237213,0.1795312464237213,DAD,0.018222332000732422,43584,1.7490819692611694,,,,,,,,,,
682,0.18937501311302185,0.18937501311302185,DAD,0.0177915096282959,43648,1.730021357536316,,,,,,,,,,
683,0.18421874940395355,0.18421874940395355,DAD,0.018208742141723633,43712,1.7618119716644287,,,,,,,,,,
684,0.1860937476158142,0.1860937476158142,DAD,0.018170833587646484,43776,1.6263093948364258,,,,,,,,,,
685,0.16828125715255737,0.16828125715255737,DAD,0.01805567741394043,43840,1.6656303405761719,,,,,,,,,,
686,0.17156249284744263,0.17156249284744263,DAD,0.01814126968383789,43904,1.5801723003387451,,,,,,,,,,
687,0.18562500178813934,0.18562500178813934,DAD,0.018282175064086914,43968,1.5832526683807373,,,,,,,,,,
688,0.1654687523841858,0.1654687523841858,DAD,0.01806473731994629,44032,1.6220617294311523,,,,,,,,,,
689,0.17859375476837158,0.17859375476837158,DAD,0.017838001251220703,44096,1.6576566696166992,,,,,,,,,,
690,0.17109376192092896,0.17109376192092896,DAD,0.018067121505737305,44160,1.6363686323165894,,,,,,,,,,
691,0.18140625953674316,0.18140625953674316,DAD,0.01794886589050293,44224,1.5936739444732666,,,,,,,,,,
692,0.16968750953674316,0.16968750953674316,DAD,0.018125057220458984,44288,1.6246414184570312,,,,,,,,,,
693,0.18421873450279236,0.18421873450279236,DAD,0.020539283752441406,44352,1.5635604858398438,,,,,,,,,,
694,0.17624999582767487,0.17624999582767487,DAD,0.017875194549560547,44416,1.6037330627441406,,,,,,,,,,
695,0.18515625596046448,0.18515625596046448,DAD,0.018325328826904297,44480,1.5958538055419922,,,,,,,,,,
696,0.17531248927116394,0.17531248927116394,DAD,0.018359661102294922,44544,1.581866979598999,,,,,,,,,,
697,0.17484375834465027,0.17484375834465027,DAD,0.01809215545654297,44608,1.633570671081543,,,,,,,,,,
698,0.17906251549720764,0.17906251549720764,DAD,0.017806529998779297,44672,1.5728238821029663,,,,,,,,,,
699,0.16453124582767487,0.16453124582767487,DAD,0.01812005043029785,44736,1.5665857791900635,,,,,,,,,,
700,0.18937499821186066,0.18937499821186066,DAD,0.018662214279174805,44800,1.7269296646118164,0.183984375,0.070859375,11,1.6140811120450769,0.0859375,0.0078125,1,0.000234375,0.070859375,0
701,0.1823437511920929,0.1823437511920929,DAD,0.0184018611907959,44864,1.6217306852340698,,,,,,,,,,
702,0.1743749976158142,0.1743749976158142,DAD,0.01815342903137207,44928,1.644740104675293,,,,,,,,,,
703,0.16968749463558197,0.16968749463558197,DAD,0.018096923828125,44992,1.592297911643982,,,,,,,,,,
704,0.17531250417232513,0.17531250417232513,DAD,0.018215179443359375,45056,1.6622917652130127,,,,,,,,,,
705,0.18656250834465027,0.18656250834465027,DAD,0.018084049224853516,45120,1.634473204612732,,,,,,,,,,
706,0.18468749523162842,0.18468749523162842,DAD,0.01794743537902832,45184,1.711857557296753,,,,,,,,,,
707,0.1809374988079071,0.1809374988079071,DAD,0.02071356773376465,45248,1.6195030212402344,,,,,,,,,,
708,0.16359375417232513,0.16359375417232513,DAD,0.018507003784179688,45312,1.6392192840576172,,,,,,,,,,
709,0.17859375476837158,0.17859375476837158,DAD,0.018163204193115234,45376,1.685793161392212,,,,,,,,,,
710,0.17531248927116394,0.17531248927116394,DAD,0.017976999282836914,45440,1.6795892715454102,,,,,,,,,,
711,0.18703123927116394,0.18703123927116394,DAD,0.018040895462036133,45504,1.727219820022583,,,,,,,,,,
712,0.18984374403953552,0.18984374403953552,DAD,0.01802659034729004,45568,1.7181665897369385,,,,,,,,,,
713,0.17156250774860382,0.17156250774860382,DAD,0.01780986785888672,45632,1.6959922313690186,,,,,,,,,,
714,0.17859375476837158,0.17859375476837158,DAD,0.018201828002929688,45696,1.6925380229949951,,,,,,,,,,
715,0.1809374988079071,0.1809374988079071,DAD,0.018070220947265625,45760,1.7073997259140015,,,,,,,,,,
716,0.17671875655651093,0.17671875655651093,DAD,0.019327640533447266,45824,1.730151891708374,,,,,,,,,,
717,0.18000000715255737,0.18000000715255737,DAD,0.01845836639404297,45888,1.6813687086105347,,,,,,,,,,
718,0.17578125,0.17578125,DAD,0.0184023380279541,45952,1.7567472457885742,,,,,,,,,,
719,0.1823437511920929,0.1823437511920929,DAD,0.018259286880493164,46016,1.7739100456237793,,,,,,,,,,
720,0.16828125715255737,0.16828125715255737,DAD,0.018168926239013672,46080,1.7638254165649414,,,,,,,,,,
721,0.1640625,0.1640625,DAD,0.01804494857788086,46144,1.804980993270874,,,,,,,,,,
722,0.17578125,0.17578125,DAD,0.018314123153686523,46208,1.83622145652771,,,,,,,,,,
723,0.19171875715255737,0.19171875715255737,DAD,0.020524024963378906,46272,1.8381516933441162,,,,,,,,,,
724,0.16874998807907104,0.16874998807907104,DAD,0.01798272132873535,46336,1.7955478429794312,,,,,,,,,,
725,0.17578125,0.17578125,DAD,0.01797008514404297,46400,1.786278486251831,0.18796875,0.07796875000000002,13,1.5054854855115374,0.1015625,0.015625,1,0.00046875,0.07796875000000002,0
726,0.18984375894069672,0.18984375894069672,DAD,0.018436193466186523,46464,1.801999807357788,,,,,,,,,,
727,0.17906250059604645,0.17906250059604645,DAD,0.018033504486083984,46528,1.7324790954589844,,,,,,,,,,
728,0.1720312386751175,0.1720312386751175,DAD,0.017942190170288086,46592,1.8605550527572632,,,,,,,,,,
729,0.20484375953674316,0.20484375953674316,DAD,0.018075227737426758,46656,1.7589137554168701,,,,,,,,,,
730,0.19499999284744263,0.19499999284744263,DAD,0.018057584762573242,46720,1.8671178817749023,,,,,,,,,,
731,0.1795312464237213,0.1795312464237213,DAD,0.018232345581054688,46784,1.9007768630981445,,,,,,,,,,
732,0.1795312464237213,0.1795312464237213,DAD,0.019573211669921875,46848,1.788313627243042,,,,,,,,,,
733,0.18703123927116394,0.18703123927116394,DAD,0.01830291748046875,46912,1.8404245376586914,,,,,,,,,,
734,0.18515625596046448,0.18515625596046448,DAD,0.01815056800842285,46976,1.8134664297103882,,,,,,,,,,
735,0.1720312535762787,0.1720312535762787,DAD,0.020775794982910156,47040,1.7657384872436523,,,,,,,,,,
736,0.19218748807907104,0.19218748807907104,DAD,0.01833939552307129,47104,1.7688276767730713,,,,,,,,,,
737,0.18703123927116394,0.18703123927116394,DAD,0.019524097442626953,47168,1.81158447265625,,,,,,,,,,
738,0.16874998807907104,0.16874998807907104,DAD,0.018273591995239258,47232,1.6611509323120117,,,,,,,,,,
739,0.18468749523162842,0.18468749523162842,DAD,0.01796126365661621,47296,1.8121726512908936,,,,,,,,,,
740,0.1692187488079071,0.1692187488079071,DAD,0.018030405044555664,47360,1.7111924886703491,,,,,,,,,,
741,0.1551562398672104,0.1551562398672104,DAD,0.017960309982299805,47424,1.7023327350616455,,,,,,,,,,
742,0.1860937476158142,0.1860937476158142,DAD,0.0182344913482666,47488,1.6331756114959717,,,,,,,,,,
743,0.17859375476837158,0.17859375476837158,DAD,0.01816868782043457,47552,1.7120956182479858,,,,,,,,,,
744,0.1823437511920929,0.1823437511920929,DAD,0.018064022064208984,47616,1.7570724487304688,,,,,,,,,,
745,0.19312500953674316,0.19312500953674316,DAD,0.017935514450073242,47680,1.7664222717285156,,,,,,,,,,
746,0.17390625178813934,0.17390625178813934,DAD,0.020316362380981445,47744,1.7120240926742554,,,,,,,,,,
747,0.1837500035762787,0.1837500035762787,DAD,0.01795339584350586,47808,1.613434076309204,,,,,,,,,,
748,0.16359375417232513,0.16359375417232513,DAD,0.01810312271118164,47872,1.6410287618637085,,,,,,,,,,
749,0.1589062511920929,0.1589062511920929,DAD,0.01857137680053711,47936,1.611456274986267,,,,,,,,,,
750,0.18046875298023224,0.18046875298023224,DAD,0.017919540405273438,48000,1.645639419555664,0.18351562500000002,0.073515625,8,1.0198208265758797,0.0625,0.015625,1,0.00046875,0.073515625,0
751,0.1771875023841858,0.1771875023841858,DAD,0.018337488174438477,48064,1.6269941329956055,,,,,,,,,,
752,0.17625001072883606,0.18250000476837158,DAD,0.01793217658996582,48128,1.528613567352295,,,,,,,,,,
753,0.20156250894069672,0.20156250894069672,DAD,0.018352508544921875,48192,1.6032781600952148,,,,,,,,,,
754,0.16453124582767487,0.16453124582767487,DAD,0.018062353134155273,48256,1.52156662940979,,,,,,,,,,
755,0.1678124964237213,0.1678124964237213,DAD,0.01812005043029785,48320,1.5216140747070312,,,,,,,,,,
756,0.1729687601327896,0.1729687601327896,DAD,0.018256664276123047,48384,1.5585063695907593,,,,,,,,,,
757,0.17812500894069672,0.17812500894069672,DAD,0.018285751342773438,48448,1.5850905179977417,,,,,,,,,,
758,0.17578125,0.17578125,DAD,0.018183231353759766,48512,1.5980719327926636,,,,,,,,,,
759,0.16968750953674316,0.16968750953674316,DAD,0.018276214599609375,48576,1.4582446813583374,,,,,,,,,,
760,0.17624999582767487,0.17624999582767487,DAD,0.01837468147277832,48640,1.5610458850860596,,,,,,,,,,
761,0.17156250774860382,0.17156250774860382,DAD,0.018107175827026367,48704,1.5569610595703125,,,,,,,,,,
762,0.19171874225139618,0.19171874225139618,DAD,0.020690202713012695,48768,1.6055176258087158,,,,,,,,,,
763,0.17296874523162842,0.17296874523162842,DAD,0.01794886589050293,48832,1.5615098476409912,,,,,,,,,,
764,0.17765624821186066,0.17765624821186066,DAD,0.018189430236816406,48896,1.5580716133117676,,,,,,,,,,
765,0.18421874940395355,0.18421874940395355,DAD,0.017938852310180664,48960,1.5100473165512085,,,,,,,,,,
766,0.18562500178813934,0.18562500178813934,DAD,0.01813030242919922,49024,1.5958871841430664,,,,,,,,,,
767,0.20250000059604645,0.20250000059604645,DAD,0.018184185028076172,49088,1.5589790344238281,,,,,,,,,,
768,0.1978124976158142,0.1978124976158142,DAD,0.01789689064025879,49152,1.5699347257614136,,,,,,,,,,
769,0.19640624523162842,0.19640624523162842,DAD,0.018320083618164062,49216,1.652179479598999,,,,,,,,,,
770,0.18515625596046448,0.18515625596046448,DAD,0.018329620361328125,49280,1.5974066257476807,,,,,,,,,,
771,0.17812499403953552,0.17812499403953552,DAD,0.01805281639099121,49344,1.602654218673706,,,,,,,,,,
772,0.17812499403953552,0.17812499403953552,DAD,0.018023014068603516,49408,1.6410150527954102,,,,,,,,,,
773,0.18984375894069672,0.18984375894069672,DAD,0.020449161529541016,49472,1.6109168529510498,,,,,,,,,,
774,0.1912499964237213,0.1912499964237213,DAD,0.018001556396484375,49536,1.706190586090088,,,,,,,,,,
775,0.16687500476837158,0.16687500476837158,DAD,0.01818084716796875,49600,1.5675179958343506,0.184453125,0.086953125,8,1.104324909359997,0.0625,0.0234375,1,0.001640625,0.086953125,0
776,0.17906250059604645,0.17906250059604645,DAD,0.01827383041381836,49664,1.6579813957214355,,,,,,,,,,
777,0.18421876430511475,0.18421876430511475,DAD,0.01833200454711914,49728,1.6180633306503296,,,,,,,,,,
778,0.18937501311302185,0.18937501311302185,DAD,0.018034696578979492,49792,1.7267248630523682,,,,,,,,,,
779,0.18140625953674316,0.18140625953674316,DAD,0.018260955810546875,49856,1.6650824546813965,,,,,,,,,,
780,0.17343750596046448,0.17343750596046448,DAD,0.01894664764404297,49920,1.6684577465057373,,,,,,,,,,
781,0.17671874165534973,0.17671874165534973,DAD,0.018013477325439453,49984,1.7428085803985596,,,,,,,,,,
782,0.1771875023841858,0.1771875023841858,DAD,0.018407821655273438,50048,1.6422505378723145,,,,,,,,,,
783,0.17906250059604645,0.17906250059604645,DAD,0.018169641494750977,50112,1.610975980758667,,,,,,,,,,
784,0.1626562476158142,0.1626562476158142,DAD,0.01804041862487793,50176,1.525294303894043,,,,,,,,,,
785,0.1889062523841858,0.1889062523841858,DAD,0.01815319061279297,50240,1.6696817874908447,,,,,,,,,,
786,0.17578125,0.17578125,DAD,0.01819896697998047,50304,1.6987355947494507,,,,,,,,,,
787,0.17906250059604645,0.17906250059604645,DAD,0.020702600479125977,50368,1.6573493480682373,,,,,,,,,,
788,0.17484374344348907,0.1810937374830246,DAD,0.01798224449157715,50432,1.6353334188461304,,,,,,,,,,
789,0.17156250774860382,0.17156250774860382,DAD,0.018163442611694336,50496,1.6393113136291504,,,,,,,,,,
790,0.17906250059604645,0.17906250059604645,DAD,0.01823568344116211,50560,1.6833581924438477,,,,,,,,,,
791,0.1837500035762787,0.1837500035762787,DAD,0.018027782440185547,50624,1.6679518222808838,,,,,,,,,,
792,0.18703123927116394,0.19328124821186066,DAD,0.018418312072753906,50688,1.6634376049041748,,,,,,,,,,
793,0.18937499821186066,0.18937499821186066,DAD,0.017944812774658203,50752,1.714769721031189,,,,,,,,,,
794,0.16640624403953552,0.16640624403953552,DAD,0.017916440963745117,50816,1.6150964498519897,,,,,,,,,,
795,0.1795312464237213,0.1795312464237213,DAD,0.01805710792541504,50880,1.6456974744796753,,,,,,,,,,
796,0.17390623688697815,0.17390623688697815,DAD,0.018068790435791016,50944,1.8017280101776123,,,,,,,,,,
797,0.1692187488079071,0.1692187488079071,DAD,0.01802682876586914,51008,1.723870038986206,,,,,,,,,,
798,0.1795312464237213,0.1795312464237213,DAD,0.01826763153076172,51072,1.681369662284851,,,,,,,,,,
799,0.16453126072883606,0.16453126072883606,DAD,0.018163442611694336,51136,1.7538907527923584,,,,,,,,,,
800,0.17812499403953552,0.17812499403953552,DAD,0.017848968505859375,51200,1.6923558712005615,0.18937499999999996,0.07937500000000001,9,1.2910272315533313,0.0703125,0.015625,1,0.00046875,0.07937500000000001,0
801,0.16312499344348907,0.16312499344348907,DAD,0.018260478973388672,51264,1.7089698314666748,,,,,,,,,,
802,0.17249999940395355,0.17249999940395355,DAD,0.01831674575805664,51328,1.7666707038879395,,,,,,,,,,
803,0.1771875023841858,0.1771875023841858,DAD,0.01806640625,51392,1.7155506610870361,,,,,,,,,,
804,0.1771875023841858,0.1771875023841858,DAD,0.0182492733001709,51456,1.75259530544281,,,,,,,,,,
805,0.17906250059604645,0.17906250059604645,DAD,0.019055843353271484,51520,1.7392992973327637,,,,,,,,,,
806,0.18281251192092896,0.18281251192092896,DAD,0.01831674575805664,51584,1.7039439678192139,,,,,,,,,,
807,0.18000000715255737,0.18000000715255737,DAD,0.017973899841308594,51648,1.79644775390625,,,,,,,,,,
808,0.18843750655651093,0.18843750655651093,DAD,0.020450353622436523,51712,1.6908893585205078,,,,,,,,,,
809,0.1771875023841858,0.1771875023841858,DAD,0.017926931381225586,51776,1.6987254619598389,,,,,,,,,,
810,0.18140625953674316,0.18140625953674316,DAD,0.018215656280517578,51840,1.6388658285140991,,,,,,,,,,
811,0.16875001788139343,0.16875001788139343,DAD,0.018271684646606445,51904,1.7073087692260742,,,,,,,,,,
812,0.1706250011920929,0.1706250011920929,DAD,0.01795792579650879,51968,1.6115741729736328,,,,,,,,,,
813,0.17671875655651093,0.17671875655651093,DAD,0.017961502075195312,52032,1.6458606719970703,,,,,,,,,,
814,0.19359375536441803,0.19359375536441803,DAD,0.018233060836791992,52096,1.7838852405548096,,,,,,,,,,
815,0.1889062523841858,0.1889062523841858,DAD,0.018062353134155273,52160,1.7150768041610718,,,,,,,,,,
816,0.18140624463558197,0.18140624463558197,DAD,0.018323421478271484,52224,1.6610603332519531,,,,,,,,,,
817,0.1940625011920929,0.1940625011920929,DAD,0.018210172653198242,52288,1.7542715072631836,,,,,,,,,,
818,0.16171875596046448,0.16171875596046448,DAD,0.018334627151489258,52352,1.5986049175262451,,,,,,,,,,
819,0.20671874284744263,0.21296875178813934,DAD,0.01803112030029297,52416,1.6899166107177734,,,,,,,,,,
820,0.15984374284744263,0.15984374284744263,DAD,0.020554065704345703,52480,1.6188338994979858,,,,,,,,,,
821,0.1809374988079071,0.1809374988079071,DAD,0.01830601692199707,52544,1.660343050956726,,,,,,,,,,
822,0.16828125715255737,0.16828125715255737,DAD,0.018074512481689453,52608,1.5989046096801758,,,,,,,,,,
823,0.1837500035762787,0.1837500035762787,DAD,0.0182955265045166,52672,1.6680539846420288,,,,,,,,,,
824,0.1720312535762787,0.1720312535762787,DAD,0.018093347549438477,52736,1.5431593656539917,,,,,,,,,,
825,0.17343750596046448,0.17343750596046448,DAD,0.018072128295898438,52800,1.5918080806732178,0.184453125,0.07445312500000001,8,0.7815948520569294,0.0625,0.015625,1,0.00046875,0.07445312500000001,0
826,0.17812499403953552,0.17812499403953552,DAD,0.018242835998535156,52864,1.6700571775436401,,,,,,,,,,
827,0.1654687523841858,0.1654687523841858,DAD,0.018169403076171875,52928,1.616816520690918,,,,,,,,,,
828,0.18000000715255737,0.18000000715255737,DAD,0.01807689666748047,52992,1.6737655401229858,,,,,,,,,,
829,0.17390625178813934,0.17390625178813934,DAD,0.019186973571777344,53056,1.569963812828064,,,,,,,,,,
830,0.17015625536441803,0.17015625536441803,DAD,0.018235445022583008,53120,1.4738095998764038,,,,,,,,,,
831,0.18515625596046448,0.18515625596046448,DAD,0.0181729793548584,53184,1.5193755626678467,,,,,,,,,,
832,0.21328124403953552,0.21328124403953552,DAD,0.018143177032470703,53248,1.6013755798339844,,,,,,,,,,
833,0.16875000298023224,0.16875000298023224,DAD,0.018108844757080078,53312,1.6261699199676514,,,,,,,,,,
834,0.17484375834465027,0.17484375834465027,DAD,0.01799607276916504,53376,1.5092700719833374,,,,,,,,,,
835,0.1640625,0.1640625,DAD,0.017859458923339844,53440,1.7478663921356201,,,,,,,,,,
836,0.19593749940395355,0.19593749940395355,DAD,0.018064260482788086,53504,1.696604609489441,,,,,,,,,,
837,0.1678124964237213,0.1678124964237213,DAD,0.01815962791442871,53568,1.6067450046539307,,,,,,,,,,
838,0.1706250011920929,0.1706250011920929,DAD,0.018308401107788086,53632,1.6569455862045288,,,,,,,,,,
839,0.18000000715255737,0.18000000715255737,DAD,0.017841815948486328,53696,1.6533105373382568,,,,,,,,,,
840,0.17765626311302185,0.17765626311302185,DAD,0.017778396606445312,53760,1.714568853378296,,,,,,,,,,
841,0.17859375476837158,0.17859375476837158,DAD,0.017997026443481445,53824,1.7534065246582031,,,,,,,,,,
842,0.15796875953674316,0.15796875953674316,DAD,0.01810598373413086,53888,1.5955371856689453,,,,,,,,,,
843,0.16687500476837158,0.16687500476837158,DAD,0.018317461013793945,53952,1.7442502975463867,,,,,,,,,,
844,0.1706250011920929,0.1706250011920929,DAD,0.01838994026184082,54016,1.689483404159546,,,,,,,,,,
845,0.18703125417232513,0.18703125417232513,DAD,0.01823282241821289,54080,1.8894832134246826,,,,,,,,,,
846,0.17156250774860382,0.17156250774860382,DAD,0.0177004337310791,54144,1.7631391286849976,,,,,,,,,,
847,0.19218750298023224,0.19218750298023224,DAD,0.01823282241821289,54208,1.7449411153793335,,,,,,,,,,
848,0.18046873807907104,0.18046873807907104,DAD,0.018219947814941406,54272,1.7685116529464722,,,,,,,,,,
849,0.17578125,0.17578125,DAD,0.020241737365722656,54336,1.7451770305633545,,,,,,,,,,
850,0.18703125417232513,0.18703125417232513,DAD,0.018336772918701172,54400,1.789937973022461,0.186328125,0.076328125,10,1.4528020654370613,0.078125,0.015625,1,0.00046875,0.076328125,0
851,0.17390626668930054,0.17390626668930054,DAD,0.018321752548217773,54464,1.7914445400238037,,,,,,,,,,
852,0.1692187488079071,0.1692187488079071,DAD,0.018014907836914062,54528,1.7842049598693848,,,,,,,,,,
853,0.18703125417232513,0.18703125417232513,DAD,0.01828908920288086,54592,1.8073160648345947,,,,,,,,,,
854,0.1889062523841858,0.1889062523841858,DAD,0.018300533294677734,54656,1.7838653326034546,,,,,,,,,,
855,0.18000000715255737,0.18000000715255737,DAD,0.01804184913635254,54720,1.7728956937789917,,,,,,,,,,
856,0.18796876072883606,0.18796876072883606,DAD,0.01854085922241211,54784,1.7139613628387451,,,,,,,,,,
857,0.17249999940395355,0.17249999940395355,DAD,0.01792740821838379,54848,1.7589309215545654,,,,,,,,,,
858,0.17531248927116394,0.17531248927116394,DAD,0.018131256103515625,54912,1.68351149559021,,,,,,,,,,
859,0.18187500536441803,0.18187500536441803,DAD,0.018042325973510742,54976,1.7243189811706543,,,,,,,,,,
860,0.18000000715255737,0.18000000715255737,DAD,0.018043041229248047,55040,1.65251624584198,,,,,,,,,,
861,0.1640625,0.1640625,DAD,0.020318269729614258,55104,1.5999740362167358,,,,,,,,,,
862,0.16968749463558197,0.16968749463558197,DAD,0.018971681594848633,55168,1.7306541204452515,,,,,,,,,,
863,0.18937499821186066,0.18937499821186066,DAD,0.018094301223754883,55232,1.7194126844406128,,,,,,,,,,
864,0.16593749821186066,0.16593749821186066,DAD,0.01822638511657715,55296,1.5307154655456543,,,,,,,,,,
865,0.1823437511920929,0.1823437511920929,DAD,0.01812458038330078,55360,1.6712955236434937,,,,,,,,,,
866,0.18328124284744263,0.18328124284744263,DAD,0.018178701400756836,55424,1.704209327697754,,,,,,,,,,
867,0.1889062523841858,0.1889062523841858,DAD,0.01812577247619629,55488,1.648374319076538,,,,,,,,,,
868,0.15562500059604645,0.15562500059604645,DAD,0.01817011833190918,55552,1.607363224029541,,,,,,,,,,
869,0.18046873807907104,0.18046873807907104,DAD,0.018024206161499023,55616,1.7205331325531006,,,,,,,,,,
870,0.19828125834465027,0.19828125834465027,DAD,0.018065929412841797,55680,1.8091148138046265,,,,,,,,,,
871,0.18328124284744263,0.18328124284744263,DAD,0.01807379722595215,55744,1.5745353698730469,,,,,,,,,,
872,0.17156249284744263,0.17156249284744263,DAD,0.018172740936279297,55808,1.559396743774414,,,,,,,,,,
873,0.1678124964237213,0.1678124964237213,DAD,0.01790595054626465,55872,1.6445401906967163,,,,,,,,,,
874,0.18421876430511475,0.18421876430511475,DAD,0.017966032028198242,55936,1.5647910833358765,,,,,,,,,,
875,0.16687500476837158,0.16687500476837158,DAD,0.01808476448059082,56000,1.5307092666625977,0.187265625,0.07648437500000001,10,1.971843416877183,0.078125,0.0078125,1,0.00046875,0.07648437500000001,0
876,0.17531248927116394,0.17531248927116394,DAD,0.018739700317382812,56064,1.6446679830551147,,,,,,,,,,
877,0.18468749523162842,0.18468749523162842,DAD,0.01819777488708496,56128,1.6432527303695679,,,,,,,,,,
878,0.1889062523841858,0.1889062523841858,DAD,0.018285512924194336,56192,1.6868550777435303,,,,,,,,,,
879,0.18468749523162842,0.18468749523162842,DAD,0.0201876163482666,56256,1.676526427268982,,,,,,,,,,
880,0.17156249284744263,0.17156249284744263,DAD,0.018402099609375,56320,1.5998663902282715,,,,,,,,,,
881,0.17999999225139618,0.17999999225139618,DAD,0.018034934997558594,56384,1.6320381164550781,,,,,,,,,,
882,0.16640624403953552,0.16640624403953552,DAD,0.01802992820739746,56448,1.657280683517456,,,,,,,,,,
883,0.17484374344348907,0.17484374344348907,DAD,0.018063783645629883,56512,1.6393272876739502,,,,,,,,,,
884,0.19031250476837158,0.19031250476837158,DAD,0.01801443099975586,56576,1.6318459510803223,,,,,,,,,,
885,0.18421876430511475,0.18421876430511475,DAD,0.018319129943847656,56640,1.7106422185897827,,,,,,,,,,
886,0.18046875298023224,0.18046875298023224,DAD,0.018320560455322266,56704,1.6644361019134521,,,,,,,,,,
887,0.17624999582767487,0.18250000476837158,DAD,0.018191814422607422,56768,1.643240213394165,,,,,,,,,,
888,0.18515625596046448,0.18515625596046448,DAD,0.018362760543823242,56832,1.6483081579208374,,,,,,,,,,
889,0.16734375059604645,0.16734375059604645,DAD,0.01817178726196289,56896,1.712811827659607,,,,,,,,,,
890,0.2057812511920929,0.2057812511920929,DAD,0.018211841583251953,56960,1.7782648801803589,,,,,,,,,,
891,0.17812499403953552,0.17812499403953552,DAD,0.01786327362060547,57024,1.7015246152877808,,,,,,,,,,
892,0.1837500035762787,0.1837500035762787,DAD,0.017914533615112305,57088,1.756545066833496,,,,,,,,,,
893,0.18328124284744263,0.18328124284744263,DAD,0.018004417419433594,57152,1.6940860748291016,,,,,,,,,,
894,0.1692187488079071,0.1692187488079071,DAD,0.018080472946166992,57216,1.6580228805541992,,,,,,,,,,
895,0.18421876430511475,0.1951562613248825,DAD,0.018148422241210938,57280,1.7766488790512085,,,,,,,,,,
896,0.19078126549720764,0.19078126549720764,DAD,0.018136024475097656,57344,1.7958338260650635,,,,,,,,,,
897,0.18000000715255737,0.18000000715255737,DAD,0.01810455322265625,57408,1.5819933414459229,,,,,,,,,,
898,0.17906250059604645,0.17906250059604645,DAD,0.018102645874023438,57472,1.6229766607284546,,,,,,,,,,
899,0.1823437511920929,0.1823437511920929,DAD,0.019355058670043945,57536,1.666203498840332,,,,,,,,,,
900,0.19078126549720764,0.19078126549720764,DAD,0.018414020538330078,57600,1.723893642425537,0.18796875000000002,0.08343750000000001,8,1.4459769438204908,0.0625,0.0234375,1,0.0009375,0.08343750000000001,0
901,0.17812500894069672,0.17812500894069672,DAD,0.018350601196289062,57664,1.6828149557113647,,,,,,,,,,
902,0.18000000715255737,0.18000000715255737,DAD,0.01817607879638672,57728,1.7069547176361084,,,,,,,,,,
903,0.17015625536441803,0.17015625536441803,DAD,0.01823258399963379,57792,1.7135210037231445,,,,,,,,,,
904,0.1889062523841858,0.1889062523841858,DAD,0.018146276473999023,57856,1.7572197914123535,,,,,,,,,,
905,0.1926562488079071,0.1926562488079071,DAD,0.01826190948486328,57920,1.7481982707977295,,,,,,,,,,
906,0.16312499344348907,0.16312499344348907,DAD,0.020472049713134766,57984,1.6536729335784912,,,,,,,,,,
907,0.1743749976158142,0.1743749976158142,DAD,0.017904996871948242,58048,1.7957079410552979,,,,,,,,,,
908,0.1720312535762787,0.1720312535762787,DAD,0.018054723739624023,58112,1.7057727575302124,,,,,,,,,,
909,0.1743749976158142,0.1743749976158142,DAD,0.018042325973510742,58176,1.693074107170105,,,,,,,,,,
910,0.1809374988079071,0.1809374988079071,DAD,0.01786351203918457,58240,1.6960008144378662,,,,,,,,,,
911,0.18187500536441803,0.18187500536441803,DAD,0.01817798614501953,58304,1.6550945043563843,,,,,,,,,,
912,0.19312500953674316,0.19312500953674316,DAD,0.018166780471801758,58368,1.739531397819519,,,,,,,,,,
913,0.18000000715255737,0.18000000715255737,DAD,0.0180509090423584,58432,1.656516432762146,,,,,,,,,,
914,0.18140625953674316,0.18140625953674316,DAD,0.017999887466430664,58496,1.6782715320587158,,,,,,,,,,
915,0.17296874523162842,0.17296874523162842,DAD,0.01812458038330078,58560,1.8012149333953857,,,,,,,,,,
916,0.18187499046325684,0.18187499046325684,DAD,0.018085241317749023,58624,1.6378757953643799,,,,,,,,,,
917,0.18703125417232513,0.18703125417232513,DAD,0.018002986907958984,58688,1.7860244512557983,,,,,,,,,,
918,0.2029687613248825,0.2029687613248825,DAD,0.01803112030029297,58752,1.7761468887329102,,,,,,,,,,
919,0.18843749165534973,0.18843749165534973,DAD,0.019205093383789062,58816,1.7257850170135498,,,,,,,,,,
920,0.1771875023841858,0.1771875023841858,DAD,0.018198013305664062,58880,1.769446849822998,,,,,,,,,,
921,0.1654687523841858,0.1654687523841858,DAD,0.01802849769592285,58944,1.7231138944625854,,,,,,,,,,
922,0.17109376192092896,0.17109376192092896,DAD,0.018018722534179688,59008,1.7836923599243164,,,,,,,,,,
923,0.17671874165534973,0.17671874165534973,DAD,0.018153667449951172,59072,1.6682041883468628,,,,,,,,,,
924,0.18000000715255737,0.18000000715255737,DAD,0.01810312271118164,59136,1.7330173254013062,,,,,,,,,,
925,0.17390625178813934,0.17390625178813934,DAD,0.018168926239013672,59200,1.8286423683166504,0.18890625,0.08203125000000001,13,1.3149409500530038,0.1015625,0.0234375,1,0.000703125,0.08203125000000001,0
926,0.17625001072883606,0.17625001072883606,DAD,0.018475055694580078,59264,1.7451143264770508,,,,,,,,,,
927,0.1795312464237213,0.1795312464237213,DAD,0.018166065216064453,59328,1.809067726135254,,,,,,,,,,
928,0.1654687523841858,0.1654687523841858,DAD,0.017901897430419922,59392,1.7230637073516846,,,,,,,,,,
929,0.1837500035762787,0.1837500035762787,DAD,0.01804947853088379,59456,1.7030528783798218,,,,,,,,,,
930,0.18187499046325684,0.18187499046325684,DAD,0.01794147491455078,59520,1.7053964138031006,,,,,,,,,,
931,0.19453124701976776,0.19453124701976776,DAD,0.018177270889282227,59584,1.7029565572738647,,,,,,,,,,
932,0.17484375834465027,0.17484375834465027,DAD,0.01804947853088379,59648,1.7208900451660156,,,,,,,,,,
933,0.16828125715255737,0.1745312511920929,DAD,0.018007755279541016,59712,1.689467191696167,,,,,,,,,,
934,0.17812499403953552,0.17812499403953552,DAD,0.017865419387817383,59776,1.6173079013824463,,,,,,,,,,
935,0.18656250834465027,0.18656250834465027,DAD,0.018970251083374023,59840,1.7681297063827515,,,,,,,,,,
936,0.16218748688697815,0.16218748688697815,DAD,0.0182192325592041,59904,1.6145954132080078,,,,,,,,,,
937,0.18796874582767487,0.18796874582767487,DAD,0.01815938949584961,59968,1.7056649923324585,,,,,,,,,,
938,0.17812500894069672,0.17812500894069672,DAD,0.020241260528564453,60032,1.669312834739685,,,,,,,,,,
939,0.18281251192092896,0.18281251192092896,DAD,0.017922639846801758,60096,1.637324333190918,,,,,,,,,,
940,0.1743750125169754,0.1743750125169754,DAD,0.017896652221679688,60160,1.642507791519165,,,,,,,,,,
941,0.17531248927116394,0.17531248927116394,DAD,0.018210411071777344,60224,1.563807487487793,,,,,,,,,,
942,0.19312500953674316,0.19312500953674316,DAD,0.017827510833740234,60288,1.5789417028427124,,,,,,,,,,
943,0.16640624403953552,0.16640624403953552,DAD,0.0180511474609375,60352,1.526179313659668,,,,,,,,,,
944,0.18937501311302185,0.18937501311302185,DAD,0.01788616180419922,60416,1.643385648727417,,,,,,,,,,
945,0.18656250834465027,0.18656250834465027,DAD,0.018169403076171875,60480,1.608578085899353,,,,,,,,,,
946,0.1692187488079071,0.1692187488079071,DAD,0.018157243728637695,60544,1.4572046995162964,,,,,,,,,,
947,0.17812500894069672,0.17812500894069672,DAD,0.018025875091552734,60608,1.572235107421875,,,,,,,,,,
948,0.17578125,0.17578125,DAD,0.018110036849975586,60672,1.5218689441680908,,,,,,,,,,
949,0.19312499463558197,0.19312499463558197,DAD,0.01818394660949707,60736,1.530931830406189,,,,,,,,,,
950,0.1940625011920929,0.1940625011920929,DAD,0.01798868179321289,60800,1.5636658668518066,0.18281250000000002,0.06968750000000001,8,1.5345328701759948,0.0625,0.0078125,1,0.000234375,0.06968750000000001,0
951,0.18562498688697815,0.18562498688697815,DAD,0.01834249496459961,60864,1.622696876525879,,,,,,,,,,
952,0.18656250834465027,0.18656250834465027,DAD,0.018148183822631836,60928,1.5117056369781494,,,,,,,,,,
953,0.18000000715255737,0.18000000715255737,DAD,0.018042325973510742,60992,1.4359419345855713,,,,,,,,,,
954,0.17765624821186066,0.17765624821186066,DAD,0.018044471740722656,61056,1.534656047821045,,,,,,,,,,
955,0.1846875101327896,0.1846875101327896,DAD,0.01793360710144043,61120,1.5097723007202148,,,,,,,,,,
956,0.17484375834465027,0.17484375834465027,DAD,0.018030166625976562,61184,1.5621857643127441,,,,,,,,,,
957,0.1692187488079071,0.1692187488079071,DAD,0.018115520477294922,61248,1.505981206893921,,,,,,,,,,
958,0.17109374701976776,0.17109374701976776,DAD,0.018123149871826172,61312,1.512662649154663,,,,,,,,,,
959,0.15843750536441803,0.15843750536441803,DAD,0.01827406883239746,61376,1.4728045463562012,,,,,,,,,,
960,0.17250001430511475,0.17250001430511475,DAD,0.018273353576660156,61440,1.5039514303207397,,,,,,,,,,
961,0.1589062511920929,0.1589062511920929,DAD,0.017853260040283203,61504,1.631429672241211,,,,,,,,,,
962,0.18703125417232513,0.18703125417232513,DAD,0.017945289611816406,61568,1.5624301433563232,,,,,,,,,,
963,0.18000000715255737,0.18000000715255737,DAD,0.018219470977783203,61632,1.6765755414962769,,,,,,,,,,
964,0.19171874225139618,0.19171874225139618,DAD,0.018017292022705078,61696,1.6847925186157227,,,,,,,,,,
965,0.1926562488079071,0.1926562488079071,DAD,0.020505428314208984,61760,1.648189902305603,,,,,,,,,,
966,0.17109376192092896,0.17109376192092896,DAD,0.018390893936157227,61824,1.6164252758026123,,,,,,,,,,
967,0.16968749463558197,0.16968749463558197,DAD,0.018100261688232422,61888,1.718562364578247,,,,,,,,,,
968,0.1809374988079071,0.1809374988079071,DAD,0.017992734909057617,61952,1.639524221420288,,,,,,,,,,
969,0.16593749821186066,0.16593749821186066,DAD,0.018184661865234375,62016,1.7216174602508545,,,,,,,,,,
970,0.18140624463558197,0.18140624463558197,DAD,0.018334627151489258,62080,1.8453369140625,,,,,,,,,,
971,0.18656250834465027,0.18656250834465027,DAD,0.018167972564697266,62144,1.7895069122314453,,,,,,,,,,
972,0.16968750953674316,0.16968750953674316,DAD,0.018015623092651367,62208,1.7268190383911133,,,,,,,,,,
973,0.20156249403953552,0.20156249403953552,DAD,0.019394397735595703,62272,1.8847559690475464,,,,,,,,,,
974,0.16640624403953552,0.16640624403953552,DAD,0.01810741424560547,62336,1.884828805923462,,,,,,,,,,
975,0.1640625,0.1640625,DAD,0.018416404724121094,62400,1.891066551208496,0.18421875,0.07109375000000001,12,1.8201815442445566,0.09375,0.0078125,1,0.000234375,0.07109375000000001,0
976,0.18328124284744263,0.18953125178813934,DAD,0.01837444305419922,62464,1.8755700588226318,,,,,,,,,,
977,0.17015625536441803,0.17015625536441803,DAD,0.02033829689025879,62528,1.8009560108184814,,,,,,,,,,
978,0.17015624046325684,0.17015624046325684,DAD,0.01848125457763672,62592,1.8815977573394775,,,,,,,,,,
979,0.1743749976158142,0.1743749976158142,DAD,0.018010616302490234,62656,1.830017328262329,,,,,,,,,,
980,0.18000000715255737,0.18000000715255737,DAD,0.01819753646850586,62720,1.836830973625183,,,,,,,,,,
981,0.16968749463558197,0.19468748569488525,DAD,0.018076181411743164,62784,1.8050220012664795,,,,,,,,,,
982,0.19031250476837158,0.19031250476837158,DAD,0.018136262893676758,62848,1.8187930583953857,,,,,,,,,,
983,0.17765624821186066,0.17765624821186066,DAD,0.018283605575561523,62912,1.8574002981185913,,,,,,,,,,
984,0.18656250834465027,0.18656250834465027,DAD,0.018073320388793945,62976,1.779152274131775,,,,,,,,,,
985,0.1640625,0.1640625,DAD,0.018138408660888672,63040,1.8002853393554688,,,,,,,,,,
986,0.18843750655651093,0.18843750655651093,DAD,0.018064022064208984,63104,1.8678183555603027,,,,,,,,,,
987,0.19359377026557922,0.19359377026557922,DAD,0.018999814987182617,63168,1.8172591924667358,,,,,,,,,,
988,0.18796876072883606,0.18796876072883606,DAD,0.018550872802734375,63232,2.0095012187957764,,,,,,,,,,
989,0.17859375476837158,0.17859375476837158,DAD,0.018435955047607422,63296,1.8556355237960815,,,,,,,,,,
990,0.1743749976158142,0.19468750059604645,DAD,0.01804327964782715,63360,1.8643865585327148,,,,,,,,,,
991,0.18000000715255737,0.18000000715255737,DAD,0.017976045608520508,63424,1.8408130407333374,,,,,,,,,,
992,0.17999999225139618,0.17999999225139618,DAD,0.018328428268432617,63488,1.8640607595443726,,,,,,,,,,
993,0.19687499105930328,0.19687499105930328,DAD,0.018322467803955078,63552,1.8093922138214111,,,,,,,,,,
994,0.20624999701976776,0.20624999701976776,DAD,0.018049240112304688,63616,1.8899415731430054,,,,,,,,,,
995,0.19031250476837158,0.19031250476837158,DAD,0.017985105514526367,63680,1.8991990089416504,,,,,,,,,,
996,0.18328124284744263,0.18328124284744263,DAD,0.020598173141479492,63744,1.8789538145065308,,,,,,,,,,
997,0.16453126072883606,0.16453126072883606,DAD,0.018040895462036133,63808,1.8212836980819702,,,,,,,,,,
998,0.19734375178813934,0.19734375178813934,DAD,0.01835775375366211,63872,1.948553442955017,,,,,,,,,,
999,0.17765624821186066,0.17765624821186066,DAD,0.017982006072998047,63936,1.7618815898895264,,,,,,,,,,
1000,0.17671874165534973,0.17671874165534973,DAD,0.017989635467529297,64000,1.7766588926315308,0.18656250000000002,0.0734375,14,1.269859422046736,0.109375,0.0078125,1,0.000234375,0.0734375,0
