update,mean_train_u_ctrl,mean_train_control_cost,method,update_seconds,trajectories_sampled,policy_entropy,validation_mean_u_ctrl,validation_mean_mocu,validation_n_unique_sequences,validation_sequence_entropy,validation_unique_frac,validation_under_control_rate,validation_valid,validation_mean_shortfall,validation_checkpoint_score,validation_meets_unique_floor
1,0.22828124463558197,0.22828124463558197,RL-sBOED,0.25441575050354004,64,3.358349561691284,,,,,,,,,,
2,0.22265625,0.22265625,RL-sBOED,0.03422832489013672,128,3.3535661697387695,,,,,,,,,,
3,0.23531250655651093,0.23531250655651093,RL-sBOED,0.032796382904052734,192,3.345078229904175,,,,,,,,,,
4,0.22218748927116394,0.22218748927116394,RL-sBOED,0.032135009765625,256,3.329995632171631,,,,,,,,,,
5,0.21843749284744263,0.21843749284744263,RL-sBOED,0.032468557357788086,320,3.3061065673828125,,,,,,,,,,
6,0.21937499940395355,0.21937499940395355,RL-sBOED,0.03356194496154785,384,3.2859554290771484,,,,,,,,,,
7,0.22875000536441803,0.22875000536441803,RL-sBOED,0.0321650505065918,448,3.262266159057617,,,,,,,,,,
8,0.2109375,0.2109375,RL-sBOED,0.0321195125579834,512,3.228100299835205,,,,,,,,,,
9,0.2160937488079071,0.2160937488079071,RL-sBOED,0.03197002410888672,576,3.177532911300659,,,,,,,,,,
10,0.21515625715255737,0.21515625715255737,RL-sBOED,0.03206133842468262,640,3.1181960105895996,,,,,,,,,,
11,0.2189062535762787,0.22984376549720764,RL-sBOED,0.032129764556884766,704,3.0621542930603027,,,,,,,,,,
12,0.20109376311302185,0.20109376311302185,RL-sBOED,0.032343387603759766,768,3.009829521179199,,,,,,,,,,
13,0.2057812511920929,0.2057812511920929,RL-sBOED,0.032279253005981445,832,2.952749252319336,,,,,,,,,,
14,0.20906250178813934,0.20906250178813934,RL-sBOED,0.03222036361694336,896,2.886687755584717,,,,,,,,,,
15,0.21187500655651093,0.21187500655651093,RL-sBOED,0.03222036361694336,960,2.806805372238159,,,,,,,,,,
16,0.21140626072883606,0.21140626072883606,RL-sBOED,0.032202720642089844,1024,2.67700457572937,,,,,,,,,,
17,0.19968751072883606,0.19968751072883606,RL-sBOED,0.03200888633728027,1088,2.5797624588012695,,,,,,,,,,
18,0.20343749225139618,0.20343749225139618,RL-sBOED,0.03194284439086914,1152,2.537048816680908,,,,,,,,,,
19,0.1940625011920929,0.1940625011920929,RL-sBOED,0.03211855888366699,1216,2.5319995880126953,,,,,,,,,,
20,0.19828125834465027,0.19828125834465027,RL-sBOED,0.03192543983459473,1280,2.5385353565216064,,,,,,,,,,
21,0.19499999284744263,0.19499999284744263,RL-sBOED,0.032044172286987305,1344,2.500960350036621,,,,,,,,,,
22,0.18000000715255737,0.18000000715255737,RL-sBOED,0.03229260444641113,1408,2.4778659343719482,,,,,,,,,,
23,0.2071875035762787,0.2071875035762787,RL-sBOED,0.03198361396789551,1472,2.4681782722473145,,,,,,,,,,
24,0.1940625011920929,0.1940625011920929,RL-sBOED,0.03187966346740723,1536,2.4539971351623535,,,,,,,,,,
25,0.1954687535762787,0.1954687535762787,RL-sBOED,0.03188180923461914,1600,2.429109811782837,0.18375,0.07921875,1,-0.0,0.0078125,0.0234375,1,0.0009375,0.07921875,0
26,0.18140625953674316,0.18140625953674316,RL-sBOED,0.032158613204956055,1664,2.411532163619995,,,,,,,,,,
27,0.1940625011920929,0.1940625011920929,RL-sBOED,0.031760215759277344,1728,2.3690576553344727,,,,,,,,,,
28,0.1978124976158142,0.1978124976158142,RL-sBOED,0.03188586235046387,1792,2.339844226837158,,,,,,,,,,
29,0.17625001072883606,0.17625001072883606,RL-sBOED,0.03224611282348633,1856,2.3145110607147217,,,,,,,,,,
30,0.1875,0.1875,RL-sBOED,0.032010555267333984,1920,2.2767553329467773,,,,,,,,,,
31,0.1837500035762787,0.1837500035762787,RL-sBOED,0.03199648857116699,1984,2.229806900024414,,,,,,,,,,
32,0.18796876072883606,0.18796876072883606,RL-sBOED,0.03203868865966797,2048,2.194887638092041,,,,,,,,,,
33,0.20015625655651093,0.20015625655651093,RL-sBOED,0.03200697898864746,2112,2.1328656673431396,,,,,,,,,,
34,0.19968749582767487,0.19968749582767487,RL-sBOED,0.03195929527282715,2176,2.0844435691833496,,,,,,,,,,
35,0.19031250476837158,0.19031250476837158,RL-sBOED,0.03196287155151367,2240,2.032021999359131,,,,,,,,,,
36,0.18421874940395355,0.18421874940395355,RL-sBOED,0.03220057487487793,2304,1.9398748874664307,,,,,,,,,,
37,0.18515625596046448,0.18515625596046448,RL-sBOED,0.03254270553588867,2368,1.8451039791107178,,,,,,,,,,
38,0.17671874165534973,0.17671874165534973,RL-sBOED,0.03211641311645508,2432,1.7622489929199219,,,,,,,,,,
39,0.18515625596046448,0.18515625596046448,RL-sBOED,0.03193998336791992,2496,1.688110589981079,,,,,,,,,,
40,0.1560937613248825,0.1560937613248825,RL-sBOED,0.03184390068054199,2560,1.702563762664795,,,,,,,,,,
41,0.1875,0.1875,RL-sBOED,0.03188657760620117,2624,1.7789925336837769,,,,,,,,,,
42,0.18796876072883606,0.18796876072883606,RL-sBOED,0.03222250938415527,2688,1.8237861394882202,,,,,,,,,,
43,0.18281249701976776,0.18281249701976776,RL-sBOED,0.031983137130737305,2752,1.9031966924667358,,,,,,,,,,
44,0.1823437511920929,0.1823437511920929,RL-sBOED,0.03180527687072754,2816,1.92826247215271,,,,,,,,,,
45,0.18656250834465027,0.18656250834465027,RL-sBOED,0.032030344009399414,2880,1.8993008136749268,,,,,,,,,,
46,0.17765624821186066,0.17765624821186066,RL-sBOED,0.03190970420837402,2944,1.841732382774353,,,,,,,,,,
47,0.17484374344348907,0.17484374344348907,RL-sBOED,0.03193235397338867,3008,1.7735466957092285,,,,,,,,,,
48,0.19968751072883606,0.19968751072883606,RL-sBOED,0.032334089279174805,3072,1.7949187755584717,,,,,,,,,,
49,0.19078125059604645,0.19078125059604645,RL-sBOED,0.03195071220397949,3136,1.8051002025604248,,,,,,,,,,
50,0.1809374988079071,0.1809374988079071,RL-sBOED,0.03222322463989258,3200,1.808702826499939,0.18539062499999998,0.072265625,3,0.505538769077736,0.0234375,0.0078125,1,0.000234375,0.072265625,0
51,0.17812499403953552,0.17812499403953552,RL-sBOED,0.03224515914916992,3264,1.8171948194503784,,,,,,,,,,
52,0.19078126549720764,0.19078126549720764,RL-sBOED,0.03191781044006348,3328,1.8407857418060303,,,,,,,,,,
53,0.16828125715255737,0.1885937601327896,RL-sBOED,0.03179001808166504,3392,1.9186596870422363,,,,,,,,,,
54,0.1837499886751175,0.1837499886751175,RL-sBOED,0.03186678886413574,3456,1.9954164028167725,,,,,,,,,,
55,0.17390623688697815,0.17390623688697815,RL-sBOED,0.03204965591430664,3520,1.9491915702819824,,,,,,,,,,
56,0.18281251192092896,0.18281251192092896,RL-sBOED,0.03190755844116211,3584,1.8815326690673828,,,,,,,,,,
57,0.18984375894069672,0.18984375894069672,RL-sBOED,0.03203415870666504,3648,1.812859296798706,,,,,,,,,,
58,0.17765624821186066,0.17765624821186066,RL-sBOED,0.031819820404052734,3712,1.779431700706482,,,,,,,,,,
59,0.1603125035762787,0.1603125035762787,RL-sBOED,0.031973838806152344,3776,1.701594352722168,,,,,,,,,,
60,0.1926562488079071,0.1926562488079071,RL-sBOED,0.032090187072753906,3840,1.709910273551941,,,,,,,,,,
61,0.1823437511920929,0.1823437511920929,RL-sBOED,0.03207516670227051,3904,1.606485366821289,,,,,,,,,,
62,0.18468749523162842,0.18468749523162842,RL-sBOED,0.03204703330993652,3968,1.7415155172348022,,,,,,,,,,
63,0.15187500417232513,0.15187500417232513,RL-sBOED,0.031876325607299805,4032,1.6705436706542969,,,,,,,,,,
64,0.17484375834465027,0.17484375834465027,RL-sBOED,0.03195762634277344,4096,1.7751059532165527,,,,,,,,,,
65,0.1771875023841858,0.1771875023841858,RL-sBOED,0.03192853927612305,4160,1.8392013311386108,,,,,,,,,,
66,0.19640624523162842,0.19640624523162842,RL-sBOED,0.03186225891113281,4224,1.816748023033142,,,,,,,,,,
67,0.1940625011920929,0.1940625011920929,RL-sBOED,0.03191208839416504,4288,1.8765122890472412,,,,,,,,,,
68,0.17343750596046448,0.17343750596046448,RL-sBOED,0.03190302848815918,4352,1.8003156185150146,,,,,,,,,,
69,0.18000000715255737,0.18000000715255737,RL-sBOED,0.03199481964111328,4416,1.9579262733459473,,,,,,,,,,
70,0.17812499403953552,0.17812499403953552,RL-sBOED,0.0319058895111084,4480,1.794762134552002,,,,,,,,,,
71,0.1875,0.1875,RL-sBOED,0.0318906307220459,4544,1.824745535850525,,,,,,,,,,
72,0.17578125,0.17578125,RL-sBOED,0.03191685676574707,4608,1.8636972904205322,,,,,,,,,,
73,0.18515625596046448,0.18515625596046448,RL-sBOED,0.03187966346740723,4672,1.9205377101898193,,,,,,,,,,
74,0.19171875715255737,0.19171875715255737,RL-sBOED,0.03194475173950195,4736,1.895792841911316,,,,,,,,,,
75,0.17906248569488525,0.17906248569488525,RL-sBOED,0.031813859939575195,4800,1.940155029296875,0.185859375,0.075859375,2,0.2337916587064593,0.015625,0.015625,1,0.0004687500000000002,0.075859375,0
76,0.1771875023841858,0.1771875023841858,RL-sBOED,0.03299140930175781,4864,2.0336949825286865,,,,,,,,,,
77,0.17343750596046448,0.17343750596046448,RL-sBOED,0.031964778900146484,4928,2.0277438163757324,,,,,,,,,,
78,0.17671875655651093,0.19234374165534973,RL-sBOED,0.03186511993408203,4992,2.1621055603027344,,,,,,,,,,
79,0.19874998927116394,0.19874998927116394,RL-sBOED,0.031911611557006836,5056,2.226720094680786,,,,,,,,,,
80,0.1926562488079071,0.1926562488079071,RL-sBOED,0.032039642333984375,5120,2.148698329925537,,,,,,,,,,
81,0.17765626311302185,0.17765626311302185,RL-sBOED,0.03219723701477051,5184,2.0536162853240967,,,,,,,,,,
82,0.17812499403953552,0.17812499403953552,RL-sBOED,0.032294511795043945,5248,1.9195750951766968,,,,,,,,,,
83,0.18281251192092896,0.18281251192092896,RL-sBOED,0.032024383544921875,5312,1.9238393306732178,,,,,,,,,,
84,0.18937501311302185,0.18937501311302185,RL-sBOED,0.032090187072753906,5376,1.8597897291183472,,,,,,,,,,
85,0.17906251549720764,0.17906251549720764,RL-sBOED,0.03183698654174805,5440,1.7865580320358276,,,,,,,,,,
86,0.1706250011920929,0.1706250011920929,RL-sBOED,0.03194546699523926,5504,1.7832164764404297,,,,,,,,,,
87,0.1771875023841858,0.1771875023841858,RL-sBOED,0.0320897102355957,5568,1.8665145635604858,,,,,,,,,,
88,0.19500000774860382,0.19500000774860382,RL-sBOED,0.03217458724975586,5632,1.8941445350646973,,,,,,,,,,
89,0.19078125059604645,0.19078125059604645,RL-sBOED,0.03193211555480957,5696,1.850529432296753,,,,,,,,,,
90,0.18187500536441803,0.18187500536441803,RL-sBOED,0.031899213790893555,5760,1.921037197113037,,,,,,,,,,
91,0.17109376192092896,0.17109376192092896,RL-sBOED,0.03224015235900879,5824,1.8712815046310425,,,,,,,,,,
92,0.18046873807907104,0.18046873807907104,RL-sBOED,0.03202939033508301,5888,1.8793704509735107,,,,,,,,,,
93,0.19499999284744263,0.19499999284744263,RL-sBOED,0.03207087516784668,5952,2.041123151779175,,,,,,,,,,
94,0.1860937476158142,0.1860937476158142,RL-sBOED,0.031803131103515625,6016,2.003922939300537,,,,,,,,,,
95,0.19453126192092896,0.19453126192092896,RL-sBOED,0.032006263732910156,6080,2.0475656986236572,,,,,,,,,,
96,0.1795312464237213,0.1795312464237213,RL-sBOED,0.03220701217651367,6144,2.0454158782958984,,,,,,,,,,
97,0.18703126907348633,0.18703126907348633,RL-sBOED,0.032546281814575195,6208,2.049150228500366,,,,,,,,,,
98,0.18656249344348907,0.18656249344348907,RL-sBOED,0.03267502784729004,6272,2.0913877487182617,,,,,,,,,,
99,0.17906250059604645,0.17906250059604645,RL-sBOED,0.03211665153503418,6336,2.0678887367248535,,,,,,,,,,
100,0.17484375834465027,0.17484375834465027,RL-sBOED,0.032068490982055664,6400,2.017845630645752,0.18421875,0.08281250000000001,9,1.3873591170863988,0.0703125,0.03125,1,0.001171875,0.08281250000000001,0
101,0.1743749976158142,0.1743749976158142,RL-sBOED,0.03224778175354004,6464,2.0289180278778076,,,,,,,,,,
102,0.19921875,0.19921875,RL-sBOED,0.0317692756652832,6528,2.1631197929382324,,,,,,,,,,
103,0.1809374988079071,0.1809374988079071,RL-sBOED,0.03169608116149902,6592,2.000959634780884,,,,,,,,,,
104,0.18843749165534973,0.18843749165534973,RL-sBOED,0.03202319145202637,6656,1.8765848875045776,,,,,,,,,,
105,0.18843750655651093,0.18843750655651093,RL-sBOED,0.03193926811218262,6720,1.8238134384155273,,,,,,,,,,
106,0.18468749523162842,0.18468749523162842,RL-sBOED,0.032007694244384766,6784,1.8422877788543701,,,,,,,,,,
107,0.19312500953674316,0.19312500953674316,RL-sBOED,0.031826019287109375,6848,1.9242093563079834,,,,,,,,,,
108,0.17578125,0.17578125,RL-sBOED,0.032282114028930664,6912,1.9274907112121582,,,,,,,,,,
109,0.1743749976158142,0.1743749976158142,RL-sBOED,0.032097578048706055,6976,2.0431995391845703,,,,,,,,,,
110,0.17296874523162842,0.17296874523162842,RL-sBOED,0.032065629959106445,7040,2.103137493133545,,,,,,,,,,
111,0.18140625953674316,0.18140625953674316,RL-sBOED,0.03244638442993164,7104,2.1972157955169678,,,,,,,,,,
112,0.17812499403953552,0.17812499403953552,RL-sBOED,0.03207206726074219,7168,2.1103405952453613,,,,,,,,,,
113,0.1795312464237213,0.1795312464237213,RL-sBOED,0.03231692314147949,7232,2.0787997245788574,,,,,,,,,,
114,0.1875,0.1875,RL-sBOED,0.03230476379394531,7296,2.161407709121704,,,,,,,,,,
115,0.19453126192092896,0.19453126192092896,RL-sBOED,0.03186607360839844,7360,2.2714414596557617,,,,,,,,,,
116,0.19312500953674316,0.19312500953674316,RL-sBOED,0.031949758529663086,7424,2.418956756591797,,,,,,,,,,
117,0.1875,0.1875,RL-sBOED,0.03189492225646973,7488,2.367828369140625,,,,,,,,,,
118,0.19640624523162842,0.19640624523162842,RL-sBOED,0.03192329406738281,7552,2.302006244659424,,,,,,,,,,
119,0.17578125,0.17578125,RL-sBOED,0.03175854682922363,7616,2.167165756225586,,,,,,,,,,
120,0.17671875655651093,0.17671875655651093,RL-sBOED,0.03222060203552246,7680,2.1122031211853027,,,,,,,,,,
121,0.19593748450279236,0.19593748450279236,RL-sBOED,0.03198575973510742,7744,2.2217459678649902,,,,,,,,,,
122,0.2071875035762787,0.2071875035762787,RL-sBOED,0.031822919845581055,7808,2.244661331176758,,,,,,,,,,
123,0.1954687535762787,0.1954687535762787,RL-sBOED,0.031996726989746094,7872,2.2384207248687744,,,,,,,,,,
124,0.1837500035762787,0.1837500035762787,RL-sBOED,0.03181576728820801,7936,2.1703970432281494,,,,,,,,,,
125,0.16640625894069672,0.16640625894069672,RL-sBOED,0.032318830490112305,8000,2.1519408226013184,0.18539062500000003,0.078515625,3,0.23452078866513282,0.0234375,0.0234375,1,0.0007031250000000002,0.078515625,0
126,0.1837500035762787,0.1837500035762787,RL-sBOED,0.03196859359741211,8064,1.9942102432250977,,,,,,,,,,
127,0.19218750298023224,0.19218750298023224,RL-sBOED,0.031907081604003906,8128,1.8951419591903687,,,,,,,,,,
128,0.17906250059604645,0.17906250059604645,RL-sBOED,0.031714439392089844,8192,1.8300297260284424,,,,,,,,,,
129,0.18046875298023224,0.18046875298023224,RL-sBOED,0.03190970420837402,8256,1.8734430074691772,,,,,,,,,,
130,0.1837499886751175,0.1837499886751175,RL-sBOED,0.03196215629577637,8320,1.9689159393310547,,,,,,,,,,
131,0.18000000715255737,0.18000000715255737,RL-sBOED,0.03207659721374512,8384,1.8833345174789429,,,,,,,,,,
132,0.19687500596046448,0.19687500596046448,RL-sBOED,0.03184199333190918,8448,2.0179734230041504,,,,,,,,,,
133,0.1823437511920929,0.1823437511920929,RL-sBOED,0.03215765953063965,8512,2.043078899383545,,,,,,,,,,
134,0.18046873807907104,0.18046873807907104,RL-sBOED,0.031916141510009766,8576,2.004833221435547,,,,,,,,,,
135,0.18796876072883606,0.18796876072883606,RL-sBOED,0.032173871994018555,8640,2.027963399887085,,,,,,,,,,
136,0.18515625596046448,0.18515625596046448,RL-sBOED,0.031723976135253906,8704,1.9588136672973633,,,,,,,,,,
137,0.18703125417232513,0.18703125417232513,RL-sBOED,0.0320131778717041,8768,1.898072600364685,,,,,,,,,,
138,0.18562500178813934,0.18562500178813934,RL-sBOED,0.03192615509033203,8832,1.888289451599121,,,,,,,,,,
139,0.18046873807907104,0.18046873807907104,RL-sBOED,0.03176164627075195,8896,1.9435644149780273,,,,,,,,,,
140,0.19078125059604645,0.19078125059604645,RL-sBOED,0.03187203407287598,8960,1.959734320640564,,,,,,,,,,
141,0.17343750596046448,0.17343750596046448,RL-sBOED,0.03215146064758301,9024,1.8928393125534058,,,,,,,,,,
142,0.18843750655651093,0.18843750655651093,RL-sBOED,0.03206181526184082,9088,1.946446418762207,,,,,,,,,,
143,0.17296874523162842,0.17296874523162842,RL-sBOED,0.03192448616027832,9152,1.812178373336792,,,,,,,,,,
144,0.16968749463558197,0.16968749463558197,RL-sBOED,0.0309755802154541,9216,1.7313477993011475,,,,,,,,,,
145,0.16078124940395355,0.1810937523841858,RL-sBOED,0.031751155853271484,9280,1.7063610553741455,,,,,,,,,,
146,0.18000000715255737,0.18000000715255737,RL-sBOED,0.03171825408935547,9344,1.7564060688018799,,,,,,,,,,
147,0.1860937476158142,0.1860937476158142,RL-sBOED,0.031702518463134766,9408,1.849822998046875,,,,,,,,,,
148,0.17625001072883606,0.17625001072883606,RL-sBOED,0.032132863998413086,9472,1.8801349401474,,,,,,,,,,
149,0.17578125,0.17578125,RL-sBOED,0.0320286750793457,9536,1.8123211860656738,,,,,,,,,,
150,0.17531248927116394,0.17531248927116394,RL-sBOED,0.032338619232177734,9600,1.823861837387085,0.189609375,0.092890625,16,1.9638963741734317,0.125,0.03125,1,0.001640625,0.092890625,0
151,0.17015624046325684,0.17015624046325684,RL-sBOED,0.0318450927734375,9664,1.7926998138427734,,,,,,,,,,
152,0.1889062523841858,0.1889062523841858,RL-sBOED,0.03172636032104492,9728,1.8406927585601807,,,,,,,,,,
153,0.19171875715255737,0.19171875715255737,RL-sBOED,0.03171062469482422,9792,1.809683084487915,,,,,,,,,,
154,0.19218750298023224,0.19218750298023224,RL-sBOED,0.0317380428314209,9856,1.8746598958969116,,,,,,,,,,
155,0.19640624523162842,0.19640624523162842,RL-sBOED,0.03174114227294922,9920,1.7810291051864624,,,,,,,,,,
156,0.17109374701976776,0.17109374701976776,RL-sBOED,0.03209066390991211,9984,1.738311767578125,,,,,,,,,,
157,0.18140624463558197,0.18140624463558197,RL-sBOED,0.03199934959411621,10048,1.7582647800445557,,,,,,,,,,
158,0.17625001072883606,0.17625001072883606,RL-sBOED,0.03214430809020996,10112,1.7760343551635742,,,,,,,,,,
159,0.1809374988079071,0.1809374988079071,RL-sBOED,0.032332658767700195,10176,1.7392549514770508,,,,,,,,,,
160,0.18421876430511475,0.18421876430511475,RL-sBOED,0.031946659088134766,10240,1.6895173788070679,,,,,,,,,,
161,0.18562500178813934,0.18562500178813934,RL-sBOED,0.03199005126953125,10304,1.7610657215118408,,,,,,,,,,
162,0.18281251192092896,0.18281251192092896,RL-sBOED,0.031688690185546875,10368,1.7156882286071777,,,,,,,,,,
163,0.19218748807907104,0.19218748807907104,RL-sBOED,0.03203320503234863,10432,1.7838075160980225,,,,,,,,,,
164,0.19593751430511475,0.19593751430511475,RL-sBOED,0.03208732604980469,10496,1.7816213369369507,,,,,,,,,,
165,0.16640624403953552,0.16640624403953552,RL-sBOED,0.03172492980957031,10560,1.792180061340332,,,,,,,,,,
166,0.19921875,0.19921875,RL-sBOED,0.032199859619140625,10624,1.8804186582565308,,,,,,,,,,
167,0.1992187649011612,0.1992187649011612,RL-sBOED,0.03186297416687012,10688,1.901979684829712,,,,,,,,,,
168,0.18656250834465027,0.18656250834465027,RL-sBOED,0.031777143478393555,10752,2.0665652751922607,,,,,,,,,,
169,0.18515625596046448,0.18515625596046448,RL-sBOED,0.031842708587646484,10816,1.8549838066101074,,,,,,,,,,
170,0.16968749463558197,0.16968749463558197,RL-sBOED,0.031896352767944336,10880,1.8632838726043701,,,,,,,,,,
171,0.20156249403953552,0.20156249403953552,RL-sBOED,0.031995534896850586,10944,1.942230224609375,,,,,,,,,,
172,0.18843750655651093,0.18843750655651093,RL-sBOED,0.031859397888183594,11008,2.039857864379883,,,,,,,,,,
173,0.17531248927116394,0.17531248927116394,RL-sBOED,0.03180289268493652,11072,1.7718385457992554,,,,,,,,,,
174,0.17109376192092896,0.17109376192092896,RL-sBOED,0.03191995620727539,11136,1.8162997961044312,,,,,,,,,,
175,0.1795312464237213,0.1795312464237213,RL-sBOED,0.031928300857543945,11200,1.903699278831482,0.18703124999999998,0.07703125,13,1.6758900865674735,0.1015625,0.015625,1,0.00046875,0.07703125,0
176,0.19359375536441803,0.19359375536441803,RL-sBOED,0.0320286750793457,11264,1.704237937927246,,,,,,,,,,
177,0.18984374403953552,0.18984374403953552,RL-sBOED,0.031813859939575195,11328,1.8028440475463867,,,,,,,,,,
178,0.17484375834465027,0.17484375834465027,RL-sBOED,0.03160405158996582,11392,1.8480027914047241,,,,,,,,,,
179,0.18703125417232513,0.18703125417232513,RL-sBOED,0.03194069862365723,11456,2.012972116470337,,,,,,,,,,
180,0.18046876788139343,0.18046876788139343,RL-sBOED,0.03200960159301758,11520,1.9475740194320679,,,,,,,,,,
181,0.20812499523162842,0.20812499523162842,RL-sBOED,0.03197741508483887,11584,1.8516944646835327,,,,,,,,,,
182,0.1809374988079071,0.1809374988079071,RL-sBOED,0.03192448616027832,11648,1.7284953594207764,,,,,,,,,,
183,0.20156249403953552,0.20156249403953552,RL-sBOED,0.03178548812866211,11712,1.705362319946289,,,,,,,,,,
184,0.20015624165534973,0.20015624165534973,RL-sBOED,0.031913042068481445,11776,1.7417072057724,,,,,,,,,,
185,0.18937501311302185,0.18937501311302185,RL-sBOED,0.031992435455322266,11840,1.6501253843307495,,,,,,,,,,
186,0.1692187488079071,0.1692187488079071,RL-sBOED,0.03191685676574707,11904,1.616919994354248,,,,,,,,,,
187,0.19687500596046448,0.19687500596046448,RL-sBOED,0.03200531005859375,11968,1.78348708152771,,,,,,,,,,
188,0.17999999225139618,0.17999999225139618,RL-sBOED,0.0320429801940918,12032,1.6915315389633179,,,,,,,,,,
189,0.17484375834465027,0.17484375834465027,RL-sBOED,0.03187370300292969,12096,1.7530276775360107,,,,,,,,,,
190,0.19734375178813934,0.19734375178813934,RL-sBOED,0.031909942626953125,12160,1.6647279262542725,,,,,,,,,,
191,0.1771875023841858,0.1771875023841858,RL-sBOED,0.032048940658569336,12224,1.785683035850525,,,,,,,,,,
192,0.17859375476837158,0.17859375476837158,RL-sBOED,0.032073974609375,12288,1.7022351026535034,,,,,,,,,,
193,0.18046873807907104,0.19140625,RL-sBOED,0.0319516658782959,12352,1.7120040655136108,,,,,,,,,,
194,0.17625001072883606,0.17625001072883606,RL-sBOED,0.031842947006225586,12416,1.7426704168319702,,,,,,,,,,
195,0.17812499403953552,0.17812499403953552,RL-sBOED,0.03192758560180664,12480,1.6839183568954468,,,,,,,,,,
196,0.17812500894069672,0.17812500894069672,RL-sBOED,0.0320582389831543,12544,1.5506099462509155,,,,,,,,,,
197,0.1678124964237213,0.1678124964237213,RL-sBOED,0.03214240074157715,12608,1.6039804220199585,,,,,,,,,,
198,0.18796876072883606,0.18796876072883606,RL-sBOED,0.03185629844665527,12672,1.7501170635223389,,,,,,,,,,
199,0.17343750596046448,0.17343750596046448,RL-sBOED,0.03192901611328125,12736,1.5909866094589233,,,,,,,,,,
200,0.16734373569488525,0.16734373569488525,RL-sBOED,0.03213930130004883,12800,1.6319630146026611,0.186328125,0.07320312500000001,8,0.7809741937849285,0.0625,0.0078125,1,0.000234375,0.07320312500000001,0
201,0.17578125,0.17578125,RL-sBOED,0.032115936279296875,12864,1.7035138607025146,,,,,,,,,,
202,0.17109374701976776,0.17109374701976776,RL-sBOED,0.03189420700073242,12928,1.8028978109359741,,,,,,,,,,
203,0.1720312535762787,0.1720312535762787,RL-sBOED,0.0317997932434082,12992,1.859830617904663,,,,,,,,,,
204,0.1940625011920929,0.1940625011920929,RL-sBOED,0.031908273696899414,13056,1.978350043296814,,,,,,,,,,
205,0.1889062523841858,0.1889062523841858,RL-sBOED,0.032125234603881836,13120,1.9066457748413086,,,,,,,,,,
206,0.17109376192092896,0.17109376192092896,RL-sBOED,0.0318903923034668,13184,1.841977834701538,,,,,,,,,,
207,0.18562501668930054,0.18562501668930054,RL-sBOED,0.0319523811340332,13248,1.893048644065857,,,,,,,,,,
208,0.20109376311302185,0.20109376311302185,RL-sBOED,0.031597137451171875,13312,1.8605012893676758,,,,,,,,,,
209,0.17296874523162842,0.17296874523162842,RL-sBOED,0.03187966346740723,13376,1.8581947088241577,,,,,,,,,,
210,0.19218750298023224,0.19218750298023224,RL-sBOED,0.03187298774719238,13440,2.011314630508423,,,,,,,,,,
211,0.18046873807907104,0.18046873807907104,RL-sBOED,0.03178834915161133,13504,2.009258270263672,,,,,,,,,,
212,0.17812500894069672,0.17812500894069672,RL-sBOED,0.03191399574279785,13568,2.0647528171539307,,,,,,,,,,
213,0.17671874165534973,0.17671874165534973,RL-sBOED,0.031838417053222656,13632,2.0372133255004883,,,,,,,,,,
214,0.15937501192092896,0.15937501192092896,RL-sBOED,0.03188276290893555,13696,1.8766783475875854,,,,,,,,,,
215,0.18000000715255737,0.18000000715255737,RL-sBOED,0.03192877769470215,13760,1.8447511196136475,,,,,,,,,,
216,0.18843750655651093,0.18843750655651093,RL-sBOED,0.03224945068359375,13824,1.7649539709091187,,,,,,,,,,
217,0.17343750596046448,0.17343750596046448,RL-sBOED,0.03168201446533203,13888,1.811003565788269,,,,,,,,,,
218,0.17531248927116394,0.17531248927116394,RL-sBOED,0.031807899475097656,13952,1.8639997243881226,,,,,,,,,,
219,0.18046875298023224,0.18046875298023224,RL-sBOED,0.03177452087402344,14016,1.7633721828460693,,,,,,,,,,
220,0.16500000655651093,0.16500000655651093,RL-sBOED,0.03179025650024414,14080,1.6844968795776367,,,,,,,,,,
221,0.16874998807907104,0.16874998807907104,RL-sBOED,0.032124996185302734,14144,1.7081226110458374,,,,,,,,,,
222,0.1692187488079071,0.1692187488079071,RL-sBOED,0.03200030326843262,14208,1.7020134925842285,,,,,,,,,,
223,0.17578125,0.17578125,RL-sBOED,0.032172441482543945,14272,1.7373180389404297,,,,,,,,,,
224,0.17390625178813934,0.17390625178813934,RL-sBOED,0.032032012939453125,14336,1.6587427854537964,,,,,,,,,,
225,0.18328125774860382,0.18328125774860382,RL-sBOED,0.03213047981262207,14400,1.6147797107696533,0.18421875,0.08281250000000001,11,1.044361687863628,0.0859375,0.03125,1,0.0011718750000000002,0.08281250000000001,0
226,0.18937499821186066,0.18937499821186066,RL-sBOED,0.03216147422790527,14464,1.5719554424285889,,,,,,,,,,
227,0.17859375476837158,0.17859375476837158,RL-sBOED,0.031674861907958984,14528,1.4356073141098022,,,,,,,,,,
228,0.2029687464237213,0.2029687464237213,RL-sBOED,0.03171563148498535,14592,1.5480140447616577,,,,,,,,,,
229,0.18140625953674316,0.18140625953674316,RL-sBOED,0.03160429000854492,14656,1.5709350109100342,,,,,,,,,,
230,0.18421874940395355,0.18421874940395355,RL-sBOED,0.03211569786071777,14720,1.5969786643981934,,,,,,,,,,
231,0.18000000715255737,0.18000000715255737,RL-sBOED,0.032024383544921875,14784,1.7380099296569824,,,,,,,,,,
232,0.18703125417232513,0.18703125417232513,RL-sBOED,0.031894683837890625,14848,1.715358018875122,,,,,,,,,,
233,0.1678124964237213,0.1678124964237213,RL-sBOED,0.03184366226196289,14912,1.835737943649292,,,,,,,,,,
234,0.18515625596046448,0.18515625596046448,RL-sBOED,0.03205609321594238,14976,1.8195135593414307,,,,,,,,,,
235,0.16312500834465027,0.16312500834465027,RL-sBOED,0.03183889389038086,15040,1.779369592666626,,,,,,,,,,
236,0.1743749976158142,0.1743749976158142,RL-sBOED,0.03220081329345703,15104,1.8564376831054688,,,,,,,,,,
237,0.1889062523841858,0.1889062523841858,RL-sBOED,0.03230857849121094,15168,1.8415937423706055,,,,,,,,,,
238,0.18703123927116394,0.18703123927116394,RL-sBOED,0.03245902061462402,15232,1.8669898509979248,,,,,,,,,,
239,0.17859375476837158,0.17859375476837158,RL-sBOED,0.03239774703979492,15296,2.0020394325256348,,,,,,,,,,
240,0.19312499463558197,0.19312499463558197,RL-sBOED,0.0322718620300293,15360,2.0590059757232666,,,,,,,,,,
241,0.18328125774860382,0.18328125774860382,RL-sBOED,0.03217577934265137,15424,2.0753376483917236,,,,,,,,,,
242,0.19593749940395355,0.19593749940395355,RL-sBOED,0.03233933448791504,15488,1.954824447631836,,,,,,,,,,
243,0.17625001072883606,0.17625001072883606,RL-sBOED,0.032624244689941406,15552,1.9102227687835693,,,,,,,,,,
244,0.17812499403953552,0.17812499403953552,RL-sBOED,0.03213763236999512,15616,1.8726062774658203,,,,,,,,,,
245,0.18421874940395355,0.18421874940395355,RL-sBOED,0.03226947784423828,15680,1.9927699565887451,,,,,,,,,,
246,0.18421876430511475,0.18421876430511475,RL-sBOED,0.03217601776123047,15744,1.890305519104004,,,,,,,,,,
247,0.17249999940395355,0.17249999940395355,RL-sBOED,0.031989097595214844,15808,1.8195260763168335,,,,,,,,,,
248,0.18281249701976776,0.18281249701976776,RL-sBOED,0.031916141510009766,15872,1.809390902519226,,,,,,,,,,
249,0.1678124964237213,0.1678124964237213,RL-sBOED,0.031653404235839844,15936,1.897806167602539,,,,,,,,,,
250,0.19218750298023224,0.19218750298023224,RL-sBOED,0.03182482719421387,16000,1.9624552726745605,0.18796875000000002,0.07484375000000001,8,0.8577194136569883,0.0625,0.0078125,1,0.000234375,0.07484375000000001,0
251,0.1912499964237213,0.1912499964237213,RL-sBOED,0.03190469741821289,16064,2.0670433044433594,,,,,,,,,,
252,0.1785937398672104,0.1785937398672104,RL-sBOED,0.03171706199645996,16128,2.0604629516601562,,,,,,,,,,
253,0.1795312464237213,0.1795312464237213,RL-sBOED,0.03178215026855469,16192,1.9426641464233398,,,,,,,,,,
254,0.1771875023841858,0.1771875023841858,RL-sBOED,0.03151750564575195,16256,1.8839807510375977,,,,,,,,,,
255,0.1837500035762787,0.1837500035762787,RL-sBOED,0.03183174133300781,16320,1.764474868774414,,,,,,,,,,
256,0.17765624821186066,0.17765624821186066,RL-sBOED,0.03184151649475098,16384,1.752746343612671,,,,,,,,,,
257,0.17906248569488525,0.17906248569488525,RL-sBOED,0.031903743743896484,16448,1.684722661972046,,,,,,,,,,
258,0.17812500894069672,0.17812500894069672,RL-sBOED,0.03189516067504883,16512,1.6167538166046143,,,,,,,,,,
259,0.17625001072883606,0.17625001072883606,RL-sBOED,0.03194737434387207,16576,1.6468026638031006,,,,,,,,,,
260,0.16499999165534973,0.16499999165534973,RL-sBOED,0.03189206123352051,16640,1.5713485479354858,,,,,,,,,,
261,0.18187499046325684,0.18187499046325684,RL-sBOED,0.03190898895263672,16704,1.7697312831878662,,,,,,,,,,
262,0.18140624463558197,0.18140624463558197,RL-sBOED,0.031991004943847656,16768,1.7270371913909912,,,,,,,,,,
263,0.1837500035762787,0.1837500035762787,RL-sBOED,0.0318148136138916,16832,1.826086401939392,,,,,,,,,,
264,0.1926562488079071,0.1926562488079071,RL-sBOED,0.03206515312194824,16896,1.8333934545516968,,,,,,,,,,
265,0.18562500178813934,0.18562500178813934,RL-sBOED,0.031934499740600586,16960,1.8972419500350952,,,,,,,,,,
266,0.17765626311302185,0.17765626311302185,RL-sBOED,0.031965017318725586,17024,1.901052474975586,,,,,,,,,,
267,0.17859375476837158,0.17859375476837158,RL-sBOED,0.0317537784576416,17088,1.8624366521835327,,,,,,,,,,
268,0.18796876072883606,0.18796876072883606,RL-sBOED,0.03212380409240723,17152,1.846086859703064,,,,,,,,,,
269,0.1823437511920929,0.1823437511920929,RL-sBOED,0.03183865547180176,17216,1.7879915237426758,,,,,,,,,,
270,0.19640624523162842,0.19640624523162842,RL-sBOED,0.03191041946411133,17280,1.8396624326705933,,,,,,,,,,
271,0.19171875715255737,0.19171875715255737,RL-sBOED,0.03213095664978027,17344,1.8135297298431396,,,,,,,,,,
272,0.19171875715255737,0.19171875715255737,RL-sBOED,0.03235363960266113,17408,1.733814001083374,,,,,,,,,,
273,0.1720312386751175,0.1720312386751175,RL-sBOED,0.03195548057556152,17472,1.5430827140808105,,,,,,,,,,
274,0.19453124701976776,0.19453124701976776,RL-sBOED,0.032141685485839844,17536,1.7352666854858398,,,,,,,,,,
275,0.17578125,0.17578125,RL-sBOED,0.032276153564453125,17600,1.6454986333847046,0.18210937500000002,0.068984375,7,1.4969206083637259,0.0546875,0.0078125,1,0.000234375,0.068984375,0
276,0.18843749165534973,0.18843749165534973,RL-sBOED,0.03227734565734863,17664,1.6889052391052246,,,,,,,,,,
277,0.19687500596046448,0.19687500596046448,RL-sBOED,0.031760215759277344,17728,1.8070776462554932,,,,,,,,,,
278,0.18421876430511475,0.18421876430511475,RL-sBOED,0.031835317611694336,17792,1.7413337230682373,,,,,,,,,,
279,0.1860937476158142,0.1860937476158142,RL-sBOED,0.03212785720825195,17856,1.8228001594543457,,,,,,,,,,
280,0.19031250476837158,0.19031250476837158,RL-sBOED,0.047179460525512695,17920,1.8310785293579102,,,,,,,,,,
281,0.1809374988079071,0.1809374988079071,RL-sBOED,0.03520917892456055,17984,1.790593147277832,,,,,,,,,,
282,0.20671874284744263,0.20671874284744263,RL-sBOED,0.043205976486206055,18048,1.9940545558929443,,,,,,,,,,
283,0.1706250011920929,0.1706250011920929,RL-sBOED,0.0362093448638916,18112,1.8149398565292358,,,,,,,,,,
284,0.16875000298023224,0.16875000298023224,RL-sBOED,0.04965639114379883,18176,1.8233757019042969,,,,,,,,,,
285,0.17343750596046448,0.17343750596046448,RL-sBOED,0.04260993003845215,18240,1.7318423986434937,,,,,,,,,,
286,0.18843749165534973,0.18843749165534973,RL-sBOED,0.03332066535949707,18304,1.9663666486740112,,,,,,,,,,
287,0.19218748807907104,0.19218748807907104,RL-sBOED,0.04216432571411133,18368,1.816906213760376,,,,,,,,,,
288,0.17578125,0.17578125,RL-sBOED,0.038838863372802734,18432,1.827629804611206,,,,,,,,,,
289,0.17859375476837158,0.17859375476837158,RL-sBOED,0.05395078659057617,18496,1.8931268453598022,,,,,,,,,,
290,0.1940625011920929,0.1940625011920929,RL-sBOED,0.04419684410095215,18560,2.0352301597595215,,,,,,,,,,
291,0.17343750596046448,0.17343750596046448,RL-sBOED,0.03545260429382324,18624,2.066488742828369,,,,,,,,,,
292,0.17671874165534973,0.17671874165534973,RL-sBOED,0.039795875549316406,18688,2.1634092330932617,,,,,,,,,,
293,0.18515625596046448,0.18515625596046448,RL-sBOED,0.04205012321472168,18752,2.085672378540039,,,,,,,,,,
294,0.19593751430511475,0.19593751430511475,RL-sBOED,0.038161516189575195,18816,2.1008706092834473,,,,,,,,,,
295,0.19734375178813934,0.19734375178813934,RL-sBOED,0.036272287368774414,18880,2.069066047668457,,,,,,,,,,
296,0.18937501311302185,0.18937501311302185,RL-sBOED,0.03908562660217285,18944,2.0447518825531006,,,,,,,,,,
297,0.18187499046325684,0.18187499046325684,RL-sBOED,0.04019427299499512,19008,1.978672981262207,,,,,,,,,,
298,0.18468749523162842,0.18468749523162842,RL-sBOED,0.03470587730407715,19072,1.9062002897262573,,,,,,,,,,
299,0.17296874523162842,0.17296874523162842,RL-sBOED,0.04226875305175781,19136,1.9016199111938477,,,,,,,,,,
300,0.18703123927116394,0.18703123927116394,RL-sBOED,0.04461383819580078,19200,1.8827742338180542,0.1875,0.080625,7,1.2944962150691892,0.0546875,0.0234375,1,0.000703125,0.080625,0
301,0.19687500596046448,0.19687500596046448,RL-sBOED,0.0397489070892334,19264,1.9253605604171753,,,,,,,,,,
302,0.2006250023841858,0.2006250023841858,RL-sBOED,0.038153648376464844,19328,2.021450996398926,,,,,,,,,,
303,0.18140625953674316,0.18140625953674316,RL-sBOED,0.05468893051147461,19392,1.9366363286972046,,,,,,,,,,
304,0.19500000774860382,0.19500000774860382,RL-sBOED,0.037273406982421875,19456,1.8912761211395264,,,,,,,,,,
305,0.17531250417232513,0.17531250417232513,RL-sBOED,0.053244590759277344,19520,1.8470258712768555,,,,,,,,,,
306,0.18796876072883606,0.18796876072883606,RL-sBOED,0.05277895927429199,19584,1.7596025466918945,,,,,,,,,,
307,0.1720312535762787,0.1720312535762787,RL-sBOED,0.03697681427001953,19648,1.8521335124969482,,,,,,,,,,
308,0.17906251549720764,0.17906251549720764,RL-sBOED,0.05099225044250488,19712,1.809260368347168,,,,,,,,,,
309,0.18000000715255737,0.18000000715255737,RL-sBOED,0.043143272399902344,19776,1.7370643615722656,,,,,,,,,,
310,0.1954687535762787,0.1954687535762787,RL-sBOED,0.04184222221374512,19840,1.7675552368164062,,,,,,,,,,
311,0.1954687535762787,0.1954687535762787,RL-sBOED,0.03549504280090332,19904,1.7051713466644287,,,,,,,,,,
312,0.1771875023841858,0.1771875023841858,RL-sBOED,0.04196786880493164,19968,1.722904920578003,,,,,,,,,,
313,0.19640624523162842,0.19640624523162842,RL-sBOED,0.0355379581451416,20032,1.6864489316940308,,,,,,,,,,
314,0.19359374046325684,0.19359374046325684,RL-sBOED,0.03233838081359863,20096,1.7182059288024902,,,,,,,,,,
315,0.18000000715255737,0.18000000715255737,RL-sBOED,0.03963923454284668,20160,1.7605270147323608,,,,,,,,,,
316,0.18140625953674316,0.18140625953674316,RL-sBOED,0.04722118377685547,20224,1.8547999858856201,,,,,,,,,,
317,0.1954687535762787,0.1954687535762787,RL-sBOED,0.06838226318359375,20288,1.7865016460418701,,,,,,,,,,
318,0.16828125715255737,0.16828125715255737,RL-sBOED,0.04568171501159668,20352,1.8334133625030518,,,,,,,,,,
319,0.18046875298023224,0.18046875298023224,RL-sBOED,0.03424668312072754,20416,1.7703232765197754,,,,,,,,,,
320,0.17343750596046448,0.17343750596046448,RL-sBOED,0.05510449409484863,20480,1.688889741897583,,,,,,,,,,
321,0.19640624523162842,0.19640624523162842,RL-sBOED,0.044207096099853516,20544,1.7249406576156616,,,,,,,,,,
322,0.1912499964237213,0.1912499964237213,RL-sBOED,0.04283261299133301,20608,1.8307013511657715,,,,,,,,,,
323,0.18515625596046448,0.18515625596046448,RL-sBOED,0.034827232360839844,20672,1.7579467296600342,,,,,,,,,,
324,0.16734375059604645,0.16734375059604645,RL-sBOED,0.037451744079589844,20736,1.7109445333480835,,,,,,,,,,
325,0.18140625953674316,0.18140625953674316,RL-sBOED,0.04027605056762695,20800,1.7044804096221924,0.18421875000000001,0.07109375000000001,11,1.4627741393534257,0.0859375,0.0078125,1,0.000234375,0.07109375000000001,0
326,0.18656249344348907,0.18656249344348907,RL-sBOED,0.03221249580383301,20864,1.6186459064483643,,,,,,,,,,
327,0.1603125035762787,0.1603125035762787,RL-sBOED,0.03188967704772949,20928,1.6625556945800781,,,,,,,,,,
328,0.1940625011920929,0.1940625011920929,RL-sBOED,0.031838178634643555,20992,1.781093955039978,,,,,,,,,,
329,0.1837500035762787,0.1837500035762787,RL-sBOED,0.03180956840515137,21056,1.7695462703704834,,,,,,,,,,
330,0.18562501668930054,0.18562501668930054,RL-sBOED,0.031899452209472656,21120,1.9132013320922852,,,,,,,,,,
331,0.18984374403953552,0.18984374403953552,RL-sBOED,0.03201603889465332,21184,1.8944425582885742,,,,,,,,,,
332,0.16500000655651093,0.16500000655651093,RL-sBOED,0.03203272819519043,21248,1.838755488395691,,,,,,,,,,
333,0.17343750596046448,0.17343750596046448,RL-sBOED,0.03200387954711914,21312,2.04447340965271,,,,,,,,,,
334,0.17578125,0.17578125,RL-sBOED,0.03205704689025879,21376,2.0545783042907715,,,,,,,,,,
335,0.19218750298023224,0.19218750298023224,RL-sBOED,0.03181934356689453,21440,2.012022018432617,,,,,,,,,,
336,0.1940625011920929,0.1940625011920929,RL-sBOED,0.031722307205200195,21504,2.055300235748291,,,,,,,,,,
337,0.19500000774860382,0.19500000774860382,RL-sBOED,0.03187894821166992,21568,1.9891399145126343,,,,,,,,,,
338,0.19593751430511475,0.19593751430511475,RL-sBOED,0.0319826602935791,21632,1.9193522930145264,,,,,,,,,,
339,0.16968750953674316,0.16968750953674316,RL-sBOED,0.03172659873962402,21696,1.9236030578613281,,,,,,,,,,
340,0.18796874582767487,0.18796874582767487,RL-sBOED,0.03199958801269531,21760,2.0934841632843018,,,,,,,,,,
341,0.18937499821186066,0.18937499821186066,RL-sBOED,0.03214406967163086,21824,2.1085774898529053,,,,,,,,,,
342,0.1771875023841858,0.1771875023841858,RL-sBOED,0.03201556205749512,21888,2.09562087059021,,,,,,,,,,
343,0.17765626311302185,0.17765626311302185,RL-sBOED,0.03230881690979004,21952,2.1213502883911133,,,,,,,,,,
344,0.1837500035762787,0.1837500035762787,RL-sBOED,0.03216695785522461,22016,2.0134315490722656,,,,,,,,,,
345,0.1823437511920929,0.1823437511920929,RL-sBOED,0.03211498260498047,22080,2.105119228363037,,,,,,,,,,
346,0.17859375476837158,0.17859375476837158,RL-sBOED,0.03233957290649414,22144,2.0335280895233154,,,,,,,,,,
347,0.19312500953674316,0.19312500953674316,RL-sBOED,0.03191947937011719,22208,2.0614871978759766,,,,,,,,,,
348,0.18703125417232513,0.18703125417232513,RL-sBOED,0.03210759162902832,22272,1.9720377922058105,,,,,,,,,,
349,0.18140624463558197,0.18140624463558197,RL-sBOED,0.03193235397338867,22336,1.9578156471252441,,,,,,,,,,
350,0.17812500894069672,0.17812500894069672,RL-sBOED,0.03186655044555664,22400,1.8110575675964355,0.1884375,0.07218750000000002,13,1.9036857452335483,0.1015625,0.0,1,0.0,0.07218750000000002,0
351,0.19078125059604645,0.19078125059604645,RL-sBOED,0.031960487365722656,22464,1.936479926109314,,,,,,,,,,
352,0.17484375834465027,0.17484375834465027,RL-sBOED,0.031739234924316406,22528,1.862489938735962,,,,,,,,,,
353,0.1889062374830246,0.1889062374830246,RL-sBOED,0.03187203407287598,22592,2.015734910964966,,,,,,,,,,
354,0.16874998807907104,0.16874998807907104,RL-sBOED,0.03196573257446289,22656,1.9566476345062256,,,,,,,,,,
355,0.20015625655651093,0.20015625655651093,RL-sBOED,0.03181862831115723,22720,1.8526027202606201,,,,,,,,,,
356,0.17390623688697815,0.17390623688697815,RL-sBOED,0.03218817710876465,22784,1.8167314529418945,,,,,,,,,,
357,0.17156250774860382,0.17156250774860382,RL-sBOED,0.03196430206298828,22848,1.808688998222351,,,,,,,,,,
358,0.1823437511920929,0.1823437511920929,RL-sBOED,0.03224921226501465,22912,1.798110842704773,,,,,,,,,,
359,0.1860937625169754,0.1860937625169754,RL-sBOED,0.03197669982910156,22976,1.7282942533493042,,,,,,,,,,
360,0.1626562476158142,0.1626562476158142,RL-sBOED,0.03226828575134277,23040,1.802486777305603,,,,,,,,,,
361,0.16734376549720764,0.16734376549720764,RL-sBOED,0.03266334533691406,23104,1.674317717552185,,,,,,,,,,
362,0.17671874165534973,0.17671874165534973,RL-sBOED,0.0319056510925293,23168,1.655221700668335,,,,,,,,,,
363,0.1823437511920929,0.1823437511920929,RL-sBOED,0.03194165229797363,23232,1.6610498428344727,,,,,,,,,,
364,0.16687500476837158,0.16687500476837158,RL-sBOED,0.03218483924865723,23296,1.5384677648544312,,,,,,,,,,
365,0.1729687601327896,0.1729687601327896,RL-sBOED,0.03242683410644531,23360,1.4856178760528564,,,,,,,,,,
366,0.16687500476837158,0.16687500476837158,RL-sBOED,0.03220343589782715,23424,1.5299921035766602,,,,,,,,,,
367,0.17015624046325684,0.17015624046325684,RL-sBOED,0.031915903091430664,23488,1.4650801420211792,,,,,,,,,,
368,0.18937498331069946,0.18937498331069946,RL-sBOED,0.03203320503234863,23552,1.5309972763061523,,,,,,,,,,
369,0.19687500596046448,0.19687500596046448,RL-sBOED,0.03190159797668457,23616,1.6280463933944702,,,,,,,,,,
370,0.1837500035762787,0.1837500035762787,RL-sBOED,0.031943559646606445,23680,1.6027863025665283,,,,,,,,,,
371,0.17906250059604645,0.17906250059604645,RL-sBOED,0.03216361999511719,23744,1.7998082637786865,,,,,,,,,,
372,0.18984374403953552,0.18984374403953552,RL-sBOED,0.03222513198852539,23808,1.7785425186157227,,,,,,,,,,
373,0.18562500178813934,0.18562500178813934,RL-sBOED,0.032036781311035156,23872,1.7986658811569214,,,,,,,,,,
374,0.1795312464237213,0.1795312464237213,RL-sBOED,0.03212547302246094,23936,1.826242208480835,,,,,,,,,,
375,0.1978124976158142,0.1978124976158142,RL-sBOED,0.032205820083618164,24000,1.8589823246002197,0.183046875,0.12070312500000002,9,1.4398797834899633,0.0703125,0.0703125,0,0.0046875,1000.323828125,0
376,0.19218750298023224,0.19218750298023224,RL-sBOED,0.031943321228027344,24064,1.922576665878296,,,,,,,,,,
377,0.17249999940395355,0.17249999940395355,RL-sBOED,0.03192949295043945,24128,1.8962587118148804,,,,,,,,,,
378,0.17625001072883606,0.17625001072883606,RL-sBOED,0.032021522521972656,24192,1.9121469259262085,,,,,,,,,,
379,0.1912499964237213,0.1912499964237213,RL-sBOED,0.03214001655578613,24256,1.916877269744873,,,,,,,,,,
380,0.19968751072883606,0.19968751072883606,RL-sBOED,0.03173494338989258,24320,2.0095300674438477,,,,,,,,,,
381,0.15843749046325684,0.15843749046325684,RL-sBOED,0.032129764556884766,24384,2.025747776031494,,,,,,,,,,
382,0.18515625596046448,0.18515625596046448,RL-sBOED,0.03215312957763672,24448,1.900724172592163,,,,,,,,,,
383,0.18421874940395355,0.18421874940395355,RL-sBOED,0.03193807601928711,24512,1.798840045928955,,,,,,,,,,
384,0.1912499964237213,0.1912499964237213,RL-sBOED,0.03191089630126953,24576,1.8360373973846436,,,,,,,,,,
385,0.17249999940395355,0.17249999940395355,RL-sBOED,0.03208279609680176,24640,1.8729170560836792,,,,,,,,,,
386,0.17578125,0.17578125,RL-sBOED,0.03197145462036133,24704,1.8225898742675781,,,,,,,,,,
387,0.1706250011920929,0.1706250011920929,RL-sBOED,0.03201699256896973,24768,1.8940417766571045,,,,,,,,,,
388,0.17343750596046448,0.17343750596046448,RL-sBOED,0.03214406967163086,24832,1.7360405921936035,,,,,,,,,,
389,0.1889062523841858,0.1889062523841858,RL-sBOED,0.03202700614929199,24896,1.7947410345077515,,,,,,,,,,
390,0.17296874523162842,0.17296874523162842,RL-sBOED,0.03217649459838867,24960,1.753183364868164,,,,,,,,,,
391,0.1706250011920929,0.1706250011920929,RL-sBOED,0.032056331634521484,25024,1.6389026641845703,,,,,,,,,,
392,0.16453126072883606,0.16453126072883606,RL-sBOED,0.032114267349243164,25088,1.6280755996704102,,,,,,,,,,
393,0.17343750596046448,0.19374999403953552,RL-sBOED,0.03214764595031738,25152,1.6205782890319824,,,,,,,,,,
394,0.17484375834465027,0.17484375834465027,RL-sBOED,0.03191781044006348,25216,1.574305772781372,,,,,,,,,,
395,0.18562498688697815,0.18562498688697815,RL-sBOED,0.03191971778869629,25280,1.587458610534668,,,,,,,,,,
396,0.1743749976158142,0.1743749976158142,RL-sBOED,0.031847476959228516,25344,1.6220576763153076,,,,,,,,,,
397,0.1654687523841858,0.1654687523841858,RL-sBOED,0.032064199447631836,25408,1.7532730102539062,,,,,,,,,,
398,0.16734373569488525,0.16734373569488525,RL-sBOED,0.03193473815917969,25472,1.6597263813018799,,,,,,,,,,
399,0.17859375476837158,0.17859375476837158,RL-sBOED,0.03212690353393555,25536,1.8157318830490112,,,,,,,,,,
400,0.18140625953674316,0.18140625953674316,RL-sBOED,0.031960487365722656,25600,1.9411991834640503,0.19078125,0.09015625000000001,11,1.764750670819638,0.0859375,0.015625,1,0.0014062500000000002,0.09015625000000001,0
401,0.18468749523162842,0.18468749523162842,RL-sBOED,0.03206372261047363,25664,1.8787610530853271,,,,,,,,,,
402,0.1720312535762787,0.1720312535762787,RL-sBOED,0.0318145751953125,25728,1.8436063528060913,,,,,,,,,,
403,0.19171875715255737,0.19171875715255737,RL-sBOED,0.031981468200683594,25792,2.0087380409240723,,,,,,,,,,
404,0.18187499046325684,0.18187499046325684,RL-sBOED,0.03166961669921875,25856,1.7949585914611816,,,,,,,,,,
405,0.1926562488079071,0.1926562488079071,RL-sBOED,0.03192400932312012,25920,1.8840436935424805,,,,,,,,,,
406,0.18703123927116394,0.18703123927116394,RL-sBOED,0.031926631927490234,25984,1.8126319646835327,,,,,,,,,,
407,0.18843749165534973,0.18843749165534973,RL-sBOED,0.03210020065307617,26048,1.8028682470321655,,,,,,,,,,
408,0.1795312464237213,0.1795312464237213,RL-sBOED,0.03209328651428223,26112,1.6103532314300537,,,,,,,,,,
409,0.1889062523841858,0.1889062523841858,RL-sBOED,0.03200244903564453,26176,1.7555532455444336,,,,,,,,,,
410,0.17906251549720764,0.17906251549720764,RL-sBOED,0.03193068504333496,26240,1.6204450130462646,,,,,,,,,,
411,0.17484375834465027,0.17484375834465027,RL-sBOED,0.031937360763549805,26304,1.6093547344207764,,,,,,,,,,
412,0.17671875655651093,0.17671875655651093,RL-sBOED,0.03185915946960449,26368,1.6646088361740112,,,,,,,,,,
413,0.18421874940395355,0.18421874940395355,RL-sBOED,0.03180098533630371,26432,1.6734541654586792,,,,,,,,,,
414,0.18843750655651093,0.18843750655651093,RL-sBOED,0.03191518783569336,26496,1.597686767578125,,,,,,,,,,
415,0.1860937476158142,0.1860937476158142,RL-sBOED,0.03212857246398926,26560,1.5315855741500854,,,,,,,,,,
416,0.18515625596046448,0.18515625596046448,RL-sBOED,0.03194093704223633,26624,1.5854628086090088,,,,,,,,,,
417,0.1823437511920929,0.19328124821186066,RL-sBOED,0.03241991996765137,26688,1.52835214138031,,,,,,,,,,
418,0.17625001072883606,0.17625001072883606,RL-sBOED,0.03206968307495117,26752,1.557037353515625,,,,,,,,,,
419,0.16875000298023224,0.16875000298023224,RL-sBOED,0.03189206123352051,26816,1.615387201309204,,,,,,,,,,
420,0.18046875298023224,0.18046875298023224,RL-sBOED,0.031842708587646484,26880,1.5828924179077148,,,,,,,,,,
421,0.1875,0.1875,RL-sBOED,0.032013654708862305,26944,1.6645581722259521,,,,,,,,,,
422,0.1837500035762787,0.1837500035762787,RL-sBOED,0.0321955680847168,27008,1.6486032009124756,,,,,,,,,,
423,0.18046875298023224,0.18046875298023224,RL-sBOED,0.0321352481842041,27072,1.687798261642456,,,,,,,,,,
424,0.17390623688697815,0.18015624582767487,RL-sBOED,0.03202462196350098,27136,1.7330975532531738,,,,,,,,,,
425,0.17484375834465027,0.17484375834465027,RL-sBOED,0.03182530403137207,27200,1.7095626592636108,0.188203125,0.091484375,9,1.6567058490412154,0.0703125,0.03125,1,0.001640625,0.091484375,0
426,0.16687500476837158,0.16687500476837158,RL-sBOED,0.032024383544921875,27264,1.684699296951294,,,,,,,,,,
427,0.17296874523162842,0.17296874523162842,RL-sBOED,0.0316164493560791,27328,1.7099450826644897,,,,,,,,,,
428,0.18328125774860382,0.18328125774860382,RL-sBOED,0.03202414512634277,27392,1.6986106634140015,,,,,,,,,,
429,0.17390623688697815,0.17390623688697815,RL-sBOED,0.032242774963378906,27456,1.5336229801177979,,,,,,,,,,
430,0.1860937476158142,0.1860937476158142,RL-sBOED,0.03228878974914551,27520,1.673327922821045,,,,,,,,,,
431,0.18421874940395355,0.18421874940395355,RL-sBOED,0.03215909004211426,27584,1.6004884243011475,,,,,,,,,,
432,0.19078123569488525,0.19078123569488525,RL-sBOED,0.03207039833068848,27648,1.7220996618270874,,,,,,,,,,
433,0.1720312535762787,0.1720312535762787,RL-sBOED,0.03212285041809082,27712,1.697453260421753,,,,,,,,,,
434,0.17625001072883606,0.17625001072883606,RL-sBOED,0.03187894821166992,27776,1.6960456371307373,,,,,,,,,,
435,0.1706250011920929,0.1706250011920929,RL-sBOED,0.032034873962402344,27840,1.6326888799667358,,,,,,,,,,
436,0.19031250476837158,0.19031250476837158,RL-sBOED,0.03221750259399414,27904,1.850046157836914,,,,,,,,,,
437,0.16499999165534973,0.16499999165534973,RL-sBOED,0.031922101974487305,27968,1.6865500211715698,,,,,,,,,,
438,0.1912500113248825,0.1912500113248825,RL-sBOED,0.0322413444519043,28032,1.8069820404052734,,,,,,,,,,
439,0.18937501311302185,0.18937501311302185,RL-sBOED,0.031844139099121094,28096,1.6883583068847656,,,,,,,,,,
440,0.18562500178813934,0.18562500178813934,RL-sBOED,0.03183865547180176,28160,1.7001368999481201,,,,,,,,,,
441,0.18140625953674316,0.18140625953674316,RL-sBOED,0.031992197036743164,28224,1.6655938625335693,,,,,,,,,,
442,0.17390623688697815,0.17390623688697815,RL-sBOED,0.03206777572631836,28288,1.621915578842163,,,,,,,,,,
443,0.18000000715255737,0.18000000715255737,RL-sBOED,0.03208446502685547,28352,1.7455158233642578,,,,,,,,,,
444,0.18515625596046448,0.18515625596046448,RL-sBOED,0.03221559524536133,28416,1.7767176628112793,,,,,,,,,,
445,0.1926562488079071,0.1926562488079071,RL-sBOED,0.03225231170654297,28480,1.83224618434906,,,,,,,,,,
446,0.1743749976158142,0.1743749976158142,RL-sBOED,0.032091379165649414,28544,1.8211565017700195,,,,,,,,,,
447,0.17531250417232513,0.18156249821186066,RL-sBOED,0.03189682960510254,28608,1.7645087242126465,,,,,,,,,,
448,0.16312500834465027,0.16312500834465027,RL-sBOED,0.032524824142456055,28672,1.7779948711395264,,,,,,,,,,
449,0.17343750596046448,0.17343750596046448,RL-sBOED,0.04632115364074707,28736,1.7535247802734375,,,,,,,,,,
450,0.18562501668930054,0.18562501668930054,RL-sBOED,0.034894704818725586,28800,1.7589080333709717,0.187734375,0.071484375,14,1.5933531581653926,0.109375,0.0,1,0.0,0.071484375,0
451,0.16875000298023224,0.16875000298023224,RL-sBOED,0.031948089599609375,28864,1.673142433166504,,,,,,,,,,
452,0.1940625011920929,0.1940625011920929,RL-sBOED,0.03170943260192871,28928,1.711177110671997,,,,,,,,,,
453,0.17578125,0.17578125,RL-sBOED,0.031778812408447266,28992,1.6598377227783203,,,,,,,,,,
454,0.16499999165534973,0.16499999165534973,RL-sBOED,0.031911611557006836,29056,1.629376769065857,,,,,,,,,,
455,0.1795312464237213,0.1795312464237213,RL-sBOED,0.032178401947021484,29120,1.5892987251281738,,,,,,,,,,
456,0.18796876072883606,0.18796876072883606,RL-sBOED,0.03180265426635742,29184,1.7175004482269287,,,,,,,,,,
457,0.1771875023841858,0.1834374964237213,RL-sBOED,0.031797170639038086,29248,1.6615190505981445,,,,,,,,,,
458,0.17531250417232513,0.17531250417232513,RL-sBOED,0.03200531005859375,29312,1.7945115566253662,,,,,,,,,,
459,0.1964062601327896,0.1964062601327896,RL-sBOED,0.03190016746520996,29376,1.8279857635498047,,,,,,,,,,
460,0.17812499403953552,0.17812499403953552,RL-sBOED,0.031850576400756836,29440,1.7224884033203125,,,,,,,,,,
461,0.18046873807907104,0.18046873807907104,RL-sBOED,0.031986236572265625,29504,1.7580833435058594,,,,,,,,,,
462,0.18843749165534973,0.18843749165534973,RL-sBOED,0.031963348388671875,29568,1.8319594860076904,,,,,,,,,,
463,0.17249999940395355,0.17249999940395355,RL-sBOED,0.03242182731628418,29632,1.6857671737670898,,,,,,,,,,
464,0.19593749940395355,0.19593749940395355,RL-sBOED,0.03238821029663086,29696,1.7884938716888428,,,,,,,,,,
465,0.15703125298023224,0.15703125298023224,RL-sBOED,0.03213763236999512,29760,1.6535072326660156,,,,,,,,,,
466,0.17531250417232513,0.17531250417232513,RL-sBOED,0.03181195259094238,29824,1.8281673192977905,,,,,,,,,,
467,0.1785937398672104,0.1785937398672104,RL-sBOED,0.031999826431274414,29888,1.8930349349975586,,,,,,,,,,
468,0.18515625596046448,0.18515625596046448,RL-sBOED,0.03201699256896973,29952,1.8888715505599976,,,,,,,,,,
469,0.18656249344348907,0.18656249344348907,RL-sBOED,0.031926870346069336,30016,1.8009599447250366,,,,,,,,,,
470,0.18468749523162842,0.18468749523162842,RL-sBOED,0.03186321258544922,30080,1.795633316040039,,,,,,,,,,
471,0.18656249344348907,0.18656249344348907,RL-sBOED,0.03208613395690918,30144,1.759961485862732,,,,,,,,,,
472,0.16734375059604645,0.16734375059604645,RL-sBOED,0.03205704689025879,30208,1.6193212270736694,,,,,,,,,,
473,0.18796876072883606,0.18796876072883606,RL-sBOED,0.03237152099609375,30272,1.74638032913208,,,,,,,,,,
474,0.2006250023841858,0.2006250023841858,RL-sBOED,0.033315420150756836,30336,1.7276614904403687,,,,,,,,,,
475,0.18000000715255737,0.18000000715255737,RL-sBOED,0.03207564353942871,30400,1.8142118453979492,0.18046875,0.10250000000000002,8,1.2977151568148562,0.0625,0.0546875,0,0.0032812500000000003,1000.149375,0
476,0.17390626668930054,0.17390626668930054,RL-sBOED,0.03206777572631836,30464,1.8663678169250488,,,,,,,,,,
477,0.18796874582767487,0.18796874582767487,RL-sBOED,0.03178715705871582,30528,1.9107904434204102,,,,,,,,,,
478,0.17531251907348633,0.17531251907348633,RL-sBOED,0.031716108322143555,30592,1.9366176128387451,,,,,,,,,,
479,0.16968749463558197,0.16968749463558197,RL-sBOED,0.03183484077453613,30656,1.9188013076782227,,,,,,,,,,
480,0.17296874523162842,0.17296874523162842,RL-sBOED,0.03190207481384277,30720,1.950492262840271,,,,,,,,,,
481,0.18140625953674316,0.18140625953674316,RL-sBOED,0.032379150390625,30784,1.8460806608200073,,,,,,,,,,
482,0.16734375059604645,0.16734375059604645,RL-sBOED,0.03184366226196289,30848,1.7714221477508545,,,,,,,,,,
483,0.1809374988079071,0.1809374988079071,RL-sBOED,0.031928062438964844,30912,1.777099847793579,,,,,,,,,,
484,0.17343750596046448,0.17343750596046448,RL-sBOED,0.032061100006103516,30976,1.7280282974243164,,,,,,,,,,
485,0.17531248927116394,0.17531248927116394,RL-sBOED,0.0318911075592041,31040,1.780538558959961,,,,,,,,,,
486,0.17812500894069672,0.17812500894069672,RL-sBOED,0.03222990036010742,31104,1.7844834327697754,,,,,,,,,,
487,0.17484375834465027,0.17484375834465027,RL-sBOED,0.03195905685424805,31168,1.738089919090271,,,,,,,,,,
488,0.17812499403953552,0.17812499403953552,RL-sBOED,0.03222990036010742,31232,1.6252120733261108,,,,,,,,,,
489,0.1678125113248825,0.1678125113248825,RL-sBOED,0.03200197219848633,31296,1.675636649131775,,,,,,,,,,
490,0.17812499403953552,0.17812499403953552,RL-sBOED,0.032024383544921875,31360,1.5981652736663818,,,,,,,,,,
491,0.18000000715255737,0.18000000715255737,RL-sBOED,0.03199911117553711,31424,1.641944169998169,,,,,,,,,,
492,0.18562500178813934,0.18562500178813934,RL-sBOED,0.03209090232849121,31488,1.533437728881836,,,,,,,,,,
493,0.17812500894069672,0.17812500894069672,RL-sBOED,0.03253054618835449,31552,1.6728342771530151,,,,,,,,,,
494,0.1823437511920929,0.18859374523162842,RL-sBOED,0.03242659568786621,31616,1.6171048879623413,,,,,,,,,,
495,0.1706250011920929,0.1706250011920929,RL-sBOED,0.03179454803466797,31680,1.5388978719711304,,,,,,,,,,
496,0.18796874582767487,0.18796874582767487,RL-sBOED,0.03188753128051758,31744,1.6462000608444214,,,,,,,,,,
497,0.1743749976158142,0.1743749976158142,RL-sBOED,0.03249216079711914,31808,1.618140697479248,,,,,,,,,,
498,0.18796876072883606,0.18796876072883606,RL-sBOED,0.03233003616333008,31872,1.5912816524505615,,,,,,,,,,
499,0.1837500035762787,0.1837500035762787,RL-sBOED,0.031987905502319336,31936,1.5428466796875,,,,,,,,,,
500,0.16171875596046448,0.16171875596046448,RL-sBOED,0.0318143367767334,32000,1.467848777770996,0.178125,0.09546875000000002,4,0.867910713072703,0.03125,0.0546875,0,0.0028125,1000.14234375,0
501,0.1771875023841858,0.1771875023841858,RL-sBOED,0.031969547271728516,32064,1.5445916652679443,,,,,,,,,,
502,0.16687500476837158,0.16687500476837158,RL-sBOED,0.03174734115600586,32128,1.5644960403442383,,,,,,,,,,
503,0.1771875023841858,0.1771875023841858,RL-sBOED,0.031913042068481445,32192,1.5890891551971436,,,,,,,,,,
504,0.17671874165534973,0.17671874165534973,RL-sBOED,0.03205299377441406,32256,1.6460208892822266,,,,,,,,,,
505,0.17484374344348907,0.17484374344348907,RL-sBOED,0.03226351737976074,32320,1.734000563621521,,,,,,,,,,
506,0.18140625953674316,0.18140625953674316,RL-sBOED,0.03213334083557129,32384,1.8160213232040405,,,,,,,,,,
507,0.1706250011920929,0.1706250011920929,RL-sBOED,0.03208494186401367,32448,1.8088973760604858,,,,,,,,,,
508,0.1809374988079071,0.1809374988079071,RL-sBOED,0.032027482986450195,32512,1.8420188426971436,,,,,,,,,,
509,0.1771875023841858,0.1771875023841858,RL-sBOED,0.03212904930114746,32576,1.8624913692474365,,,,,,,,,,
510,0.17671875655651093,0.17671875655651093,RL-sBOED,0.032030344009399414,32640,1.8220432996749878,,,,,,,,,,
511,0.1889062523841858,0.1889062523841858,RL-sBOED,0.0318906307220459,32704,1.9398587942123413,,,,,,,,,,
512,0.18328124284744263,0.18328124284744263,RL-sBOED,0.03180646896362305,32768,1.8737897872924805,,,,,,,,,,
513,0.1837500035762787,0.1837500035762787,RL-sBOED,0.031991004943847656,32832,1.6730232238769531,,,,,,,,,,
514,0.1809374988079071,0.1809374988079071,RL-sBOED,0.0319523811340332,32896,1.8480724096298218,,,,,,,,,,
515,0.1860937476158142,0.1860937476158142,RL-sBOED,0.03184247016906738,32960,1.9570668935775757,,,,,,,,,,
516,0.1626562476158142,0.1626562476158142,RL-sBOED,0.0321047306060791,33024,1.7770718336105347,,,,,,,,,,
517,0.1729687601327896,0.1729687601327896,RL-sBOED,0.031798601150512695,33088,1.8035945892333984,,,,,,,,,,
518,0.18000000715255737,0.18000000715255737,RL-sBOED,0.03197455406188965,33152,1.9557151794433594,,,,,,,,,,
519,0.1771875023841858,0.1771875023841858,RL-sBOED,0.03171086311340332,33216,1.9241628646850586,,,,,,,,,,
520,0.18000000715255737,0.18000000715255737,RL-sBOED,0.03222966194152832,33280,1.7813438177108765,,,,,,,,,,
521,0.18281251192092896,0.18281251192092896,RL-sBOED,0.031984806060791016,33344,1.7273647785186768,,,,,,,,,,
522,0.18937499821186066,0.18937499821186066,RL-sBOED,0.03182482719421387,33408,1.6778786182403564,,,,,,,,,,
523,0.18140625953674316,0.18140625953674316,RL-sBOED,0.03195643424987793,33472,1.5459861755371094,,,,,,,,,,
524,0.16218751668930054,0.16218751668930054,RL-sBOED,0.03179597854614258,33536,1.5067238807678223,,,,,,,,,,
525,0.18000000715255737,0.18000000715255737,RL-sBOED,0.031970977783203125,33600,1.5797451734542847,0.1846875,0.0746875,5,0.7591650290352475,0.0390625,0.015625,1,0.00046875,0.0746875,0
526,0.1823437511920929,0.1823437511920929,RL-sBOED,0.03209710121154785,33664,1.6812498569488525,,,,,,,,,,
527,0.18984374403953552,0.18984374403953552,RL-sBOED,0.0319066047668457,33728,1.753473162651062,,,,,,,,,,
528,0.1889062523841858,0.1889062523841858,RL-sBOED,0.031693458557128906,33792,1.8898966312408447,,,,,,,,,,
529,0.19031250476837158,0.19031250476837158,RL-sBOED,0.03205513954162598,33856,1.9413278102874756,,,,,,,,,,
530,0.18796876072883606,0.18796876072883606,RL-sBOED,0.03194928169250488,33920,1.9873493909835815,,,,,,,,,,
531,0.18984374403953552,0.18984374403953552,RL-sBOED,0.03210020065307617,33984,1.9207667112350464,,,,,,,,,,
532,0.1706250011920929,0.1706250011920929,RL-sBOED,0.032509803771972656,34048,2.1110589504241943,,,,,,,,,,
533,0.17156250774860382,0.17156250774860382,RL-sBOED,0.0319371223449707,34112,2.095731735229492,,,,,,,,,,
534,0.16453126072883606,0.17546874284744263,RL-sBOED,0.03224372863769531,34176,2.0132970809936523,,,,,,,,,,
535,0.1823437511920929,0.1823437511920929,RL-sBOED,0.03200030326843262,34240,2.054637908935547,,,,,,,,,,
536,0.19031250476837158,0.19031250476837158,RL-sBOED,0.03202533721923828,34304,1.9985072612762451,,,,,,,,,,
537,0.16453124582767487,0.16453124582767487,RL-sBOED,0.03201699256896973,34368,1.8084437847137451,,,,,,,,,,
538,0.19453126192092896,0.19453126192092896,RL-sBOED,0.031728506088256836,34432,1.9277852773666382,,,,,,,,,,
539,0.17906250059604645,0.18531250953674316,RL-sBOED,0.03168034553527832,34496,1.8499784469604492,,,,,,,,,,
540,0.17343750596046448,0.17343750596046448,RL-sBOED,0.03198432922363281,34560,1.9117668867111206,,,,,,,,,,
541,0.17999999225139618,0.17999999225139618,RL-sBOED,0.03174877166748047,34624,1.8628143072128296,,,,,,,,,,
542,0.18187500536441803,0.18187500536441803,RL-sBOED,0.03177642822265625,34688,1.8194146156311035,,,,,,,,,,
543,0.1903124898672104,0.1903124898672104,RL-sBOED,0.03186678886413574,34752,1.9423577785491943,,,,,,,,,,
544,0.18281251192092896,0.18281251192092896,RL-sBOED,0.0319974422454834,34816,1.9169540405273438,,,,,,,,,,
545,0.17765624821186066,0.17765624821186066,RL-sBOED,0.03256344795227051,34880,1.771493911743164,,,,,,,,,,
546,0.18421874940395355,0.18421874940395355,RL-sBOED,0.03233957290649414,34944,1.813452124595642,,,,,,,,,,
547,0.1678124964237213,0.1678124964237213,RL-sBOED,0.032543182373046875,35008,1.7826731204986572,,,,,,,,,,
548,0.1954687535762787,0.1954687535762787,RL-sBOED,0.03195524215698242,35072,1.9798612594604492,,,,,,,,,,
549,0.1926562488079071,0.2082812488079071,RL-sBOED,0.031960248947143555,35136,1.8852723836898804,,,,,,,,,,
550,0.18046873807907104,0.18046873807907104,RL-sBOED,0.0319211483001709,35200,1.9208409786224365,0.1875,0.080625,8,1.4255867770626907,0.0625,0.0234375,1,0.000703125,0.080625,0
551,0.18796876072883606,0.18796876072883606,RL-sBOED,0.03211402893066406,35264,1.815948486328125,,,,,,,,,,
552,0.17812499403953552,0.17812499403953552,RL-sBOED,0.03170466423034668,35328,1.7793529033660889,,,,,,,,,,
553,0.1612500101327896,0.1612500101327896,RL-sBOED,0.031907081604003906,35392,1.8026247024536133,,,,,,,,,,
554,0.16593751311302185,0.16593751311302185,RL-sBOED,0.03177165985107422,35456,1.8001019954681396,,,,,,,,,,
555,0.1654687523841858,0.1654687523841858,RL-sBOED,0.03283953666687012,35520,1.8318965435028076,,,,,,,,,,
556,0.1771875023841858,0.1771875023841858,RL-sBOED,0.04596519470214844,35584,1.9107496738433838,,,,,,,,,,
557,0.17625001072883606,0.17625001072883606,RL-sBOED,0.034920692443847656,35648,1.8439972400665283,,,,,,,,,,
558,0.18468749523162842,0.18468749523162842,RL-sBOED,0.0375218391418457,35712,1.9113653898239136,,,,,,,,,,
559,0.18281251192092896,0.18281251192092896,RL-sBOED,0.03542017936706543,35776,1.9124858379364014,,,,,,,,,,
560,0.18140624463558197,0.18140624463558197,RL-sBOED,0.0324702262878418,35840,1.790351390838623,,,,,,,,,,
561,0.1912499964237213,0.1912499964237213,RL-sBOED,0.031969308853149414,35904,1.8716270923614502,,,,,,,,,,
562,0.18843749165534973,0.18843749165534973,RL-sBOED,0.0320127010345459,35968,1.984247088432312,,,,,,,,,,
563,0.17812499403953552,0.17812499403953552,RL-sBOED,0.03195834159851074,36032,1.881183385848999,,,,,,,,,,
564,0.18562501668930054,0.18562501668930054,RL-sBOED,0.03199267387390137,36096,1.9844443798065186,,,,,,,,,,
565,0.18562500178813934,0.18562500178813934,RL-sBOED,0.03200221061706543,36160,2.050746202468872,,,,,,,,,,
566,0.19499999284744263,0.19499999284744263,RL-sBOED,0.03184819221496582,36224,2.068549394607544,,,,,,,,,,
567,0.18703125417232513,0.18703125417232513,RL-sBOED,0.03194761276245117,36288,2.0876357555389404,,,,,,,,,,
568,0.1940625011920929,0.1940625011920929,RL-sBOED,0.03186392784118652,36352,1.9328216314315796,,,,,,,,,,
569,0.1706250011920929,0.1706250011920929,RL-sBOED,0.03244423866271973,36416,1.9359915256500244,,,,,,,,,,
570,0.18046876788139343,0.18046876788139343,RL-sBOED,0.032121896743774414,36480,1.9490242004394531,,,,,,,,,,
571,0.18046876788139343,0.18046876788139343,RL-sBOED,0.03204607963562012,36544,2.0998423099517822,,,,,,,,,,
572,0.19171875715255737,0.19171875715255737,RL-sBOED,0.03188943862915039,36608,2.0745849609375,,,,,,,,,,
573,0.18187499046325684,0.18187499046325684,RL-sBOED,0.03176259994506836,36672,2.105131149291992,,,,,,,,,,
574,0.17624999582767487,0.17624999582767487,RL-sBOED,0.031905174255371094,36736,2.026689291000366,,,,,,,,,,
575,0.18843750655651093,0.18843750655651093,RL-sBOED,0.0321507453918457,36800,1.9778603315353394,0.18374999999999997,0.07375000000000001,6,0.44464133456310917,0.046875,0.015625,1,0.0004687500000000002,0.07375000000000001,0
576,0.1640625,0.1640625,RL-sBOED,0.032166481018066406,36864,1.8308179378509521,,,,,,,,,,
577,0.1940625011920929,0.1940625011920929,RL-sBOED,0.031961917877197266,36928,1.892619013786316,,,,,,,,,,
578,0.19031250476837158,0.19031250476837158,RL-sBOED,0.031813621520996094,36992,1.8815444707870483,,,,,,,,,,
579,0.19499999284744263,0.19499999284744263,RL-sBOED,0.03200364112854004,37056,1.767139196395874,,,,,,,,,,
580,0.17624999582767487,0.17624999582767487,RL-sBOED,0.03199124336242676,37120,1.6131093502044678,,,,,,,,,,
581,0.1771875023841858,0.1771875023841858,RL-sBOED,0.03221893310546875,37184,1.6589336395263672,,,,,,,,,,
582,0.17343750596046448,0.17343750596046448,RL-sBOED,0.03240346908569336,37248,1.7516965866088867,,,,,,,,,,
583,0.17765624821186066,0.17765624821186066,RL-sBOED,0.03208208084106445,37312,1.7305042743682861,,,,,,,,,,
584,0.18281249701976776,0.18281249701976776,RL-sBOED,0.03191065788269043,37376,1.7091516256332397,,,,,,,,,,
585,0.17109376192092896,0.17109376192092896,RL-sBOED,0.031958580017089844,37440,1.6621253490447998,,,,,,,,,,
586,0.17906250059604645,0.17906250059604645,RL-sBOED,0.03195810317993164,37504,1.6353645324707031,,,,,,,,,,
587,0.19593749940395355,0.19593749940395355,RL-sBOED,0.03196096420288086,37568,1.769921064376831,,,,,,,,,,
588,0.18703123927116394,0.18703123927116394,RL-sBOED,0.03188514709472656,37632,1.7776308059692383,,,,,,,,,,
589,0.1678124964237213,0.1678124964237213,RL-sBOED,0.032026052474975586,37696,1.839042067527771,,,,,,,,,,
590,0.1692187488079071,0.1692187488079071,RL-sBOED,0.032117605209350586,37760,1.7058169841766357,,,,,,,,,,
591,0.17250001430511475,0.17250001430511475,RL-sBOED,0.031789302825927734,37824,1.7376245260238647,,,,,,,,,,
592,0.18187500536441803,0.18187500536441803,RL-sBOED,0.03206324577331543,37888,1.7508056163787842,,,,,,,,,,
593,0.18562500178813934,0.18562500178813934,RL-sBOED,0.03189826011657715,37952,1.6067008972167969,,,,,,,,,,
594,0.18515625596046448,0.18515625596046448,RL-sBOED,0.03194689750671387,38016,1.660428762435913,,,,,,,,,,
595,0.17906251549720764,0.17906251549720764,RL-sBOED,0.031980276107788086,38080,1.695757269859314,,,,,,,,,,
596,0.17484375834465027,0.17484375834465027,RL-sBOED,0.03189373016357422,38144,1.6721465587615967,,,,,,,,,,
597,0.18046876788139343,0.18046876788139343,RL-sBOED,0.03198671340942383,38208,1.7027066946029663,,,,,,,,,,
598,0.18000000715255737,0.18000000715255737,RL-sBOED,0.03204703330993652,38272,1.750558853149414,,,,,,,,,,
599,0.18937499821186066,0.18937499821186066,RL-sBOED,0.03211331367492676,38336,1.740602731704712,,,,,,,,,,
600,0.19171875715255737,0.19171875715255737,RL-sBOED,0.03217577934265137,38400,1.556711196899414,0.18257812499999998,0.088984375,8,1.116947720095015,0.0625,0.0390625,1,0.001875,0.088984375,0
601,0.16453124582767487,0.16453124582767487,RL-sBOED,0.032076120376586914,38464,1.5242910385131836,,,,,,,,,,
602,0.17531250417232513,0.17531250417232513,RL-sBOED,0.03167152404785156,38528,1.5172014236450195,,,,,,,,,,
603,0.1809375137090683,0.1809375137090683,RL-sBOED,0.03180360794067383,38592,1.5512059926986694,,,,,,,,,,
604,0.18562500178813934,0.18562500178813934,RL-sBOED,0.031847476959228516,38656,1.6360061168670654,,,,,,,,,,
605,0.16359373927116394,0.16359373927116394,RL-sBOED,0.03209543228149414,38720,1.678180456161499,,,,,,,,,,
606,0.16874998807907104,0.16874998807907104,RL-sBOED,0.03265738487243652,38784,1.5798249244689941,,,,,,,,,,
607,0.18000000715255737,0.18000000715255737,RL-sBOED,0.03204512596130371,38848,1.6990489959716797,,,,,,,,,,
608,0.19218750298023224,0.19218750298023224,RL-sBOED,0.03190159797668457,38912,1.6562068462371826,,,,,,,,,,
609,0.18000000715255737,0.18000000715255737,RL-sBOED,0.032065391540527344,38976,1.8045787811279297,,,,,,,,,,
610,0.18281251192092896,0.18281251192092896,RL-sBOED,0.0319218635559082,39040,1.8294830322265625,,,,,,,,,,
611,0.17859375476837158,0.17859375476837158,RL-sBOED,0.03174161911010742,39104,1.9461634159088135,,,,,,,,,,
612,0.1743749976158142,0.1743749976158142,RL-sBOED,0.031929969787597656,39168,1.8904722929000854,,,,,,,,,,
613,0.16968750953674316,0.1899999976158142,RL-sBOED,0.03235888481140137,39232,1.9108061790466309,,,,,,,,,,
614,0.17296874523162842,0.17296874523162842,RL-sBOED,0.03218269348144531,39296,2.0581631660461426,,,,,,,,,,
615,0.18562498688697815,0.18562498688697815,RL-sBOED,0.03224992752075195,39360,2.0631232261657715,,,,,,,,,,
616,0.19078126549720764,0.19078126549720764,RL-sBOED,0.032010555267333984,39424,2.0816078186035156,,,,,,,,,,
617,0.17109374701976776,0.17109374701976776,RL-sBOED,0.03208494186401367,39488,2.0094363689422607,,,,,,,,,,
618,0.18281249701976776,0.18281249701976776,RL-sBOED,0.032164812088012695,39552,2.001796245574951,,,,,,,,,,
619,0.18843749165534973,0.18843749165534973,RL-sBOED,0.03188943862915039,39616,1.9180868864059448,,,,,,,,,,
620,0.18140625953674316,0.18140625953674316,RL-sBOED,0.031751394271850586,39680,1.9214041233062744,,,,,,,,,,
621,0.1743749976158142,0.1743749976158142,RL-sBOED,0.031867027282714844,39744,1.8027839660644531,,,,,,,,,,
622,0.16968750953674316,0.16968750953674316,RL-sBOED,0.031854867935180664,39808,1.7731473445892334,,,,,,,,,,
623,0.1912499964237213,0.1912499964237213,RL-sBOED,0.03199028968811035,39872,1.8362958431243896,,,,,,,,,,
624,0.1954687535762787,0.1954687535762787,RL-sBOED,0.03203439712524414,39936,1.8643195629119873,,,,,,,,,,
625,0.1954687535762787,0.1954687535762787,RL-sBOED,0.03192639350891113,40000,1.9518566131591797,0.1828125,0.0665625,14,2.066298232209757,0.109375,0.0,1,0.0,0.0665625,0
626,0.19734375178813934,0.19734375178813934,RL-sBOED,0.032230377197265625,40064,1.9056099653244019,,,,,,,,,,
627,0.17906250059604645,0.17906250059604645,RL-sBOED,0.0315706729888916,40128,1.7521342039108276,,,,,,,,,,
628,0.17484375834465027,0.17484375834465027,RL-sBOED,0.03188323974609375,40192,1.7543233633041382,,,,,,,,,,
629,0.17812499403953552,0.17812499403953552,RL-sBOED,0.031882286071777344,40256,1.8284332752227783,,,,,,,,,,
630,0.16828125715255737,0.16828125715255737,RL-sBOED,0.0320742130279541,40320,1.748710036277771,,,,,,,,,,
631,0.1706250011920929,0.1706250011920929,RL-sBOED,0.03170061111450195,40384,1.9041924476623535,,,,,,,,,,
632,0.19078126549720764,0.19078126549720764,RL-sBOED,0.03196382522583008,40448,1.8312300443649292,,,,,,,,,,
633,0.18515625596046448,0.18515625596046448,RL-sBOED,0.03182244300842285,40512,1.9494552612304688,,,,,,,,,,
634,0.17859375476837158,0.17859375476837158,RL-sBOED,0.03222775459289551,40576,1.81451416015625,,,,,,,,,,
635,0.1640625,0.1640625,RL-sBOED,0.03192496299743652,40640,1.8569120168685913,,,,,,,,,,
636,0.1771875023841858,0.1771875023841858,RL-sBOED,0.032009124755859375,40704,1.8407387733459473,,,,,,,,,,
637,0.17671875655651093,0.17671875655651093,RL-sBOED,0.03185725212097168,40768,1.8626677989959717,,,,,,,,,,
638,0.19453126192092896,0.19453126192092896,RL-sBOED,0.031874656677246094,40832,1.8653275966644287,,,,,,,,,,
639,0.17812499403953552,0.17812499403953552,RL-sBOED,0.0321040153503418,40896,1.9307045936584473,,,,,,,,,,
640,0.1837500035762787,0.1837500035762787,RL-sBOED,0.03187918663024902,40960,1.944808006286621,,,,,,,,,,
641,0.17156250774860382,0.17156250774860382,RL-sBOED,0.03201603889465332,41024,1.9169971942901611,,,,,,,,,,
642,0.17906251549720764,0.17906251549720764,RL-sBOED,0.03196978569030762,41088,1.945482611656189,,,,,,,,,,
643,0.16640625894069672,0.16640625894069672,RL-sBOED,0.03192543983459473,41152,1.849985122680664,,,,,,,,,,
644,0.1823437511920929,0.1823437511920929,RL-sBOED,0.03187394142150879,41216,2.009766101837158,,,,,,,,,,
645,0.1678124964237213,0.1678124964237213,RL-sBOED,0.03200984001159668,41280,1.9432815313339233,,,,,,,,,,
646,0.17343750596046448,0.18437500298023224,RL-sBOED,0.03210878372192383,41344,2.013796806335449,,,,,,,,,,
647,0.18796874582767487,0.18796874582767487,RL-sBOED,0.03170466423034668,41408,2.0606675148010254,,,,,,,,,,
648,0.18515625596046448,0.18515625596046448,RL-sBOED,0.031957387924194336,41472,2.036264419555664,,,,,,,,,,
649,0.19500000774860382,0.19500000774860382,RL-sBOED,0.03195548057556152,41536,1.9414794445037842,,,,,,,,,,
650,0.17906251549720764,0.17906251549720764,RL-sBOED,0.03202486038208008,41600,1.79281747341156,0.18843749999999998,0.12921875000000002,14,1.5321798525257928,0.109375,0.078125,0,0.004921875,1000.41046875,0
651,0.19171874225139618,0.19171874225139618,RL-sBOED,0.03177976608276367,41664,1.9532239437103271,,,,,,,,,,
652,0.19218751788139343,0.19218751788139343,RL-sBOED,0.03185248374938965,41728,1.8383762836456299,,,,,,,,,,
653,0.18656250834465027,0.18656250834465027,RL-sBOED,0.03183722496032715,41792,1.8087400197982788,,,,,,,,,,
654,0.1860937476158142,0.1860937476158142,RL-sBOED,0.032090187072753906,41856,2.0462327003479004,,,,,,,,,,
655,0.1809374988079071,0.1809374988079071,RL-sBOED,0.03211498260498047,41920,2.071685791015625,,,,,,,,,,
656,0.18796874582767487,0.18796874582767487,RL-sBOED,0.032012224197387695,41984,1.9478552341461182,,,,,,,,,,
657,0.17625001072883606,0.17625001072883606,RL-sBOED,0.03209543228149414,42048,1.9934061765670776,,,,,,,,,,
658,0.18515625596046448,0.18515625596046448,RL-sBOED,0.032067298889160156,42112,2.037217855453491,,,,,,,,,,
659,0.18421874940395355,0.18421874940395355,RL-sBOED,0.03196859359741211,42176,2.1156697273254395,,,,,,,,,,
660,0.17578125,0.17578125,RL-sBOED,0.03196144104003906,42240,1.9772882461547852,,,,,,,,,,
661,0.18515625596046448,0.18515625596046448,RL-sBOED,0.0318608283996582,42304,1.9807461500167847,,,,,,,,,,
662,0.18328124284744263,0.18328124284744263,RL-sBOED,0.03185749053955078,42368,2.053114891052246,,,,,,,,,,
663,0.16124999523162842,0.16124999523162842,RL-sBOED,0.03175973892211914,42432,1.9370802640914917,,,,,,,,,,
664,0.1875,0.1875,RL-sBOED,0.032355308532714844,42496,2.042994976043701,,,,,,,,,,
665,0.17484374344348907,0.17484374344348907,RL-sBOED,0.03219151496887207,42560,1.8857295513153076,,,,,,,,,,
666,0.17765624821186066,0.17765624821186066,RL-sBOED,0.03180193901062012,42624,2.0707719326019287,,,,,,,,,,
667,0.17671874165534973,0.17671874165534973,RL-sBOED,0.03220725059509277,42688,1.9507182836532593,,,,,,,,,,
668,0.18140624463558197,0.18140624463558197,RL-sBOED,0.03241586685180664,42752,1.9605586528778076,,,,,,,,,,
669,0.17015624046325684,0.17015624046325684,RL-sBOED,0.03270149230957031,42816,1.8652002811431885,,,,,,,,,,
670,0.20203125476837158,0.20203125476837158,RL-sBOED,0.03234362602233887,42880,1.8413493633270264,,,,,,,,,,
671,0.1889062523841858,0.1889062523841858,RL-sBOED,0.03211617469787598,42944,1.811773657798767,,,,,,,,,,
672,0.2029687464237213,0.2029687464237213,RL-sBOED,0.03183102607727051,43008,1.84125554561615,,,,,,,,,,
673,0.17296874523162842,0.17296874523162842,RL-sBOED,0.03204917907714844,43072,1.7351964712142944,,,,,,,,,,
674,0.1795312613248825,0.1795312613248825,RL-sBOED,0.031836748123168945,43136,1.6929748058319092,,,,,,,,,,
675,0.17109376192092896,0.17109376192092896,RL-sBOED,0.03210163116455078,43200,1.634734869003296,0.18140625,0.08937500000000001,10,1.264986185563162,0.078125,0.03125,1,0.002109375,0.08937500000000001,0
676,0.18046875298023224,0.18046875298023224,RL-sBOED,0.031950950622558594,43264,1.6575629711151123,,,,,,,,,,
677,0.17671874165534973,0.17671874165534973,RL-sBOED,0.03177475929260254,43328,1.795148253440857,,,,,,,,,,
678,0.1823437511920929,0.1823437511920929,RL-sBOED,0.03171277046203613,43392,1.7023365497589111,,,,,,,,,,
679,0.18281249701976776,0.18281249701976776,RL-sBOED,0.0318303108215332,43456,1.7525471448898315,,,,,,,,,,
680,0.19218750298023224,0.19218750298023224,RL-sBOED,0.032048940658569336,43520,1.7419681549072266,,,,,,,,,,
681,0.18328124284744263,0.18328124284744263,RL-sBOED,0.031968116760253906,43584,1.794219732284546,,,,,,,,,,
682,0.18843749165534973,0.18843749165534973,RL-sBOED,0.03187298774719238,43648,1.6993343830108643,,,,,,,,,,
683,0.1860937476158142,0.1860937476158142,RL-sBOED,0.03218221664428711,43712,1.84066903591156,,,,,,,,,,
684,0.1875,0.1875,RL-sBOED,0.03217482566833496,43776,1.751367449760437,,,,,,,,,,
685,0.1678124964237213,0.1678124964237213,RL-sBOED,0.03175187110900879,43840,1.8098876476287842,,,,,,,,,,
686,0.17249999940395355,0.17249999940395355,RL-sBOED,0.031867027282714844,43904,1.7691543102264404,,,,,,,,,,
687,0.1875,0.1875,RL-sBOED,0.03202557563781738,43968,1.7901265621185303,,,,,,,,,,
688,0.16687500476837158,0.16687500476837158,RL-sBOED,0.032204389572143555,44032,1.825773000717163,,,,,,,,,,
689,0.1771875023841858,0.1771875023841858,RL-sBOED,0.03194260597229004,44096,1.8003003597259521,,,,,,,,,,
690,0.1692187488079071,0.1692187488079071,RL-sBOED,0.031855106353759766,44160,1.8718217611312866,,,,,,,,,,
691,0.18328125774860382,0.18328125774860382,RL-sBOED,0.03179764747619629,44224,1.899765968322754,,,,,,,,,,
692,0.17156249284744263,0.17156249284744263,RL-sBOED,0.032135963439941406,44288,1.9234075546264648,,,,,,,,,,
693,0.18937499821186066,0.18937499821186066,RL-sBOED,0.03206825256347656,44352,1.9393543004989624,,,,,,,,,,
694,0.17812499403953552,0.17812499403953552,RL-sBOED,0.03195333480834961,44416,1.8997172117233276,,,,,,,,,,
695,0.18937501311302185,0.18937501311302185,RL-sBOED,0.031722307205200195,44480,2.0333895683288574,,,,,,,,,,
696,0.17671874165534973,0.17671874165534973,RL-sBOED,0.03227114677429199,44544,1.8779211044311523,,,,,,,,,,
697,0.1795312613248825,0.1795312613248825,RL-sBOED,0.03214311599731445,44608,1.92519211769104,,,,,,,,,,
698,0.17859375476837158,0.17859375476837158,RL-sBOED,0.03187751770019531,44672,1.9061715602874756,,,,,,,,,,
699,0.16734375059604645,0.16734375059604645,RL-sBOED,0.03193235397338867,44736,1.9004868268966675,,,,,,,,,,
700,0.19171874225139618,0.19171874225139618,RL-sBOED,0.0320432186126709,44800,2.0661795139312744,0.18492187499999999,0.08039062500000002,10,1.0863794676177623,0.078125,0.0234375,1,0.0009375,0.08039062500000002,0
701,0.18562500178813934,0.18562500178813934,RL-sBOED,0.03197050094604492,44864,1.9857085943222046,,,,,,,,,,
702,0.1795312464237213,0.1795312464237213,RL-sBOED,0.03187060356140137,44928,2.0194664001464844,,,,,,,,,,
703,0.17250001430511475,0.17250001430511475,RL-sBOED,0.031906843185424805,44992,1.9096077680587769,,,,,,,,,,
704,0.17578125,0.17578125,RL-sBOED,0.03179574012756348,45056,2.032862901687622,,,,,,,,,,
705,0.18796876072883606,0.18796876072883606,RL-sBOED,0.03196597099304199,45120,2.040983200073242,,,,,,,,,,
706,0.18656250834465027,0.18656250834465027,RL-sBOED,0.03164052963256836,45184,2.167532205581665,,,,,,,,,,
707,0.18703123927116394,0.18703123927116394,RL-sBOED,0.03191781044006348,45248,2.0453624725341797,,,,,,,,,,
708,0.16453124582767487,0.16453124582767487,RL-sBOED,0.032027244567871094,45312,1.964777946472168,,,,,,,,,,
709,0.17906251549720764,0.17906251549720764,RL-sBOED,0.031759023666381836,45376,1.914805293083191,,,,,,,,,,
710,0.1771875023841858,0.1771875023841858,RL-sBOED,0.03203296661376953,45440,1.8352394104003906,,,,,,,,,,
711,0.18796874582767487,0.18796874582767487,RL-sBOED,0.03184700012207031,45504,1.911572813987732,,,,,,,,,,
712,0.1940625011920929,0.1940625011920929,RL-sBOED,0.031810760498046875,45568,1.9543004035949707,,,,,,,,,,
713,0.1771875023841858,0.1771875023841858,RL-sBOED,0.03186368942260742,45632,1.8498353958129883,,,,,,,,,,
714,0.1823437511920929,0.1823437511920929,RL-sBOED,0.03186821937561035,45696,1.9831442832946777,,,,,,,,,,
715,0.18562501668930054,0.18562501668930054,RL-sBOED,0.03195595741271973,45760,1.9039840698242188,,,,,,,,,,
716,0.17859375476837158,0.17859375476837158,RL-sBOED,0.03192949295043945,45824,1.9388253688812256,,,,,,,,,,
717,0.17812500894069672,0.17812500894069672,RL-sBOED,0.031976938247680664,45888,1.8790805339813232,,,,,,,,,,
718,0.17812499403953552,0.17812499403953552,RL-sBOED,0.0323643684387207,45952,1.9231758117675781,,,,,,,,,,
719,0.1837500035762787,0.1837500035762787,RL-sBOED,0.03241848945617676,46016,1.9528512954711914,,,,,,,,,,
720,0.17109376192092896,0.17109376192092896,RL-sBOED,0.032401323318481445,46080,1.9366577863693237,,,,,,,,,,
721,0.16640624403953552,0.16640624403953552,RL-sBOED,0.03223228454589844,46144,1.845719814300537,,,,,,,,,,
722,0.1771875023841858,0.1771875023841858,RL-sBOED,0.03206610679626465,46208,1.938443660736084,,,,,,,,,,
723,0.18984374403953552,0.18984374403953552,RL-sBOED,0.03188729286193848,46272,1.9800145626068115,,,,,,,,,,
724,0.17109374701976776,0.17109374701976776,RL-sBOED,0.03184032440185547,46336,1.8862226009368896,,,,,,,,,,
725,0.17484375834465027,0.17484375834465027,RL-sBOED,0.032356977462768555,46400,1.9531044960021973,0.18515625000000002,0.07750000000000001,8,1.549188886088141,0.0625,0.015625,1,0.000703125,0.07750000000000001,0
726,0.1889062523841858,0.1889062523841858,RL-sBOED,0.0321040153503418,46464,1.9306955337524414,,,,,,,,,,
727,0.18281251192092896,0.18281251192092896,RL-sBOED,0.03196310997009277,46528,1.9438159465789795,,,,,,,,,,
728,0.1771875023841858,0.1771875023841858,RL-sBOED,0.03182077407836914,46592,1.9453033208847046,,,,,,,,,,
729,0.2057812511920929,0.2057812511920929,RL-sBOED,0.031650543212890625,46656,1.8797311782836914,,,,,,,,,,
730,0.1926562488079071,0.1926562488079071,RL-sBOED,0.03201413154602051,46720,1.964247703552246,,,,,,,,,,
731,0.18281249701976776,0.18281249701976776,RL-sBOED,0.0321197509765625,46784,2.0469541549682617,,,,,,,,,,
732,0.17765626311302185,0.17765626311302185,RL-sBOED,0.03177499771118164,46848,1.8912744522094727,,,,,,,,,,
733,0.18562500178813934,0.18562500178813934,RL-sBOED,0.03188347816467285,46912,1.9154548645019531,,,,,,,,,,
734,0.18046875298023224,0.18046875298023224,RL-sBOED,0.03229475021362305,46976,1.936274766921997,,,,,,,,,,
735,0.17624998092651367,0.17624998092651367,RL-sBOED,0.031713008880615234,47040,1.7765376567840576,,,,,,,,,,
736,0.19453126192092896,0.19453126192092896,RL-sBOED,0.03202080726623535,47104,1.7526404857635498,,,,,,,,,,
737,0.18281249701976776,0.18281249701976776,RL-sBOED,0.031870365142822266,47168,1.850551962852478,,,,,,,,,,
738,0.1743749976158142,0.1743749976158142,RL-sBOED,0.03195762634277344,47232,1.736523985862732,,,,,,,,,,
739,0.18562498688697815,0.18562498688697815,RL-sBOED,0.03220534324645996,47296,1.763943076133728,,,,,,,,,,
740,0.1706250011920929,0.1706250011920929,RL-sBOED,0.03202986717224121,47360,1.6858952045440674,,,,,,,,,,
741,0.15703125298023224,0.15703125298023224,RL-sBOED,0.031856536865234375,47424,1.7171287536621094,,,,,,,,,,
742,0.18562500178813934,0.18562500178813934,RL-sBOED,0.0319366455078125,47488,1.750179648399353,,,,,,,,,,
743,0.17484375834465027,0.17484375834465027,RL-sBOED,0.03185629844665527,47552,1.7326239347457886,,,,,,,,,,
744,0.18468749523162842,0.18468749523162842,RL-sBOED,0.03200125694274902,47616,1.857560396194458,,,,,,,,,,
745,0.19171875715255737,0.19171875715255737,RL-sBOED,0.031633853912353516,47680,1.9052284955978394,,,,,,,,,,
746,0.17624999582767487,0.17624999582767487,RL-sBOED,0.03227376937866211,47744,1.7479956150054932,,,,,,,,,,
747,0.18421874940395355,0.18421874940395355,RL-sBOED,0.032137155532836914,47808,1.775634527206421,,,,,,,,,,
748,0.16171874105930328,0.16171874105930328,RL-sBOED,0.03197193145751953,47872,1.787126898765564,,,,,,,,,,
749,0.16078124940395355,0.16078124940395355,RL-sBOED,0.031870365142822266,47936,1.7199290990829468,,,,,,,,,,
750,0.1795312464237213,0.1795312464237213,RL-sBOED,0.03151702880859375,48000,1.8702011108398438,0.1875,0.080625,5,0.7552286815220763,0.0390625,0.0234375,1,0.000703125,0.080625,0
751,0.17859375476837158,0.17859375476837158,RL-sBOED,0.03195500373840332,48064,1.8939926624298096,,,,,,,,,,
752,0.17859375476837158,0.1848437488079071,RL-sBOED,0.03195452690124512,48128,1.7698148488998413,,,,,,,,,,
753,0.19500000774860382,0.19500000774860382,RL-sBOED,0.03181314468383789,48192,1.7503271102905273,,,,,,,,,,
754,0.16687500476837158,0.16687500476837158,RL-sBOED,0.03179430961608887,48256,1.708064317703247,,,,,,,,,,
755,0.16968750953674316,0.16968750953674316,RL-sBOED,0.031873464584350586,48320,1.6506952047348022,,,,,,,,,,
756,0.17765626311302185,0.17765626311302185,RL-sBOED,0.03180241584777832,48384,1.7606757879257202,,,,,,,,,,
757,0.17812499403953552,0.17812499403953552,RL-sBOED,0.03191566467285156,48448,1.6756887435913086,,,,,,,,,,
758,0.18140625953674316,0.18140625953674316,RL-sBOED,0.03174328804016113,48512,1.7280290126800537,,,,,,,,,,
759,0.17109374701976776,0.17109374701976776,RL-sBOED,0.03234434127807617,48576,1.681829810142517,,,,,,,,,,
760,0.17578125,0.17578125,RL-sBOED,0.04801797866821289,48640,1.7276405096054077,,,,,,,,,,
761,0.17343750596046448,0.17343750596046448,RL-sBOED,0.03490304946899414,48704,1.6520323753356934,,,,,,,,,,
762,0.18843749165534973,0.18843749165534973,RL-sBOED,0.032126426696777344,48768,1.72855544090271,,,,,,,,,,
763,0.17390623688697815,0.17390623688697815,RL-sBOED,0.03188133239746094,48832,1.7160396575927734,,,,,,,,,,
764,0.1795312464237213,0.1795312464237213,RL-sBOED,0.03191423416137695,48896,1.6515506505966187,,,,,,,,,,
765,0.18562500178813934,0.18562500178813934,RL-sBOED,0.03209543228149414,48960,1.6952331066131592,,,,,,,,,,
766,0.18468749523162842,0.18468749523162842,RL-sBOED,0.0323488712310791,49024,1.7494385242462158,,,,,,,,,,
767,0.2029687464237213,0.2029687464237213,RL-sBOED,0.03243517875671387,49088,1.6558449268341064,,,,,,,,,,
768,0.19875000417232513,0.19875000417232513,RL-sBOED,0.032254695892333984,49152,1.676409125328064,,,,,,,,,,
769,0.19687500596046448,0.19687500596046448,RL-sBOED,0.032057762145996094,49216,1.8516744375228882,,,,,,,,,,
770,0.18421873450279236,0.18421873450279236,RL-sBOED,0.03222346305847168,49280,1.7292698621749878,,,,,,,,,,
771,0.17906250059604645,0.17906250059604645,RL-sBOED,0.03187894821166992,49344,1.8622792959213257,,,,,,,,,,
772,0.17249999940395355,0.17875000834465027,RL-sBOED,0.032217979431152344,49408,1.9370715618133545,,,,,,,,,,
773,0.19499999284744263,0.19499999284744263,RL-sBOED,0.03195691108703613,49472,1.769415259361267,,,,,,,,,,
774,0.19499999284744263,0.19499999284744263,RL-sBOED,0.032073020935058594,49536,1.8169620037078857,,,,,,,,,,
775,0.16828125715255737,0.16828125715255737,RL-sBOED,0.03199601173400879,49600,1.8300684690475464,0.18539062499999998,0.078515625,8,1.2053120592026552,0.0625,0.0234375,1,0.000703125,0.078515625,0
776,0.18281251192092896,0.18281251192092896,RL-sBOED,0.03185129165649414,49664,1.8254272937774658,,,,,,,,,,
777,0.1823437511920929,0.1823437511920929,RL-sBOED,0.03186511993408203,49728,1.7721736431121826,,,,,,,,,,
778,0.1860937476158142,0.1860937476158142,RL-sBOED,0.03188490867614746,49792,1.9052150249481201,,,,,,,,,,
779,0.18000000715255737,0.18000000715255737,RL-sBOED,0.03203773498535156,49856,1.7935454845428467,,,,,,,,,,
780,0.17343750596046448,0.17343750596046448,RL-sBOED,0.03194761276245117,49920,1.822619915008545,,,,,,,,,,
781,0.18328125774860382,0.18328125774860382,RL-sBOED,0.032225847244262695,49984,1.8581794500350952,,,,,,,,,,
782,0.17765624821186066,0.17765624821186066,RL-sBOED,0.03204965591430664,50048,1.7649381160736084,,,,,,,,,,
783,0.1809374988079071,0.1809374988079071,RL-sBOED,0.03199434280395508,50112,1.815659761428833,,,,,,,,,,
784,0.16218750178813934,0.16218750178813934,RL-sBOED,0.032241106033325195,50176,1.7404191493988037,,,,,,,,,,
785,0.18656250834465027,0.18656250834465027,RL-sBOED,0.031967878341674805,50240,1.8001844882965088,,,,,,,,,,
786,0.17531248927116394,0.17531248927116394,RL-sBOED,0.031835317611694336,50304,1.860461950302124,,,,,,,,,,
787,0.18187500536441803,0.18187500536441803,RL-sBOED,0.03182697296142578,50368,1.7382019758224487,,,,,,,,,,
788,0.17906248569488525,0.17906248569488525,RL-sBOED,0.032105445861816406,50432,1.8579750061035156,,,,,,,,,,
789,0.17109376192092896,0.17109376192092896,RL-sBOED,0.0321192741394043,50496,1.8022174835205078,,,,,,,,,,
790,0.17671875655651093,0.17671875655651093,RL-sBOED,0.03184819221496582,50560,1.8718030452728271,,,,,,,,,,
791,0.18187500536441803,0.18187500536441803,RL-sBOED,0.03192305564880371,50624,1.8194154500961304,,,,,,,,,,
792,0.18843749165534973,0.18843749165534973,RL-sBOED,0.03188800811767578,50688,1.816218614578247,,,,,,,,,,
793,0.1912499964237213,0.1912499964237213,RL-sBOED,0.03189969062805176,50752,1.9596960544586182,,,,,,,,,,
794,0.16593749821186066,0.16593749821186066,RL-sBOED,0.03223776817321777,50816,1.862009882926941,,,,,,,,,,
795,0.18187500536441803,0.18187500536441803,RL-sBOED,0.031931161880493164,50880,1.9045181274414062,,,,,,,,,,
796,0.17296874523162842,0.17296874523162842,RL-sBOED,0.03180575370788574,50944,1.9685882329940796,,,,,,,,,,
797,0.1692187488079071,0.1692187488079071,RL-sBOED,0.03216195106506348,51008,2.034288167953491,,,,,,,,,,
798,0.18140624463558197,0.18140624463558197,RL-sBOED,0.03212308883666992,51072,2.0086679458618164,,,,,,,,,,
799,0.17109376192092896,0.17109376192092896,RL-sBOED,0.03195834159851074,51136,2.0424160957336426,,,,,,,,,,
800,0.1809374988079071,0.1809374988079071,RL-sBOED,0.03193974494934082,51200,2.067340850830078,0.18609375,0.0846875,6,0.8831682797500042,0.046875,0.03125,1,0.001171875,0.0846875,0
801,0.1626562476158142,0.1626562476158142,RL-sBOED,0.03211379051208496,51264,1.9482128620147705,,,,,,,,,,
802,0.17343750596046448,0.17343750596046448,RL-sBOED,0.03200721740722656,51328,2.052748441696167,,,,,,,,,,
803,0.1809374988079071,0.1809374988079071,RL-sBOED,0.03201127052307129,51392,1.9545687437057495,,,,,,,,,,
804,0.17578125,0.17578125,RL-sBOED,0.03205251693725586,51456,1.871755599975586,,,,,,,,,,
805,0.17765626311302185,0.17765626311302185,RL-sBOED,0.032083749771118164,51520,1.9856207370758057,,,,,,,,,,
806,0.18562501668930054,0.18562501668930054,RL-sBOED,0.03207898139953613,51584,1.9364455938339233,,,,,,,,,,
807,0.1837500035762787,0.1837500035762787,RL-sBOED,0.03199911117553711,51648,2.070700168609619,,,,,,,,,,
808,0.19078125059604645,0.19078125059604645,RL-sBOED,0.03185915946960449,51712,2.0176732540130615,,,,,,,,,,
809,0.18515625596046448,0.18515625596046448,RL-sBOED,0.03187966346740723,51776,2.041505813598633,,,,,,,,,,
810,0.18468749523162842,0.18468749523162842,RL-sBOED,0.031853675842285156,51840,1.9440295696258545,,,,,,,,,,
811,0.17109376192092896,0.17109376192092896,RL-sBOED,0.03183579444885254,51904,2.071761131286621,,,,,,,,,,
812,0.17531248927116394,0.17531248927116394,RL-sBOED,0.031793832778930664,51968,1.8653173446655273,,,,,,,,,,
813,0.1795312464237213,0.1795312464237213,RL-sBOED,0.03223299980163574,52032,1.835082769393921,,,,,,,,,,
814,0.19312500953674316,0.19312500953674316,RL-sBOED,0.03200483322143555,52096,2.0235116481781006,,,,,,,,,,
815,0.1912499964237213,0.1912499964237213,RL-sBOED,0.03196144104003906,52160,1.8694517612457275,,,,,,,,,,
816,0.18281251192092896,0.18906250596046448,RL-sBOED,0.0321044921875,52224,1.8816145658493042,,,,,,,,,,
817,0.19687499105930328,0.19687499105930328,RL-sBOED,0.03204536437988281,52288,1.826112985610962,,,,,,,,,,
818,0.16359373927116394,0.16359373927116394,RL-sBOED,0.032134294509887695,52352,1.6781686544418335,,,,,,,,,,
819,0.21046875417232513,0.21046875417232513,RL-sBOED,0.032048940658569336,52416,1.7362555265426636,,,,,,,,,,
820,0.16078124940395355,0.16078124940395355,RL-sBOED,0.03221440315246582,52480,1.6130222082138062,,,,,,,,,,
821,0.1837500035762787,0.1837500035762787,RL-sBOED,0.032019853591918945,52544,1.73974609375,,,,,,,,,,
822,0.16828125715255737,0.16828125715255737,RL-sBOED,0.0318295955657959,52608,1.6967509984970093,,,,,,,,,,
823,0.18140625953674316,0.18140625953674316,RL-sBOED,0.03218412399291992,52672,1.717260718345642,,,,,,,,,,
824,0.17250001430511475,0.17250001430511475,RL-sBOED,0.03211688995361328,52736,1.6860454082489014,,,,,,,,,,
825,0.17343750596046448,0.17343750596046448,RL-sBOED,0.03215360641479492,52800,1.6770299673080444,0.181875,0.06875,6,1.1428836909441802,0.046875,0.0078125,1,0.000234375,0.06875,0
826,0.18000000715255737,0.18000000715255737,RL-sBOED,0.03208041191101074,52864,1.8973281383514404,,,,,,,,,,
827,0.16734375059604645,0.16734375059604645,RL-sBOED,0.03180956840515137,52928,1.8437614440917969,,,,,,,,,,
828,0.1823437511920929,0.1823437511920929,RL-sBOED,0.031851768493652344,52992,1.836500644683838,,,,,,,,,,
829,0.17484375834465027,0.17484375834465027,RL-sBOED,0.031728506088256836,53056,1.7379000186920166,,,,,,,,,,
830,0.16968750953674316,0.16968750953674316,RL-sBOED,0.031598567962646484,53120,1.6779226064682007,,,,,,,,,,
831,0.18703123927116394,0.18703123927116394,RL-sBOED,0.031789541244506836,53184,1.721934199333191,,,,,,,,,,
832,0.21421875059604645,0.21421875059604645,RL-sBOED,0.03188180923461914,53248,1.7441158294677734,,,,,,,,,,
833,0.17109376192092896,0.17109376192092896,RL-sBOED,0.031912803649902344,53312,1.826420545578003,,,,,,,,,,
834,0.1743749976158142,0.1743749976158142,RL-sBOED,0.03177309036254883,53376,1.7675607204437256,,,,,,,,,,
835,0.16968750953674316,0.16968750953674316,RL-sBOED,0.032052040100097656,53440,1.9430817365646362,,,,,,,,,,
836,0.19500000774860382,0.19500000774860382,RL-sBOED,0.03197836875915527,53504,1.9817309379577637,,,,,,,,,,
837,0.1706250011920929,0.1706250011920929,RL-sBOED,0.03186368942260742,53568,1.892584204673767,,,,,,,,,,
838,0.17390625178813934,0.17390625178813934,RL-sBOED,0.03193092346191406,53632,1.8534762859344482,,,,,,,,,,
839,0.18140625953674316,0.18140625953674316,RL-sBOED,0.03210783004760742,53696,1.8516221046447754,,,,,,,,,,
840,0.17859375476837158,0.17859375476837158,RL-sBOED,0.03186178207397461,53760,1.9298295974731445,,,,,,,,,,
841,0.17859375476837158,0.17859375476837158,RL-sBOED,0.03190946578979492,53824,1.878722906112671,,,,,,,,,,
842,0.1626562476158142,0.1626562476158142,RL-sBOED,0.031778573989868164,53888,1.8081085681915283,,,,,,,,,,
843,0.16640624403953552,0.16640624403953552,RL-sBOED,0.031969308853149414,53952,1.875314474105835,,,,,,,,,,
844,0.1706250011920929,0.1706250011920929,RL-sBOED,0.032193899154663086,54016,1.8039309978485107,,,,,,,,,,
845,0.1860937476158142,0.1860937476158142,RL-sBOED,0.03218412399291992,54080,1.9013293981552124,,,,,,,,,,
846,0.1771875023841858,0.1771875023841858,RL-sBOED,0.03211021423339844,54144,1.7454408407211304,,,,,,,,,,
847,0.19078125059604645,0.19078125059604645,RL-sBOED,0.03196859359741211,54208,1.6629899740219116,,,,,,,,,,
848,0.1809374988079071,0.1809374988079071,RL-sBOED,0.03211045265197754,54272,1.5918182134628296,,,,,,,,,,
849,0.17578125,0.17578125,RL-sBOED,0.03181791305541992,54336,1.5402841567993164,,,,,,,,,,
850,0.18656250834465027,0.18656250834465027,RL-sBOED,0.031912803649902344,54400,1.5499083995819092,0.18398437499999998,0.070859375,9,0.821633506381158,0.0703125,0.0078125,1,0.000234375,0.070859375,0
851,0.17249999940395355,0.17249999940395355,RL-sBOED,0.03211021423339844,54464,1.3631722927093506,,,,,,,,,,
852,0.16218748688697815,0.16218748688697815,RL-sBOED,0.031839609146118164,54528,1.3708083629608154,,,,,,,,,,
853,0.18421876430511475,0.18421876430511475,RL-sBOED,0.03179454803466797,54592,1.4654016494750977,,,,,,,,,,
854,0.18281251192092896,0.18281251192092896,RL-sBOED,0.03196358680725098,54656,1.4409849643707275,,,,,,,,,,
855,0.1809374988079071,0.1809374988079071,RL-sBOED,0.03157949447631836,54720,1.4867032766342163,,,,,,,,,,
856,0.18140625953674316,0.18140625953674316,RL-sBOED,0.03207254409790039,54784,1.4720386266708374,,,,,,,,,,
857,0.17015625536441803,0.17015625536441803,RL-sBOED,0.03246593475341797,54848,1.5696353912353516,,,,,,,,,,
858,0.17812499403953552,0.17812499403953552,RL-sBOED,0.03224754333496094,54912,1.5844292640686035,,,,,,,,,,
859,0.1795312613248825,0.1795312613248825,RL-sBOED,0.032335758209228516,54976,1.669428825378418,,,,,,,,,,
860,0.17906250059604645,0.17906250059604645,RL-sBOED,0.03196358680725098,55040,1.7102210521697998,,,,,,,,,,
861,0.16687500476837158,0.16687500476837158,RL-sBOED,0.03194308280944824,55104,1.6930243968963623,,,,,,,,,,
862,0.16968750953674316,0.16968750953674316,RL-sBOED,0.031925201416015625,55168,1.7337411642074585,,,,,,,,,,
863,0.19218750298023224,0.19218750298023224,RL-sBOED,0.031896352767944336,55232,1.8767666816711426,,,,,,,,,,
864,0.1692187488079071,0.1692187488079071,RL-sBOED,0.03179335594177246,55296,1.800094485282898,,,,,,,,,,
865,0.18281251192092896,0.18281251192092896,RL-sBOED,0.03196978569030762,55360,1.9306682348251343,,,,,,,,,,
866,0.18562501668930054,0.18562501668930054,RL-sBOED,0.03235626220703125,55424,2.051301956176758,,,,,,,,,,
867,0.1912499964237213,0.1912499964237213,RL-sBOED,0.03228473663330078,55488,2.076925754547119,,,,,,,,,,
868,0.16078126430511475,0.16078126430511475,RL-sBOED,0.03220868110656738,55552,2.0583465099334717,,,,,,,,,,
869,0.1823437511920929,0.1823437511920929,RL-sBOED,0.03200078010559082,55616,2.050173759460449,,,,,,,,,,
870,0.1954687535762787,0.1954687535762787,RL-sBOED,0.032111406326293945,55680,2.118053913116455,,,,,,,,,,
871,0.1889062523841858,0.1889062523841858,RL-sBOED,0.03200674057006836,55744,1.8290432691574097,,,,,,,,,,
872,0.17156250774860382,0.17156250774860382,RL-sBOED,0.03218722343444824,55808,1.831664800643921,,,,,,,,,,
873,0.17109376192092896,0.17109376192092896,RL-sBOED,0.032163381576538086,55872,1.942927360534668,,,,,,,,,,
874,0.18562500178813934,0.18562500178813934,RL-sBOED,0.03202557563781738,55936,1.9361423254013062,,,,,,,,,,
875,0.16734376549720764,0.16734376549720764,RL-sBOED,0.03173184394836426,56000,1.921648383140564,0.1846875,0.0715625,8,1.2098881722552,0.0625,0.0078125,1,0.000234375,0.0715625,0
876,0.17625001072883606,0.17625001072883606,RL-sBOED,0.03216361999511719,56064,1.9315879344940186,,,,,,,,,,
877,0.1903124898672104,0.1903124898672104,RL-sBOED,0.031636714935302734,56128,1.9459683895111084,,,,,,,,,,
878,0.19078125059604645,0.19078125059604645,RL-sBOED,0.03177356719970703,56192,2.0159921646118164,,,,,,,,,,
879,0.18468749523162842,0.18468749523162842,RL-sBOED,0.03174328804016113,56256,1.8829673528671265,,,,,,,,,,
880,0.17765624821186066,0.17765624821186066,RL-sBOED,0.03178143501281738,56320,1.8087425231933594,,,,,,,,,,
881,0.1837500035762787,0.1837500035762787,RL-sBOED,0.03183770179748535,56384,1.8210042715072632,,,,,,,,,,
882,0.17109376192092896,0.17109376192092896,RL-sBOED,0.03251361846923828,56448,1.9557831287384033,,,,,,,,,,
883,0.17624999582767487,0.17624999582767487,RL-sBOED,0.032013654708862305,56512,1.8642663955688477,,,,,,,,,,
884,0.18843750655651093,0.18843750655651093,RL-sBOED,0.03191947937011719,56576,1.7837285995483398,,,,,,,,,,
885,0.1846875101327896,0.1846875101327896,RL-sBOED,0.031890869140625,56640,1.858350157737732,,,,,,,,,,
886,0.18046875298023224,0.18046875298023224,RL-sBOED,0.0319674015045166,56704,1.7795476913452148,,,,,,,,,,
887,0.17765624821186066,0.17765624821186066,RL-sBOED,0.03202652931213379,56768,1.7296698093414307,,,,,,,,,,
888,0.1837500035762787,0.1837500035762787,RL-sBOED,0.03238224983215332,56832,1.757429838180542,,,,,,,,,,
889,0.17015624046325684,0.17015624046325684,RL-sBOED,0.032158851623535156,56896,1.7534711360931396,,,,,,,,,,
890,0.20531249046325684,0.20531249046325684,RL-sBOED,0.031754255294799805,56960,1.7684049606323242,,,,,,,,,,
891,0.17531248927116394,0.17531248927116394,RL-sBOED,0.03213238716125488,57024,1.7041077613830566,,,,,,,,,,
892,0.18421876430511475,0.18421876430511475,RL-sBOED,0.03236222267150879,57088,1.7468656301498413,,,,,,,,,,
893,0.1860937476158142,0.1860937476158142,RL-sBOED,0.0318293571472168,57152,1.7324265241622925,,,,,,,,,,
894,0.1692187488079071,0.1692187488079071,RL-sBOED,0.0316929817199707,57216,1.7492507696151733,,,,,,,,,,
895,0.18937499821186066,0.18937499821186066,RL-sBOED,0.032959938049316406,57280,1.9173095226287842,,,,,,,,,,
896,0.18984375894069672,0.18984375894069672,RL-sBOED,0.0317997932434082,57344,1.9886887073516846,,,,,,,,,,
897,0.17906250059604645,0.17906250059604645,RL-sBOED,0.03198075294494629,57408,1.6971887350082397,,,,,,,,,,
898,0.17765626311302185,0.17765626311302185,RL-sBOED,0.032532453536987305,57472,1.7165935039520264,,,,,,,,,,
899,0.18281251192092896,0.18281251192092896,RL-sBOED,0.03197836875915527,57536,1.7438652515411377,,,,,,,,,,
900,0.19078126549720764,0.19078126549720764,RL-sBOED,0.03204941749572754,57600,1.7931420803070068,0.18234375,0.06921875,7,1.139837615960403,0.0546875,0.0078125,1,0.000234375,0.06921875,0
901,0.17859375476837158,0.17859375476837158,RL-sBOED,0.0322117805480957,57664,1.7558238506317139,,,,,,,,,,
902,0.1795312613248825,0.1795312613248825,RL-sBOED,0.03197073936462402,57728,1.7097418308258057,,,,,,,,,,
903,0.17015624046325684,0.17015624046325684,RL-sBOED,0.03190898895263672,57792,1.7812732458114624,,,,,,,,,,
904,0.1926562488079071,0.1926562488079071,RL-sBOED,0.03197360038757324,57856,1.8692697286605835,,,,,,,,,,
905,0.19499999284744263,0.19499999284744263,RL-sBOED,0.03172945976257324,57920,1.8544394969940186,,,,,,,,,,
906,0.16312499344348907,0.16312499344348907,RL-sBOED,0.03225255012512207,57984,1.707918643951416,,,,,,,,,,
907,0.17765626311302185,0.17765626311302185,RL-sBOED,0.031917572021484375,58048,1.8026533126831055,,,,,,,,,,
908,0.17343750596046448,0.17343750596046448,RL-sBOED,0.031950950622558594,58112,1.7370847463607788,,,,,,,,,,
909,0.17812499403953552,0.17812499403953552,RL-sBOED,0.03188014030456543,58176,1.7651447057724,,,,,,,,,,
910,0.18140625953674316,0.18140625953674316,RL-sBOED,0.03200054168701172,58240,1.825701117515564,,,,,,,,,,
911,0.1809374988079071,0.1809374988079071,RL-sBOED,0.03190922737121582,58304,1.7803149223327637,,,,,,,,,,
912,0.19453126192092896,0.19453126192092896,RL-sBOED,0.03218507766723633,58368,1.882032871246338,,,,,,,,,,
913,0.18421876430511475,0.18421876430511475,RL-sBOED,0.03186821937561035,58432,1.8073219060897827,,,,,,,,,,
914,0.18046875298023224,0.18046875298023224,RL-sBOED,0.03198814392089844,58496,1.851773977279663,,,,,,,,,,
915,0.17578125,0.17578125,RL-sBOED,0.03203725814819336,58560,2.029186725616455,,,,,,,,,,
916,0.1771875023841858,0.1771875023841858,RL-sBOED,0.03215742111206055,58624,1.7991304397583008,,,,,,,,,,
917,0.1860937476158142,0.1860937476158142,RL-sBOED,0.03227496147155762,58688,1.896039366722107,,,,,,,,,,
918,0.2057812511920929,0.2057812511920929,RL-sBOED,0.03226184844970703,58752,1.903856635093689,,,,,,,,,,
919,0.18703123927116394,0.18703123927116394,RL-sBOED,0.031801462173461914,58816,1.919661283493042,,,,,,,,,,
920,0.17625001072883606,0.17625001072883606,RL-sBOED,0.03196239471435547,58880,1.95481276512146,,,,,,,,,,
921,0.1626562476158142,0.1626562476158142,RL-sBOED,0.031879425048828125,58944,1.8804606199264526,,,,,,,,,,
922,0.1729687601327896,0.1729687601327896,RL-sBOED,0.03172183036804199,59008,1.9138426780700684,,,,,,,,,,
923,0.17484375834465027,0.17484375834465027,RL-sBOED,0.03203463554382324,59072,1.965346097946167,,,,,,,,,,
924,0.18140625953674316,0.18140625953674316,RL-sBOED,0.031920433044433594,59136,1.913016676902771,,,,,,,,,,
925,0.17578125,0.17578125,RL-sBOED,0.032502174377441406,59200,2.0007247924804688,0.18656250000000002,0.07968750000000001,11,1.6853066031187374,0.0859375,0.0234375,1,0.000703125,0.07968750000000001,0
926,0.17765626311302185,0.17765626311302185,RL-sBOED,0.03201723098754883,59264,1.87646484375,,,,,,,,,,
927,0.18140625953674316,0.18140625953674316,RL-sBOED,0.0317690372467041,59328,1.925793170928955,,,,,,,,,,
928,0.16687500476837158,0.16687500476837158,RL-sBOED,0.03162980079650879,59392,1.9243662357330322,,,,,,,,,,
929,0.1837500035762787,0.1837500035762787,RL-sBOED,0.03184628486633301,59456,1.9240496158599854,,,,,,,,,,
930,0.17484375834465027,0.17484375834465027,RL-sBOED,0.03215956687927246,59520,1.8667587041854858,,,,,,,,,,
931,0.19171875715255737,0.19171875715255737,RL-sBOED,0.03203535079956055,59584,1.9380906820297241,,,,,,,,,,
932,0.17296874523162842,0.17296874523162842,RL-sBOED,0.03190016746520996,59648,2.0230331420898438,,,,,,,,,,
933,0.17249999940395355,0.17249999940395355,RL-sBOED,0.0320286750793457,59712,2.0485949516296387,,,,,,,,,,
934,0.1809374988079071,0.1809374988079071,RL-sBOED,0.03215980529785156,59776,2.0404438972473145,,,,,,,,,,
935,0.19031250476837158,0.19031250476837158,RL-sBOED,0.03177285194396973,59840,2.2017228603363037,,,,,,,,,,
936,0.1678124964237213,0.1678124964237213,RL-sBOED,0.032068729400634766,59904,1.94894540309906,,,,,,,,,,
937,0.18796876072883606,0.18796876072883606,RL-sBOED,0.03168892860412598,59968,1.945440649986267,,,,,,,,,,
938,0.17906250059604645,0.17906250059604645,RL-sBOED,0.032103776931762695,60032,2.0075206756591797,,,,,,,,,,
939,0.18562500178813934,0.18562500178813934,RL-sBOED,0.031819820404052734,60096,2.0157809257507324,,,,,,,,,,
940,0.17343750596046448,0.17343750596046448,RL-sBOED,0.03203392028808594,60160,2.043774366378784,,,,,,,,,,
941,0.18046875298023224,0.18046875298023224,RL-sBOED,0.0319981575012207,60224,1.9601225852966309,,,,,,,,,,
942,0.1940625011920929,0.1940625011920929,RL-sBOED,0.03203988075256348,60288,2.0210583209991455,,,,,,,,,,
943,0.17015624046325684,0.17015624046325684,RL-sBOED,0.03216266632080078,60352,1.9289405345916748,,,,,,,,,,
944,0.19171875715255737,0.19171875715255737,RL-sBOED,0.03194713592529297,60416,2.0328192710876465,,,,,,,,,,
945,0.18937501311302185,0.18937501311302185,RL-sBOED,0.03198504447937012,60480,1.9653947353363037,,,,,,,,,,
946,0.17015624046325684,0.17015624046325684,RL-sBOED,0.03196215629577637,60544,1.9203318357467651,,,,,,,,,,
947,0.18281249701976776,0.18281249701976776,RL-sBOED,0.031928062438964844,60608,2.064962387084961,,,,,,,,,,
948,0.17765626311302185,0.17765626311302185,RL-sBOED,0.03189992904663086,60672,2.1377017498016357,,,,,,,,,,
949,0.1954687535762787,0.1954687535762787,RL-sBOED,0.03182625770568848,60736,2.128756523132324,,,,,,,,,,
950,0.19218750298023224,0.19218750298023224,RL-sBOED,0.03193306922912598,60800,2.0242886543273926,0.18375,0.07062500000000001,8,1.3488226610169995,0.0625,0.0078125,1,0.000234375,0.07062500000000001,0
951,0.18421874940395355,0.18421874940395355,RL-sBOED,0.0321354866027832,60864,2.0636000633239746,,,,,,,,,,
952,0.1889062523841858,0.1889062523841858,RL-sBOED,0.03186392784118652,60928,1.9676198959350586,,,,,,,,,,
953,0.17859375476837158,0.17859375476837158,RL-sBOED,0.03183126449584961,60992,2.011317014694214,,,,,,,,,,
954,0.17812499403953552,0.17812499403953552,RL-sBOED,0.03185892105102539,61056,2.1576051712036133,,,,,,,,,,
955,0.19078126549720764,0.19078126549720764,RL-sBOED,0.031890869140625,61120,2.0316643714904785,,,,,,,,,,
956,0.18328124284744263,0.18328124284744263,RL-sBOED,0.03187394142150879,61184,2.1454803943634033,,,,,,,,,,
957,0.1720312535762787,0.1720312535762787,RL-sBOED,0.03189420700073242,61248,2.034705638885498,,,,,,,,,,
958,0.17531248927116394,0.17531248927116394,RL-sBOED,0.032213687896728516,61312,1.8312709331512451,,,,,,,,,,
959,0.1640625,0.1640625,RL-sBOED,0.032366275787353516,61376,1.8525422811508179,,,,,,,,,,
960,0.17531250417232513,0.17531250417232513,RL-sBOED,0.03209042549133301,61440,1.7423436641693115,,,,,,,,,,
961,0.15984374284744263,0.15984374284744263,RL-sBOED,0.03206324577331543,61504,1.8817051649093628,,,,,,,,,,
962,0.18703125417232513,0.18703125417232513,RL-sBOED,0.031685829162597656,61568,1.7988908290863037,,,,,,,,,,
963,0.1795312464237213,0.1795312464237213,RL-sBOED,0.03201794624328613,61632,1.8750722408294678,,,,,,,,,,
964,0.1926562488079071,0.1926562488079071,RL-sBOED,0.03190493583679199,61696,1.7881247997283936,,,,,,,,,,
965,0.1940625011920929,0.1940625011920929,RL-sBOED,0.0321345329284668,61760,1.7321374416351318,,,,,,,,,,
966,0.17156250774860382,0.17156250774860382,RL-sBOED,0.03192496299743652,61824,1.5892136096954346,,,,,,,,,,
967,0.17015624046325684,0.17015624046325684,RL-sBOED,0.03195595741271973,61888,1.7319129705429077,,,,,,,,,,
968,0.17906250059604645,0.17906250059604645,RL-sBOED,0.031996965408325195,61952,1.659337043762207,,,,,,,,,,
969,0.16499999165534973,0.16499999165534973,RL-sBOED,0.03211522102355957,62016,1.7434377670288086,,,,,,,,,,
970,0.18000000715255737,0.18000000715255737,RL-sBOED,0.032037973403930664,62080,1.7347615957260132,,,,,,,,,,
971,0.18796876072883606,0.18796876072883606,RL-sBOED,0.03184342384338379,62144,1.8375247716903687,,,,,,,,,,
972,0.17343750596046448,0.17343750596046448,RL-sBOED,0.03205132484436035,62208,1.5616892576217651,,,,,,,,,,
973,0.20250000059604645,0.20250000059604645,RL-sBOED,0.03205156326293945,62272,1.8462584018707275,,,,,,,,,,
974,0.16312500834465027,0.16312500834465027,RL-sBOED,0.03203415870666504,62336,1.8394064903259277,,,,,,,,,,
975,0.15937501192092896,0.15937501192092896,RL-sBOED,0.031697750091552734,62400,1.8324921131134033,0.18421875000000001,0.07421875000000001,9,1.375999482336184,0.0703125,0.015625,1,0.00046875,0.07421875000000001,0
976,0.18421873450279236,0.19046874344348907,RL-sBOED,0.032128334045410156,62464,1.7350757122039795,,,,,,,,,,
977,0.1692187488079071,0.1692187488079071,RL-sBOED,0.0318300724029541,62528,1.7992266416549683,,,,,,,,,,
978,0.1692187488079071,0.1692187488079071,RL-sBOED,0.03178596496582031,62592,1.879765272140503,,,,,,,,,,
979,0.1720312535762787,0.1720312535762787,RL-sBOED,0.03222942352294922,62656,1.7928380966186523,,,,,,,,,,
980,0.18140625953674316,0.18140625953674316,RL-sBOED,0.03226613998413086,62720,1.861562728881836,,,,,,,,,,
981,0.17343750596046448,0.17343750596046448,RL-sBOED,0.03213787078857422,62784,1.6947940587997437,,,,,,,,,,
982,0.18656249344348907,0.18656249344348907,RL-sBOED,0.03217196464538574,62848,1.7457116842269897,,,,,,,,,,
983,0.1795312464237213,0.1795312464237213,RL-sBOED,0.031937360763549805,62912,1.8799166679382324,,,,,,,,,,
984,0.18796876072883606,0.18796876072883606,RL-sBOED,0.03191089630126953,62976,1.8251785039901733,,,,,,,,,,
985,0.1626562476158142,0.1626562476158142,RL-sBOED,0.03178906440734863,63040,1.8109525442123413,,,,,,,,,,
986,0.19078125059604645,0.19078125059604645,RL-sBOED,0.03229808807373047,63104,1.9786179065704346,,,,,,,,,,
987,0.19359375536441803,0.19359375536441803,RL-sBOED,0.032265663146972656,63168,1.8623155355453491,,,,,,,,,,
988,0.19031250476837158,0.19031250476837158,RL-sBOED,0.0319828987121582,63232,1.9498107433319092,,,,,,,,,,
989,0.17859375476837158,0.17859375476837158,RL-sBOED,0.03174185752868652,63296,1.8991755247116089,,,,,,,,,,
990,0.17671874165534973,0.17671874165534973,RL-sBOED,0.03186655044555664,63360,1.8226999044418335,,,,,,,,,,
991,0.17765626311302185,0.17765626311302185,RL-sBOED,0.0321347713470459,63424,1.9194940328598022,,,,,,,,,,
992,0.18281249701976776,0.18281249701976776,RL-sBOED,0.03171658515930176,63488,1.8554558753967285,,,,,,,,,,
993,0.19734375178813934,0.19734375178813934,RL-sBOED,0.03198552131652832,63552,1.7657318115234375,,,,,,,,,,
994,0.2057812511920929,0.2057812511920929,RL-sBOED,0.03194880485534668,63616,1.8331806659698486,,,,,,,,,,
995,0.18796874582767487,0.18796874582767487,RL-sBOED,0.0321807861328125,63680,1.8183107376098633,,,,,,,,,,
996,0.18421876430511475,0.18421876430511475,RL-sBOED,0.03182792663574219,63744,1.737370252609253,,,,,,,,,,
997,0.16312500834465027,0.16312500834465027,RL-sBOED,0.032025814056396484,63808,1.655984878540039,,,,,,,,,,
998,0.19640624523162842,0.19640624523162842,RL-sBOED,0.031993865966796875,63872,1.7654502391815186,,,,,,,,,,
999,0.18187499046325684,0.18187499046325684,RL-sBOED,0.03183603286743164,63936,1.6196445226669312,,,,,,,,,,
1000,0.17390625178813934,0.17390625178813934,RL-sBOED,0.03204941749572754,64000,1.6282051801681519,0.183515625,0.08210937500000001,9,1.0244540900378944,0.0703125,0.03125,1,0.001171875,0.08210937500000001,0
