update,mean_train_u_ctrl,mean_train_control_cost,method,update_seconds,trajectories_sampled,policy_entropy,validation_mean_u_ctrl,validation_mean_mocu,validation_n_unique_sequences,validation_sequence_entropy,validation_unique_frac,validation_under_control_rate,validation_valid,validation_mean_shortfall,validation_checkpoint_score,validation_meets_unique_floor
1,0.21187499165534973,0.21187499165534973,DAD,0.24863624572753906,64,3.3443307876586914,,,,,,,,,,
2,0.23671874403953552,0.23671874403953552,DAD,0.02708601951599121,128,3.344480037689209,,,,,,,,,,
3,0.20999999344348907,0.20999999344348907,DAD,0.02258157730102539,192,3.344001531600952,,,,,,,,,,
4,0.2095312476158142,0.2095312476158142,DAD,0.02931833267211914,256,3.343480110168457,,,,,,,,,,
5,0.21421875059604645,0.21421875059604645,DAD,0.023649930953979492,320,3.3427422046661377,,,,,,,,,,
6,0.2264062464237213,0.2264062464237213,DAD,0.022207975387573242,384,3.341212272644043,,,,,,,,,,
7,0.22312501072883606,0.22312501072883606,DAD,0.02133345603942871,448,3.339531660079956,,,,,,,,,,
8,0.2146874964237213,0.2146874964237213,DAD,0.021203994750976562,512,3.338107109069824,,,,,,,,,,
9,0.21140626072883606,0.21140626072883606,DAD,0.021349430084228516,576,3.33632230758667,,,,,,,,,,
10,0.2043749988079071,0.21531251072883606,DAD,0.021398305892944336,640,3.3344173431396484,,,,,,,,,,
11,0.2095312476158142,0.21578124165534973,DAD,0.021344661712646484,704,3.3325600624084473,,,,,,,,,,
12,0.21000000834465027,0.21000000834465027,DAD,0.021255016326904297,768,3.3305282592773438,,,,,,,,,,
13,0.2043749988079071,0.2043749988079071,DAD,0.02138066291809082,832,3.328408718109131,,,,,,,,,,
14,0.20671874284744263,0.21296875178813934,DAD,0.021229267120361328,896,3.3260953426361084,,,,,,,,,,
15,0.1954687535762787,0.1954687535762787,DAD,0.021195650100708008,960,3.3224008083343506,,,,,,,,,,
16,0.20765623450279236,0.20765623450279236,DAD,0.02126169204711914,1024,3.319397449493408,,,,,,,,,,
17,0.19453126192092896,0.19453126192092896,DAD,0.02126169204711914,1088,3.3160996437072754,,,,,,,,,,
18,0.1964062601327896,0.1964062601327896,DAD,0.021448612213134766,1152,3.3130834102630615,,,,,,,,,,
19,0.1954687535762787,0.1954687535762787,DAD,0.021247148513793945,1216,3.308690309524536,,,,,,,,,,
20,0.20859374105930328,0.20859374105930328,DAD,0.021383047103881836,1280,3.304776906967163,,,,,,,,,,
21,0.20390626788139343,0.20390626788139343,DAD,0.021441936492919922,1344,3.3003716468811035,,,,,,,,,,
22,0.1940625011920929,0.1940625011920929,DAD,0.02157115936279297,1408,3.297473430633545,,,,,,,,,,
23,0.19171875715255737,0.19171875715255737,DAD,0.021257400512695312,1472,3.293266773223877,,,,,,,,,,
24,0.19640624523162842,0.19640624523162842,DAD,0.02133965492248535,1536,3.2865490913391113,,,,,,,,,,
25,0.21421876549720764,0.21421876549720764,DAD,0.021493911743164062,1600,3.280745029449463,0.181875,0.07109375000000001,2,0.08048483706800685,0.015625,0.0078125,1,0.00046875,0.07109375000000001,0
26,0.18562498688697815,0.18562498688697815,DAD,0.02181220054626465,1664,3.27650785446167,,,,,,,,,,
27,0.2109375,0.2109375,DAD,0.02166295051574707,1728,3.2703044414520264,,,,,,,,,,
28,0.20203125476837158,0.20203125476837158,DAD,0.025059223175048828,1792,3.261268138885498,,,,,,,,,,
29,0.18328125774860382,0.18328125774860382,DAD,0.022670984268188477,1856,3.2541584968566895,,,,,,,,,,
30,0.19828125834465027,0.19828125834465027,DAD,0.021607160568237305,1920,3.2470197677612305,,,,,,,,,,
31,0.2029687464237213,0.2029687464237213,DAD,0.021296977996826172,1984,3.2384579181671143,,,,,,,,,,
32,0.20859375596046448,0.20859375596046448,DAD,0.02146172523498535,2048,3.2286548614501953,,,,,,,,,,
33,0.19828124344348907,0.19828124344348907,DAD,0.021248340606689453,2112,3.2212910652160645,,,,,,,,,,
34,0.20765624940395355,0.20765624940395355,DAD,0.021419763565063477,2176,3.208423137664795,,,,,,,,,,
35,0.1860937476158142,0.1860937476158142,DAD,0.021460294723510742,2240,3.199474573135376,,,,,,,,,,
36,0.20015625655651093,0.20015625655651093,DAD,0.02142024040222168,2304,3.1913342475891113,,,,,,,,,,
37,0.19312500953674316,0.19312500953674316,DAD,0.021578550338745117,2368,3.175217390060425,,,,,,,,,,
38,0.20156249403953552,0.20156249403953552,DAD,0.02134227752685547,2432,3.1678342819213867,,,,,,,,,,
39,0.18468749523162842,0.18468749523162842,DAD,0.021565675735473633,2496,3.1557047367095947,,,,,,,,,,
40,0.19453124701976776,0.19453124701976776,DAD,0.021356821060180664,2560,3.142853260040283,,,,,,,,,,
41,0.18937499821186066,0.18937499821186066,DAD,0.021311283111572266,2624,3.1361961364746094,,,,,,,,,,
42,0.17765626311302185,0.17765626311302185,DAD,0.021318435668945312,2688,3.1236014366149902,,,,,,,,,,
43,0.19359375536441803,0.19359375536441803,DAD,0.0212860107421875,2752,3.1140189170837402,,,,,,,,,,
44,0.18562501668930054,0.18562501668930054,DAD,0.02155780792236328,2816,3.1011147499084473,,,,,,,,,,
45,0.17906251549720764,0.17906251549720764,DAD,0.02129983901977539,2880,3.084029197692871,,,,,,,,,,
46,0.20624999701976776,0.20624999701976776,DAD,0.021396160125732422,2944,3.0719103813171387,,,,,,,,,,
47,0.1823437511920929,0.1823437511920929,DAD,0.021176815032958984,3008,3.0571961402893066,,,,,,,,,,
48,0.19687499105930328,0.19687499105930328,DAD,0.021680831909179688,3072,3.0475423336029053,,,,,,,,,,
49,0.18281249701976776,0.18281249701976776,DAD,0.02129817008972168,3136,3.0357255935668945,,,,,,,,,,
50,0.17156249284744263,0.17156249284744263,DAD,0.021317481994628906,3200,3.026185989379883,0.1846875,0.0715625,3,0.7035612883846681,0.0234375,0.0078125,1,0.000234375,0.0715625,0
51,0.18515624105930328,0.18515624105930328,DAD,0.021846771240234375,3264,3.0125207901000977,,,,,,,,,,
52,0.18468749523162842,0.18468749523162842,DAD,0.021347522735595703,3328,3.0083394050598145,,,,,,,,,,
53,0.1771875023841858,0.1771875023841858,DAD,0.021120786666870117,3392,2.992215633392334,,,,,,,,,,
54,0.17296874523162842,0.17296874523162842,DAD,0.02150130271911621,3456,2.9800195693969727,,,,,,,,,,
55,0.19453123211860657,0.19453123211860657,DAD,0.021219491958618164,3520,2.9748294353485107,,,,,,,,,,
56,0.16171875596046448,0.16171875596046448,DAD,0.021426916122436523,3584,2.963637351989746,,,,,,,,,,
57,0.1837500035762787,0.1837500035762787,DAD,0.021275997161865234,3648,2.954554557800293,,,,,,,,,,
58,0.18046875298023224,0.18046875298023224,DAD,0.021338224411010742,3712,2.9481253623962402,,,,,,,,,,
59,0.18984374403953552,0.18984374403953552,DAD,0.02108287811279297,3776,2.9259753227233887,,,,,,,,,,
60,0.1978124976158142,0.1978124976158142,DAD,0.02130270004272461,3840,2.9254512786865234,,,,,,,,,,
61,0.1692187488079071,0.1692187488079071,DAD,0.02134394645690918,3904,2.915083885192871,,,,,,,,,,
62,0.1912499964237213,0.1912499964237213,DAD,0.021289587020874023,3968,2.901597023010254,,,,,,,,,,
63,0.16453126072883606,0.17078125476837158,DAD,0.021432876586914062,4032,2.892326831817627,,,,,,,,,,
64,0.17671874165534973,0.17671874165534973,DAD,0.021561861038208008,4096,2.878925085067749,,,,,,,,,,
65,0.17578125,0.17578125,DAD,0.021331310272216797,4160,2.878852605819702,,,,,,,,,,
66,0.19031250476837158,0.19031250476837158,DAD,0.022490978240966797,4224,2.871371269226074,,,,,,,,,,
67,0.17624998092651367,0.17624998092651367,DAD,0.022867441177368164,4288,2.8600516319274902,,,,,,,,,,
68,0.17625001072883606,0.17625001072883606,DAD,0.02169513702392578,4352,2.853717803955078,,,,,,,,,,
69,0.18140625953674316,0.18140625953674316,DAD,0.021427154541015625,4416,2.8282947540283203,,,,,,,,,,
70,0.18140625953674316,0.18140625953674316,DAD,0.02148294448852539,4480,2.8260247707366943,,,,,,,,,,
71,0.18421876430511475,0.18421876430511475,DAD,0.023530006408691406,4544,2.807706356048584,,,,,,,,,,
72,0.1706250011920929,0.1706250011920929,DAD,0.0217130184173584,4608,2.7939887046813965,,,,,,,,,,
73,0.18281249701976776,0.18281249701976776,DAD,0.021253347396850586,4672,2.786376714706421,,,,,,,,,,
74,0.20531250536441803,0.20531250536441803,DAD,0.021217823028564453,4736,2.7636935710906982,,,,,,,,,,
75,0.17484374344348907,0.17484374344348907,DAD,0.021697044372558594,4800,2.7538235187530518,0.181171875,0.079765625,1,-0.0,0.0078125,0.03125,1,0.0011718750000000002,0.079765625,0
76,0.1926562488079071,0.1926562488079071,DAD,0.021564722061157227,4864,2.7418932914733887,,,,,,,,,,
77,0.1809375137090683,0.1809375137090683,DAD,0.021268367767333984,4928,2.7182445526123047,,,,,,,,,,
78,0.17249999940395355,0.17249999940395355,DAD,0.021178007125854492,4992,2.7081501483917236,,,,,,,,,,
79,0.16828125715255737,0.16828125715255737,DAD,0.02143073081970215,5056,2.669917583465576,,,,,,,,,,
80,0.1809374988079071,0.1809374988079071,DAD,0.021497011184692383,5120,2.6815662384033203,,,,,,,,,,
81,0.1940625011920929,0.1940625011920929,DAD,0.02143263816833496,5184,2.6616179943084717,,,,,,,,,,
82,0.18046873807907104,0.18046873807907104,DAD,0.021193742752075195,5248,2.651524543762207,,,,,,,,,,
83,0.17906250059604645,0.17906250059604645,DAD,0.02127981185913086,5312,2.6277942657470703,,,,,,,,,,
84,0.17765626311302185,0.17765626311302185,DAD,0.02159261703491211,5376,2.617403984069824,,,,,,,,,,
85,0.18000000715255737,0.18000000715255737,DAD,0.021397829055786133,5440,2.6147568225860596,,,,,,,,,,
86,0.17906250059604645,0.17906250059604645,DAD,0.021472692489624023,5504,2.613220453262329,,,,,,,,,,
87,0.16968750953674316,0.16968750953674316,DAD,0.021697521209716797,5568,2.577784299850464,,,,,,,,,,
88,0.19359374046325684,0.19359374046325684,DAD,0.021903276443481445,5632,2.5804688930511475,,,,,,,,,,
89,0.1654687523841858,0.1654687523841858,DAD,0.02146601676940918,5696,2.5654678344726562,,,,,,,,,,
90,0.19640624523162842,0.19640624523162842,DAD,0.021410465240478516,5760,2.557851552963257,,,,,,,,,,
91,0.16734375059604645,0.16734375059604645,DAD,0.02132129669189453,5824,2.5576682090759277,,,,,,,,,,
92,0.1875,0.1875,DAD,0.02369976043701172,5888,2.5376858711242676,,,,,,,,,,
93,0.18046876788139343,0.18046876788139343,DAD,0.022443294525146484,5952,2.547865390777588,,,,,,,,,,
94,0.1771875023841858,0.1771875023841858,DAD,0.021471500396728516,6016,2.5222878456115723,,,,,,,,,,
95,0.17390625178813934,0.17390625178813934,DAD,0.021451234817504883,6080,2.5293021202087402,,,,,,,,,,
96,0.17671875655651093,0.17671875655651093,DAD,0.021376848220825195,6144,2.5108847618103027,,,,,,,,,,
97,0.17859375476837158,0.17859375476837158,DAD,0.02142786979675293,6208,2.491161823272705,,,,,,,,,,
98,0.19312500953674316,0.19312500953674316,DAD,0.021540164947509766,6272,2.5177338123321533,,,,,,,,,,
99,0.17390625178813934,0.17390625178813934,DAD,0.021342754364013672,6336,2.514209747314453,,,,,,,,,,
100,0.18046876788139343,0.18046876788139343,DAD,0.02135944366455078,6400,2.529653549194336,0.17976562499999998,0.069765625,1,-0.0,0.0078125,0.015625,1,0.00046875,0.069765625,0
101,0.1771875023841858,0.1771875023841858,DAD,0.0216522216796875,6464,2.5449466705322266,,,,,,,,,,
102,0.16968750953674316,0.16968750953674316,DAD,0.021449804306030273,6528,2.5383946895599365,,,,,,,,,,
103,0.18796876072883606,0.18796876072883606,DAD,0.021313905715942383,6592,2.507542610168457,,,,,,,,,,
104,0.1860937476158142,0.1860937476158142,DAD,0.021421432495117188,6656,2.509380340576172,,,,,,,,,,
105,0.18937499821186066,0.18937499821186066,DAD,0.021448135375976562,6720,2.5258564949035645,,,,,,,,,,
106,0.18562498688697815,0.18562498688697815,DAD,0.021456241607666016,6784,2.533160924911499,,,,,,,,,,
107,0.18703125417232513,0.18703125417232513,DAD,0.0215609073638916,6848,2.523590087890625,,,,,,,,,,
108,0.17156249284744263,0.17156249284744263,DAD,0.021411418914794922,6912,2.5149083137512207,,,,,,,,,,
109,0.17812500894069672,0.17812500894069672,DAD,0.021404504776000977,6976,2.5315639972686768,,,,,,,,,,
110,0.1743749976158142,0.1743749976158142,DAD,0.021344661712646484,7040,2.5215392112731934,,,,,,,,,,
111,0.1640625,0.1640625,DAD,0.021322250366210938,7104,2.533032178878784,,,,,,,,,,
112,0.17671874165534973,0.17671874165534973,DAD,0.021138906478881836,7168,2.544870376586914,,,,,,,,,,
113,0.1692187637090683,0.1692187637090683,DAD,0.021614789962768555,7232,2.5464746952056885,,,,,,,,,,
114,0.1823437511920929,0.1823437511920929,DAD,0.021546363830566406,7296,2.5416483879089355,,,,,,,,,,
115,0.17859375476837158,0.17859375476837158,DAD,0.021310091018676758,7360,2.5524721145629883,,,,,,,,,,
116,0.19734373688697815,0.19734373688697815,DAD,0.02136397361755371,7424,2.559967279434204,,,,,,,,,,
117,0.17625001072883606,0.17625001072883606,DAD,0.021343231201171875,7488,2.534900188446045,,,,,,,,,,
118,0.17249999940395355,0.17249999940395355,DAD,0.021625041961669922,7552,2.532590866088867,,,,,,,,,,
119,0.1706250011920929,0.1706250011920929,DAD,0.02182793617248535,7616,2.5214972496032715,,,,,,,,,,
120,0.17531250417232513,0.17531250417232513,DAD,0.02295088768005371,7680,2.52714467048645,,,,,,,,,,
121,0.1837500035762787,0.1837500035762787,DAD,0.02149033546447754,7744,2.5135302543640137,,,,,,,,,,
122,0.1743749976158142,0.1743749976158142,DAD,0.021557092666625977,7808,2.5139803886413574,,,,,,,,,,
123,0.17812500894069672,0.17812500894069672,DAD,0.02144932746887207,7872,2.526663303375244,,,,,,,,,,
124,0.18703125417232513,0.18703125417232513,DAD,0.023342370986938477,7936,2.526745319366455,,,,,,,,,,
125,0.18187500536441803,0.18187500536441803,DAD,0.021345138549804688,8000,2.523922920227051,0.18234375000000003,0.07546875,2,0.08048483706800685,0.015625,0.0234375,1,0.0007031250000000002,0.07546875,0
126,0.17578125,0.17578125,DAD,0.021804094314575195,8064,2.5271058082580566,,,,,,,,,,
127,0.1640625,0.1640625,DAD,0.021413564682006836,8128,2.522857189178467,,,,,,,,,,
128,0.19640624523162842,0.19640624523162842,DAD,0.02130603790283203,8192,2.497378349304199,,,,,,,,,,
129,0.17296874523162842,0.17296874523162842,DAD,0.02138686180114746,8256,2.494575262069702,,,,,,,,,,
130,0.1692187488079071,0.1692187488079071,DAD,0.021649837493896484,8320,2.495980739593506,,,,,,,,,,
131,0.16499999165534973,0.16499999165534973,DAD,0.021378040313720703,8384,2.493417263031006,,,,,,,,,,
132,0.19218751788139343,0.19218751788139343,DAD,0.021207809448242188,8448,2.4766159057617188,,,,,,,,,,
133,0.18187499046325684,0.18187499046325684,DAD,0.02146434783935547,8512,2.47255539894104,,,,,,,,,,
134,0.1837500035762787,0.1837500035762787,DAD,0.021484851837158203,8576,2.472409725189209,,,,,,,,,,
135,0.1889062523841858,0.1889062523841858,DAD,0.021474599838256836,8640,2.4850149154663086,,,,,,,,,,
136,0.17531248927116394,0.17531248927116394,DAD,0.021547317504882812,8704,2.4603238105773926,,,,,,,,,,
137,0.18796876072883606,0.18796876072883606,DAD,0.021309852600097656,8768,2.4606800079345703,,,,,,,,,,
138,0.1654687523841858,0.1654687523841858,DAD,0.02149510383605957,8832,2.4808568954467773,,,,,,,,,,
139,0.18187499046325684,0.18187499046325684,DAD,0.02143096923828125,8896,2.473292112350464,,,,,,,,,,
140,0.17296874523162842,0.17296874523162842,DAD,0.021124839782714844,8960,2.4696760177612305,,,,,,,,,,
141,0.18187499046325684,0.18187499046325684,DAD,0.021364450454711914,9024,2.472968101501465,,,,,,,,,,
142,0.19218748807907104,0.19218748807907104,DAD,0.021284818649291992,9088,2.4700205326080322,,,,,,,,,,
143,0.15187498927116394,0.15187498927116394,DAD,0.021432876586914062,9152,2.4632387161254883,,,,,,,,,,
144,0.17812499403953552,0.17812499403953552,DAD,0.021477699279785156,9216,2.4520294666290283,,,,,,,,,,
145,0.1706250011920929,0.1706250011920929,DAD,0.021436452865600586,9280,2.4697141647338867,,,,,,,,,,
146,0.18703123927116394,0.18703123927116394,DAD,0.02139115333557129,9344,2.47293758392334,,,,,,,,,,
147,0.17578125,0.17578125,DAD,0.021393537521362305,9408,2.4781136512756348,,,,,,,,,,
148,0.18000000715255737,0.18000000715255737,DAD,0.02132868766784668,9472,2.4743409156799316,,,,,,,,,,
149,0.18656249344348907,0.18656249344348907,DAD,0.021492481231689453,9536,2.504927635192871,,,,,,,,,,
150,0.16359375417232513,0.16359375417232513,DAD,0.02141594886779785,9600,2.5015645027160645,0.18093750000000003,0.08656250000000001,4,1.1200322696412235,0.03125,0.0546875,0,0.0016406250000000002,1000.1334375,0
151,0.17859375476837158,0.17859375476837158,DAD,0.02176499366760254,9664,2.4971561431884766,,,,,,,,,,
152,0.19171875715255737,0.19171875715255737,DAD,0.02146124839782715,9728,2.490135431289673,,,,,,,,,,
153,0.17156249284744263,0.17156249284744263,DAD,0.021467208862304688,9792,2.4931204319000244,,,,,,,,,,
154,0.1889062523841858,0.1889062523841858,DAD,0.021440744400024414,9856,2.492405891418457,,,,,,,,,,
155,0.15796875953674316,0.15796875953674316,DAD,0.021551847457885742,9920,2.5082051753997803,,,,,,,,,,
156,0.1809374988079071,0.1809374988079071,DAD,0.021368026733398438,9984,2.5041937828063965,,,,,,,,,,
157,0.17484374344348907,0.17484374344348907,DAD,0.021546363830566406,10048,2.511212110519409,,,,,,,,,,
158,0.1926562488079071,0.1926562488079071,DAD,0.021304607391357422,10112,2.5043725967407227,,,,,,,,,,
159,0.1875,0.1875,DAD,0.021537303924560547,10176,2.5237855911254883,,,,,,,,,,
160,0.20671875774860382,0.20671875774860382,DAD,0.021507978439331055,10240,2.5228567123413086,,,,,,,,,,
161,0.1729687601327896,0.1729687601327896,DAD,0.02155900001525879,10304,2.5157933235168457,,,,,,,,,,
162,0.18421874940395355,0.18421874940395355,DAD,0.021269559860229492,10368,2.5246996879577637,,,,,,,,,,
163,0.18328124284744263,0.18328124284744263,DAD,0.021785736083984375,10432,2.5084683895111084,,,,,,,,,,
164,0.18421874940395355,0.18421874940395355,DAD,0.02147364616394043,10496,2.502777099609375,,,,,,,,,,
165,0.17625001072883606,0.17625001072883606,DAD,0.021557331085205078,10560,2.5025014877319336,,,,,,,,,,
166,0.1912499964237213,0.1912499964237213,DAD,0.023647069931030273,10624,2.5186240673065186,,,,,,,,,,
167,0.19171875715255737,0.19171875715255737,DAD,0.02169942855834961,10688,2.5135035514831543,,,,,,,,,,
168,0.17156249284744263,0.17156249284744263,DAD,0.02228689193725586,10752,2.4839463233947754,,,,,,,,,,
169,0.17906251549720764,0.18531250953674316,DAD,0.0224153995513916,10816,2.4692723751068115,,,,,,,,,,
170,0.18562498688697815,0.18562498688697815,DAD,0.021442651748657227,10880,2.442822217941284,,,,,,,,,,
171,0.19218748807907104,0.19218748807907104,DAD,0.021680593490600586,10944,2.4458680152893066,,,,,,,,,,
172,0.19453124701976776,0.19453124701976776,DAD,0.02133941650390625,11008,2.4447927474975586,,,,,,,,,,
173,0.18187500536441803,0.18187500536441803,DAD,0.021213531494140625,11072,2.4253716468811035,,,,,,,,,,
174,0.1743749976158142,0.1743749976158142,DAD,0.021448135375976562,11136,2.4321448802948,,,,,,,,,,
175,0.18703126907348633,0.18703126907348633,DAD,0.021270751953125,11200,2.423053026199341,0.178828125,0.07507812500000001,2,0.11113140431967991,0.015625,0.03125,1,0.0009375000000000002,0.07507812500000001,0
176,0.19828125834465027,0.19828125834465027,DAD,0.021570444107055664,11264,2.426875591278076,,,,,,,,,,
177,0.17859375476837158,0.17859375476837158,DAD,0.02126479148864746,11328,2.452483654022217,,,,,,,,,,
178,0.17249999940395355,0.17249999940395355,DAD,0.021538734436035156,11392,2.4056801795959473,,,,,,,,,,
179,0.17343750596046448,0.17343750596046448,DAD,0.021387577056884766,11456,2.4310824871063232,,,,,,,,,,
180,0.1612500101327896,0.1612500101327896,DAD,0.021309852600097656,11520,2.4110493659973145,,,,,,,,,,
181,0.1537500023841858,0.1537500023841858,DAD,0.021284103393554688,11584,2.4399516582489014,,,,,,,,,,
182,0.19593749940395355,0.19593749940395355,DAD,0.02123713493347168,11648,2.4569292068481445,,,,,,,,,,
183,0.16828125715255737,0.16828125715255737,DAD,0.02141427993774414,11712,2.440284252166748,,,,,,,,,,
184,0.16734375059604645,0.16734375059604645,DAD,0.021607398986816406,11776,2.454807758331299,,,,,,,,,,
185,0.1912499964237213,0.1912499964237213,DAD,0.021692276000976562,11840,2.43363618850708,,,,,,,,,,
186,0.16874998807907104,0.16874998807907104,DAD,0.0214540958404541,11904,2.381223201751709,,,,,,,,,,
187,0.15703125298023224,0.15703125298023224,DAD,0.02123880386352539,11968,2.377711296081543,,,,,,,,,,
188,0.1837500035762787,0.1837500035762787,DAD,0.0213925838470459,12032,2.39701509475708,,,,,,,,,,
189,0.17812499403953552,0.17812499403953552,DAD,0.022342443466186523,12096,2.371029853820801,,,,,,,,,,
190,0.17625001072883606,0.17625001072883606,DAD,0.02280569076538086,12160,2.399775266647339,,,,,,,,,,
191,0.17671874165534973,0.17671874165534973,DAD,0.021559476852416992,12224,2.3588356971740723,,,,,,,,,,
192,0.1926562488079071,0.1926562488079071,DAD,0.021475553512573242,12288,2.3769097328186035,,,,,,,,,,
193,0.18046873807907104,0.18046873807907104,DAD,0.021337270736694336,12352,2.3878631591796875,,,,,,,,,,
194,0.18421876430511475,0.18421876430511475,DAD,0.021496057510375977,12416,2.4493813514709473,,,,,,,,,,
195,0.1837500035762787,0.1837500035762787,DAD,0.021561861038208008,12480,2.4243977069854736,,,,,,,,,,
196,0.1589062511920929,0.1589062511920929,DAD,0.021429777145385742,12544,2.40341854095459,,,,,,,,,,
197,0.18328125774860382,0.18328125774860382,DAD,0.0215911865234375,12608,2.406679630279541,,,,,,,,,,
198,0.18468749523162842,0.18468749523162842,DAD,0.021709442138671875,12672,2.3985133171081543,,,,,,,,,,
199,0.17578125,0.17578125,DAD,0.021395206451416016,12736,2.411716938018799,,,,,,,,,,
200,0.19218750298023224,0.19218750298023224,DAD,0.021322965621948242,12800,2.406548023223877,0.17953125000000003,0.07500000000000001,3,0.9257814483217857,0.0234375,0.0234375,1,0.0009375,0.07500000000000001,0
201,0.18562500178813934,0.1965624988079071,DAD,0.021609783172607422,12864,2.4376113414764404,,,,,,,,,,
202,0.1912499964237213,0.1912499964237213,DAD,0.021297693252563477,12928,2.4295494556427,,,,,,,,,,
203,0.18328124284744263,0.18328124284744263,DAD,0.02144455909729004,12992,2.4152708053588867,,,,,,,,,,
204,0.1795312464237213,0.1795312464237213,DAD,0.021433353424072266,13056,2.4438071250915527,,,,,,,,,,
205,0.17156249284744263,0.17156249284744263,DAD,0.021468162536621094,13120,2.4306797981262207,,,,,,,,,,
206,0.17671875655651093,0.17671875655651093,DAD,0.021317243576049805,13184,2.45902943611145,,,,,,,,,,
207,0.16546876728534698,0.16546876728534698,DAD,0.021286964416503906,13248,2.492846965789795,,,,,,,,,,
208,0.17109376192092896,0.17109376192092896,DAD,0.021425485610961914,13312,2.47039794921875,,,,,,,,,,
209,0.18562500178813934,0.18562500178813934,DAD,0.021584749221801758,13376,2.512794017791748,,,,,,,,,,
210,0.1795312613248825,0.1795312613248825,DAD,0.021424293518066406,13440,2.548290252685547,,,,,,,,,,
211,0.17531250417232513,0.17531250417232513,DAD,0.021440982818603516,13504,2.517756700515747,,,,,,,,,,
212,0.18937498331069946,0.18937498331069946,DAD,0.02134561538696289,13568,2.563290596008301,,,,,,,,,,
213,0.17250001430511475,0.17250001430511475,DAD,0.02126932144165039,13632,2.5273592472076416,,,,,,,,,,
214,0.18000000715255737,0.18000000715255737,DAD,0.021236896514892578,13696,2.5113062858581543,,,,,,,,,,
215,0.1706250011920929,0.1706250011920929,DAD,0.021121740341186523,13760,2.4688315391540527,,,,,,,,,,
216,0.18703125417232513,0.18703125417232513,DAD,0.021529674530029297,13824,2.4941117763519287,,,,,,,,,,
217,0.16593749821186066,0.16593749821186066,DAD,0.021301984786987305,13888,2.454810619354248,,,,,,,,,,
218,0.17249999940395355,0.17249999940395355,DAD,0.02178668975830078,13952,2.423102378845215,,,,,,,,,,
219,0.17859375476837158,0.17859375476837158,DAD,0.021465063095092773,14016,2.449345588684082,,,,,,,,,,
220,0.16171875596046448,0.16171875596046448,DAD,0.02157735824584961,14080,2.3098034858703613,,,,,,,,,,
221,0.18421874940395355,0.18421874940395355,DAD,0.021457433700561523,14144,2.368872880935669,,,,,,,,,,
222,0.17859375476837158,0.17859375476837158,DAD,0.021399736404418945,14208,2.35994553565979,,,,,,,,,,
223,0.17765624821186066,0.17765624821186066,DAD,0.021575212478637695,14272,2.351926803588867,,,,,,,,,,
224,0.17812499403953552,0.17812499403953552,DAD,0.021394729614257812,14336,2.3482065200805664,,,,,,,,,,
225,0.16687500476837158,0.16687500476837158,DAD,0.021698951721191406,14400,2.311440944671631,0.181640625,0.07164062500000001,4,0.8704725567690351,0.03125,0.015625,1,0.00046875,0.07164062500000001,0
226,0.1837500035762787,0.1837500035762787,DAD,0.021535634994506836,14464,2.327244520187378,,,,,,,,,,
227,0.1823437511920929,0.1823437511920929,DAD,0.02353668212890625,14528,2.3676700592041016,,,,,,,,,,
228,0.17390626668930054,0.17390626668930054,DAD,0.021152973175048828,14592,2.3352174758911133,,,,,,,,,,
229,0.17625001072883606,0.17625001072883606,DAD,0.021182537078857422,14656,2.352937698364258,,,,,,,,,,
230,0.16500000655651093,0.16500000655651093,DAD,0.02120804786682129,14720,2.349653959274292,,,,,,,,,,
231,0.19875000417232513,0.19875000417232513,DAD,0.021706342697143555,14784,2.4022984504699707,,,,,,,,,,
232,0.16874998807907104,0.16874998807907104,DAD,0.021340608596801758,14848,2.3458378314971924,,,,,,,,,,
233,0.18796874582767487,0.18796874582767487,DAD,0.02117013931274414,14912,2.349079132080078,,,,,,,,,,
234,0.1837500035762787,0.1837500035762787,DAD,0.021330595016479492,14976,2.3375463485717773,,,,,,,,,,
235,0.16359376907348633,0.16359376907348633,DAD,0.021416187286376953,15040,2.3367278575897217,,,,,,,,,,
236,0.17531250417232513,0.17531250417232513,DAD,0.021229982376098633,15104,2.3173410892486572,,,,,,,,,,
237,0.1875,0.1875,DAD,0.021305322647094727,15168,2.30745530128479,,,,,,,,,,
238,0.18468749523162842,0.18468749523162842,DAD,0.021219968795776367,15232,2.2883405685424805,,,,,,,,,,
239,0.1720312535762787,0.1720312535762787,DAD,0.021413326263427734,15296,2.2975833415985107,,,,,,,,,,
240,0.1860937476158142,0.1860937476158142,DAD,0.021311521530151367,15360,2.3152363300323486,,,,,,,,,,
241,0.19734373688697815,0.19734373688697815,DAD,0.02128911018371582,15424,2.3184306621551514,,,,,,,,,,
242,0.17390625178813934,0.17390625178813934,DAD,0.021284818649291992,15488,2.31211519241333,,,,,,,,,,
243,0.18562501668930054,0.18562501668930054,DAD,0.02146005630493164,15552,2.303208589553833,,,,,,,,,,
244,0.18281251192092896,0.18281251192092896,DAD,0.02132272720336914,15616,2.3532280921936035,,,,,,,,,,
245,0.19453126192092896,0.19453126192092896,DAD,0.02120184898376465,15680,2.415008544921875,,,,,,,,,,
246,0.16453124582767487,0.16453124582767487,DAD,0.021431922912597656,15744,2.369452953338623,,,,,,,,,,
247,0.16875000298023224,0.16875000298023224,DAD,0.02135610580444336,15808,2.347256898880005,,,,,,,,,,
248,0.17671874165534973,0.17671874165534973,DAD,0.021288156509399414,15872,2.4732534885406494,,,,,,,,,,
249,0.16218750178813934,0.16218750178813934,DAD,0.0215451717376709,15936,2.4196181297302246,,,,,,,,,,
250,0.17531250417232513,0.17531250417232513,DAD,0.021851301193237305,16000,2.4389090538024902,0.181640625,0.08101562500000001,7,0.5769130391632165,0.0546875,0.0390625,1,0.0011718750000000002,0.08101562500000001,0
251,0.17531248927116394,0.17531248927116394,DAD,0.02176213264465332,16064,2.4836273193359375,,,,,,,,,,
252,0.17765626311302185,0.17765626311302185,DAD,0.02176952362060547,16128,2.5255534648895264,,,,,,,,,,
253,0.17999999225139618,0.17999999225139618,DAD,0.021399974822998047,16192,2.534334897994995,,,,,,,,,,
254,0.1823437511920929,0.1823437511920929,DAD,0.02156996726989746,16256,2.5551748275756836,,,,,,,,,,
255,0.17578125,0.17578125,DAD,0.021313905715942383,16320,2.5469400882720947,,,,,,,,,,
256,0.17343750596046448,0.17343750596046448,DAD,0.021180391311645508,16384,2.5507936477661133,,,,,,,,,,
257,0.16453126072883606,0.16453126072883606,DAD,0.021266937255859375,16448,2.548208236694336,,,,,,,,,,
258,0.18656249344348907,0.18656249344348907,DAD,0.022722721099853516,16512,2.5982463359832764,,,,,,,,,,
259,0.17250001430511475,0.17250001430511475,DAD,0.021578311920166016,16576,2.5420074462890625,,,,,,,,,,
260,0.19734375178813934,0.19734375178813934,DAD,0.02141547203063965,16640,2.6215903759002686,,,,,,,,,,
261,0.17156249284744263,0.17156249284744263,DAD,0.0214996337890625,16704,2.5412960052490234,,,,,,,,,,
262,0.17015624046325684,0.17015624046325684,DAD,0.021592140197753906,16768,2.545135021209717,,,,,,,,,,
263,0.18562500178813934,0.18562500178813934,DAD,0.02320075035095215,16832,2.494986057281494,,,,,,,,,,
264,0.19453124701976776,0.19453124701976776,DAD,0.022433996200561523,16896,2.5172505378723145,,,,,,,,,,
265,0.1978124976158142,0.1978124976158142,DAD,0.02283334732055664,16960,2.507373571395874,,,,,,,,,,
266,0.17906248569488525,0.17906248569488525,DAD,0.02151322364807129,17024,2.3850338459014893,,,,,,,,,,
267,0.18000000715255737,0.18000000715255737,DAD,0.021565675735473633,17088,2.4050655364990234,,,,,,,,,,
268,0.16359375417232513,0.16359375417232513,DAD,0.02131962776184082,17152,2.334506034851074,,,,,,,,,,
269,0.1809374988079071,0.1809374988079071,DAD,0.02155137062072754,17216,2.343094825744629,,,,,,,,,,
270,0.18000000715255737,0.18000000715255737,DAD,0.021468639373779297,17280,2.372748374938965,,,,,,,,,,
271,0.1926562488079071,0.1926562488079071,DAD,0.02146124839782715,17344,2.3922555446624756,,,,,,,,,,
272,0.17765626311302185,0.17765626311302185,DAD,0.021471500396728516,17408,2.3369054794311523,,,,,,,,,,
273,0.17015625536441803,0.17015625536441803,DAD,0.02150869369506836,17472,2.3502135276794434,,,,,,,,,,
274,0.18703125417232513,0.18703125417232513,DAD,0.02126908302307129,17536,2.3259077072143555,,,,,,,,,,
275,0.17156249284744263,0.17156249284744263,DAD,0.0212552547454834,17600,2.331117630004883,0.181875,0.07812500000000001,3,0.3192161912533834,0.0234375,0.03125,1,0.0009375,0.07812500000000001,0
276,0.17578125,0.17578125,DAD,0.021703481674194336,17664,2.298786163330078,,,,,,,,,,
277,0.17249999940395355,0.17249999940395355,DAD,0.021198511123657227,17728,2.305332660675049,,,,,,,,,,
278,0.18421874940395355,0.18421874940395355,DAD,0.021338939666748047,17792,2.3027589321136475,,,,,,,,,,
279,0.1809374988079071,0.1809374988079071,DAD,0.021322965621948242,17856,2.2849581241607666,,,,,,,,,,
280,0.17906248569488525,0.17906248569488525,DAD,0.021388530731201172,17920,2.254582405090332,,,,,,,,,,
281,0.17484375834465027,0.17484375834465027,DAD,0.02130889892578125,17984,2.269162893295288,,,,,,,,,,
282,0.17390625178813934,0.17390625178813934,DAD,0.021860122680664062,18048,2.30722713470459,,,,,,,,,,
283,0.1823437511920929,0.1823437511920929,DAD,0.021350383758544922,18112,2.289609432220459,,,,,,,,,,
284,0.17531250417232513,0.17531250417232513,DAD,0.021295547485351562,18176,2.362548351287842,,,,,,,,,,
285,0.16875000298023224,0.16875000298023224,DAD,0.021558523178100586,18240,2.239696502685547,,,,,,,,,,
286,0.1743750125169754,0.1743750125169754,DAD,0.021669626235961914,18304,2.405517101287842,,,,,,,,,,
287,0.18562500178813934,0.18562500178813934,DAD,0.021335601806640625,18368,2.4313387870788574,,,,,,,,,,
288,0.16593751311302185,0.16593751311302185,DAD,0.02138972282409668,18432,2.4153661727905273,,,,,,,,,,
289,0.16312500834465027,0.16312500834465027,DAD,0.021424055099487305,18496,2.382317543029785,,,,,,,,,,
290,0.18703125417232513,0.18703125417232513,DAD,0.021335363388061523,18560,2.4924697875976562,,,,,,,,,,
291,0.18656250834465027,0.18656250834465027,DAD,0.021269798278808594,18624,2.5093140602111816,,,,,,,,,,
292,0.16640624403953552,0.16640624403953552,DAD,0.02131795883178711,18688,2.4604878425598145,,,,,,,,,,
293,0.19171875715255737,0.19171875715255737,DAD,0.021360397338867188,18752,2.476714611053467,,,,,,,,,,
294,0.17765626311302185,0.17765626311302185,DAD,0.02151036262512207,18816,2.4843692779541016,,,,,,,,,,
295,0.19687499105930328,0.19687499105930328,DAD,0.021668434143066406,18880,2.51676344871521,,,,,,,,,,
296,0.1889062523841858,0.1889062523841858,DAD,0.021121501922607422,18944,2.4975714683532715,,,,,,,,,,
297,0.17671875655651093,0.17671875655651093,DAD,0.021300792694091797,19008,2.4725990295410156,,,,,,,,,,
298,0.18046873807907104,0.18046873807907104,DAD,0.021301984786987305,19072,2.452958106994629,,,,,,,,,,
299,0.16687500476837158,0.16687500476837158,DAD,0.021431446075439453,19136,2.3978657722473145,,,,,,,,,,
300,0.16875000298023224,0.16875000298023224,DAD,0.021480321884155273,19200,2.456014633178711,0.183046875,0.07304687500000001,13,1.9961614338042966,0.1015625,0.015625,1,0.00046875,0.07304687500000001,0
301,0.1860937476158142,0.1860937476158142,DAD,0.021738529205322266,19264,2.4126882553100586,,,,,,,,,,
302,0.17343750596046448,0.17343750596046448,DAD,0.02157878875732422,19328,2.3741354942321777,,,,,,,,,,
303,0.17015624046325684,0.17015624046325684,DAD,0.02167963981628418,19392,2.3942532539367676,,,,,,,,,,
304,0.18515625596046448,0.18515625596046448,DAD,0.021445512771606445,19456,2.3468194007873535,,,,,,,,,,
305,0.18000000715255737,0.18000000715255737,DAD,0.029166698455810547,19520,2.3929033279418945,,,,,,,,,,
306,0.1809374988079071,0.1809374988079071,DAD,0.021544694900512695,19584,2.4324891567230225,,,,,,,,,,
307,0.16968750953674316,0.16968750953674316,DAD,0.021512269973754883,19648,2.465827226638794,,,,,,,,,,
308,0.17859375476837158,0.17859375476837158,DAD,0.02128744125366211,19712,2.4841089248657227,,,,,,,,,,
309,0.16968750953674316,0.16968750953674316,DAD,0.02116537094116211,19776,2.5688483715057373,,,,,,,,,,
310,0.18000000715255737,0.18000000715255737,DAD,0.022355318069458008,19840,2.541438341140747,,,,,,,,,,
311,0.18000000715255737,0.18000000715255737,DAD,0.021648883819580078,19904,2.6023075580596924,,,,,,,,,,
312,0.1926562488079071,0.1926562488079071,DAD,0.02132582664489746,19968,2.5901100635528564,,,,,,,,,,
313,0.17671874165534973,0.17671874165534973,DAD,0.021400928497314453,20032,2.489279270172119,,,,,,,,,,
314,0.18187500536441803,0.18187500536441803,DAD,0.023543596267700195,20096,2.5108518600463867,,,,,,,,,,
315,0.17531248927116394,0.17531248927116394,DAD,0.02140331268310547,20160,2.5374417304992676,,,,,,,,,,
316,0.16078124940395355,0.16078124940395355,DAD,0.021271467208862305,20224,2.489285469055176,,,,,,,,,,
317,0.17578125,0.17578125,DAD,0.021589040756225586,20288,2.4651529788970947,,,,,,,,,,
318,0.17625001072883606,0.17625001072883606,DAD,0.021542787551879883,20352,2.4528164863586426,,,,,,,,,,
319,0.18140624463558197,0.18140624463558197,DAD,0.021373987197875977,20416,2.4461350440979004,,,,,,,,,,
320,0.1889062523841858,0.1889062523841858,DAD,0.02165842056274414,20480,2.410707473754883,,,,,,,,,,
321,0.18187499046325684,0.18187499046325684,DAD,0.021448373794555664,20544,2.441870927810669,,,,,,,,,,
322,0.1678124964237213,0.1678124964237213,DAD,0.021274805068969727,20608,2.363064765930176,,,,,,,,,,
323,0.16312499344348907,0.16312499344348907,DAD,0.021224498748779297,20672,2.362119674682617,,,,,,,,,,
324,0.17906250059604645,0.17906250059604645,DAD,0.021258115768432617,20736,2.4293136596679688,,,,,,,,,,
325,0.17484375834465027,0.17484375834465027,DAD,0.021413564682006836,20800,2.441476821899414,0.18117187499999998,0.07429687500000001,4,0.5348364517420247,0.03125,0.0234375,1,0.0007031250000000002,0.07429687500000001,0
326,0.16875000298023224,0.17500001192092896,DAD,0.021708011627197266,20864,2.3185434341430664,,,,,,,,,,
327,0.18937501311302185,0.18937501311302185,DAD,0.021528005599975586,20928,2.4232635498046875,,,,,,,,,,
328,0.18984374403953552,0.18984374403953552,DAD,0.021655559539794922,20992,2.3730170726776123,,,,,,,,,,
329,0.1589062511920929,0.1589062511920929,DAD,0.02159595489501953,21056,2.3282415866851807,,,,,,,,,,
330,0.17578125,0.17578125,DAD,0.02139139175415039,21120,2.436171531677246,,,,,,,,,,
331,0.18046873807907104,0.18046873807907104,DAD,0.021271944046020508,21184,2.381470203399658,,,,,,,,,,
332,0.17531248927116394,0.17531248927116394,DAD,0.021539688110351562,21248,2.3892641067504883,,,,,,,,,,
333,0.1720312535762787,0.1720312535762787,DAD,0.02145218849182129,21312,2.388612747192383,,,,,,,,,,
334,0.1771875023841858,0.1771875023841858,DAD,0.021292924880981445,21376,2.4000625610351562,,,,,,,,,,
335,0.18562500178813934,0.18562500178813934,DAD,0.0214231014251709,21440,2.4631032943725586,,,,,,,,,,
336,0.1720312535762787,0.1720312535762787,DAD,0.02138352394104004,21504,2.392256736755371,,,,,,,,,,
337,0.17015624046325684,0.17015624046325684,DAD,0.02121138572692871,21568,2.4260964393615723,,,,,,,,,,
338,0.16640624403953552,0.16640624403953552,DAD,0.02129077911376953,21632,2.5180306434631348,,,,,,,,,,
339,0.19218750298023224,0.19218750298023224,DAD,0.021280288696289062,21696,2.4733808040618896,,,,,,,,,,
340,0.17765624821186066,0.17765624821186066,DAD,0.02167487144470215,21760,2.503156900405884,,,,,,,,,,
341,0.17109374701976776,0.17109374701976776,DAD,0.0215456485748291,21824,2.4768691062927246,,,,,,,,,,
342,0.18046873807907104,0.18046873807907104,DAD,0.021486997604370117,21888,2.462627410888672,,,,,,,,,,
343,0.17531250417232513,0.17531250417232513,DAD,0.021281719207763672,21952,2.441549301147461,,,,,,,,,,
344,0.18328124284744263,0.18328124284744263,DAD,0.02140355110168457,22016,2.48815655708313,,,,,,,,,,
345,0.17906251549720764,0.17906251549720764,DAD,0.02139878273010254,22080,2.451608657836914,,,,,,,,,,
346,0.1574999988079071,0.1574999988079071,DAD,0.021274566650390625,22144,2.4221954345703125,,,,,,,,,,
347,0.16218751668930054,0.16218751668930054,DAD,0.021375417709350586,22208,2.5331010818481445,,,,,,,,,,
348,0.1912500113248825,0.1912500113248825,DAD,0.021270751953125,22272,2.538814067840576,,,,,,,,,,
349,0.1743749976158142,0.1743749976158142,DAD,0.021274089813232422,22336,2.515329599380493,,,,,,,,,,
350,0.17343750596046448,0.17343750596046448,DAD,0.021564483642578125,22400,2.5352516174316406,0.1828125,0.07593750000000002,13,1.2823284105200767,0.1015625,0.0234375,1,0.000703125,0.07593750000000002,0
351,0.19875000417232513,0.19875000417232513,DAD,0.021688222885131836,22464,2.6627001762390137,,,,,,,,,,
352,0.16687500476837158,0.16687500476837158,DAD,0.02141547203063965,22528,2.6418957710266113,,,,,,,,,,
353,0.18140625953674316,0.18140625953674316,DAD,0.021536588668823242,22592,2.617959499359131,,,,,,,,,,
354,0.17249999940395355,0.17249999940395355,DAD,0.021541357040405273,22656,2.6681859493255615,,,,,,,,,,
355,0.1837500035762787,0.1837500035762787,DAD,0.021633148193359375,22720,2.680945873260498,,,,,,,,,,
356,0.1837500035762787,0.1837500035762787,DAD,0.021571636199951172,22784,2.6784534454345703,,,,,,,,,,
357,0.17015624046325684,0.17015624046325684,DAD,0.021413087844848633,22848,2.668952703475952,,,,,,,,,,
358,0.18046873807907104,0.18046873807907104,DAD,0.021186351776123047,22912,2.663397789001465,,,,,,,,,,
359,0.19218748807907104,0.19218748807907104,DAD,0.021122217178344727,22976,2.675093650817871,,,,,,,,,,
360,0.17249999940395355,0.17249999940395355,DAD,0.021107912063598633,23040,2.651571273803711,,,,,,,,,,
361,0.1795312613248825,0.1795312613248825,DAD,0.021183252334594727,23104,2.6312754154205322,,,,,,,,,,
362,0.18515625596046448,0.18515625596046448,DAD,0.02135634422302246,23168,2.6052207946777344,,,,,,,,,,
363,0.18937499821186066,0.18937499821186066,DAD,0.02143573760986328,23232,2.626533031463623,,,,,,,,,,
364,0.17578125,0.17578125,DAD,0.02145218849182129,23296,2.6205735206604004,,,,,,,,,,
365,0.18937501311302185,0.18937501311302185,DAD,0.02149510383605957,23360,2.5331101417541504,,,,,,,,,,
366,0.1875,0.1875,DAD,0.021450042724609375,23424,2.4828872680664062,,,,,,,,,,
367,0.16687500476837158,0.16687500476837158,DAD,0.0214540958404541,23488,2.456303119659424,,,,,,,,,,
368,0.18703123927116394,0.18703123927116394,DAD,0.021603822708129883,23552,2.529921054840088,,,,,,,,,,
369,0.16499999165534973,0.16499999165534973,DAD,0.021555423736572266,23616,2.510376453399658,,,,,,,,,,
370,0.1875,0.1875,DAD,0.021463632583618164,23680,2.4561707973480225,,,,,,,,,,
371,0.19453124701976776,0.19453124701976776,DAD,0.021320819854736328,23744,2.4621129035949707,,,,,,,,,,
372,0.16640625894069672,0.16640625894069672,DAD,0.021518945693969727,23808,2.4655210971832275,,,,,,,,,,
373,0.17343750596046448,0.17343750596046448,DAD,0.021225929260253906,23872,2.4197206497192383,,,,,,,,,,
374,0.17765624821186066,0.17765624821186066,DAD,0.021252155303955078,23936,2.5392980575561523,,,,,,,,,,
375,0.1771875023841858,0.1771875023841858,DAD,0.0213015079498291,24000,2.533501148223877,0.17929687499999997,0.07554687500000001,13,1.799042702272283,0.1015625,0.03125,1,0.0009375000000000002,0.07554687500000001,0
376,0.1654687523841858,0.1654687523841858,DAD,0.021657466888427734,24064,2.5479087829589844,,,,,,,,,,
377,0.17531250417232513,0.17531250417232513,DAD,0.02131485939025879,24128,2.440770387649536,,,,,,,,,,
378,0.19031250476837158,0.19031250476837158,DAD,0.021600961685180664,24192,2.5888612270355225,,,,,,,,,,
379,0.17625001072883606,0.17625001072883606,DAD,0.021387100219726562,24256,2.5676634311676025,,,,,,,,,,
380,0.1771875023841858,0.1834374964237213,DAD,0.021283864974975586,24320,2.5226149559020996,,,,,,,,,,
381,0.18703125417232513,0.18703125417232513,DAD,0.02142477035522461,24384,2.592625617980957,,,,,,,,,,
382,0.1795312464237213,0.1795312464237213,DAD,0.02138209342956543,24448,2.595582962036133,,,,,,,,,,
383,0.17343750596046448,0.17343750596046448,DAD,0.021451711654663086,24512,2.6180200576782227,,,,,,,,,,
384,0.16875000298023224,0.16875000298023224,DAD,0.021308183670043945,24576,2.6239137649536133,,,,,,,,,,
385,0.1889062523841858,0.1889062523841858,DAD,0.021420717239379883,24640,2.623112678527832,,,,,,,,,,
386,0.1837500035762787,0.1837500035762787,DAD,0.021454334259033203,24704,2.636504650115967,,,,,,,,,,
387,0.1720312535762787,0.1720312535762787,DAD,0.021228551864624023,24768,2.621661424636841,,,,,,,,,,
388,0.18187500536441803,0.18187500536441803,DAD,0.02147698402404785,24832,2.7057416439056396,,,,,,,,,,
389,0.1795312464237213,0.1795312464237213,DAD,0.02144336700439453,24896,2.6386141777038574,,,,,,,,,,
390,0.15796875953674316,0.15796875953674316,DAD,0.021468162536621094,24960,2.628556728363037,,,,,,,,,,
391,0.18000000715255737,0.18000000715255737,DAD,0.021465063095092773,25024,2.610276699066162,,,,,,,,,,
392,0.18281251192092896,0.203125,DAD,0.021357059478759766,25088,2.5667262077331543,,,,,,,,,,
393,0.1846875101327896,0.1846875101327896,DAD,0.02136540412902832,25152,2.521049976348877,,,,,,,,,,
394,0.16640624403953552,0.16640624403953552,DAD,0.02147960662841797,25216,2.504695177078247,,,,,,,,,,
395,0.1837500035762787,0.1837500035762787,DAD,0.02127242088317871,25280,2.4624338150024414,,,,,,,,,,
396,0.1809374988079071,0.1809374988079071,DAD,0.021411418914794922,25344,2.415637254714966,,,,,,,,,,
397,0.1860937476158142,0.1860937476158142,DAD,0.021333932876586914,25408,2.4637374877929688,,,,,,,,,,
398,0.17671874165534973,0.17671874165534973,DAD,0.023504257202148438,25472,2.4822776317596436,,,,,,,,,,
399,0.1926562488079071,0.1926562488079071,DAD,0.02510976791381836,25536,2.441290855407715,,,,,,,,,,
400,0.16171875596046448,0.16171875596046448,DAD,0.022911548614501953,25600,2.339865207672119,0.18046875,0.07984375,4,0.7353354090203659,0.03125,0.0390625,1,0.0011718750000000002,0.07984375,0
401,0.19453126192092896,0.19453126192092896,DAD,0.021646738052368164,25664,2.3635311126708984,,,,,,,,,,
402,0.17109374701976776,0.17109374701976776,DAD,0.021283626556396484,25728,2.388923406600952,,,,,,,,,,
403,0.17531250417232513,0.17531250417232513,DAD,0.021531343460083008,25792,2.3682732582092285,,,,,,,,,,
404,0.18562500178813934,0.18562500178813934,DAD,0.02140021324157715,25856,2.4428467750549316,,,,,,,,,,
405,0.18703125417232513,0.18703125417232513,DAD,0.021475791931152344,25920,2.4666213989257812,,,,,,,,,,
406,0.16359375417232513,0.16359375417232513,DAD,0.021468639373779297,25984,2.464690685272217,,,,,,,,,,
407,0.1837500035762787,0.1837500035762787,DAD,0.02127838134765625,26048,2.589332103729248,,,,,,,,,,
408,0.18140625953674316,0.18140625953674316,DAD,0.021493196487426758,26112,2.5261764526367188,,,,,,,,,,
409,0.1795312464237213,0.1795312464237213,DAD,0.02136850357055664,26176,2.5750021934509277,,,,,,,,,,
410,0.18984374403953552,0.18984374403953552,DAD,0.021506309509277344,26240,2.6292104721069336,,,,,,,,,,
411,0.18187499046325684,0.18187499046325684,DAD,0.024415969848632812,26304,2.587580442428589,,,,,,,,,,
412,0.20250001549720764,0.20250001549720764,DAD,0.02119731903076172,26368,2.691800832748413,,,,,,,,,,
413,0.16312500834465027,0.16312500834465027,DAD,0.02142953872680664,26432,2.628833532333374,,,,,,,,,,
414,0.17390623688697815,0.17390623688697815,DAD,0.021281957626342773,26496,2.7013988494873047,,,,,,,,,,
415,0.17109374701976776,0.17109374701976776,DAD,0.021263837814331055,26560,2.7427611351013184,,,,,,,,,,
416,0.19031250476837158,0.19031250476837158,DAD,0.021405935287475586,26624,2.777186870574951,,,,,,,,,,
417,0.17812499403953552,0.17812499403953552,DAD,0.021488428115844727,26688,2.8244824409484863,,,,,,,,,,
418,0.16875000298023224,0.16875000298023224,DAD,0.021135330200195312,26752,2.8416199684143066,,,,,,,,,,
419,0.18656250834465027,0.18656250834465027,DAD,0.021445512771606445,26816,2.736119270324707,,,,,,,,,,
420,0.17624999582767487,0.17624999582767487,DAD,0.021440505981445312,26880,2.699730396270752,,,,,,,,,,
421,0.18562500178813934,0.18562500178813934,DAD,0.021243572235107422,26944,2.8370823860168457,,,,,,,,,,
422,0.17625001072883606,0.17625001072883606,DAD,0.021320343017578125,27008,2.7706518173217773,,,,,,,,,,
423,0.1912499964237213,0.1912499964237213,DAD,0.02172708511352539,27072,2.8155674934387207,,,,,,,,,,
424,0.17531250417232513,0.17531250417232513,DAD,0.021537065505981445,27136,2.809143304824829,,,,,,,,,,
425,0.18328125774860382,0.18328125774860382,DAD,0.021424531936645508,27200,2.7398507595062256,0.17929687500000002,0.07242187500000001,19,1.4414533868818604,0.1484375,0.0234375,1,0.000703125,0.07242187500000001,0
426,0.17343750596046448,0.17343750596046448,DAD,0.02148294448852539,27264,2.7229208946228027,,,,,,,,,,
427,0.18281249701976776,0.18281249701976776,DAD,0.021267175674438477,27328,2.72819185256958,,,,,,,,,,
428,0.19499999284744263,0.19499999284744263,DAD,0.021504878997802734,27392,2.6972737312316895,,,,,,,,,,
429,0.18421874940395355,0.18421874940395355,DAD,0.02147984504699707,27456,2.667832374572754,,,,,,,,,,
430,0.16734375059604645,0.16734375059604645,DAD,0.021278858184814453,27520,2.593071460723877,,,,,,,,,,
431,0.1692187488079071,0.1692187488079071,DAD,0.021290063858032227,27584,2.593217611312866,,,,,,,,,,
432,0.17156249284744263,0.17156249284744263,DAD,0.021617889404296875,27648,2.516291618347168,,,,,,,,,,
433,0.17578125,0.17578125,DAD,0.0214078426361084,27712,2.4856817722320557,,,,,,,,,,
434,0.1875,0.1875,DAD,0.02154827117919922,27776,2.451549768447876,,,,,,,,,,
435,0.18937499821186066,0.18937499821186066,DAD,0.021381139755249023,27840,2.460679054260254,,,,,,,,,,
436,0.17296874523162842,0.17296874523162842,DAD,0.022156238555908203,27904,2.446035385131836,,,,,,,,,,
437,0.1837500035762787,0.1837500035762787,DAD,0.021318435668945312,27968,2.466036319732666,,,,,,,,,,
438,0.18562500178813934,0.18562500178813934,DAD,0.021487712860107422,28032,2.386234998703003,,,,,,,,,,
439,0.18421876430511475,0.18421876430511475,DAD,0.021408557891845703,28096,2.4014883041381836,,,,,,,,,,
440,0.17484375834465027,0.17484375834465027,DAD,0.02136683464050293,28160,2.4316115379333496,,,,,,,,,,
441,0.18421874940395355,0.18421874940395355,DAD,0.02336287498474121,28224,2.501950263977051,,,,,,,,,,
442,0.1926562488079071,0.1926562488079071,DAD,0.021518230438232422,28288,2.3703219890594482,,,,,,,,,,
443,0.18281249701976776,0.18281249701976776,DAD,0.021376371383666992,28352,2.4126827716827393,,,,,,,,,,
444,0.1706250011920929,0.1706250011920929,DAD,0.021387338638305664,28416,2.3483939170837402,,,,,,,,,,
445,0.1654687523841858,0.1654687523841858,DAD,0.021358251571655273,28480,2.3426578044891357,,,,,,,,,,
446,0.17156249284744263,0.17156249284744263,DAD,0.021300792694091797,28544,2.313716173171997,,,,,,,,,,
447,0.1706250011920929,0.1706250011920929,DAD,0.02146458625793457,28608,2.284047842025757,,,,,,,,,,
448,0.17249999940395355,0.17249999940395355,DAD,0.021546363830566406,28672,2.297337532043457,,,,,,,,,,
449,0.17015624046325684,0.17015624046325684,DAD,0.0215756893157959,28736,2.295116424560547,,,,,,,,,,
450,0.1926562488079071,0.1926562488079071,DAD,0.02142786979675293,28800,2.3313488960266113,0.17859375,0.07484375000000001,9,0.4625265014316352,0.0703125,0.03125,1,0.0009375000000000002,0.07484375000000001,0
451,0.1875,0.1875,DAD,0.021811246871948242,28864,2.3854713439941406,,,,,,,,,,
452,0.18656250834465027,0.18656250834465027,DAD,0.021411895751953125,28928,2.3632609844207764,,,,,,,,,,
453,0.17859375476837158,0.17859375476837158,DAD,0.021255016326904297,28992,2.4014763832092285,,,,,,,,,,
454,0.1860937625169754,0.1860937625169754,DAD,0.021523237228393555,29056,2.4516735076904297,,,,,,,,,,
455,0.17578125,0.17578125,DAD,0.021625041961669922,29120,2.4249489307403564,,,,,,,,,,
456,0.1771875023841858,0.1771875023841858,DAD,0.021383285522460938,29184,2.5121397972106934,,,,,,,,,,
457,0.17390625178813934,0.17390625178813934,DAD,0.02132439613342285,29248,2.49501371383667,,,,,,,,,,
458,0.16828125715255737,0.16828125715255737,DAD,0.021268367767333984,29312,2.508542537689209,,,,,,,,,,
459,0.1795312464237213,0.1795312464237213,DAD,0.02119922637939453,29376,2.5428061485290527,,,,,,,,,,
460,0.17109376192092896,0.17109376192092896,DAD,0.021261930465698242,29440,2.570417881011963,,,,,,,,,,
461,0.17812499403953552,0.17812499403953552,DAD,0.02133655548095703,29504,2.545098304748535,,,,,,,,,,
462,0.18328124284744263,0.18328124284744263,DAD,0.021351337432861328,29568,2.557797908782959,,,,,,,,,,
463,0.18515625596046448,0.18515625596046448,DAD,0.02125239372253418,29632,2.6060378551483154,,,,,,,,,,
464,0.18281249701976776,0.18281249701976776,DAD,0.02121281623840332,29696,2.555813789367676,,,,,,,,,,
465,0.17015624046325684,0.17015624046325684,DAD,0.021535873413085938,29760,2.6345055103302,,,,,,,,,,
466,0.17484375834465027,0.17484375834465027,DAD,0.021477937698364258,29824,2.5207417011260986,,,,,,,,,,
467,0.18140625953674316,0.18140625953674316,DAD,0.021457672119140625,29888,2.5861968994140625,,,,,,,,,,
468,0.17156249284744263,0.17156249284744263,DAD,0.02144312858581543,29952,2.4602413177490234,,,,,,,,,,
469,0.19499999284744263,0.19499999284744263,DAD,0.02406167984008789,30016,2.5744102001190186,,,,,,,,,,
470,0.1771875023841858,0.1771875023841858,DAD,0.021416425704956055,30080,2.5333433151245117,,,,,,,,,,
471,0.17671874165534973,0.17671874165534973,DAD,0.02170109748840332,30144,2.5239267349243164,,,,,,,,,,
472,0.1809374988079071,0.1809374988079071,DAD,0.02143383026123047,30208,2.5872466564178467,,,,,,,,,,
473,0.1771875023841858,0.1771875023841858,DAD,0.02141594886779785,30272,2.439944267272949,,,,,,,,,,
474,0.17249999940395355,0.17249999940395355,DAD,0.021099567413330078,30336,2.428800582885742,,,,,,,,,,
475,0.15515625476837158,0.15515625476837158,DAD,0.021363258361816406,30400,2.3833703994750977,0.181640625,0.07164062500000001,13,1.1799797927705333,0.1015625,0.015625,1,0.00046875,0.07164062500000001,0
476,0.17250001430511475,0.17250001430511475,DAD,0.021689891815185547,30464,2.4170315265655518,,,,,,,,,,
477,0.17578125,0.17578125,DAD,0.021384716033935547,30528,2.51596736907959,,,,,,,,,,
478,0.1860937476158142,0.1860937476158142,DAD,0.021388530731201172,30592,2.3979594707489014,,,,,,,,,,
479,0.18468749523162842,0.18468749523162842,DAD,0.02135014533996582,30656,2.4435997009277344,,,,,,,,,,
480,0.17109374701976776,0.17109374701976776,DAD,0.02174997329711914,30720,2.447307586669922,,,,,,,,,,
481,0.18703123927116394,0.18703123927116394,DAD,0.0211484432220459,30784,2.532106876373291,,,,,,,,,,
482,0.17390625178813934,0.17390625178813934,DAD,0.021160602569580078,30848,2.398843288421631,,,,,,,,,,
483,0.17812499403953552,0.17812499403953552,DAD,0.021401166915893555,30912,2.4779601097106934,,,,,,,,,,
484,0.18562498688697815,0.20124998688697815,DAD,0.02145075798034668,30976,2.4143009185791016,,,,,,,,,,
485,0.1860937476158142,0.1860937476158142,DAD,0.02159595489501953,31040,2.492628574371338,,,,,,,,,,
486,0.16874998807907104,0.17499999701976776,DAD,0.021320104598999023,31104,2.484224319458008,,,,,,,,,,
487,0.16828125715255737,0.16828125715255737,DAD,0.021507740020751953,31168,2.451796531677246,,,,,,,,,,
488,0.1706250011920929,0.1706250011920929,DAD,0.021155595779418945,31232,2.4003634452819824,,,,,,,,,,
489,0.1875,0.1875,DAD,0.021486520767211914,31296,2.5167880058288574,,,,,,,,,,
490,0.18796876072883606,0.18796876072883606,DAD,0.02174520492553711,31360,2.402848720550537,,,,,,,,,,
491,0.17906250059604645,0.17906250059604645,DAD,0.0213623046875,31424,2.411442756652832,,,,,,,,,,
492,0.18562500178813934,0.18562500178813934,DAD,0.02153301239013672,31488,2.4775710105895996,,,,,,,,,,
493,0.1589062511920929,0.1589062511920929,DAD,0.02155017852783203,31552,2.455820322036743,,,,,,,,,,
494,0.18515625596046448,0.18515625596046448,DAD,0.021353721618652344,31616,2.5020251274108887,,,,,,,,,,
495,0.17109376192092896,0.17109376192092896,DAD,0.021413326263427734,31680,2.4761054515838623,,,,,,,,,,
496,0.16734375059604645,0.16734375059604645,DAD,0.021169662475585938,31744,2.4837071895599365,,,,,,,,,,
497,0.15843750536441803,0.15843750536441803,DAD,0.023858070373535156,31808,2.549170732498169,,,,,,,,,,
498,0.1743749976158142,0.1743749976158142,DAD,0.022699832916259766,31872,2.4585766792297363,,,,,,,,,,
499,0.18187500536441803,0.18187500536441803,DAD,0.02142024040222168,31936,2.5054802894592285,,,,,,,,,,
500,0.1940625011920929,0.1940625011920929,DAD,0.02157115936279297,32000,2.5334205627441406,0.18117187499999998,0.068046875,18,1.9103661895406674,0.140625,0.0078125,1,0.000234375,0.068046875,0
501,0.1706250011920929,0.1706250011920929,DAD,0.021825075149536133,32064,2.595865249633789,,,,,,,,,,
502,0.17250001430511475,0.17875000834465027,DAD,0.021253108978271484,32128,2.52119779586792,,,,,,,,,,
503,0.17671874165534973,0.17671874165534973,DAD,0.021335124969482422,32192,2.5948660373687744,,,,,,,,,,
504,0.17343750596046448,0.17343750596046448,DAD,0.02245783805847168,32256,2.6281001567840576,,,,,,,,,,
505,0.18046875298023224,0.18046875298023224,DAD,0.021364212036132812,32320,2.5676939487457275,,,,,,,,,,
506,0.1743749976158142,0.1743749976158142,DAD,0.021618366241455078,32384,2.652924060821533,,,,,,,,,,
507,0.17765626311302185,0.17765626311302185,DAD,0.02217721939086914,32448,2.6859002113342285,,,,,,,,,,
508,0.17671875655651093,0.17671875655651093,DAD,0.022911787033081055,32512,2.6659226417541504,,,,,,,,,,
509,0.18562500178813934,0.18562500178813934,DAD,0.021453857421875,32576,2.673476219177246,,,,,,,,,,
510,0.15703126788139343,0.15703126788139343,DAD,0.02123236656188965,32640,2.615957021713257,,,,,,,,,,
511,0.17296874523162842,0.17296874523162842,DAD,0.021448135375976562,32704,2.6363167762756348,,,,,,,,,,
512,0.1875,0.1875,DAD,0.02152419090270996,32768,2.7273459434509277,,,,,,,,,,
513,0.17250001430511475,0.17250001430511475,DAD,0.021698474884033203,32832,2.630181312561035,,,,,,,,,,
514,0.1720312386751175,0.1720312386751175,DAD,0.021210432052612305,32896,2.5823192596435547,,,,,,,,,,
515,0.1771875023841858,0.1771875023841858,DAD,0.02121710777282715,32960,2.692976474761963,,,,,,,,,,
516,0.17812499403953552,0.17812499403953552,DAD,0.02129364013671875,33024,2.6531577110290527,,,,,,,,,,
517,0.18984375894069672,0.18984375894069672,DAD,0.02153158187866211,33088,2.6601178646087646,,,,,,,,,,
518,0.17343750596046448,0.17343750596046448,DAD,0.02145862579345703,33152,2.6257498264312744,,,,,,,,,,
519,0.17906248569488525,0.17906248569488525,DAD,0.021094799041748047,33216,2.589052677154541,,,,,,,,,,
520,0.17578125,0.17578125,DAD,0.021349191665649414,33280,2.5292744636535645,,,,,,,,,,
521,0.19031250476837158,0.19031250476837158,DAD,0.021244049072265625,33344,2.5026819705963135,,,,,,,,,,
522,0.1860937476158142,0.1860937476158142,DAD,0.021227359771728516,33408,2.5739099979400635,,,,,,,,,,
523,0.18984374403953552,0.18984374403953552,DAD,0.021421194076538086,33472,2.518064022064209,,,,,,,,,,
524,0.1837500035762787,0.1837500035762787,DAD,0.021218299865722656,33536,2.535964012145996,,,,,,,,,,
525,0.18328124284744263,0.18328124284744263,DAD,0.021398067474365234,33600,2.467988967895508,0.178359375,0.07773437500000001,14,1.4611298905075336,0.109375,0.0390625,1,0.0011718750000000002,0.07773437500000001,0
526,0.17671875655651093,0.17671875655651093,DAD,0.021678686141967773,33664,2.4735844135284424,,,,,,,,,,
527,0.17015624046325684,0.17015624046325684,DAD,0.02144336700439453,33728,2.5224061012268066,,,,,,,,,,
528,0.2029687613248825,0.2029687613248825,DAD,0.021346330642700195,33792,2.4636900424957275,,,,,,,,,,
529,0.1954687535762787,0.1954687535762787,DAD,0.0212860107421875,33856,2.4779226779937744,,,,,,,,,,
530,0.17343749105930328,0.17343749105930328,DAD,0.0213162899017334,33920,2.4872050285339355,,,,,,,,,,
531,0.16078126430511475,0.16078126430511475,DAD,0.02130603790283203,33984,2.545964241027832,,,,,,,,,,
532,0.16218751668930054,0.16218751668930054,DAD,0.021326780319213867,34048,2.557288646697998,,,,,,,,,,
533,0.1889062523841858,0.1889062523841858,DAD,0.021345138549804688,34112,2.541337013244629,,,,,,,,,,
534,0.18703125417232513,0.18703125417232513,DAD,0.021556854248046875,34176,2.4569239616394043,,,,,,,,,,
535,0.1720312535762787,0.1720312535762787,DAD,0.021389245986938477,34240,2.4380359649658203,,,,,,,,,,
536,0.1837500035762787,0.1837500035762787,DAD,0.02148723602294922,34304,2.372084617614746,,,,,,,,,,
537,0.1809374988079071,0.1809374988079071,DAD,0.02146148681640625,34368,2.3694911003112793,,,,,,,,,,
538,0.1706250011920929,0.1706250011920929,DAD,0.021576642990112305,34432,2.412076473236084,,,,,,,,,,
539,0.17296874523162842,0.17296874523162842,DAD,0.02138543128967285,34496,2.3788604736328125,,,,,,,,,,
540,0.17156250774860382,0.17156250774860382,DAD,0.02131509780883789,34560,2.4238600730895996,,,,,,,,,,
541,0.20671874284744263,0.20671874284744263,DAD,0.021544456481933594,34624,2.393857955932617,,,,,,,,,,
542,0.16828125715255737,0.16828125715255737,DAD,0.02155447006225586,34688,2.4279255867004395,,,,,,,,,,
543,0.1795312464237213,0.1795312464237213,DAD,0.021328210830688477,34752,2.3634719848632812,,,,,,,,,,
544,0.1940625011920929,0.1940625011920929,DAD,0.021543025970458984,34816,2.5089564323425293,,,,,,,,,,
545,0.18796876072883606,0.18796876072883606,DAD,0.02127814292907715,34880,2.4869723320007324,,,,,,,,,,
546,0.18843749165534973,0.18843749165534973,DAD,0.02115464210510254,34944,2.4351463317871094,,,,,,,,,,
547,0.1875,0.1875,DAD,0.021133899688720703,35008,2.433781385421753,,,,,,,,,,
548,0.17906250059604645,0.17906250059604645,DAD,0.02120232582092285,35072,2.449869155883789,,,,,,,,,,
549,0.18937501311302185,0.18937501311302185,DAD,0.021195650100708008,35136,2.4366672039031982,,,,,,,,,,
550,0.17859375476837158,0.17859375476837158,DAD,0.021387815475463867,35200,2.393303155899048,0.18234375,0.07234375000000001,12,1.2743360299377444,0.09375,0.015625,1,0.00046875,0.07234375000000001,0
551,0.1678124964237213,0.1678124964237213,DAD,0.02161121368408203,35264,2.4081573486328125,,,,,,,,,,
552,0.17906250059604645,0.17906250059604645,DAD,0.021192312240600586,35328,2.4907026290893555,,,,,,,,,,
553,0.1743750125169754,0.1743750125169754,DAD,0.021489381790161133,35392,2.445443630218506,,,,,,,,,,
554,0.1720312535762787,0.1720312535762787,DAD,0.021241188049316406,35456,2.435673475265503,,,,,,,,,,
555,0.18796876072883606,0.18796876072883606,DAD,0.021380901336669922,35520,2.409151554107666,,,,,,,,,,
556,0.16875001788139343,0.16875001788139343,DAD,0.02157282829284668,35584,2.4438514709472656,,,,,,,,,,
557,0.16875000298023224,0.16875000298023224,DAD,0.021381855010986328,35648,2.4065868854522705,,,,,,,,,,
558,0.1954687535762787,0.1954687535762787,DAD,0.021319150924682617,35712,2.4402713775634766,,,,,,,,,,
559,0.1860937476158142,0.1860937476158142,DAD,0.021274566650390625,35776,2.4432525634765625,,,,,,,,,,
560,0.17390626668930054,0.17390626668930054,DAD,0.021369218826293945,35840,2.3801398277282715,,,,,,,,,,
561,0.18140624463558197,0.18140624463558197,DAD,0.02149176597595215,35904,2.4503698348999023,,,,,,,,,,
562,0.1978124976158142,0.1978124976158142,DAD,0.02166914939880371,35968,2.388495683670044,,,,,,,,,,
563,0.16312500834465027,0.16312500834465027,DAD,0.021319150924682617,36032,2.279935121536255,,,,,,,,,,
564,0.18281251192092896,0.18281251192092896,DAD,0.02136707305908203,36096,2.332855701446533,,,,,,,,,,
565,0.19171875715255737,0.19171875715255737,DAD,0.02141857147216797,36160,2.2577157020568848,,,,,,,,,,
566,0.1795312613248825,0.1795312613248825,DAD,0.021332979202270508,36224,2.2232229709625244,,,,,,,,,,
567,0.1692187488079071,0.1692187488079071,DAD,0.021301746368408203,36288,2.2982091903686523,,,,,,,,,,
568,0.17531251907348633,0.17531251907348633,DAD,0.021311283111572266,36352,2.205902099609375,,,,,,,,,,
569,0.16171875596046448,0.16171875596046448,DAD,0.021489858627319336,36416,2.2436840534210205,,,,,,,,,,
570,0.17625001072883606,0.17625001072883606,DAD,0.021433591842651367,36480,2.18239688873291,,,,,,,,,,
571,0.18937501311302185,0.18937501311302185,DAD,0.0214388370513916,36544,2.3584601879119873,,,,,,,,,,
572,0.16078124940395355,0.16078124940395355,DAD,0.02138066291809082,36608,2.2897703647613525,,,,,,,,,,
573,0.17109374701976776,0.17109374701976776,DAD,0.021489858627319336,36672,2.2686104774475098,,,,,,,,,,
574,0.1720312535762787,0.1720312535762787,DAD,0.021196603775024414,36736,2.252631187438965,,,,,,,,,,
575,0.16875001788139343,0.16875001788139343,DAD,0.02133774757385254,36800,2.3305416107177734,0.177890625,0.08039062500000001,5,1.0242097939706114,0.0390625,0.046875,1,0.0014062500000000002,0.08039062500000001,0
576,0.15562501549720764,0.15562501549720764,DAD,0.02177286148071289,36864,2.284999370574951,,,,,,,,,,
577,0.17109376192092896,0.17109376192092896,DAD,0.02124190330505371,36928,2.3083696365356445,,,,,,,,,,
578,0.19031250476837158,0.19031250476837158,DAD,0.021281957626342773,36992,2.4114222526550293,,,,,,,,,,
579,0.17671875655651093,0.17671875655651093,DAD,0.021257638931274414,37056,2.502281665802002,,,,,,,,,,
580,0.18281249701976776,0.18281249701976776,DAD,0.02176213264465332,37120,2.552957534790039,,,,,,,,,,
581,0.16640624403953552,0.16640624403953552,DAD,0.021660566329956055,37184,2.5184803009033203,,,,,,,,,,
582,0.18000000715255737,0.18000000715255737,DAD,0.02155327796936035,37248,2.547145366668701,,,,,,,,,,
583,0.18046873807907104,0.18046873807907104,DAD,0.021398305892944336,37312,2.5929126739501953,,,,,,,,,,
584,0.17765624821186066,0.17765624821186066,DAD,0.021093130111694336,37376,2.512638807296753,,,,,,,,,,
585,0.17671874165534973,0.17671874165534973,DAD,0.02142786979675293,37440,2.635222911834717,,,,,,,,,,
586,0.18468749523162842,0.18468749523162842,DAD,0.02150750160217285,37504,2.756276845932007,,,,,,,,,,
587,0.17109374701976776,0.17109374701976776,DAD,0.021375179290771484,37568,2.7419605255126953,,,,,,,,,,
588,0.17624999582767487,0.17624999582767487,DAD,0.021399974822998047,37632,2.7699174880981445,,,,,,,,,,
589,0.18796874582767487,0.18796874582767487,DAD,0.021307706832885742,37696,2.785243034362793,,,,,,,,,,
590,0.17624999582767487,0.17624999582767487,DAD,0.02143096923828125,37760,2.781292200088501,,,,,,,,,,
591,0.1640625,0.1640625,DAD,0.02131938934326172,37824,2.803854465484619,,,,,,,,,,
592,0.19171875715255737,0.19171875715255737,DAD,0.02141118049621582,37888,2.776329517364502,,,,,,,,,,
593,0.17999999225139618,0.17999999225139618,DAD,0.021338224411010742,37952,2.7718307971954346,,,,,,,,,,
594,0.1809374988079071,0.1809374988079071,DAD,0.021559953689575195,38016,2.748648166656494,,,,,,,,,,
595,0.18281251192092896,0.18281251192092896,DAD,0.021331071853637695,38080,2.7426533699035645,,,,,,,,,,
596,0.18421874940395355,0.18421874940395355,DAD,0.02135777473449707,38144,2.7236711978912354,,,,,,,,,,
597,0.17156250774860382,0.17156250774860382,DAD,0.021453142166137695,38208,2.7572290897369385,,,,,,,,,,
598,0.1809374988079071,0.1809374988079071,DAD,0.021388769149780273,38272,2.6572625637054443,,,,,,,,,,
599,0.1823437511920929,0.1823437511920929,DAD,0.021306753158569336,38336,2.643613338470459,,,,,,,,,,
600,0.16453126072883606,0.16453126072883606,DAD,0.0213778018951416,38400,2.699979305267334,0.18492187499999999,0.078046875,17,1.4597317894127164,0.1328125,0.0234375,1,0.000703125,0.078046875,0
601,0.18984374403953552,0.18984374403953552,DAD,0.02173590660095215,38464,2.580819606781006,,,,,,,,,,
602,0.16734375059604645,0.16734375059604645,DAD,0.021407365798950195,38528,2.6239917278289795,,,,,,,,,,
603,0.1940625011920929,0.1940625011920929,DAD,0.021428823471069336,38592,2.6203150749206543,,,,,,,,,,
604,0.17906250059604645,0.17906250059604645,DAD,0.021469593048095703,38656,2.579281806945801,,,,,,,,,,
605,0.16359375417232513,0.16359375417232513,DAD,0.021277666091918945,38720,2.453718662261963,,,,,,,,,,
606,0.18656250834465027,0.18656250834465027,DAD,0.02143239974975586,38784,2.5538039207458496,,,,,,,,,,
607,0.17765626311302185,0.17765626311302185,DAD,0.021438121795654297,38848,2.570219039916992,,,,,,,,,,
608,0.1926562488079071,0.1926562488079071,DAD,0.021381378173828125,38912,2.4826982021331787,,,,,,,,,,
609,0.17250001430511475,0.17250001430511475,DAD,0.0218658447265625,38976,2.5145833492279053,,,,,,,,,,
610,0.1823437511920929,0.1823437511920929,DAD,0.02150249481201172,39040,2.5333876609802246,,,,,,,,,,
611,0.17578125,0.17578125,DAD,0.021337270736694336,39104,2.50754451751709,,,,,,,,,,
612,0.18796874582767487,0.19421875476837158,DAD,0.021381855010986328,39168,2.5660905838012695,,,,,,,,,,
613,0.17625001072883606,0.17625001072883606,DAD,0.021392822265625,39232,2.4960289001464844,,,,,,,,,,
614,0.15234375,0.15234375,DAD,0.02132248878479004,39296,2.428030252456665,,,,,,,,,,
615,0.16687500476837158,0.16687500476837158,DAD,0.021204471588134766,39360,2.4292454719543457,,,,,,,,,,
616,0.15468749403953552,0.15468749403953552,DAD,0.021312713623046875,39424,2.496579647064209,,,,,,,,,,
617,0.17390625178813934,0.17390625178813934,DAD,0.02133011817932129,39488,2.4456610679626465,,,,,,,,,,
618,0.16875001788139343,0.16875001788139343,DAD,0.021178483963012695,39552,2.4282736778259277,,,,,,,,,,
619,0.1823437511920929,0.1823437511920929,DAD,0.02139759063720703,39616,2.4692015647888184,,,,,,,,,,
620,0.18421874940395355,0.18421874940395355,DAD,0.021248579025268555,39680,2.5533058643341064,,,,,,,,,,
621,0.18562500178813934,0.18562500178813934,DAD,0.021310091018676758,39744,2.570038318634033,,,,,,,,,,
622,0.17015625536441803,0.17015625536441803,DAD,0.02112126350402832,39808,2.551941394805908,,,,,,,,,,
623,0.17578125,0.17578125,DAD,0.022049903869628906,39872,2.5992331504821777,,,,,,,,,,
624,0.1743750125169754,0.1743750125169754,DAD,0.02269601821899414,39936,2.535586357116699,,,,,,,,,,
625,0.1809374988079071,0.1809374988079071,DAD,0.02678203582763672,40000,2.6094725131988525,0.181875,0.07500000000000001,29,2.410599241258684,0.2265625,0.0234375,1,0.0007031250000000002,0.07500000000000001,0
626,0.1795312613248825,0.1795312613248825,DAD,0.022589921951293945,40064,2.6849260330200195,,,,,,,,,,
627,0.17390625178813934,0.17390625178813934,DAD,0.021464109420776367,40128,2.664991617202759,,,,,,,,,,
628,0.20671874284744263,0.20671874284744263,DAD,0.02137136459350586,40192,2.6894397735595703,,,,,,,,,,
629,0.17859375476837158,0.1848437637090683,DAD,0.02124786376953125,40256,2.7145612239837646,,,,,,,,,,
630,0.18046875298023224,0.18046875298023224,DAD,0.021368741989135742,40320,2.8342227935791016,,,,,,,,,,
631,0.17859375476837158,0.17859375476837158,DAD,0.0213315486907959,40384,2.7522711753845215,,,,,,,,,,
632,0.1692187488079071,0.1692187488079071,DAD,0.021509170532226562,40448,2.743661880493164,,,,,,,,,,
633,0.17249999940395355,0.17249999940395355,DAD,0.021391868591308594,40512,2.737434148788452,,,,,,,,,,
634,0.17906251549720764,0.17906251549720764,DAD,0.021321773529052734,40576,2.6962099075317383,,,,,,,,,,
635,0.1837500035762787,0.1837500035762787,DAD,0.021355628967285156,40640,2.7254691123962402,,,,,,,,,,
636,0.16687500476837158,0.16687500476837158,DAD,0.02137160301208496,40704,2.68743896484375,,,,,,,,,,
637,0.18515625596046448,0.18515625596046448,DAD,0.021401166915893555,40768,2.701632022857666,,,,,,,,,,
638,0.18140625953674316,0.18140625953674316,DAD,0.02132129669189453,40832,2.4809346199035645,,,,,,,,,,
639,0.16593749821186066,0.16593749821186066,DAD,0.021279573440551758,40896,2.5577220916748047,,,,,,,,,,
640,0.19031250476837158,0.19031250476837158,DAD,0.02144598960876465,40960,2.546274423599243,,,,,,,,,,
641,0.16499999165534973,0.16499999165534973,DAD,0.021445751190185547,41024,2.4592370986938477,,,,,,,,,,
642,0.19078125059604645,0.19078125059604645,DAD,0.021108627319335938,41088,2.513162612915039,,,,,,,,,,
643,0.1875,0.1875,DAD,0.021376371383666992,41152,2.503340482711792,,,,,,,,,,
644,0.1837500035762787,0.1837500035762787,DAD,0.021349668502807617,41216,2.479452610015869,,,,,,,,,,
645,0.18796874582767487,0.18796874582767487,DAD,0.021366119384765625,41280,2.462364673614502,,,,,,,,,,
646,0.18515625596046448,0.18515625596046448,DAD,0.021523237228393555,41344,2.5827760696411133,,,,,,,,,,
647,0.17671875655651093,0.17671875655651093,DAD,0.021319150924682617,41408,2.4994218349456787,,,,,,,,,,
648,0.1860937476158142,0.1860937476158142,DAD,0.021358728408813477,41472,2.5121853351593018,,,,,,,,,,
649,0.1720312535762787,0.1720312535762787,DAD,0.02130913734436035,41536,2.5471911430358887,,,,,,,,,,
650,0.16968749463558197,0.16968749463558197,DAD,0.021460294723510742,41600,2.3395776748657227,0.182109375,0.07835937500000001,12,1.3668930722225685,0.09375,0.03125,1,0.0009375,0.07835937500000001,0
651,0.1771875023841858,0.1771875023841858,DAD,0.02159881591796875,41664,2.511479616165161,,,,,,,,,,
652,0.17812499403953552,0.17812499403953552,DAD,0.02155327796936035,41728,2.4280219078063965,,,,,,,,,,
653,0.1706250011920929,0.1706250011920929,DAD,0.022500038146972656,41792,2.5483436584472656,,,,,,,,,,
654,0.17671875655651093,0.17671875655651093,DAD,0.021470069885253906,41856,2.492466688156128,,,,,,,,,,
655,0.17625001072883606,0.17625001072883606,DAD,0.021271705627441406,41920,2.4150912761688232,,,,,,,,,,
656,0.17906250059604645,0.17906250059604645,DAD,0.02124643325805664,41984,2.454766273498535,,,,,,,,,,
657,0.17109374701976776,0.17109374701976776,DAD,0.02131795883178711,42048,2.4275436401367188,,,,,,,,,,
658,0.18843750655651093,0.18843750655651093,DAD,0.021313190460205078,42112,2.500502347946167,,,,,,,,,,
659,0.15937501192092896,0.15937501192092896,DAD,0.021333694458007812,42176,2.362489700317383,,,,,,,,,,
660,0.1720312535762787,0.1720312535762787,DAD,0.021364688873291016,42240,2.447457790374756,,,,,,,,,,
661,0.1706250011920929,0.1706250011920929,DAD,0.0215606689453125,42304,2.530529022216797,,,,,,,,,,
662,0.17484375834465027,0.17484375834465027,DAD,0.02152872085571289,42368,2.405857563018799,,,,,,,,,,
663,0.1720312535762787,0.1720312535762787,DAD,0.021213293075561523,42432,2.453165054321289,,,,,,,,,,
664,0.1626562476158142,0.1626562476158142,DAD,0.021878719329833984,42496,2.4506030082702637,,,,,,,,,,
665,0.1706250011920929,0.1706250011920929,DAD,0.021643638610839844,42560,2.5284066200256348,,,,,,,,,,
666,0.1678125113248825,0.1678125113248825,DAD,0.02144646644592285,42624,2.5176095962524414,,,,,,,,,,
667,0.17765624821186066,0.17765624821186066,DAD,0.021138668060302734,42688,2.489910840988159,,,,,,,,,,
668,0.1940625011920929,0.1940625011920929,DAD,0.02179121971130371,42752,2.545102596282959,,,,,,,,,,
669,0.17390625178813934,0.17390625178813934,DAD,0.022383451461791992,42816,2.4696803092956543,,,,,,,,,,
670,0.1837500035762787,0.1837500035762787,DAD,0.021371126174926758,42880,2.5408473014831543,,,,,,,,,,
671,0.18562500178813934,0.18562500178813934,DAD,0.02132415771484375,42944,2.5292539596557617,,,,,,,,,,
672,0.1926562488079071,0.1926562488079071,DAD,0.02149343490600586,43008,2.447477340698242,,,,,,,,,,
673,0.17578125,0.17578125,DAD,0.021558046340942383,43072,2.4575743675231934,,,,,,,,,,
674,0.1964062601327896,0.1964062601327896,DAD,0.021455764770507812,43136,2.499112129211426,,,,,,,,,,
675,0.18515625596046448,0.18515625596046448,DAD,0.02161574363708496,43200,2.5367631912231445,0.183046875,0.076171875,24,1.8502996205950901,0.1875,0.0234375,1,0.000703125,0.076171875,0
676,0.17625001072883606,0.17625001072883606,DAD,0.02154374122619629,43264,2.5289134979248047,,,,,,,,,,
677,0.17671875655651093,0.17671875655651093,DAD,0.021445512771606445,43328,2.4832847118377686,,,,,,,,,,
678,0.1809374988079071,0.1809374988079071,DAD,0.021543025970458984,43392,2.573042392730713,,,,,,,,,,
679,0.17156249284744263,0.17156249284744263,DAD,0.02149510383605957,43456,2.520697593688965,,,,,,,,,,
680,0.1837500035762787,0.1837500035762787,DAD,0.02133035659790039,43520,2.5991063117980957,,,,,,,,,,
681,0.17390625178813934,0.17390625178813934,DAD,0.021076440811157227,43584,2.56337571144104,,,,,,,,,,
682,0.17249998450279236,0.17249998450279236,DAD,0.021419048309326172,43648,2.5196094512939453,,,,,,,,,,
683,0.17578125,0.17578125,DAD,0.021294832229614258,43712,2.4988930225372314,,,,,,,,,,
684,0.17625001072883606,0.17625001072883606,DAD,0.022222042083740234,43776,2.4618992805480957,,,,,,,,,,
685,0.1692187488079071,0.1692187488079071,DAD,0.022845983505249023,43840,2.416095733642578,,,,,,,,,,
686,0.18000000715255737,0.18000000715255737,DAD,0.021251440048217773,43904,2.4448626041412354,,,,,,,,,,
687,0.18703123927116394,0.18703123927116394,DAD,0.021210432052612305,43968,2.4732460975646973,,,,,,,,,,
688,0.16828125715255737,0.16828125715255737,DAD,0.02144932746887207,44032,2.419095516204834,,,,,,,,,,
689,0.1785937398672104,0.1785937398672104,DAD,0.021476268768310547,44096,2.4661264419555664,,,,,,,,,,
690,0.1720312535762787,0.1720312535762787,DAD,0.02123570442199707,44160,2.5117368698120117,,,,,,,,,,
691,0.14906251430511475,0.14906251430511475,DAD,0.021416902542114258,44224,2.402468681335449,,,,,,,,,,
692,0.16734375059604645,0.16734375059604645,DAD,0.02109527587890625,44288,2.455115556716919,,,,,,,,,,
693,0.17156250774860382,0.17156250774860382,DAD,0.022490262985229492,44352,2.41342830657959,,,,,,,,,,
694,0.18000000715255737,0.18000000715255737,DAD,0.02131199836730957,44416,2.445751905441284,,,,,,,,,,
695,0.17296874523162842,0.17296874523162842,DAD,0.02132129669189453,44480,2.488429546356201,,,,,,,,,,
696,0.1743749976158142,0.1743749976158142,DAD,0.021462678909301758,44544,2.458317279815674,,,,,,,,,,
697,0.18656250834465027,0.18656250834465027,DAD,0.021501541137695312,44608,2.5570068359375,,,,,,,,,,
698,0.1823437511920929,0.1823437511920929,DAD,0.02110600471496582,44672,2.5000834465026855,,,,,,,,,,
699,0.19921875,0.19921875,DAD,0.021342754364013672,44736,2.603381872177124,,,,,,,,,,
700,0.1889062523841858,0.1889062523841858,DAD,0.021259784698486328,44800,2.574540615081787,0.184921875,0.07804687500000002,23,2.002637286994469,0.1796875,0.0234375,1,0.000703125,0.07804687500000002,0
701,0.18281251192092896,0.18281251192092896,DAD,0.02162790298461914,44864,2.601698398590088,,,,,,,,,,
702,0.16734373569488525,0.16734373569488525,DAD,0.021747112274169922,44928,2.495532512664795,,,,,,,,,,
703,0.1837500035762787,0.1837500035762787,DAD,0.02124929428100586,44992,2.601243019104004,,,,,,,,,,
704,0.17390625178813934,0.17390625178813934,DAD,0.02144336700439453,45056,2.6678361892700195,,,,,,,,,,
705,0.16734375059604645,0.16734375059604645,DAD,0.021309852600097656,45120,2.5818941593170166,,,,,,,,,,
706,0.16453126072883606,0.16453126072883606,DAD,0.021137714385986328,45184,2.667548179626465,,,,,,,,,,
707,0.1875,0.1875,DAD,0.021532297134399414,45248,2.6433916091918945,,,,,,,,,,
708,0.17812500894069672,0.17812500894069672,DAD,0.021442174911499023,45312,2.5695862770080566,,,,,,,,,,
709,0.1837500035762787,0.1837500035762787,DAD,0.0214846134185791,45376,2.5886521339416504,,,,,,,,,,
710,0.16828125715255737,0.16828125715255737,DAD,0.021514415740966797,45440,2.554055690765381,,,,,,,,,,
711,0.17390625178813934,0.17390625178813934,DAD,0.02156853675842285,45504,2.594684362411499,,,,,,,,,,
712,0.1889062523841858,0.1889062523841858,DAD,0.023290634155273438,45568,2.710620880126953,,,,,,,,,,
713,0.19687500596046448,0.19687500596046448,DAD,0.021477699279785156,45632,2.5659708976745605,,,,,,,,,,
714,0.18140624463558197,0.18140624463558197,DAD,0.021456241607666016,45696,2.6274027824401855,,,,,,,,,,
715,0.1795312464237213,0.1795312464237213,DAD,0.021676301956176758,45760,2.6445767879486084,,,,,,,,,,
716,0.17531250417232513,0.17531250417232513,DAD,0.02161431312561035,45824,2.487884044647217,,,,,,,,,,
717,0.1809374988079071,0.1809374988079071,DAD,0.021327495574951172,45888,2.502739906311035,,,,,,,,,,
718,0.1743749976158142,0.1743749976158142,DAD,0.02119135856628418,45952,2.523867130279541,,,,,,,,,,
719,0.17296874523162842,0.17296874523162842,DAD,0.021298885345458984,46016,2.585167646408081,,,,,,,,,,
720,0.1889062523841858,0.1889062523841858,DAD,0.021245241165161133,46080,2.493237018585205,,,,,,,,,,
721,0.17156250774860382,0.17156250774860382,DAD,0.021406173706054688,46144,2.4717230796813965,,,,,,,,,,
722,0.17906251549720764,0.18531250953674316,DAD,0.021136999130249023,46208,2.447399616241455,,,,,,,,,,
723,0.18984374403953552,0.18984374403953552,DAD,0.021572589874267578,46272,2.527552366256714,,,,,,,,,,
724,0.1823437511920929,0.1823437511920929,DAD,0.02171945571899414,46336,2.53885555267334,,,,,,,,,,
725,0.17671875655651093,0.17671875655651093,DAD,0.021673917770385742,46400,2.530548572540283,0.185390625,0.07539062500000002,21,1.892810426655367,0.1640625,0.015625,1,0.00046875,0.07539062500000002,0
726,0.16593751311302185,0.16593751311302185,DAD,0.021551847457885742,46464,2.514174222946167,,,,,,,,,,
727,0.18140625953674316,0.18140625953674316,DAD,0.021355152130126953,46528,2.541411876678467,,,,,,,,,,
728,0.18843750655651093,0.18843750655651093,DAD,0.021579265594482422,46592,2.5488181114196777,,,,,,,,,,
729,0.18000000715255737,0.18000000715255737,DAD,0.021459102630615234,46656,2.5727286338806152,,,,,,,,,,
730,0.1743749976158142,0.1743749976158142,DAD,0.02129197120666504,46720,2.6172800064086914,,,,,,,,,,
731,0.17156250774860382,0.17156250774860382,DAD,0.021532535552978516,46784,2.503096580505371,,,,,,,,,,
732,0.17906250059604645,0.17906250059604645,DAD,0.02143406867980957,46848,2.4334068298339844,,,,,,,,,,
733,0.17484375834465027,0.17484375834465027,DAD,0.021470308303833008,46912,2.4944796562194824,,,,,,,,,,
734,0.19218750298023224,0.19218750298023224,DAD,0.02130436897277832,46976,2.533687114715576,,,,,,,,,,
735,0.17343750596046448,0.17343750596046448,DAD,0.02122187614440918,47040,2.520190715789795,,,,,,,,,,
736,0.17671874165534973,0.17671874165534973,DAD,0.02152848243713379,47104,2.4249792098999023,,,,,,,,,,
737,0.17624999582767487,0.17624999582767487,DAD,0.021473169326782227,47168,2.3875856399536133,,,,,,,,,,
738,0.16828125715255737,0.16828125715255737,DAD,0.02134418487548828,47232,2.430922746658325,,,,,,,,,,
739,0.16359373927116394,0.16359373927116394,DAD,0.02268075942993164,47296,2.4034266471862793,,,,,,,,,,
740,0.17015624046325684,0.17015624046325684,DAD,0.022442102432250977,47360,2.4191880226135254,,,,,,,,,,
741,0.1809374988079071,0.1809374988079071,DAD,0.022555112838745117,47424,2.3974945545196533,,,,,,,,,,
742,0.18328124284744263,0.18328124284744263,DAD,0.021290302276611328,47488,2.5804078578948975,,,,,,,,,,
743,0.15937501192092896,0.15937501192092896,DAD,0.021201133728027344,47552,2.5390167236328125,,,,,,,,,,
744,0.15984374284744263,0.15984374284744263,DAD,0.021448612213134766,47616,2.5688066482543945,,,,,,,,,,
745,0.1889062523841858,0.1889062523841858,DAD,0.021623611450195312,47680,2.6069540977478027,,,,,,,,,,
746,0.17812499403953552,0.17812499403953552,DAD,0.021179676055908203,47744,2.6326422691345215,,,,,,,,,,
747,0.19359375536441803,0.19359375536441803,DAD,0.021385908126831055,47808,2.589973211288452,,,,,,,,,,
748,0.17625001072883606,0.17625001072883606,DAD,0.021300315856933594,47872,2.6044912338256836,,,,,,,,,,
749,0.17156250774860382,0.17156250774860382,DAD,0.02149486541748047,47936,2.6317124366760254,,,,,,,,,,
750,0.17765624821186066,0.17765624821186066,DAD,0.021547555923461914,48000,2.666948080062866,0.18703125000000004,0.07703125000000001,14,1.2504189590040538,0.109375,0.015625,1,0.0004687500000000002,0.07703125000000001,0
751,0.17859375476837158,0.17859375476837158,DAD,0.021649837493896484,48064,2.596280097961426,,,,,,,,,,
752,0.18796876072883606,0.18796876072883606,DAD,0.021336793899536133,48128,2.633127212524414,,,,,,,,,,
753,0.1860937476158142,0.1860937476158142,DAD,0.021225690841674805,48192,2.669265031814575,,,,,,,,,,
754,0.18046875298023224,0.18046875298023224,DAD,0.02144026756286621,48256,2.6341805458068848,,,,,,,,,,
755,0.18468749523162842,0.18468749523162842,DAD,0.021507978439331055,48320,2.662393569946289,,,,,,,,,,
756,0.16734375059604645,0.16734375059604645,DAD,0.021224498748779297,48384,2.638725757598877,,,,,,,,,,
757,0.17671874165534973,0.17671874165534973,DAD,0.021421194076538086,48448,2.659836530685425,,,,,,,,,,
758,0.19031250476837158,0.19031250476837158,DAD,0.021475791931152344,48512,2.677321195602417,,,,,,,,,,
759,0.17906250059604645,0.17906250059604645,DAD,0.02144145965576172,48576,2.63089919090271,,,,,,,,,,
760,0.18468749523162842,0.18468749523162842,DAD,0.021427631378173828,48640,2.6947154998779297,,,,,,,,,,
761,0.18937501311302185,0.18937501311302185,DAD,0.021398544311523438,48704,2.6879515647888184,,,,,,,,,,
762,0.17671874165534973,0.17671874165534973,DAD,0.02136063575744629,48768,2.708632469177246,,,,,,,,,,
763,0.18421874940395355,0.18421874940395355,DAD,0.021496295928955078,48832,2.6076552867889404,,,,,,,,,,
764,0.18328124284744263,0.18328124284744263,DAD,0.02121138572692871,48896,2.640256881713867,,,,,,,,,,
765,0.17484375834465027,0.17484375834465027,DAD,0.021480798721313477,48960,2.6780338287353516,,,,,,,,,,
766,0.19499999284744263,0.19499999284744263,DAD,0.021184682846069336,49024,2.756190776824951,,,,,,,,,,
767,0.18328124284744263,0.18328124284744263,DAD,0.021218538284301758,49088,2.6554319858551025,,,,,,,,,,
768,0.16687500476837158,0.16687500476837158,DAD,0.021306991577148438,49152,2.5866260528564453,,,,,,,,,,
769,0.18140625953674316,0.18140625953674316,DAD,0.021435022354125977,49216,2.737971544265747,,,,,,,,,,
770,0.1875,0.1875,DAD,0.021483898162841797,49280,2.733232021331787,,,,,,,,,,
771,0.18656250834465027,0.18656250834465027,DAD,0.02127552032470703,49344,2.6597652435302734,,,,,,,,,,
772,0.17390625178813934,0.17390625178813934,DAD,0.021290063858032227,49408,2.5339603424072266,,,,,,,,,,
773,0.19312500953674316,0.19312500953674316,DAD,0.021375656127929688,49472,2.5803515911102295,,,,,,,,,,
774,0.18703123927116394,0.18703123927116394,DAD,0.02138543128967285,49536,2.597750663757324,,,,,,,,,,
775,0.18515625596046448,0.18515625596046448,DAD,0.02139115333557129,49600,2.568685531616211,0.1809375,0.0709375,21,2.161085887633188,0.1640625,0.015625,1,0.00046875,0.0709375,0
776,0.1860937476158142,0.1860937476158142,DAD,0.02169632911682129,49664,2.514164447784424,,,,,,,,,,
777,0.18328125774860382,0.18328125774860382,DAD,0.02141857147216797,49728,2.481214761734009,,,,,,,,,,
778,0.18281249701976776,0.18281249701976776,DAD,0.021435022354125977,49792,2.4901673793792725,,,,,,,,,,
779,0.18187500536441803,0.18187500536441803,DAD,0.02141261100769043,49856,2.415839910507202,,,,,,,,,,
780,0.16171875596046448,0.16171875596046448,DAD,0.02129507064819336,49920,2.4412593841552734,,,,,,,,,,
781,0.17156249284744263,0.17156249284744263,DAD,0.0213015079498291,49984,2.4408655166625977,,,,,,,,,,
782,0.18281251192092896,0.18281251192092896,DAD,0.021451711654663086,50048,2.4738149642944336,,,,,,,,,,
783,0.17671874165534973,0.17671874165534973,DAD,0.021351337432861328,50112,2.4978184700012207,,,,,,,,,,
784,0.16312500834465027,0.16312500834465027,DAD,0.02131056785583496,50176,2.431962490081787,,,,,,,,,,
785,0.17109374701976776,0.17109374701976776,DAD,0.021359920501708984,50240,2.4089841842651367,,,,,,,,,,
786,0.17671875655651093,0.17671875655651093,DAD,0.02128314971923828,50304,2.460380792617798,,,,,,,,,,
787,0.18328124284744263,0.18328124284744263,DAD,0.02138376235961914,50368,2.38504958152771,,,,,,,,,,
788,0.17531250417232513,0.17531250417232513,DAD,0.021308422088623047,50432,2.3680925369262695,,,,,,,,,,
789,0.15656250715255737,0.15656250715255737,DAD,0.021349430084228516,50496,2.2675135135650635,,,,,,,,,,
790,0.16171875596046448,0.16171875596046448,DAD,0.02123570442199707,50560,2.344548463821411,,,,,,,,,,
791,0.1795312613248825,0.1795312613248825,DAD,0.021255016326904297,50624,2.379490375518799,,,,,,,,,,
792,0.1809374988079071,0.1809374988079071,DAD,0.02129387855529785,50688,2.336977481842041,,,,,,,,,,
793,0.15515625476837158,0.15515625476837158,DAD,0.021316051483154297,50752,2.4964070320129395,,,,,,,,,,
794,0.18140624463558197,0.18140624463558197,DAD,0.02148270606994629,50816,2.4053244590759277,,,,,,,,,,
795,0.18937501311302185,0.18937501311302185,DAD,0.021189212799072266,50880,2.47800350189209,,,,,,,,,,
796,0.17296874523162842,0.17296874523162842,DAD,0.021227121353149414,50944,2.522503614425659,,,,,,,,,,
797,0.16875000298023224,0.16875000298023224,DAD,0.02124953269958496,51008,2.5794358253479004,,,,,,,,,,
798,0.17015625536441803,0.17015625536441803,DAD,0.021362781524658203,51072,2.468898296356201,,,,,,,,,,
799,0.19031250476837158,0.19031250476837158,DAD,0.021319866180419922,51136,2.5509111881256104,,,,,,,,,,
800,0.18328124284744263,0.18328124284744263,DAD,0.021315574645996094,51200,2.562182664871216,0.18,0.07546875,28,2.589811165575653,0.21875,0.0234375,1,0.0009375,0.07546875,0
801,0.17484375834465027,0.17484375834465027,DAD,0.021651268005371094,51264,2.6955649852752686,,,,,,,,,,
802,0.1875,0.1875,DAD,0.021401643753051758,51328,2.730968475341797,,,,,,,,,,
803,0.17765624821186066,0.17765624821186066,DAD,0.0212399959564209,51392,2.685776472091675,,,,,,,,,,
804,0.16453126072883606,0.16453126072883606,DAD,0.021174907684326172,51456,2.7464869022369385,,,,,,,,,,
805,0.1654687523841858,0.1654687523841858,DAD,0.021305561065673828,51520,2.622231960296631,,,,,,,,,,
806,0.18843749165534973,0.20406249165534973,DAD,0.021360158920288086,51584,2.7209038734436035,,,,,,,,,,
807,0.17765626311302185,0.17765626311302185,DAD,0.021351099014282227,51648,2.646733283996582,,,,,,,,,,
808,0.1795312464237213,0.1795312464237213,DAD,0.021426916122436523,51712,2.661959648132324,,,,,,,,,,
809,0.18656250834465027,0.18656250834465027,DAD,0.0214080810546875,51776,2.7083239555358887,,,,,,,,,,
810,0.2029687613248825,0.2029687613248825,DAD,0.021061420440673828,51840,2.6627798080444336,,,,,,,,,,
811,0.16640625894069672,0.17265625298023224,DAD,0.021440505981445312,51904,2.6172056198120117,,,,,,,,,,
812,0.17578125,0.17578125,DAD,0.021222591400146484,51968,2.6058571338653564,,,,,,,,,,
813,0.17156250774860382,0.17156250774860382,DAD,0.021471023559570312,52032,2.6426780223846436,,,,,,,,,,
814,0.19312499463558197,0.19312499463558197,DAD,0.02132701873779297,52096,2.65903377532959,,,,,,,,,,
815,0.18328127264976501,0.18328127264976501,DAD,0.021445512771606445,52160,2.696918487548828,,,,,,,,,,
816,0.17250001430511475,0.17250001430511475,DAD,0.021219730377197266,52224,2.5805935859680176,,,,,,,,,,
817,0.1729687601327896,0.1729687601327896,DAD,0.021300792694091797,52288,2.526550769805908,,,,,,,,,,
818,0.19031250476837158,0.19031250476837158,DAD,0.021216154098510742,52352,2.5391464233398438,,,,,,,,,,
819,0.17765626311302185,0.17765626311302185,DAD,0.021257638931274414,52416,2.476191997528076,,,,,,,,,,
820,0.17578125,0.17578125,DAD,0.021338224411010742,52480,2.4406204223632812,,,,,,,,,,
821,0.18468749523162842,0.18468749523162842,DAD,0.021405935287475586,52544,2.4739937782287598,,,,,,,,,,
822,0.17531248927116394,0.17531248927116394,DAD,0.021468639373779297,52608,2.438389778137207,,,,,,,,,,
823,0.19031250476837158,0.19031250476837158,DAD,0.021674156188964844,52672,2.5016136169433594,,,,,,,,,,
824,0.1720312535762787,0.1720312535762787,DAD,0.02162313461303711,52736,2.3930301666259766,,,,,,,,,,
825,0.15281249582767487,0.15281249582767487,DAD,0.021404027938842773,52800,2.4590821266174316,0.177421875,0.07367187500000001,17,1.7513633465350524,0.1328125,0.03125,1,0.0009375000000000002,0.07367187500000001,0
826,0.1809374988079071,0.18718750774860382,DAD,0.021492719650268555,52864,2.600813865661621,,,,,,,,,,
827,0.1692187488079071,0.1692187488079071,DAD,0.021332979202270508,52928,2.490185260772705,,,,,,,,,,
828,0.17249999940395355,0.17249999940395355,DAD,0.02114272117614746,52992,2.547449827194214,,,,,,,,,,
829,0.20203125476837158,0.20203125476837158,DAD,0.021229267120361328,53056,2.622020721435547,,,,,,,,,,
830,0.1837500035762787,0.1837500035762787,DAD,0.021420717239379883,53120,2.696744441986084,,,,,,,,,,
831,0.16593751311302185,0.16593751311302185,DAD,0.02193140983581543,53184,2.7203290462493896,,,,,,,,,,
832,0.18843750655651093,0.18843750655651093,DAD,0.02154064178466797,53248,2.724031686782837,,,,,,,,,,
833,0.17015624046325684,0.17015624046325684,DAD,0.021250486373901367,53312,2.663942337036133,,,,,,,,,,
834,0.19359374046325684,0.19359374046325684,DAD,0.02122211456298828,53376,2.660910129547119,,,,,,,,,,
835,0.1795312464237213,0.1795312464237213,DAD,0.021830081939697266,53440,2.7542905807495117,,,,,,,,,,
836,0.1823437511920929,0.1823437511920929,DAD,0.022816181182861328,53504,2.7350337505340576,,,,,,,,,,
837,0.16687500476837158,0.16687500476837158,DAD,0.02117633819580078,53568,2.6598217487335205,,,,,,,,,,
838,0.18562500178813934,0.19812500476837158,DAD,0.02119159698486328,53632,2.713054895401001,,,,,,,,,,
839,0.1771875023841858,0.1771875023841858,DAD,0.021368980407714844,53696,2.6979942321777344,,,,,,,,,,
840,0.1706250011920929,0.1706250011920929,DAD,0.021430015563964844,53760,2.6676688194274902,,,,,,,,,,
841,0.17109376192092896,0.17109376192092896,DAD,0.021837234497070312,53824,2.685788631439209,,,,,,,,,,
842,0.17859375476837158,0.17859375476837158,DAD,0.021343708038330078,53888,2.6792449951171875,,,,,,,,,,
843,0.17390625178813934,0.17390625178813934,DAD,0.02138042449951172,53952,2.514234781265259,,,,,,,,,,
844,0.18796874582767487,0.18796874582767487,DAD,0.02129387855529785,54016,2.715022563934326,,,,,,,,,,
845,0.18421874940395355,0.18421874940395355,DAD,0.021209239959716797,54080,2.6068882942199707,,,,,,,,,,
846,0.16171874105930328,0.16171874105930328,DAD,0.021057605743408203,54144,2.6038169860839844,,,,,,,,,,
847,0.1809374988079071,0.1809374988079071,DAD,0.0215911865234375,54208,2.5810070037841797,,,,,,,,,,
848,0.17156250774860382,0.17156250774860382,DAD,0.021288633346557617,54272,2.5939106941223145,,,,,,,,,,
849,0.18937501311302185,0.18937501311302185,DAD,0.021407604217529297,54336,2.56793212890625,,,,,,,,,,
850,0.18281251192092896,0.18281251192092896,DAD,0.021534204483032227,54400,2.5720479488372803,0.179296875,0.080234375,36,2.934442654537104,0.28125,0.03125,1,0.00140625,0.080234375,1
851,0.1823437511920929,0.1823437511920929,DAD,0.021692991256713867,54464,2.6210007667541504,,,,,,,,,,
852,0.18140625953674316,0.18140625953674316,DAD,0.02141737937927246,54528,2.5934653282165527,,,,,,,,,,
853,0.1912499964237213,0.1912499964237213,DAD,0.021227359771728516,54592,2.6174516677856445,,,,,,,,,,
854,0.18562500178813934,0.18562500178813934,DAD,0.02140522003173828,54656,2.5416932106018066,,,,,,,,,,
855,0.1654687523841858,0.1654687523841858,DAD,0.02140665054321289,54720,2.4885523319244385,,,,,,,,,,
856,0.17765626311302185,0.17765626311302185,DAD,0.021390199661254883,54784,2.4185163974761963,,,,,,,,,,
857,0.1706250011920929,0.1706250011920929,DAD,0.02141714096069336,54848,2.3896236419677734,,,,,,,,,,
858,0.1795312464237213,0.1795312464237213,DAD,0.02143073081970215,54912,2.5690758228302,,,,,,,,,,
859,0.18000000715255737,0.18000000715255737,DAD,0.02372002601623535,54976,2.400594711303711,,,,,,,,,,
860,0.1837500035762787,0.1837500035762787,DAD,0.022406578063964844,55040,2.418456792831421,,,,,,,,,,
861,0.18843750655651093,0.18843750655651093,DAD,0.02130913734436035,55104,2.471798896789551,,,,,,,,,,
862,0.1837500035762787,0.1837500035762787,DAD,0.021276473999023438,55168,2.4977221488952637,,,,,,,,,,
863,0.19687500596046448,0.19687500596046448,DAD,0.021224498748779297,55232,2.40878963470459,,,,,,,,,,
864,0.17906250059604645,0.17906250059604645,DAD,0.021207332611083984,55296,2.3854269981384277,,,,,,,,,,
865,0.1743749976158142,0.1743749976158142,DAD,0.021466732025146484,55360,2.318082809448242,,,,,,,,,,
866,0.1875,0.1875,DAD,0.02131795883178711,55424,2.403923749923706,,,,,,,,,,
867,0.17859375476837158,0.17859375476837158,DAD,0.021196842193603516,55488,2.378079414367676,,,,,,,,,,
868,0.19359374046325684,0.19359374046325684,DAD,0.02128744125366211,55552,2.381998062133789,,,,,,,,,,
869,0.1823437511920929,0.1823437511920929,DAD,0.02109670639038086,55616,2.4031999111175537,,,,,,,,,,
870,0.18000000715255737,0.18000000715255737,DAD,0.021394968032836914,55680,2.31592059135437,,,,,,,,,,
871,0.17249999940395355,0.17249999940395355,DAD,0.021486997604370117,55744,2.3167712688446045,,,,,,,,,,
872,0.18468749523162842,0.18468749523162842,DAD,0.021376371383666992,55808,2.3047633171081543,,,,,,,,,,
873,0.16828125715255737,0.16828125715255737,DAD,0.02139425277709961,55872,2.2463276386260986,,,,,,,,,,
874,0.18937501311302185,0.18937501311302185,DAD,0.021433591842651367,55936,2.313995122909546,,,,,,,,,,
875,0.18421874940395355,0.18421874940395355,DAD,0.021155118942260742,56000,2.3483424186706543,0.183046875,0.07304687500000001,14,1.3675698892982937,0.109375,0.015625,1,0.0004687500000000002,0.07304687500000001,0
876,0.18515625596046448,0.18515625596046448,DAD,0.021541833877563477,56064,2.369133472442627,,,,,,,,,,
877,0.16968750953674316,0.16968750953674316,DAD,0.0224454402923584,56128,2.357203483581543,,,,,,,,,,
878,0.17015624046325684,0.17015624046325684,DAD,0.02124929428100586,56192,2.2664599418640137,,,,,,,,,,
879,0.18281251192092896,0.18281251192092896,DAD,0.02118992805480957,56256,2.4253525733947754,,,,,,,,,,
880,0.18046875298023224,0.18046875298023224,DAD,0.021458864212036133,56320,2.400071144104004,,,,,,,,,,
881,0.17249999940395355,0.17249999940395355,DAD,0.021355867385864258,56384,2.355342388153076,,,,,,,,,,
882,0.1809374988079071,0.1809374988079071,DAD,0.021343708038330078,56448,2.4665470123291016,,,,,,,,,,
883,0.16078126430511475,0.16078126430511475,DAD,0.021352529525756836,56512,2.549762010574341,,,,,,,,,,
884,0.18187500536441803,0.18187500536441803,DAD,0.0215146541595459,56576,2.4615979194641113,,,,,,,,,,
885,0.17109374701976776,0.17109374701976776,DAD,0.021206378936767578,56640,2.456634283065796,,,,,,,,,,
886,0.1743749976158142,0.1743749976158142,DAD,0.021247148513793945,56704,2.3905327320098877,,,,,,,,,,
887,0.19031250476837158,0.19031250476837158,DAD,0.021484375,56768,2.4322526454925537,,,,,,,,,,
888,0.19078125059604645,0.19078125059604645,DAD,0.02115035057067871,56832,2.445409059524536,,,,,,,,,,
889,0.17671875655651093,0.17671875655651093,DAD,0.021282196044921875,56896,2.5018811225891113,,,,,,,,,,
890,0.1706250011920929,0.1706250011920929,DAD,0.02141594886779785,56960,2.483180284500122,,,,,,,,,,
891,0.17249999940395355,0.17249999940395355,DAD,0.021334409713745117,57024,2.4740161895751953,,,,,,,,,,
892,0.16453126072883606,0.16453126072883606,DAD,0.021340370178222656,57088,2.380491256713867,,,,,,,,,,
893,0.17625001072883606,0.17625001072883606,DAD,0.021337509155273438,57152,2.475811004638672,,,,,,,,,,
894,0.17156249284744263,0.17156249284744263,DAD,0.02131962776184082,57216,2.488553047180176,,,,,,,,,,
895,0.17156250774860382,0.19187501072883606,DAD,0.021298646926879883,57280,2.514247417449951,,,,,,,,,,
896,0.1589062511920929,0.1589062511920929,DAD,0.021373748779296875,57344,2.5040860176086426,,,,,,,,,,
897,0.19453126192092896,0.19453126192092896,DAD,0.021361351013183594,57408,2.551788091659546,,,,,,,,,,
898,0.15796875953674316,0.15796875953674316,DAD,0.021320819854736328,57472,2.467923402786255,,,,,,,,,,
899,0.18187499046325684,0.18187499046325684,DAD,0.02131056785583496,57536,2.5507750511169434,,,,,,,,,,
900,0.1720312535762787,0.1720312535762787,DAD,0.021396398544311523,57600,2.5613701343536377,0.184453125,0.083046875,29,2.6235610211584857,0.2265625,0.03125,1,0.0011718750000000002,0.083046875,0
901,0.17906250059604645,0.17906250059604645,DAD,0.02144908905029297,57664,2.5203189849853516,,,,,,,,,,
902,0.16312500834465027,0.16312500834465027,DAD,0.0214536190032959,57728,2.537322759628296,,,,,,,,,,
903,0.1912499964237213,0.1912499964237213,DAD,0.021456003189086914,57792,2.5057568550109863,,,,,,,,,,
904,0.1954687535762787,0.1954687535762787,DAD,0.021442890167236328,57856,2.490950107574463,,,,,,,,,,
905,0.18281249701976776,0.18281249701976776,DAD,0.0213925838470459,57920,2.520355224609375,,,,,,,,,,
906,0.1837500035762787,0.1837500035762787,DAD,0.0212249755859375,57984,2.541370391845703,,,,,,,,,,
907,0.1692187488079071,0.1692187488079071,DAD,0.02141284942626953,58048,2.4295167922973633,,,,,,,,,,
908,0.17343750596046448,0.17343750596046448,DAD,0.02113485336303711,58112,2.4849565029144287,,,,,,,,,,
909,0.17765626311302185,0.17765626311302185,DAD,0.021142959594726562,58176,2.437668800354004,,,,,,,,,,
910,0.17859375476837158,0.17859375476837158,DAD,0.021530866622924805,58240,2.487405300140381,,,,,,,,,,
911,0.17671875655651093,0.17671875655651093,DAD,0.021480560302734375,58304,2.496799945831299,,,,,,,,,,
912,0.17156249284744263,0.17156249284744263,DAD,0.021234989166259766,58368,2.479443073272705,,,,,,,,,,
913,0.1729687601327896,0.1729687601327896,DAD,0.02224278450012207,58432,2.3909435272216797,,,,,,,,,,
914,0.17906251549720764,0.17906251549720764,DAD,0.02150869369506836,58496,2.468325138092041,,,,,,,,,,
915,0.1795312464237213,0.1795312464237213,DAD,0.021179676055908203,58560,2.387838125228882,,,,,,,,,,
916,0.16640625894069672,0.16640625894069672,DAD,0.021197080612182617,58624,2.4463729858398438,,,,,,,,,,
917,0.17109374701976776,0.17109374701976776,DAD,0.021327733993530273,58688,2.4177448749542236,,,,,,,,,,
918,0.18281251192092896,0.19374999403953552,DAD,0.021451234817504883,58752,2.4660067558288574,,,,,,,,,,
919,0.16500000655651093,0.16500000655651093,DAD,0.021255016326904297,58816,2.4309122562408447,,,,,,,,,,
920,0.1706250011920929,0.1706250011920929,DAD,0.021213769912719727,58880,2.5102362632751465,,,,,,,,,,
921,0.1720312535762787,0.1720312535762787,DAD,0.02141594886779785,58944,2.446413278579712,,,,,,,,,,
922,0.16546876728534698,0.16546876728534698,DAD,0.02129840850830078,59008,2.4698069095611572,,,,,,,,,,
923,0.18187499046325684,0.18187499046325684,DAD,0.021194934844970703,59072,2.551929235458374,,,,,,,,,,
924,0.19078126549720764,0.19078126549720764,DAD,0.021489381790161133,59136,2.5245256423950195,,,,,,,,,,
925,0.18187499046325684,0.18187499046325684,DAD,0.021305561065673828,59200,2.5597314834594727,0.175078125,0.09398437500000001,25,2.1825023262701326,0.1953125,0.0703125,0,0.0028125,1000.297109375,0
926,0.1692187488079071,0.1692187488079071,DAD,0.021530628204345703,59264,2.482222318649292,,,,,,,,,,
927,0.18984374403953552,0.18984374403953552,DAD,0.021413087844848633,59328,2.5116748809814453,,,,,,,,,,
928,0.16218750178813934,0.16218750178813934,DAD,0.02337050437927246,59392,2.5414390563964844,,,,,,,,,,
929,0.16078124940395355,0.16078124940395355,DAD,0.02180314064025879,59456,2.4985814094543457,,,,,,,,,,
930,0.18562500178813934,0.19187499582767487,DAD,0.021283864974975586,59520,2.4696788787841797,,,,,,,,,,
931,0.17812499403953552,0.17812499403953552,DAD,0.021362781524658203,59584,2.5357565879821777,,,,,,,,,,
932,0.18000000715255737,0.18000000715255737,DAD,0.02125692367553711,59648,2.564194679260254,,,,,,,,,,
933,0.17906251549720764,0.17906251549720764,DAD,0.021275758743286133,59712,2.548865795135498,,,,,,,,,,
934,0.17156250774860382,0.17156250774860382,DAD,0.021255016326904297,59776,2.6087775230407715,,,,,,,,,,
935,0.1823437511920929,0.1823437511920929,DAD,0.021515607833862305,59840,2.567983627319336,,,,,,,,,,
936,0.17531248927116394,0.17531248927116394,DAD,0.021329641342163086,59904,2.591201066970825,,,,,,,,,,
937,0.1720312535762787,0.1720312535762787,DAD,0.02144312858581543,59968,2.4648056030273438,,,,,,,,,,
938,0.15468749403953552,0.15468749403953552,DAD,0.021152973175048828,60032,2.5562100410461426,,,,,,,,,,
939,0.18281249701976776,0.18281249701976776,DAD,0.021208524703979492,60096,2.5564467906951904,,,,,,,,,,
940,0.17343750596046448,0.17343750596046448,DAD,0.0213167667388916,60160,2.71395206451416,,,,,,,,,,
941,0.18140624463558197,0.18140624463558197,DAD,0.021405458450317383,60224,2.6164073944091797,,,,,,,,,,
942,0.1795312613248825,0.1795312613248825,DAD,0.021361351013183594,60288,2.534104347229004,,,,,,,,,,
943,0.1640625,0.1640625,DAD,0.021206378936767578,60352,2.5699305534362793,,,,,,,,,,
944,0.18140625953674316,0.18140625953674316,DAD,0.02142190933227539,60416,2.6474432945251465,,,,,,,,,,
945,0.18515625596046448,0.18515625596046448,DAD,0.0212099552154541,60480,2.737743377685547,,,,,,,,,,
946,0.18843749165534973,0.18843749165534973,DAD,0.021188020706176758,60544,2.594986915588379,,,,,,,,,,
947,0.1678124964237213,0.1678124964237213,DAD,0.021366596221923828,60608,2.6395020484924316,,,,,,,,,,
948,0.1809374988079071,0.1809374988079071,DAD,0.0212709903717041,60672,2.637857437133789,,,,,,,,,,
949,0.19078125059604645,0.19078125059604645,DAD,0.021197080612182617,60736,2.679593563079834,,,,,,,,,,
950,0.18468749523162842,0.18468749523162842,DAD,0.02124190330505371,60800,2.6175498962402344,0.18375000000000002,0.08546875000000001,25,2.1260985889645663,0.1953125,0.0390625,1,0.0014062500000000004,0.08546875000000001,0
951,0.18046873807907104,0.18046873807907104,DAD,0.02165079116821289,60864,2.547196388244629,,,,,,,,,,
952,0.17390625178813934,0.17390625178813934,DAD,0.02134418487548828,60928,2.5637764930725098,,,,,,,,,,
953,0.17390626668930054,0.17390626668930054,DAD,0.02164912223815918,60992,2.5352988243103027,,,,,,,,,,
954,0.17531248927116394,0.17531248927116394,DAD,0.02142643928527832,61056,2.5587923526763916,,,,,,,,,,
955,0.1912499964237213,0.1912499964237213,DAD,0.021227598190307617,61120,2.546877861022949,,,,,,,,,,
956,0.18000000715255737,0.18000000715255737,DAD,0.021507740020751953,61184,2.492326259613037,,,,,,,,,,
957,0.17343750596046448,0.17343750596046448,DAD,0.021554946899414062,61248,2.506540536880493,,,,,,,,,,
958,0.17906250059604645,0.17906250059604645,DAD,0.021378517150878906,61312,2.5839810371398926,,,,,,,,,,
959,0.17484375834465027,0.17484375834465027,DAD,0.021336793899536133,61376,2.4762701988220215,,,,,,,,,,
960,0.16875000298023224,0.16875000298023224,DAD,0.0211942195892334,61440,2.4103565216064453,,,,,,,,,,
961,0.18937499821186066,0.18937499821186066,DAD,0.0213472843170166,61504,2.5181775093078613,,,,,,,,,,
962,0.17859375476837158,0.17859375476837158,DAD,0.021377086639404297,61568,2.4722869396209717,,,,,,,,,,
963,0.1654687523841858,0.1654687523841858,DAD,0.02156519889831543,61632,2.4306836128234863,,,,,,,,,,
964,0.19078125059604645,0.19703125953674316,DAD,0.021693944931030273,61696,2.448697566986084,,,,,,,,,,
965,0.18515625596046448,0.18515625596046448,DAD,0.021246671676635742,61760,2.48480224609375,,,,,,,,,,
966,0.1837500035762787,0.1837500035762787,DAD,0.02129054069519043,61824,2.4492242336273193,,,,,,,,,,
967,0.17249999940395355,0.17249999940395355,DAD,0.021246910095214844,61888,2.4542760848999023,,,,,,,,,,
968,0.16687500476837158,0.16687500476837158,DAD,0.02301931381225586,61952,2.4603002071380615,,,,,,,,,,
969,0.17156249284744263,0.17156249284744263,DAD,0.021271705627441406,62016,2.299931526184082,,,,,,,,,,
970,0.18796876072883606,0.18796876072883606,DAD,0.02352762222290039,62080,2.4739794731140137,,,,,,,,,,
971,0.18046875298023224,0.18046875298023224,DAD,0.022563934326171875,62144,2.4795422554016113,,,,,,,,,,
972,0.16734375059604645,0.16734375059604645,DAD,0.021463394165039062,62208,2.397244453430176,,,,,,,,,,
973,0.16687500476837158,0.16687500476837158,DAD,0.021424055099487305,62272,2.400485038757324,,,,,,,,,,
974,0.18468749523162842,0.18468749523162842,DAD,0.021747589111328125,62336,2.5087785720825195,,,,,,,,,,
975,0.18656250834465027,0.18656250834465027,DAD,0.021253585815429688,62400,2.387223720550537,0.18234375,0.08953125000000002,26,2.513337173632837,0.203125,0.046875,1,0.001875,0.08953125000000002,0
976,0.18328125774860382,0.18328125774860382,DAD,0.0215609073638916,62464,2.397141456604004,,,,,,,,,,
977,0.15937499701976776,0.15937499701976776,DAD,0.021490097045898438,62528,2.4502429962158203,,,,,,,,,,
978,0.18140624463558197,0.18140624463558197,DAD,0.02173638343811035,62592,2.5109519958496094,,,,,,,,,,
979,0.1837500035762787,0.1837500035762787,DAD,0.0213165283203125,62656,2.406860828399658,,,,,,,,,,
980,0.15656250715255737,0.15656250715255737,DAD,0.0214083194732666,62720,2.327030658721924,,,,,,,,,,
981,0.1846875101327896,0.1846875101327896,DAD,0.021420955657958984,62784,2.4510514736175537,,,,,,,,,,
982,0.16218750178813934,0.16218750178813934,DAD,0.021236419677734375,62848,2.357041835784912,,,,,,,,,,
983,0.17484375834465027,0.17484375834465027,DAD,0.02153158187866211,62912,2.3232226371765137,,,,,,,,,,
984,0.18187502026557922,0.18187502026557922,DAD,0.023524045944213867,62976,2.4125375747680664,,,,,,,,,,
985,0.18187500536441803,0.18187500536441803,DAD,0.022249937057495117,63040,2.30727219581604,,,,,,,,,,
986,0.1940625011920929,0.1940625011920929,DAD,0.021419525146484375,63104,2.417452335357666,,,,,,,,,,
987,0.1795312464237213,0.1795312464237213,DAD,0.02132701873779297,63168,2.401191473007202,,,,,,,,,,
988,0.16078124940395355,0.16078124940395355,DAD,0.021126985549926758,63232,2.313166856765747,,,,,,,,,,
989,0.18281249701976776,0.18281249701976776,DAD,0.021715402603149414,63296,2.472784996032715,,,,,,,,,,
990,0.17296874523162842,0.17296874523162842,DAD,0.021253108978271484,63360,2.3824400901794434,,,,,,,,,,
991,0.17484375834465027,0.17484375834465027,DAD,0.021636247634887695,63424,2.400820732116699,,,,,,,,,,
992,0.17906250059604645,0.17906250059604645,DAD,0.021416187286376953,63488,2.402376651763916,,,,,,,,,,
993,0.17531248927116394,0.17531248927116394,DAD,0.021482229232788086,63552,2.3979430198669434,,,,,,,,,,
994,0.1954687535762787,0.1954687535762787,DAD,0.02133345603942871,63616,2.422309398651123,,,,,,,,,,
995,0.17156249284744263,0.17156249284744263,DAD,0.021292448043823242,63680,2.336461067199707,,,,,,,,,,
996,0.17765624821186066,0.17765624821186066,DAD,0.021231412887573242,63744,2.2722086906433105,,,,,,,,,,
997,0.1823437511920929,0.1823437511920929,DAD,0.021203279495239258,63808,2.3674376010894775,,,,,,,,,,
998,0.17765624821186066,0.17765624821186066,DAD,0.02127861976623535,63872,2.353379726409912,,,,,,,,,,
999,0.19218750298023224,0.19218750298023224,DAD,0.02131056785583496,63936,2.3420300483703613,,,,,,,,,,
1000,0.17015625536441803,0.17015625536441803,DAD,0.021318674087524414,64000,2.254356622695923,0.181640625,0.074765625,24,1.8196347563978645,0.1875,0.0234375,1,0.000703125,0.074765625,0
