update,mean_train_u_ctrl,mean_train_control_cost,method,update_seconds,trajectories_sampled,policy_entropy,validation_mean_u_ctrl,validation_n_unique_sequences,validation_sequence_entropy,validation_unique_frac,validation_under_control_rate,validation_valid,validation_mean_shortfall,validation_checkpoint_score,validation_meets_unique_floor
1,0.2316796875,0.2316796875,RL-sBOED,0.53910231590271,64,3.9613358974456787,,,,,,,,,
2,0.2330859375,0.2330859375,RL-sBOED,0.33654069900512695,128,3.953756332397461,,,,,,,,,
3,0.23308593750000003,0.23308593750000003,RL-sBOED,0.33748936653137207,192,3.9466781616210938,,,,,,,,,
4,0.23097656250000004,0.23097656250000004,RL-sBOED,0.33763980865478516,256,3.941483497619629,,,,,,,,,
5,0.2316796875,0.2316796875,RL-sBOED,0.33708691596984863,320,3.9335525035858154,,,,,,,,,
6,0.23203125000000002,0.23203125000000002,RL-sBOED,0.33600687980651855,384,3.9260926246643066,,,,,,,,,
7,0.2302734375,0.2302734375,RL-sBOED,0.33611249923706055,448,3.919703960418701,,,,,,,,,
8,0.23097656250000004,0.23097656250000004,RL-sBOED,0.3350186347961426,512,3.915867805480957,,,,,,,,,
9,0.2302734375,0.2302734375,RL-sBOED,0.3360903263092041,576,3.9068126678466797,,,,,,,,,
10,0.23238281250000004,0.23238281250000004,RL-sBOED,0.33565711975097656,640,3.8954484462738037,,,,,,,,,
11,0.23449218750000003,0.23449218750000003,RL-sBOED,0.3348391056060791,704,3.886464834213257,,,,,,,,,
12,0.22816406250000004,0.22816406250000004,RL-sBOED,0.3353397846221924,768,3.881967067718506,,,,,,,,,
13,0.23273437500000002,0.23273437500000002,RL-sBOED,0.33563828468322754,832,3.8830623626708984,,,,,,,,,
14,0.2302734375,0.2302734375,RL-sBOED,0.3358652591705322,896,3.887876510620117,,,,,,,,,
15,0.2316796875,0.2316796875,RL-sBOED,0.33545970916748047,960,3.8926074504852295,,,,,,,,,
16,0.23203125000000002,0.23203125000000002,RL-sBOED,0.335097074508667,1024,3.891207218170166,,,,,,,,,
17,0.2288671875,0.2288671875,RL-sBOED,0.3348269462585449,1088,3.889857769012451,,,,,,,,,
18,0.2316796875,0.2316796875,RL-sBOED,0.3347451686859131,1152,3.893162727355957,,,,,,,,,
19,0.2302734375,0.2302734375,RL-sBOED,0.3350207805633545,1216,3.8990025520324707,,,,,,,,,
20,0.23062500000000002,0.23062500000000002,RL-sBOED,0.3346705436706543,1280,3.8989176750183105,,,,,,,,,
21,0.23273437500000002,0.23273437500000002,RL-sBOED,0.33515429496765137,1344,3.8916330337524414,,,,,,,,,
22,0.22957031250000004,0.22957031250000004,RL-sBOED,0.33500242233276367,1408,3.8819494247436523,,,,,,,,,
23,0.23062500000000002,0.23062500000000002,RL-sBOED,0.3351571559906006,1472,3.8700711727142334,,,,,,,,,
24,0.23027343750000004,0.23027343750000004,RL-sBOED,0.3352997303009033,1536,3.8462424278259277,,,,,,,,,
25,0.23378906250000003,0.23378906250000003,RL-sBOED,0.33501601219177246,1600,3.825580596923828,0.22113281250000005,3,0.6995375447455291,0.0234375,0.0,1,0.0,0.22113281250000005,0
26,0.2302734375,0.2302734375,RL-sBOED,0.3365943431854248,1664,3.808945417404175,,,,,,,,,
27,0.23062500000000002,0.23062500000000002,RL-sBOED,0.33582401275634766,1728,3.7992618083953857,,,,,,,,,
28,0.23273437500000002,0.23273437500000002,RL-sBOED,0.33554816246032715,1792,3.7917723655700684,,,,,,,,,
29,0.2302734375,0.2302734375,RL-sBOED,0.3356001377105713,1856,3.7868270874023438,,,,,,,,,
30,0.23132812500000002,0.23132812500000002,RL-sBOED,0.3352086544036865,1920,3.7851951122283936,,,,,,,,,
31,0.23273437500000002,0.23273437500000002,RL-sBOED,0.33524179458618164,1984,3.7898292541503906,,,,,,,,,
32,0.22921875000000003,0.22921875000000003,RL-sBOED,0.3354334831237793,2048,3.792598247528076,,,,,,,,,
33,0.22957031250000004,0.22957031250000004,RL-sBOED,0.334789514541626,2112,3.763101100921631,,,,,,,,,
34,0.2316796875,0.2316796875,RL-sBOED,0.33464694023132324,2176,3.7242274284362793,,,,,,,,,
35,0.22781250000000003,0.22781250000000003,RL-sBOED,0.3348050117492676,2240,3.6857218742370605,,,,,,,,,
36,0.23167968750000004,0.23167968750000004,RL-sBOED,0.3350949287414551,2304,3.6656432151794434,,,,,,,,,
37,0.22851562500000003,0.22851562500000003,RL-sBOED,0.33457088470458984,2368,3.6700611114501953,,,,,,,,,
38,0.22746093750000002,0.22746093750000002,RL-sBOED,0.33567094802856445,2432,3.622992992401123,,,,,,,,,
39,0.22957031250000004,0.22957031250000004,RL-sBOED,0.3352236747741699,2496,3.5866124629974365,,,,,,,,,
40,0.22535156250000005,0.23394531250000003,RL-sBOED,0.3350348472595215,2560,3.6319499015808105,,,,,,,,,
41,0.22921875000000003,0.22921875000000003,RL-sBOED,0.33458495140075684,2624,3.681396245956421,,,,,,,,,
42,0.23343750000000002,0.23343750000000002,RL-sBOED,0.33792567253112793,2688,3.751274824142456,,,,,,,,,
43,0.22781250000000003,0.22781250000000003,RL-sBOED,0.33593320846557617,2752,3.757141590118408,,,,,,,,,
44,0.23343750000000002,0.23343750000000002,RL-sBOED,0.3350253105163574,2816,3.7354469299316406,,,,,,,,,
45,0.2288671875,0.2339453125,RL-sBOED,0.3351428508758545,2880,3.7314813137054443,,,,,,,,,
46,0.22675781250000004,0.22675781250000004,RL-sBOED,0.335040807723999,2944,3.735888957977295,,,,,,,,,
47,0.23484375000000002,0.23484375000000002,RL-sBOED,0.3353567123413086,3008,3.7282156944274902,,,,,,,,,
48,0.2288671875,0.2288671875,RL-sBOED,0.3352341651916504,3072,3.735935926437378,,,,,,,,,
49,0.23238281250000004,0.23238281250000004,RL-sBOED,0.3357508182525635,3136,3.715771198272705,,,,,,,,,
50,0.22921875000000003,0.22921875000000003,RL-sBOED,0.33538293838500977,3200,3.7208175659179688,0.21708984375000004,2,0.4463454476726184,0.015625,0.0,1,0.0,0.21708984375000004,0
51,0.2302734375,0.2302734375,RL-sBOED,0.335216760635376,3264,3.724057197570801,,,,,,,,,
52,0.22992187500000003,0.22992187500000003,RL-sBOED,0.33473992347717285,3328,3.6895742416381836,,,,,,,,,
53,0.22816406250000004,0.22816406250000004,RL-sBOED,0.33504295349121094,3392,3.5650060176849365,,,,,,,,,
54,0.22992187500000003,0.22992187500000003,RL-sBOED,0.3347954750061035,3456,3.5126826763153076,,,,,,,,,
55,0.2302734375,0.2302734375,RL-sBOED,0.3346540927886963,3520,3.4785518646240234,,,,,,,,,
56,0.2288671875,0.2288671875,RL-sBOED,0.3350389003753662,3584,3.5125861167907715,,,,,,,,,
57,0.2316796875,0.2316796875,RL-sBOED,0.33492159843444824,3648,3.528062343597412,,,,,,,,,
58,0.22957031250000004,0.22957031250000004,RL-sBOED,0.3351321220397949,3712,3.517207622528076,,,,,,,,,
59,0.22886718750000004,0.22886718750000004,RL-sBOED,0.3345811367034912,3776,3.5845069885253906,,,,,,,,,
60,0.22957031250000004,0.22957031250000004,RL-sBOED,0.3359208106994629,3840,3.5729432106018066,,,,,,,,,
61,0.2288671875,0.2288671875,RL-sBOED,0.3346693515777588,3904,3.5802550315856934,,,,,,,,,
62,0.2288671875,0.2288671875,RL-sBOED,0.33484506607055664,3968,3.530146598815918,,,,,,,,,
63,0.2288671875,0.2288671875,RL-sBOED,0.33535289764404297,4032,3.397768974304199,,,,,,,,,
64,0.22710937500000003,0.22710937500000003,RL-sBOED,0.3348526954650879,4096,3.333381414413452,,,,,,,,,
65,0.22851562500000003,0.22851562500000003,RL-sBOED,0.336855411529541,4160,3.2397658824920654,,,,,,,,,
66,0.22640625000000003,0.22640625000000003,RL-sBOED,0.33526134490966797,4224,3.1877784729003906,,,,,,,,,
67,0.22640625000000003,0.22640625000000003,RL-sBOED,0.3348555564880371,4288,3.1588008403778076,,,,,,,,,
68,0.22218750000000004,0.22218750000000004,RL-sBOED,0.33527517318725586,4352,3.2156686782836914,,,,,,,,,
69,0.227109375,0.227109375,RL-sBOED,0.3356766700744629,4416,3.340099811553955,,,,,,,,,
70,0.22359375000000004,0.22359375000000004,RL-sBOED,0.33635640144348145,4480,3.3434691429138184,,,,,,,,,
71,0.22429687500000003,0.22429687500000003,RL-sBOED,0.3356947898864746,4544,3.3973464965820312,,,,,,,,,
72,0.22710937500000003,0.22710937500000003,RL-sBOED,0.33485913276672363,4608,3.457761287689209,,,,,,,,,
73,0.23167968750000004,0.23167968750000004,RL-sBOED,0.3347280025482178,4672,3.5923945903778076,,,,,,,,,
74,0.22324218750000002,0.22324218750000002,RL-sBOED,0.3350944519042969,4736,3.657956600189209,,,,,,,,,
75,0.2302734375,0.2302734375,RL-sBOED,0.3349142074584961,4800,3.6895480155944824,0.22042968750000005,12,1.715133293400504,0.09375,0.0,1,0.0,0.22042968750000005,0
76,0.23132812500000002,0.23132812500000002,RL-sBOED,0.3350033760070801,4864,3.652266502380371,,,,,,,,,
77,0.2288671875,0.2288671875,RL-sBOED,0.33464479446411133,4928,3.5943198204040527,,,,,,,,,
78,0.222890625,0.222890625,RL-sBOED,0.3349306583404541,4992,3.4857916831970215,,,,,,,,,
79,0.22429687500000003,0.22429687500000003,RL-sBOED,0.33423757553100586,5056,3.3209362030029297,,,,,,,,,
80,0.222890625,0.222890625,RL-sBOED,0.33507442474365234,5120,3.200803518295288,,,,,,,,,
81,0.22746093750000002,0.22746093750000002,RL-sBOED,0.33489465713500977,5184,3.1682870388031006,,,,,,,,,
82,0.22957031250000004,0.22957031250000004,RL-sBOED,0.33445239067077637,5248,3.1345157623291016,,,,,,,,,
83,0.22957031250000004,0.22957031250000004,RL-sBOED,0.33484864234924316,5312,3.159609794616699,,,,,,,,,
84,0.22921875000000003,0.22921875000000003,RL-sBOED,0.33494138717651367,5376,3.2304553985595703,,,,,,,,,
85,0.22500000000000003,0.22500000000000003,RL-sBOED,0.3345363140106201,5440,3.240936040878296,,,,,,,,,
86,0.222890625,0.222890625,RL-sBOED,0.33495187759399414,5504,3.2092180252075195,,,,,,,,,
87,0.23062500000000002,0.23062500000000002,RL-sBOED,0.33466219902038574,5568,3.2434048652648926,,,,,,,,,
88,0.22394531250000005,0.22394531250000005,RL-sBOED,0.33419036865234375,5632,3.293844699859619,,,,,,,,,
89,0.22851562500000003,0.22851562500000003,RL-sBOED,0.3348848819732666,5696,3.345844268798828,,,,,,,,,
90,0.2288671875,0.2288671875,RL-sBOED,0.3345456123352051,5760,3.4524149894714355,,,,,,,,,
91,0.22992187500000003,0.22992187500000003,RL-sBOED,0.33477187156677246,5824,3.516630172729492,,,,,,,,,
92,0.22921875000000003,0.22921875000000003,RL-sBOED,0.334820032119751,5888,3.5642707347869873,,,,,,,,,
93,0.22957031250000004,0.22957031250000004,RL-sBOED,0.33467674255371094,5952,3.559225559234619,,,,,,,,,
94,0.22921875000000003,0.22921875000000003,RL-sBOED,0.3354928493499756,6016,3.5361621379852295,,,,,,,,,
95,0.22570312500000003,0.22570312500000003,RL-sBOED,0.33549952507019043,6080,3.5389156341552734,,,,,,,,,
96,0.22957031250000004,0.22957031250000004,RL-sBOED,0.3348534107208252,6144,3.5144858360290527,,,,,,,,,
97,0.23132812500000002,0.23132812500000002,RL-sBOED,0.3349924087524414,6208,3.5147948265075684,,,,,,,,,
98,0.2302734375,0.2302734375,RL-sBOED,0.33489465713500977,6272,3.5090084075927734,,,,,,,,,
99,0.23132812500000002,0.23132812500000002,RL-sBOED,0.3348503112792969,6336,3.5373330116271973,,,,,,,,,
100,0.22464843750000002,0.2297265625,RL-sBOED,0.33521103858947754,6400,3.5680806636810303,0.21322265625000003,3,0.18450016114393814,0.0234375,0.0,1,0.0,0.21322265625000003,0
101,0.22675781250000002,0.22675781250000002,RL-sBOED,0.33477163314819336,6464,3.5859687328338623,,,,,,,,,
102,0.224296875,0.22937500000000002,RL-sBOED,0.33518290519714355,6528,3.5645787715911865,,,,,,,,,
103,0.22781250000000003,0.23640625000000004,RL-sBOED,0.33557891845703125,6592,3.6140875816345215,,,,,,,,,
104,0.2302734375,0.2302734375,RL-sBOED,0.3352084159851074,6656,3.7006397247314453,,,,,,,,,
105,0.22746093750000002,0.22746093750000002,RL-sBOED,0.334841251373291,6720,3.7228827476501465,,,,,,,,,
106,0.2288671875,0.2288671875,RL-sBOED,0.33521509170532227,6784,3.7042479515075684,,,,,,,,,
107,0.22816406250000004,0.22816406250000004,RL-sBOED,0.33489990234375,6848,3.661135196685791,,,,,,,,,
108,0.22957031250000004,0.22957031250000004,RL-sBOED,0.33507466316223145,6912,3.665623426437378,,,,,,,,,
109,0.22640625000000003,0.22640625000000003,RL-sBOED,0.3356747627258301,6976,3.6079490184783936,,,,,,,,,
110,0.22746093750000002,0.22746093750000002,RL-sBOED,0.335160493850708,7040,3.5392825603485107,,,,,,,,,
111,0.23238281250000004,0.23238281250000004,RL-sBOED,0.33518052101135254,7104,3.491525173187256,,,,,,,,,
112,0.22781250000000003,0.22781250000000003,RL-sBOED,0.3354964256286621,7168,3.441801071166992,,,,,,,,,
113,0.22429687500000006,0.22429687500000006,RL-sBOED,0.3347296714782715,7232,3.440255880355835,,,,,,,,,
114,0.22851562500000006,0.22851562500000006,RL-sBOED,0.33542943000793457,7296,3.4586281776428223,,,,,,,,,
115,0.22921875000000003,0.22921875000000003,RL-sBOED,0.33547019958496094,7360,3.4231810569763184,,,,,,,,,
116,0.22851562500000003,0.22851562500000003,RL-sBOED,0.3349595069885254,7424,3.444880962371826,,,,,,,,,
117,0.23273437500000002,0.23273437500000002,RL-sBOED,0.3359246253967285,7488,3.482006788253784,,,,,,,,,
118,0.22992187500000003,0.22992187500000003,RL-sBOED,0.33550310134887695,7552,3.4278812408447266,,,,,,,,,
119,0.22605468750000002,0.22605468750000002,RL-sBOED,0.3353304862976074,7616,3.426722526550293,,,,,,,,,
120,0.22957031250000004,0.22957031250000004,RL-sBOED,0.33536577224731445,7680,3.4372775554656982,,,,,,,,,
121,0.22675781250000004,0.22675781250000004,RL-sBOED,0.3354623317718506,7744,3.394638776779175,,,,,,,,,
122,0.22464843750000002,0.22464843750000002,RL-sBOED,0.33487629890441895,7808,3.4325435161590576,,,,,,,,,
123,0.22640625000000003,0.23148437500000002,RL-sBOED,0.33504438400268555,7872,3.529874801635742,,,,,,,,,
124,0.22640625000000003,0.22640625000000003,RL-sBOED,0.3349123001098633,7936,3.557596206665039,,,,,,,,,
125,0.2316796875,0.2316796875,RL-sBOED,0.3350651264190674,8000,3.579857587814331,0.20812500000000006,2,0.2120925525087354,0.015625,0.0,1,0.0,0.20812500000000006,0
126,0.23273437500000002,0.23273437500000002,RL-sBOED,0.33548593521118164,8064,3.6171064376831055,,,,,,,,,
127,0.23203125000000002,0.23203125000000002,RL-sBOED,0.33482933044433594,8128,3.633845329284668,,,,,,,,,
128,0.23238281250000004,0.23238281250000004,RL-sBOED,0.33513736724853516,8192,3.650317907333374,,,,,,,,,
129,0.22535156250000005,0.22535156250000005,RL-sBOED,0.33482789993286133,8256,3.637873649597168,,,,,,,,,
130,0.23132812500000005,0.23132812500000005,RL-sBOED,0.3348090648651123,8320,3.5755457878112793,,,,,,,,,
131,0.22781250000000003,0.22781250000000003,RL-sBOED,0.33577799797058105,8384,3.545032262802124,,,,,,,,,
132,0.22921875000000003,0.22921875000000003,RL-sBOED,0.3353285789489746,8448,3.446847438812256,,,,,,,,,
133,0.22429687500000003,0.22429687500000003,RL-sBOED,0.33582448959350586,8512,3.4143805503845215,,,,,,,,,
134,0.22640625000000003,0.22640625000000003,RL-sBOED,0.3358638286590576,8576,3.4186129570007324,,,,,,,,,
135,0.221484375,0.221484375,RL-sBOED,0.3355700969696045,8640,3.42281436920166,,,,,,,,,
136,0.22816406250000001,0.22816406250000001,RL-sBOED,0.3354306221008301,8704,3.380697727203369,,,,,,,,,
137,0.22992187500000003,0.22992187500000003,RL-sBOED,0.3354604244232178,8768,3.4101293087005615,,,,,,,,,
138,0.22535156250000005,0.22535156250000005,RL-sBOED,0.3355376720428467,8832,3.469393730163574,,,,,,,,,
139,0.2302734375,0.2302734375,RL-sBOED,0.3350231647491455,8896,3.506035566329956,,,,,,,,,
140,0.22851562500000003,0.22851562500000003,RL-sBOED,0.3359251022338867,8960,3.568662405014038,,,,,,,,,
141,0.22535156250000005,0.22535156250000005,RL-sBOED,0.33606648445129395,9024,3.6281890869140625,,,,,,,,,
142,0.2302734375,0.2302734375,RL-sBOED,0.3354005813598633,9088,3.6738510131835938,,,,,,,,,
143,0.22992187500000003,0.22992187500000003,RL-sBOED,0.3354940414428711,9152,3.748028516769409,,,,,,,,,
144,0.23132812500000005,0.23132812500000005,RL-sBOED,0.3353309631347656,9216,3.7065658569335938,,,,,,,,,
145,0.22710937500000003,0.22710937500000003,RL-sBOED,0.3353719711303711,9280,3.779029369354248,,,,,,,,,
146,0.23062500000000002,0.23062500000000002,RL-sBOED,0.33579325675964355,9344,3.822115659713745,,,,,,,,,
147,0.22781250000000003,0.22781250000000003,RL-sBOED,0.33556532859802246,9408,3.782780647277832,,,,,,,,,
148,0.23378906250000003,0.23378906250000003,RL-sBOED,0.3353714942932129,9472,3.7781596183776855,,,,,,,,,
149,0.2288671875,0.2288671875,RL-sBOED,0.3357203006744385,9536,3.8059871196746826,,,,,,,,,
150,0.2316796875,0.2316796875,RL-sBOED,0.33539867401123047,9600,3.7686939239501953,0.21691406250000006,5,1.1607594521208968,0.0390625,0.0,1,0.0,0.21691406250000006,0
151,0.23484375000000002,0.23484375000000002,RL-sBOED,0.3352673053741455,9664,3.6981725692749023,,,,,,,,,
152,0.22781250000000003,0.22781250000000003,RL-sBOED,0.33489990234375,9728,3.6564691066741943,,,,,,,,,
153,0.2316796875,0.2316796875,RL-sBOED,0.3357553482055664,9792,3.6388258934020996,,,,,,,,,
154,0.23273437500000002,0.23273437500000002,RL-sBOED,0.335644006729126,9856,3.654149055480957,,,,,,,,,
155,0.23167968750000004,0.23167968750000004,RL-sBOED,0.33614540100097656,9920,3.6915645599365234,,,,,,,,,
156,0.22957031250000004,0.23464843750000003,RL-sBOED,0.3367915153503418,9984,3.70823073387146,,,,,,,,,
157,0.22324218750000002,0.22324218750000002,RL-sBOED,0.3359086513519287,10048,3.6481809616088867,,,,,,,,,
158,0.22957031250000004,0.22957031250000004,RL-sBOED,0.3350334167480469,10112,3.635359764099121,,,,,,,,,
159,0.23238281250000004,0.23238281250000004,RL-sBOED,0.33521604537963867,10176,3.621152400970459,,,,,,,,,
160,0.22921875000000003,0.22921875000000003,RL-sBOED,0.3363065719604492,10240,3.5874412059783936,,,,,,,,,
161,0.22957031250000004,0.22957031250000004,RL-sBOED,0.33496522903442383,10304,3.5508203506469727,,,,,,,,,
162,0.22746093750000002,0.22746093750000002,RL-sBOED,0.3346676826477051,10368,3.503387212753296,,,,,,,,,
163,0.2316796875,0.2316796875,RL-sBOED,0.33487462997436523,10432,3.521209478378296,,,,,,,,,
164,0.22675781250000004,0.22675781250000004,RL-sBOED,0.33545565605163574,10496,3.5538291931152344,,,,,,,,,
165,0.22746093750000002,0.22746093750000002,RL-sBOED,0.3347301483154297,10560,3.520730495452881,,,,,,,,,
166,0.22570312500000003,0.22570312500000003,RL-sBOED,0.33588171005249023,10624,3.5099704265594482,,,,,,,,,
167,0.23273437500000005,0.23273437500000005,RL-sBOED,0.3353431224822998,10688,3.5277698040008545,,,,,,,,,
168,0.23554687500000002,0.23554687500000002,RL-sBOED,0.33516454696655273,10752,3.5711073875427246,,,,,,,,,
169,0.22710937500000003,0.22710937500000003,RL-sBOED,0.33532214164733887,10816,3.6164920330047607,,,,,,,,,
170,0.22781250000000003,0.22781250000000003,RL-sBOED,0.33550047874450684,10880,3.6307590007781982,,,,,,,,,
171,0.23238281250000004,0.23238281250000004,RL-sBOED,0.336108922958374,10944,3.6842188835144043,,,,,,,,,
172,0.23378906250000003,0.23378906250000003,RL-sBOED,0.3354215621948242,11008,3.7402141094207764,,,,,,,,,
173,0.22675781250000004,0.22675781250000004,RL-sBOED,0.3346292972564697,11072,3.740602493286133,,,,,,,,,
174,0.22781250000000003,0.22781250000000003,RL-sBOED,0.33458566665649414,11136,3.724734306335449,,,,,,,,,
175,0.2288671875,0.2288671875,RL-sBOED,0.33538818359375,11200,3.71441912651062,0.21937500000000004,2,0.045688389073983635,0.015625,0.0,1,0.0,0.21937500000000004,0
176,0.23414062500000002,0.23414062500000002,RL-sBOED,0.3349740505218506,11264,3.740441083908081,,,,,,,,,
177,0.23238281250000004,0.23238281250000004,RL-sBOED,0.3349277973175049,11328,3.7776315212249756,,,,,,,,,
178,0.22921875000000003,0.22921875000000003,RL-sBOED,0.33510732650756836,11392,3.803088903427124,,,,,,,,,
179,0.23132812500000002,0.23132812500000002,RL-sBOED,0.3354463577270508,11456,3.8076682090759277,,,,,,,,,
180,0.22746093750000002,0.22746093750000002,RL-sBOED,0.33525753021240234,11520,3.789881706237793,,,,,,,,,
181,0.23097656250000004,0.23097656250000004,RL-sBOED,0.33486366271972656,11584,3.766458511352539,,,,,,,,,
182,0.2288671875,0.2288671875,RL-sBOED,0.3354380130767822,11648,3.712754726409912,,,,,,,,,
183,0.22535156250000005,0.22535156250000005,RL-sBOED,0.3355557918548584,11712,3.692382335662842,,,,,,,,,
184,0.23062500000000002,0.23062500000000002,RL-sBOED,0.335313081741333,11776,3.680326461791992,,,,,,,,,
185,0.22605468750000002,0.22605468750000002,RL-sBOED,0.33558106422424316,11840,3.6710524559020996,,,,,,,,,
186,0.23203125000000002,0.23203125000000002,RL-sBOED,0.3351771831512451,11904,3.6416311264038086,,,,,,,,,
187,0.22746093750000002,0.22746093750000002,RL-sBOED,0.33513951301574707,11968,3.620661497116089,,,,,,,,,
188,0.22640625000000003,0.22640625000000003,RL-sBOED,0.3367009162902832,12032,3.496511459350586,,,,,,,,,
189,0.22816406250000004,0.22816406250000004,RL-sBOED,0.3352053165435791,12096,3.4913320541381836,,,,,,,,,
190,0.23203125000000002,0.23203125000000002,RL-sBOED,0.33514952659606934,12160,3.4665050506591797,,,,,,,,,
191,0.22007812500000004,0.22007812500000004,RL-sBOED,0.33571529388427734,12224,3.453907012939453,,,,,,,,,
192,0.22640625000000003,0.22640625000000003,RL-sBOED,0.3353548049926758,12288,3.4806675910949707,,,,,,,,,
193,0.22535156250000005,0.22535156250000005,RL-sBOED,0.3351609706878662,12352,3.4903438091278076,,,,,,,,,
194,0.225703125,0.225703125,RL-sBOED,0.33539795875549316,12416,3.4672317504882812,,,,,,,,,
195,0.2288671875,0.2288671875,RL-sBOED,0.33460259437561035,12480,3.554868459701538,,,,,,,,,
196,0.2288671875,0.23394531250000003,RL-sBOED,0.3353862762451172,12544,3.6535794734954834,,,,,,,,,
197,0.22851562500000003,0.22851562500000003,RL-sBOED,0.3357279300689697,12608,3.702928066253662,,,,,,,,,
198,0.22921875000000003,0.22921875000000003,RL-sBOED,0.33571577072143555,12672,3.739367961883545,,,,,,,,,
199,0.23378906250000003,0.23378906250000003,RL-sBOED,0.3354809284210205,12736,3.7994487285614014,,,,,,,,,
200,0.22675781250000004,0.22675781250000004,RL-sBOED,0.33583807945251465,12800,3.7655177116394043,0.21673828125000005,5,0.8883826002500672,0.0390625,0.0,1,0.0,0.21673828125000005,0
201,0.22710937500000003,0.23921875000000004,RL-sBOED,0.33446693420410156,12864,3.772350311279297,,,,,,,,,
202,0.22640625000000003,0.22640625000000003,RL-sBOED,0.3343086242675781,12928,3.7612109184265137,,,,,,,,,
203,0.23203125000000002,0.23203125000000002,RL-sBOED,0.3351554870605469,12992,3.7774806022644043,,,,,,,,,
204,0.23203125000000002,0.23203125000000002,RL-sBOED,0.3345947265625,13056,3.762869358062744,,,,,,,,,
205,0.2288671875,0.2288671875,RL-sBOED,0.3353099822998047,13120,3.7707228660583496,,,,,,,,,
206,0.22746093750000002,0.24464843750000004,RL-sBOED,0.3342709541320801,13184,3.7328412532806396,,,,,,,,,
207,0.22605468750000002,0.22605468750000002,RL-sBOED,0.33422398567199707,13248,3.7139644622802734,,,,,,,,,
208,0.23132812500000002,0.23132812500000002,RL-sBOED,0.3353602886199951,13312,3.677048444747925,,,,,,,,,
209,0.22675781250000004,0.22675781250000004,RL-sBOED,0.3348240852355957,13376,3.614284038543701,,,,,,,,,
210,0.22992187500000003,0.22992187500000003,RL-sBOED,0.33555006980895996,13440,3.591987133026123,,,,,,,,,
211,0.22957031250000004,0.22957031250000004,RL-sBOED,0.3344128131866455,13504,3.602221965789795,,,,,,,,,
212,0.2330859375,0.2330859375,RL-sBOED,0.33504414558410645,13568,3.640961170196533,,,,,,,,,
213,0.2302734375,0.2302734375,RL-sBOED,0.3349478244781494,13632,3.661471366882324,,,,,,,,,
214,0.22992187500000003,0.22992187500000003,RL-sBOED,0.3357102870941162,13696,3.710179090499878,,,,,,,,,
215,0.23343750000000002,0.23343750000000002,RL-sBOED,0.334918737411499,13760,3.7541584968566895,,,,,,,,,
216,0.22324218750000002,0.22324218750000002,RL-sBOED,0.33530211448669434,13824,3.690420150756836,,,,,,,,,
217,0.2316796875,0.2316796875,RL-sBOED,0.3350341320037842,13888,3.68695068359375,,,,,,,,,
218,0.22992187500000003,0.22992187500000003,RL-sBOED,0.3353087902069092,13952,3.6836585998535156,,,,,,,,,
219,0.23273437500000002,0.23273437500000002,RL-sBOED,0.3351099491119385,14016,3.703184127807617,,,,,,,,,
220,0.22851562500000003,0.22851562500000003,RL-sBOED,0.3350365161895752,14080,3.739543914794922,,,,,,,,,
221,0.2288671875,0.2288671875,RL-sBOED,0.33519601821899414,14144,3.7944610118865967,,,,,,,,,
222,0.23132812500000002,0.23132812500000002,RL-sBOED,0.33521151542663574,14208,3.7936275005340576,,,,,,,,,
223,0.2302734375,0.2302734375,RL-sBOED,0.3347434997558594,14272,3.767423629760742,,,,,,,,,
224,0.23062500000000002,0.23062500000000002,RL-sBOED,0.3349475860595703,14336,3.761522054672241,,,,,,,,,
225,0.23132812500000002,0.23132812500000002,RL-sBOED,0.33536672592163086,14400,3.778414726257324,0.21375000000000005,5,1.0939892993338332,0.0390625,0.0078125,1,0.00017578124999999994,0.21375000000000005,0
226,0.22957031250000004,0.22957031250000004,RL-sBOED,0.3350942134857178,14464,3.7757108211517334,,,,,,,,,
227,0.23062500000000002,0.23062500000000002,RL-sBOED,0.33565616607666016,14528,3.765533447265625,,,,,,,,,
228,0.2295703125,0.2295703125,RL-sBOED,0.33637356758117676,14592,3.746072769165039,,,,,,,,,
229,0.22640625000000003,0.22640625000000003,RL-sBOED,0.33626270294189453,14656,3.680328845977783,,,,,,,,,
230,0.22359375000000004,0.22359375000000004,RL-sBOED,0.33551597595214844,14720,3.6212167739868164,,,,,,,,,
231,0.22746093750000002,0.22746093750000002,RL-sBOED,0.3357057571411133,14784,3.5591578483581543,,,,,,,,,
232,0.23097656250000004,0.23097656250000004,RL-sBOED,0.33537840843200684,14848,3.5720813274383545,,,,,,,,,
233,0.22816406250000004,0.22816406250000004,RL-sBOED,0.3353395462036133,14912,3.562655210494995,,,,,,,,,
234,0.22781250000000003,0.22781250000000003,RL-sBOED,0.3352823257446289,14976,3.5359439849853516,,,,,,,,,
235,0.22500000000000003,0.22500000000000003,RL-sBOED,0.33550095558166504,15040,3.529733180999756,,,,,,,,,
236,0.22992187500000003,0.22992187500000003,RL-sBOED,0.3349781036376953,15104,3.5369105339050293,,,,,,,,,
237,0.22535156250000002,0.22535156250000002,RL-sBOED,0.3350820541381836,15168,3.5519776344299316,,,,,,,,,
238,0.22710937500000003,0.22710937500000003,RL-sBOED,0.33496999740600586,15232,3.520015239715576,,,,,,,,,
239,0.22535156250000002,0.22535156250000002,RL-sBOED,0.3362009525299072,15296,3.502626419067383,,,,,,,,,
240,0.22359375000000004,0.22359375000000004,RL-sBOED,0.3353276252746582,15360,3.4897713661193848,,,,,,,,,
241,0.22359375000000004,0.22359375000000004,RL-sBOED,0.3354454040527344,15424,3.4777839183807373,,,,,,,,,
242,0.22640625000000003,0.22640625000000003,RL-sBOED,0.33521223068237305,15488,3.4531238079071045,,,,,,,,,
243,0.22710937500000003,0.22710937500000003,RL-sBOED,0.33501625061035156,15552,3.4186999797821045,,,,,,,,,
244,0.22218750000000004,0.23585937500000004,RL-sBOED,0.33481884002685547,15616,3.4870686531066895,,,,,,,,,
245,0.22851562500000003,0.22851562500000003,RL-sBOED,0.334963321685791,15680,3.5054585933685303,,,,,,,,,
246,0.2302734375,0.2302734375,RL-sBOED,0.33518385887145996,15744,3.568528652191162,,,,,,,,,
247,0.23378906250000003,0.23378906250000003,RL-sBOED,0.3353767395019531,15808,3.615121364593506,,,,,,,,,
248,0.22921875000000003,0.22921875000000003,RL-sBOED,0.3353307247161865,15872,3.607097625732422,,,,,,,,,
249,0.22816406250000001,0.22816406250000001,RL-sBOED,0.3355128765106201,15936,3.6199488639831543,,,,,,,,,
250,0.22851562500000003,0.22851562500000003,RL-sBOED,0.33484530448913574,16000,3.6523261070251465,0.21445312500000008,2,0.11113140431967991,0.015625,0.0,1,0.0,0.21445312500000008,0
251,0.22535156250000002,0.22535156250000002,RL-sBOED,0.33535242080688477,16064,3.678893804550171,,,,,,,,,
252,0.2344921875,0.2344921875,RL-sBOED,0.33538103103637695,16128,3.7041521072387695,,,,,,,,,
253,0.23308593750000003,0.23308593750000003,RL-sBOED,0.3348274230957031,16192,3.746734142303467,,,,,,,,,
254,0.22570312500000003,0.22570312500000003,RL-sBOED,0.33552980422973633,16256,3.754183292388916,,,,,,,,,
255,0.23203125000000002,0.23203125000000002,RL-sBOED,0.3349483013153076,16320,3.751614570617676,,,,,,,,,
256,0.22957031250000004,0.22957031250000004,RL-sBOED,0.3347799777984619,16384,3.7567615509033203,,,,,,,,,
257,0.22675781250000004,0.22675781250000004,RL-sBOED,0.3343939781188965,16448,3.764529228210449,,,,,,,,,
258,0.22816406250000004,0.22816406250000004,RL-sBOED,0.33450889587402344,16512,3.7389743328094482,,,,,,,,,
259,0.2288671875,0.2288671875,RL-sBOED,0.3344306945800781,16576,3.7337985038757324,,,,,,,,,
260,0.23378906250000003,0.23378906250000003,RL-sBOED,0.3351459503173828,16640,3.6710638999938965,,,,,,,,,
261,0.22816406250000004,0.22816406250000004,RL-sBOED,0.33495116233825684,16704,3.7044625282287598,,,,,,,,,
262,0.2302734375,0.2302734375,RL-sBOED,0.33583617210388184,16768,3.7031893730163574,,,,,,,,,
263,0.22992187500000003,0.22992187500000003,RL-sBOED,0.3350028991699219,16832,3.7154459953308105,,,,,,,,,
264,0.22605468750000002,0.22605468750000002,RL-sBOED,0.33515095710754395,16896,3.7183444499969482,,,,,,,,,
265,0.2330859375,0.2330859375,RL-sBOED,0.3352177143096924,16960,3.7034101486206055,,,,,,,,,
266,0.22535156250000005,0.22535156250000005,RL-sBOED,0.33513855934143066,17024,3.710702419281006,,,,,,,,,
267,0.22464843750000002,0.22464843750000002,RL-sBOED,0.33475422859191895,17088,3.6802566051483154,,,,,,,,,
268,0.23273437500000002,0.23273437500000002,RL-sBOED,0.33521604537963867,17152,3.655015468597412,,,,,,,,,
269,0.23097656250000004,0.23097656250000004,RL-sBOED,0.3350040912628174,17216,3.6633777618408203,,,,,,,,,
270,0.22992187500000003,0.22992187500000003,RL-sBOED,0.3354620933532715,17280,3.6924705505371094,,,,,,,,,
271,0.22851562500000003,0.22851562500000003,RL-sBOED,0.3353002071380615,17344,3.6843059062957764,,,,,,,,,
272,0.2316796875,0.2316796875,RL-sBOED,0.3349788188934326,17408,3.663370132446289,,,,,,,,,
273,0.23097656250000004,0.23097656250000004,RL-sBOED,0.33498382568359375,17472,3.6744208335876465,,,,,,,,,
274,0.22851562500000003,0.22851562500000003,RL-sBOED,0.33550047874450684,17536,3.6784262657165527,,,,,,,,,
275,0.22781250000000003,0.22781250000000003,RL-sBOED,0.334735631942749,17600,3.686593532562256,0.21462890625000003,3,0.4963830012322002,0.0234375,0.0,1,0.0,0.21462890625000003,0
276,0.22992187500000003,0.22992187500000003,RL-sBOED,0.33667802810668945,17664,3.6842925548553467,,,,,,,,,
277,0.22816406250000004,0.22816406250000004,RL-sBOED,0.33515167236328125,17728,3.6549601554870605,,,,,,,,,
278,0.23062500000000002,0.23062500000000002,RL-sBOED,0.3353090286254883,17792,3.627103805541992,,,,,,,,,
279,0.22746093750000002,0.23253906250000003,RL-sBOED,0.33550596237182617,17856,3.6577651500701904,,,,,,,,,
280,0.2295703125,0.2295703125,RL-sBOED,0.33541107177734375,17920,3.665180206298828,,,,,,,,,
281,0.22781250000000003,0.22781250000000003,RL-sBOED,0.3354766368865967,17984,3.6805782318115234,,,,,,,,,
282,0.23132812500000002,0.23132812500000002,RL-sBOED,0.3361091613769531,18048,3.6803336143493652,,,,,,,,,
283,0.22500000000000003,0.22500000000000003,RL-sBOED,0.3350961208343506,18112,3.649005889892578,,,,,,,,,
284,0.22992187500000003,0.22992187500000003,RL-sBOED,0.3352677822113037,18176,3.6134276390075684,,,,,,,,,
285,0.23062500000000002,0.23062500000000002,RL-sBOED,0.33504509925842285,18240,3.591581344604492,,,,,,,,,
286,0.22464843750000002,0.22464843750000002,RL-sBOED,0.3349182605743408,18304,3.60211443901062,,,,,,,,,
287,0.22921875000000003,0.22921875000000003,RL-sBOED,0.3354225158691406,18368,3.6249446868896484,,,,,,,,,
288,0.23238281250000004,0.23238281250000004,RL-sBOED,0.33530163764953613,18432,3.6099343299865723,,,,,,,,,
289,0.23132812500000002,0.23132812500000002,RL-sBOED,0.33475708961486816,18496,3.6316802501678467,,,,,,,,,
290,0.22816406250000004,0.22816406250000004,RL-sBOED,0.3351783752441406,18560,3.6099650859832764,,,,,,,,,
291,0.23273437500000002,0.23273437500000002,RL-sBOED,0.3356039524078369,18624,3.637584686279297,,,,,,,,,
292,0.22675781250000004,0.22675781250000004,RL-sBOED,0.33547520637512207,18688,3.6286427974700928,,,,,,,,,
293,0.22640625000000003,0.22640625000000003,RL-sBOED,0.33463430404663086,18752,3.5942606925964355,,,,,,,,,
294,0.22675781250000004,0.23535156250000003,RL-sBOED,0.33562493324279785,18816,3.5780868530273438,,,,,,,,,
295,0.2316796875,0.2316796875,RL-sBOED,0.33522939682006836,18880,3.610949993133545,,,,,,,,,
296,0.22218750000000004,0.22218750000000004,RL-sBOED,0.3352658748626709,18944,3.5885465145111084,,,,,,,,,
297,0.224296875,0.224296875,RL-sBOED,0.33529210090637207,19008,3.557929515838623,,,,,,,,,
298,0.2316796875,0.2316796875,RL-sBOED,0.33524394035339355,19072,3.4850425720214844,,,,,,,,,
299,0.22675781250000004,0.22675781250000004,RL-sBOED,0.3353307247161865,19136,3.456109046936035,,,,,,,,,
300,0.2316796875,0.2316796875,RL-sBOED,0.3359336853027344,19200,3.45536208152771,0.21480468750000004,1,-0.0,0.0078125,0.0,1,0.0,0.21480468750000004,0
301,0.22781250000000003,0.22781250000000003,RL-sBOED,0.3347926139831543,19264,3.4366841316223145,,,,,,,,,
302,0.22218750000000004,0.22218750000000004,RL-sBOED,0.33521056175231934,19328,3.3971519470214844,,,,,,,,,
303,0.23062500000000002,0.23062500000000002,RL-sBOED,0.33561253547668457,19392,3.401409149169922,,,,,,,,,
304,0.22921875000000003,0.22921875000000003,RL-sBOED,0.33501148223876953,19456,3.4412875175476074,,,,,,,,,
305,0.22992187500000003,0.22992187500000003,RL-sBOED,0.334683895111084,19520,3.4337539672851562,,,,,,,,,
306,0.2288671875,0.2288671875,RL-sBOED,0.3358306884765625,19584,3.4465761184692383,,,,,,,,,
307,0.23097656250000004,0.23097656250000004,RL-sBOED,0.33696699142456055,19648,3.476925849914551,,,,,,,,,
308,0.21972656250000003,0.21972656250000003,RL-sBOED,0.3345978260040283,19712,3.523336410522461,,,,,,,,,
309,0.23097656250000004,0.23097656250000004,RL-sBOED,0.33479809761047363,19776,3.534221649169922,,,,,,,,,
310,0.22605468750000002,0.22605468750000002,RL-sBOED,0.3352079391479492,19840,3.584547758102417,,,,,,,,,
311,0.22992187500000003,0.22992187500000003,RL-sBOED,0.33620238304138184,19904,3.5431246757507324,,,,,,,,,
312,0.22710937500000003,0.23218750000000005,RL-sBOED,0.33505821228027344,19968,3.5504398345947266,,,,,,,,,
313,0.23097656250000004,0.23097656250000004,RL-sBOED,0.3353395462036133,20032,3.6058013439178467,,,,,,,,,
314,0.22746093750000002,0.22746093750000002,RL-sBOED,0.3347024917602539,20096,3.669456958770752,,,,,,,,,
315,0.22957031250000004,0.22957031250000004,RL-sBOED,0.3353757858276367,20160,3.6605231761932373,,,,,,,,,
316,0.22746093750000002,0.22746093750000002,RL-sBOED,0.33522891998291016,20224,3.666905164718628,,,,,,,,,
317,0.23097656250000004,0.23097656250000004,RL-sBOED,0.33504557609558105,20288,3.6491222381591797,,,,,,,,,
318,0.2288671875,0.2288671875,RL-sBOED,0.3348846435546875,20352,3.646742582321167,,,,,,,,,
319,0.22710937500000003,0.22710937500000003,RL-sBOED,0.33501410484313965,20416,3.633014678955078,,,,,,,,,
320,0.22957031250000004,0.22957031250000004,RL-sBOED,0.3347780704498291,20480,3.633443832397461,,,,,,,,,
321,0.22992187500000003,0.22992187500000003,RL-sBOED,0.33498215675354004,20544,3.6767568588256836,,,,,,,,,
322,0.23378906250000003,0.23378906250000003,RL-sBOED,0.3351104259490967,20608,3.7020530700683594,,,,,,,,,
323,0.23343750000000002,0.23343750000000002,RL-sBOED,0.33449816703796387,20672,3.741518497467041,,,,,,,,,
324,0.22746093750000002,0.22746093750000002,RL-sBOED,0.336916446685791,20736,3.785919189453125,,,,,,,,,
325,0.22957031250000004,0.22957031250000004,RL-sBOED,0.3351292610168457,20800,3.812206268310547,0.21691406250000006,2,0.13906079845474112,0.015625,0.0078125,1,0.00017578124999999994,0.21691406250000006,0
326,0.23167968750000004,0.23167968750000004,RL-sBOED,0.33646130561828613,20864,3.8287131786346436,,,,,,,,,
327,0.23414062500000002,0.23414062500000002,RL-sBOED,0.3360774517059326,20928,3.841825008392334,,,,,,,,,
328,0.23027343750000004,0.23027343750000004,RL-sBOED,0.3346116542816162,20992,3.8599328994750977,,,,,,,,,
329,0.22992187500000003,0.22992187500000003,RL-sBOED,0.33662939071655273,21056,3.869093418121338,,,,,,,,,
330,0.22816406250000004,0.22816406250000004,RL-sBOED,0.3408973217010498,21120,3.85815691947937,,,,,,,,,
331,0.22992187500000003,0.22992187500000003,RL-sBOED,0.3361093997955322,21184,3.842636823654175,,,,,,,,,
332,0.23062500000000002,0.23062500000000002,RL-sBOED,0.336683988571167,21248,3.833219289779663,,,,,,,,,
333,0.22500000000000003,0.22500000000000003,RL-sBOED,0.3399171829223633,21312,3.8138463497161865,,,,,,,,,
334,0.22640625000000003,0.22640625000000003,RL-sBOED,0.33738183975219727,21376,3.7982711791992188,,,,,,,,,
335,0.23273437500000002,0.23273437500000002,RL-sBOED,0.3353238105773926,21440,3.779543399810791,,,,,,,,,
336,0.2344921875,0.2344921875,RL-sBOED,0.33628129959106445,21504,3.7672860622406006,,,,,,,,,
337,0.22640625000000003,0.22640625000000003,RL-sBOED,0.335280179977417,21568,3.751432180404663,,,,,,,,,
338,0.22640625000000003,0.22640625000000003,RL-sBOED,0.33556032180786133,21632,3.7039713859558105,,,,,,,,,
339,0.23519531250000003,0.23519531250000003,RL-sBOED,0.3351411819458008,21696,3.69659686088562,,,,,,,,,
340,0.22816406250000004,0.22816406250000004,RL-sBOED,0.33588242530822754,21760,3.6889238357543945,,,,,,,,,
341,0.22992187500000003,0.22992187500000003,RL-sBOED,0.3358275890350342,21824,3.6974244117736816,,,,,,,,,
342,0.2302734375,0.2302734375,RL-sBOED,0.3351297378540039,21888,3.679182767868042,,,,,,,,,
343,0.22535156250000002,0.22535156250000002,RL-sBOED,0.33493971824645996,21952,3.682997226715088,,,,,,,,,
344,0.22535156250000002,0.22535156250000002,RL-sBOED,0.3347899913787842,22016,3.66670298576355,,,,,,,,,
345,0.22992187500000003,0.22992187500000003,RL-sBOED,0.334766149520874,22080,3.6502761840820312,,,,,,,,,
346,0.22921875000000003,0.22921875000000003,RL-sBOED,0.3345656394958496,22144,3.609239339828491,,,,,,,,,
347,0.22359375000000004,0.22359375000000004,RL-sBOED,0.3348240852355957,22208,3.6267547607421875,,,,,,,,,
348,0.22464843750000002,0.22464843750000002,RL-sBOED,0.3347437381744385,22272,3.5689027309417725,,,,,,,,,
349,0.22851562500000003,0.22851562500000003,RL-sBOED,0.3347170352935791,22336,3.562922477722168,,,,,,,,,
350,0.22605468750000002,0.22605468750000002,RL-sBOED,0.33434462547302246,22400,3.540557861328125,0.21621093750000003,2,0.48257756517701206,0.015625,0.0078125,1,0.00017578124999999994,0.21621093750000003,0
351,0.22710937500000003,0.22710937500000003,RL-sBOED,0.3352491855621338,22464,3.5175132751464844,,,,,,,,,
352,0.22675781250000004,0.22675781250000004,RL-sBOED,0.3349573612213135,22528,3.490386486053467,,,,,,,,,
353,0.22464843750000002,0.22464843750000002,RL-sBOED,0.33456921577453613,22592,3.4663732051849365,,,,,,,,,
354,0.22359375000000004,0.22359375000000004,RL-sBOED,0.33522987365722656,22656,3.4366469383239746,,,,,,,,,
355,0.22289062500000004,0.22289062500000004,RL-sBOED,0.3358774185180664,22720,3.2889857292175293,,,,,,,,,
356,0.23238281250000004,0.23238281250000004,RL-sBOED,0.3355112075805664,22784,3.309346914291382,,,,,,,,,
357,0.228515625,0.228515625,RL-sBOED,0.3352816104888916,22848,3.4190709590911865,,,,,,,,,
358,0.22675781250000004,0.22675781250000004,RL-sBOED,0.372952938079834,22912,3.4810969829559326,,,,,,,,,
359,0.2302734375,0.2302734375,RL-sBOED,0.3364448547363281,22976,3.5500049591064453,,,,,,,,,
360,0.22640625000000003,0.22640625000000003,RL-sBOED,0.33577394485473633,23040,3.6000266075134277,,,,,,,,,
361,0.22640625000000003,0.22640625000000003,RL-sBOED,0.33566975593566895,23104,3.636058807373047,,,,,,,,,
362,0.23132812500000002,0.23132812500000002,RL-sBOED,0.3352985382080078,23168,3.65771484375,,,,,,,,,
363,0.2288671875,0.2288671875,RL-sBOED,0.33554863929748535,23232,3.6492667198181152,,,,,,,,,
364,0.23273437500000002,0.23273437500000002,RL-sBOED,0.3357045650482178,23296,3.625427722930908,,,,,,,,,
365,0.23062500000000002,0.23062500000000002,RL-sBOED,0.3354778289794922,23360,3.6322085857391357,,,,,,,,,
366,0.23097656250000004,0.23097656250000004,RL-sBOED,0.33550214767456055,23424,3.650761365890503,,,,,,,,,
367,0.22640625000000003,0.22640625000000003,RL-sBOED,0.33611345291137695,23488,3.714843511581421,,,,,,,,,
368,0.22992187500000003,0.22992187500000003,RL-sBOED,0.3355996608734131,23552,3.7242560386657715,,,,,,,,,
369,0.23132812500000002,0.23132812500000002,RL-sBOED,0.3374760150909424,23616,3.747875928878784,,,,,,,,,
370,0.23132812500000002,0.23132812500000002,RL-sBOED,0.33596038818359375,23680,3.734818935394287,,,,,,,,,
371,0.22605468750000002,0.22605468750000002,RL-sBOED,0.3360307216644287,23744,3.734619617462158,,,,,,,,,
372,0.22781250000000003,0.22781250000000003,RL-sBOED,0.33550143241882324,23808,3.702256917953491,,,,,,,,,
373,0.23132812500000002,0.23132812500000002,RL-sBOED,0.33553504943847656,23872,3.6785659790039062,,,,,,,,,
374,0.23238281250000004,0.23238281250000004,RL-sBOED,0.33617639541625977,23936,3.653952121734619,,,,,,,,,
375,0.22710937500000003,0.22710937500000003,RL-sBOED,0.3354625701904297,24000,3.638397216796875,0.21603515625000008,2,0.045688389073983635,0.015625,0.0,1,0.0,0.21603515625000008,0
376,0.23203125000000002,0.23203125000000002,RL-sBOED,0.33528709411621094,24064,3.649700164794922,,,,,,,,,
377,0.23132812500000002,0.23132812500000002,RL-sBOED,0.33594465255737305,24128,3.660654067993164,,,,,,,,,
378,0.22781250000000003,0.22781250000000003,RL-sBOED,0.3370513916015625,24192,3.6556472778320312,,,,,,,,,
379,0.23203125000000002,0.23203125000000002,RL-sBOED,0.3360321521759033,24256,3.679779052734375,,,,,,,,,
380,0.22921875000000003,0.22921875000000003,RL-sBOED,0.3365015983581543,24320,3.690664052963257,,,,,,,,,
381,0.2316796875,0.2316796875,RL-sBOED,0.33590197563171387,24384,3.71437406539917,,,,,,,,,
382,0.22675781250000004,0.22675781250000004,RL-sBOED,0.3363687992095947,24448,3.657404661178589,,,,,,,,,
383,0.22710937500000003,0.22710937500000003,RL-sBOED,0.33597469329833984,24512,3.6330413818359375,,,,,,,,,
384,0.221484375,0.221484375,RL-sBOED,0.3359694480895996,24576,3.5849852561950684,,,,,,,,,
385,0.22289062500000004,0.22289062500000004,RL-sBOED,0.33563733100891113,24640,3.512296199798584,,,,,,,,,
386,0.23203125000000002,0.23203125000000002,RL-sBOED,0.33582329750061035,24704,3.428309440612793,,,,,,,,,
387,0.22710937500000003,0.22710937500000003,RL-sBOED,0.33603429794311523,24768,3.4149301052093506,,,,,,,,,
388,0.22921875000000003,0.22921875000000003,RL-sBOED,0.33571696281433105,24832,3.4143142700195312,,,,,,,,,
389,0.22042968750000003,0.22550781250000002,RL-sBOED,0.335193395614624,24896,3.438720703125,,,,,,,,,
390,0.2302734375,0.2302734375,RL-sBOED,0.33577966690063477,24960,3.479008674621582,,,,,,,,,
391,0.22816406250000004,0.22816406250000004,RL-sBOED,0.3356482982635498,25024,3.515545606613159,,,,,,,,,
392,0.22851562500000003,0.22851562500000003,RL-sBOED,0.33533668518066406,25088,3.6161422729492188,,,,,,,,,
393,0.22781250000000003,0.22781250000000003,RL-sBOED,0.33563971519470215,25152,3.6132144927978516,,,,,,,,,
394,0.22992187500000003,0.22992187500000003,RL-sBOED,0.33538222312927246,25216,3.6369338035583496,,,,,,,,,
395,0.22851562500000003,0.22851562500000003,RL-sBOED,0.3353250026702881,25280,3.650916576385498,,,,,,,,,
396,0.22535156250000005,0.22535156250000005,RL-sBOED,0.33566975593566895,25344,3.6245741844177246,,,,,,,,,
397,0.22605468750000002,0.22605468750000002,RL-sBOED,0.33611011505126953,25408,3.5696322917938232,,,,,,,,,
398,0.2302734375,0.2302734375,RL-sBOED,0.33548617362976074,25472,3.5244357585906982,,,,,,,,,
399,0.22570312500000003,0.22570312500000003,RL-sBOED,0.33569836616516113,25536,3.5497310161590576,,,,,,,,,
400,0.2288671875,0.2288671875,RL-sBOED,0.33573460578918457,25600,3.474241018295288,0.20830078125000007,2,0.045688389073983635,0.015625,0.0,1,0.0,0.20830078125000007,0
401,0.23238281250000004,0.23238281250000004,RL-sBOED,0.33498692512512207,25664,3.490119457244873,,,,,,,,,
402,0.22464843750000002,0.22464843750000002,RL-sBOED,0.33570170402526855,25728,3.5455281734466553,,,,,,,,,
403,0.22921875000000003,0.22921875000000003,RL-sBOED,0.3346695899963379,25792,3.531085968017578,,,,,,,,,
404,0.22675781250000004,0.22675781250000004,RL-sBOED,0.33527326583862305,25856,3.5338926315307617,,,,,,,,,
405,0.22464843750000002,0.22464843750000002,RL-sBOED,0.3354170322418213,25920,3.571221113204956,,,,,,,,,
406,0.22992187500000005,0.22992187500000005,RL-sBOED,0.33586740493774414,25984,3.601016044616699,,,,,,,,,
407,0.23238281250000004,0.23238281250000004,RL-sBOED,0.3351137638092041,26048,3.6340720653533936,,,,,,,,,
408,0.2316796875,0.2316796875,RL-sBOED,0.3349130153656006,26112,3.7113003730773926,,,,,,,,,
409,0.23343750000000002,0.23343750000000002,RL-sBOED,0.3348114490509033,26176,3.7472586631774902,,,,,,,,,
410,0.2302734375,0.2302734375,RL-sBOED,0.33562588691711426,26240,3.7836856842041016,,,,,,,,,
411,0.22957031250000004,0.23464843750000003,RL-sBOED,0.3361332416534424,26304,3.8281209468841553,,,,,,,,,
412,0.22992187500000003,0.22992187500000003,RL-sBOED,0.33560705184936523,26368,3.8537092208862305,,,,,,,,,
413,0.23132812500000002,0.23132812500000002,RL-sBOED,0.33528995513916016,26432,3.8555123805999756,,,,,,,,,
414,0.22710937500000003,0.22710937500000003,RL-sBOED,0.3355402946472168,26496,3.8353850841522217,,,,,,,,,
415,0.22992187500000003,0.23500000000000004,RL-sBOED,0.3360016345977783,26560,3.8234784603118896,,,,,,,,,
416,0.2288671875,0.2288671875,RL-sBOED,0.33623504638671875,26624,3.82458758354187,,,,,,,,,
417,0.2288671875,0.2288671875,RL-sBOED,0.33672261238098145,26688,3.797663450241089,,,,,,,,,
418,0.22921875000000003,0.23429687500000002,RL-sBOED,0.33646607398986816,26752,3.769219398498535,,,,,,,,,
419,0.22781250000000003,0.22781250000000003,RL-sBOED,0.3360602855682373,26816,3.749647855758667,,,,,,,,,
420,0.23097656250000004,0.23097656250000004,RL-sBOED,0.33580684661865234,26880,3.708552837371826,,,,,,,,,
421,0.22675781250000002,0.22675781250000002,RL-sBOED,0.33604907989501953,26944,3.6615188121795654,,,,,,,,,
422,0.22218750000000004,0.22218750000000004,RL-sBOED,0.3353841304779053,27008,3.6111655235290527,,,,,,,,,
423,0.22921875000000003,0.23429687500000002,RL-sBOED,0.33541154861450195,27072,3.5651566982269287,,,,,,,,,
424,0.22535156250000005,0.22535156250000005,RL-sBOED,0.33469676971435547,27136,3.561227798461914,,,,,,,,,
425,0.22359375000000004,0.22359375000000004,RL-sBOED,0.33530282974243164,27200,3.5349278450012207,0.21585937500000005,3,0.8677724653977985,0.0234375,0.0,1,0.0,0.21585937500000005,0
426,0.23062500000000002,0.23062500000000002,RL-sBOED,0.33588457107543945,27264,3.3953495025634766,,,,,,,,,
427,0.23554687500000004,0.23554687500000004,RL-sBOED,0.3353886604309082,27328,3.480968475341797,,,,,,,,,
428,0.23027343750000004,0.23027343750000004,RL-sBOED,0.33548927307128906,27392,3.5443522930145264,,,,,,,,,
429,0.22394531250000005,0.22394531250000005,RL-sBOED,0.33522987365722656,27456,3.588207960128784,,,,,,,,,
430,0.23484375000000002,0.23484375000000002,RL-sBOED,0.3357577323913574,27520,3.6330249309539795,,,,,,,,,
431,0.22675781250000004,0.22675781250000004,RL-sBOED,0.3355565071105957,27584,3.6417043209075928,,,,,,,,,
432,0.222890625,0.222890625,RL-sBOED,0.33583831787109375,27648,3.643714427947998,,,,,,,,,
433,0.22816406250000004,0.22816406250000004,RL-sBOED,0.33551907539367676,27712,3.6029295921325684,,,,,,,,,
434,0.23097656250000004,0.23097656250000004,RL-sBOED,0.3352813720703125,27776,3.5695834159851074,,,,,,,,,
435,0.22921875000000003,0.22921875000000003,RL-sBOED,0.33561134338378906,27840,3.5765750408172607,,,,,,,,,
436,0.23203125000000002,0.23203125000000002,RL-sBOED,0.33518123626708984,27904,3.563755750656128,,,,,,,,,
437,0.22640625000000003,0.22640625000000003,RL-sBOED,0.33565330505371094,27968,3.557710647583008,,,,,,,,,
438,0.2330859375,0.2330859375,RL-sBOED,0.336057186126709,28032,3.6001996994018555,,,,,,,,,
439,0.2288671875,0.2288671875,RL-sBOED,0.33565807342529297,28096,3.622152328491211,,,,,,,,,
440,0.2288671875,0.2288671875,RL-sBOED,0.3350248336791992,28160,3.5817887783050537,,,,,,,,,
441,0.22394531250000005,0.22394531250000005,RL-sBOED,0.3353290557861328,28224,3.5426859855651855,,,,,,,,,
442,0.22851562500000003,0.22851562500000003,RL-sBOED,0.33588480949401855,28288,3.527472496032715,,,,,,,,,
443,0.22570312500000003,0.22570312500000003,RL-sBOED,0.33506011962890625,28352,3.576937437057495,,,,,,,,,
444,0.23343750000000002,0.23343750000000002,RL-sBOED,0.33540916442871094,28416,3.5254721641540527,,,,,,,,,
445,0.22992187500000003,0.22992187500000003,RL-sBOED,0.33536458015441895,28480,3.5421953201293945,,,,,,,,,
446,0.22781250000000003,0.22781250000000003,RL-sBOED,0.33573341369628906,28544,3.485945224761963,,,,,,,,,
447,0.23097656250000004,0.23097656250000004,RL-sBOED,0.3376803398132324,28608,3.4961767196655273,,,,,,,,,
448,0.22640625000000003,0.22640625000000003,RL-sBOED,0.33495378494262695,28672,3.473243236541748,,,,,,,,,
449,0.22992187500000003,0.22992187500000003,RL-sBOED,0.33541178703308105,28736,3.455678939819336,,,,,,,,,
450,0.225703125,0.225703125,RL-sBOED,0.3352174758911133,28800,3.5172603130340576,0.21884765625000005,2,0.6690268361602776,0.015625,0.0,1,0.0,0.21884765625000005,0
451,0.22746093750000002,0.22746093750000002,RL-sBOED,0.3351445198059082,28864,3.5838382244110107,,,,,,,,,
452,0.2302734375,0.2302734375,RL-sBOED,0.33518075942993164,28928,3.5749106407165527,,,,,,,,,
453,0.22500000000000003,0.22500000000000003,RL-sBOED,0.33600735664367676,28992,3.5117604732513428,,,,,,,,,
454,0.22675781250000002,0.22675781250000002,RL-sBOED,0.3355536460876465,29056,3.4945926666259766,,,,,,,,,
455,0.23203125000000002,0.23203125000000002,RL-sBOED,0.33573484420776367,29120,3.5487639904022217,,,,,,,,,
456,0.22675781250000004,0.22675781250000004,RL-sBOED,0.3353846073150635,29184,3.6501893997192383,,,,,,,,,
457,0.22957031250000004,0.22957031250000004,RL-sBOED,0.33598756790161133,29248,3.7157578468322754,,,,,,,,,
458,0.23625000000000002,0.23625000000000002,RL-sBOED,0.33528876304626465,29312,3.8033199310302734,,,,,,,,,
459,0.23132812500000002,0.23132812500000002,RL-sBOED,0.334972620010376,29376,3.844454288482666,,,,,,,,,
460,0.22921875000000003,0.22921875000000003,RL-sBOED,0.3354828357696533,29440,3.864328384399414,,,,,,,,,
461,0.23097656250000004,0.23097656250000004,RL-sBOED,0.33583712577819824,29504,3.8070693016052246,,,,,,,,,
462,0.2316796875,0.2316796875,RL-sBOED,0.3356635570526123,29568,3.7673373222351074,,,,,,,,,
463,0.22921875000000003,0.22921875000000003,RL-sBOED,0.33552074432373047,29632,3.775350570678711,,,,,,,,,
464,0.23378906250000003,0.23378906250000003,RL-sBOED,0.3361806869506836,29696,3.7914884090423584,,,,,,,,,
465,0.23378906250000003,0.23378906250000003,RL-sBOED,0.3360140323638916,29760,3.8505706787109375,,,,,,,,,
466,0.23062500000000002,0.23062500000000002,RL-sBOED,0.3360629081726074,29824,3.866584539413452,,,,,,,,,
467,0.23203125000000002,0.23203125000000002,RL-sBOED,0.33588361740112305,29888,3.8590073585510254,,,,,,,,,
468,0.2316796875,0.2316796875,RL-sBOED,0.33544468879699707,29952,3.8726558685302734,,,,,,,,,
469,0.2288671875,0.2288671875,RL-sBOED,0.33553147315979004,30016,3.841360092163086,,,,,,,,,
470,0.23238281250000004,0.23238281250000004,RL-sBOED,0.33518147468566895,30080,3.8202872276306152,,,,,,,,,
471,0.22781250000000003,0.22781250000000003,RL-sBOED,0.33512043952941895,30144,3.7533035278320312,,,,,,,,,
472,0.2302734375,0.2302734375,RL-sBOED,0.3354952335357666,30208,3.7310476303100586,,,,,,,,,
473,0.23062500000000002,0.23062500000000002,RL-sBOED,0.3358776569366455,30272,3.641793966293335,,,,,,,,,
474,0.22816406250000004,0.22816406250000004,RL-sBOED,0.335590124130249,30336,3.608839511871338,,,,,,,,,
475,0.2316796875,0.2316796875,RL-sBOED,0.3350231647491455,30400,3.6731390953063965,0.22236328125000004,3,0.2995630226463795,0.0234375,0.0078125,1,0.00017578124999999994,0.22236328125000004,0
476,0.22781250000000003,0.22781250000000003,RL-sBOED,0.3362572193145752,30464,3.6465582847595215,,,,,,,,,
477,0.23625000000000004,0.23625000000000004,RL-sBOED,0.3349649906158447,30528,3.6101481914520264,,,,,,,,,
478,0.23132812500000002,0.23132812500000002,RL-sBOED,0.33518338203430176,30592,3.6927108764648438,,,,,,,,,
479,0.22957031250000004,0.22957031250000004,RL-sBOED,0.33487868309020996,30656,3.71216082572937,,,,,,,,,
480,0.22746093750000002,0.22746093750000002,RL-sBOED,0.3359544277191162,30720,3.7268810272216797,,,,,,,,,
481,0.22851562500000003,0.22851562500000003,RL-sBOED,0.33548784255981445,30784,3.7428054809570312,,,,,,,,,
482,0.23343750000000002,0.23343750000000002,RL-sBOED,0.3351271152496338,30848,3.7552125453948975,,,,,,,,,
483,0.23273437500000002,0.23273437500000002,RL-sBOED,0.33521056175231934,30912,3.7551772594451904,,,,,,,,,
484,0.2302734375,0.2302734375,RL-sBOED,0.3345937728881836,30976,3.7814176082611084,,,,,,,,,
485,0.23308593750000003,0.23308593750000003,RL-sBOED,0.3350331783294678,31040,3.7804489135742188,,,,,,,,,
486,0.22746093750000002,0.22746093750000002,RL-sBOED,0.3349459171295166,31104,3.7856593132019043,,,,,,,,,
487,0.23203125000000002,0.23203125000000002,RL-sBOED,0.3355259895324707,31168,3.726602077484131,,,,,,,,,
488,0.22183593750000002,0.22183593750000002,RL-sBOED,0.3348836898803711,31232,3.7261056900024414,,,,,,,,,
489,0.2302734375,0.2302734375,RL-sBOED,0.3349485397338867,31296,3.715027332305908,,,,,,,,,
490,0.22992187500000003,0.22992187500000003,RL-sBOED,0.3351902961730957,31360,3.653240919113159,,,,,,,,,
491,0.2330859375,0.2330859375,RL-sBOED,0.33555150032043457,31424,3.668604612350464,,,,,,,,,
492,0.22957031250000004,0.22957031250000004,RL-sBOED,0.3351263999938965,31488,3.728911876678467,,,,,,,,,
493,0.22992187500000003,0.22992187500000003,RL-sBOED,0.33486294746398926,31552,3.7147388458251953,,,,,,,,,
494,0.22570312500000003,0.22570312500000003,RL-sBOED,0.3348219394683838,31616,3.73758602142334,,,,,,,,,
495,0.22570312500000003,0.22570312500000003,RL-sBOED,0.33559441566467285,31680,3.7038838863372803,,,,,,,,,
496,0.23132812500000002,0.23132812500000002,RL-sBOED,0.3356311321258545,31744,3.7186942100524902,,,,,,,,,
497,0.2316796875,0.2316796875,RL-sBOED,0.33774447441101074,31808,3.716073513031006,,,,,,,,,
498,0.22746093750000002,0.22746093750000002,RL-sBOED,0.33629918098449707,31872,3.669069766998291,,,,,,,,,
499,0.22781250000000003,0.22781250000000003,RL-sBOED,0.3348274230957031,31936,3.6873974800109863,,,,,,,,,
500,0.22570312500000003,0.23078125000000002,RL-sBOED,0.3352787494659424,32000,3.665917158126831,0.21603515625000003,12,1.3212279550315162,0.09375,0.0,1,0.0,0.21603515625000003,0
501,0.22675781250000004,0.22675781250000004,RL-sBOED,0.33531951904296875,32064,3.5826499462127686,,,,,,,,,
502,0.23097656250000004,0.23097656250000004,RL-sBOED,0.33522772789001465,32128,3.541738510131836,,,,,,,,,
503,0.23132812500000002,0.23132812500000002,RL-sBOED,0.3360722064971924,32192,3.5922064781188965,,,,,,,,,
504,0.23238281250000004,0.23238281250000004,RL-sBOED,0.33595967292785645,32256,3.5490236282348633,,,,,,,,,
505,0.22921875000000003,0.22921875000000003,RL-sBOED,0.33504438400268555,32320,3.5733299255371094,,,,,,,,,
506,0.227109375,0.227109375,RL-sBOED,0.3365449905395508,32384,3.5518054962158203,,,,,,,,,
507,0.22746093750000002,0.22746093750000002,RL-sBOED,0.33559441566467285,32448,3.5592122077941895,,,,,,,,,
508,0.22605468750000002,0.22605468750000002,RL-sBOED,0.3349630832672119,32512,3.6248586177825928,,,,,,,,,
509,0.2302734375,0.2302734375,RL-sBOED,0.3355386257171631,32576,3.6196975708007812,,,,,,,,,
510,0.22359375000000004,0.22359375000000004,RL-sBOED,0.3355226516723633,32640,3.648756742477417,,,,,,,,,
511,0.23132812500000002,0.23132812500000002,RL-sBOED,0.33563828468322754,32704,3.6082217693328857,,,,,,,,,
512,0.22746093750000002,0.2325390625,RL-sBOED,0.33533287048339844,32768,3.6547915935516357,,,,,,,,,
513,0.22746093750000002,0.22746093750000002,RL-sBOED,0.33530163764953613,32832,3.6956241130828857,,,,,,,,,
514,0.22570312500000003,0.22570312500000003,RL-sBOED,0.33463430404663086,32896,3.6811647415161133,,,,,,,,,
515,0.22992187500000003,0.22992187500000003,RL-sBOED,0.3351869583129883,32960,3.680670738220215,,,,,,,,,
516,0.2302734375,0.2302734375,RL-sBOED,0.33500051498413086,33024,3.6522083282470703,,,,,,,,,
517,0.22640625000000003,0.22640625000000003,RL-sBOED,0.3350050449371338,33088,3.6319427490234375,,,,,,,,,
518,0.22957031250000004,0.23464843750000003,RL-sBOED,0.3352799415588379,33152,3.5552444458007812,,,,,,,,,
519,0.2288671875,0.2288671875,RL-sBOED,0.33535099029541016,33216,3.604430913925171,,,,,,,,,
520,0.22640625000000003,0.22640625000000003,RL-sBOED,0.3350956439971924,33280,3.643660306930542,,,,,,,,,
521,0.22570312500000003,0.22570312500000003,RL-sBOED,0.335390567779541,33344,3.632107734680176,,,,,,,,,
522,0.22816406250000001,0.22816406250000001,RL-sBOED,0.33491945266723633,33408,3.550264358520508,,,,,,,,,
523,0.22816406250000004,0.22816406250000004,RL-sBOED,0.33515095710754395,33472,3.469484329223633,,,,,,,,,
524,0.22500000000000003,0.22500000000000003,RL-sBOED,0.33556437492370605,33536,3.417710065841675,,,,,,,,,
525,0.23062500000000002,0.23062500000000002,RL-sBOED,0.335432767868042,33600,3.484386920928955,0.21814453125000005,3,0.33378287385334116,0.0234375,0.0,1,0.0,0.21814453125000005,0
526,0.22992187500000003,0.22992187500000003,RL-sBOED,0.3356637954711914,33664,3.521726131439209,,,,,,,,,
527,0.22816406250000004,0.22816406250000004,RL-sBOED,0.3349597454071045,33728,3.5301761627197266,,,,,,,,,
528,0.2288671875,0.2288671875,RL-sBOED,0.33622169494628906,33792,3.490326404571533,,,,,,,,,
529,0.22781250000000003,0.22781250000000003,RL-sBOED,0.3351445198059082,33856,3.4988772869110107,,,,,,,,,
530,0.22781250000000003,0.22781250000000003,RL-sBOED,0.33533811569213867,33920,3.4456729888916016,,,,,,,,,
531,0.23343750000000002,0.23343750000000002,RL-sBOED,0.3354225158691406,33984,3.5168371200561523,,,,,,,,,
532,0.2288671875,0.2288671875,RL-sBOED,0.3357536792755127,34048,3.5864644050598145,,,,,,,,,
533,0.2288671875,0.2288671875,RL-sBOED,0.3352022171020508,34112,3.5989224910736084,,,,,,,,,
534,0.22500000000000003,0.22500000000000003,RL-sBOED,0.33503031730651855,34176,3.5840060710906982,,,,,,,,,
535,0.2288671875,0.2288671875,RL-sBOED,0.33486461639404297,34240,3.5470523834228516,,,,,,,,,
536,0.22816406250000004,0.22816406250000004,RL-sBOED,0.33537769317626953,34304,3.5210928916931152,,,,,,,,,
537,0.22921875000000003,0.22921875000000003,RL-sBOED,0.335247278213501,34368,3.5145206451416016,,,,,,,,,
538,0.22781250000000003,0.22781250000000003,RL-sBOED,0.33508896827697754,34432,3.548469066619873,,,,,,,,,
539,0.23027343750000004,0.23027343750000004,RL-sBOED,0.33515501022338867,34496,3.553302764892578,,,,,,,,,
540,0.22781250000000003,0.22781250000000003,RL-sBOED,0.33490777015686035,34560,3.5830039978027344,,,,,,,,,
541,0.22289062500000004,0.23148437500000002,RL-sBOED,0.33498620986938477,34624,3.61069393157959,,,,,,,,,
542,0.23343750000000002,0.23343750000000002,RL-sBOED,0.33536696434020996,34688,3.667112350463867,,,,,,,,,
543,0.22851562500000003,0.22851562500000003,RL-sBOED,0.334733247756958,34752,3.7046337127685547,,,,,,,,,
544,0.23343750000000002,0.23343750000000002,RL-sBOED,0.3350663185119629,34816,3.741194725036621,,,,,,,,,
545,0.23062500000000002,0.23062500000000002,RL-sBOED,0.3353421688079834,34880,3.757795810699463,,,,,,,,,
546,0.2288671875,0.2288671875,RL-sBOED,0.33501172065734863,34944,3.7571239471435547,,,,,,,,,
547,0.23414062500000002,0.23414062500000002,RL-sBOED,0.33501601219177246,35008,3.779376983642578,,,,,,,,,
548,0.23343750000000002,0.23343750000000002,RL-sBOED,0.33489441871643066,35072,3.793348789215088,,,,,,,,,
549,0.22605468750000002,0.22605468750000002,RL-sBOED,0.334089994430542,35136,3.8167123794555664,,,,,,,,,
550,0.23273437500000002,0.23273437500000002,RL-sBOED,0.334928035736084,35200,3.8313517570495605,0.21550781250000006,4,1.2979862319090059,0.03125,0.0,1,0.0,0.21550781250000006,0
551,0.22957031250000004,0.22957031250000004,RL-sBOED,0.33627772331237793,35264,3.8474841117858887,,,,,,,,,
552,0.23203125000000002,0.23203125000000002,RL-sBOED,0.3356766700744629,35328,3.8543739318847656,,,,,,,,,
553,0.2288671875,0.2288671875,RL-sBOED,0.3371407985687256,35392,3.8611254692077637,,,,,,,,,
554,0.22535156250000005,0.22535156250000005,RL-sBOED,0.3538365364074707,35456,3.8475189208984375,,,,,,,,,
555,0.22957031250000004,0.22957031250000004,RL-sBOED,0.34876108169555664,35520,3.820934295654297,,,,,,,,,
556,0.22851562500000003,0.22851562500000003,RL-sBOED,0.34003710746765137,35584,3.7904629707336426,,,,,,,,,
557,0.2302734375,0.2302734375,RL-sBOED,0.33544468879699707,35648,3.761775493621826,,,,,,,,,
558,0.2316796875,0.2316796875,RL-sBOED,0.3348526954650879,35712,3.775587558746338,,,,,,,,,
559,0.23097656250000004,0.23097656250000004,RL-sBOED,0.33527398109436035,35776,3.751560926437378,,,,,,,,,
560,0.22816406250000004,0.22816406250000004,RL-sBOED,0.3352062702178955,35840,3.752656936645508,,,,,,,,,
561,0.22921875000000003,0.22921875000000003,RL-sBOED,0.3345947265625,35904,3.721796751022339,,,,,,,,,
562,0.23414062500000002,0.23414062500000002,RL-sBOED,0.33502912521362305,35968,3.7046010494232178,,,,,,,,,
563,0.22921875000000003,0.23429687500000002,RL-sBOED,0.3353757858276367,36032,3.7089176177978516,,,,,,,,,
564,0.22957031250000004,0.22957031250000004,RL-sBOED,0.33482789993286133,36096,3.723151206970215,,,,,,,,,
565,0.22851562500000003,0.22851562500000003,RL-sBOED,0.33532238006591797,36160,3.718229293823242,,,,,,,,,
566,0.22957031250000004,0.22957031250000004,RL-sBOED,0.3355996608734131,36224,3.7100086212158203,,,,,,,,,
567,0.22605468750000002,0.22605468750000002,RL-sBOED,0.3356318473815918,36288,3.691455364227295,,,,,,,,,
568,0.22781250000000003,0.23289062500000002,RL-sBOED,0.33627820014953613,36352,3.668652296066284,,,,,,,,,
569,0.22781250000000003,0.22781250000000003,RL-sBOED,0.3354523181915283,36416,3.6282966136932373,,,,,,,,,
570,0.22921875000000003,0.22921875000000003,RL-sBOED,0.33489489555358887,36480,3.612964153289795,,,,,,,,,
571,0.23203125000000002,0.23203125000000002,RL-sBOED,0.33505892753601074,36544,3.6195895671844482,,,,,,,,,
572,0.23062500000000002,0.23062500000000002,RL-sBOED,0.3347034454345703,36608,3.6443307399749756,,,,,,,,,
573,0.22746093750000002,0.22746093750000002,RL-sBOED,0.33476877212524414,36672,3.6552340984344482,,,,,,,,,
574,0.22640625000000003,0.22640625000000003,RL-sBOED,0.3350086212158203,36736,3.654214859008789,,,,,,,,,
575,0.22781250000000003,0.22781250000000003,RL-sBOED,0.3357367515563965,36800,3.6238579750061035,0.21550781250000006,2,0.6210863745552451,0.015625,0.0,1,0.0,0.21550781250000006,0
576,0.22992187500000003,0.22992187500000003,RL-sBOED,0.33555030822753906,36864,3.575739622116089,,,,,,,,,
577,0.22500000000000003,0.23007812500000002,RL-sBOED,0.33518481254577637,36928,3.5958433151245117,,,,,,,,,
578,0.22464843750000002,0.22464843750000002,RL-sBOED,0.335219144821167,36992,3.6199069023132324,,,,,,,,,
579,0.22710937500000003,0.22710937500000003,RL-sBOED,0.33512043952941895,37056,3.593707799911499,,,,,,,,,
580,0.2302734375,0.2302734375,RL-sBOED,0.3358192443847656,37120,3.578951597213745,,,,,,,,,
581,0.22957031250000004,0.22957031250000004,RL-sBOED,0.33637166023254395,37184,3.5382866859436035,,,,,,,,,
582,0.22921875000000003,0.22921875000000003,RL-sBOED,0.33574676513671875,37248,3.5651397705078125,,,,,,,,,
583,0.23238281250000004,0.23238281250000004,RL-sBOED,0.33565235137939453,37312,3.530820846557617,,,,,,,,,
584,0.2288671875,0.2288671875,RL-sBOED,0.3358478546142578,37376,3.5557169914245605,,,,,,,,,
585,0.22183593750000002,0.22183593750000002,RL-sBOED,0.3359382152557373,37440,3.557025909423828,,,,,,,,,
586,0.22640625000000003,0.22640625000000003,RL-sBOED,0.3355841636657715,37504,3.550783157348633,,,,,,,,,
587,0.23132812500000002,0.23132812500000002,RL-sBOED,0.3353443145751953,37568,3.5774903297424316,,,,,,,,,
588,0.22816406250000004,0.22816406250000004,RL-sBOED,0.335324764251709,37632,3.616889476776123,,,,,,,,,
589,0.23132812500000002,0.23132812500000002,RL-sBOED,0.3358185291290283,37696,3.6051993370056152,,,,,,,,,
590,0.225703125,0.225703125,RL-sBOED,0.3349618911743164,37760,3.6212406158447266,,,,,,,,,
591,0.22851562500000003,0.22851562500000003,RL-sBOED,0.33561134338378906,37824,3.598015546798706,,,,,,,,,
592,0.2288671875,0.2288671875,RL-sBOED,0.3353900909423828,37888,3.604588270187378,,,,,,,,,
593,0.22429687500000006,0.22429687500000006,RL-sBOED,0.3352656364440918,37952,3.5998542308807373,,,,,,,,,
594,0.22921875000000003,0.241328125,RL-sBOED,0.33588552474975586,38016,3.5826613903045654,,,,,,,,,
595,0.22746093750000002,0.22746093750000002,RL-sBOED,0.3364136219024658,38080,3.5781188011169434,,,,,,,,,
596,0.22429687500000003,0.22429687500000003,RL-sBOED,0.3351571559906006,38144,3.604193687438965,,,,,,,,,
597,0.22394531250000002,0.22394531250000002,RL-sBOED,0.3354053497314453,38208,3.6244609355926514,,,,,,,,,
598,0.22359375000000004,0.22359375000000004,RL-sBOED,0.3358950614929199,38272,3.588303565979004,,,,,,,,,
599,0.2288671875,0.2288671875,RL-sBOED,0.3352084159851074,38336,3.5571718215942383,,,,,,,,,
600,0.23132812500000002,0.23132812500000002,RL-sBOED,0.33542966842651367,38400,3.5628604888916016,0.21638671875000004,6,0.8908107219818039,0.046875,0.0,1,0.0,0.21638671875000004,0
601,0.22992187500000003,0.22992187500000003,RL-sBOED,0.3350667953491211,38464,3.579751491546631,,,,,,,,,
602,0.22675781250000004,0.22675781250000004,RL-sBOED,0.33596229553222656,38528,3.5996196269989014,,,,,,,,,
603,0.22992187500000003,0.22992187500000003,RL-sBOED,0.3349497318267822,38592,3.6160101890563965,,,,,,,,,
604,0.22816406250000004,0.22816406250000004,RL-sBOED,0.33487987518310547,38656,3.617649793624878,,,,,,,,,
605,0.22816406250000004,0.22816406250000004,RL-sBOED,0.33531904220581055,38720,3.633979320526123,,,,,,,,,
606,0.22957031250000004,0.22957031250000004,RL-sBOED,0.33513975143432617,38784,3.596485137939453,,,,,,,,,
607,0.22535156250000005,0.22535156250000005,RL-sBOED,0.33617591857910156,38848,3.558204174041748,,,,,,,,,
608,0.22394531250000002,0.22394531250000002,RL-sBOED,0.33556103706359863,38912,3.5624072551727295,,,,,,,,,
609,0.22992187500000003,0.22992187500000003,RL-sBOED,0.33594274520874023,38976,3.5369248390197754,,,,,,,,,
610,0.22500000000000003,0.23359375000000002,RL-sBOED,0.336043119430542,39040,3.5585150718688965,,,,,,,,,
611,0.22464843750000002,0.22464843750000002,RL-sBOED,0.3763575553894043,39104,3.544564723968506,,,,,,,,,
612,0.22992187500000005,0.22992187500000005,RL-sBOED,0.3352022171020508,39168,3.5543084144592285,,,,,,,,,
613,0.22992187500000003,0.22992187500000003,RL-sBOED,0.33522820472717285,39232,3.558687210083008,,,,,,,,,
614,0.2288671875,0.2288671875,RL-sBOED,0.3357086181640625,39296,3.558828353881836,,,,,,,,,
615,0.2302734375,0.2302734375,RL-sBOED,0.3346898555755615,39360,3.5699880123138428,,,,,,,,,
616,0.23062500000000002,0.23062500000000002,RL-sBOED,0.33530426025390625,39424,3.5657291412353516,,,,,,,,,
617,0.22605468750000002,0.22605468750000002,RL-sBOED,0.33686065673828125,39488,3.5450778007507324,,,,,,,,,
618,0.22710937500000003,0.22710937500000003,RL-sBOED,0.3346526622772217,39552,3.4832236766815186,,,,,,,,,
619,0.22640625000000003,0.22640625000000003,RL-sBOED,0.33512234687805176,39616,3.470026731491089,,,,,,,,,
620,0.22640625000000003,0.22640625000000003,RL-sBOED,0.33544421195983887,39680,3.4031219482421875,,,,,,,,,
621,0.22464843750000002,0.22464843750000002,RL-sBOED,0.33483290672302246,39744,3.373227596282959,,,,,,,,,
622,0.22781250000000003,0.22781250000000003,RL-sBOED,0.33515143394470215,39808,3.340388298034668,,,,,,,,,
623,0.2288671875,0.2288671875,RL-sBOED,0.33551812171936035,39872,3.34751558303833,,,,,,,,,
624,0.22851562500000003,0.23359375000000004,RL-sBOED,0.3356194496154785,39936,3.4111781120300293,,,,,,,,,
625,0.22535156250000005,0.22535156250000005,RL-sBOED,0.3355140686035156,40000,3.449695348739624,0.21603515625000008,1,-0.0,0.0078125,0.0,1,0.0,0.21603515625000008,0
626,0.23273437500000002,0.23273437500000002,RL-sBOED,0.335465669631958,40064,3.476511001586914,,,,,,,,,
627,0.22183593750000002,0.22183593750000002,RL-sBOED,0.3351597785949707,40128,3.5441291332244873,,,,,,,,,
628,0.222890625,0.222890625,RL-sBOED,0.3350331783294678,40192,3.546597957611084,,,,,,,,,
629,0.22535156250000005,0.22535156250000005,RL-sBOED,0.3348538875579834,40256,3.5592076778411865,,,,,,,,,
630,0.23203125000000002,0.237109375,RL-sBOED,0.3351016044616699,40320,3.597787857055664,,,,,,,,,
631,0.22851562500000003,0.22851562500000003,RL-sBOED,0.33553171157836914,40384,3.649609327316284,,,,,,,,,
632,0.22675781250000004,0.22675781250000004,RL-sBOED,0.3349020481109619,40448,3.665992498397827,,,,,,,,,
633,0.22816406250000004,0.22816406250000004,RL-sBOED,0.3343338966369629,40512,3.682206869125366,,,,,,,,,
634,0.22816406250000004,0.22816406250000004,RL-sBOED,0.33533763885498047,40576,3.674201726913452,,,,,,,,,
635,0.22921875000000003,0.22921875000000003,RL-sBOED,0.335407018661499,40640,3.6795730590820312,,,,,,,,,
636,0.22816406250000004,0.23324218750000003,RL-sBOED,0.3357093334197998,40704,3.676511526107788,,,,,,,,,
637,0.22851562500000003,0.22851562500000003,RL-sBOED,0.3359792232513428,40768,3.6955933570861816,,,,,,,,,
638,0.22957031250000004,0.22957031250000004,RL-sBOED,0.33524250984191895,40832,3.6974074840545654,,,,,,,,,
639,0.23062500000000002,0.23062500000000002,RL-sBOED,0.3354337215423584,40896,3.708124876022339,,,,,,,,,
640,0.22816406250000001,0.23324218750000003,RL-sBOED,0.33548927307128906,40960,3.732187271118164,,,,,,,,,
641,0.22605468750000002,0.22605468750000002,RL-sBOED,0.3348674774169922,41024,3.729060173034668,,,,,,,,,
642,0.22710937500000003,0.22710937500000003,RL-sBOED,0.3349018096923828,41088,3.7333879470825195,,,,,,,,,
643,0.23132812500000002,0.23132812500000002,RL-sBOED,0.33605051040649414,41152,3.7352187633514404,,,,,,,,,
644,0.23273437500000002,0.23273437500000002,RL-sBOED,0.33501148223876953,41216,3.7250075340270996,,,,,,,,,
645,0.23132812500000002,0.23640625,RL-sBOED,0.3353097438812256,41280,3.729813575744629,,,,,,,,,
646,0.23062500000000002,0.23062500000000002,RL-sBOED,0.3354465961456299,41344,3.749419689178467,,,,,,,,,
647,0.22746093750000002,0.22746093750000002,RL-sBOED,0.335094690322876,41408,3.728181838989258,,,,,,,,,
648,0.22816406250000004,0.22816406250000004,RL-sBOED,0.3354039192199707,41472,3.699800491333008,,,,,,,,,
649,0.22957031250000004,0.22957031250000004,RL-sBOED,0.33628082275390625,41536,3.673424482345581,,,,,,,,,
650,0.23097656250000004,0.23097656250000004,RL-sBOED,0.33544349670410156,41600,3.640231132507324,0.21585937500000008,2,0.13906079845474112,0.015625,0.0,1,0.0,0.21585937500000008,0
651,0.22746093750000002,0.22746093750000002,RL-sBOED,0.335766077041626,41664,3.58627986907959,,,,,,,,,
652,0.2288671875,0.2288671875,RL-sBOED,0.33573102951049805,41728,3.5422258377075195,,,,,,,,,
653,0.22851562500000003,0.22851562500000003,RL-sBOED,0.3359193801879883,41792,3.5637660026550293,,,,,,,,,
654,0.22921875000000003,0.22921875000000003,RL-sBOED,0.3361353874206543,41856,3.488011121749878,,,,,,,,,
655,0.2302734375,0.2302734375,RL-sBOED,0.33600330352783203,41920,3.460965633392334,,,,,,,,,
656,0.22605468750000002,0.22605468750000002,RL-sBOED,0.33510828018188477,41984,3.495103597640991,,,,,,,,,
657,0.22781250000000003,0.22781250000000003,RL-sBOED,0.33596134185791016,42048,3.453206777572632,,,,,,,,,
658,0.22324218750000002,0.22324218750000002,RL-sBOED,0.3347630500793457,42112,3.497701644897461,,,,,,,,,
659,0.23097656250000004,0.23097656250000004,RL-sBOED,0.33539581298828125,42176,3.4195258617401123,,,,,,,,,
660,0.2316796875,0.2316796875,RL-sBOED,0.3345811367034912,42240,3.4252352714538574,,,,,,,,,
661,0.22781250000000003,0.22781250000000003,RL-sBOED,0.33510828018188477,42304,3.509070873260498,,,,,,,,,
662,0.23132812500000002,0.23132812500000002,RL-sBOED,0.33562350273132324,42368,3.5692129135131836,,,,,,,,,
663,0.22042968750000003,0.22550781250000002,RL-sBOED,0.3349955081939697,42432,3.6454849243164062,,,,,,,,,
664,0.2302734375,0.2302734375,RL-sBOED,0.3355889320373535,42496,3.6754977703094482,,,,,,,,,
665,0.23062500000000002,0.23062500000000002,RL-sBOED,0.3360922336578369,42560,3.70729398727417,,,,,,,,,
666,0.22675781250000004,0.22675781250000004,RL-sBOED,0.33899664878845215,42624,3.7228312492370605,,,,,,,,,
667,0.22746093750000002,0.22746093750000002,RL-sBOED,0.3404266834259033,42688,3.712317943572998,,,,,,,,,
668,0.22921875000000003,0.22921875000000003,RL-sBOED,0.3364260196685791,42752,3.680316925048828,,,,,,,,,
669,0.23378906250000003,0.23378906250000003,RL-sBOED,0.33699655532836914,42816,3.663797378540039,,,,,,,,,
670,0.22921875000000003,0.22921875000000003,RL-sBOED,0.3401834964752197,42880,3.6661758422851562,,,,,,,,,
671,0.22781250000000003,0.22781250000000003,RL-sBOED,0.3374953269958496,42944,3.6877498626708984,,,,,,,,,
672,0.22957031250000004,0.22957031250000004,RL-sBOED,0.33515262603759766,43008,3.6793575286865234,,,,,,,,,
673,0.23097656250000004,0.23097656250000004,RL-sBOED,0.3356153964996338,43072,3.6640753746032715,,,,,,,,,
674,0.22746093750000002,0.22746093750000002,RL-sBOED,0.33569836616516113,43136,3.643872022628784,,,,,,,,,
675,0.22394531250000005,0.22394531250000005,RL-sBOED,0.335620641708374,43200,3.6012074947357178,0.21621093750000006,1,-0.0,0.0078125,0.0078125,1,0.00017578124999999994,0.21621093750000006,0
676,0.22605468750000002,0.22605468750000002,RL-sBOED,0.33573007583618164,43264,3.5558724403381348,,,,,,,,,
677,0.22816406250000004,0.22816406250000004,RL-sBOED,0.3358922004699707,43328,3.4918265342712402,,,,,,,,,
678,0.22746093750000002,0.23253906250000003,RL-sBOED,0.33657121658325195,43392,3.436995506286621,,,,,,,,,
679,0.23097656250000004,0.23097656250000004,RL-sBOED,0.33484625816345215,43456,3.4523158073425293,,,,,,,,,
680,0.2302734375,0.2302734375,RL-sBOED,0.335437536239624,43520,3.4080519676208496,,,,,,,,,
681,0.22957031250000004,0.22957031250000004,RL-sBOED,0.33640551567077637,43584,3.437192916870117,,,,,,,,,
682,0.22605468750000002,0.22605468750000002,RL-sBOED,0.33603835105895996,43648,3.4629263877868652,,,,,,,,,
683,0.22605468750000002,0.22605468750000002,RL-sBOED,0.335923433303833,43712,3.464590549468994,,,,,,,,,
684,0.22781250000000003,0.22781250000000003,RL-sBOED,0.33634281158447266,43776,3.494488477706909,,,,,,,,,
685,0.22675781250000004,0.22675781250000004,RL-sBOED,0.33567142486572266,43840,3.5046145915985107,,,,,,,,,
686,0.22781250000000003,0.22781250000000003,RL-sBOED,0.3355979919433594,43904,3.5048651695251465,,,,,,,,,
687,0.22570312500000003,0.22570312500000003,RL-sBOED,0.3361704349517822,43968,3.569314479827881,,,,,,,,,
688,0.22851562500000003,0.22851562500000003,RL-sBOED,0.336087703704834,44032,3.5258359909057617,,,,,,,,,
689,0.22500000000000003,0.22500000000000003,RL-sBOED,0.3358113765716553,44096,3.551849365234375,,,,,,,,,
690,0.22957031250000004,0.22957031250000004,RL-sBOED,0.33598899841308594,44160,3.5226876735687256,,,,,,,,,
691,0.22957031250000004,0.22957031250000004,RL-sBOED,0.3356015682220459,44224,3.4871537685394287,,,,,,,,,
692,0.22675781250000002,0.22675781250000002,RL-sBOED,0.3347935676574707,44288,3.4745407104492188,,,,,,,,,
693,0.22816406250000004,0.22816406250000004,RL-sBOED,0.3356456756591797,44352,3.4878032207489014,,,,,,,,,
694,0.22992187500000003,0.24203125000000003,RL-sBOED,0.3352174758911133,44416,3.5376901626586914,,,,,,,,,
695,0.225703125,0.225703125,RL-sBOED,0.335507869720459,44480,3.57765531539917,,,,,,,,,
696,0.22992187500000003,0.22992187500000003,RL-sBOED,0.3363933563232422,44544,3.5660996437072754,,,,,,,,,
697,0.23062500000000002,0.23062500000000002,RL-sBOED,0.3357889652252197,44608,3.6096091270446777,,,,,,,,,
698,0.23203125000000002,0.23203125000000002,RL-sBOED,0.33506131172180176,44672,3.6375441551208496,,,,,,,,,
699,0.22851562500000003,0.22851562500000003,RL-sBOED,0.33554649353027344,44736,3.6449389457702637,,,,,,,,,
700,0.22851562500000003,0.22851562500000003,RL-sBOED,0.3354201316833496,44800,3.654370069503784,0.21462890625000006,1,-0.0,0.0078125,0.0,1,0.0,0.21462890625000006,0
701,0.22746093750000002,0.22746093750000002,RL-sBOED,0.3352818489074707,44864,3.6662516593933105,,,,,,,,,
702,0.22921875000000003,0.22921875000000003,RL-sBOED,0.33503055572509766,44928,3.66721773147583,,,,,,,,,
703,0.225703125,0.23429687500000002,RL-sBOED,0.33499693870544434,44992,3.676452159881592,,,,,,,,,
704,0.22605468750000002,0.22605468750000002,RL-sBOED,0.33570313453674316,45056,3.6584346294403076,,,,,,,,,
705,0.22500000000000003,0.23007812500000002,RL-sBOED,0.334580659866333,45120,3.6583926677703857,,,,,,,,,
706,0.22992187500000003,0.22992187500000003,RL-sBOED,0.33490848541259766,45184,3.669236660003662,,,,,,,,,
707,0.2288671875,0.2288671875,RL-sBOED,0.335829496383667,45248,3.6778817176818848,,,,,,,,,
708,0.22675781250000004,0.22675781250000004,RL-sBOED,0.3353917598724365,45312,3.6813771724700928,,,,,,,,,
709,0.22992187500000003,0.22992187500000003,RL-sBOED,0.3344998359680176,45376,3.66241717338562,,,,,,,,,
710,0.22957031250000004,0.22957031250000004,RL-sBOED,0.3357677459716797,45440,3.6568398475646973,,,,,,,,,
711,0.22921875000000003,0.22921875000000003,RL-sBOED,0.33475160598754883,45504,3.6247973442077637,,,,,,,,,
712,0.22535156250000005,0.23394531250000003,RL-sBOED,0.3354012966156006,45568,3.623983144760132,,,,,,,,,
713,0.22816406250000004,0.22816406250000004,RL-sBOED,0.3349337577819824,45632,3.663066864013672,,,,,,,,,
714,0.227109375,0.227109375,RL-sBOED,0.33473968505859375,45696,3.6595401763916016,,,,,,,,,
715,0.22746093750000002,0.22746093750000002,RL-sBOED,0.33490800857543945,45760,3.6429641246795654,,,,,,,,,
716,0.22957031250000004,0.22957031250000004,RL-sBOED,0.3356194496154785,45824,3.631692409515381,,,,,,,,,
717,0.22992187500000003,0.22992187500000003,RL-sBOED,0.33481407165527344,45888,3.633747100830078,,,,,,,,,
718,0.23097656250000004,0.23097656250000004,RL-sBOED,0.3353872299194336,45952,3.6556479930877686,,,,,,,,,
719,0.2302734375,0.2302734375,RL-sBOED,0.3352017402648926,46016,3.695294141769409,,,,,,,,,
720,0.23343750000000002,0.23343750000000002,RL-sBOED,0.33504414558410645,46080,3.7446422576904297,,,,,,,,,
721,0.22957031250000004,0.22957031250000004,RL-sBOED,0.33492612838745117,46144,3.772742986679077,,,,,,,,,
722,0.22957031250000004,0.22957031250000004,RL-sBOED,0.3349006175994873,46208,3.7933318614959717,,,,,,,,,
723,0.23097656250000004,0.23097656250000004,RL-sBOED,0.3352046012878418,46272,3.8034510612487793,,,,,,,,,
724,0.22710937500000006,0.22710937500000006,RL-sBOED,0.3359086513519287,46336,3.822986125946045,,,,,,,,,
725,0.23238281250000004,0.23238281250000004,RL-sBOED,0.3353090286254883,46400,3.829704999923706,0.21638671875000004,2,0.5445089017353929,0.015625,0.0,1,0.0,0.21638671875000004,0
726,0.22992187500000003,0.22992187500000003,RL-sBOED,0.3347170352935791,46464,3.8102455139160156,,,,,,,,,
727,0.22535156250000005,0.22535156250000005,RL-sBOED,0.33615875244140625,46528,3.8016223907470703,,,,,,,,,
728,0.23343750000000002,0.23343750000000002,RL-sBOED,0.3357827663421631,46592,3.7703475952148438,,,,,,,,,
729,0.22675781250000004,0.22675781250000004,RL-sBOED,0.335155725479126,46656,3.7466208934783936,,,,,,,,,
730,0.22746093750000002,0.22746093750000002,RL-sBOED,0.3352069854736328,46720,3.714845657348633,,,,,,,,,
731,0.22957031250000004,0.22957031250000004,RL-sBOED,0.3348827362060547,46784,3.6813466548919678,,,,,,,,,
732,0.22710937500000003,0.22710937500000003,RL-sBOED,0.3350677490234375,46848,3.6703433990478516,,,,,,,,,
733,0.23097656250000004,0.23097656250000004,RL-sBOED,0.33503246307373047,46912,3.649019718170166,,,,,,,,,
734,0.23414062500000002,0.23414062500000002,RL-sBOED,0.335601806640625,46976,3.6410508155822754,,,,,,,,,
735,0.23062500000000002,0.23062500000000002,RL-sBOED,0.33858394622802734,47040,3.6734814643859863,,,,,,,,,
736,0.23132812500000002,0.23132812500000002,RL-sBOED,0.3352828025817871,47104,3.6834781169891357,,,,,,,,,
737,0.22851562500000003,0.22851562500000003,RL-sBOED,0.33524131774902344,47168,3.6990859508514404,,,,,,,,,
738,0.2316796875,0.2316796875,RL-sBOED,0.3359215259552002,47232,3.7122864723205566,,,,,,,,,
739,0.2302734375,0.2302734375,RL-sBOED,0.33598995208740234,47296,3.6771209239959717,,,,,,,,,
740,0.22746093750000002,0.22746093750000002,RL-sBOED,0.33536720275878906,47360,3.6625800132751465,,,,,,,,,
741,0.2316796875,0.2316796875,RL-sBOED,0.3356163501739502,47424,3.652836322784424,,,,,,,,,
742,0.22816406250000004,0.22816406250000004,RL-sBOED,0.3354063034057617,47488,3.63810396194458,,,,,,,,,
743,0.23062500000000002,0.23062500000000002,RL-sBOED,0.33522891998291016,47552,3.632760524749756,,,,,,,,,
744,0.22921875000000003,0.22921875000000003,RL-sBOED,0.33519840240478516,47616,3.6152141094207764,,,,,,,,,
745,0.22957031250000004,0.22957031250000004,RL-sBOED,0.3356609344482422,47680,3.655148506164551,,,,,,,,,
746,0.23238281250000004,0.23238281250000004,RL-sBOED,0.3344707489013672,47744,3.6793699264526367,,,,,,,,,
747,0.22675781250000004,0.22675781250000004,RL-sBOED,0.3351013660430908,47808,3.691357135772705,,,,,,,,,
748,0.22921875000000003,0.22921875000000003,RL-sBOED,0.33580899238586426,47872,3.716203451156616,,,,,,,,,
749,0.22535156250000005,0.22535156250000005,RL-sBOED,0.33510637283325195,47936,3.7166318893432617,,,,,,,,,
750,0.22746093750000002,0.22746093750000002,RL-sBOED,0.33588600158691406,48000,3.7182626724243164,0.21480468750000004,1,-0.0,0.0078125,0.0,1,0.0,0.21480468750000004,0
751,0.22957031250000004,0.22957031250000004,RL-sBOED,0.3375980854034424,48064,3.6859042644500732,,,,,,,,,
752,0.23062500000000002,0.23062500000000002,RL-sBOED,0.33561205863952637,48128,3.667633056640625,,,,,,,,,
753,0.22851562500000003,0.22851562500000003,RL-sBOED,0.3360176086425781,48192,3.682387113571167,,,,,,,,,
754,0.23238281250000004,0.23238281250000004,RL-sBOED,0.3354473114013672,48256,3.6774699687957764,,,,,,,,,
755,0.22921875000000003,0.22921875000000003,RL-sBOED,0.3346261978149414,48320,3.6643424034118652,,,,,,,,,
756,0.23062500000000002,0.23062500000000002,RL-sBOED,0.33533477783203125,48384,3.6867318153381348,,,,,,,,,
757,0.22816406250000004,0.22816406250000004,RL-sBOED,0.33583855628967285,48448,3.6684205532073975,,,,,,,,,
758,0.22921875000000003,0.22921875000000003,RL-sBOED,0.33542656898498535,48512,3.661649703979492,,,,,,,,,
759,0.22816406250000004,0.22816406250000004,RL-sBOED,0.33626437187194824,48576,3.6268107891082764,,,,,,,,,
760,0.22781250000000003,0.22781250000000003,RL-sBOED,0.3352184295654297,48640,3.5936362743377686,,,,,,,,,
761,0.23308593750000003,0.23308593750000003,RL-sBOED,0.33527565002441406,48704,3.600739002227783,,,,,,,,,
762,0.23062500000000002,0.23062500000000002,RL-sBOED,0.33585047721862793,48768,3.5134799480438232,,,,,,,,,
763,0.22535156250000005,0.22535156250000005,RL-sBOED,0.33553481101989746,48832,3.5129241943359375,,,,,,,,,
764,0.2288671875,0.2288671875,RL-sBOED,0.33620524406433105,48896,3.5486717224121094,,,,,,,,,
765,0.22535156250000002,0.22535156250000002,RL-sBOED,0.335737943649292,48960,3.5731635093688965,,,,,,,,,
766,0.228515625,0.228515625,RL-sBOED,0.33534908294677734,49024,3.5591177940368652,,,,,,,,,
767,0.2302734375,0.2302734375,RL-sBOED,0.3354928493499756,49088,3.6136903762817383,,,,,,,,,
768,0.22781250000000003,0.22781250000000003,RL-sBOED,0.3350217342376709,49152,3.6182126998901367,,,,,,,,,
769,0.22289062500000004,0.22289062500000004,RL-sBOED,0.33525848388671875,49216,3.5863969326019287,,,,,,,,,
770,0.228515625,0.228515625,RL-sBOED,0.3351774215698242,49280,3.5661120414733887,,,,,,,,,
771,0.22429687500000003,0.22429687500000003,RL-sBOED,0.3353731632232666,49344,3.5384674072265625,,,,,,,,,
772,0.22570312500000003,0.22570312500000003,RL-sBOED,0.3351273536682129,49408,3.4765355587005615,,,,,,,,,
773,0.22921875000000003,0.22921875000000003,RL-sBOED,0.3360598087310791,49472,3.4803366661071777,,,,,,,,,
774,0.22781250000000003,0.22781250000000003,RL-sBOED,0.3353760242462158,49536,3.467761993408203,,,,,,,,,
775,0.22957031250000004,0.22957031250000004,RL-sBOED,0.3359236717224121,49600,3.4792518615722656,0.21673828125000005,2,0.2120925525087354,0.015625,0.0078125,1,0.00017578124999999994,0.21673828125000005,0
776,0.22500000000000003,0.23007812500000002,RL-sBOED,0.33561277389526367,49664,3.573554515838623,,,,,,,,,
777,0.22710937500000003,0.22710937500000003,RL-sBOED,0.3351593017578125,49728,3.606117010116577,,,,,,,,,
778,0.2316796875,0.2316796875,RL-sBOED,0.33590221405029297,49792,3.6728262901306152,,,,,,,,,
779,0.2211328125,0.2211328125,RL-sBOED,0.3355987071990967,49856,3.6966934204101562,,,,,,,,,
780,0.22746093750000002,0.23605468750000003,RL-sBOED,0.33580875396728516,49920,3.716113567352295,,,,,,,,,
781,0.23132812500000002,0.23132812500000002,RL-sBOED,0.33556461334228516,49984,3.735642910003662,,,,,,,,,
782,0.22710937500000003,0.22710937500000003,RL-sBOED,0.33503127098083496,50048,3.7246079444885254,,,,,,,,,
783,0.22851562500000003,0.22851562500000003,RL-sBOED,0.3347785472869873,50112,3.743821144104004,,,,,,,,,
784,0.23238281250000004,0.23238281250000004,RL-sBOED,0.33542442321777344,50176,3.760207176208496,,,,,,,,,
785,0.22007812500000004,0.22007812500000004,RL-sBOED,0.3348815441131592,50240,3.745978832244873,,,,,,,,,
786,0.22816406250000004,0.22816406250000004,RL-sBOED,0.33511972427368164,50304,3.7476062774658203,,,,,,,,,
787,0.22992187500000003,0.22992187500000003,RL-sBOED,0.3351874351501465,50368,3.7587366104125977,,,,,,,,,
788,0.225703125,0.225703125,RL-sBOED,0.3348579406738281,50432,3.760014295578003,,,,,,,,,
789,0.22851562500000003,0.22851562500000003,RL-sBOED,0.3354058265686035,50496,3.7468795776367188,,,,,,,,,
790,0.23062500000000002,0.23062500000000002,RL-sBOED,0.33531951904296875,50560,3.7394485473632812,,,,,,,,,
791,0.2316796875,0.2316796875,RL-sBOED,0.3346395492553711,50624,3.7333922386169434,,,,,,,,,
792,0.22992187500000003,0.22992187500000003,RL-sBOED,0.3350217342376709,50688,3.731746196746826,,,,,,,,,
793,0.22640625000000003,0.22640625000000003,RL-sBOED,0.33533334732055664,50752,3.739525556564331,,,,,,,,,
794,0.22675781250000004,0.22675781250000004,RL-sBOED,0.3358461856842041,50816,3.731121063232422,,,,,,,,,
795,0.22500000000000003,0.22500000000000003,RL-sBOED,0.33533453941345215,50880,3.702946424484253,,,,,,,,,
796,0.22640625000000003,0.22640625000000003,RL-sBOED,0.3352968692779541,50944,3.664081335067749,,,,,,,,,
797,0.22640625000000003,0.22640625000000003,RL-sBOED,0.33498406410217285,51008,3.606781005859375,,,,,,,,,
798,0.2302734375,0.2302734375,RL-sBOED,0.3350868225097656,51072,3.557783842086792,,,,,,,,,
799,0.23519531250000003,0.23519531250000003,RL-sBOED,0.3353104591369629,51136,3.561962604522705,,,,,,,,,
800,0.22781250000000003,0.22781250000000003,RL-sBOED,0.33504724502563477,51200,3.5886056423187256,0.21603515625000008,1,-0.0,0.0078125,0.0,1,0.0,0.21603515625000008,0
801,0.22921875000000003,0.22921875000000003,RL-sBOED,0.3354635238647461,51264,3.6180732250213623,,,,,,,,,
802,0.23273437500000002,0.23273437500000002,RL-sBOED,0.3352806568145752,51328,3.670288562774658,,,,,,,,,
803,0.228515625,0.228515625,RL-sBOED,0.3355841636657715,51392,3.711770534515381,,,,,,,,,
804,0.22359375000000004,0.22867187500000002,RL-sBOED,0.33547449111938477,51456,3.7082066535949707,,,,,,,,,
805,0.23097656250000004,0.23605468750000003,RL-sBOED,0.33517885208129883,51520,3.7334327697753906,,,,,,,,,
806,0.23343750000000002,0.23343750000000002,RL-sBOED,0.3361690044403076,51584,3.7541022300720215,,,,,,,,,
807,0.23308593750000003,0.23308593750000003,RL-sBOED,0.33678507804870605,51648,3.765909194946289,,,,,,,,,
808,0.23203125000000002,0.23203125000000002,RL-sBOED,0.3352804183959961,51712,3.779691696166992,,,,,,,,,
809,0.22921875000000003,0.22921875000000003,RL-sBOED,0.3350818157196045,51776,3.802258253097534,,,,,,,,,
810,0.22640625000000003,0.22640625000000003,RL-sBOED,0.33501434326171875,51840,3.804164409637451,,,,,,,,,
811,0.23273437500000002,0.23273437500000002,RL-sBOED,0.3354451656341553,51904,3.8037772178649902,,,,,,,,,
812,0.2288671875,0.2288671875,RL-sBOED,0.3357701301574707,51968,3.8042526245117188,,,,,,,,,
813,0.22253906250000005,0.22253906250000005,RL-sBOED,0.33518362045288086,52032,3.801156997680664,,,,,,,,,
814,0.23554687500000002,0.23554687500000002,RL-sBOED,0.33554911613464355,52096,3.801649570465088,,,,,,,,,
815,0.23062500000000002,0.23062500000000002,RL-sBOED,0.33542799949645996,52160,3.794023036956787,,,,,,,,,
816,0.22746093750000002,0.22746093750000002,RL-sBOED,0.3350718021392822,52224,3.790440082550049,,,,,,,,,
817,0.22710937500000003,0.22710937500000003,RL-sBOED,0.3353455066680908,52288,3.770780563354492,,,,,,,,,
818,0.22851562500000003,0.22851562500000003,RL-sBOED,0.33534908294677734,52352,3.7643039226531982,,,,,,,,,
819,0.22781250000000003,0.22781250000000003,RL-sBOED,0.3357064723968506,52416,3.7219760417938232,,,,,,,,,
820,0.23238281250000004,0.23238281250000004,RL-sBOED,0.3361470699310303,52480,3.712754011154175,,,,,,,,,
821,0.2302734375,0.2302734375,RL-sBOED,0.33482909202575684,52544,3.712251663208008,,,,,,,,,
822,0.22359375000000004,0.22359375000000004,RL-sBOED,0.3359992504119873,52608,3.6961355209350586,,,,,,,,,
823,0.23167968750000004,0.23167968750000004,RL-sBOED,0.33531904220581055,52672,3.6812331676483154,,,,,,,,,
824,0.22816406250000004,0.22816406250000004,RL-sBOED,0.3352541923522949,52736,3.6444106101989746,,,,,,,,,
825,0.22816406250000004,0.22816406250000004,RL-sBOED,0.3350391387939453,52800,3.6514978408813477,0.21603515625000008,1,-0.0,0.0078125,0.0,1,0.0,0.21603515625000008,0
826,0.22675781250000004,0.23183593750000003,RL-sBOED,0.33553290367126465,52864,3.641178846359253,,,,,,,,,
827,0.22605468750000002,0.22605468750000002,RL-sBOED,0.3352184295654297,52928,3.620495557785034,,,,,,,,,
828,0.2288671875,0.2288671875,RL-sBOED,0.3352367877960205,52992,3.6701412200927734,,,,,,,,,
829,0.22675781250000004,0.22675781250000004,RL-sBOED,0.3356907367706299,53056,3.652261257171631,,,,,,,,,
830,0.2316796875,0.2316796875,RL-sBOED,0.3349928855895996,53120,3.615036964416504,,,,,,,,,
831,0.22640625000000003,0.23148437500000002,RL-sBOED,0.33555150032043457,53184,3.6259117126464844,,,,,,,,,
832,0.227109375,0.227109375,RL-sBOED,0.33533716201782227,53248,3.658306121826172,,,,,,,,,
833,0.22851562500000003,0.22851562500000003,RL-sBOED,0.3353879451751709,53312,3.618687152862549,,,,,,,,,
834,0.23132812500000002,0.23132812500000002,RL-sBOED,0.3357100486755371,53376,3.63299822807312,,,,,,,,,
835,0.22816406250000004,0.22816406250000004,RL-sBOED,0.3359086513519287,53440,3.6556954383850098,,,,,,,,,
836,0.22605468750000002,0.23464843750000003,RL-sBOED,0.3347635269165039,53504,3.6457602977752686,,,,,,,,,
837,0.22570312500000003,0.23078125000000005,RL-sBOED,0.3372502326965332,53568,3.7056186199188232,,,,,,,,,
838,0.22957031250000004,0.22957031250000004,RL-sBOED,0.33603715896606445,53632,3.7198684215545654,,,,,,,,,
839,0.22851562500000003,0.22851562500000003,RL-sBOED,0.3357987403869629,53696,3.7258243560791016,,,,,,,,,
840,0.23238281250000004,0.23238281250000004,RL-sBOED,0.3352069854736328,53760,3.73071551322937,,,,,,,,,
841,0.22921875000000003,0.22921875000000003,RL-sBOED,0.3357217311859131,53824,3.744784355163574,,,,,,,,,
842,0.22957031250000004,0.22957031250000004,RL-sBOED,0.33478260040283203,53888,3.721302032470703,,,,,,,,,
843,0.22781250000000003,0.22781250000000003,RL-sBOED,0.3354663848876953,53952,3.7059316635131836,,,,,,,,,
844,0.22781250000000003,0.22781250000000003,RL-sBOED,0.3352391719818115,54016,3.6851630210876465,,,,,,,,,
845,0.22535156250000005,0.22535156250000005,RL-sBOED,0.3357863426208496,54080,3.6985812187194824,,,,,,,,,
846,0.23097656250000004,0.23097656250000004,RL-sBOED,0.3348124027252197,54144,3.669560432434082,,,,,,,,,
847,0.2316796875,0.2316796875,RL-sBOED,0.3361811637878418,54208,3.655853271484375,,,,,,,,,
848,0.22570312500000003,0.22570312500000003,RL-sBOED,0.33498072624206543,54272,3.6636624336242676,,,,,,,,,
849,0.22710937500000003,0.22710937500000003,RL-sBOED,0.3355569839477539,54336,3.6605472564697266,,,,,,,,,
850,0.22605468750000002,0.22605468750000002,RL-sBOED,0.33545398712158203,54400,3.621548652648926,0.21603515625000008,1,-0.0,0.0078125,0.0,1,0.0,0.21603515625000008,0
851,0.22570312500000003,0.22570312500000003,RL-sBOED,0.3358309268951416,54464,3.5653762817382812,,,,,,,,,
852,0.2316796875,0.2316796875,RL-sBOED,0.335773229598999,54528,3.605128288269043,,,,,,,,,
853,0.23414062500000002,0.23414062500000002,RL-sBOED,0.3348731994628906,54592,3.587156057357788,,,,,,,,,
854,0.22675781250000004,0.22675781250000004,RL-sBOED,0.3349330425262451,54656,3.6234145164489746,,,,,,,,,
855,0.22535156250000005,0.22535156250000005,RL-sBOED,0.33554553985595703,54720,3.616375684738159,,,,,,,,,
856,0.22746093750000002,0.22746093750000002,RL-sBOED,0.33550548553466797,54784,3.5882956981658936,,,,,,,,,
857,0.22570312500000003,0.22570312500000003,RL-sBOED,0.3352670669555664,54848,3.5435585975646973,,,,,,,,,
858,0.2302734375,0.2302734375,RL-sBOED,0.3354358673095703,54912,3.5032706260681152,,,,,,,,,
859,0.22675781250000002,0.22675781250000002,RL-sBOED,0.33553194999694824,54976,3.4906165599823,,,,,,,,,
860,0.22359375000000004,0.22359375000000004,RL-sBOED,0.33617210388183594,55040,3.4510791301727295,,,,,,,,,
861,0.2288671875,0.2288671875,RL-sBOED,0.3356161117553711,55104,3.4422340393066406,,,,,,,,,
862,0.22359375000000004,0.22359375000000004,RL-sBOED,0.33542919158935547,55168,3.517667770385742,,,,,,,,,
863,0.23097656250000004,0.23097656250000004,RL-sBOED,0.33571672439575195,55232,3.555063247680664,,,,,,,,,
864,0.22957031250000004,0.22957031250000004,RL-sBOED,0.3354475498199463,55296,3.60249400138855,,,,,,,,,
865,0.229921875,0.229921875,RL-sBOED,0.33855652809143066,55360,3.6184821128845215,,,,,,,,,
866,0.22042968750000003,0.22042968750000003,RL-sBOED,0.33683133125305176,55424,3.6270320415496826,,,,,,,,,
867,0.23062500000000002,0.23062500000000002,RL-sBOED,0.3355693817138672,55488,3.6199042797088623,,,,,,,,,
868,0.22851562500000003,0.22851562500000003,RL-sBOED,0.33499598503112793,55552,3.612224578857422,,,,,,,,,
869,0.22957031250000004,0.23816406250000002,RL-sBOED,0.3353559970855713,55616,3.6485304832458496,,,,,,,,,
870,0.22710937500000003,0.235703125,RL-sBOED,0.33647656440734863,55680,3.6957738399505615,,,,,,,,,
871,0.22781250000000003,0.22781250000000003,RL-sBOED,0.3362739086151123,55744,3.7538890838623047,,,,,,,,,
872,0.23097656250000004,0.23097656250000004,RL-sBOED,0.3354682922363281,55808,3.775913953781128,,,,,,,,,
873,0.22851562500000003,0.22851562500000003,RL-sBOED,0.33608436584472656,55872,3.7766311168670654,,,,,,,,,
874,0.23167968750000004,0.23167968750000004,RL-sBOED,0.3360731601715088,55936,3.7746658325195312,,,,,,,,,
875,0.22957031250000004,0.22957031250000004,RL-sBOED,0.3364245891571045,56000,3.777207136154175,0.21603515625000008,1,-0.0,0.0078125,0.0,1,0.0,0.21603515625000008,0
876,0.2302734375,0.2302734375,RL-sBOED,0.33537936210632324,56064,3.7565858364105225,,,,,,,,,
877,0.22746093750000002,0.22746093750000002,RL-sBOED,0.3351576328277588,56128,3.7365708351135254,,,,,,,,,
878,0.2288671875,0.2288671875,RL-sBOED,0.3357837200164795,56192,3.718580961227417,,,,,,,,,
879,0.22816406250000004,0.22816406250000004,RL-sBOED,0.33519864082336426,56256,3.6743969917297363,,,,,,,,,
880,0.22851562500000003,0.22851562500000003,RL-sBOED,0.33512043952941895,56320,3.633847713470459,,,,,,,,,
881,0.22957031250000004,0.22957031250000004,RL-sBOED,0.33526086807250977,56384,3.6368682384490967,,,,,,,,,
882,0.22570312500000003,0.22570312500000003,RL-sBOED,0.3362429141998291,56448,3.5649757385253906,,,,,,,,,
883,0.23308593750000003,0.23308593750000003,RL-sBOED,0.33518004417419434,56512,3.582458019256592,,,,,,,,,
884,0.2302734375,0.2302734375,RL-sBOED,0.33577513694763184,56576,3.5371575355529785,,,,,,,,,
885,0.23097656250000004,0.23957031250000005,RL-sBOED,0.3353762626647949,56640,3.5927035808563232,,,,,,,,,
886,0.22675781250000004,0.22675781250000004,RL-sBOED,0.33591341972351074,56704,3.64448618888855,,,,,,,,,
887,0.22992187500000003,0.22992187500000003,RL-sBOED,0.33548808097839355,56768,3.6841635704040527,,,,,,,,,
888,0.22359375000000004,0.22359375000000004,RL-sBOED,0.33549976348876953,56832,3.6928393840789795,,,,,,,,,
889,0.22535156250000002,0.22535156250000002,RL-sBOED,0.3359365463256836,56896,3.7228140830993652,,,,,,,,,
890,0.22816406250000004,0.23324218750000003,RL-sBOED,0.33486104011535645,56960,3.7107577323913574,,,,,,,,,
891,0.2288671875,0.2288671875,RL-sBOED,0.3356001377105713,57024,3.7219016551971436,,,,,,,,,
892,0.22570312500000003,0.22570312500000003,RL-sBOED,0.3350811004638672,57088,3.6889376640319824,,,,,,,,,
893,0.22921875000000003,0.22921875000000003,RL-sBOED,0.33591675758361816,57152,3.6981208324432373,,,,,,,,,
894,0.22640625000000003,0.22640625000000003,RL-sBOED,0.33655285835266113,57216,3.630645513534546,,,,,,,,,
895,0.22218750000000004,0.22218750000000004,RL-sBOED,0.3352174758911133,57280,3.589099884033203,,,,,,,,,
896,0.22781250000000003,0.22781250000000003,RL-sBOED,0.3353919982910156,57344,3.6013426780700684,,,,,,,,,
897,0.23414062500000002,0.23414062500000002,RL-sBOED,0.33650732040405273,57408,3.5965278148651123,,,,,,,,,
898,0.22746093750000002,0.22746093750000002,RL-sBOED,0.33579564094543457,57472,3.606426954269409,,,,,,,,,
899,0.23484375000000002,0.23484375000000002,RL-sBOED,0.3351576328277588,57536,3.6415348052978516,,,,,,,,,
900,0.22394531250000002,0.22394531250000002,RL-sBOED,0.336256742477417,57600,3.646705150604248,0.21603515625000008,1,-0.0,0.0078125,0.0,1,0.0,0.21603515625000008,0
901,0.22921875000000003,0.22921875000000003,RL-sBOED,0.33495259284973145,57664,3.6401009559631348,,,,,,,,,
902,0.22605468750000002,0.22605468750000002,RL-sBOED,0.33457279205322266,57728,3.6200273036956787,,,,,,,,,
903,0.23203125000000002,0.23203125000000002,RL-sBOED,0.33489370346069336,57792,3.6219019889831543,,,,,,,,,
904,0.22921875000000003,0.22921875000000003,RL-sBOED,0.33483314514160156,57856,3.6139256954193115,,,,,,,,,
905,0.2288671875,0.2288671875,RL-sBOED,0.33458399772644043,57920,3.624459743499756,,,,,,,,,
906,0.22640625000000003,0.22640625000000003,RL-sBOED,0.33463191986083984,57984,3.636331081390381,,,,,,,,,
907,0.2316796875,0.2316796875,RL-sBOED,0.33512067794799805,58048,3.6662678718566895,,,,,,,,,
908,0.2302734375,0.2302734375,RL-sBOED,0.33550262451171875,58112,3.6941306591033936,,,,,,,,,
909,0.22675781250000004,0.22675781250000004,RL-sBOED,0.33524036407470703,58176,3.705397367477417,,,,,,,,,
910,0.22921875000000003,0.22921875000000003,RL-sBOED,0.3347358703613281,58240,3.6839377880096436,,,,,,,,,
911,0.22535156250000005,0.22535156250000005,RL-sBOED,0.33525705337524414,58304,3.658677101135254,,,,,,,,,
912,0.22992187500000003,0.22992187500000003,RL-sBOED,0.335068941116333,58368,3.6156435012817383,,,,,,,,,
913,0.22710937500000003,0.22710937500000003,RL-sBOED,0.3348977565765381,58432,3.575456142425537,,,,,,,,,
914,0.22781250000000003,0.22781250000000003,RL-sBOED,0.33452677726745605,58496,3.5430870056152344,,,,,,,,,
915,0.22781250000000003,0.22781250000000003,RL-sBOED,0.33571338653564453,58560,3.523216724395752,,,,,,,,,
916,0.23097656250000004,0.23097656250000004,RL-sBOED,0.3350813388824463,58624,3.5322647094726562,,,,,,,,,
917,0.22535156250000005,0.22535156250000005,RL-sBOED,0.3355395793914795,58688,3.6017441749572754,,,,,,,,,
918,0.23027343750000004,0.23027343750000004,RL-sBOED,0.3348827362060547,58752,3.559145450592041,,,,,,,,,
919,0.22851562500000003,0.22851562500000003,RL-sBOED,0.33533239364624023,58816,3.5938994884490967,,,,,,,,,
920,0.22746093750000002,0.22746093750000002,RL-sBOED,0.33493733406066895,58880,3.5834298133850098,,,,,,,,,
921,0.23132812500000005,0.23132812500000005,RL-sBOED,0.335146427154541,58944,3.586029529571533,,,,,,,,,
922,0.224296875,0.23289062500000002,RL-sBOED,0.3351292610168457,59008,3.670700788497925,,,,,,,,,
923,0.2302734375,0.2302734375,RL-sBOED,0.33605289459228516,59072,3.674935817718506,,,,,,,,,
924,0.22992187500000003,0.22992187500000003,RL-sBOED,0.33517932891845703,59136,3.6895461082458496,,,,,,,,,
925,0.22992187500000003,0.22992187500000003,RL-sBOED,0.33486127853393555,59200,3.6924586296081543,0.21392578125000006,3,0.31325985468909356,0.0234375,0.0,1,0.0,0.21392578125000006,0
926,0.23203125000000002,0.23203125000000002,RL-sBOED,0.3358633518218994,59264,3.702533483505249,,,,,,,,,
927,0.23097656250000004,0.23097656250000004,RL-sBOED,0.33502674102783203,59328,3.7241954803466797,,,,,,,,,
928,0.22570312500000003,0.22570312500000003,RL-sBOED,0.33585214614868164,59392,3.754241466522217,,,,,,,,,
929,0.227109375,0.227109375,RL-sBOED,0.3354451656341553,59456,3.739879608154297,,,,,,,,,
930,0.225703125,0.225703125,RL-sBOED,0.3351898193359375,59520,3.6892287731170654,,,,,,,,,
931,0.23273437500000002,0.23273437500000002,RL-sBOED,0.3354940414428711,59584,3.6936683654785156,,,,,,,,,
932,0.22851562500000003,0.22851562500000003,RL-sBOED,0.3350811004638672,59648,3.696908950805664,,,,,,,,,
933,0.227109375,0.227109375,RL-sBOED,0.33559083938598633,59712,3.667722225189209,,,,,,,,,
934,0.22921875000000003,0.22921875000000003,RL-sBOED,0.3355293273925781,59776,3.6321897506713867,,,,,,,,,
935,0.22957031250000004,0.22957031250000004,RL-sBOED,0.33530592918395996,59840,3.6488664150238037,,,,,,,,,
936,0.22816406250000004,0.22816406250000004,RL-sBOED,0.33509349822998047,59904,3.6288199424743652,,,,,,,,,
937,0.22148437500000004,0.22148437500000004,RL-sBOED,0.3354814052581787,59968,3.6387410163879395,,,,,,,,,
938,0.2302734375,0.2302734375,RL-sBOED,0.33530330657958984,60032,3.5520122051239014,,,,,,,,,
939,0.22851562500000003,0.22851562500000003,RL-sBOED,0.3356447219848633,60096,3.5083749294281006,,,,,,,,,
940,0.2221875,0.2221875,RL-sBOED,0.33605432510375977,60160,3.4412856101989746,,,,,,,,,
941,0.221484375,0.221484375,RL-sBOED,0.3357810974121094,60224,3.3656177520751953,,,,,,,,,
942,0.22921875000000003,0.22921875000000003,RL-sBOED,0.3357107639312744,60288,3.3663110733032227,,,,,,,,,
943,0.22535156250000002,0.22535156250000002,RL-sBOED,0.3360474109649658,60352,3.451277256011963,,,,,,,,,
944,0.22394531250000002,0.22394531250000002,RL-sBOED,0.3352334499359131,60416,3.393064022064209,,,,,,,,,
945,0.23062500000000002,0.23062500000000002,RL-sBOED,0.3354685306549072,60480,3.4492673873901367,,,,,,,,,
946,0.22218750000000004,0.22218750000000004,RL-sBOED,0.3351771831512451,60544,3.331865072250366,,,,,,,,,
947,0.22675781250000004,0.22675781250000004,RL-sBOED,0.3357124328613281,60608,3.375047206878662,,,,,,,,,
948,0.2316796875,0.2316796875,RL-sBOED,0.33531951904296875,60672,3.3779516220092773,,,,,,,,,
949,0.22500000000000003,0.22500000000000003,RL-sBOED,0.33525776863098145,60736,3.422954559326172,,,,,,,,,
950,0.22535156250000002,0.23042968750000004,RL-sBOED,0.3353149890899658,60800,3.4827802181243896,0.21638671875000004,2,0.11113140431967991,0.015625,0.0,1,0.0,0.21638671875000004,0
951,0.22816406250000004,0.22816406250000004,RL-sBOED,0.3361990451812744,60864,3.4877994060516357,,,,,,,,,
952,0.22605468750000002,0.22605468750000002,RL-sBOED,0.33503198623657227,60928,3.5487656593322754,,,,,,,,,
953,0.23062500000000002,0.23062500000000002,RL-sBOED,0.3355071544647217,60992,3.5823874473571777,,,,,,,,,
954,0.22218750000000004,0.22726562500000003,RL-sBOED,0.33601808547973633,61056,3.645811080932617,,,,,,,,,
955,0.22710937500000003,0.22710937500000003,RL-sBOED,0.3348245620727539,61120,3.641118049621582,,,,,,,,,
956,0.22535156250000002,0.22535156250000002,RL-sBOED,0.3362431526184082,61184,3.644585371017456,,,,,,,,,
957,0.22746093750000002,0.22746093750000002,RL-sBOED,0.33680224418640137,61248,3.6239089965820312,,,,,,,,,
958,0.22921875000000003,0.22921875000000003,RL-sBOED,0.33587050437927246,61312,3.6354098320007324,,,,,,,,,
959,0.22781250000000003,0.22781250000000003,RL-sBOED,0.3360300064086914,61376,3.6436572074890137,,,,,,,,,
960,0.22675781250000002,0.22675781250000002,RL-sBOED,0.33564281463623047,61440,3.6427249908447266,,,,,,,,,
961,0.22394531250000005,0.22394531250000005,RL-sBOED,0.33591747283935547,61504,3.576469898223877,,,,,,,,,
962,0.22640625000000003,0.22640625000000003,RL-sBOED,0.3355381488800049,61568,3.551520824432373,,,,,,,,,
963,0.22957031250000004,0.22957031250000004,RL-sBOED,0.33551478385925293,61632,3.544292449951172,,,,,,,,,
964,0.22464843750000002,0.22464843750000002,RL-sBOED,0.33525729179382324,61696,3.5153350830078125,,,,,,,,,
965,0.222890625,0.222890625,RL-sBOED,0.33562254905700684,61760,3.538001537322998,,,,,,,,,
966,0.22781250000000003,0.22781250000000003,RL-sBOED,0.33596110343933105,61824,3.5022010803222656,,,,,,,,,
967,0.22851562500000003,0.22851562500000003,RL-sBOED,0.3354220390319824,61888,3.5090579986572266,,,,,,,,,
968,0.22675781250000004,0.22675781250000004,RL-sBOED,0.3356285095214844,61952,3.5071208477020264,,,,,,,,,
969,0.22500000000000003,0.22500000000000003,RL-sBOED,0.33619046211242676,62016,3.5229244232177734,,,,,,,,,
970,0.22851562500000003,0.22851562500000003,RL-sBOED,0.3354001045227051,62080,3.5206451416015625,,,,,,,,,
971,0.22957031250000004,0.22957031250000004,RL-sBOED,0.3354036808013916,62144,3.5202689170837402,,,,,,,,,
972,0.22816406250000004,0.22816406250000004,RL-sBOED,0.33561205863952637,62208,3.570211172103882,,,,,,,,,
973,0.22570312500000003,0.22570312500000003,RL-sBOED,0.3350064754486084,62272,3.591719388961792,,,,,,,,,
974,0.22605468750000002,0.22605468750000002,RL-sBOED,0.33609700202941895,62336,3.5738162994384766,,,,,,,,,
975,0.22535156250000005,0.22535156250000005,RL-sBOED,0.33546018600463867,62400,3.547379493713379,0.21269531250000007,2,0.6690268361602776,0.015625,0.0,1,0.0,0.21269531250000007,0
976,0.22605468750000002,0.23464843750000003,RL-sBOED,0.3349740505218506,62464,3.540836811065674,,,,,,,,,
977,0.22570312500000003,0.22570312500000003,RL-sBOED,0.33486413955688477,62528,3.5755295753479004,,,,,,,,,
978,0.23062500000000002,0.23062500000000002,RL-sBOED,0.33510422706604004,62592,3.569023847579956,,,,,,,,,
979,0.22640625000000003,0.22640625000000003,RL-sBOED,0.33481860160827637,62656,3.5760467052459717,,,,,,,,,
980,0.22570312500000003,0.22570312500000003,RL-sBOED,0.3356285095214844,62720,3.5827765464782715,,,,,,,,,
981,0.22957031250000004,0.22957031250000004,RL-sBOED,0.3346412181854248,62784,3.6201210021972656,,,,,,,,,
982,0.22535156250000005,0.22535156250000005,RL-sBOED,0.335052490234375,62848,3.608935832977295,,,,,,,,,
983,0.22921875000000003,0.22921875000000003,RL-sBOED,0.33530235290527344,62912,3.6050002574920654,,,,,,,,,
984,0.22464843750000002,0.22464843750000002,RL-sBOED,0.334827184677124,62976,3.602243185043335,,,,,,,,,
985,0.23132812500000002,0.23132812500000002,RL-sBOED,0.33555030822753906,63040,3.638864278793335,,,,,,,,,
986,0.22570312500000003,0.22570312500000003,RL-sBOED,0.3354520797729492,63104,3.653646230697632,,,,,,,,,
987,0.2288671875,0.2288671875,RL-sBOED,0.33450937271118164,63168,3.7070140838623047,,,,,,,,,
988,0.22394531250000005,0.22394531250000005,RL-sBOED,0.33478426933288574,63232,3.678713321685791,,,,,,,,,
989,0.22710937500000003,0.22710937500000003,RL-sBOED,0.3351731300354004,63296,3.6586761474609375,,,,,,,,,
990,0.22570312500000003,0.22570312500000003,RL-sBOED,0.336254358291626,63360,3.619044780731201,,,,,,,,,
991,0.23062500000000002,0.23062500000000002,RL-sBOED,0.3352351188659668,63424,3.5907535552978516,,,,,,,,,
992,0.227109375,0.235703125,RL-sBOED,0.3363354206085205,63488,3.6027073860168457,,,,,,,,,
993,0.22710937500000003,0.22710937500000003,RL-sBOED,0.33489537239074707,63552,3.622438430786133,,,,,,,,,
994,0.2309765625,0.2309765625,RL-sBOED,0.3356504440307617,63616,3.6531147956848145,,,,,,,,,
995,0.22816406250000004,0.22816406250000004,RL-sBOED,0.33538293838500977,63680,3.6651453971862793,,,,,,,,,
996,0.22464843750000002,0.22464843750000002,RL-sBOED,0.33547520637512207,63744,3.652397871017456,,,,,,,,,
997,0.22675781250000004,0.22675781250000004,RL-sBOED,0.3351151943206787,63808,3.638770580291748,,,,,,,,,
998,0.22816406250000001,0.22816406250000001,RL-sBOED,0.3350944519042969,63872,3.56874942779541,,,,,,,,,
999,0.22957031250000004,0.22957031250000004,RL-sBOED,0.33492445945739746,63936,3.5511481761932373,,,,,,,,,
1000,0.2288671875,0.2288671875,RL-sBOED,0.33542966842651367,64000,3.5149152278900146,0.21585937500000008,2,0.08048483706800685,0.015625,0.0,1,0.0,0.21585937500000008,0
