update,mean_train_u_ctrl,mean_train_control_cost,method,update_seconds,trajectories_sampled,policy_entropy,validation_mean_u_ctrl,validation_mean_mocu,validation_n_unique_sequences,validation_sequence_entropy,validation_unique_frac,validation_under_control_rate,validation_valid,validation_mean_shortfall,validation_checkpoint_score,validation_meets_unique_floor
1,0.1567968726158142,0.1567968726158142,RL-sBOED,0.25621581077575684,64,3.961735486984253,,,,,,,,,,
2,0.16242188215255737,0.16242188215255737,RL-sBOED,0.037392616271972656,128,3.9576098918914795,,,,,,,,,,
3,0.1494140625,0.1494140625,RL-sBOED,0.03513216972351074,192,3.9539847373962402,,,,,,,,,,
4,0.14589843153953552,0.14589843153953552,RL-sBOED,0.035182952880859375,256,3.949272632598877,,,,,,,,,,
5,0.15468749403953552,0.15468749403953552,RL-sBOED,0.03530001640319824,320,3.943998336791992,,,,,,,,,,
6,0.16277344524860382,0.16277344524860382,RL-sBOED,0.035073041915893555,384,3.9396677017211914,,,,,,,,,,
7,0.14976564049720764,0.14976564049720764,RL-sBOED,0.0356898307800293,448,3.9353654384613037,,,,,,,,,,
8,0.1420312523841858,0.1420312523841858,RL-sBOED,0.035048723220825195,512,3.9316489696502686,,,,,,,,,,
9,0.1589062511920929,0.1589062511920929,RL-sBOED,0.03629350662231445,576,3.9276123046875,,,,,,,,,,
10,0.1655859351158142,0.1655859351158142,RL-sBOED,0.03735542297363281,640,3.922985792160034,,,,,,,,,,
11,0.16171875596046448,0.16171875596046448,RL-sBOED,0.035428524017333984,704,3.915790557861328,,,,,,,,,,
12,0.1508203148841858,0.1508203148841858,RL-sBOED,0.03510093688964844,768,3.9111411571502686,,,,,,,,,,
13,0.15785157680511475,0.15785157680511475,RL-sBOED,0.03771066665649414,832,3.9101366996765137,,,,,,,,,,
14,0.15222656726837158,0.15222656726837158,RL-sBOED,0.03515219688415527,896,3.9127376079559326,,,,,,,,,,
15,0.15363281965255737,0.15363281965255737,RL-sBOED,0.03506875038146973,960,3.91192626953125,,,,,,,,,,
16,0.15257813036441803,0.15257813036441803,RL-sBOED,0.03537726402282715,1024,3.9092166423797607,,,,,,,,,,
17,0.16171875596046448,0.16171875596046448,RL-sBOED,0.035697221755981445,1088,3.9116716384887695,,,,,,,,,,
18,0.13957032561302185,0.13957032561302185,RL-sBOED,0.03784656524658203,1152,3.9144577980041504,,,,,,,,,,
19,0.14695313572883606,0.14695313572883606,RL-sBOED,0.03497052192687988,1216,3.915159225463867,,,,,,,,,,
20,0.16453126072883606,0.16453126072883606,RL-sBOED,0.03491520881652832,1280,3.9194650650024414,,,,,,,,,,
21,0.15785156190395355,0.15785156190395355,RL-sBOED,0.03489971160888672,1344,3.921520709991455,,,,,,,,,,
22,0.1603125035762787,0.1603125035762787,RL-sBOED,0.03569388389587402,1408,3.9222259521484375,,,,,,,,,,
23,0.15503907203674316,0.15503907203674316,RL-sBOED,0.037062883377075195,1472,3.9240050315856934,,,,,,,,,,
24,0.15222656726837158,0.15222656726837158,RL-sBOED,0.0352177619934082,1536,3.924487590789795,,,,,,,,,,
25,0.14589843153953552,0.14589843153953552,RL-sBOED,0.03509187698364258,1600,3.922774076461792,0.14958984375000003,0.14552734374999998,3,0.4505958045047138,0.0234375,0.15625,0,0.00826171875,1001.20802734375,0
26,0.1589062511920929,0.1589062511920929,RL-sBOED,0.035384416580200195,1664,3.919424057006836,,,,,,,,,,
27,0.158203125,0.158203125,RL-sBOED,0.03513693809509277,1728,3.9173760414123535,,,,,,,,,,
28,0.15714845061302185,0.15714845061302185,RL-sBOED,0.03473615646362305,1792,3.916325092315674,,,,,,,,,,
29,0.15117187798023224,0.15117187798023224,RL-sBOED,0.03504514694213867,1856,3.915085792541504,,,,,,,,,,
30,0.16277343034744263,0.16277343034744263,RL-sBOED,0.036109209060668945,1920,3.914438009262085,,,,,,,,,,
31,0.1413281261920929,0.1413281261920929,RL-sBOED,0.03495192527770996,1984,3.914107322692871,,,,,,,,,,
32,0.15503907203674316,0.15503907203674316,RL-sBOED,0.03655290603637695,2048,3.912945508956909,,,,,,,,,,
33,0.15785156190395355,0.15785156190395355,RL-sBOED,0.037529706954956055,2112,3.914966106414795,,,,,,,,,,
34,0.14835938811302185,0.14835938811302185,RL-sBOED,0.03472900390625,2176,3.9161925315856934,,,,,,,,,,
35,0.1596093773841858,0.1596093773841858,RL-sBOED,0.0375056266784668,2240,3.915480375289917,,,,,,,,,,
36,0.15257813036441803,0.15257813036441803,RL-sBOED,0.0355229377746582,2304,3.9117069244384766,,,,,,,,,,
37,0.1399218738079071,0.1399218738079071,RL-sBOED,0.03634357452392578,2368,3.9095866680145264,,,,,,,,,,
38,0.16382813453674316,0.16382813453674316,RL-sBOED,0.03518867492675781,2432,3.9113478660583496,,,,,,,,,,
39,0.16066406667232513,0.16066406667232513,RL-sBOED,0.03585457801818848,2496,3.9158129692077637,,,,,,,,,,
40,0.15539062023162842,0.15539062023162842,RL-sBOED,0.03734326362609863,2560,3.9235105514526367,,,,,,,,,,
41,0.1596093773841858,0.1596093773841858,RL-sBOED,0.03508472442626953,2624,3.930521011352539,,,,,,,,,,
42,0.15539062023162842,0.15539062023162842,RL-sBOED,0.03516507148742676,2688,3.9334654808044434,,,,,,,,,,
43,0.1515234410762787,0.1515234410762787,RL-sBOED,0.03489542007446289,2752,3.932549238204956,,,,,,,,,,
44,0.15996094048023224,0.15996094048023224,RL-sBOED,0.03524065017700195,2816,3.9278151988983154,,,,,,,,,,
45,0.15222656726837158,0.15222656726837158,RL-sBOED,0.035170555114746094,2880,3.922214984893799,,,,,,,,,,
46,0.15644530951976776,0.15644530951976776,RL-sBOED,0.03507041931152344,2944,3.9228854179382324,,,,,,,,,,
47,0.15117187798023224,0.15117187798023224,RL-sBOED,0.0350949764251709,3008,3.9224205017089844,,,,,,,,,,
48,0.16207031905651093,0.16207031905651093,RL-sBOED,0.03493618965148926,3072,3.9224441051483154,,,,,,,,,,
49,0.15363281965255737,0.15363281965255737,RL-sBOED,0.03489518165588379,3136,3.922421455383301,,,,,,,,,,
50,0.15363281965255737,0.15363281965255737,RL-sBOED,0.03479456901550293,3200,3.92653226852417,0.14765625000000002,0.0605859375,3,0.8064769418829218,0.0234375,0.046875,1,0.0010546874999999996,0.0605859375,0
51,0.15468749403953552,0.15468749403953552,RL-sBOED,0.0351409912109375,3264,3.9294233322143555,,,,,,,,,,
52,0.14343750476837158,0.14343750476837158,RL-sBOED,0.03472399711608887,3328,3.9285387992858887,,,,,,,,,,
53,0.15574219822883606,0.15574219822883606,RL-sBOED,0.034987688064575195,3392,3.9281845092773438,,,,,,,,,,
54,0.14484375715255737,0.14484375715255737,RL-sBOED,0.03507876396179199,3456,3.9291672706604004,,,,,,,,,,
55,0.15855468809604645,0.15855468809604645,RL-sBOED,0.03510594367980957,3520,3.9270615577697754,,,,,,,,,,
56,0.15292969346046448,0.15292969346046448,RL-sBOED,0.03659796714782715,3584,3.9278464317321777,,,,,,,,,,
57,0.1487109363079071,0.1487109363079071,RL-sBOED,0.03796577453613281,3648,3.9270620346069336,,,,,,,,,,
58,0.1560937464237213,0.1560937464237213,RL-sBOED,0.03452587127685547,3712,3.920867919921875,,,,,,,,,,
59,0.1596093773841858,0.1596093773841858,RL-sBOED,0.034282684326171875,3776,3.908729314804077,,,,,,,,,,
60,0.1466015726327896,0.1466015726327896,RL-sBOED,0.03418874740600586,3840,3.899243116378784,,,,,,,,,,
61,0.15925781428813934,0.15925781428813934,RL-sBOED,0.03408002853393555,3904,3.8943850994110107,,,,,,,,,,
62,0.1589062511920929,0.1589062511920929,RL-sBOED,0.034393310546875,3968,3.8877198696136475,,,,,,,,,,
63,0.15187500417232513,0.15187500417232513,RL-sBOED,0.03438591957092285,4032,3.886199712753296,,,,,,,,,,
64,0.1560937464237213,0.1560937464237213,RL-sBOED,0.0342409610748291,4096,3.8891563415527344,,,,,,,,,,
65,0.15503907203674316,0.15503907203674316,RL-sBOED,0.03429913520812988,4160,3.890657901763916,,,,,,,,,,
66,0.14167968928813934,0.14167968928813934,RL-sBOED,0.03424644470214844,4224,3.8942456245422363,,,,,,,,,,
67,0.15574219822883606,0.15574219822883606,RL-sBOED,0.03423619270324707,4288,3.8959178924560547,,,,,,,,,,
68,0.15187498927116394,0.15187498927116394,RL-sBOED,0.03435516357421875,4352,3.8996262550354004,,,,,,,,,,
69,0.15398436784744263,0.15398436784744263,RL-sBOED,0.03429841995239258,4416,3.911243438720703,,,,,,,,,,
70,0.15257813036441803,0.15257813036441803,RL-sBOED,0.0354008674621582,4480,3.9169814586639404,,,,,,,,,,
71,0.15046876668930054,0.15046876668930054,RL-sBOED,0.03650403022766113,4544,3.9183509349823,,,,,,,,,,
72,0.1560937464237213,0.1560937464237213,RL-sBOED,0.03430819511413574,4608,3.918152332305908,,,,,,,,,,
73,0.14976564049720764,0.14976564049720764,RL-sBOED,0.03430485725402832,4672,3.919663190841675,,,,,,,,,,
74,0.15714845061302185,0.15714845061302185,RL-sBOED,0.03452944755554199,4736,3.9221363067626953,,,,,,,,,,
75,0.15257813036441803,0.15257813036441803,RL-sBOED,0.03454256057739258,4800,3.922818899154663,0.14484375,0.1499609375,4,0.2020731344132759,0.03125,0.1953125,0,0.0087890625,1001.6030859375,0
76,0.16066406667232513,0.16066406667232513,RL-sBOED,0.036568403244018555,4864,3.9214961528778076,,,,,,,,,,
77,0.16417968273162842,0.16417968273162842,RL-sBOED,0.034232378005981445,4928,3.921480894088745,,,,,,,,,,
78,0.16242188215255737,0.16242188215255737,RL-sBOED,0.03454279899597168,4992,3.918944835662842,,,,,,,,,,
79,0.15574219822883606,0.15574219822883606,RL-sBOED,0.034505605697631836,5056,3.9203243255615234,,,,,,,,,,
80,0.15644530951976776,0.15644530951976776,RL-sBOED,0.03449058532714844,5120,3.918515682220459,,,,,,,,,,
81,0.1574999988079071,0.1574999988079071,RL-sBOED,0.034531593322753906,5184,3.9167869091033936,,,,,,,,,,
82,0.1574999988079071,0.1574999988079071,RL-sBOED,0.037854671478271484,5248,3.9171721935272217,,,,,,,,,,
83,0.15363281965255737,0.15363281965255737,RL-sBOED,0.03443336486816406,5312,3.913309097290039,,,,,,,,,,
84,0.15539062023162842,0.15539062023162842,RL-sBOED,0.03742694854736328,5376,3.9097814559936523,,,,,,,,,,
85,0.15328125655651093,0.15328125655651093,RL-sBOED,0.035524845123291016,5440,3.9110374450683594,,,,,,,,,,
86,0.16277344524860382,0.16277344524860382,RL-sBOED,0.03646349906921387,5504,3.916919231414795,,,,,,,,,,
87,0.1560937464237213,0.1560937464237213,RL-sBOED,0.034371137619018555,5568,3.9188122749328613,,,,,,,,,,
88,0.16207031905651093,0.16207031905651093,RL-sBOED,0.03440213203430176,5632,3.926939010620117,,,,,,,,,,
89,0.15468750894069672,0.15468750894069672,RL-sBOED,0.03592205047607422,5696,3.928471326828003,,,,,,,,,,
90,0.1508203148841858,0.1508203148841858,RL-sBOED,0.03644752502441406,5760,3.928821086883545,,,,,,,,,,
91,0.1655859500169754,0.1655859500169754,RL-sBOED,0.0344083309173584,5824,3.9317378997802734,,,,,,,,,,
92,0.15398436784744263,0.15398436784744263,RL-sBOED,0.03430485725402832,5888,3.9326529502868652,,,,,,,,,,
93,0.1508203148841858,0.1508203148841858,RL-sBOED,0.03453683853149414,5952,3.935605764389038,,,,,,,,,,
94,0.14835938811302185,0.14835938811302185,RL-sBOED,0.03423929214477539,6016,3.9341788291931152,,,,,,,,,,
95,0.15433594584465027,0.15433594584465027,RL-sBOED,0.03760242462158203,6080,3.9328773021698,,,,,,,,,,
96,0.16171875596046448,0.16171875596046448,RL-sBOED,0.0345456600189209,6144,3.9263312816619873,,,,,,,,,,
97,0.1589062511920929,0.1589062511920929,RL-sBOED,0.0342867374420166,6208,3.9222333431243896,,,,,,,,,,
98,0.1648828089237213,0.1648828089237213,RL-sBOED,0.03528714179992676,6272,3.9201953411102295,,,,,,,,,,
99,0.16171875596046448,0.16171875596046448,RL-sBOED,0.036470651626586914,6336,3.920276641845703,,,,,,,,,,
100,0.15398436784744263,0.15398436784744263,RL-sBOED,0.03421497344970703,6400,3.9165663719177246,0.15662109375,0.11037109375000001,10,1.5071257253332684,0.078125,0.0859375,0,0.00474609375,1000.46974609375,0
101,0.15925781428813934,0.15925781428813934,RL-sBOED,0.034476280212402344,6464,3.91265869140625,,,,,,,,,,
102,0.1589062511920929,0.1589062511920929,RL-sBOED,0.03433632850646973,6528,3.9168338775634766,,,,,,,,,,
103,0.16136719286441803,0.16136719286441803,RL-sBOED,0.03450298309326172,6592,3.917156934738159,,,,,,,,,,
104,0.1473046839237213,0.1473046839237213,RL-sBOED,0.03425264358520508,6656,3.925445079803467,,,,,,,,,,
105,0.15046875178813934,0.15046875178813934,RL-sBOED,0.03752446174621582,6720,3.928495407104492,,,,,,,,,,
106,0.14519530534744263,0.14519530534744263,RL-sBOED,0.034558773040771484,6784,3.9263834953308105,,,,,,,,,,
107,0.14414063096046448,0.14414063096046448,RL-sBOED,0.035109519958496094,6848,3.9292044639587402,,,,,,,,,,
108,0.13781249523162842,0.13781249523162842,RL-sBOED,0.03652596473693848,6912,3.9267098903656006,,,,,,,,,,
109,0.14835937321186066,0.14835937321186066,RL-sBOED,0.034197330474853516,6976,3.9198834896087646,,,,,,,,,,
110,0.15257811546325684,0.15257811546325684,RL-sBOED,0.03432106971740723,7040,3.9225821495056152,,,,,,,,,,
111,0.1508202999830246,0.1508202999830246,RL-sBOED,0.03426074981689453,7104,3.9197998046875,,,,,,,,,,
112,0.15785156190395355,0.15785156190395355,RL-sBOED,0.03533220291137695,7168,3.920607328414917,,,,,,,,,,
113,0.15222656726837158,0.15222656726837158,RL-sBOED,0.03658771514892578,7232,3.9230382442474365,,,,,,,,,,
114,0.15644532442092896,0.15644532442092896,RL-sBOED,0.0359959602355957,7296,3.9260740280151367,,,,,,,,,,
115,0.15187500417232513,0.15187500417232513,RL-sBOED,0.036432743072509766,7360,3.9290759563446045,,,,,,,,,,
116,0.14906251430511475,0.14906251430511475,RL-sBOED,0.03454780578613281,7424,3.9292092323303223,,,,,,,,,,
117,0.15257813036441803,0.15257813036441803,RL-sBOED,0.03433108329772949,7488,3.926316738128662,,,,,,,,,,
118,0.1560937464237213,0.1560937464237213,RL-sBOED,0.03455853462219238,7552,3.922379970550537,,,,,,,,,,
119,0.15328125655651093,0.15328125655651093,RL-sBOED,0.03435111045837402,7616,3.9193015098571777,,,,,,,,,,
120,0.1560937613248825,0.1560937613248825,RL-sBOED,0.03433513641357422,7680,3.9210734367370605,,,,,,,,,,
121,0.15855468809604645,0.15855468809604645,RL-sBOED,0.03825688362121582,7744,3.9232938289642334,,,,,,,,,,
122,0.15222656726837158,0.15222656726837158,RL-sBOED,0.03432607650756836,7808,3.922553062438965,,,,,,,,,,
123,0.1596093773841858,0.1596093773841858,RL-sBOED,0.03427720069885254,7872,3.9231085777282715,,,,,,,,,,
124,0.15222656726837158,0.15222656726837158,RL-sBOED,0.034287452697753906,7936,3.9244887828826904,,,,,,,,,,
125,0.15222656726837158,0.15222656726837158,RL-sBOED,0.035978078842163086,8000,3.9234561920166016,0.14308593749999998,0.064609375,3,0.091315261764256,0.0234375,0.0625,0,0.0017578125000000003,1000.189609375,0
126,0.16593751311302185,0.16593751311302185,RL-sBOED,0.03657841682434082,8064,3.9211907386779785,,,,,,,,,,
127,0.1560937464237213,0.1560937464237213,RL-sBOED,0.03426861763000488,8128,3.9177355766296387,,,,,,,,,,
128,0.15574219822883606,0.15574219822883606,RL-sBOED,0.034302473068237305,8192,3.911144971847534,,,,,,,,,,
129,0.15398438274860382,0.15398438274860382,RL-sBOED,0.03425431251525879,8256,3.9053750038146973,,,,,,,,,,
130,0.14449217915534973,0.14449217915534973,RL-sBOED,0.0343470573425293,8320,3.8944168090820312,,,,,,,,,,
131,0.1574999988079071,0.1574999988079071,RL-sBOED,0.034566402435302734,8384,3.880915403366089,,,,,,,,,,
132,0.15855468809604645,0.15855468809604645,RL-sBOED,0.03426384925842285,8448,3.8738467693328857,,,,,,,,,,
133,0.14378906786441803,0.14378906786441803,RL-sBOED,0.035390377044677734,8512,3.868356466293335,,,,,,,,,,
134,0.16066406667232513,0.16066406667232513,RL-sBOED,0.03653526306152344,8576,3.866452693939209,,,,,,,,,,
135,0.14554688334465027,0.14554688334465027,RL-sBOED,0.0346684455871582,8640,3.8589465618133545,,,,,,,,,,
136,0.15363281965255737,0.15363281965255737,RL-sBOED,0.03429007530212402,8704,3.849982738494873,,,,,,,,,,
137,0.1515234410762787,0.1515234410762787,RL-sBOED,0.035451412200927734,8768,3.848304271697998,,,,,,,,,,
138,0.15187500417232513,0.15187500417232513,RL-sBOED,0.036408185958862305,8832,3.8493306636810303,,,,,,,,,,
139,0.15363280475139618,0.15363280475139618,RL-sBOED,0.03418231010437012,8896,3.853213310241699,,,,,,,,,,
140,0.16207031905651093,0.16207031905651093,RL-sBOED,0.03427577018737793,8960,3.8573684692382812,,,,,,,,,,
141,0.1589062511920929,0.1589062511920929,RL-sBOED,0.03448319435119629,9024,3.858870029449463,,,,,,,,,,
142,0.1574999988079071,0.1574999988079071,RL-sBOED,0.035843849182128906,9088,3.858762741088867,,,,,,,,,,
143,0.16593751311302185,0.16593751311302185,RL-sBOED,0.03646135330200195,9152,3.860950469970703,,,,,,,,,,
144,0.1648828238248825,0.1648828238248825,RL-sBOED,0.03426623344421387,9216,3.858339309692383,,,,,,,,,,
145,0.15222656726837158,0.15222656726837158,RL-sBOED,0.03446698188781738,9280,3.8540987968444824,,,,,,,,,,
146,0.16382813453674316,0.16382813453674316,RL-sBOED,0.03428292274475098,9344,3.856452703475952,,,,,,,,,,
147,0.15187500417232513,0.15187500417232513,RL-sBOED,0.03587174415588379,9408,3.849039077758789,,,,,,,,,,
148,0.16277343034744263,0.16277343034744263,RL-sBOED,0.03651285171508789,9472,3.85585880279541,,,,,,,,,,
149,0.14625000953674316,0.14625000953674316,RL-sBOED,0.03490948677062988,9536,3.8614144325256348,,,,,,,,,,
150,0.15714845061302185,0.15714845061302185,RL-sBOED,0.03532099723815918,9600,3.8644251823425293,0.14958984375,0.13947265625,15,1.675846165397238,0.1171875,0.1484375,0,0.007734375000000002,1001.12384765625,0
151,0.14765626192092896,0.14765626192092896,RL-sBOED,0.036565303802490234,9664,3.8689818382263184,,,,,,,,,,
152,0.16066406667232513,0.16066406667232513,RL-sBOED,0.03439164161682129,9728,3.8769586086273193,,,,,,,,,,
153,0.16136717796325684,0.16136717796325684,RL-sBOED,0.03429770469665527,9792,3.8813018798828125,,,,,,,,,,
154,0.1676953136920929,0.1676953136920929,RL-sBOED,0.035515546798706055,9856,3.884686231613159,,,,,,,,,,
155,0.15257813036441803,0.15257813036441803,RL-sBOED,0.036469459533691406,9920,3.88897967338562,,,,,,,,,,
156,0.13816405832767487,0.13816405832767487,RL-sBOED,0.03438973426818848,9984,3.8957977294921875,,,,,,,,,,
157,0.15187501907348633,0.15187501907348633,RL-sBOED,0.034261465072631836,10048,3.903745651245117,,,,,,,,,,
158,0.15187501907348633,0.15187501907348633,RL-sBOED,0.03423881530761719,10112,3.904951810836792,,,,,,,,,,
159,0.1567968875169754,0.1567968875169754,RL-sBOED,0.03445601463317871,10176,3.906079053878784,,,,,,,,,,
160,0.1574999988079071,0.1574999988079071,RL-sBOED,0.03419351577758789,10240,3.90138578414917,,,,,,,,,,
161,0.15187498927116394,0.15187498927116394,RL-sBOED,0.03426480293273926,10304,3.8992176055908203,,,,,,,,,,
162,0.15046875178813934,0.15046875178813934,RL-sBOED,0.034345388412475586,10368,3.896188497543335,,,,,,,,,,
163,0.1501171886920929,0.1501171886920929,RL-sBOED,0.034255027770996094,10432,3.8905189037323,,,,,,,,,,
164,0.158203125,0.158203125,RL-sBOED,0.03435468673706055,10496,3.88631534576416,,,,,,,,,,
165,0.1560937464237213,0.1560937464237213,RL-sBOED,0.03613018989562988,10560,3.8792901039123535,,,,,,,,,,
166,0.16734375059604645,0.16734375059604645,RL-sBOED,0.036511898040771484,10624,3.874518394470215,,,,,,,,,,
167,0.158203125,0.158203125,RL-sBOED,0.03463482856750488,10688,3.8761134147644043,,,,,,,,,,
168,0.1515234410762787,0.1515234410762787,RL-sBOED,0.03560519218444824,10752,3.8829925060272217,,,,,,,,,,
169,0.1574999988079071,0.1574999988079071,RL-sBOED,0.036435604095458984,10816,3.8874974250793457,,,,,,,,,,
170,0.15855470299720764,0.15855470299720764,RL-sBOED,0.034250497817993164,10880,3.887284755706787,,,,,,,,,,
171,0.1560937464237213,0.1560937464237213,RL-sBOED,0.034357309341430664,10944,3.89007568359375,,,,,,,,,,
172,0.1560937464237213,0.1560937464237213,RL-sBOED,0.03451728820800781,11008,3.8908650875091553,,,,,,,,,,
173,0.158203125,0.158203125,RL-sBOED,0.03525042533874512,11072,3.8909080028533936,,,,,,,,,,
174,0.158203125,0.158203125,RL-sBOED,0.03642892837524414,11136,3.890860080718994,,,,,,,,,,
175,0.15257811546325684,0.15257811546325684,RL-sBOED,0.034297943115234375,11200,3.890267848968506,0.149765625,0.17109375000000002,14,2.0679478069223105,0.109375,0.234375,0,0.010019531250000002,1002.01484375,0
176,0.1515234410762787,0.1515234410762787,RL-sBOED,0.03555130958557129,11264,3.8931498527526855,,,,,,,,,,
177,0.15328124165534973,0.15328124165534973,RL-sBOED,0.0365300178527832,11328,3.895740032196045,,,,,,,,,,
178,0.15117189288139343,0.15117189288139343,RL-sBOED,0.03430294990539551,11392,3.893922805786133,,,,,,,,,,
179,0.14835937321186066,0.14835937321186066,RL-sBOED,0.034572601318359375,11456,3.8987693786621094,,,,,,,,,,
180,0.1480078101158142,0.1480078101158142,RL-sBOED,0.034372568130493164,11520,3.9080333709716797,,,,,,,,,,
181,0.14765624701976776,0.14765624701976776,RL-sBOED,0.03454256057739258,11584,3.9135537147521973,,,,,,,,,,
182,0.15539062023162842,0.15539062023162842,RL-sBOED,0.03425145149230957,11648,3.9169957637786865,,,,,,,,,,
183,0.1589062511920929,0.1589062511920929,RL-sBOED,0.03432154655456543,11712,3.9182097911834717,,,,,,,,,,
184,0.1574999988079071,0.1574999988079071,RL-sBOED,0.03417849540710449,11776,3.9198806285858154,,,,,,,,,,
185,0.14835938811302185,0.14835938811302185,RL-sBOED,0.034331321716308594,11840,3.9249589443206787,,,,,,,,,,
186,0.15714843571186066,0.15714843571186066,RL-sBOED,0.034252166748046875,11904,3.9285342693328857,,,,,,,,,,
187,0.1596093773841858,0.1596093773841858,RL-sBOED,0.03610062599182129,11968,3.929913282394409,,,,,,,,,,
188,0.15996095538139343,0.15996095538139343,RL-sBOED,0.03650403022766113,12032,3.9298954010009766,,,,,,,,,,
189,0.15117187798023224,0.15117187798023224,RL-sBOED,0.03430438041687012,12096,3.9287478923797607,,,,,,,,,,
190,0.16453126072883606,0.16453126072883606,RL-sBOED,0.03438997268676758,12160,3.9280738830566406,,,,,,,,,,
191,0.14835938811302185,0.14835938811302185,RL-sBOED,0.034349918365478516,12224,3.9272594451904297,,,,,,,,,,
192,0.15714843571186066,0.15714843571186066,RL-sBOED,0.034323930740356445,12288,3.9218807220458984,,,,,,,,,,
193,0.16242188215255737,0.16242188215255737,RL-sBOED,0.034337759017944336,12352,3.91534423828125,,,,,,,,,,
194,0.14906251430511475,0.14906251430511475,RL-sBOED,0.03443312644958496,12416,3.910188674926758,,,,,,,,,,
195,0.1574999988079071,0.1574999988079071,RL-sBOED,0.034349918365478516,12480,3.9060568809509277,,,,,,,,,,
196,0.1501171886920929,0.1501171886920929,RL-sBOED,0.03485822677612305,12544,3.9034762382507324,,,,,,,,,,
197,0.16347657144069672,0.16347657144069672,RL-sBOED,0.03538036346435547,12608,3.9026618003845215,,,,,,,,,,
198,0.15574219822883606,0.15574219822883606,RL-sBOED,0.036415815353393555,12672,3.897426128387451,,,,,,,,,,
199,0.15433594584465027,0.15433594584465027,RL-sBOED,0.034371137619018555,12736,3.8813624382019043,,,,,,,,,,
200,0.16277344524860382,0.16277344524860382,RL-sBOED,0.03601980209350586,12800,3.86258864402771,0.15222656250000002,0.117109375,1,-0.0,0.0078125,0.109375,0,0.005625,1000.710859375,0
201,0.16242188215255737,0.16242188215255737,RL-sBOED,0.03662371635437012,12864,3.8525943756103516,,,,,,,,,,
202,0.15468750894069672,0.15468750894069672,RL-sBOED,0.03434562683105469,12928,3.848449230194092,,,,,,,,,,
203,0.1567968726158142,0.1567968726158142,RL-sBOED,0.03466033935546875,12992,3.8355960845947266,,,,,,,,,,
204,0.1501171886920929,0.1501171886920929,RL-sBOED,0.03436136245727539,13056,3.8142478466033936,,,,,,,,,,
205,0.15257813036441803,0.15257813036441803,RL-sBOED,0.03549695014953613,13120,3.794914722442627,,,,,,,,,,
206,0.15433593094348907,0.15433593094348907,RL-sBOED,0.036475181579589844,13184,3.7757458686828613,,,,,,,,,,
207,0.16277343034744263,0.16277343034744263,RL-sBOED,0.034488677978515625,13248,3.7441442012786865,,,,,,,,,,
208,0.14976564049720764,0.14976564049720764,RL-sBOED,0.0346217155456543,13312,3.7379298210144043,,,,,,,,,,
209,0.158203125,0.158203125,RL-sBOED,0.03437924385070801,13376,3.7428665161132812,,,,,,,,,,
210,0.1501171886920929,0.1501171886920929,RL-sBOED,0.03454017639160156,13440,3.765880584716797,,,,,,,,,,
211,0.1494140625,0.1494140625,RL-sBOED,0.036267995834350586,13504,3.7835967540740967,,,,,,,,,,
212,0.14906251430511475,0.14906251430511475,RL-sBOED,0.036529541015625,13568,3.7972893714904785,,,,,,,,,,
213,0.1596093773841858,0.1596093773841858,RL-sBOED,0.034325599670410156,13632,3.8175597190856934,,,,,,,,,,
214,0.15257811546325684,0.15257811546325684,RL-sBOED,0.0342411994934082,13696,3.8360695838928223,,,,,,,,,,
215,0.15398438274860382,0.15398438274860382,RL-sBOED,0.036475419998168945,13760,3.844287872314453,,,,,,,,,,
216,0.16207031905651093,0.16207031905651093,RL-sBOED,0.03650546073913574,13824,3.85163950920105,,,,,,,,,,
217,0.16523437201976776,0.16523437201976776,RL-sBOED,0.03460955619812012,13888,3.8599822521209717,,,,,,,,,,
218,0.14589843153953552,0.14589843153953552,RL-sBOED,0.03431057929992676,13952,3.8671674728393555,,,,,,,,,,
219,0.15644532442092896,0.15644532442092896,RL-sBOED,0.03422975540161133,14016,3.8775861263275146,,,,,,,,,,
220,0.16136719286441803,0.16136719286441803,RL-sBOED,0.035367488861083984,14080,3.889437675476074,,,,,,,,,,
221,0.1487109512090683,0.1487109512090683,RL-sBOED,0.03648996353149414,14144,3.897608518600464,,,,,,,,,,
222,0.16453126072883606,0.16453126072883606,RL-sBOED,0.03436541557312012,14208,3.902256727218628,,,,,,,,,,
223,0.14835937321186066,0.14835937321186066,RL-sBOED,0.034281253814697266,14272,3.903956174850464,,,,,,,,,,
224,0.15468750894069672,0.15468750894069672,RL-sBOED,0.03591179847717285,14336,3.9034841060638428,,,,,,,,,,
225,0.14835938811302185,0.14835938811302185,RL-sBOED,0.036539554595947266,14400,3.902596950531006,0.15328125000000004,0.0986328125,2,0.6911927820032008,0.015625,0.0546875,0,0.00421875,1000.1455078125,0
226,0.15328125655651093,0.15328125655651093,RL-sBOED,0.03445911407470703,14464,3.899543285369873,,,,,,,,,,
227,0.1560937464237213,0.1560937464237213,RL-sBOED,0.03448915481567383,14528,3.8954291343688965,,,,,,,,,,
228,0.15292969346046448,0.15292969346046448,RL-sBOED,0.03793454170227051,14592,3.8912131786346436,,,,,,,,,,
229,0.158203125,0.158203125,RL-sBOED,0.03434944152832031,14656,3.887725353240967,,,,,,,,,,
230,0.15539062023162842,0.15539062023162842,RL-sBOED,0.03466320037841797,14720,3.8862922191619873,,,,,,,,,,
231,0.1420312523841858,0.1420312523841858,RL-sBOED,0.037975311279296875,14784,3.8797988891601562,,,,,,,,,,
232,0.14906249940395355,0.14906249940395355,RL-sBOED,0.034595489501953125,14848,3.875563621520996,,,,,,,,,,
233,0.1560937464237213,0.1560937464237213,RL-sBOED,0.03426647186279297,14912,3.874030590057373,,,,,,,,,,
234,0.14589843153953552,0.14589843153953552,RL-sBOED,0.03774595260620117,14976,3.8681063652038574,,,,,,,,,,
235,0.1480078101158142,0.1480078101158142,RL-sBOED,0.03431296348571777,15040,3.859302520751953,,,,,,,,,,
236,0.1574999988079071,0.1574999988079071,RL-sBOED,0.0344080924987793,15104,3.8524246215820312,,,,,,,,,,
237,0.15292969346046448,0.15292969346046448,RL-sBOED,0.03438520431518555,15168,3.851170539855957,,,,,,,,,,
238,0.15328124165534973,0.15328124165534973,RL-sBOED,0.03461337089538574,15232,3.852447032928467,,,,,,,,,,
239,0.15117187798023224,0.15117187798023224,RL-sBOED,0.03457188606262207,15296,3.85483455657959,,,,,,,,,,
240,0.16066405177116394,0.16066405177116394,RL-sBOED,0.03434586524963379,15360,3.8574047088623047,,,,,,,,,,
241,0.15714843571186066,0.15714843571186066,RL-sBOED,0.034357309341430664,15424,3.860828161239624,,,,,,,,,,
242,0.1589062511920929,0.1589062511920929,RL-sBOED,0.03450608253479004,15488,3.8683409690856934,,,,,,,,,,
243,0.15855468809604645,0.15855468809604645,RL-sBOED,0.034667253494262695,15552,3.875704526901245,,,,,,,,,,
244,0.15257813036441803,0.15257813036441803,RL-sBOED,0.038344621658325195,15616,3.881394863128662,,,,,,,,,,
245,0.16312499344348907,0.16312499344348907,RL-sBOED,0.03422284126281738,15680,3.8872830867767334,,,,,,,,,,
246,0.15503907203674316,0.15503907203674316,RL-sBOED,0.03421354293823242,15744,3.894801139831543,,,,,,,,,,
247,0.15046876668930054,0.15046876668930054,RL-sBOED,0.03426551818847656,15808,3.904144287109375,,,,,,,,,,
248,0.1487109363079071,0.1487109363079071,RL-sBOED,0.03462362289428711,15872,3.9105873107910156,,,,,,,,,,
249,0.15257813036441803,0.15257813036441803,RL-sBOED,0.03800535202026367,15936,3.9145336151123047,,,,,,,,,,
250,0.1603125035762787,0.1603125035762787,RL-sBOED,0.034689903259277344,16000,3.9156291484832764,0.14677734375,0.13744140625,5,0.8911534275781915,0.0390625,0.15625,0,0.007734375000000002,1001.19994140625,0
251,0.1515234410762787,0.1515234410762787,RL-sBOED,0.036452293395996094,16064,3.9125418663024902,,,,,,,,,,
252,0.15574219822883606,0.15574219822883606,RL-sBOED,0.03433823585510254,16128,3.907637357711792,,,,,,,,,,
253,0.15644530951976776,0.15644530951976776,RL-sBOED,0.03425788879394531,16192,3.9001357555389404,,,,,,,,,,
254,0.16242188215255737,0.16242188215255737,RL-sBOED,0.03427720069885254,16256,3.8900370597839355,,,,,,,,,,
255,0.14097656309604645,0.14097656309604645,RL-sBOED,0.03441596031188965,16320,3.8811182975769043,,,,,,,,,,
256,0.15433594584465027,0.15433594584465027,RL-sBOED,0.03435802459716797,16384,3.876316785812378,,,,,,,,,,
257,0.1676953136920929,0.1676953136920929,RL-sBOED,0.03427290916442871,16448,3.8679213523864746,,,,,,,,,,
258,0.1603125035762787,0.1603125035762787,RL-sBOED,0.035831451416015625,16512,3.8517072200775146,,,,,,,,,,
259,0.1589062511920929,0.1589062511920929,RL-sBOED,0.03783106803894043,16576,3.83722186088562,,,,,,,,,,
260,0.158203125,0.158203125,RL-sBOED,0.034653425216674805,16640,3.831186056137085,,,,,,,,,,
261,0.15714845061302185,0.15714845061302185,RL-sBOED,0.0380556583404541,16704,3.8357961177825928,,,,,,,,,,
262,0.1596093773841858,0.1596093773841858,RL-sBOED,0.03431105613708496,16768,3.831627607345581,,,,,,,,,,
263,0.14695313572883606,0.14695313572883606,RL-sBOED,0.03457164764404297,16832,3.8258934020996094,,,,,,,,,,
264,0.14695313572883606,0.14695313572883606,RL-sBOED,0.03772449493408203,16896,3.832186698913574,,,,,,,,,,
265,0.15714843571186066,0.15714843571186066,RL-sBOED,0.034589290618896484,16960,3.835116147994995,,,,,,,,,,
266,0.15117187798023224,0.15117187798023224,RL-sBOED,0.038025617599487305,17024,3.830312728881836,,,,,,,,,,
267,0.15328125655651093,0.15328125655651093,RL-sBOED,0.03435039520263672,17088,3.8171634674072266,,,,,,,,,,
268,0.15855468809604645,0.15855468809604645,RL-sBOED,0.03490400314331055,17152,3.817680835723877,,,,,,,,,,
269,0.15714843571186066,0.15714843571186066,RL-sBOED,0.03801536560058594,17216,3.837578773498535,,,,,,,,,,
270,0.14343750476837158,0.14343750476837158,RL-sBOED,0.03431415557861328,17280,3.855184555053711,,,,,,,,,,
271,0.15363281965255737,0.15363281965255737,RL-sBOED,0.03441309928894043,17344,3.8593740463256836,,,,,,,,,,
272,0.1501171886920929,0.1501171886920929,RL-sBOED,0.034674644470214844,17408,3.8554816246032715,,,,,,,,,,
273,0.15644532442092896,0.15644532442092896,RL-sBOED,0.03780031204223633,17472,3.8527464866638184,,,,,,,,,,
274,0.1515234410762787,0.1515234410762787,RL-sBOED,0.03459811210632324,17536,3.855386734008789,,,,,,,,,,
275,0.1501171886920929,0.1501171886920929,RL-sBOED,0.03804969787597656,17600,3.863964796066284,0.149765625,0.155078125,2,0.5253213195155949,0.015625,0.1796875,0,0.00896484375,1001.451953125,0
276,0.13675782084465027,0.13675782084465027,RL-sBOED,0.03475165367126465,17664,3.8713507652282715,,,,,,,,,,
277,0.16347657144069672,0.16347657144069672,RL-sBOED,0.038002967834472656,17728,3.877295970916748,,,,,,,,,,
278,0.16242188215255737,0.16242188215255737,RL-sBOED,0.03455924987792969,17792,3.880876302719116,,,,,,,,,,
279,0.15363281965255737,0.15363281965255737,RL-sBOED,0.037929534912109375,17856,3.8868532180786133,,,,,,,,,,
280,0.14625000953674316,0.14625000953674316,RL-sBOED,0.034398794174194336,17920,3.891859769821167,,,,,,,,,,
281,0.15257813036441803,0.15257813036441803,RL-sBOED,0.03454327583312988,17984,3.8978781700134277,,,,,,,,,,
282,0.15503905713558197,0.15503905713558197,RL-sBOED,0.03801918029785156,18048,3.8998782634735107,,,,,,,,,,
283,0.15468749403953552,0.15468749403953552,RL-sBOED,0.0343930721282959,18112,3.898418426513672,,,,,,,,,,
284,0.15398436784744263,0.15398436784744263,RL-sBOED,0.0343327522277832,18176,3.898861885070801,,,,,,,,,,
285,0.16207033395767212,0.16207033395767212,RL-sBOED,0.03457021713256836,18240,3.9001834392547607,,,,,,,,,,
286,0.15433594584465027,0.15433594584465027,RL-sBOED,0.037870168685913086,18304,3.899984836578369,,,,,,,,,,
287,0.15574218332767487,0.15574218332767487,RL-sBOED,0.03441452980041504,18368,3.8988943099975586,,,,,,,,,,
288,0.15117187798023224,0.15117187798023224,RL-sBOED,0.034380435943603516,18432,3.900763511657715,,,,,,,,,,
289,0.14554688334465027,0.14554688334465027,RL-sBOED,0.03431534767150879,18496,3.9027156829833984,,,,,,,,,,
290,0.1494140625,0.1494140625,RL-sBOED,0.034302473068237305,18560,3.9045462608337402,,,,,,,,,,
291,0.15785156190395355,0.15785156190395355,RL-sBOED,0.03445029258728027,18624,3.9065892696380615,,,,,,,,,,
292,0.14027343690395355,0.14027343690395355,RL-sBOED,0.0342707633972168,18688,3.908376693725586,,,,,,,,,,
293,0.1501171886920929,0.1501171886920929,RL-sBOED,0.03434896469116211,18752,3.9121456146240234,,,,,,,,,,
294,0.1596093773841858,0.1596093773841858,RL-sBOED,0.03437972068786621,18816,3.913154125213623,,,,,,,,,,
295,0.14167968928813934,0.14167968928813934,RL-sBOED,0.03431224822998047,18880,3.9137091636657715,,,,,,,,,,
296,0.1589062511920929,0.1589062511920929,RL-sBOED,0.034323930740356445,18944,3.9172399044036865,,,,,,,,,,
297,0.14167968928813934,0.14167968928813934,RL-sBOED,0.034409523010253906,19008,3.9189071655273438,,,,,,,,,,
298,0.1508203148841858,0.1508203148841858,RL-sBOED,0.03433799743652344,19072,3.9204049110412598,,,,,,,,,,
299,0.15574219822883606,0.15574219822883606,RL-sBOED,0.0346379280090332,19136,3.920456886291504,,,,,,,,,,
300,0.15117187798023224,0.15117187798023224,RL-sBOED,0.037902116775512695,19200,3.917949676513672,0.14537109375,0.17216796875,4,0.6920833311156837,0.03125,0.21875,0,0.01072265625,1001.85966796875,0
301,0.14695312082767487,0.14695312082767487,RL-sBOED,0.03451704978942871,19264,3.917279005050659,,,,,,,,,,
302,0.15644530951976776,0.15644530951976776,RL-sBOED,0.03440403938293457,19328,3.9186694622039795,,,,,,,,,,
303,0.15398436784744263,0.15398436784744263,RL-sBOED,0.034571170806884766,19392,3.920701503753662,,,,,,,,,,
304,0.1567968726158142,0.1567968726158142,RL-sBOED,0.036069631576538086,19456,3.919917583465576,,,,,,,,,,
305,0.1487109363079071,0.1487109363079071,RL-sBOED,0.03649187088012695,19520,3.919285535812378,,,,,,,,,,
306,0.15398436784744263,0.15398436784744263,RL-sBOED,0.036295413970947266,19584,3.919039726257324,,,,,,,,,,
307,0.14167970418930054,0.14167970418930054,RL-sBOED,0.03659820556640625,19648,3.9195010662078857,,,,,,,,,,
308,0.16242188215255737,0.16242188215255737,RL-sBOED,0.03421425819396973,19712,3.9196155071258545,,,,,,,,,,
309,0.1596093773841858,0.1596093773841858,RL-sBOED,0.03433704376220703,19776,3.91926908493042,,,,,,,,,,
310,0.15925782918930054,0.15925782918930054,RL-sBOED,0.034453392028808594,19840,3.9209649562835693,,,,,,,,,,
311,0.1508203148841858,0.1508203148841858,RL-sBOED,0.034694671630859375,19904,3.92191481590271,,,,,,,,,,
312,0.158203125,0.158203125,RL-sBOED,0.03805708885192871,19968,3.9211158752441406,,,,,,,,,,
313,0.16242188215255737,0.16242188215255737,RL-sBOED,0.034308671951293945,20032,3.9221091270446777,,,,,,,,,,
314,0.15433594584465027,0.15433594584465027,RL-sBOED,0.036299705505371094,20096,3.9262518882751465,,,,,,,,,,
315,0.15222656726837158,0.15222656726837158,RL-sBOED,0.036563873291015625,20160,3.9267539978027344,,,,,,,,,,
316,0.14554688334465027,0.14554688334465027,RL-sBOED,0.03424263000488281,20224,3.925078868865967,,,,,,,,,,
317,0.16207030415534973,0.16207030415534973,RL-sBOED,0.03440976142883301,20288,3.924978733062744,,,,,,,,,,
318,0.1501171886920929,0.1501171886920929,RL-sBOED,0.034224510192871094,20352,3.9242029190063477,,,,,,,,,,
319,0.15503907203674316,0.15503907203674316,RL-sBOED,0.034265756607055664,20416,3.9244725704193115,,,,,,,,,,
320,0.1420312523841858,0.1420312523841858,RL-sBOED,0.03430533409118652,20480,3.9274203777313232,,,,,,,,,,
321,0.14695313572883606,0.14695313572883606,RL-sBOED,0.0342867374420166,20544,3.9307563304901123,,,,,,,,,,
322,0.140625,0.140625,RL-sBOED,0.03459739685058594,20608,3.932342529296875,,,,,,,,,,
323,0.16734375059604645,0.16734375059604645,RL-sBOED,0.037964820861816406,20672,3.9354653358459473,,,,,,,,,,
324,0.1589062511920929,0.1589062511920929,RL-sBOED,0.03436422348022461,20736,3.9363059997558594,,,,,,,,,,
325,0.15363281965255737,0.15363281965255737,RL-sBOED,0.03439593315124512,20800,3.9346747398376465,0.15134765625000002,0.13927734374999998,6,1.0439255643604295,0.046875,0.1640625,0,0.0073828125,1001.27990234375,0
326,0.1480078101158142,0.1480078101158142,RL-sBOED,0.034604787826538086,20864,3.931561231613159,,,,,,,,,,
327,0.14238280057907104,0.14238280057907104,RL-sBOED,0.034369468688964844,20928,3.9278905391693115,,,,,,,,,,
328,0.14625000953674316,0.14625000953674316,RL-sBOED,0.035692691802978516,20992,3.9251036643981934,,,,,,,,,,
329,0.1574999988079071,0.1574999988079071,RL-sBOED,0.03653311729431152,21056,3.923654556274414,,,,,,,,,,
330,0.1567968726158142,0.1567968726158142,RL-sBOED,0.03423166275024414,21120,3.919588804244995,,,,,,,,,,
331,0.15996094048023224,0.15996094048023224,RL-sBOED,0.034360647201538086,21184,3.9158132076263428,,,,,,,,,,
332,0.1501171886920929,0.1501171886920929,RL-sBOED,0.03449606895446777,21248,3.913067579269409,,,,,,,,,,
333,0.15363281965255737,0.15363281965255737,RL-sBOED,0.03597903251647949,21312,3.9115331172943115,,,,,,,,,,
334,0.14835937321186066,0.14835937321186066,RL-sBOED,0.03642106056213379,21376,3.910071849822998,,,,,,,,,,
335,0.14976564049720764,0.14976564049720764,RL-sBOED,0.03433656692504883,21440,3.9064643383026123,,,,,,,,,,
336,0.15257813036441803,0.15257813036441803,RL-sBOED,0.034366607666015625,21504,3.902329206466675,,,,,,,,,,
337,0.16523437201976776,0.16523437201976776,RL-sBOED,0.03428292274475098,21568,3.8988990783691406,,,,,,,,,,
338,0.15433594584465027,0.15433594584465027,RL-sBOED,0.0343630313873291,21632,3.896697998046875,,,,,,,,,,
339,0.1480078101158142,0.1480078101158142,RL-sBOED,0.034761905670166016,21696,3.8990180492401123,,,,,,,,,,
340,0.14097656309604645,0.14097656309604645,RL-sBOED,0.03437042236328125,21760,3.902484893798828,,,,,,,,,,
341,0.15187501907348633,0.15187501907348633,RL-sBOED,0.03585338592529297,21824,3.9084091186523438,,,,,,,,,,
342,0.15117187798023224,0.15117187798023224,RL-sBOED,0.03652167320251465,21888,3.9135122299194336,,,,,,,,,,
343,0.1494140625,0.1494140625,RL-sBOED,0.03424811363220215,21952,3.9218554496765137,,,,,,,,,,
344,0.15117187798023224,0.15117187798023224,RL-sBOED,0.03423023223876953,22016,3.9289920330047607,,,,,,,,,,
345,0.1567968726158142,0.1567968726158142,RL-sBOED,0.03435707092285156,22080,3.932565450668335,,,,,,,,,,
346,0.15996094048023224,0.15996094048023224,RL-sBOED,0.03453540802001953,22144,3.935943603515625,,,,,,,,,,
347,0.14976564049720764,0.14976564049720764,RL-sBOED,0.0343327522277832,22208,3.9371039867401123,,,,,,,,,,
348,0.15328124165534973,0.15328124165534973,RL-sBOED,0.03567862510681152,22272,3.9379544258117676,,,,,,,,,,
349,0.16312499344348907,0.16312499344348907,RL-sBOED,0.03645205497741699,22336,3.938267469406128,,,,,,,,,,
350,0.15539062023162842,0.15539062023162842,RL-sBOED,0.03429770469665527,22400,3.9396331310272217,0.15046875,0.1602734375,5,1.3188811592259253,0.0390625,0.171875,0,0.0094921875,1001.3790234375,0
351,0.1515234410762787,0.1515234410762787,RL-sBOED,0.03453874588012695,22464,3.940462112426758,,,,,,,,,,
352,0.1574999988079071,0.1574999988079071,RL-sBOED,0.03430032730102539,22528,3.939465284347534,,,,,,,,,,
353,0.15503907203674316,0.15503907203674316,RL-sBOED,0.03600335121154785,22592,3.936471462249756,,,,,,,,,,
354,0.15433594584465027,0.15433594584465027,RL-sBOED,0.03644919395446777,22656,3.935969352722168,,,,,,,,,,
355,0.14695312082767487,0.14695312082767487,RL-sBOED,0.03452467918395996,22720,3.9360857009887695,,,,,,,,,,
356,0.1560937464237213,0.1560937464237213,RL-sBOED,0.0354001522064209,22784,3.9378507137298584,,,,,,,,,,
357,0.1515234410762787,0.1515234410762787,RL-sBOED,0.036640167236328125,22848,3.9389548301696777,,,,,,,,,,
358,0.1603125035762787,0.1603125035762787,RL-sBOED,0.03456473350524902,22912,3.941716194152832,,,,,,,,,,
359,0.16171875596046448,0.16171875596046448,RL-sBOED,0.038004398345947266,22976,3.9424266815185547,,,,,,,,,,
360,0.1596093773841858,0.1596093773841858,RL-sBOED,0.034537553787231445,23040,3.9424586296081543,,,,,,,,,,
361,0.15574219822883606,0.15574219822883606,RL-sBOED,0.0380406379699707,23104,3.940748929977417,,,,,,,,,,
362,0.16277344524860382,0.16277344524860382,RL-sBOED,0.03430294990539551,23168,3.9401073455810547,,,,,,,,,,
363,0.15539062023162842,0.15539062023162842,RL-sBOED,0.03458809852600098,23232,3.938992977142334,,,,,,,,,,
364,0.16382813453674316,0.16382813453674316,RL-sBOED,0.035895586013793945,23296,3.940298080444336,,,,,,,,,,
365,0.15363281965255737,0.15363281965255737,RL-sBOED,0.036493778228759766,23360,3.9417691230773926,,,,,,,,,,
366,0.16101562976837158,0.16101562976837158,RL-sBOED,0.03435254096984863,23424,3.943953037261963,,,,,,,,,,
367,0.15398436784744263,0.15398436784744263,RL-sBOED,0.03430676460266113,23488,3.945162773132324,,,,,,,,,,
368,0.15328124165534973,0.15328124165534973,RL-sBOED,0.03435802459716797,23552,3.944695234298706,,,,,,,,,,
369,0.15117189288139343,0.15117189288139343,RL-sBOED,0.03429746627807617,23616,3.9441490173339844,,,,,,,,,,
370,0.1494140625,0.1494140625,RL-sBOED,0.0342557430267334,23680,3.9448866844177246,,,,,,,,,,
371,0.15574219822883606,0.15574219822883606,RL-sBOED,0.03460407257080078,23744,3.944105625152588,,,,,,,,,,
372,0.15855467319488525,0.15855467319488525,RL-sBOED,0.034293174743652344,23808,3.941364049911499,,,,,,,,,,
373,0.1487109363079071,0.1487109363079071,RL-sBOED,0.03426098823547363,23872,3.938283920288086,,,,,,,,,,
374,0.15644530951976776,0.15644530951976776,RL-sBOED,0.035836219787597656,23936,3.9367024898529053,,,,,,,,,,
375,0.14835938811302185,0.14835938811302185,RL-sBOED,0.03653073310852051,24000,3.9349772930145264,0.14273437500000002,0.06777343749999999,6,1.1325015857156822,0.046875,0.0625,0,0.002109375,1000.1927734375,0
376,0.1487109363079071,0.1487109363079071,RL-sBOED,0.036096811294555664,24064,3.931793212890625,,,,,,,,,,
377,0.15433594584465027,0.15433594584465027,RL-sBOED,0.036499977111816406,24128,3.927107572555542,,,,,,,,,,
378,0.15503907203674316,0.15503907203674316,RL-sBOED,0.03426527976989746,24192,3.9231555461883545,,,,,,,,,,
379,0.15644530951976776,0.15644530951976776,RL-sBOED,0.03632855415344238,24256,3.9209132194519043,,,,,,,,,,
380,0.1508203148841858,0.1508203148841858,RL-sBOED,0.03640580177307129,24320,3.9234721660614014,,,,,,,,,,
381,0.1603125035762787,0.1603125035762787,RL-sBOED,0.03437638282775879,24384,3.928757429122925,,,,,,,,,,
382,0.14378906786441803,0.14378906786441803,RL-sBOED,0.034294843673706055,24448,3.93179988861084,,,,,,,,,,
383,0.15046876668930054,0.15046876668930054,RL-sBOED,0.03430485725402832,24512,3.934124708175659,,,,,,,,,,
384,0.16277344524860382,0.16277344524860382,RL-sBOED,0.03475379943847656,24576,3.9357662200927734,,,,,,,,,,
385,0.14835938811302185,0.14835938811302185,RL-sBOED,0.035399436950683594,24640,3.935488224029541,,,,,,,,,,
386,0.15187500417232513,0.15187500417232513,RL-sBOED,0.036576032638549805,24704,3.935992956161499,,,,,,,,,,
387,0.16277346014976501,0.16277346014976501,RL-sBOED,0.03560209274291992,24768,3.9360899925231934,,,,,,,,,,
388,0.16593749821186066,0.16593749821186066,RL-sBOED,0.036502838134765625,24832,3.9348580837249756,,,,,,,,,,
389,0.14976564049720764,0.14976564049720764,RL-sBOED,0.034310340881347656,24896,3.9361186027526855,,,,,,,,,,
390,0.14554688334465027,0.14554688334465027,RL-sBOED,0.03459811210632324,24960,3.938892364501953,,,,,,,,,,
391,0.15925782918930054,0.15925782918930054,RL-sBOED,0.03435564041137695,25024,3.940950393676758,,,,,,,,,,
392,0.15996094048023224,0.15996094048023224,RL-sBOED,0.034364938735961914,25088,3.942051649093628,,,,,,,,,,
393,0.1589062511920929,0.1589062511920929,RL-sBOED,0.03576803207397461,25152,3.942436695098877,,,,,,,,,,
394,0.16664063930511475,0.16664063930511475,RL-sBOED,0.03649401664733887,25216,3.942349433898926,,,,,,,,,,
395,0.15785156190395355,0.15785156190395355,RL-sBOED,0.034268856048583984,25280,3.9409613609313965,,,,,,,,,,
396,0.15433594584465027,0.15433594584465027,RL-sBOED,0.035854339599609375,25344,3.939703941345215,,,,,,,,,,
397,0.1676953136920929,0.1676953136920929,RL-sBOED,0.036478519439697266,25408,3.939241886138916,,,,,,,,,,
398,0.16523438692092896,0.16523438692092896,RL-sBOED,0.034303903579711914,25472,3.93765926361084,,,,,,,,,,
399,0.14906251430511475,0.14906251430511475,RL-sBOED,0.034410715103149414,25536,3.935204267501831,,,,,,,,,,
400,0.1487109363079071,0.1487109363079071,RL-sBOED,0.03442692756652832,25600,3.9315404891967773,0.1466015625,0.049375,4,1.0863342128151505,0.03125,0.015625,1,0.0003515625000000001,0.049375,0
401,0.15046875178813934,0.15046875178813934,RL-sBOED,0.04107499122619629,25664,3.928347110748291,,,,,,,,,,
402,0.14308594167232513,0.14308594167232513,RL-sBOED,0.034401655197143555,25728,3.9257874488830566,,,,,,,,,,
403,0.15046875178813934,0.15046875178813934,RL-sBOED,0.03466916084289551,25792,3.9217164516448975,,,,,,,,,,
404,0.15222656726837158,0.15222656726837158,RL-sBOED,0.03459024429321289,25856,3.9184978008270264,,,,,,,,,,
405,0.1589062511920929,0.1589062511920929,RL-sBOED,0.03448343276977539,25920,3.9164798259735107,,,,,,,,,,
406,0.1574999988079071,0.1574999988079071,RL-sBOED,0.03443598747253418,25984,3.909478187561035,,,,,,,,,,
407,0.16136717796325684,0.16136717796325684,RL-sBOED,0.035894155502319336,26048,3.9002833366394043,,,,,,,,,,
408,0.16382813453674316,0.16382813453674316,RL-sBOED,0.036520957946777344,26112,3.8977866172790527,,,,,,,,,,
409,0.16277343034744263,0.16277343034744263,RL-sBOED,0.03426933288574219,26176,3.8951120376586914,,,,,,,,,,
410,0.15398436784744263,0.15398436784744263,RL-sBOED,0.034234046936035156,26240,3.8915491104125977,,,,,,,,,,
411,0.14976562559604645,0.14976562559604645,RL-sBOED,0.03441143035888672,26304,3.8864638805389404,,,,,,,,,,
412,0.16277344524860382,0.16277344524860382,RL-sBOED,0.03441047668457031,26368,3.8792219161987305,,,,,,,,,,
413,0.15539062023162842,0.15539062023162842,RL-sBOED,0.03428506851196289,26432,3.8828418254852295,,,,,,,,,,
414,0.15468750894069672,0.15468750894069672,RL-sBOED,0.03467369079589844,26496,3.8844680786132812,,,,,,,,,,
415,0.15996094048023224,0.15996094048023224,RL-sBOED,0.035636186599731445,26560,3.8879566192626953,,,,,,,,,,
416,0.1501171886920929,0.1501171886920929,RL-sBOED,0.036643028259277344,26624,3.8935000896453857,,,,,,,,,,
417,0.1574999988079071,0.1574999988079071,RL-sBOED,0.034442901611328125,26688,3.9043779373168945,,,,,,,,,,
418,0.15222656726837158,0.15222656726837158,RL-sBOED,0.034398794174194336,26752,3.909430980682373,,,,,,,,,,
419,0.16347657144069672,0.16347657144069672,RL-sBOED,0.0348362922668457,26816,3.909696102142334,,,,,,,,,,
420,0.15328125655651093,0.15328125655651093,RL-sBOED,0.03574848175048828,26880,3.90895414352417,,,,,,,,,,
421,0.15468749403953552,0.15468749403953552,RL-sBOED,0.03690314292907715,26944,3.9104013442993164,,,,,,,,,,
422,0.15328125655651093,0.15328125655651093,RL-sBOED,0.034638404846191406,27008,3.9115054607391357,,,,,,,,,,
423,0.15503907203674316,0.15503907203674316,RL-sBOED,0.03435158729553223,27072,3.9061248302459717,,,,,,,,,,
424,0.15222656726837158,0.15222656726837158,RL-sBOED,0.03540468215942383,27136,3.896472930908203,,,,,,,,,,
425,0.16136719286441803,0.16136719286441803,RL-sBOED,0.03670477867126465,27200,3.887354850769043,0.1466015625,0.1163671875,6,1.1992765581633975,0.046875,0.140625,0,0.00580078125,1001.0226171875,0
426,0.1494140625,0.1494140625,RL-sBOED,0.03577089309692383,27264,3.879633665084839,,,,,,,,,,
427,0.15996094048023224,0.15996094048023224,RL-sBOED,0.03697323799133301,27328,3.8796463012695312,,,,,,,,,,
428,0.15328124165534973,0.15328124165534973,RL-sBOED,0.037322044372558594,27392,3.8777120113372803,,,,,,,,,,
429,0.15117189288139343,0.15117189288139343,RL-sBOED,0.034557342529296875,27456,3.878946304321289,,,,,,,,,,
430,0.14519530534744263,0.14519530534744263,RL-sBOED,0.05459952354431152,27520,3.8864283561706543,,,,,,,,,,
431,0.1501171886920929,0.1501171886920929,RL-sBOED,0.03705430030822754,27584,3.8997836112976074,,,,,,,,,,
432,0.15468749403953552,0.15468749403953552,RL-sBOED,0.03682255744934082,27648,3.909727096557617,,,,,,,,,,
433,0.14695312082767487,0.14695312082767487,RL-sBOED,0.04366779327392578,27712,3.915668487548828,,,,,,,,,,
434,0.1515234410762787,0.1515234410762787,RL-sBOED,0.0401458740234375,27776,3.9195525646209717,,,,,,,,,,
435,0.1567968726158142,0.1567968726158142,RL-sBOED,0.04084372520446777,27840,3.92508864402771,,,,,,,,,,
436,0.14660155773162842,0.14660155773162842,RL-sBOED,0.0364377498626709,27904,3.927220344543457,,,,,,,,,,
437,0.15117187798023224,0.15117187798023224,RL-sBOED,0.03603959083557129,27968,3.930849075317383,,,,,,,,,,
438,0.15714845061302185,0.15714845061302185,RL-sBOED,0.04030156135559082,28032,3.932476758956909,,,,,,,,,,
439,0.15539062023162842,0.15539062023162842,RL-sBOED,0.05095934867858887,28096,3.9331071376800537,,,,,,,,,,
440,0.15363281965255737,0.15363281965255737,RL-sBOED,0.045858144760131836,28160,3.9342355728149414,,,,,,,,,,
441,0.1553906351327896,0.1553906351327896,RL-sBOED,0.049040794372558594,28224,3.9355006217956543,,,,,,,,,,
442,0.1494140625,0.1494140625,RL-sBOED,0.03907942771911621,28288,3.9361274242401123,,,,,,,,,,
443,0.15996094048023224,0.15996094048023224,RL-sBOED,0.04197359085083008,28352,3.93710994720459,,,,,,,,,,
444,0.1487109363079071,0.1487109363079071,RL-sBOED,0.03599190711975098,28416,3.939767599105835,,,,,,,,,,
445,0.15046875178813934,0.15046875178813934,RL-sBOED,0.043243408203125,28480,3.9425055980682373,,,,,,,,,,
446,0.15117189288139343,0.15117189288139343,RL-sBOED,0.04805755615234375,28544,3.944230556488037,,,,,,,,,,
447,0.15292969346046448,0.15292969346046448,RL-sBOED,0.03643012046813965,28608,3.9467649459838867,,,,,,,,,,
448,0.14906251430511475,0.14906251430511475,RL-sBOED,0.05386233329772949,28672,3.9463400840759277,,,,,,,,,,
449,0.14660155773162842,0.14660155773162842,RL-sBOED,0.049158573150634766,28736,3.9483470916748047,,,,,,,,,,
450,0.14554688334465027,0.14554688334465027,RL-sBOED,0.03740048408508301,28800,3.9502968788146973,0.15345703125000001,0.16501953125,1,-0.0,0.0078125,0.171875,0,0.00966796875,1001.38376953125,0
451,0.15398438274860382,0.15398438274860382,RL-sBOED,0.037023067474365234,28864,3.952268123626709,,,,,,,,,,
452,0.1480078101158142,0.1480078101158142,RL-sBOED,0.03741931915283203,28928,3.954444646835327,,,,,,,,,,
453,0.1574999988079071,0.1574999988079071,RL-sBOED,0.03515625,28992,3.954413890838623,,,,,,,,,,
454,0.1508203148841858,0.1508203148841858,RL-sBOED,0.034856557846069336,29056,3.9532337188720703,,,,,,,,,,
455,0.15187500417232513,0.15187500417232513,RL-sBOED,0.03505063056945801,29120,3.951301336288452,,,,,,,,,,
456,0.15257813036441803,0.15257813036441803,RL-sBOED,0.0353999137878418,29184,3.9493958950042725,,,,,,,,,,
457,0.15996094048023224,0.15996094048023224,RL-sBOED,0.035318851470947266,29248,3.948366165161133,,,,,,,,,,
458,0.15328124165534973,0.15328124165534973,RL-sBOED,0.0361018180847168,29312,3.948671817779541,,,,,,,,,,
459,0.15539062023162842,0.15539062023162842,RL-sBOED,0.037439823150634766,29376,3.9486608505249023,,,,,,,,,,
460,0.14484375715255737,0.14484375715255737,RL-sBOED,0.035002946853637695,29440,3.9486422538757324,,,,,,,,,,
461,0.16242188215255737,0.16242188215255737,RL-sBOED,0.03538966178894043,29504,3.9483184814453125,,,,,,,,,,
462,0.15222656726837158,0.15222656726837158,RL-sBOED,0.036331892013549805,29568,3.9468753337860107,,,,,,,,,,
463,0.1574999988079071,0.1574999988079071,RL-sBOED,0.0368342399597168,29632,3.945939064025879,,,,,,,,,,
464,0.14589843153953552,0.14589843153953552,RL-sBOED,0.03762626647949219,29696,3.9454874992370605,,,,,,,,,,
465,0.15328124165534973,0.15328124165534973,RL-sBOED,0.035022735595703125,29760,3.944565534591675,,,,,,,,,,
466,0.15644532442092896,0.15644532442092896,RL-sBOED,0.03486204147338867,29824,3.943418502807617,,,,,,,,,,
467,0.16171875596046448,0.16171875596046448,RL-sBOED,0.03500843048095703,29888,3.943368673324585,,,,,,,,,,
468,0.1515234410762787,0.1515234410762787,RL-sBOED,0.03497815132141113,29952,3.943696975708008,,,,,,,,,,
469,0.1589062511920929,0.1589062511920929,RL-sBOED,0.03510546684265137,30016,3.9422223567962646,,,,,,,,,,
470,0.15925781428813934,0.15925781428813934,RL-sBOED,0.03506922721862793,30080,3.94099760055542,,,,,,,,,,
471,0.14695313572883606,0.14695313572883606,RL-sBOED,0.038838863372802734,30144,3.9407124519348145,,,,,,,,,,
472,0.16417968273162842,0.16417968273162842,RL-sBOED,0.03662610054016113,30208,3.9390952587127686,,,,,,,,,,
473,0.15714845061302185,0.15714845061302185,RL-sBOED,0.037650346755981445,30272,3.9385294914245605,,,,,,,,,,
474,0.1567968726158142,0.1567968726158142,RL-sBOED,0.03501176834106445,30336,3.9374196529388428,,,,,,,,,,
475,0.1603125035762787,0.1603125035762787,RL-sBOED,0.053336381912231445,30400,3.9380931854248047,0.15275390625000002,0.10826171874999999,2,0.6147838490351121,0.015625,0.0859375,0,0.004921875000000001,1000.46763671875,0
476,0.15925782918930054,0.15925782918930054,RL-sBOED,0.03500676155090332,30464,3.9396371841430664,,,,,,,,,,
477,0.15539062023162842,0.15539062023162842,RL-sBOED,0.034882307052612305,30528,3.940056562423706,,,,,,,,,,
478,0.1501171886920929,0.1501171886920929,RL-sBOED,0.03489065170288086,30592,3.9396283626556396,,,,,,,,,,
479,0.16136719286441803,0.16136719286441803,RL-sBOED,0.03622150421142578,30656,3.9388575553894043,,,,,,,,,,
480,0.15468749403953552,0.15468749403953552,RL-sBOED,0.03756308555603027,30720,3.9395012855529785,,,,,,,,,,
481,0.15925782918930054,0.15925782918930054,RL-sBOED,0.036733150482177734,30784,3.9416043758392334,,,,,,,,,,
482,0.1603125035762787,0.1603125035762787,RL-sBOED,0.03752851486206055,30848,3.94207763671875,,,,,,,,,,
483,0.1589062511920929,0.1589062511920929,RL-sBOED,0.0354917049407959,30912,3.94112491607666,,,,,,,,,,
484,0.15187500417232513,0.15187500417232513,RL-sBOED,0.03882026672363281,30976,3.940159320831299,,,,,,,,,,
485,0.1596093773841858,0.1596093773841858,RL-sBOED,0.034810543060302734,31040,3.9392600059509277,,,,,,,,,,
486,0.15117186307907104,0.15117186307907104,RL-sBOED,0.035155534744262695,31104,3.9395298957824707,,,,,,,,,,
487,0.14238283038139343,0.14238283038139343,RL-sBOED,0.03497958183288574,31168,3.939595937728882,,,,,,,,,,
488,0.15714845061302185,0.15714845061302185,RL-sBOED,0.034986019134521484,31232,3.939760208129883,,,,,,,,,,
489,0.15433594584465027,0.15433594584465027,RL-sBOED,0.03505110740661621,31296,3.94037127494812,,,,,,,,,,
490,0.1473046839237213,0.1473046839237213,RL-sBOED,0.03511548042297363,31360,3.940520763397217,,,,,,,,,,
491,0.1596093773841858,0.1596093773841858,RL-sBOED,0.03499722480773926,31424,3.9397668838500977,,,,,,,,,,
492,0.158203125,0.158203125,RL-sBOED,0.03507637977600098,31488,3.9386000633239746,,,,,,,,,,
493,0.14976564049720764,0.14976564049720764,RL-sBOED,0.03513646125793457,31552,3.9352824687957764,,,,,,,,,,
494,0.14976562559604645,0.14976562559604645,RL-sBOED,0.03542757034301758,31616,3.931314468383789,,,,,,,,,,
495,0.15468749403953552,0.15468749403953552,RL-sBOED,0.036150455474853516,31680,3.9303808212280273,,,,,,,,,,
496,0.1655859500169754,0.1655859500169754,RL-sBOED,0.037180423736572266,31744,3.9290952682495117,,,,,,,,,,
497,0.15925782918930054,0.15925782918930054,RL-sBOED,0.03526186943054199,31808,3.92822265625,,,,,,,,,,
498,0.15539062023162842,0.15539062023162842,RL-sBOED,0.03867459297180176,31872,3.9274373054504395,,,,,,,,,,
499,0.140625,0.140625,RL-sBOED,0.03504323959350586,31936,3.9203333854675293,,,,,,,,,,
500,0.15328124165534973,0.15328124165534973,RL-sBOED,0.0353851318359375,32000,3.9189505577087402,0.14730468750000003,0.119609375,3,0.21032903720377497,0.0234375,0.1484375,0,0.005976562500000001,1001.103984375,0
501,0.1603125035762787,0.1603125035762787,RL-sBOED,0.03504490852355957,32064,3.915501117706299,,,,,,,,,,
502,0.15785154700279236,0.15785154700279236,RL-sBOED,0.0348508358001709,32128,3.9166407585144043,,,,,,,,,,
503,0.15714845061302185,0.15714845061302185,RL-sBOED,0.036214590072631836,32192,3.9148802757263184,,,,,,,,,,
504,0.1473046839237213,0.1473046839237213,RL-sBOED,0.04695487022399902,32256,3.915245532989502,,,,,,,,,,
505,0.1508203148841858,0.1508203148841858,RL-sBOED,0.03469491004943848,32320,3.9189345836639404,,,,,,,,,,
506,0.15996092557907104,0.15996092557907104,RL-sBOED,0.03498268127441406,32384,3.9225382804870605,,,,,,,,,,
507,0.15433594584465027,0.15433594584465027,RL-sBOED,0.034895896911621094,32448,3.9243054389953613,,,,,,,,,,
508,0.14238281548023224,0.14238281548023224,RL-sBOED,0.034989356994628906,32512,3.919914960861206,,,,,,,,,,
509,0.15644530951976776,0.15644530951976776,RL-sBOED,0.03618001937866211,32576,3.9230401515960693,,,,,,,,,,
510,0.15785156190395355,0.15785156190395355,RL-sBOED,0.03739500045776367,32640,3.9242148399353027,,,,,,,,,,
511,0.15187500417232513,0.15187500417232513,RL-sBOED,0.03481435775756836,32704,3.919606924057007,,,,,,,,,,
512,0.15714845061302185,0.15714845061302185,RL-sBOED,0.03487348556518555,32768,3.920198917388916,,,,,,,,,,
513,0.15187498927116394,0.15187498927116394,RL-sBOED,0.03495502471923828,32832,3.920635938644409,,,,,,,,,,
514,0.15398438274860382,0.15398438274860382,RL-sBOED,0.03481721878051758,32896,3.9187188148498535,,,,,,,,,,
515,0.1589062511920929,0.1589062511920929,RL-sBOED,0.03490853309631348,32960,3.91923189163208,,,,,,,,,,
516,0.15855468809604645,0.15855468809604645,RL-sBOED,0.03446221351623535,33024,3.9209353923797607,,,,,,,,,,
517,0.1515234410762787,0.1515234410762787,RL-sBOED,0.034209251403808594,33088,3.920943021774292,,,,,,,,,,
518,0.14976562559604645,0.14976562559604645,RL-sBOED,0.03582191467285156,33152,3.920828342437744,,,,,,,,,,
519,0.16136719286441803,0.16136719286441803,RL-sBOED,0.0364987850189209,33216,3.9264440536499023,,,,,,,,,,
520,0.1515234410762787,0.1515234410762787,RL-sBOED,0.034235239028930664,33280,3.9298019409179688,,,,,,,,,,
521,0.15222656726837158,0.15222656726837158,RL-sBOED,0.03453826904296875,33344,3.9352502822875977,,,,,,,,,,
522,0.1589062660932541,0.1589062660932541,RL-sBOED,0.0375065803527832,33408,3.9384191036224365,,,,,,,,,,
523,0.15574218332767487,0.15574218332767487,RL-sBOED,0.03437042236328125,33472,3.9383578300476074,,,,,,,,,,
524,0.1494140625,0.1494140625,RL-sBOED,0.03422689437866211,33536,3.9406192302703857,,,,,,,,,,
525,0.16171875596046448,0.16171875596046448,RL-sBOED,0.03572201728820801,33600,3.9411916732788086,0.15011718750000003,0.094296875,5,1.1413602277753183,0.0390625,0.078125,0,0.0038671875,1000.375546875,0
526,0.15855470299720764,0.15855470299720764,RL-sBOED,0.03663301467895508,33664,3.9394423961639404,,,,,,,,,,
527,0.1641796976327896,0.1641796976327896,RL-sBOED,0.034255266189575195,33728,3.9386115074157715,,,,,,,,,,
528,0.1508203148841858,0.1508203148841858,RL-sBOED,0.03424429893493652,33792,3.938122510910034,,,,,,,,,,
529,0.15433594584465027,0.15433594584465027,RL-sBOED,0.03450894355773926,33856,3.9384984970092773,,,,,,,,,,
530,0.15398438274860382,0.15398438274860382,RL-sBOED,0.03558659553527832,33920,3.940258026123047,,,,,,,,,,
531,0.1494140625,0.1494140625,RL-sBOED,0.03647327423095703,33984,3.9414381980895996,,,,,,,,,,
532,0.15187501907348633,0.15187501907348633,RL-sBOED,0.03426361083984375,34048,3.9417190551757812,,,,,,,,,,
533,0.15644532442092896,0.15644532442092896,RL-sBOED,0.03574228286743164,34112,3.9433155059814453,,,,,,,,,,
534,0.14835937321186066,0.14835937321186066,RL-sBOED,0.03650498390197754,34176,3.944279432296753,,,,,,,,,,
535,0.15433594584465027,0.15433594584465027,RL-sBOED,0.03536033630371094,34240,3.944204330444336,,,,,,,,,,
536,0.15433594584465027,0.15433594584465027,RL-sBOED,0.036397457122802734,34304,3.943325996398926,,,,,,,,,,
537,0.16312499344348907,0.16312499344348907,RL-sBOED,0.03444790840148926,34368,3.943633556365967,,,,,,,,,,
538,0.14976564049720764,0.14976564049720764,RL-sBOED,0.035620689392089844,34432,3.944068431854248,,,,,,,,,,
539,0.16101562976837158,0.16101562976837158,RL-sBOED,0.036594390869140625,34496,3.9444339275360107,,,,,,,,,,
540,0.15503907203674316,0.15503907203674316,RL-sBOED,0.03425478935241699,34560,3.943587303161621,,,,,,,,,,
541,0.15503907203674316,0.15503907203674316,RL-sBOED,0.03420209884643555,34624,3.9434332847595215,,,,,,,,,,
542,0.1596093773841858,0.1596093773841858,RL-sBOED,0.03428936004638672,34688,3.944187641143799,,,,,,,,,,
543,0.1567968875169754,0.1567968875169754,RL-sBOED,0.034342050552368164,34752,3.944227933883667,,,,,,,,,,
544,0.15714845061302185,0.15714845061302185,RL-sBOED,0.0343170166015625,34816,3.9441494941711426,,,,,,,,,,
545,0.15785157680511475,0.15785157680511475,RL-sBOED,0.034343719482421875,34880,3.944838285446167,,,,,,,,,,
546,0.1567968726158142,0.1567968726158142,RL-sBOED,0.034282684326171875,34944,3.9453818798065186,,,,,,,,,,
547,0.16171875596046448,0.16171875596046448,RL-sBOED,0.03423309326171875,35008,3.945798635482788,,,,,,,,,,
548,0.14695313572883606,0.14695313572883606,RL-sBOED,0.034569740295410156,35072,3.9458136558532715,,,,,,,,,,
549,0.16875000298023224,0.16875000298023224,RL-sBOED,0.03555011749267578,35136,3.9449667930603027,,,,,,,,,,
550,0.15855468809604645,0.15855468809604645,RL-sBOED,0.036467552185058594,35200,3.9441699981689453,0.14150390625,0.14759765625000001,3,0.7234767467981663,0.0234375,0.1875,0,0.00896484375,1001.52259765625,0
551,0.14695313572883606,0.14695313572883606,RL-sBOED,0.0344388484954834,35264,3.9436569213867188,,,,,,,,,,
552,0.14976562559604645,0.14976562559604645,RL-sBOED,0.03426623344421387,35328,3.9434268474578857,,,,,,,,,,
553,0.15644532442092896,0.15644532442092896,RL-sBOED,0.03441119194030762,35392,3.9429376125335693,,,,,,,,,,
554,0.14343750476837158,0.14343750476837158,RL-sBOED,0.03420257568359375,35456,3.9430747032165527,,,,,,,,,,
555,0.1487109363079071,0.1487109363079071,RL-sBOED,0.03424239158630371,35520,3.9439761638641357,,,,,,,,,,
556,0.16242188215255737,0.16242188215255737,RL-sBOED,0.03431057929992676,35584,3.9443178176879883,,,,,,,,,,
557,0.15714845061302185,0.15714845061302185,RL-sBOED,0.035680532455444336,35648,3.9442355632781982,,,,,,,,,,
558,0.1567968726158142,0.1567968726158142,RL-sBOED,0.036545753479003906,35712,3.943047285079956,,,,,,,,,,
559,0.15785156190395355,0.15785156190395355,RL-sBOED,0.03424811363220215,35776,3.941516399383545,,,,,,,,,,
560,0.1494140625,0.1494140625,RL-sBOED,0.03423142433166504,35840,3.939439296722412,,,,,,,,,,
561,0.1501171886920929,0.1501171886920929,RL-sBOED,0.03544759750366211,35904,3.937699794769287,,,,,,,,,,
562,0.1662890613079071,0.1662890613079071,RL-sBOED,0.036570072174072266,35968,3.9364593029022217,,,,,,,,,,
563,0.14625000953674316,0.14625000953674316,RL-sBOED,0.034258127212524414,36032,3.9360406398773193,,,,,,,,,,
564,0.15714845061302185,0.15714845061302185,RL-sBOED,0.03432202339172363,36096,3.936296224594116,,,,,,,,,,
565,0.15433594584465027,0.15433594584465027,RL-sBOED,0.03433871269226074,36160,3.935760498046875,,,,,,,,,,
566,0.14238281548023224,0.14238281548023224,RL-sBOED,0.034308433532714844,36224,3.935610771179199,,,,,,,,,,
567,0.1515234410762787,0.1515234410762787,RL-sBOED,0.03422999382019043,36288,3.9362895488739014,,,,,,,,,,
568,0.1494140625,0.1494140625,RL-sBOED,0.03429698944091797,36352,3.938377857208252,,,,,,,,,,
569,0.16312500834465027,0.16312500834465027,RL-sBOED,0.034300804138183594,36416,3.940408706665039,,,,,,,,,,
570,0.15328124165534973,0.15328124165534973,RL-sBOED,0.03419637680053711,36480,3.9425952434539795,,,,,,,,,,
571,0.16382813453674316,0.16382813453674316,RL-sBOED,0.034308671951293945,36544,3.9458141326904297,,,,,,,,,,
572,0.1567968726158142,0.1567968726158142,RL-sBOED,0.0343017578125,36608,3.9477458000183105,,,,,,,,,,
573,0.16277344524860382,0.16277344524860382,RL-sBOED,0.034348487854003906,36672,3.9480814933776855,,,,,,,,,,
574,0.15996094048023224,0.15996094048023224,RL-sBOED,0.03423023223876953,36736,3.946571111679077,,,,,,,,,,
575,0.16101562976837158,0.16101562976837158,RL-sBOED,0.03460860252380371,36800,3.945514678955078,0.14748046875,0.10865234375,5,1.0369599860711864,0.0390625,0.125,0,0.005097656250000001,1000.85865234375,0
576,0.16980469226837158,0.16980469226837158,RL-sBOED,0.035370588302612305,36864,3.9444797039031982,,,,,,,,,,
577,0.16101562976837158,0.16101562976837158,RL-sBOED,0.03657126426696777,36928,3.942046642303467,,,,,,,,,,
578,0.15539062023162842,0.15539062023162842,RL-sBOED,0.03425121307373047,36992,3.939483642578125,,,,,,,,,,
579,0.15539062023162842,0.15539062023162842,RL-sBOED,0.0359501838684082,37056,3.9373414516448975,,,,,,,,,,
580,0.1473046839237213,0.1473046839237213,RL-sBOED,0.03644108772277832,37120,3.9361166954040527,,,,,,,,,,
581,0.15046876668930054,0.15046876668930054,RL-sBOED,0.035686492919921875,37184,3.9352824687957764,,,,,,,,,,
582,0.1473046839237213,0.1473046839237213,RL-sBOED,0.03710794448852539,37248,3.9335784912109375,,,,,,,,,,
583,0.15363281965255737,0.15363281965255737,RL-sBOED,0.03644132614135742,37312,3.9318110942840576,,,,,,,,,,
584,0.1574999988079071,0.1574999988079071,RL-sBOED,0.03752446174621582,37376,3.930382490158081,,,,,,,,,,
585,0.1560937613248825,0.1560937613248825,RL-sBOED,0.03492426872253418,37440,3.930111885070801,,,,,,,,,,
586,0.1473046839237213,0.1473046839237213,RL-sBOED,0.035382986068725586,37504,3.9318580627441406,,,,,,,,,,
587,0.15328124165534973,0.15328124165534973,RL-sBOED,0.03849220275878906,37568,3.9343619346618652,,,,,,,,,,
588,0.16207030415534973,0.16207030415534973,RL-sBOED,0.03497505187988281,37632,3.9347238540649414,,,,,,,,,,
589,0.158203125,0.158203125,RL-sBOED,0.035004377365112305,37696,3.9336447715759277,,,,,,,,,,
590,0.1567968726158142,0.1567968726158142,RL-sBOED,0.036362409591674805,37760,3.932452917098999,,,,,,,,,,
591,0.16523438692092896,0.16523438692092896,RL-sBOED,0.03763413429260254,37824,3.9315876960754395,,,,,,,,,,
592,0.14589843153953552,0.14589843153953552,RL-sBOED,0.03516817092895508,37888,3.928466320037842,,,,,,,,,,
593,0.15257814526557922,0.15257814526557922,RL-sBOED,0.034899234771728516,37952,3.926729679107666,,,,,,,,,,
594,0.16382813453674316,0.16382813453674316,RL-sBOED,0.03534340858459473,38016,3.926424026489258,,,,,,,,,,
595,0.1603125035762787,0.1603125035762787,RL-sBOED,0.034912824630737305,38080,3.9259276390075684,,,,,,,,,,
596,0.15785157680511475,0.15785157680511475,RL-sBOED,0.03516530990600586,38144,3.9252727031707764,,,,,,,,,,
597,0.1560937613248825,0.1560937613248825,RL-sBOED,0.03500103950500488,38208,3.9251151084899902,,,,,,,,,,
598,0.1473046839237213,0.1473046839237213,RL-sBOED,0.03497481346130371,38272,3.924438238143921,,,,,,,,,,
599,0.16066406667232513,0.16066406667232513,RL-sBOED,0.03487563133239746,38336,3.922175168991089,,,,,,,,,,
600,0.15222656726837158,0.15222656726837158,RL-sBOED,0.034922122955322266,38400,3.919246196746826,0.149765625,0.11699218750000001,2,0.6271047869053563,0.015625,0.1328125,0,0.005625000000000001,1000.9451171875,0
601,0.15574218332767487,0.15574218332767487,RL-sBOED,0.03509783744812012,38464,3.9162299633026123,,,,,,,,,,
602,0.14906249940395355,0.14906249940395355,RL-sBOED,0.03496384620666504,38528,3.9188427925109863,,,,,,,,,,
603,0.15644529461860657,0.15644529461860657,RL-sBOED,0.03515505790710449,38592,3.9249777793884277,,,,,,,,,,
604,0.15433594584465027,0.15433594584465027,RL-sBOED,0.038294315338134766,38656,3.9303112030029297,,,,,,,,,,
605,0.14027345180511475,0.14027345180511475,RL-sBOED,0.03493642807006836,38720,3.933887243270874,,,,,,,,,,
606,0.15328124165534973,0.15328124165534973,RL-sBOED,0.036806583404541016,38784,3.936937093734741,,,,,,,,,,
607,0.1515234410762787,0.1515234410762787,RL-sBOED,0.03753972053527832,38848,3.9377505779266357,,,,,,,,,,
608,0.1574999988079071,0.1574999988079071,RL-sBOED,0.0471343994140625,38912,3.9367027282714844,,,,,,,,,,
609,0.16207031905651093,0.16207031905651093,RL-sBOED,0.03664970397949219,38976,3.935251235961914,,,,,,,,,,
610,0.15433594584465027,0.15433594584465027,RL-sBOED,0.0352015495300293,39040,3.932497024536133,,,,,,,,,,
611,0.14378905296325684,0.14378905296325684,RL-sBOED,0.035265207290649414,39104,3.930222272872925,,,,,,,,,,
612,0.14976564049720764,0.14976564049720764,RL-sBOED,0.03606867790222168,39168,3.928323745727539,,,,,,,,,,
613,0.15468750894069672,0.15468750894069672,RL-sBOED,0.03746628761291504,39232,3.926481008529663,,,,,,,,,,
614,0.16242188215255737,0.16242188215255737,RL-sBOED,0.03521156311035156,39296,3.924070358276367,,,,,,,,,,
615,0.16593749821186066,0.16593749821186066,RL-sBOED,0.03966856002807617,39360,3.9236972332000732,,,,,,,,,,
616,0.14660155773162842,0.14660155773162842,RL-sBOED,0.03717160224914551,39424,3.9217171669006348,,,,,,,,,,
617,0.1574999988079071,0.1574999988079071,RL-sBOED,0.06294441223144531,39488,3.9221410751342773,,,,,,,,,,
618,0.14835938811302185,0.14835938811302185,RL-sBOED,0.03604865074157715,39552,3.924783706665039,,,,,,,,,,
619,0.15187498927116394,0.15187498927116394,RL-sBOED,0.035312652587890625,39616,3.928555488586426,,,,,,,,,,
620,0.1473046839237213,0.1473046839237213,RL-sBOED,0.035147905349731445,39680,3.931741714477539,,,,,,,,,,
621,0.15292969346046448,0.15292969346046448,RL-sBOED,0.03491950035095215,39744,3.9348373413085938,,,,,,,,,,
622,0.15785157680511475,0.15785157680511475,RL-sBOED,0.035005807876586914,39808,3.936486005783081,,,,,,,,,,
623,0.15398438274860382,0.15398438274860382,RL-sBOED,0.035494089126586914,39872,3.9392852783203125,,,,,,,,,,
624,0.1508203148841858,0.1508203148841858,RL-sBOED,0.03599262237548828,39936,3.940786361694336,,,,,,,,,,
625,0.14519530534744263,0.14519530534744263,RL-sBOED,0.03734397888183594,40000,3.9402379989624023,0.15556640625,0.13412109374999998,10,1.7183583619996512,0.078125,0.140625,0,0.006679687500000001,1001.04037109375,0
626,0.14554688334465027,0.14554688334465027,RL-sBOED,0.034998416900634766,40064,3.9376285076141357,,,,,,,,,,
627,0.16171875596046448,0.16171875596046448,RL-sBOED,0.03517580032348633,40128,3.93345046043396,,,,,,,,,,
628,0.1480078250169754,0.1480078250169754,RL-sBOED,0.03496050834655762,40192,3.9264283180236816,,,,,,,,,,
629,0.15222656726837158,0.15222656726837158,RL-sBOED,0.034873008728027344,40256,3.921104907989502,,,,,,,,,,
630,0.14765624701976776,0.14765624701976776,RL-sBOED,0.03649568557739258,40320,3.919436454772949,,,,,,,,,,
631,0.1473046839237213,0.1473046839237213,RL-sBOED,0.03726506233215332,40384,3.92182993888855,,,,,,,,,,
632,0.15644532442092896,0.15644532442092896,RL-sBOED,0.03543496131896973,40448,3.926211357116699,,,,,,,,,,
633,0.15574219822883606,0.15574219822883606,RL-sBOED,0.03832244873046875,40512,3.9285426139831543,,,,,,,,,,
634,0.1574999988079071,0.1574999988079071,RL-sBOED,0.03501439094543457,40576,3.9304561614990234,,,,,,,,,,
635,0.16277343034744263,0.16277343034744263,RL-sBOED,0.035338640213012695,40640,3.9322123527526855,,,,,,,,,,
636,0.16066406667232513,0.16066406667232513,RL-sBOED,0.03509354591369629,40704,3.933190107345581,,,,,,,,,,
637,0.1596093773841858,0.1596093773841858,RL-sBOED,0.0382082462310791,40768,3.933682441711426,,,,,,,,,,
638,0.15292969346046448,0.15292969346046448,RL-sBOED,0.036423683166503906,40832,3.934290647506714,,,,,,,,,,
639,0.15925782918930054,0.15925782918930054,RL-sBOED,0.037113189697265625,40896,3.936901092529297,,,,,,,,,,
640,0.16101562976837158,0.16101562976837158,RL-sBOED,0.0364682674407959,40960,3.9387521743774414,,,,,,,,,,
641,0.15644532442092896,0.15644532442092896,RL-sBOED,0.03730130195617676,41024,3.9393422603607178,,,,,,,,,,
642,0.15292969346046448,0.15292969346046448,RL-sBOED,0.035189151763916016,41088,3.9382572174072266,,,,,,,,,,
643,0.1487109363079071,0.1487109363079071,RL-sBOED,0.03496575355529785,41152,3.9381637573242188,,,,,,,,,,
644,0.15363281965255737,0.15363281965255737,RL-sBOED,0.034830570220947266,41216,3.9400839805603027,,,,,,,,,,
645,0.1508203148841858,0.1508203148841858,RL-sBOED,0.035523414611816406,41280,3.9435253143310547,,,,,,,,,,
646,0.15046875178813934,0.15046875178813934,RL-sBOED,0.03801131248474121,41344,3.948241949081421,,,,,,,,,,
647,0.1480078101158142,0.1480078101158142,RL-sBOED,0.03490567207336426,41408,3.9517393112182617,,,,,,,,,,
648,0.14554688334465027,0.14554688334465027,RL-sBOED,0.03520822525024414,41472,3.9535160064697266,,,,,,,,,,
649,0.14308594167232513,0.14308594167232513,RL-sBOED,0.03500556945800781,41536,3.9544763565063477,,,,,,,,,,
650,0.158203125,0.158203125,RL-sBOED,0.03487873077392578,41600,3.954862117767334,0.14923828125,0.09947265625,1,-0.0,0.0078125,0.0859375,0,0.00439453125,1000.45884765625,0
651,0.15398436784744263,0.15398436784744263,RL-sBOED,0.03510642051696777,41664,3.9540982246398926,,,,,,,,,,
652,0.16207031905651093,0.16207031905651093,RL-sBOED,0.034915924072265625,41728,3.953280210494995,,,,,,,,,,
653,0.1560937464237213,0.1560937464237213,RL-sBOED,0.034836769104003906,41792,3.9529566764831543,,,,,,,,,,
654,0.1515234410762787,0.1515234410762787,RL-sBOED,0.03644871711730957,41856,3.952171802520752,,,,,,,,,,
655,0.1560937464237213,0.1560937464237213,RL-sBOED,0.03720450401306152,41920,3.9516634941101074,,,,,,,,,,
656,0.1574999988079071,0.1574999988079071,RL-sBOED,0.03499484062194824,41984,3.951242446899414,,,,,,,,,,
657,0.15996094048023224,0.15996094048023224,RL-sBOED,0.035024166107177734,42048,3.9502952098846436,,,,,,,,,,
658,0.16136719286441803,0.16136719286441803,RL-sBOED,0.03520798683166504,42112,3.949341297149658,,,,,,,,,,
659,0.14695313572883606,0.14695313572883606,RL-sBOED,0.03498196601867676,42176,3.94879150390625,,,,,,,,,,
660,0.14765624701976776,0.14765624701976776,RL-sBOED,0.035188913345336914,42240,3.9479949474334717,,,,,,,,,,
661,0.14765624701976776,0.14765624701976776,RL-sBOED,0.03492307662963867,42304,3.9479079246520996,,,,,,,,,,
662,0.1508203148841858,0.1508203148841858,RL-sBOED,0.03535580635070801,42368,3.9481592178344727,,,,,,,,,,
663,0.14097657799720764,0.14097657799720764,RL-sBOED,0.03829836845397949,42432,3.947718381881714,,,,,,,,,,
664,0.15363281965255737,0.15363281965255737,RL-sBOED,0.03474855422973633,42496,3.9461402893066406,,,,,,,,,,
665,0.1596093773841858,0.1596093773841858,RL-sBOED,0.03475642204284668,42560,3.9450795650482178,,,,,,,,,,
666,0.1596093773841858,0.1596093773841858,RL-sBOED,0.0369417667388916,42624,3.943981647491455,,,,,,,,,,
667,0.14167968928813934,0.14167968928813934,RL-sBOED,0.037455081939697266,42688,3.9427289962768555,,,,,,,,,,
668,0.14906249940395355,0.14906249940395355,RL-sBOED,0.03529620170593262,42752,3.941953659057617,,,,,,,,,,
669,0.1473046839237213,0.1473046839237213,RL-sBOED,0.03607630729675293,42816,3.942500591278076,,,,,,,,,,
670,0.1560937464237213,0.1560937464237213,RL-sBOED,0.03757739067077637,42880,3.9433951377868652,,,,,,,,,,
671,0.15257813036441803,0.15257813036441803,RL-sBOED,0.0367281436920166,42944,3.9440009593963623,,,,,,,,,,
672,0.14484375715255737,0.14484375715255737,RL-sBOED,0.036983489990234375,43008,3.9448375701904297,,,,,,,,,,
673,0.1596093773841858,0.1596093773841858,RL-sBOED,0.03561830520629883,43072,3.9452590942382812,,,,,,,,,,
674,0.14765626192092896,0.14765626192092896,RL-sBOED,0.03502011299133301,43136,3.9456329345703125,,,,,,,,,,
675,0.15117187798023224,0.15117187798023224,RL-sBOED,0.035024166107177734,43200,3.944965362548828,0.153984375,0.151875,8,1.642709834782894,0.0625,0.140625,0,0.00861328125,1001.058125,0
676,0.1515234410762787,0.1515234410762787,RL-sBOED,0.03764915466308594,43264,3.9441027641296387,,,,,,,,,,
677,0.15433594584465027,0.15433594584465027,RL-sBOED,0.034752607345581055,43328,3.943427801132202,,,,,,,,,,
678,0.15046876668930054,0.15046876668930054,RL-sBOED,0.03590130805969238,43392,3.9431979656219482,,,,,,,,,,
679,0.16066406667232513,0.16066406667232513,RL-sBOED,0.03513646125793457,43456,3.942708730697632,,,,,,,,,,
680,0.1508203148841858,0.1508203148841858,RL-sBOED,0.03502202033996582,43520,3.941640853881836,,,,,,,,,,
681,0.15187500417232513,0.15187500417232513,RL-sBOED,0.03523588180541992,43584,3.9399428367614746,,,,,,,,,,
682,0.15328124165534973,0.15328124165534973,RL-sBOED,0.03847241401672363,43648,3.9377026557922363,,,,,,,,,,
683,0.14660155773162842,0.14660155773162842,RL-sBOED,0.03535771369934082,43712,3.9358997344970703,,,,,,,,,,
684,0.14976562559604645,0.14976562559604645,RL-sBOED,0.03497576713562012,43776,3.9341113567352295,,,,,,,,,,
685,0.158203125,0.158203125,RL-sBOED,0.03431129455566406,43840,3.932685375213623,,,,,,,,,,
686,0.158203125,0.158203125,RL-sBOED,0.03770565986633301,43904,3.9312376976013184,,,,,,,,,,
687,0.14660155773162842,0.14660155773162842,RL-sBOED,0.03452181816101074,43968,3.930757522583008,,,,,,,,,,
688,0.15714845061302185,0.15714845061302185,RL-sBOED,0.03471875190734863,44032,3.9308021068573,,,,,,,,,,
689,0.14625000953674316,0.14625000953674316,RL-sBOED,0.03434896469116211,44096,3.9286866188049316,,,,,,,,,,
690,0.158203125,0.158203125,RL-sBOED,0.037580013275146484,44160,3.926504135131836,,,,,,,,,,
691,0.14835938811302185,0.14835938811302185,RL-sBOED,0.03425860404968262,44224,3.9253883361816406,,,,,,,,,,
692,0.15292969346046448,0.15292969346046448,RL-sBOED,0.03426003456115723,44288,3.9254205226898193,,,,,,,,,,
693,0.14906251430511475,0.14906251430511475,RL-sBOED,0.034364938735961914,44352,3.928414821624756,,,,,,,,,,
694,0.158203125,0.158203125,RL-sBOED,0.03517866134643555,44416,3.9318442344665527,,,,,,,,,,
695,0.16101562976837158,0.16101562976837158,RL-sBOED,0.036520957946777344,44480,3.93493914604187,,,,,,,,,,
696,0.14906249940395355,0.14906249940395355,RL-sBOED,0.03455781936645508,44544,3.9377570152282715,,,,,,,,,,
697,0.16207030415534973,0.16207030415534973,RL-sBOED,0.03761863708496094,44608,3.9393134117126465,,,,,,,,,,
698,0.14976562559604645,0.14976562559604645,RL-sBOED,0.03450441360473633,44672,3.938251495361328,,,,,,,,,,
699,0.15503907203674316,0.15503907203674316,RL-sBOED,0.03532147407531738,44736,3.9376800060272217,,,,,,,,,,
700,0.1508203148841858,0.1508203148841858,RL-sBOED,0.03658318519592285,44800,3.9392757415771484,0.14431640625000003,0.048847656249999996,4,0.9114831434347977,0.03125,0.015625,1,0.0005273437499999999,0.048847656249999996,0
701,0.1501171886920929,0.1501171886920929,RL-sBOED,0.03447365760803223,44864,3.9415745735168457,,,,,,,,,,
702,0.15363281965255737,0.15363281965255737,RL-sBOED,0.03437972068786621,44928,3.9432549476623535,,,,,,,,,,
703,0.16734376549720764,0.16734376549720764,RL-sBOED,0.03446555137634277,44992,3.9443106651306152,,,,,,,,,,
704,0.15785154700279236,0.15785154700279236,RL-sBOED,0.03425788879394531,45056,3.9445998668670654,,,,,,,,,,
705,0.15785157680511475,0.15785157680511475,RL-sBOED,0.037545204162597656,45120,3.944955825805664,,,,,,,,,,
706,0.1480078101158142,0.1480078101158142,RL-sBOED,0.034223318099975586,45184,3.9438328742980957,,,,,,,,,,
707,0.16453126072883606,0.16453126072883606,RL-sBOED,0.03534078598022461,45248,3.9447755813598633,,,,,,,,,,
708,0.1603125035762787,0.1603125035762787,RL-sBOED,0.03647780418395996,45312,3.9440693855285645,,,,,,,,,,
709,0.15257811546325684,0.15257811546325684,RL-sBOED,0.03450131416320801,45376,3.9437549114227295,,,,,,,,,,
710,0.14484375715255737,0.14484375715255737,RL-sBOED,0.03421139717102051,45440,3.944277286529541,,,,,,,,,,
711,0.16066406667232513,0.16066406667232513,RL-sBOED,0.0377347469329834,45504,3.946516513824463,,,,,,,,,,
712,0.1596093773841858,0.1596093773841858,RL-sBOED,0.03428149223327637,45568,3.948219060897827,,,,,,,,,,
713,0.14027343690395355,0.14027343690395355,RL-sBOED,0.03430056571960449,45632,3.949152946472168,,,,,,,,,,
714,0.15257813036441803,0.15257813036441803,RL-sBOED,0.03428220748901367,45696,3.949915885925293,,,,,,,,,,
715,0.1589062511920929,0.1589062511920929,RL-sBOED,0.03429555892944336,45760,3.949948787689209,,,,,,,,,,
716,0.15257814526557922,0.15257814526557922,RL-sBOED,0.03455924987792969,45824,3.9501681327819824,,,,,,,,,,
717,0.15574219822883606,0.15574219822883606,RL-sBOED,0.03751349449157715,45888,3.9503438472747803,,,,,,,,,,
718,0.14238281548023224,0.14238281548023224,RL-sBOED,0.034488677978515625,45952,3.9510812759399414,,,,,,,,,,
719,0.15328124165534973,0.15328124165534973,RL-sBOED,0.03425264358520508,46016,3.9509992599487305,,,,,,,,,,
720,0.1603125035762787,0.1603125035762787,RL-sBOED,0.034191131591796875,46080,3.950383186340332,,,,,,,,,,
721,0.158203125,0.158203125,RL-sBOED,0.03740715980529785,46144,3.9496421813964844,,,,,,,,,,
722,0.15046875178813934,0.15046875178813934,RL-sBOED,0.03426671028137207,46208,3.948111057281494,,,,,,,,,,
723,0.15398438274860382,0.15398438274860382,RL-sBOED,0.03579449653625488,46272,3.9469220638275146,,,,,,,,,,
724,0.1596093773841858,0.1596093773841858,RL-sBOED,0.036583900451660156,46336,3.945563793182373,,,,,,,,,,
725,0.15222656726837158,0.15222656726837158,RL-sBOED,0.03429269790649414,46400,3.944272518157959,0.15082031250000003,0.160625,1,-0.0,0.0078125,0.171875,0,0.0094921875,1001.379375,0
726,0.1603125035762787,0.1603125035762787,RL-sBOED,0.03457140922546387,46464,3.9436728954315186,,,,,,,,,,
727,0.15433593094348907,0.15433593094348907,RL-sBOED,0.03429245948791504,46528,3.9435219764709473,,,,,,,,,,
728,0.15996094048023224,0.15996094048023224,RL-sBOED,0.034302711486816406,46592,3.942948818206787,,,,,,,,,,
729,0.15925782918930054,0.15925782918930054,RL-sBOED,0.03535580635070801,46656,3.942786931991577,,,,,,,,,,
730,0.1508203148841858,0.1508203148841858,RL-sBOED,0.036511898040771484,46720,3.9427642822265625,,,,,,,,,,
731,0.15257813036441803,0.15257813036441803,RL-sBOED,0.03519487380981445,46784,3.942218780517578,,,,,,,,,,
732,0.1574999988079071,0.1574999988079071,RL-sBOED,0.035050153732299805,46848,3.9424750804901123,,,,,,,,,,
733,0.15222656726837158,0.15222656726837158,RL-sBOED,0.03479957580566406,46912,3.941770553588867,,,,,,,,,,
734,0.1501171886920929,0.1501171886920929,RL-sBOED,0.036331892013549805,46976,3.9403486251831055,,,,,,,,,,
735,0.1501171886920929,0.1501171886920929,RL-sBOED,0.036956787109375,47040,3.9393441677093506,,,,,,,,,,
736,0.15328125655651093,0.15328125655651093,RL-sBOED,0.03472709655761719,47104,3.938861846923828,,,,,,,,,,
737,0.15363281965255737,0.15363281965255737,RL-sBOED,0.035135746002197266,47168,3.9379005432128906,,,,,,,,,,
738,0.14835938811302185,0.14835938811302185,RL-sBOED,0.036122798919677734,47232,3.935987949371338,,,,,,,,,,
739,0.15398438274860382,0.15398438274860382,RL-sBOED,0.03710031509399414,47296,3.9347996711730957,,,,,,,,,,
740,0.15433594584465027,0.15433594584465027,RL-sBOED,0.03494882583618164,47360,3.9343574047088623,,,,,,,,,,
741,0.15328125655651093,0.15328125655651093,RL-sBOED,0.035262346267700195,47424,3.9355149269104004,,,,,,,,,,
742,0.15503907203674316,0.15503907203674316,RL-sBOED,0.035214900970458984,47488,3.935912609100342,,,,,,,,,,
743,0.15925779938697815,0.15925779938697815,RL-sBOED,0.03490281105041504,47552,3.9358739852905273,,,,,,,,,,
744,0.15996095538139343,0.15996095538139343,RL-sBOED,0.03529548645019531,47616,3.933985710144043,,,,,,,,,,
745,0.13675782084465027,0.13675782084465027,RL-sBOED,0.0352940559387207,47680,3.932061195373535,,,,,,,,,,
746,0.1574999988079071,0.1574999988079071,RL-sBOED,0.03519725799560547,47744,3.9322376251220703,,,,,,,,,,
747,0.14625000953674316,0.14625000953674316,RL-sBOED,0.035064697265625,47808,3.932873487472534,,,,,,,,,,
748,0.1494140625,0.1494140625,RL-sBOED,0.03522181510925293,47872,3.934921979904175,,,,,,,,,,
749,0.16171875596046448,0.16171875596046448,RL-sBOED,0.03861212730407715,47936,3.9374117851257324,,,,,,,,,,
750,0.16593751311302185,0.16593751311302185,RL-sBOED,0.03551459312438965,48000,3.940096616744995,0.1451953125,0.09425781250000001,3,0.9053086939047286,0.0234375,0.109375,0,0.0040429687500000006,1000.6880078125,0
751,0.15046875178813934,0.15046875178813934,RL-sBOED,0.035346031188964844,48064,3.942265033721924,,,,,,,,,,
752,0.14554688334465027,0.14554688334465027,RL-sBOED,0.0361480712890625,48128,3.9444632530212402,,,,,,,,,,
753,0.15222656726837158,0.15222656726837158,RL-sBOED,0.0374908447265625,48192,3.9456844329833984,,,,,,,,,,
754,0.1508203148841858,0.1508203148841858,RL-sBOED,0.035472869873046875,48256,3.945821762084961,,,,,,,,,,
755,0.1508203148841858,0.1508203148841858,RL-sBOED,0.03835034370422363,48320,3.9456167221069336,,,,,,,,,,
756,0.158203125,0.158203125,RL-sBOED,0.034881591796875,48384,3.9451186656951904,,,,,,,,,,
757,0.15714845061302185,0.15714845061302185,RL-sBOED,0.03637433052062988,48448,3.944486141204834,,,,,,,,,,
758,0.15785156190395355,0.15785156190395355,RL-sBOED,0.037255287170410156,48512,3.9443397521972656,,,,,,,,,,
759,0.15292969346046448,0.15292969346046448,RL-sBOED,0.035245418548583984,48576,3.944063186645508,,,,,,,,,,
760,0.15328124165534973,0.15328124165534973,RL-sBOED,0.035131216049194336,48640,3.9427294731140137,,,,,,,,,,
761,0.15433594584465027,0.15433594584465027,RL-sBOED,0.03588414192199707,48704,3.941774368286133,,,,,,,,,,
762,0.17085938155651093,0.17085938155651093,RL-sBOED,0.03711891174316406,48768,3.9415125846862793,,,,,,,,,,
763,0.15398438274860382,0.15398438274860382,RL-sBOED,0.034838199615478516,48832,3.941195249557495,,,,,,,,,,
764,0.1508203148841858,0.1508203148841858,RL-sBOED,0.03479743003845215,48896,3.9426817893981934,,,,,,,,,,
765,0.14589843153953552,0.14589843153953552,RL-sBOED,0.03634381294250488,48960,3.9419612884521484,,,,,,,,,,
766,0.14835938811302185,0.14835938811302185,RL-sBOED,0.03711819648742676,49024,3.9420223236083984,,,,,,,,,,
767,0.16453126072883606,0.16453126072883606,RL-sBOED,0.034766197204589844,49088,3.9432647228240967,,,,,,,,,,
768,0.1574999988079071,0.1574999988079071,RL-sBOED,0.03526425361633301,49152,3.9442145824432373,,,,,,,,,,
769,0.15292969346046448,0.15292969346046448,RL-sBOED,0.03497004508972168,49216,3.9450860023498535,,,,,,,,,,
770,0.16136717796325684,0.16136717796325684,RL-sBOED,0.0347440242767334,49280,3.9462993144989014,,,,,,,,,,
771,0.16136720776557922,0.16136720776557922,RL-sBOED,0.03529834747314453,49344,3.948343276977539,,,,,,,,,,
772,0.16417968273162842,0.16417968273162842,RL-sBOED,0.034829139709472656,49408,3.949831008911133,,,,,,,,,,
773,0.15539062023162842,0.15539062023162842,RL-sBOED,0.035062551498413086,49472,3.951058864593506,,,,,,,,,,
774,0.14906249940395355,0.14906249940395355,RL-sBOED,0.03496360778808594,49536,3.951995372772217,,,,,,,,,,
775,0.14097654819488525,0.14097654819488525,RL-sBOED,0.03614211082458496,49600,3.9533116817474365,0.14853515625000002,0.15697265625,7,1.2858911677595324,0.0546875,0.2109375,0,0.008964843750000001,1001.76634765625,0
776,0.16382813453674316,0.16382813453674316,RL-sBOED,0.03735208511352539,49664,3.9549598693847656,,,,,,,,,,
777,0.14765626192092896,0.14765626192092896,RL-sBOED,0.03481745719909668,49728,3.9559741020202637,,,,,,,,,,
778,0.15222656726837158,0.15222656726837158,RL-sBOED,0.03499245643615723,49792,3.957265853881836,,,,,,,,,,
779,0.14554688334465027,0.14554688334465027,RL-sBOED,0.035127878189086914,49856,3.957920551300049,,,,,,,,,,
780,0.14835937321186066,0.14835937321186066,RL-sBOED,0.03490638732910156,49920,3.958688735961914,,,,,,,,,,
781,0.1560937464237213,0.1560937464237213,RL-sBOED,0.036130428314208984,49984,3.95933198928833,,,,,,,,,,
782,0.15046875178813934,0.15046875178813934,RL-sBOED,0.03737235069274902,50048,3.9594287872314453,,,,,,,,,,
783,0.16277343034744263,0.16277343034744263,RL-sBOED,0.03618454933166504,50112,3.9600160121917725,,,,,,,,,,
784,0.15292969346046448,0.15292969346046448,RL-sBOED,0.037267446517944336,50176,3.9599246978759766,,,,,,,,,,
785,0.1473046988248825,0.1473046988248825,RL-sBOED,0.035225629806518555,50240,3.959416389465332,,,,,,,,,,
786,0.15468749403953552,0.15468749403953552,RL-sBOED,0.03800511360168457,50304,3.959254264831543,,,,,,,,,,
787,0.14554688334465027,0.14554688334465027,RL-sBOED,0.03498029708862305,50368,3.95843768119812,,,,,,,,,,
788,0.1662890613079071,0.1662890613079071,RL-sBOED,0.034960031509399414,50432,3.958253860473633,,,,,,,,,,
789,0.15503907203674316,0.15503907203674316,RL-sBOED,0.03522801399230957,50496,3.9571304321289062,,,,,,,,,,
790,0.15433594584465027,0.15433594584465027,RL-sBOED,0.0348818302154541,50560,3.9569263458251953,,,,,,,,,,
791,0.15503905713558197,0.15503905713558197,RL-sBOED,0.036119699478149414,50624,3.9571990966796875,,,,,,,,,,
792,0.15714843571186066,0.15714843571186066,RL-sBOED,0.037034034729003906,50688,3.9568800926208496,,,,,,,,,,
793,0.16980469226837158,0.16980469226837158,RL-sBOED,0.035257577896118164,50752,3.9567723274230957,,,,,,,,,,
794,0.15539062023162842,0.15539062023162842,RL-sBOED,0.036441802978515625,50816,3.95591139793396,,,,,,,,,,
795,0.16066405177116394,0.16066405177116394,RL-sBOED,0.03693866729736328,50880,3.9552924633026123,,,,,,,,,,
796,0.1574999988079071,0.1574999988079071,RL-sBOED,0.036225080490112305,50944,3.9543261528015137,,,,,,,,,,
797,0.15503907203674316,0.15503907203674316,RL-sBOED,0.037055253982543945,51008,3.9534308910369873,,,,,,,,,,
798,0.15187501907348633,0.15187501907348633,RL-sBOED,0.03500771522521973,51072,3.9523303508758545,,,,,,,,,,
799,0.14449219405651093,0.14449219405651093,RL-sBOED,0.03517270088195801,51136,3.951476573944092,,,,,,,,,,
800,0.1596093773841858,0.1596093773841858,RL-sBOED,0.03501176834106445,51200,3.951127529144287,0.14361328125,0.04892578125,3,0.7567126390309971,0.0234375,0.0234375,1,0.00052734375,0.04892578125,0
801,0.17015625536441803,0.17015625536441803,RL-sBOED,0.040383100509643555,51264,3.9507405757904053,,,,,,,,,,
802,0.15574218332767487,0.15574218332767487,RL-sBOED,0.06479406356811523,51328,3.950118064880371,,,,,,,,,,
803,0.1494140625,0.1494140625,RL-sBOED,0.050139427185058594,51392,3.9500389099121094,,,,,,,,,,
804,0.16242188215255737,0.16242188215255737,RL-sBOED,0.03658270835876465,51456,3.949375867843628,,,,,,,,,,
805,0.1655859351158142,0.1655859351158142,RL-sBOED,0.04286074638366699,51520,3.9480762481689453,,,,,,,,,,
806,0.15257811546325684,0.15257811546325684,RL-sBOED,0.041162967681884766,51584,3.9476122856140137,,,,,,,,,,
807,0.15046876668930054,0.15046876668930054,RL-sBOED,0.04358172416687012,51648,3.9466969966888428,,,,,,,,,,
808,0.15398436784744263,0.15398436784744263,RL-sBOED,0.04010128974914551,51712,3.9460787773132324,,,,,,,,,,
809,0.1515234410762787,0.1515234410762787,RL-sBOED,0.04265928268432617,51776,3.945158004760742,,,,,,,,,,
810,0.15117186307907104,0.15117186307907104,RL-sBOED,0.04468846321105957,51840,3.945568799972534,,,,,,,,,,
811,0.15925782918930054,0.15925782918930054,RL-sBOED,0.04021263122558594,51904,3.947319984436035,,,,,,,,,,
812,0.15187500417232513,0.15187500417232513,RL-sBOED,0.041046857833862305,51968,3.94895076751709,,,,,,,,,,
813,0.15855470299720764,0.15855470299720764,RL-sBOED,0.05016040802001953,52032,3.95025897026062,,,,,,,,,,
814,0.15398436784744263,0.15398436784744263,RL-sBOED,0.048871755599975586,52096,3.9505908489227295,,,,,,,,,,
815,0.16207030415534973,0.16207030415534973,RL-sBOED,0.0393824577331543,52160,3.951547384262085,,,,,,,,,,
816,0.14906251430511475,0.14906251430511475,RL-sBOED,0.042380332946777344,52224,3.952674388885498,,,,,,,,,,
817,0.15433594584465027,0.15433594584465027,RL-sBOED,0.03526020050048828,52288,3.9529292583465576,,,,,,,,,,
818,0.15468749403953552,0.15468749403953552,RL-sBOED,0.03503012657165527,52352,3.9542646408081055,,,,,,,,,,
819,0.15996094048023224,0.15996094048023224,RL-sBOED,0.035193443298339844,52416,3.955519437789917,,,,,,,,,,
820,0.14976562559604645,0.14976562559604645,RL-sBOED,0.0352625846862793,52480,3.9568557739257812,,,,,,,,,,
821,0.14519533514976501,0.14519533514976501,RL-sBOED,0.034940481185913086,52544,3.9572510719299316,,,,,,,,,,
822,0.1683984398841858,0.1683984398841858,RL-sBOED,0.034957170486450195,52608,3.9577443599700928,,,,,,,,,,
823,0.16312500834465027,0.16312500834465027,RL-sBOED,0.03643465042114258,52672,3.9575870037078857,,,,,,,,,,
824,0.1589062511920929,0.1589062511920929,RL-sBOED,0.03764152526855469,52736,3.9580392837524414,,,,,,,,,,
825,0.15363281965255737,0.15363281965255737,RL-sBOED,0.03506302833557129,52800,3.9586095809936523,0.1402734375,0.09812499999999999,11,1.9996012381946375,0.0859375,0.109375,0,0.004921875,1000.691875,0
826,0.15328124165534973,0.15328124165534973,RL-sBOED,0.03513026237487793,52864,3.9588241577148438,,,,,,,,,,
827,0.15292969346046448,0.15292969346046448,RL-sBOED,0.03536534309387207,52928,3.958958387374878,,,,,,,,,,
828,0.15925782918930054,0.15925782918930054,RL-sBOED,0.03881239891052246,52992,3.958918333053589,,,,,,,,,,
829,0.15117187798023224,0.15117187798023224,RL-sBOED,0.03520703315734863,53056,3.9585742950439453,,,,,,,,,,
830,0.14519532024860382,0.14519532024860382,RL-sBOED,0.03495502471923828,53120,3.958195686340332,,,,,,,,,,
831,0.14976562559604645,0.14976562559604645,RL-sBOED,0.03497600555419922,53184,3.9581403732299805,,,,,,,,,,
832,0.15398436784744263,0.15398436784744263,RL-sBOED,0.03500628471374512,53248,3.958233594894409,,,,,,,,,,
833,0.15539062023162842,0.15539062023162842,RL-sBOED,0.035004377365112305,53312,3.9580342769622803,,,,,,,,,,
834,0.15257813036441803,0.15257813036441803,RL-sBOED,0.03496742248535156,53376,3.9573497772216797,,,,,,,,,,
835,0.1560937613248825,0.1560937613248825,RL-sBOED,0.03554058074951172,53440,3.9568533897399902,,,,,,,,,,
836,0.15257813036441803,0.15257813036441803,RL-sBOED,0.038463592529296875,53504,3.956383228302002,,,,,,,,,,
837,0.1501171886920929,0.1501171886920929,RL-sBOED,0.0349271297454834,53568,3.9556260108947754,,,,,,,,,,
838,0.1501171886920929,0.1501171886920929,RL-sBOED,0.0365900993347168,53632,3.955347776412964,,,,,,,,,,
839,0.15503907203674316,0.15503907203674316,RL-sBOED,0.037465572357177734,53696,3.9559459686279297,,,,,,,,,,
840,0.158203125,0.158203125,RL-sBOED,0.034781455993652344,53760,3.956582546234131,,,,,,,,,,
841,0.15468749403953552,0.15468749403953552,RL-sBOED,0.03665328025817871,53824,3.9573676586151123,,,,,,,,,,
842,0.14765626192092896,0.14765626192092896,RL-sBOED,0.037911176681518555,53888,3.958189010620117,,,,,,,,,,
843,0.16312500834465027,0.16312500834465027,RL-sBOED,0.035367727279663086,53952,3.958946943283081,,,,,,,,,,
844,0.15855468809604645,0.15855468809604645,RL-sBOED,0.03591561317443848,54016,3.959266424179077,,,,,,,,,,
845,0.15363281965255737,0.15363281965255737,RL-sBOED,0.03723001480102539,54080,3.959782361984253,,,,,,,,,,
846,0.1655859351158142,0.1655859351158142,RL-sBOED,0.03504514694213867,54144,3.9601352214813232,,,,,,,,,,
847,0.15222656726837158,0.15222656726837158,RL-sBOED,0.03640437126159668,54208,3.9600162506103516,,,,,,,,,,
848,0.15468749403953552,0.15468749403953552,RL-sBOED,0.037508249282836914,54272,3.9600796699523926,,,,,,,,,,
849,0.15328125655651093,0.15328125655651093,RL-sBOED,0.03493332862854004,54336,3.9597976207733154,,,,,,,,,,
850,0.15046875178813934,0.15046875178813934,RL-sBOED,0.035037994384765625,54400,3.9592795372009277,0.14537109375,0.15400390625,6,1.3652698774418492,0.046875,0.1953125,0,0.009140625000000001,1001.60712890625,0
851,0.14976562559604645,0.14976562559604645,RL-sBOED,0.035390615463256836,54464,3.957759380340576,,,,,,,,,,
852,0.14835937321186066,0.14835937321186066,RL-sBOED,0.03496384620666504,54528,3.9563732147216797,,,,,,,,,,
853,0.15503907203674316,0.15503907203674316,RL-sBOED,0.036606550216674805,54592,3.9554858207702637,,,,,,,,,,
854,0.15222656726837158,0.15222656726837158,RL-sBOED,0.037698984146118164,54656,3.9545485973358154,,,,,,,,,,
855,0.15644532442092896,0.15644532442092896,RL-sBOED,0.03531026840209961,54720,3.9542236328125,,,,,,,,,,
856,0.15187500417232513,0.15187500417232513,RL-sBOED,0.03870844841003418,54784,3.954319715499878,,,,,,,,,,
857,0.15644530951976776,0.15644530951976776,RL-sBOED,0.03487968444824219,54848,3.9539895057678223,,,,,,,,,,
858,0.14589843153953552,0.14589843153953552,RL-sBOED,0.03509378433227539,54912,3.9537100791931152,,,,,,,,,,
859,0.15046876668930054,0.15046876668930054,RL-sBOED,0.03526735305786133,54976,3.9533488750457764,,,,,,,,,,
860,0.1560937464237213,0.1560937464237213,RL-sBOED,0.03637409210205078,55040,3.9525771141052246,,,,,,,,,,
861,0.1567968726158142,0.1567968726158142,RL-sBOED,0.03728461265563965,55104,3.950984477996826,,,,,,,,,,
862,0.15855470299720764,0.15855470299720764,RL-sBOED,0.03566908836364746,55168,3.949256420135498,,,,,,,,,,
863,0.1515234410762787,0.1515234410762787,RL-sBOED,0.0349886417388916,55232,3.9490103721618652,,,,,,,,,,
864,0.15222656726837158,0.15222656726837158,RL-sBOED,0.036210060119628906,55296,3.949704885482788,,,,,,,,,,
865,0.14554688334465027,0.14554688334465027,RL-sBOED,0.03724217414855957,55360,3.950051784515381,,,,,,,,,,
866,0.1574999988079071,0.1574999988079071,RL-sBOED,0.03522753715515137,55424,3.9497227668762207,,,,,,,,,,
867,0.15785156190395355,0.15785156190395355,RL-sBOED,0.03478693962097168,55488,3.949817180633545,,,,,,,,,,
868,0.15539062023162842,0.15539062023162842,RL-sBOED,0.03644108772277832,55552,3.950439453125,,,,,,,,,,
869,0.1669921875,0.1669921875,RL-sBOED,0.03769731521606445,55616,3.9509408473968506,,,,,,,,,,
870,0.15468750894069672,0.15468750894069672,RL-sBOED,0.03990888595581055,55680,3.950949192047119,,,,,,,,,,
871,0.1466015726327896,0.1466015726327896,RL-sBOED,0.049738168716430664,55744,3.950662612915039,,,,,,,,,,
872,0.1473046839237213,0.1473046839237213,RL-sBOED,0.03743600845336914,55808,3.9505977630615234,,,,,,,,,,
873,0.14414063096046448,0.14414063096046448,RL-sBOED,0.03496122360229492,55872,3.949993133544922,,,,,,,,,,
874,0.1487109363079071,0.1487109363079071,RL-sBOED,0.034873008728027344,55936,3.950371503829956,,,,,,,,,,
875,0.15468749403953552,0.15468749403953552,RL-sBOED,0.034917593002319336,56000,3.9511020183563232,0.1490625,0.15925781249999998,3,0.3218896889482112,0.0234375,0.2109375,0,0.009140625000000001,1001.7686328125,0
876,0.1473046839237213,0.1473046839237213,RL-sBOED,0.03533482551574707,56064,3.9512479305267334,,,,,,,,,,
877,0.15855468809604645,0.15855468809604645,RL-sBOED,0.03487133979797363,56128,3.950582265853882,,,,,,,,,,
878,0.15503907203674316,0.15503907203674316,RL-sBOED,0.0350499153137207,56192,3.948317527770996,,,,,,,,,,
879,0.15398436784744263,0.15398436784744263,RL-sBOED,0.03496694564819336,56256,3.94696307182312,,,,,,,,,,
880,0.15574219822883606,0.15574219822883606,RL-sBOED,0.035070180892944336,56320,3.9463419914245605,,,,,,,,,,
881,0.15433594584465027,0.15433594584465027,RL-sBOED,0.036180734634399414,56384,3.9453370571136475,,,,,,,,,,
882,0.15398436784744263,0.15398436784744263,RL-sBOED,0.037209510803222656,56448,3.9448840618133545,,,,,,,,,,
883,0.16207031905651093,0.16207031905651093,RL-sBOED,0.03502464294433594,56512,3.944741725921631,,,,,,,,,,
884,0.14695312082767487,0.14695312082767487,RL-sBOED,0.05689358711242676,56576,3.9447989463806152,,,,,,,,,,
885,0.1487109363079071,0.1487109363079071,RL-sBOED,0.03687429428100586,56640,3.945549964904785,,,,,,,,,,
886,0.16207033395767212,0.16207033395767212,RL-sBOED,0.04014706611633301,56704,3.9457664489746094,,,,,,,,,,
887,0.16066406667232513,0.16066406667232513,RL-sBOED,0.03525686264038086,56768,3.9454846382141113,,,,,,,,,,
888,0.15433594584465027,0.15433594584465027,RL-sBOED,0.0352933406829834,56832,3.9444427490234375,,,,,,,,,,
889,0.1501171886920929,0.1501171886920929,RL-sBOED,0.035021305084228516,56896,3.943882703781128,,,,,,,,,,
890,0.15644532442092896,0.15644532442092896,RL-sBOED,0.035307884216308594,56960,3.9437129497528076,,,,,,,,,,
891,0.15292969346046448,0.15292969346046448,RL-sBOED,0.034913063049316406,57024,3.9430103302001953,,,,,,,,,,
892,0.15328125655651093,0.15328125655651093,RL-sBOED,0.03501534461975098,57088,3.942452907562256,,,,,,,,,,
893,0.15855468809604645,0.15855468809604645,RL-sBOED,0.03496050834655762,57152,3.94224214553833,,,,,,,,,,
894,0.14906251430511475,0.14906251430511475,RL-sBOED,0.034899234771728516,57216,3.9419455528259277,,,,,,,,,,
895,0.1487109363079071,0.1487109363079071,RL-sBOED,0.03492927551269531,57280,3.9416489601135254,,,,,,,,,,
896,0.14589843153953552,0.14589843153953552,RL-sBOED,0.035034894943237305,57344,3.9407505989074707,,,,,,,,,,
897,0.15996094048023224,0.15996094048023224,RL-sBOED,0.03490018844604492,57408,3.940582275390625,,,,,,,,,,
898,0.15644532442092896,0.15644532442092896,RL-sBOED,0.036083221435546875,57472,3.940999746322632,,,,,,,,,,
899,0.14906249940395355,0.14906249940395355,RL-sBOED,0.03717970848083496,57536,3.9401471614837646,,,,,,,,,,
900,0.15398438274860382,0.15398438274860382,RL-sBOED,0.03663969039916992,57600,3.9383621215820312,0.14783203125,0.17052734375,3,1.015946053203231,0.0234375,0.1953125,0,0.010546875,1001.62365234375,0
901,0.15398436784744263,0.15398436784744263,RL-sBOED,0.0371861457824707,57664,3.9370498657226562,,,,,,,,,,
902,0.16664062440395355,0.16664062440395355,RL-sBOED,0.03511810302734375,57728,3.9363982677459717,,,,,,,,,,
903,0.16101562976837158,0.16101562976837158,RL-sBOED,0.03519797325134277,57792,3.9357357025146484,,,,,,,,,,
904,0.16171875596046448,0.16171875596046448,RL-sBOED,0.035462141036987305,57856,3.9367237091064453,,,,,,,,,,
905,0.16945312917232513,0.16945312917232513,RL-sBOED,0.03544878959655762,57920,3.938997268676758,,,,,,,,,,
906,0.1596093773841858,0.1596093773841858,RL-sBOED,0.03524422645568848,57984,3.9414191246032715,,,,,,,,,,
907,0.15433593094348907,0.15433593094348907,RL-sBOED,0.03615140914916992,58048,3.9428610801696777,,,,,,,,,,
908,0.15117187798023224,0.15117187798023224,RL-sBOED,0.03752613067626953,58112,3.943772315979004,,,,,,,,,,
909,0.16066406667232513,0.16066406667232513,RL-sBOED,0.03528285026550293,58176,3.9448323249816895,,,,,,,,,,
910,0.16066406667232513,0.16066406667232513,RL-sBOED,0.03532052040100098,58240,3.945448637008667,,,,,,,,,,
911,0.14484375715255737,0.14484375715255737,RL-sBOED,0.03820180892944336,58304,3.945249557495117,,,,,,,,,,
912,0.1508203148841858,0.1508203148841858,RL-sBOED,0.03515481948852539,58368,3.944059371948242,,,,,,,,,,
913,0.1501171886920929,0.1501171886920929,RL-sBOED,0.03523898124694824,58432,3.9424684047698975,,,,,,,,,,
914,0.1494140625,0.1494140625,RL-sBOED,0.035202741622924805,58496,3.9420008659362793,,,,,,,,,,
915,0.14906249940395355,0.14906249940395355,RL-sBOED,0.036429405212402344,58560,3.940389394760132,,,,,,,,,,
916,0.1466015726327896,0.1466015726327896,RL-sBOED,0.037287235260009766,58624,3.938044548034668,,,,,,,,,,
917,0.15996094048023224,0.15996094048023224,RL-sBOED,0.035123348236083984,58688,3.9379324913024902,,,,,,,,,,
918,0.1567968726158142,0.1567968726158142,RL-sBOED,0.03823065757751465,58752,3.9368627071380615,,,,,,,,,,
919,0.15714845061302185,0.15714845061302185,RL-sBOED,0.03523063659667969,58816,3.935131788253784,,,,,,,,,,
920,0.1508203148841858,0.1508203148841858,RL-sBOED,0.03521418571472168,58880,3.9347121715545654,,,,,,,,,,
921,0.15328125655651093,0.15328125655651093,RL-sBOED,0.034943580627441406,58944,3.93644380569458,,,,,,,,,,
922,0.1515234410762787,0.1515234410762787,RL-sBOED,0.03504633903503418,59008,3.9392199516296387,,,,,,,,,,
923,0.14906249940395355,0.14906249940395355,RL-sBOED,0.03865313529968262,59072,3.9410340785980225,,,,,,,,,,
924,0.15117189288139343,0.15117189288139343,RL-sBOED,0.03500795364379883,59136,3.9409027099609375,,,,,,,,,,
925,0.14484375715255737,0.14484375715255737,RL-sBOED,0.03494453430175781,59200,3.9411256313323975,0.15310546875,0.14513671875,2,0.41998917198884345,0.015625,0.1875,0,0.007558593749999999,1001.52013671875,0
926,0.16347655653953552,0.16347655653953552,RL-sBOED,0.035509586334228516,59264,3.942854642868042,,,,,,,,,,
927,0.1487109363079071,0.1487109363079071,RL-sBOED,0.03614473342895508,59328,3.9445762634277344,,,,,,,,,,
928,0.15187501907348633,0.15187501907348633,RL-sBOED,0.03743147850036621,59392,3.946741819381714,,,,,,,,,,
929,0.15714843571186066,0.15714843571186066,RL-sBOED,0.034627437591552734,59456,3.9475817680358887,,,,,,,,,,
930,0.1487109363079071,0.1487109363079071,RL-sBOED,0.034810781478881836,59520,3.948270797729492,,,,,,,,,,
931,0.16101562976837158,0.16101562976837158,RL-sBOED,0.035314321517944336,59584,3.9487557411193848,,,,,,,,,,
932,0.15433594584465027,0.15433594584465027,RL-sBOED,0.036452531814575195,59648,3.948171615600586,,,,,,,,,,
933,0.16101562976837158,0.16101562976837158,RL-sBOED,0.03731799125671387,59712,3.9481711387634277,,,,,,,,,,
934,0.15433594584465027,0.15433594584465027,RL-sBOED,0.03529500961303711,59776,3.947666883468628,,,,,,,,,,
935,0.1596093773841858,0.1596093773841858,RL-sBOED,0.034830331802368164,59840,3.947277069091797,,,,,,,,,,
936,0.1589062511920929,0.1589062511920929,RL-sBOED,0.03540968894958496,59904,3.947538137435913,,,,,,,,,,
937,0.14906251430511475,0.14906251430511475,RL-sBOED,0.03509187698364258,59968,3.946815013885498,,,,,,,,,,
938,0.14625000953674316,0.14625000953674316,RL-sBOED,0.03504776954650879,60032,3.946497917175293,,,,,,,,,,
939,0.1662890613079071,0.1662890613079071,RL-sBOED,0.03520607948303223,60096,3.9472031593322754,,,,,,,,,,
940,0.16804687678813934,0.16804687678813934,RL-sBOED,0.03515958786010742,60160,3.9476146697998047,,,,,,,,,,
941,0.16136719286441803,0.16136719286441803,RL-sBOED,0.0352482795715332,60224,3.948021411895752,,,,,,,,,,
942,0.14835938811302185,0.14835938811302185,RL-sBOED,0.035080671310424805,60288,3.947430372238159,,,,,,,,,,
943,0.15292969346046448,0.15292969346046448,RL-sBOED,0.03508782386779785,60352,3.947333812713623,,,,,,,,,,
944,0.16136720776557922,0.16136720776557922,RL-sBOED,0.035500526428222656,60416,3.947800636291504,,,,,,,,,,
945,0.1501171886920929,0.1501171886920929,RL-sBOED,0.03491997718811035,60480,3.947723865509033,,,,,,,,,,
946,0.14449219405651093,0.14449219405651093,RL-sBOED,0.03473353385925293,60544,3.9478907585144043,,,,,,,,,,
947,0.15292969346046448,0.15292969346046448,RL-sBOED,0.034941673278808594,60608,3.9485738277435303,,,,,,,,,,
948,0.1473046839237213,0.1473046839237213,RL-sBOED,0.03465580940246582,60672,3.948664426803589,,,,,,,,,,
949,0.1508203148841858,0.1508203148841858,RL-sBOED,0.036602020263671875,60736,3.9495410919189453,,,,,,,,,,
950,0.15996095538139343,0.15996095538139343,RL-sBOED,0.03725099563598633,60800,3.9494824409484863,0.1490625,0.1397265625,9,1.8378587068837813,0.0703125,0.15625,0,0.007734375000000001,1001.2022265625,0
951,0.16242188215255737,0.16242188215255737,RL-sBOED,0.035323143005371094,60864,3.9489951133728027,,,,,,,,,,
952,0.1574999988079071,0.1574999988079071,RL-sBOED,0.03639340400695801,60928,3.948864459991455,,,,,,,,,,
953,0.14378906786441803,0.14378906786441803,RL-sBOED,0.037259817123413086,60992,3.9475982189178467,,,,,,,,,,
954,0.15925781428813934,0.15925781428813934,RL-sBOED,0.035280466079711914,61056,3.9482924938201904,,,,,,,,,,
955,0.1420312523841858,0.1420312523841858,RL-sBOED,0.036000967025756836,61120,3.948798179626465,,,,,,,,,,
956,0.14660155773162842,0.14660155773162842,RL-sBOED,0.03746914863586426,61184,3.949409008026123,,,,,,,,,,
957,0.15468750894069672,0.15468750894069672,RL-sBOED,0.034934043884277344,61248,3.949998617172241,,,,,,,,,,
958,0.15855468809604645,0.15855468809604645,RL-sBOED,0.036362648010253906,61312,3.950568199157715,,,,,,,,,,
959,0.14765626192092896,0.14765626192092896,RL-sBOED,0.03739356994628906,61376,3.9502291679382324,,,,,,,,,,
960,0.15046875178813934,0.15046875178813934,RL-sBOED,0.03489065170288086,61440,3.9493136405944824,,,,,,,,,,
961,0.1567968726158142,0.1567968726158142,RL-sBOED,0.03530073165893555,61504,3.948838233947754,,,,,,,,,,
962,0.1648828238248825,0.1648828238248825,RL-sBOED,0.034881591796875,61568,3.9478766918182373,,,,,,,,,,
963,0.15785156190395355,0.15785156190395355,RL-sBOED,0.03475022315979004,61632,3.946420431137085,,,,,,,,,,
964,0.14589843153953552,0.14589843153953552,RL-sBOED,0.03487443923950195,61696,3.9446964263916016,,,,,,,,,,
965,0.16417968273162842,0.16417968273162842,RL-sBOED,0.034995317459106445,61760,3.9442765712738037,,,,,,,,,,
966,0.1567968875169754,0.1567968875169754,RL-sBOED,0.03543829917907715,61824,3.9443156719207764,,,,,,,,,,
967,0.1553906351327896,0.1553906351327896,RL-sBOED,0.03612947463989258,61888,3.9443564414978027,,,,,,,,,,
968,0.15398436784744263,0.15398436784744263,RL-sBOED,0.03724956512451172,61952,3.944378614425659,,,,,,,,,,
969,0.15292969346046448,0.15292969346046448,RL-sBOED,0.034835100173950195,62016,3.9452552795410156,,,,,,,,,,
970,0.15292969346046448,0.15292969346046448,RL-sBOED,0.034941673278808594,62080,3.9466893672943115,,,,,,,,,,
971,0.1560937464237213,0.1560937464237213,RL-sBOED,0.03490424156188965,62144,3.946964979171753,,,,,,,,,,
972,0.1574999988079071,0.1574999988079071,RL-sBOED,0.03502249717712402,62208,3.9468495845794678,,,,,,,,,,
973,0.16277344524860382,0.16277344524860382,RL-sBOED,0.03651595115661621,62272,3.9474520683288574,,,,,,,,,,
974,0.1515234410762787,0.1515234410762787,RL-sBOED,0.03719615936279297,62336,3.9478421211242676,,,,,,,,,,
975,0.14835937321186066,0.14835937321186066,RL-sBOED,0.035286903381347656,62400,3.9478251934051514,0.15082031250000003,0.16667968749999998,5,1.3328734596992906,0.0390625,0.1796875,0,0.010019531250000002,1001.4635546875,0
976,0.14835937321186066,0.14835937321186066,RL-sBOED,0.035141944885253906,62464,3.946990489959717,,,,,,,,,,
977,0.14695313572883606,0.14695313572883606,RL-sBOED,0.03827691078186035,62528,3.946713924407959,,,,,,,,,,
978,0.14906251430511475,0.14906251430511475,RL-sBOED,0.035063743591308594,62592,3.9455313682556152,,,,,,,,,,
979,0.14765626192092896,0.14765626192092896,RL-sBOED,0.035027503967285156,62656,3.9453351497650146,,,,,,,,,,
980,0.15292969346046448,0.15292969346046448,RL-sBOED,0.03500103950500488,62720,3.946200132369995,,,,,,,,,,
981,0.1515234410762787,0.1515234410762787,RL-sBOED,0.034833669662475586,62784,3.947523832321167,,,,,,,,,,
982,0.15925782918930054,0.15925782918930054,RL-sBOED,0.035132408142089844,62848,3.9488325119018555,,,,,,,,,,
983,0.1567968875169754,0.1567968875169754,RL-sBOED,0.034934282302856445,62912,3.9481735229492188,,,,,,,,,,
984,0.16136719286441803,0.16136719286441803,RL-sBOED,0.03496432304382324,62976,3.948442220687866,,,,,,,,,,
985,0.1515234410762787,0.1515234410762787,RL-sBOED,0.03529500961303711,63040,3.948261260986328,,,,,,,,,,
986,0.14660155773162842,0.14660155773162842,RL-sBOED,0.03515267372131348,63104,3.9513959884643555,,,,,,,,,,
987,0.15503905713558197,0.15503905713558197,RL-sBOED,0.03500676155090332,63168,3.9532322883605957,,,,,,,,,,
988,0.15222656726837158,0.15222656726837158,RL-sBOED,0.03819751739501953,63232,3.9546618461608887,,,,,,,,,,
989,0.15292969346046448,0.15292969346046448,RL-sBOED,0.03482985496520996,63296,3.9541640281677246,,,,,,,,,,
990,0.1662890613079071,0.1662890613079071,RL-sBOED,0.03564572334289551,63360,3.9528844356536865,,,,,,,,,,
991,0.14835937321186066,0.14835937321186066,RL-sBOED,0.038249969482421875,63424,3.9523730278015137,,,,,,,,,,
992,0.1508203148841858,0.1508203148841858,RL-sBOED,0.03501248359680176,63488,3.951803207397461,,,,,,,,,,
993,0.1596093773841858,0.1596093773841858,RL-sBOED,0.03560280799865723,63552,3.950782537460327,,,,,,,,,,
994,0.15117187798023224,0.15117187798023224,RL-sBOED,0.03844928741455078,63616,3.950387716293335,,,,,,,,,,
995,0.15855470299720764,0.15855470299720764,RL-sBOED,0.03531956672668457,63680,3.9511001110076904,,,,,,,,,,
996,0.16066406667232513,0.16066406667232513,RL-sBOED,0.03860068321228027,63744,3.9515819549560547,,,,,,,,,,
997,0.15046875178813934,0.15046875178813934,RL-sBOED,0.03510713577270508,63808,3.9514617919921875,,,,,,,,,,
998,0.1691015660762787,0.1691015660762787,RL-sBOED,0.035280466079711914,63872,3.951690673828125,,,,,,,,,,
999,0.15714845061302185,0.15714845061302185,RL-sBOED,0.03468966484069824,63936,3.952162742614746,,,,,,,,,,
1000,0.15398436784744263,0.15398436784744263,RL-sBOED,0.03508639335632324,64000,3.952338218688965,0.14273437500000002,0.17578125,7,1.4870898199182145,0.0546875,0.2109375,0,0.011425781250000001,1001.78515625,0
