system,seed,epoch,train_mean_u_ctrl,validation_mean_u_ctrl,validation_safety,best_validation_mean_u_ctrl,policy_entropy,entropy_t1,entropy_t2,entropy_t3,entropy_coefficient,gradient_norm,gradient_norm_max,policy_gradient_norm,policy_gradient_norm_max,clipping_events,advantage_mean,advantage_std,unique_sequences,dominant_sequence,dominant_sequence_fraction,terminal_cost_unique_count,terminal_cost_modal_fraction,terminal_cost_tied_fraction,potential_telescope_max_error,loss
ieee9,101,0,0.9823076923076925,0.9899999999999999,1.0,0.9899999999999999,3.9682984352111816,3.9877607822418213,3.968085765838623,3.949049711227417,0.0025,0.8011044493088355,0.9450082182884216,0.8011044493088355,0.9450082182884216,0,3.1707503904516883e-08,0.99999854284757,104,8 12 45,0.009615384615384616,1.9230769230769231,0.8653846153846154,0.9038461538461539,0.0,-0.01319988788320468
ieee9,101,1,0.9846153846153848,,,0.9899999999999999,3.967961311340332,3.987767219543457,3.967578649520874,3.948537588119507,0.0025,0.7765608980105474,0.823479413986206,0.7765608980105474,0.8234793543815613,0,1.353999743094811e-08,0.9999996407993846,103,9 26 38,0.019230769230769232,2.1538461538461537,0.8557692307692307,0.8557692307692307,0.0,-0.02012348805482571
ieee9,101,2,0.9853846153846155,,,0.9899999999999999,3.96748948097229,3.987769842147827,3.966864585876465,3.947833776473999,0.0025,0.7734053501716027,0.8246465921401978,0.7734053593415481,0.8246465921401978,0,-1.8877192185475277e-08,0.9999991639576695,104,21 5 2,0.009615384615384616,2.3076923076923075,0.8173076923076923,0.8557692307692307,0.0,-0.028423483841694318
ieee9,101,3,0.9876923076923079,,,0.9899999999999999,3.9666075706481934,3.9877679347991943,3.9655580520629883,3.946495532989502,0.0025,0.778132846722236,0.8365514874458313,0.7781328513072088,0.8365514874458313,0,-6.146728992462158e-08,0.9999986902614042,104,18 45 1,0.009615384615384616,2.076923076923077,0.8365384615384616,0.8942307692307693,0.0,-0.027501440965212308
ieee9,101,4,0.980769230769231,,,0.9899999999999999,3.9658703804016113,3.987759590148926,3.964418888092041,3.9454329013824463,0.0025,0.7953975934248704,0.8581929206848145,0.7953976071797885,0.8581929802894592,0,-3.766483412339137e-08,0.9999993251795952,104,18 52 0,0.009615384615384616,1.9230769230769231,0.875,0.8942307692307693,0.0,-0.026275998984391872
ieee9,101,5,0.9830769230769233,0.9733333333333333,1.0,0.9733333333333333,3.9643571376800537,3.987750768661499,3.9621548652648926,3.943164825439453,0.0025,0.848327820117657,0.9550996422767639,0.8483278292876023,0.9550996422767639,0,-6.741342636255118e-08,0.9999994763489285,104,8 28 23,0.009615384615384616,2.1538461538461537,0.8269230769230769,0.8846153846153846,0.0,-0.05670256740771807
ieee9,101,6,0.9784615384615386,,,0.9733333333333333,3.9578263759613037,3.987748146057129,3.952390193939209,3.933340311050415,0.0025,0.9177954151080205,1.0163242816925049,0.9177954151080205,1.0163241624832153,1,-3.2023168527162994e-08,0.9999984678115761,104,35 33 4,0.009615384615384616,2.0,0.8653846153846154,0.8846153846153846,0.0,-0.05152612179517746
ieee9,101,7,0.9730769230769233,,,0.9733333333333333,3.945270299911499,3.9877419471740723,3.9330952167510986,3.9149727821350098,0.0025,1.0399492795650775,1.1502913236618042,1.0399492933199956,1.1502913236618042,10,-4.9145175860478325e-08,0.9999666711489947,104,40 5 3,0.009615384615384616,1.4615384615384615,0.9038461538461539,0.9711538461538461,0.0,-0.05638002346341427
ieee9,101,8,0.9800000000000002,,,0.9733333333333333,3.919879674911499,3.987726926803589,3.8951668739318848,3.8767447471618652,0.0025,1.2214159140220056,1.4608184099197388,1.2214159140220056,1.4608184099197388,13,-2.3354704563434307e-08,0.9999554038241809,103,0 3 39,0.019230769230769232,1.6923076923076923,0.9038461538461539,0.9230769230769231,0.0,-0.10870161595252845
ieee9,101,9,0.9730769230769233,,,0.9733333333333333,3.8696532249450684,3.9877102375030518,3.8176538944244385,3.803595542907715,0.0025,1.4987459366138165,1.734856367111206,1.498745927443871,1.734856367111206,13,-1.4098790975717398e-07,0.9999959281480809,104,9 46 3,0.009615384615384616,1.6153846153846154,0.9134615384615384,0.9326923076923077,0.0,-0.042723960314805694
ieee9,101,10,0.9784615384615388,0.9733333333333333,1.0,0.9733333333333333,3.8197338581085205,3.9876937866210938,3.7454137802124023,3.7260935306549072,0.0025,1.7093519614293025,1.919712781906128,1.709351924749521,1.9197126626968384,13,-4.011851090651292e-09,0.9999994433019783,104,1 33 10,0.009615384615384616,2.0,0.8653846153846154,0.8846153846153846,0.0,-0.28945732231323534
ieee9,101,11,0.9776923076923079,,,0.9733333333333333,3.6687841415405273,3.9876720905303955,3.5181386470794678,3.500542163848877,0.0025,2.0956848859786987,2.2986714839935303,2.095684913488535,2.2986717224121094,13,-5.573607408083402e-08,0.9999985578570211,104,37 22 3,0.009615384615384616,1.8461538461538463,0.8942307692307693,0.8942307692307693,0.0,0.11234435381797644
ieee9,101,12,0.9823076923076925,,,0.9733333333333333,3.7135260105133057,3.987656831741333,3.580782890319824,3.5721373558044434,0.0025,1.8929654176418598,2.6904263496398926,1.8929654359817505,2.6904263496398926,13,-4.807057288976816e-08,0.9999985378267693,103,23 12 21,0.019230769230769232,1.6923076923076923,0.8942307692307693,0.9326923076923077,0.0,0.14153614883812574
ieee9,101,13,0.9715384615384617,,,0.9733333333333333,3.800283670425415,3.9876456260681152,3.713186502456665,3.7000186443328857,0.0025,1.69588145842919,1.8354476690292358,1.6958814767690806,1.8354477882385254,13,-5.903152319101187e-08,0.999992494578841,104,50 47 23,0.009615384615384616,1.6153846153846154,0.9038461538461539,0.9423076923076923,0.0,-0.07289628111399137
ieee9,101,14,0.9761538461538464,,,0.9733333333333333,3.800692319869995,3.987642526626587,3.714280843734741,3.700153112411499,0.0025,1.6936739958249605,1.9893488883972168,1.6936740233347967,1.9893488883972168,13,-1.3611637628995454e-09,0.9999987593788457,104,8 30 45,0.009615384615384616,1.8461538461538463,0.8846153846153846,0.9038461538461539,0.0,-0.07548758903375039
ieee9,101,15,0.9707692307692312,0.9733333333333333,1.0,0.9733333333333333,3.770493268966675,3.987628936767578,3.6693625450134277,3.6544880867004395,0.0025,1.8046828508377075,2.097325086593628,1.8046828600076528,2.097325086593628,13,-7.386104418681218e-08,0.9999933277548888,102,18 39 38,0.019230769230769232,1.5384615384615385,0.9326923076923077,0.9326923076923077,0.0,0.01226325762959627
ieee9,101,16,0.9730769230769233,,,0.9733333333333333,3.7331440448760986,3.9876134395599365,3.6124513149261475,3.5993669033050537,0.0025,1.837389377447275,2.424798011779785,1.8373893315975482,2.424797773361206,13,-1.9342853472783016e-08,0.9999926564099201,103,27 20 21,0.019230769230769232,1.6153846153846154,0.9038461538461539,0.9423076923076923,0.0,-0.10786115650374156
ieee9,101,17,0.9707692307692309,,,0.9733333333333333,3.687152624130249,3.9876043796539307,3.5377485752105713,3.536104440689087,0.0025,2.0444258543161244,2.323298931121826,2.0444258726560154,2.323298931121826,13,-8.482199448805589e-08,0.9999961447930334,104,19 7 23,0.009615384615384616,1.6153846153846154,0.9230769230769231,0.9230769230769231,0.0,-0.052755335775705486
ieee9,101,18,0.9730769230769233,,,0.9733333333333333,3.7053613662719727,3.987592935562134,3.571957588195801,3.5565333366394043,0.0025,1.9353406887788038,2.3571252822875977,1.935340633759132,2.3571250438690186,13,-8.711448082557091e-08,0.9999958952847817,103,2 23 9,0.019230769230769232,1.5384615384615385,0.9230769230769231,0.9423076923076923,0.0,0.15082278260244772
ieee9,101,19,0.9769230769230771,,,0.9733333333333333,3.7848362922668457,3.9875855445861816,3.6909947395324707,3.6759285926818848,0.0025,1.7729573800013616,2.1183834075927734,1.7729573708314161,2.1183834075927734,13,-3.560517842953022e-08,0.9999988554109998,104,20 30 53,0.009615384615384616,1.8461538461538463,0.8942307692307693,0.8942307692307693,0.0,0.05146306695846411
ieee9,101,20,0.9707692307692309,0.98,1.0,0.9733333333333333,3.8405284881591797,3.987589120864868,3.77860426902771,3.755391836166382,0.0025,1.5040227266458364,1.8055667877197266,1.5040227358157818,1.8055669069290161,13,-6.641046358988835e-08,0.9999892120501527,104,43 13 36,0.009615384615384616,1.6153846153846154,0.9134615384615384,0.9326923076923077,0.0,0.07238151018436138
ieee9,101,21,0.9776923076923081,,,0.9733333333333333,3.8700056076049805,3.9876058101654053,3.821192741394043,3.8012185096740723,0.0025,1.3521001247259288,1.6457703113555908,1.3521001155559833,1.6457703113555908,13,-5.910316338905921e-08,0.9999977405705683,104,29 2 23,0.009615384615384616,1.7692307692307692,0.8846153846153846,0.9230769230769231,0.0,-0.13272669610495752
ieee9,101,22,0.9746153846153848,,,0.9733333333333333,3.841236114501953,3.9876151084899902,3.776610851287842,3.7594821453094482,0.0025,1.434655473782466,1.6894720792770386,1.4346554646125207,1.6894720792770386,13,-6.404633705432599e-08,0.9999983861123881,104,25 30 15,0.009615384615384616,1.6923076923076923,0.9038461538461539,0.9230769230769231,0.0,-0.06360037968708919
ieee9,101,23,0.9846153846153848,,,0.9733333333333333,3.830860137939453,3.9876174926757812,3.7653086185455322,3.739654302597046,0.0025,1.4873867218311017,2.0826053619384766,1.4873866851513202,2.0826051235198975,13,2.9730682189647968e-08,0.9999964834384151,104,37 9 21,0.009615384615384616,2.0,0.8653846153846154,0.8846153846153846,0.0,-0.03643207968427585
ieee9,101,24,0.9861538461538465,,,0.9733333333333333,3.7984068393707275,3.987609386444092,3.712740421295166,3.694871187210083,0.0025,1.531539614383991,1.9487906694412231,1.5315396327238817,1.9487907886505127,13,-4.8357133681957535e-08,0.9999978745498388,104,22 17 9,0.009615384615384616,2.076923076923077,0.8173076923076923,0.9134615384615384,0.0,-0.17147905895343193
ieee9,101,25,0.9700000000000002,0.98,1.0,0.9733333333333333,3.688519239425659,3.9875853061676025,3.5455386638641357,3.5324342250823975,0.0025,1.7839059554613554,2.1961371898651123,1.7839059646313007,2.1961371898651123,13,1.9844334859114426e-08,0.9999945024379325,103,38 3 50,0.019230769230769232,1.6153846153846154,0.9230769230769231,0.9230769230769231,0.0,-0.03526116778644232
ieee9,101,26,0.9738461538461541,,,0.9733333333333333,3.6413679122924805,3.98757266998291,3.4762468338012695,3.4602854251861572,0.0025,1.9828865436407237,2.249788522720337,1.9828865069609423,2.249788522720337,13,-8.603987785486075e-08,0.9999969215408169,104,47 37 5,0.009615384615384616,1.5384615384615385,0.9230769230769231,0.9423076923076923,0.0,-0.1016471844453078
ieee9,101,27,0.9700000000000002,,,0.9733333333333333,3.575669050216675,3.9875693321228027,3.376265048980713,3.363173484802246,0.0025,2.0280766028624315,2.531005620956421,2.0280766028624315,2.531005859375,13,-7.841019676281856e-08,0.9999927363663202,104,39 30 50,0.009615384615384616,1.5384615384615385,0.9230769230769231,0.9423076923076923,0.0,-0.18182812058008635
ieee9,101,28,0.9769230769230771,,,0.9733333333333333,3.51507830619812,3.9875569343566895,3.2907602787017822,3.266918182373047,0.0025,2.232164612183204,2.638784408569336,2.232164658032931,2.638784646987915,13,-1.0223056261356061e-07,0.999996789044019,102,23 30 3,0.019230769230769232,1.8461538461538463,0.8846153846153846,0.9038461538461539,0.0,0.1273198050375168
ieee9,101,29,0.9692307692307695,,,0.9733333333333333,3.4717774391174316,3.987546443939209,3.2232613563537598,3.204524040222168,0.0025,2.2431818063442526,3.0217385292053223,2.243181815514198,3.0217385292053223,13,-7.729977369308472e-08,0.9999906962840063,103,50 30 38,0.019230769230769232,1.6153846153846154,0.9134615384615384,0.9326923076923077,0.0,-0.33618337388795155
ieee9,101,30,0.9800000000000002,0.98,1.0,0.9733333333333333,3.071514129638672,3.9875426292419434,2.602778196334839,2.6242218017578125,0.0025,2.7235577289874735,3.406708240509033,2.723557738157419,3.4067084789276123,13,-1.7122007333315335e-08,0.9999990387296851,104,12 30 41,0.009615384615384616,1.9230769230769231,0.875,0.8942307692307693,0.0,-0.3801591553940223
ieee9,101,31,0.9815384615384617,,,0.9733333333333333,2.7382593154907227,3.9875411987304688,2.1292269229888916,2.0980095863342285,0.0025,2.9640784447009745,3.699005603790283,2.964078371341412,3.699005603790283,13,-6.426125764846802e-08,0.9999975293097381,97,9 21 30,0.038461538461538464,1.6153846153846154,0.8942307692307693,0.9519230769230769,0.0,0.17543352166047463
ieee9,101,32,0.9784615384615386,,,0.9733333333333333,2.9440863132476807,3.9875521659851074,2.448723316192627,2.395984649658203,0.0025,2.8150356641182532,4.572864055633545,2.815035636608417,4.572864055633545,13,-7.644009131651659e-08,0.9999887481373199,100,53 44 21,0.019230769230769232,1.6153846153846154,0.8942307692307693,0.9423076923076923,0.0,-0.06236427563887376
ieee9,101,33,0.9761538461538464,,,0.9733333333333333,2.8142518997192383,3.987558603286743,2.2831475734710693,2.1720492839813232,0.0025,2.763707160949707,3.721406936645508,2.763707215969379,3.721406936645508,13,-8.869056518261249e-08,0.9999951578741101,98,9 21 3,0.019230769230769232,1.7692307692307692,0.9038461538461539,0.9038461538461539,0.0,-0.36372638092591214
ieee9,101,34,0.9769230769230771,,,0.9733333333333333,2.393813371658325,3.9875552654266357,1.4995707273483276,1.6943144798278809,0.0025,2.7155019228275004,4.462584972381592,2.715501913657555,4.462584495544434,13,-1.0244548320770264e-08,0.9999953965108097,90,9 3 21,0.028846153846153848,1.6923076923076923,0.9038461538461539,0.9230769230769231,0.0,0.019348632687559493
ieee9,101,35,0.9861538461538463,0.98,1.0,0.9733333333333333,2.5701842308044434,3.987557888031006,1.8679478168487549,1.8550466299057007,0.0025,3.1093174585929284,4.779675483703613,3.1093174402530375,4.779675483703613,13,-5.8028560418349045e-08,0.9999989761601751,94,43 3 21,0.028846153846153848,2.076923076923077,0.8557692307692307,0.875,0.0,0.13232451104200804
ieee9,101,36,0.9800000000000002,,,0.9733333333333333,2.990657329559326,3.9875638484954834,2.561710834503174,2.4226973056793213,0.0025,2.2569566781704244,2.7928919792175293,2.2569567148502054,2.7928919792175293,13,-3.331269209201519e-08,0.9999995546768102,102,34 3 30,0.019230769230769232,2.0,0.875,0.875,0.0,0.2805878623173787
ieee9,101,37,0.9746153846153849,,,0.9733333333333333,3.376807928085327,3.9875662326812744,3.0718438625335693,3.071013927459717,0.0025,2.115686297416687,3.1787590980529785,2.1156862882467418,3.1787593364715576,13,-5.8028560418349045e-08,0.9999971797077791,103,41 44 21,0.019230769230769232,1.6153846153846154,0.9134615384615384,0.9326923076923077,0.0,0.09593495955834022
ieee9,101,38,0.9753846153846156,,,0.9733333333333333,3.4675755500793457,3.987553596496582,3.2215826511383057,3.193589925765991,0.0025,1.9994985507084773,2.7706339359283447,1.9994985140286958,2.7706339359283447,13,-6.727014596645648e-08,0.9999972896684141,103,24 21 44,0.019230769230769232,1.7692307692307692,0.9038461538461539,0.9038461538461539,0.0,-0.2458897543927798
ieee9,101,39,0.9700000000000002,,,0.9733333333333333,3.3976776599884033,3.987537384033203,3.1116573810577393,3.0938382148742676,0.0025,2.150744291452261,2.7118170261383057,2.1507443006222067,2.7118170261383057,13,-4.606464734444251e-08,0.9999930082790853,100,41 3 21,0.019230769230769232,1.4615384615384615,0.9326923076923077,0.9519230769230769,0.0,0.09421199818070118
ieee9,101,40,0.9800000000000003,0.98,1.0,0.9733333333333333,3.3239707946777344,3.9875268936157227,2.976794958114624,3.0075907707214355,0.0025,2.026597343958341,2.5647096633911133,2.0265973256184506,2.5647096633911133,13,-6.701940527329079e-08,0.9999987834109141,101,20 3 21,0.028846153846153848,1.9230769230769231,0.8846153846153846,0.8846153846153846,0.0,-0.3352674591140105
ieee9,101,41,0.9853846153846155,,,0.9733333333333333,3.161579132080078,3.9875080585479736,2.740609884262085,2.756619691848755,0.0025,2.6209306441820583,3.653003454208374,2.620930690031785,3.653003454208374,13,-1.7551848521599403e-08,0.9999992930733388,102,35 21 43,0.019230769230769232,1.9230769230769231,0.875,0.8942307692307693,0.0,-0.3364372763496179
ieee9,101,42,0.9861538461538463,,,0.9733333333333333,2.9054603576660156,3.987489938735962,2.2651071548461914,2.4637844562530518,0.0025,2.2803732340152445,3.0465171337127686,2.2803732065054088,3.0465171337127686,13,-4.147967466941247e-08,0.9999978279164483,101,38 21 3,0.028846153846153848,1.7692307692307692,0.8653846153846154,0.9230769230769231,0.0,-0.2491133248863312
ieee9,101,43,0.9815384615384618,,,0.9733333333333333,2.6472434997558594,3.9874818325042725,1.845318078994751,2.108930826187134,0.0025,2.8316462223346415,4.12811279296875,2.831646176484915,4.128112316131592,13,-1.110064868743603e-07,0.9999987109248574,98,17 21 3,0.019230769230769232,1.6923076923076923,0.8942307692307693,0.9326923076923077,0.0,-0.05255064654808778
ieee9,101,44,0.9746153846153849,,,0.9733333333333333,2.3214590549468994,3.987487316131592,1.3849023580551147,1.5919870138168335,0.0025,2.797444228942578,3.958662271499634,2.7974442060177145,3.958662509918213,12,-7.464908636533298e-08,0.9999951816108055,90,38 21 35,0.0673076923076923,1.5384615384615385,0.9134615384615384,0.9519230769230769,0.0,0.0782287735491991
ieee9,101,45,0.9715384615384617,0.98,1.0,0.9733333333333333,2.007516384124756,3.987478494644165,0.9653019309043884,1.0697680711746216,0.0025,2.36841528232281,4.428313255310059,2.3684153098326464,4.428313255310059,13,-2.242338198881883e-08,0.9999970364926517,79,14 21 35,0.04807692307692308,1.6153846153846154,0.9230769230769231,0.9230769230769231,0.0,0.029281841447720162
ieee9,101,46,0.9707692307692312,,,0.9733333333333333,2.0929765701293945,3.987474203109741,1.0790156126022339,1.2124396562576294,0.0025,2.636932822374197,3.9980742931365967,2.636932767354525,3.9980740547180176,13,-1.5187721986037033e-08,0.9999918240802694,81,24 21 35,0.038461538461538464,1.5384615384615385,0.9326923076923077,0.9326923076923077,0.0,0.25578853803185314
ieee9,101,47,0.9753846153846155,,,0.9733333333333333,2.4160802364349365,3.987478733062744,1.5688544511795044,1.6919077634811401,0.0025,2.1542586454978356,2.812535285949707,2.154258663837726,2.812535285949707,13,-7.550876874190111e-08,0.9999948097996408,94,13 21 35,0.038461538461538464,1.6153846153846154,0.9134615384615384,0.9326923076923077,0.0,0.2922603419193855
ieee9,101,48,0.9776923076923079,,,0.9733333333333333,2.974395275115967,3.9874749183654785,2.4420087337493896,2.4937028884887695,0.0025,2.1672707429298987,2.56779146194458,2.167270687910227,2.567791700363159,13,5.7312158437875604e-09,0.9999995542093831,99,38 21 35,0.028846153846153848,2.076923076923077,0.8653846153846154,0.8653846153846154,0.0,0.019313029371775113
ieee9,101,49,0.9723076923076927,,,0.9733333333333333,3.1712026596069336,3.987467050552368,2.7943170070648193,2.7318246364593506,0.0025,2.186049167926495,2.8262972831726074,2.1860491312467136,2.8262972831726074,13,-2.7796396842369667e-08,0.9999972072951233,102,38 3 20,0.019230769230769232,1.6923076923076923,0.9038461538461539,0.9230769230769231,0.0,-0.22303066245065287
ieee9,101,50,0.9684615384615387,0.9899999999999999,1.0,0.9733333333333333,3.0248773097991943,3.987456798553467,2.540883779525757,2.546292304992676,0.0025,2.5780507142727194,3.4988906383514404,2.578050677592938,3.4988906383514404,13,-8.747268181580763e-08,0.9999899623516687,100,3 35 21,0.019230769230769232,1.3846153846153846,0.9423076923076923,0.9615384615384616,0.0,-0.18727724769940743
ieee9,101,51,0.9769230769230771,,,0.9733333333333333,2.9552998542785645,3.9874510765075684,2.497588634490967,2.3808600902557373,0.0025,2.5493435584581814,3.456371784210205,2.5493435584581814,3.456371784210205,13,-5.888824279491718e-08,0.9999947342351225,101,19 35 21,0.019230769230769232,1.5384615384615385,0.9134615384615384,0.9423076923076923,0.0,-0.08095865811292942
ieee9,101,52,0.9723076923076925,,,0.9733333333333333,2.8420488834381104,3.987459659576416,2.2903058528900146,2.2483811378479004,0.0025,2.3163740084721494,3.5507709980010986,2.316374045151931,3.5507712364196777,13,2.242338198881883e-08,0.99999676298868,98,34 21 35,0.019230769230769232,1.6153846153846154,0.9230769230769231,0.9230769230769231,0.0,-0.04196999236368216
ieee9,101,53,0.9684615384615387,,,0.9733333333333333,2.8193507194519043,3.987466335296631,2.2738518714904785,2.196734666824341,0.0025,2.458900570869446,3.406248092651367,2.4589005341896644,3.406248092651367,13,3.008888317988469e-09,0.9999919344160918,103,49 3 44,0.019230769230769232,1.4615384615384615,0.9326923076923077,0.9519230769230769,0.0,-0.15280459334070867
ieee9,101,54,0.9784615384615386,,,0.9733333333333333,2.7029168605804443,3.9874753952026367,2.0951108932495117,2.0261635780334473,0.0025,2.602871890251453,4.820854663848877,2.602871922346262,4.820854663848877,12,-1.6835446541125958e-08,0.9999989382264687,96,14 21 3,0.019230769230769232,1.8461538461538463,0.8653846153846154,0.9134615384615384,0.0,-0.4608177084189195
ieee9,101,55,0.990769230769231,0.9700000000000001,1.0,0.9700000000000001,2.251840353012085,3.987478494644165,1.4754996299743652,1.2925429344177246,0.0025,2.2675909170737634,3.4135615825653076,2.2675909262437086,3.4135615825653076,13,-3.7467823578761177e-08,0.999998921315446,79,14 21 3,0.04807692307692308,2.1538461538461537,0.8173076923076923,0.8846153846153846,0.0,-0.516641317651822
ieee9,101,56,0.9769230769230771,,,0.9700000000000001,1.9977737665176392,3.9874703884124756,1.0829700231552124,0.9228808879852295,0.0025,2.412639844876069,4.686396598815918,2.412639844876069,4.68639612197876,11,-7.285808141414935e-08,0.9999970783387222,77,9 21 3,0.038461538461538464,1.6153846153846154,0.9134615384615384,0.9326923076923077,0.0,-0.2735124138685373
ieee9,101,57,0.9800000000000002,,,0.9700000000000001,1.8917044401168823,3.9874613285064697,0.9485412240028381,0.7391112446784973,0.0025,2.6060863504042993,4.765575885772705,2.606086423763862,4.765575885772705,10,1.7910049511836126e-09,0.999997961555004,74,50 21 3,0.038461538461538464,1.8461538461538463,0.875,0.9134615384615384,0.0,-0.28793042640273386
ieee9,101,58,0.9769230769230771,,,0.9700000000000001,2.077033758163452,3.9874627590179443,1.2232458591461182,1.0203925371170044,0.0025,2.2507446087323704,5.611013889312744,2.250744640827179,5.611014366149902,11,-2.2065180998582107e-08,0.9999982363467304,82,42 21 3,0.04807692307692308,1.7692307692307692,0.9038461538461539,0.9038461538461539,0.0,0.15397747204853937
ieee9,101,59,0.9746153846153848,,,0.9700000000000001,2.5349326133728027,3.987467050552368,1.9178396463394165,1.6994909048080444,0.0025,2.8473396117870626,4.22516393661499,2.847339620957008,4.22516393661499,13,-2.5360630108759953e-08,0.9999965877267906,95,33 21 3,0.019230769230769232,1.6923076923076923,0.9134615384615384,0.9134615384615384,0.0,0.39237706477825457
ieee9,101,60,0.9784615384615386,0.9833333333333334,1.0,0.9700000000000001,2.8172383308410645,3.987468719482422,2.3095550537109375,2.154691219329834,0.0025,2.8145101070404053,4.455589294433594,2.814510015340952,4.455589294433594,13,-4.706761011710534e-08,0.9999946689772932,100,10 44 3,0.019230769230769232,1.8461538461538463,0.8846153846153846,0.9038461538461539,0.0,0.20557130586642486
ieee9,101,61,0.9723076923076927,,,0.9700000000000001,3.1042420864105225,3.9874610900878906,2.697951078414917,2.627315044403076,0.0025,2.3057205310234656,3.208239793777466,2.3057205310234656,3.208239793777466,13,-6.8058188144977274e-09,0.9999971076618828,101,41 21 3,0.019230769230769232,1.6153846153846154,0.9134615384615384,0.9326923076923077,0.0,0.05098743507495293
ieee9,101,62,0.9653846153846156,,,0.9700000000000001,3.167954206466675,3.987440824508667,2.7731707096099854,2.7432520389556885,0.0025,2.1312461449549747,2.774752140045166,2.1312460807653575,2.774751901626587,13,-6.812982834302463e-08,0.999907353634475,103,25 21 3,0.019230769230769232,1.3076923076923077,0.9519230769230769,0.9711538461538461,0.0,-0.21596896017973238
ieee9,101,63,0.9769230769230771,,,0.9700000000000001,3.0553576946258545,3.987442970275879,2.621354818344116,2.5572750568389893,0.0025,2.4576092775051412,4.043684005737305,2.4576092683351956,4.043684005737305,13,-1.128333119245676e-07,0.9999974478119633,101,41 3 35,0.019230769230769232,1.6923076923076923,0.9038461538461539,0.9230769230769231,0.0,-0.20924586258255518
ieee9,101,64,0.9915384615384618,,,0.9700000000000001,2.9225761890411377,3.987450122833252,2.4212465286254883,2.3590316772460938,0.0025,2.4963172399080715,3.643559455871582,2.496317221568181,3.643559217453003,13,-7.16401980473445e-09,0.9999993239391101,100,35 21 3,0.028846153846153848,2.1538461538461537,0.8269230769230769,0.8846153846153846,0.0,-0.14880916820122644
ieee9,101,65,0.9784615384615386,0.9833333333333334,1.0,0.9700000000000001,2.9550585746765137,3.987438440322876,2.477867364883423,2.399868965148926,0.0025,2.5109161872130175,3.234656810760498,2.5109161597031813,3.234656810760498,13,-1.2322114064143253e-08,0.9999991507367796,104,18 21 39,0.009615384615384616,1.9230769230769231,0.8846153846153846,0.8846153846153846,0.0,0.32925127160090667
ieee9,101,66,0.9700000000000002,,,0.9700000000000001,3.243281841278076,3.9874191284179688,2.8844358921051025,2.857990026473999,0.0025,2.4813569509066067,3.5795979499816895,2.4813570150962243,3.5795979499816895,13,-1.275195525242732e-08,0.9999940839109074,103,29 43 3,0.019230769230769232,1.4615384615384615,0.9423076923076923,0.9423076923076923,0.0,0.022731368358318623
ieee9,101,67,0.9792307692307696,,,0.9700000000000001,3.259355306625366,3.98738956451416,2.9259772300720215,2.864699363708496,0.0025,2.4186868025706363,3.5258209705352783,2.418686811740582,3.5258209705352783,13,-9.241585548107441e-09,0.9999977727331693,104,19 35 44,0.009615384615384616,1.8461538461538463,0.875,0.9134615384615384,0.0,-0.4179018781735347
ieee9,101,68,0.9800000000000002,,,0.9700000000000001,3.0579540729522705,3.9873745441436768,2.6668241024017334,2.5196633338928223,0.0025,2.4318604194200955,3.229544162750244,2.431860483609713,3.229544162750244,13,-1.0785431816027715e-07,0.9999986335921014,103,52 21 35,0.019230769230769232,1.8461538461538463,0.875,0.9134615384615384,0.0,-0.01418000001173753
ieee9,101,69,0.9830769230769234,,,0.9700000000000001,2.965526819229126,3.9873738288879395,2.5289688110351562,2.3802378177642822,0.0025,2.7744160156983595,4.085012912750244,2.7744160432081957,4.085012912750244,13,-1.1390791489527776e-07,0.9999952646193601,101,51 35 21,0.019230769230769232,1.7692307692307692,0.8846153846153846,0.9230769230769231,0.0,0.4986658079119829
ieee9,101,70,0.9715384615384617,0.98,1.0,0.9700000000000001,3.191091537475586,3.9873642921447754,2.823655366897583,2.7622549533843994,0.0025,2.212549383823688,2.9416916370391846,2.2125493471439066,2.9416913986206055,13,-8.589659745876605e-08,0.999996264123973,102,17 35 3,0.028846153846153848,1.5384615384615385,0.9230769230769231,0.9423076923076923,0.0,-0.37957587666236436
ieee9,101,71,0.9761538461538464,,,0.9700000000000001,3.2037177085876465,3.987335443496704,2.8207666873931885,2.8030507564544678,0.0025,2.3132375478744507,3.1526970863342285,2.3132375203646145,3.1526968479156494,13,-3.417237446858333e-08,0.9999930633355792,102,9 21 35,0.019230769230769232,1.6153846153846154,0.9134615384615384,0.9326923076923077,0.0,0.1825590981886937
ieee9,101,72,0.9707692307692309,,,0.9700000000000001,3.263493776321411,3.987334966659546,2.923032283782959,2.8801140785217285,0.0025,2.3367740282645593,2.98732590675354,2.336774019094614,2.98732590675354,13,-1.2415246321604803e-07,0.9999970749730006,104,33 1 3,0.009615384615384616,1.4615384615384615,0.9423076923076923,0.9423076923076923,0.0,-0.2665113153365942
ieee9,101,73,0.9730769230769234,,,0.9700000000000001,3.1852428913116455,3.9873390197753906,2.826469898223877,2.741919994354248,0.0025,2.223664347942059,3.059495687484741,2.223664329602168,3.059495687484741,13,-3.230972931935237e-08,0.999996593439682,101,44 45 21,0.019230769230769232,1.5384615384615385,0.9134615384615384,0.9519230769230769,0.0,-0.039924721305186935
ieee9,101,74,0.9807692307692311,,,0.9700000000000001,3.022259473800659,3.9873385429382324,2.5853524208068848,2.4940872192382812,0.0025,2.277189144721398,3.3575401306152344,2.277189163061289,3.3575401306152344,13,2.034581624544584e-08,0.999999205757611,101,28 3 21,0.019230769230769232,1.7692307692307692,0.8846153846153846,0.9230769230769231,0.0,-0.06945246128508678
ieee9,101,75,0.9769230769230771,0.9833333333333334,1.0,0.9700000000000001,2.9060912132263184,3.9873476028442383,2.3754208087921143,2.3555047512054443,0.0025,2.6707845284388614,3.4677529335021973,2.6707845284388614,3.4677531719207764,13,1.131915129148043e-08,0.9999979682083958,101,14 21 39,0.019230769230769232,1.8461538461538463,0.8942307692307693,0.8942307692307693,0.0,-0.47117477426162135
ieee9,101,76,0.9723076923076925,,,0.9700000000000001,2.7014033794403076,3.9873554706573486,2.114337682723999,2.002516746520996,0.0025,2.773546659029447,4.002952575683594,2.773546714049119,4.002953052520752,12,-4.753327140441308e-08,0.9999961507832399,97,14 39 3,0.028846153846153848,1.5384615384615385,0.9230769230769231,0.9423076923076923,0.0,-0.2576442393832482
ieee9,101,77,0.9769230769230771,,,0.9700000000000001,2.5756893157958984,3.9873507022857666,1.8689059019088745,1.8708115816116333,0.0025,3.0323811769485474,4.365164756774902,3.032381195288438,4.365164756774902,13,-7.93773394364577e-08,0.9999932505959036,98,6 3 21,0.019230769230769232,1.5384615384615385,0.9134615384615384,0.9519230769230769,0.0,-0.136850410929093
ieee9,101,78,0.9715384615384617,,,0.9700000000000001,2.4221668243408203,3.9873440265655518,1.6955351829528809,1.5836212635040283,0.0025,2.9549649953842163,4.691421985626221,2.9549650228940525,4.691421985626221,13,-1.131915129148043e-08,0.999997212080817,100,25 3 35,0.019230769230769232,1.3846153846153846,0.9326923076923077,0.9711538461538461,0.0,-0.1491787015245511
ieee9,101,79,0.9792307692307693,,,0.9700000000000001,2.4548966884613037,3.987346649169922,1.7571265697479248,1.620216965675354,0.0025,2.4311224405582132,3.657905101776123,2.4311224038784323,3.657905101776123,12,1.7551848521599403e-08,0.9999969858612854,100,10 3 21,0.019230769230769232,1.6153846153846154,0.9038461538461539,0.9423076923076923,0.0,0.12477238820149349
ieee9,101,80,0.9630769230769233,0.98,1.0,0.9700000000000001,2.5063977241516113,3.9873437881469727,1.866590976715088,1.6652582883834839,0.0025,2.892069935798645,4.482105255126953,2.8920699816483717,4.482105731964111,13,-3.073364496231079e-08,0.9999733879081913,99,12 3 21,0.019230769230769232,1.1538461538461537,0.9807692307692307,0.9807692307692307,0.0,-0.06654643754546459
ieee9,101,81,0.9730769230769233,,,0.9700000000000001,2.4968385696411133,3.987327814102173,1.8659305572509766,1.6372572183609009,0.0025,3.246293847377484,4.414211750030518,3.246293829037593,4.414211750030518,13,-7.88758580501263e-08,0.9999884045633849,97,14 35 21,0.028846153846153848,1.6923076923076923,0.9134615384615384,0.9134615384615384,0.0,0.18692279607057571
ieee9,101,82,0.9676923076923079,,,0.9700000000000001,2.490084409713745,3.9873082637786865,1.8112040758132935,1.6717408895492554,0.0025,3.0075806104219875,3.79801869392395,3.0075806837815504,3.79801869392395,13,-1.8698091690356915e-08,0.999988277838179,101,47 21 3,0.019230769230769232,1.5384615384615385,0.9326923076923077,0.9326923076923077,0.0,-0.4620015002213992
ieee9,101,83,0.9807692307692311,,,0.9700000000000001,2.3680505752563477,3.98730731010437,1.616873860359192,1.4999712705612183,0.0025,3.0746717269604025,5.300466537475586,3.0746717911500197,5.300466537475586,13,1.4972801391895e-08,0.9999986497594189,93,14 3 21,0.019230769230769232,1.7692307692307692,0.8653846153846154,0.9326923076923077,0.0,-0.1337131213110227
ieee9,101,84,0.9769230769230771,,,0.9700000000000001,2.294520378112793,3.9873061180114746,1.5227398872375488,1.3735158443450928,0.0025,3.5598997244468102,6.155189514160156,3.5598997932214003,6.1551899909973145,12,-2.5432270306807297e-08,0.9999986976988634,94,44 3 21,0.019230769230769232,1.8461538461538463,0.8846153846153846,0.9038461538461539,0.0,-0.23936401250270697
ieee9,101,85,0.9723076923076927,0.9700000000000001,1.0,0.9700000000000001,2.3164193630218506,3.9873135089874268,1.5880811214447021,1.373863697052002,0.0025,3.496405693200918,5.108668804168701,3.4964057298806996,5.108668804168701,13,-5.917480358710656e-08,0.9999980889462694,90,28 21 39,0.028846153846153848,1.6923076923076923,0.9134615384615384,0.9134615384615384,0.0,0.0217724098609044
ieee9,101,86,0.9792307692307696,,,0.9700000000000001,2.307786226272583,3.9873147010803223,1.591853380203247,1.3441895246505737,0.0025,3.8438749129955587,6.483171463012695,3.8438748763157773,6.483171463012695,13,-9.821871152290932e-08,0.9999980255226797,100,20 21 3,0.019230769230769232,1.8461538461538463,0.8942307692307693,0.8942307692307693,0.0,-0.1656928569651567
ieee9,101,87,0.9761538461538464,,,0.9700000000000001,2.2118337154388428,3.9873201847076416,1.4706662893295288,1.1775145530700684,0.0025,3.1487205853829017,4.977405548095703,3.148720512023339,4.977405548095703,13,-1.096095030124371e-08,0.9999960043483366,94,53 3 35,0.019230769230769232,1.6923076923076923,0.9038461538461539,0.9230769230769231,0.0,0.18830832007985848
ieee9,101,88,0.9784615384615386,,,0.9700000000000001,2.183607339859009,3.9873292446136475,1.4183965921401978,1.1450964212417603,0.0025,2.6361168393721948,4.070369720458984,2.636116784352523,4.070369720458984,12,-9.162781330255362e-08,0.9999915078528745,93,13 3 35,0.028846153846153848,1.6923076923076923,0.8846153846153846,0.9326923076923077,0.0,-0.16098705535897842
ieee9,101,89,0.9730769230769233,,,0.9700000000000001,2.1686952114105225,3.987318277359009,1.3732997179031372,1.1454678773880005,0.0025,3.26014990072984,6.033446788787842,3.260149827370277,6.033446311950684,13,-9.392029964006863e-08,0.9999945309085861,94,34 35 3,0.028846153846153848,1.4615384615384615,0.9326923076923077,0.9519230769230769,0.0,-0.01995650865137577
ieee9,101,90,0.9746153846153848,0.9833333333333334,1.0,0.9700000000000001,2.1134390830993652,3.987307548522949,1.2288438081741333,1.1241660118103027,0.0025,3.1519838938346276,4.277707576751709,3.15198382964501,4.277707576751709,13,-3.424401466663067e-08,0.9999986002090862,88,13 35 21,0.028846153846153848,1.7692307692307692,0.9038461538461539,0.9038461538461539,0.0,-0.15470076008484915
ieee9,101,91,0.9715384615384617,,,0.9700000000000001,2.053119421005249,3.9873099327087402,1.1836249828338623,0.9884237051010132,0.0025,2.986445454450754,5.720973014831543,2.986445440695836,5.720972537994385,11,-1.126900315284729e-07,0.9999918594457506,86,29 35 21,0.028846153846153848,1.4615384615384615,0.9326923076923077,0.9519230769230769,0.0,-0.3699335220914621
ieee9,101,92,0.9653846153846156,,,0.9700000000000001,1.9191784858703613,3.9873127937316895,0.9466686248779297,0.8235541582107544,0.0025,3.9045667281517615,7.835305213928223,3.9045667189818163,7.835305213928223,13,-8.424887290367714e-08,0.9999840440442432,86,21 35 3,0.028846153846153848,1.3076923076923077,0.9615384615384616,0.9615384615384616,0.0,-0.17490677227481052
ieee9,101,93,0.9738461538461541,,,0.9700000000000001,1.8859601020812988,3.987304449081421,1.010390043258667,0.6601855754852295,0.0025,3.483471081807063,7.239925861358643,3.483471081807063,7.239925861358643,13,-1.7265287729410026e-08,0.9999968514486907,82,6 21 35,0.04807692307692308,1.6923076923076923,0.9038461538461539,0.9230769230769231,0.0,-0.2746674202812406
ieee9,101,94,0.9653846153846157,,,0.9700000000000001,1.8554726839065552,3.9873085021972656,0.8851003050804138,0.6940096616744995,0.0025,2.9219781320828657,6.604434490203857,2.921978134375352,6.604435443878174,10,-7.973554042669443e-08,0.9999895556537434,81,14 35 21,0.038461538461538464,1.3076923076923077,0.9519230769230769,0.9711538461538461,0.0,0.11683904487066545
ieee9,101,95,0.9700000000000002,0.9833333333333334,1.0,0.9700000000000001,1.92561674118042,3.987307071685791,1.0321266651153564,0.7574163675308228,0.0025,3.030298567735232,7.447532653808594,3.0302985860751224,7.447533130645752,12,-6.676866458012508e-08,0.9999926384921152,81,21 35 39,0.038461538461538464,1.4615384615384615,0.9423076923076923,0.9423076923076923,0.0,0.2214068420804464
ieee9,101,96,0.9707692307692309,,,0.9700000000000001,2.0741922855377197,3.9873011112213135,1.2898902893066406,0.9453855752944946,0.0025,3.418378628217257,4.985113620758057,3.4183784814981313,4.985113143920898,13,-7.178347844343919e-08,0.9999956293457212,92,4 35 39,0.019230769230769232,1.4615384615384615,0.9423076923076923,0.9423076923076923,0.0,0.015907315680613883
ieee9,101,97,0.9723076923076927,,,0.9700000000000001,2.1020781993865967,3.987295627593994,1.353745937347412,0.9651926755905151,0.0025,3.2141998731173,5.721750736236572,3.2141999097970815,5.7217512130737305,13,6.734178616450383e-09,0.999994408774333,94,27 39 35,0.019230769230769232,1.3846153846153846,0.9326923076923077,0.9711538461538461,0.0,-0.12162983489151184
ieee9,101,98,0.9761538461538464,,,0.9700000000000001,2.058202028274536,3.9872934818267822,1.261128544807434,0.9261839985847473,0.0025,2.886523045026339,3.9435369968414307,2.8865230725361752,3.9435369968414307,13,-6.898951071959276e-08,0.9999906886299024,91,21 39 35,0.028846153846153848,1.6923076923076923,0.9134615384615384,0.9134615384615384,0.0,-0.03805764621266952
ieee9,101,99,0.9769230769230771,,,0.9700000000000001,2.045081615447998,3.987281322479248,1.225752353668213,0.9222111105918884,0.0025,2.96928740464724,4.612031936645508,2.969287422987131,4.612031936645508,13,-1.6491573590498703e-07,0.9999987619108012,88,6 21 35,0.028846153846153848,1.6153846153846154,0.9230769230769231,0.9230769230769231,0.0,-0.039359958412555546
ieee9,101,100,0.9715384615384617,0.9733333333333333,1.0,0.9700000000000001,2.0098876953125,3.9872732162475586,1.1033793687820435,0.9390100836753845,0.0025,2.5347113609313965,5.140707015991211,2.5347114159510684,5.140707015991211,13,8.883384557870718e-09,0.9999964514947828,84,17 39 35,0.038461538461538464,1.6153846153846154,0.9134615384615384,0.9326923076923077,0.0,-0.03495953232049942
ieee9,101,101,0.9776923076923079,,,0.9700000000000001,1.969846248626709,3.9872641563415527,1.1150990724563599,0.8071753978729248,0.0025,1.8470745591016917,4.169837951660156,1.8470745155444512,4.169837474822998,9,-2.4071106543907753e-08,0.9999960993067009,78,10 39 35,0.038461538461538464,1.6923076923076923,0.9134615384615384,0.9134615384615384,0.0,0.033120095156706296
ieee9,101,102,0.9761538461538464,,,0.9700000000000001,2.007929801940918,3.9872567653656006,1.147944688796997,0.888588547706604,0.0025,2.121515718790201,4.301399230957031,2.121515691280365,4.301399230957031,11,-2.023835594837482e-08,0.999998269622686,83,40 39 35,0.038461538461538464,1.6923076923076923,0.9038461538461539,0.9230769230769231,0.0,0.028421915781039458
ieee9,101,103,0.9723076923076927,,,0.9700000000000001,2.1787188053131104,3.987248659133911,1.3019335269927979,1.2469744682312012,0.0025,2.7770295234826894,3.920802593231201,2.777029486802908,3.920802593231201,13,-7.106707646296574e-08,0.999994294859207,91,9 39 35,0.038461538461538464,1.5384615384615385,0.9326923076923077,0.9326923076923077,0.0,-0.18876550174676454
ieee9,101,104,0.9723076923076927,,,0.9700000000000001,2.2177622318267822,3.9872500896453857,1.3973429203033447,1.2686940431594849,0.0025,2.5748765743695774,4.6275200843811035,2.574876537689796,4.627519607543945,13,-2.034581624544584e-08,0.9999969879659313,91,14 39 35,0.028846153846153848,1.4615384615384615,0.9326923076923077,0.9519230769230769,0.0,-0.01624428337583175
ieee9,101,105,0.9707692307692309,0.9733333333333333,1.0,0.9700000000000001,2.203495502471924,3.987259864807129,1.3828803300857544,1.24034583568573,0.0025,2.4700717467528124,4.1334967613220215,2.470071765092703,4.1334967613220215,13,-1.1240347073628352e-07,0.9999934950400495,91,52 39 35,0.028846153846153848,1.4615384615384615,0.9326923076923077,0.9519230769230769,0.0,-0.16686989940129793
ieee9,101,106,0.9692307692307695,,,0.9700000000000001,2.1875908374786377,3.98726749420166,1.2418040037155151,1.3337006568908691,0.0025,2.3376393134777365,3.8320257663726807,2.337639340987572,3.832026243209839,13,-1.1347807370699368e-07,0.9999794556137444,93,40 39 3,0.019230769230769232,1.3846153846153846,0.9423076923076923,0.9615384615384616,0.0,-0.0237811694924648
ieee9,101,107,0.9692307692307695,,,0.9700000000000001,2.2126359939575195,3.9872679710388184,0.9839478135108948,1.6666922569274902,0.0025,2.3001854052910438,3.3885557651519775,2.3001853686112623,3.3885555267333984,13,-4.799893269172082e-08,0.9999053195870848,93,35 39 37,0.028846153846153848,1.3076923076923077,0.9519230769230769,0.9711538461538461,0.0,0.2268136478960514
ieee9,101,108,0.9723076923076925,,,0.9700000000000001,2.511333703994751,3.987264394760132,1.6186106204986572,1.9281264543533325,0.0025,2.0737781891456017,2.756026268005371,2.0737781891456017,2.756026268005371,12,-4.506168457177969e-08,0.9999929700789046,97,46 39 35,0.028846153846153848,1.6153846153846154,0.9230769230769231,0.9230769230769231,0.0,-0.14642796493493593
ieee9,101,109,0.987692307692308,,,0.9700000000000001,2.8232715129852295,3.987267017364502,2.2175099849700928,2.2650370597839355,0.0025,2.3520454443418064,2.874375343322754,2.352045407662025,2.874375104904175,13,-1.898465248254629e-08,0.9999995636989298,103,18 35 39,0.019230769230769232,2.076923076923077,0.8461538461538461,0.8846153846153846,0.0,-0.24634720155825982
ieee9,101,110,0.9684615384615387,0.9733333333333333,1.0,0.9700000000000001,2.771233558654785,3.9872822761535645,2.1390016078948975,2.1874163150787354,0.0025,2.624175484363849,4.242227077484131,2.6241754476840677,4.242226600646973,13,-2.579047129704402e-08,0.9999961263458422,99,47 35 39,0.019230769230769232,1.4615384615384615,0.9423076923076923,0.9423076923076923,0.0,-0.07911732334357041
ieee9,101,111,0.9746153846153848,,,0.9700000000000001,2.6616883277893066,3.9872729778289795,1.994800329208374,2.0029921531677246,0.0025,2.7983803015488844,3.9854071140289307,2.7983803290587206,3.9854071140289307,13,-3.632158041000366e-08,0.9999978841329165,100,34 35 39,0.028846153846153848,1.6153846153846154,0.9230769230769231,0.9230769230769231,0.0,-0.31757985714536446
ieee9,101,112,0.9769230769230771,,,0.9700000000000001,2.499436616897583,3.9872636795043945,1.6759599447250366,1.8350859880447388,0.0025,2.501887642420255,4.489218711853027,2.5018875874005833,4.489218235015869,13,-1.4757880797752968e-08,0.9999970089927027,96,47 35 39,0.019230769230769232,1.7692307692307692,0.8942307692307693,0.9134615384615384,0.0,-0.09709954605652736
ieee9,101,113,0.9761538461538463,,,0.9700000000000001,2.32893967628479,3.9872653484344482,1.4759089946746826,1.5236443281173706,0.0025,2.2532366605905385,4.440823554992676,2.2532365872309756,4.440822601318359,13,-1.2680315054379976e-08,0.9999989440393612,94,1 39 35,0.028846153846153848,1.9230769230769231,0.8846153846153846,0.8846153846153846,0.0,0.2054683074641686
ieee9,101,114,0.9723076923076925,,,0.9700000000000001,2.4957478046417236,3.9872677326202393,1.7746922969818115,1.7252837419509888,0.0025,2.6942533804820132,4.07631778717041,2.6942534263317404,4.07631778717041,13,-5.3228667149176964e-08,0.9999966973681921,96,27 35 39,0.019230769230769232,1.6153846153846154,0.9134615384615384,0.9326923076923077,0.0,-0.2136569653566067
ieee9,101,115,0.9769230769230771,0.9733333333333333,1.0,0.9700000000000001,2.538879871368408,3.9872491359710693,1.7597770690917969,1.8696134090423584,0.0025,2.2043434289785533,3.471334218978882,2.2043434381484985,3.4713339805603027,13,-2.550391050485464e-08,0.999998595027893,98,35 39 21,0.028846153846153848,1.9230769230769231,0.8846153846153846,0.8846153846153846,0.0,0.07418439766535392
ieee9,101,116,0.9623076923076925,,,0.9700000000000001,2.63226318359375,3.98724627494812,1.983058214187622,1.9264843463897705,0.0025,2.4416499596375685,4.223808765411377,2.4416499321277323,4.223808765411377,13,-3.97603099162762e-08,0.9987882154402012,96,8 35 39,0.028846153846153848,1.1538461538461537,0.9807692307692307,0.9807692307692307,0.0,-0.4049465800993718
ieee9,101,117,0.9730769230769233,,,0.9700000000000001,2.3914570808410645,3.9872348308563232,1.5902340412139893,1.596901774406433,0.0025,2.544498709531931,4.854945659637451,2.5444987462117123,4.854945659637451,13,-3.137840674473689e-08,0.999995805686535,95,31 35 39,0.028846153846153848,1.6153846153846154,0.9134615384615384,0.9326923076923077,0.0,-0.21316084208396766
ieee9,101,118,0.9630769230769233,,,0.9700000000000001,2.1705007553100586,3.987226724624634,1.2999697923660278,1.2243057489395142,0.0025,2.234701679303096,4.025641441345215,2.2347017159828773,4.025641441345215,13,-5.60226348730234e-08,0.9984674481655537,87,3 39 35,0.028846153846153848,1.1538461538461537,0.9807692307692307,0.9807692307692307,0.0,-0.08005620109347197
ieee9,101,119,0.9800000000000002,,,0.9700000000000001,2.022911310195923,3.9872348308563232,1.163557767868042,0.9179410934448242,0.0025,2.3706222222401547,4.786848545074463,2.3706222314101,4.786849021911621,13,-6.211205170704768e-08,0.9999990343968996,81,48 35 39,0.028846153846153848,1.8461538461538463,0.875,0.9134615384615384,0.0,-0.03372478141234471
ieee9,101,120,0.9653846153846157,0.9733333333333333,1.0,0.9700000000000001,2.1359879970550537,3.987224578857422,1.1439893245697021,1.276749849319458,0.0025,2.058319119306711,4.039067268371582,2.0583190688720117,4.039067268371582,12,-3.567681862757756e-08,0.9998715107612174,82,1 39 35,0.038461538461538464,1.3076923076923077,0.9615384615384616,0.9615384615384616,0.0,0.22602665882844192
ieee9,101,121,0.9746153846153848,,,0.9700000000000001,2.254164218902588,3.98724627494812,1.3121148347854614,1.4631317853927612,0.0025,2.636981432254498,4.627030849456787,2.636981432254498,4.627030849456787,13,-5.107946120775663e-08,0.9999863628884228,90,3 39 35,0.028846153846153848,1.6153846153846154,0.9134615384615384,0.9326923076923077,0.0,0.021022897500258226
ieee9,101,122,0.9669230769230772,,,0.9700000000000001,2.5430657863616943,3.9872679710388184,1.7684519290924072,1.8734781742095947,0.0025,2.1130349452678976,3.1989831924438477,2.113034954437843,3.1989831924438477,13,-4.155131486745981e-09,0.9999812860609479,94,9 39 35,0.028846153846153848,1.3076923076923077,0.9519230769230769,0.9711538461538461,0.0,0.09715334268716666
ieee9,101,123,0.9707692307692309,,,0.9700000000000001,2.7755680084228516,3.9872725009918213,2.1947152614593506,2.144716262817383,0.0025,2.1441936034422655,3.195427179336548,2.1441935759324293,3.195427179336548,13,-5.093618081166194e-08,0.9999772839964435,100,9 35 39,0.019230769230769232,1.6153846153846154,0.9134615384615384,0.9326923076923077,0.0,-0.020516601892618034
ieee9,101,124,0.983846153846154,,,0.9700000000000001,2.8025131225585938,3.9872846603393555,2.1161820888519287,2.3040733337402344,0.0025,1.8660338750252357,2.9798026084899902,1.8660338933651264,2.9798028469085693,13,-3.2238089121305024e-08,0.9999988272614039,97,34 35 39,0.028846153846153848,1.9230769230769231,0.875,0.8942307692307693,0.0,0.15567487807801136
ieee9,101,125,0.9769230769230771,0.9733333333333333,1.0,0.9700000000000001,3.0433216094970703,3.987287998199463,2.375075101852417,2.76760196685791,0.0025,2.271639686364394,3.1029601097106934,2.27163971387423,3.1029603481292725,13,-6.146728992462158e-08,0.9999969095451378,102,32 39 43,0.019230769230769232,1.6923076923076923,0.8942307692307693,0.9326923076923077,0.0,0.07090976776985022
ieee9,101,126,0.9676923076923079,,,0.9700000000000001,3.329383373260498,3.9872827529907227,2.8873143196105957,3.113553047180176,0.0025,1.9647940488962026,3.3425815105438232,1.9647940764060388,3.3425815105438232,13,2.7939677238464355e-09,0.9999719857215524,104,17 21 39,0.009615384615384616,1.3846153846153846,0.9423076923076923,0.9615384615384616,0.0,-0.38786789101476854
ieee9,101,127,0.9815384615384617,,,0.9700000000000001,3.3890790939331055,3.987252712249756,2.9948017597198486,3.185183048248291,0.0025,1.7745123918239887,2.434084415435791,1.7745124101638794,2.434084415435791,13,-1.4972801391895e-08,0.999997509280511,101,28 39 21,0.028846153846153848,2.0,0.875,0.875,0.0,0.007916130698644198
ieee9,101,128,0.9738461538461541,,,0.9700000000000001,3.521808624267578,3.987266778945923,3.246690511703491,3.3314690589904785,0.0025,1.7820307658268855,2.6275112628936768,1.7820307841667762,2.6275110244750977,13,-1.2902399668326745e-07,0.9999979317758766,104,46 2 39,0.009615384615384616,1.6153846153846154,0.9134615384615384,0.9326923076923077,0.0,-0.1567772993674645
ieee9,101,129,0.9746153846153848,,,0.9700000000000001,3.2854344844818115,3.987272024154663,2.8438899517059326,3.0251410007476807,0.0025,2.059139710206252,2.752558946609497,2.059139710206252,2.752558946609497,13,-6.433289784651537e-08,0.9999940605135541,102,10 39 21,0.019230769230769232,1.9230769230769231,0.8846153846153846,0.8846153846153846,0.0,-0.47787837068048805
ieee9,101,130,0.967692307692308,0.9766666666666666,1.0,0.9700000000000001,2.74430513381958,3.9872448444366455,2.0483455657958984,2.1973249912261963,0.0025,2.452150188959562,4.34531307220459,2.452150280659015,4.345313549041748,13,-3.65365010041457e-08,0.9999972246637565,100,27 39 53,0.019230769230769232,1.4615384615384615,0.9423076923076923,0.9423076923076923,0.0,-0.010534722357988358
ieee9,101,131,0.9823076923076925,,,0.9700000000000001,2.730067014694214,3.9872090816497803,2.0735270977020264,2.129465341567993,0.0025,2.2318900181696963,3.241525411605835,2.2318900365095873,3.241525411605835,13,-7.880421785207895e-10,0.9999986915495618,97,12 39 21,0.019230769230769232,1.8461538461538463,0.875,0.9134615384615384,0.0,-0.11090330492991668
ieee9,101,132,0.9753846153846156,,,0.9700000000000001,2.7561492919921875,3.9871814250946045,2.1517903804779053,2.1294758319854736,0.0025,2.4938464073034434,4.073875427246094,2.493846434813279,4.073875427246094,13,-9.420686043225803e-08,0.999996289426186,97,53 21 39,0.019230769230769232,1.7692307692307692,0.9038461538461539,0.9038461538461539,0.0,0.04698152725513165
ieee9,101,133,0.9707692307692309,,,0.9700000000000001,2.84017014503479,3.9871771335601807,2.235384941101074,2.297947883605957,0.0025,2.5036718661968527,5.124128341674805,2.503671783667344,5.124128341674805,13,1.9342853472783016e-08,0.99998521555693,100,37 35 39,0.019230769230769232,1.4615384615384615,0.9423076923076923,0.9423076923076923,0.0,0.299730332998129
ieee9,101,134,0.9715384615384617,,,0.9700000000000001,3.151536703109741,3.9871814250946045,2.750913143157959,2.71651554107666,0.0025,2.095669012803298,2.944626569747925,2.095669012803298,2.944626569747925,13,-3.2667930309589096e-08,0.9999941316786278,100,6 35 39,0.028846153846153848,1.5384615384615385,0.9326923076923077,0.9326923076923077,0.0,0.06690744711802556
ieee9,101,135,0.9769230769230771,0.9733333333333333,1.0,0.9700000000000001,3.104884147644043,3.98717999458313,2.6513822078704834,2.676091194152832,0.0025,2.1497303064052877,3.0944302082061768,2.1497302605555606,3.0944302082061768,13,-7.923405904036302e-08,0.9999952355777848,100,28 39 35,0.028846153846153848,1.6923076923076923,0.9038461538461539,0.9230769230769231,0.0,-0.15707268451268858
ieee9,101,136,0.9784615384615386,,,0.9700000000000001,3.1602580547332764,3.9871907234191895,2.7033674716949463,2.7902159690856934,0.0025,1.9349206044123723,2.7633025646209717,1.9349206410921538,2.7633025646209717,13,-1.305284408422617e-07,0.9999942892084283,102,9 39 21,0.019230769230769232,1.7692307692307692,0.8846153846153846,0.9230769230769231,0.0,-0.33325567497656894
ieee9,101,137,0.973846153846154,,,0.9700000000000001,3.1492245197296143,3.9871954917907715,2.7540981769561768,2.7063803672790527,0.0025,2.2944561426456156,3.031917095184326,2.294456170155452,3.0319173336029053,13,-4.140803447136512e-08,0.9999973998044845,102,12 35 21,0.019230769230769232,1.6153846153846154,0.9134615384615384,0.9326923076923077,0.0,0.14102462478555167
ieee9,101,138,0.9723076923076927,,,0.9700000000000001,3.0545284748077393,3.9872021675109863,2.56215238571167,2.614230155944824,0.0025,2.2083324102255015,3.170044422149658,2.20833237354572,3.170044183731079,13,-9.68217276609861e-08,0.9999934179073701,100,25 21 39,0.019230769230769232,1.5384615384615385,0.9134615384615384,0.9519230769230769,0.0,-0.3003557759981889
ieee9,101,139,0.9715384615384617,,,0.9700000000000001,2.968644857406616,3.9872026443481445,2.464214563369751,2.4545164108276367,0.0025,2.04008150100708,2.6960196495056152,2.040081427647517,2.696019411087036,13,-6.325829487580519e-08,0.9999336685846049,101,42 35 39,0.019230769230769232,1.6153846153846154,0.9038461538461539,0.9423076923076923,0.0,0.2343571031322846
ieee9,101,140,0.9784615384615386,0.9766666666666666,1.0,0.9700000000000001,2.9851841926574707,3.9871771335601807,2.5153260231018066,2.4530491828918457,0.0025,2.197416351391719,2.8983523845672607,2.197416378901555,2.8983523845672607,13,-7.328792260243343e-08,0.9999986433885816,102,35 39 21,0.019230769230769232,1.8461538461538463,0.875,0.9134615384615384,0.0,-0.27301159844948697
ieee9,101,141,0.9738461538461541,,,0.9700000000000001,2.8272058963775635,3.987165689468384,2.234374523162842,2.260077476501465,0.0025,2.1485232481589684,3.8418352603912354,2.1485232298190775,3.8418352603912354,13,-7.564309411323987e-08,0.9999969395898037,100,47 35 39,0.038461538461538464,1.6153846153846154,0.9134615384615384,0.9326923076923077,0.0,0.22211429591362292
ieee9,101,142,0.9715384615384617,,,0.9700000000000001,3.1525466442108154,3.9871561527252197,2.7760543823242188,2.6944291591644287,0.0025,1.9423689475426307,2.871065378189087,1.9423689658825214,2.871065139770508,13,-4.778401209757878e-08,0.9999962104567148,102,36 35 21,0.019230769230769232,1.4615384615384615,0.9230769230769231,0.9615384615384616,0.0,0.03906596853182866
ieee9,101,143,0.9761538461538463,,,0.9700000000000001,3.244175434112549,3.9871532917022705,2.8585047721862793,2.886868953704834,0.0025,1.9166758702351496,2.272324800491333,1.916675906914931,2.272324800491333,13,-2.722327525799091e-09,0.9999735859591756,101,41 21 39,0.019230769230769232,1.7692307692307692,0.9038461538461539,0.9038461538461539,0.0,-0.36949128542955106
ieee9,101,144,0.983846153846154,,,0.9700000000000001,3.390589475631714,3.9871416091918945,3.1233904361724854,3.0612361431121826,0.0025,2.1987056273680468,3.892061948776245,2.1987056273680468,3.892061948776245,13,4.6566128730773926e-09,0.9999996892818198,103,53 39 21,0.019230769230769232,2.076923076923077,0.8557692307692307,0.875,0.0,0.17370750110309857
ieee9,101,145,0.9723076923076927,0.9733333333333333,1.0,0.9700000000000001,3.5130391120910645,3.9871644973754883,3.2609541416168213,3.290999412536621,0.0025,1.9814063677420983,3.4652767181396484,1.9814063494022076,3.4652767181396484,13,-3.3026131299825814e-08,0.9999964124969531,100,11 35 39,0.028846153846153848,1.6153846153846154,0.9230769230769231,0.9230769230769231,0.0,-0.3524874991808946
ieee9,101,146,0.980769230769231,,,0.9700000000000001,3.4713189601898193,3.987169027328491,3.1850080490112305,3.2417802810668945,0.0025,1.7438761729460497,2.2033073902130127,1.743876154606159,2.2033073902130127,13,-6.855966953130869e-08,0.9999966786103527,103,35 39 2,0.019230769230769232,1.7692307692307692,0.8846153846153846,0.9230769230769231,0.0,-0.08271442239101116
ieee9,101,147,0.9800000000000002,,,0.9700000000000001,3.455899715423584,3.9871370792388916,3.150895833969116,3.229665994644165,0.0025,1.950729645215548,3.149364948272705,1.9507296543854933,3.149365186691284,13,-5.458983091207651e-08,0.999999098627463,103,51 39 35,0.019230769230769232,2.0,0.8653846153846154,0.8846153846153846,0.0,0.017073145852639124
ieee9,101,148,0.9800000000000002,,,0.9700000000000001,3.5368144512176514,3.9871022701263428,3.3323869705200195,3.2909533977508545,0.0025,1.8006936953617976,2.205739736557007,1.8006937412115245,2.205739736557007,13,-5.054215972240154e-08,0.999998945156419,103,23 35 39,0.019230769230769232,1.9230769230769231,0.875,0.8942307692307693,0.0,-0.12363891074290642
ieee9,101,149,0.9792307692307693,,,0.9700000000000001,3.494739294052124,3.9870684146881104,3.2477874755859375,3.249361991882324,0.0025,1.5786978464860182,1.9540317058563232,1.5786978189761822,1.9540317058563232,13,-5.3228667149176964e-08,0.999997825078398,102,14 39 21,0.019230769230769232,1.6923076923076923,0.8846153846153846,0.9423076923076923,0.0,-0.04606008085493858
ieee9,101,150,0.9746153846153849,0.9733333333333333,1.0,0.9700000000000001,3.444936513900757,3.987046957015991,3.145982265472412,3.201779842376709,0.0025,1.9939398307066698,3.2513253688812256,1.9939398031968336,3.2513253688812256,13,-7.436252557314359e-08,0.999996331251487,102,10 35 21,0.019230769230769232,1.6923076923076923,0.9134615384615384,0.9134615384615384,0.0,0.04840864756932625
ieee9,101,151,0.9784615384615386,,,0.9700000000000001,3.5392932891845703,3.987027168273926,3.3133227825164795,3.3175301551818848,0.0025,2.022669251148517,2.687227964401245,2.022669241978572,2.687227964401245,13,-5.014813863314115e-10,0.999997806439934,104,39 21 31,0.009615384615384616,1.6923076923076923,0.9038461538461539,0.9230769230769231,0.0,-0.13193923922685477
ieee9,101,152,0.980769230769231,,,0.9700000000000001,3.5150043964385986,3.9869821071624756,3.27829909324646,3.2797317504882812,0.0025,1.739362386556772,2.2953317165374756,1.7393623498769908,2.2953317165374756,13,-4.721089051320003e-08,0.9999977180822437,104,36 39 3,0.009615384615384616,1.8461538461538463,0.8653846153846154,0.9134615384615384,0.0,-0.20071447239472315
ieee9,101,153,0.9753846153846156,,,0.9700000000000001,3.2713379859924316,3.986926794052124,2.945213794708252,2.8818743228912354,0.0025,1.6735592622023363,1.920998215675354,1.673559280542227,1.920998215675354,13,-5.458983091207651e-08,0.999997309891569,104,22 38 21,0.009615384615384616,1.8461538461538463,0.8846153846153846,0.9038461538461539,0.0,0.17041946259828714
ieee9,101,154,0.9769230769230771,,,0.9700000000000001,3.4011707305908203,3.9868764877319336,3.1039886474609375,3.1126480102539062,0.0025,1.96446142746852,2.558638572692871,1.964461454978356,2.558638572692871,13,-3.6035019617814285e-08,0.9999976082398545,103,9 39 37,0.019230769230769232,1.7692307692307692,0.8942307692307693,0.9134615384615384,0.0,0.18315347799888024
ieee9,101,155,0.9723076923076927,0.9733333333333333,1.0,0.9700000000000001,3.557133674621582,3.9868483543395996,3.3559722900390625,3.328579902648926,0.0025,1.63364184819735,2.089672565460205,1.6336418573672955,2.089672565460205,13,-1.0681553528859065e-07,0.9999972983808134,104,20 4 39,0.009615384615384616,1.5384615384615385,0.9230769230769231,0.9423076923076923,0.0,-0.16486800290071046
ieee9,101,156,0.9761538461538464,,,0.9700000000000001,3.5855305194854736,3.986846923828125,3.400980234146118,3.3687641620635986,0.0025,1.698208579650292,2.545077085494995,1.6982085704803467,2.545077085494995,13,-7.285808141414935e-08,0.9999844782866081,104,8 0 53,0.009615384615384616,1.6923076923076923,0.9038461538461539,0.9230769230769231,0.0,-0.29959822789980817
ieee9,101,157,0.9753846153846156,,,0.9700000000000001,3.4270286560058594,3.986837863922119,3.141875743865967,3.1523725986480713,0.0025,1.8511018386253943,2.89334774017334,1.8511018386253943,2.8933475017547607,13,-3.180824793302096e-08,0.9999988179236944,104,53 3 19,0.009615384615384616,1.7692307692307692,0.8942307692307693,0.9134615384615384,0.0,-0.0030221537901804997
ieee9,101,158,0.9715384615384617,,,0.9700000000000001,3.289189338684082,3.9868364334106445,2.942227363586426,2.938504695892334,0.0025,1.9349781916691706,2.562995672225952,1.9349781549893892,2.562995672225952,13,-2.7796396842369667e-08,0.9999948379520347,103,14 39 37,0.019230769230769232,1.4615384615384615,0.9423076923076923,0.9423076923076923,0.0,-0.1938195262963955
ieee9,101,159,0.9730769230769233,,,0.9700000000000001,3.191779136657715,3.9868314266204834,2.7555418014526367,2.8329644203186035,0.0025,2.1539353682444644,3.120171546936035,2.1539353957543006,3.120171546936035,13,-1.1627204143084012e-07,0.9999983994941318,103,25 21 30,0.019230769230769232,1.7692307692307692,0.8846153846153846,0.9230769230769231,0.0,0.0582185026544791
ieee9,101,160,0.9776923076923081,0.9733333333333333,1.0,0.9700000000000001,3.2007036209106445,3.98684024810791,2.848045825958252,2.7672243118286133,0.0025,1.9537456035614014,2.861771821975708,1.9537456127313466,2.861771583557129,13,-6.024940655781673e-08,0.9999981706397956,104,32 3 9,0.009615384615384616,1.9230769230769231,0.875,0.8942307692307693,0.0,-0.20337608442283595
ieee9,101,161,0.9753846153846156,,,0.9700000000000001,3.1721928119659424,3.9868533611297607,2.7306082248687744,2.799116849899292,0.0025,1.9129792085060706,3.420099973678589,1.9129792085060706,3.420099973678589,13,-4.384380120497484e-08,0.999996387333536,101,33 35 39,0.028846153846153848,1.6923076923076923,0.9038461538461539,0.9230769230769231,0.0,-0.194388747931673
ieee9,101,162,0.9761538461538464,,,0.9700000000000001,3.212383985519409,3.986828327178955,2.8409509658813477,2.8093724250793457,0.0025,2.122255637095525,4.042989730834961,2.1222556554354153,4.042989730834961,13,-5.494803190231323e-08,0.9999921821525121,103,27 53 21,0.019230769230769232,1.7692307692307692,0.8942307692307693,0.9134615384615384,0.0,-0.5382740904505436
ieee9,101,163,0.9784615384615388,,,0.9700000000000001,3.249438524246216,3.9867756366729736,2.851389169692993,2.910151243209839,0.0025,2.0182328957777758,2.5805106163024902,2.0182328682679396,2.5805108547210693,13,6.8953690620569086e-09,0.9999981669214016,102,9 39 35,0.019230769230769232,1.6153846153846154,0.8942307692307693,0.9423076923076923,0.0,0.22926969539660674
ieee9,101,164,0.9761538461538464,,,0.9700000000000001,3.2394216060638428,3.9867591857910156,2.883634090423584,2.8478713035583496,0.0025,2.5375884221150327,3.428119421005249,2.5375885046445408,3.428119421005249,13,-8.754432201385498e-08,0.9999982067174441,103,35 21 48,0.019230769230769232,1.7692307692307692,0.9038461538461539,0.9038461538461539,0.0,-0.27077467968830693
ieee9,101,165,0.967692307692308,0.9700000000000001,1.0,0.9700000000000001,3.1163339614868164,3.9867630004882812,2.6791393756866455,2.6830995082855225,0.0025,2.271501586987422,3.295274496078491,2.2715015503076406,3.295274496078491,13,-5.057797982142522e-08,0.9999246741153028,102,29 35 37,0.019230769230769232,1.3846153846153846,0.9423076923076923,0.9615384615384616,0.0,-0.13234989803570968
ieee9,101,166,0.9730769230769234,,,0.9700000000000001,3.145128011703491,3.986772060394287,2.753492593765259,2.6951193809509277,0.0025,2.2691136048390317,3.399975299835205,2.2691135589893046,3.399975299835205,13,-9.97947958799509e-08,0.9999966560841786,101,33 35 39,0.019230769230769232,1.6923076923076923,0.9134615384615384,0.9134615384615384,0.0,-0.15225850618802583
ieee9,101,167,0.9707692307692309,,,0.9700000000000001,3.129662036895752,3.9867565631866455,2.6989095211029053,2.703319787979126,0.0025,2.2653828125733595,3.2895431518554688,2.2653828309132504,3.2895429134368896,13,-3.453057545882005e-08,0.9999925985765259,103,34 35 3,0.019230769230769232,1.6153846153846154,0.9230769230769231,0.9230769230769231,0.0,-0.2731125836188977
ieee9,101,168,0.9753846153846156,,,0.9700000000000001,3.0716490745544434,3.986750364303589,2.673635244369507,2.5545616149902344,0.0025,2.2207528902934146,3.2451226711273193,2.220752917803251,3.2451229095458984,13,-8.08101433974046e-08,0.9999982552149035,100,36 35 39,0.019230769230769232,1.7692307692307692,0.9038461538461539,0.9038461538461539,0.0,0.06483090439668068
ieee9,101,169,0.9807692307692311,,,0.9700000000000001,3.240788698196411,3.9867563247680664,2.908005952835083,2.827603816986084,0.0025,2.1030656649516177,2.725287914276123,2.1030656741215634,2.725288152694702,13,-7.87325776540316e-08,0.9999975036338999,102,34 35 21,0.019230769230769232,1.6923076923076923,0.8942307692307693,0.9230769230769231,0.0,0.17442872489874178
ieee9,101,170,0.983846153846154,0.9700000000000001,1.0,0.9700000000000001,3.335515022277832,3.9867868423461914,2.973504066467285,3.0462541580200195,0.0025,2.0473953577188344,2.8881139755249023,2.0473953302089987,2.8881137371063232,13,-2.2351741790771484e-08,0.999999381818039,104,33 2 21,0.009615384615384616,1.8461538461538463,0.8653846153846154,0.9230769230769231,0.0,-0.18469693368444076
ieee9,101,171,0.980769230769231,,,0.9700000000000001,3.281778335571289,3.9868152141571045,2.947737455368042,2.9107823371887207,0.0025,2.6244580378899207,4.460729122161865,2.624458047059866,4.460729122161865,13,-2.435766733609713e-09,0.9999986675493705,104,34 35 41,0.009615384615384616,1.9230769230769231,0.875,0.8942307692307693,0.0,-0.15000237051684123
ieee9,101,172,0.9807692307692311,,,0.9700000000000001,3.2065682411193848,3.986835479736328,2.792940616607666,2.83992862701416,0.0025,2.2528648376464844,2.814786672592163,2.252864810136648,2.814786434173584,13,-2.879935961503249e-08,0.9999966150461345,101,37 35 21,0.019230769230769232,1.6153846153846154,0.9038461538461539,0.9423076923076923,0.0,0.1509846213918466
ieee9,101,173,0.9776923076923079,,,0.9700000000000001,3.345273494720459,3.9868340492248535,2.9889116287231445,3.060075521469116,0.0025,2.187721931017362,3.243925094604492,2.1877219126774716,3.243925094604492,13,-5.931808398320125e-08,0.9999987770565006,104,31 43 9,0.009615384615384616,1.8461538461538463,0.8942307692307693,0.8942307692307693,0.0,0.23911227400486285
ieee9,101,174,0.9853846153846155,,,0.9700000000000001,3.4724061489105225,3.9868597984313965,3.177581787109375,3.252777099609375,0.0025,1.9177940075214093,2.6431119441986084,1.9177940166913545,2.6431119441986084,13,-6.268517329142644e-08,0.9999989188245041,103,17 35 21,0.019230769230769232,1.6923076923076923,0.8846153846153846,0.9230769230769231,0.0,0.03642354891277277
ieee9,101,175,0.9753846153846155,0.98,1.0,0.9700000000000001,3.4871647357940674,3.9868669509887695,3.1882481575012207,3.2863786220550537,0.0025,1.9142333635917077,2.9427809715270996,1.914233345251817,2.9427807331085205,13,-3.9330468727992134e-08,0.9999981400938633,104,23 27 28,0.009615384615384616,1.9230769230769231,0.8846153846153846,0.8846153846153846,0.0,-0.23092958932885757
ieee9,101,176,0.9761538461538464,,,0.9700000000000001,3.438106060028076,3.9868481159210205,3.1220858097076416,3.205383777618408,0.0025,1.828092098236084,2.681480646133423,1.8280921074060292,2.681480646133423,13,-3.582009902367225e-08,0.999998130060541,103,4 35 3,0.019230769230769232,1.8461538461538463,0.8942307692307693,0.8942307692307693,0.0,-0.23307238060694474
ieee9,101,177,0.9761538461538464,,,0.9700000000000001,3.3577263355255127,3.9868404865264893,2.9921998977661133,3.0941390991210938,0.0025,1.8800815435556264,2.699836015701294,1.8800814885359545,2.699836015701294,13,-2.3784545751718376e-08,0.9999957735407168,103,0 21 3,0.019230769230769232,1.6923076923076923,0.9134615384615384,0.9134615384615384,0.0,-0.3314441079990222
ieee9,101,178,0.9723076923076927,,,0.9700000000000001,3.1941981315612793,3.9868524074554443,2.7103495597839355,2.885392427444458,0.0025,2.118955969810486,4.177909851074219,2.118955997320322,4.177909851074219,13,-3.295449110177847e-09,0.9999940456623873,103,14 35 39,0.019230769230769232,1.6153846153846154,0.9134615384615384,0.9326923076923077,0.0,-0.055256248953250736
ieee9,101,179,0.9730769230769233,,,0.9700000000000001,3.1539604663848877,3.9868624210357666,2.6901564598083496,2.7848622798919678,0.0025,2.387406954398522,2.7874581813812256,2.3874069910783033,2.7874581813812256,13,-7.93773394364577e-08,0.9999757484614429,103,9 3 30,0.019230769230769232,1.6153846153846154,0.9134615384615384,0.9326923076923077,0.0,0.12121719738038686
ieee9,101,180,0.9761538461538463,0.9700000000000001,1.0,0.9700000000000001,3.2232115268707275,3.986849069595337,2.8289430141448975,2.8538424968719482,0.0025,2.004769600354708,2.6810383796691895,2.004769572844872,2.6810383796691895,13,-6.196877131095299e-08,0.9999979656001304,102,10 3 30,0.019230769230769232,1.5384615384615385,0.9230769230769231,0.9423076923076923,0.0,-0.04686009425383348
ieee9,101,181,0.9784615384615386,,,0.9700000000000001,3.1834778785705566,3.986820697784424,2.7924211025238037,2.7711915969848633,0.0025,2.064248616878803,2.879359006881714,2.0642485801990214,2.879359006881714,13,-1.131915129148043e-08,0.9999978991071831,102,51 35 3,0.019230769230769232,1.6153846153846154,0.8653846153846154,0.9519230769230769,0.0,-0.19812616247397202
ieee9,101,182,0.983846153846154,,,0.9700000000000001,3.2198550701141357,3.9868249893188477,2.853022575378418,2.8197178840637207,0.0025,2.1304300473286557,2.755910873413086,2.1304300289887648,2.755910873413086,13,-6.017776635976938e-09,0.9999987935145196,104,46 21 9,0.009615384615384616,1.9230769230769231,0.8461538461538461,0.9230769230769231,0.0,-0.006496659981516691
ieee9,101,183,0.9776923076923079,,,0.9700000000000001,3.20194411277771,3.9868433475494385,2.790008068084717,2.8289806842803955,0.0025,2.098337329350985,3.4324355125427246,2.0983373385209303,3.4324355125427246,13,4.799893269172082e-09,0.9999782001307568,102,35 3 37,0.019230769230769232,1.7692307692307692,0.8942307692307693,0.9134615384615384,0.0,-0.06443303651534595
ieee9,101,184,0.9692307692307695,,,0.9700000000000001,3.0535728931427,3.986858606338501,2.522136926651001,2.6517231464385986,0.0025,2.2032153056218076,3.3519952297210693,2.203215296451862,3.3519952297210693,13,-1.7695128917694092e-08,0.9999932784885284,101,14 3 35,0.028846153846153848,1.4615384615384615,0.9423076923076923,0.9423076923076923,0.0,0.04181802702637819
ieee9,101,185,0.9784615384615388,0.9700000000000001,1.0,0.9700000000000001,3.0596814155578613,3.986893653869629,2.5136449337005615,2.678506374359131,0.0025,2.2864360167429996,3.5676352977752686,2.286436071762672,3.5676352977752686,13,-4.977202759339259e-08,0.9999763129683401,102,24 3 35,0.019230769230769232,1.6923076923076923,0.9038461538461539,0.9230769230769231,0.0,0.1142386129269233
ieee9,101,186,0.9684615384615387,,,0.9700000000000001,3.0953752994537354,3.986900568008423,2.495267391204834,2.803957939147949,0.0025,1.9451974171858568,2.707643747329712,1.9451974722055287,2.707643985748291,13,-7.894749824817364e-08,0.9999925295759365,101,14 3 10,0.019230769230769232,1.4615384615384615,0.9423076923076923,0.9423076923076923,0.0,0.0327822040193356
ieee9,101,187,0.9784615384615386,,,0.9700000000000001,3.1326372623443604,3.9869296550750732,2.5661139488220215,2.844867706298828,0.0025,2.02450430393219,3.0952529907226562,2.0245043222720804,3.0952529907226562,13,-4.291247863035936e-08,0.9999946750271189,102,52 44 3,0.019230769230769232,1.5384615384615385,0.9038461538461539,0.9615384615384616,0.0,-0.44454500852869105
ieee9,101,188,0.9753846153846156,,,0.9700000000000001,2.9074602127075195,3.9869604110717773,2.193328857421875,2.542091131210327,0.0025,2.0967357342059794,3.289400815963745,2.096735715866089,3.289400815963745,13,-8.475035429000854e-08,0.9999978522100148,100,28 53 3,0.019230769230769232,1.7692307692307692,0.9038461538461539,0.9038461538461539,0.0,-0.12027149532849972
ieee9,101,189,0.9692307692307696,,,0.9700000000000001,2.7700507640838623,3.9869699478149414,1.8475819826126099,2.4756007194519043,0.0025,2.0008114759738627,3.4499363899230957,2.000811448464027,3.4499361515045166,13,-1.0839161964563223e-07,0.9999946385576435,103,37 3 35,0.019230769230769232,1.5384615384615385,0.9326923076923077,0.9326923076923077,0.0,-0.19591747109706587
ieee9,101,190,0.9723076923076927,0.9700000000000001,1.0,0.9700000000000001,2.7430498600006104,3.986978054046631,1.8780676126480103,2.364103078842163,0.0025,2.1757995073611918,2.766842842102051,2.1757994890213013,2.7668426036834717,13,-8.023702181302584e-09,0.9999968527906549,97,33 3 35,0.028846153846153848,1.6153846153846154,0.9230769230769231,0.9230769230769231,0.0,0.09297465819578904
ieee9,101,191,0.9715384615384617,,,0.9700000000000001,2.92999267578125,3.986999988555908,2.249671459197998,2.5533065795898438,0.0025,2.396390493099506,4.626399993896484,2.3963904472497792,4.626399993896484,13,1.1390791489527775e-08,0.9999955451828926,100,35 3 53,0.019230769230769232,1.5384615384615385,0.9230769230769231,0.9423076923076923,0.0,0.2731182873249054
ieee9,101,192,0.9723076923076925,,,0.9700000000000001,2.950377941131592,3.9870121479034424,2.173340320587158,2.6907811164855957,0.0025,1.9300916836811945,3.255937099456787,1.93009169285114,3.255937099456787,13,-5.0506339623377876e-08,0.9999118689906966,100,33 3 53,0.019230769230769232,1.6153846153846154,0.9134615384615384,0.9326923076923077,0.0,0.19790478193989167
ieee9,101,193,0.9661538461538464,,,0.9700000000000001,2.9711506366729736,3.9869940280914307,2.2308859825134277,2.6955718994140625,0.0025,2.169001038257892,3.4668307304382324,2.1690010199180016,3.4668307304382324,13,-6.153893012266893e-08,0.9999886819985064,103,20 3 53,0.019230769230769232,1.3076923076923077,0.9615384615384616,0.9615384615384616,0.0,-0.4289813076074307
ieee9,101,194,0.9700000000000002,,,0.9700000000000001,2.616919994354248,3.9869771003723145,1.3683967590332031,2.495384693145752,0.0025,2.1294536407177267,4.321900367736816,2.1294536407177267,4.321900367736816,13,-2.6005391891186054e-08,0.9999946186264285,99,17 3 53,0.028846153846153848,1.6923076923076923,0.9134615384615384,0.9134615384615384,0.0,-0.199777568762119
ieee9,101,195,0.9776923076923081,0.9700000000000001,1.0,0.9700000000000001,2.5414249897003174,3.986947536468506,1.290634036064148,2.346693277359009,0.0025,2.006179589491624,2.7149276733398438,2.00617961700146,2.7149276733398438,13,-9.184273389669565e-08,0.9999973545452757,97,35 3 53,0.028846153846153848,1.8461538461538463,0.8942307692307693,0.8942307692307693,0.0,0.07309308304236485
ieee9,101,196,0.9861538461538465,,,0.9700000000000001,2.730572462081909,3.9869227409362793,1.7397431135177612,2.4650521278381348,0.0025,2.1458907860976,3.1121091842651367,2.145890841117272,3.112109422683716,13,1.5545922976273758e-08,0.9999987749569853,101,38 3 28,0.019230769230769232,1.9230769230769231,0.8557692307692307,0.9038461538461539,0.0,0.07511766885335629
ieee9,101,197,0.9776923076923079,,,0.9700000000000001,2.671351432800293,3.986908435821533,1.5820339918136597,2.4451117515563965,0.0025,2.2332205772399902,3.4343101978302,2.2332206047498264,3.434309959411621,13,-1.146243168757512e-09,0.9999960294456156,100,39 3 53,0.019230769230769232,1.4615384615384615,0.9230769230769231,0.9615384615384616,0.0,-0.15224704547570303
ieee9,101,198,0.9769230769230771,,,0.9700000000000001,2.8771417140960693,3.9868950843811035,1.9696414470672607,2.6748886108398438,0.0025,2.0393392581206102,3.3304052352905273,2.0393392581206102,3.3304052352905273,13,-5.4876391704265885e-08,0.9999950836428424,102,34 3 49,0.019230769230769232,1.8461538461538463,0.8942307692307693,0.8942307692307693,0.0,0.21873543712382132
ieee9,101,199,0.9730769230769233,,,0.9700000000000001,3.138087034225464,3.986870765686035,2.5978875160217285,2.829502582550049,0.0025,2.2859057829930234,3.5575575828552246,2.285905810502859,3.5575578212738037,13,-2.67217938716595e-08,0.9999968343908753,101,17 3 44,0.019230769230769232,1.6153846153846154,0.9230769230769231,0.9230769230769231,0.0,-0.3244247304705473
ieee9,101,200,0.9707692307692309,0.9700000000000001,1.0,0.9700000000000001,3.2813196182250977,3.986854076385498,2.8872435092926025,2.9698610305786133,0.0025,2.23723933329949,3.6898069381713867,2.23723933329949,3.6898069381713867,13,-6.526422042113084e-08,0.9999908651177734,103,36 3 9,0.019230769230769232,1.4615384615384615,0.9326923076923077,0.9519230769230769,0.0,-0.18374677690175864
ieee9,101,201,0.9792307692307696,,,0.9700000000000001,3.215707778930664,3.9868276119232178,2.75065016746521,2.909646511077881,0.0025,2.143973231315613,3.549186944961548,2.143973231315613,3.549186944961548,13,-1.9199573076688328e-08,0.9999993552285141,102,25 53 3,0.028846153846153848,1.8461538461538463,0.8942307692307693,0.8942307692307693,0.0,-0.28499477299360126
ieee9,101,202,0.9715384615384617,,,0.9700000000000001,3.07291841506958,3.9868204593658447,2.498002290725708,2.7339327335357666,0.0025,1.9362316956886878,3.410322427749634,1.9362316681788518,3.410322427749634,13,-5.853004180468046e-08,0.9999731459842403,102,7 3 53,0.019230769230769232,1.5384615384615385,0.9230769230769231,0.9423076923076923,0.0,-0.08854942596875705
ieee9,101,203,0.9700000000000002,,,0.9700000000000001,3.131251811981201,3.9868223667144775,2.6224186420440674,2.7845139503479004,0.0025,2.003116176678584,3.2795588970184326,2.003116149168748,3.2795591354370117,13,-4.5849726750300483e-08,0.9999929401915819,103,51 3 53,0.019230769230769232,1.5384615384615385,0.9230769230769231,0.9423076923076923,0.0,-0.04923206223891331
ieee9,101,204,0.9861538461538462,,,0.9700000000000001,3.1638429164886475,3.9868154525756836,2.6073756217956543,2.8973376750946045,0.0025,1.9897541082822359,3.1397008895874023,1.9897540899423451,3.1397011280059814,13,-2.8656079218937802e-09,0.9999994528631104,104,50 53 3,0.009615384615384616,2.1538461538461537,0.8365384615384616,0.875,0.0,0.06119032949209213
ieee9,101,205,0.9776923076923079,0.9766666666666666,1.0,0.9700000000000001,3.3007593154907227,3.986807107925415,2.8939661979675293,3.021505832672119,0.0025,2.2115122630045962,2.881101131439209,2.211512253834651,2.881101131439209,13,-6.175385071681096e-08,0.9999984507273745,103,29 49 44,0.019230769230769232,1.8461538461538463,0.8942307692307693,0.8942307692307693,0.0,0.004400744890937438
ieee9,101,206,0.9792307692307693,,,0.9700000000000001,3.218942403793335,3.986816167831421,2.6312222480773926,3.0387887954711914,0.0025,1.7831566700568566,2.578193426132202,1.7831566700568566,2.578193426132202,13,-7.787289527746347e-08,0.9999986242325438,100,36 3 50,0.028846153846153848,1.7692307692307692,0.8846153846153846,0.9230769230769231,0.0,0.06085588381840633
ieee9,101,207,0.9730769230769233,,,0.9700000000000001,3.159241199493408,3.9867782592773438,2.5440919399261475,2.9468536376953125,0.0025,2.149520443036006,3.9064157009124756,2.1495204980556784,3.9064157009124756,13,-7.042231468053964e-08,0.9999950411772873,104,39 53 3,0.009615384615384616,1.6153846153846154,0.9230769230769231,0.9230769230769231,0.0,-0.15810220459332833
ieee9,101,208,0.9746153846153848,,,0.9700000000000001,2.9609134197235107,3.986725330352783,2.1388230323791504,2.7571916580200195,0.0025,2.1218417241023135,4.017592906951904,2.121841678252587,4.017592906951904,13,-3.6536501004145694e-09,0.9999981490695302,101,14 3 50,0.019230769230769232,1.6153846153846154,0.9230769230769231,0.9230769230769231,0.0,-0.04714041375196897
ieee9,101,209,0.9746153846153848,,,0.9700000000000001,2.8710362911224365,3.986703634262085,1.7754418849945068,2.850963592529297,0.0025,2.004191141862136,3.949376106262207,2.004191141862136,3.949376106262207,13,2.2351741790771484e-08,0.9999967074402556,98,14 3 50,0.028846153846153848,1.6153846153846154,0.9134615384615384,0.9326923076923077,0.0,-0.32602455810858655
ieee9,101,210,0.9723076923076925,0.9766666666666666,1.0,0.9700000000000001,2.588329553604126,3.986678123474121,1.1652683019638062,2.613041877746582,0.0025,2.2905180545953603,6.126482009887695,2.290518118784978,6.1264824867248535,13,-3.467385585491474e-08,0.9999973565283669,103,0 3 39,0.019230769230769232,1.6153846153846154,0.9134615384615384,0.9326923076923077,0.0,-0.22413818108347747
ieee9,101,211,0.9684615384615387,,,0.9700000000000001,2.509942054748535,3.9866552352905273,1.0049039125442505,2.5382673740386963,0.0025,2.145447245010963,3.4512290954589844,2.1454472816907444,3.4512293338775635,13,-9.628442617563101e-08,0.9999908693920798,101,20 3 30,0.019230769230769232,1.3846153846153846,0.9519230769230769,0.9519230769230769,0.0,-0.38207329265200174
ieee9,101,212,0.9830769230769234,,,0.9700000000000001,2.3899574279785156,3.986635446548462,0.6950327157974243,2.488204002380371,0.0025,1.9500816601973314,2.75462007522583,1.9500816785372221,2.75462007522583,13,-5.688231724959154e-08,0.9999977434005881,96,0 3 30,0.028846153846153848,1.6153846153846154,0.8942307692307693,0.9519230769230769,0.0,0.2862407953406756
ieee9,101,213,0.9800000000000002,,,0.9700000000000001,2.539409637451172,3.986633539199829,1.043142557144165,2.588453531265259,0.0025,1.9213329370205219,3.0816781520843506,1.9213329186806312,3.0816779136657715,13,-8.976516815332266e-08,0.9999920853627806,100,41 3 50,0.019230769230769232,1.7692307692307692,0.875,0.9326923076923077,0.0,-0.2116426434367895
ieee9,101,214,0.9753846153846156,,,0.9700000000000001,2.4607136249542236,3.986626148223877,0.901924729347229,2.4935901165008545,0.0025,2.1555114709413967,4.314074516296387,2.155511507621178,4.314074516296387,13,-1.6423515402353726e-08,0.9999972958660358,97,10 3 44,0.019230769230769232,1.6153846153846154,0.9134615384615384,0.9326923076923077,0.0,-0.4009366425184103
ieee9,101,215,0.9792307692307696,0.9766666666666666,1.0,0.9700000000000001,2.4085581302642822,3.9866220951080322,0.8007407784461975,2.4383115768432617,0.0025,1.9698336582917433,2.3379855155944824,1.9698336399518526,2.3379852771759033,13,-8.020120171400217e-08,0.9999983300426437,93,1 3 44,0.028846153846153848,1.9230769230769231,0.8846153846153846,0.8846153846153846,0.0,-0.13226216171796507
ieee9,101,216,0.9730769230769234,,,0.9700000000000001,2.335529327392578,3.986603260040283,0.6262577772140503,2.393726110458374,0.0025,2.073272310770475,2.7915048599243164,2.0732723474502563,2.7915050983428955,13,-1.0036791746432965e-07,0.9999856428769532,95,14 3 53,0.028846153846153848,1.6153846153846154,0.9134615384615384,0.9326923076923077,0.0,0.026202231645584106
ieee9,101,217,0.9769230769230771,,,0.9700000000000001,2.283942222595215,3.986583948135376,0.6582359671592712,2.2070071697235107,0.0025,1.8767339174564068,2.5894887447357178,1.876733926626352,2.5894885063171387,13,-1.748020832355206e-08,0.9999795365885064,97,9 3 44,0.028846153846153848,1.7692307692307692,0.8942307692307693,0.9134615384615384,0.0,0.034220537170767784
ieee9,101,218,0.9792307692307696,,,0.9700000000000001,2.313260316848755,3.9865570068359375,0.8752639293670654,2.077960252761841,0.0025,2.1526826986899743,2.5989463329315186,2.152682744539701,2.5989463329315186,13,-5.0649620019472564e-08,0.9999971424724737,95,43 3 44,0.028846153846153848,1.6923076923076923,0.8942307692307693,0.9326923076923077,0.0,-0.12366515226089038
ieee9,101,219,0.9684615384615387,,,0.9700000000000001,2.277334451675415,3.9865522384643555,0.8711674213409424,1.9742830991744995,0.0025,2.0437895242984476,2.941904067993164,2.04378957931812,2.941904306411743,12,-8.460707389391385e-08,0.9998459990714716,94,53 3 44,0.028846153846153848,1.3846153846153846,0.9519230769230769,0.9519230769230769,0.0,0.1562088098950111
ieee9,101,220,0.9700000000000002,0.9766666666666666,1.0,0.9700000000000001,2.422333002090454,3.9865529537200928,1.2215769290924072,2.058868885040283,0.0025,2.1432430744171143,3.514139413833618,2.1432430744171143,3.514139413833618,13,-9.076813092598549e-08,0.9999888763966335,93,50 3 53,0.028846153846153848,1.4615384615384615,0.9423076923076923,0.9423076923076923,0.0,-0.04324120655655861
ieee9,101,221,0.9715384615384617,,,0.9700000000000001,2.534898042678833,3.986543893814087,1.5884928703308105,2.0296571254730225,0.0025,2.1552245112565847,5.09852409362793,2.1552245571063113,5.098524570465088,12,-1.576084357041579e-08,0.9999713610127968,98,51 3 50,0.028846153846153848,1.6153846153846154,0.9134615384615384,0.9326923076923077,0.0,-0.1683827587045156
ieee9,101,222,0.9661538461538464,,,0.9700000000000001,2.501786947250366,3.9865291118621826,1.4155220985412598,2.103309392929077,0.0025,1.9687285698377168,2.672304391860962,1.9687285881776075,2.672304391860962,13,-9.506654280882616e-08,0.9999856173603368,96,4 3 33,0.019230769230769232,1.3076923076923077,0.9615384615384616,0.9615384615384616,0.0,-0.22725603901422942
ieee9,101,223,0.9707692307692309,,,0.9700000000000001,2.280095100402832,3.986485004425049,1.1083451509475708,1.745455265045166,0.0025,1.9577573033479543,2.8476788997650146,1.9577572620832002,2.8476786613464355,12,-6.730596606548016e-08,0.9999661549894158,92,37 3 39,0.028846153846153848,1.4615384615384615,0.9230769230769231,0.9615384615384616,0.0,-0.29462947581823057
ieee9,101,224,0.986923076923077,,,0.9700000000000001,2.2600245475769043,3.9864349365234375,0.9569931030273438,1.8366451263427734,0.0025,2.0034835705390344,2.984987497329712,2.003483561369089,2.984987258911133,13,1.1452217362462902e-08,0.9999993197734863,92,25 3 50,0.028846153846153848,1.9230769230769231,0.8461538461538461,0.9230769230769231,0.0,0.09538380314524357
ieee9,101,225,0.9761538461538463,0.9766666666666666,1.0,0.9700000000000001,2.246105432510376,3.9864301681518555,1.0290899276733398,1.7227959632873535,0.0025,1.8311229531581585,2.3260910511016846,1.8311229623281038,2.3260912895202637,12,-1.8339890700120193e-08,0.9999973933899596,86,53 3 50,0.028846153846153848,1.6923076923076923,0.8846153846153846,0.9423076923076923,0.0,-0.2863926033561046
ieee9,101,226,0.9730769230769233,,,0.9700000000000001,2.100320339202881,3.986442804336548,0.9115979075431824,1.4029200077056885,0.0025,2.281459322342506,4.912923336029053,2.2814593406823964,4.9129228591918945,13,-1.0056492800895984e-07,0.9999953810415002,81,51 3 50,0.038461538461538464,1.5384615384615385,0.9230769230769231,0.9423076923076923,0.0,-0.5420678991537827
ieee9,101,227,0.9669230769230772,,,0.9700000000000001,1.889225721359253,3.9864513874053955,0.7439898252487183,0.937236487865448,0.0025,1.9207093532268817,3.166611909866333,1.9207093715667725,3.166611909866333,13,-1.0731701667492206e-07,0.9999769625308687,71,20 3 50,0.04807692307692308,1.4615384615384615,0.9423076923076923,0.9423076923076923,0.0,-0.21081162437510031
ieee9,101,228,0.9707692307692312,,,0.9700000000000001,1.810070514678955,3.986424684524536,0.47183066606521606,0.971956193447113,0.0025,1.7074570128550897,3.488168239593506,1.7074570403649256,3.488168716430664,8,-9.119797211426955e-08,0.9999907194808163,65,2 3 50,0.057692307692307696,1.4615384615384615,0.9230769230769231,0.9615384615384616,0.0,-0.20159277950341886
ieee9,101,229,0.9723076923076927,,,0.9700000000000001,1.6787649393081665,3.9864301681518555,0.3692675232887268,0.680597186088562,0.0025,1.5485428525851324,4.804780006408691,1.5485429282371814,4.80478048324585,6,-2.1778620206392727e-08,0.9999982351450314,59,17 3 50,0.0673076923076923,1.6923076923076923,0.9134615384615384,0.9134615384615384,0.0,-0.16639672183933166
ieee9,101,230,0.9761538461538463,0.9766666666666666,1.0,0.9700000000000001,1.695719838142395,3.986431121826172,0.3369935154914856,0.7637350559234619,0.0025,2.1463650235762963,6.035923004150391,2.1463650052364054,6.035923004150391,11,-7.020739408639761e-08,0.9999932073721931,70,9 3 50,0.04807692307692308,1.3846153846153846,0.9230769230769231,0.9711538461538461,0.0,-0.3209176410276156
ieee9,101,231,0.9684615384615387,,,0.9700000000000001,1.6248301267623901,3.9864442348480225,0.16179798543453217,0.7262476682662964,0.0025,1.2187584821994488,4.191452980041504,1.2187585165867438,4.191453456878662,5,-1.2759119272232056e-07,0.9999962665214231,60,0 3 50,0.07692307692307693,1.4615384615384615,0.9423076923076923,0.9423076923076923,0.0,0.026792152498203974
ieee9,101,232,0.9753846153846156,,,0.9700000000000001,1.735310435295105,3.986453056335449,0.20258544385433197,1.0168931484222412,0.0025,2.059337700788791,3.718590259552002,2.059337719128682,3.718590259552002,11,1.7695128917694092e-08,0.9999967636054252,77,42 3 50,0.038461538461538464,1.6153846153846154,0.9134615384615384,0.9326923076923077,0.0,-0.017018704388577204
ieee9,101,233,0.9761538461538464,,,0.9700000000000001,1.8056873083114624,3.986431360244751,0.23172785341739655,1.1989023685455322,0.0025,1.9643352994552026,4.328909873962402,1.9643352719453664,4.328909873962402,12,-5.953300457734328e-08,0.999998644719642,72,11 3 50,0.038461538461538464,1.7692307692307692,0.9038461538461539,0.9038461538461539,0.0,-0.322800435197468
ieee9,101,234,0.9707692307692312,,,0.9700000000000001,1.7225412130355835,3.9863789081573486,0.20608186721801758,0.9751625061035156,0.0025,2.244273520432986,3.7895712852478027,2.2442734929231496,3.7895710468292236,11,-1.2257637885900644e-07,0.9999947465340766,78,37 3 50,0.057692307692307696,1.5384615384615385,0.9326923076923077,0.9326923076923077,0.0,-0.1817437565097442
ieee9,101,235,0.9753846153846156,0.9733333333333333,1.0,0.9700000000000001,1.6820080280303955,3.9863600730895996,0.22478710114955902,0.834876298904419,0.0025,2.1162669268938212,5.4614362716674805,2.116266858119231,5.4614362716674805,10,-1.7551848521599403e-08,0.9999985532630218,73,53 3 50,0.028846153846153848,1.6923076923076923,0.9134615384615384,0.9134615384615384,0.0,0.26648254391665643
ieee9,101,236,0.9769230769230771,,,0.9700000000000001,1.726601243019104,3.9863688945770264,0.3567507863044739,0.8366841673851013,0.0025,2.391459034039424,4.530983924865723,2.391459020284506,4.530983924865723,11,-1.862645149230957e-08,0.9999986960860514,71,1 3 39,0.04807692307692308,1.6923076923076923,0.9134615384615384,0.9134615384615384,0.0,-0.08928948182326096
ieee9,101,237,0.9646153846153849,,,0.9700000000000001,1.7151187658309937,3.986355781555176,0.4032967686653137,0.7557039260864258,0.0025,1.8157394849337065,3.8731513023376465,1.8157394986886244,3.8731513023376465,12,1.783840931378878e-08,0.999874003582542,71,37 3 39,0.038461538461538464,1.1538461538461537,0.9807692307692307,0.9807692307692307,0.0,-0.010812844579609541
ieee9,101,238,0.9807692307692311,,,0.9700000000000001,1.7428628206253052,3.9863293170928955,0.42284175753593445,0.8194175958633423,0.0025,1.7328957548508277,2.8114356994628906,1.732895750265855,2.8114356994628906,9,-1.0853490004172691e-08,0.99999949144472,68,21 3 39,0.04807692307692308,2.1538461538461537,0.8461538461538461,0.8653846153846154,0.0,-0.036047231119412645
ieee9,101,239,0.9784615384615386,,,0.9700000000000001,1.7450485229492188,3.986311435699463,0.5322613716125488,0.7165729999542236,0.0025,2.628604898085961,5.502277374267578,2.6286048889160156,5.502277374267578,13,-8.356829102222736e-08,0.9999926367825261,79,44 3 39,0.038461538461538464,1.6923076923076923,0.8846153846153846,0.9423076923076923,0.0,-0.23085736511991575
ieee9,101,240,0.9746153846153848,0.9733333333333333,1.0,0.9700000000000001,1.6714328527450562,3.9863359928131104,0.5588165521621704,0.46914589405059814,0.0025,2.3824256658554077,4.292718887329102,2.3824257208750796,4.292718887329102,11,-8.582495726071872e-08,0.9999979585525978,70,38 3 39,0.038461538461538464,1.6923076923076923,0.9038461538461539,0.9230769230769231,0.0,-0.009781139401289133
ieee9,101,241,0.9761538461538464,,,0.9700000000000001,1.7374674081802368,3.9863698482513428,0.7585350871086121,0.4674970209598541,0.0025,2.0277934532899122,3.173370838165283,2.0277934349500217,3.173370599746704,11,-6.877459012545072e-08,0.9999968282231286,73,33 39 3,0.038461538461538464,1.7692307692307692,0.9038461538461539,0.9038461538461539,0.0,-0.00630478818829243
ieee9,101,242,0.9730769230769234,,,0.9700000000000001,1.7881078720092773,3.986377477645874,0.9055081605911255,0.4724377989768982,0.0025,2.1021489684398356,3.6451940536499023,2.1021489592698903,3.6451940536499023,10,-1.0574093231788048e-07,0.9999944351893979,74,27 39 3,0.038461538461538464,1.5384615384615385,0.9230769230769231,0.9423076923076923,0.0,-0.01036905962973833
ieee9,101,243,0.9723076923076927,,,0.9700000000000001,1.8397858142852783,3.986375570297241,0.9198226928710938,0.6131591796875,0.0025,2.3328176186634946,5.416199684143066,2.332817650758303,5.416199684143066,11,-1.9629414264972393e-08,0.9999974051509428,78,14 39 3,0.04807692307692308,1.5384615384615385,0.9230769230769231,0.9423076923076923,0.0,-0.07831953351314251
ieee9,101,244,0.9761538461538464,,,0.9700000000000001,1.9343198537826538,3.9863815307617188,1.028257131576538,0.7883215546607971,0.0025,2.149570955679967,5.893936634063721,2.149570951094994,5.893936634063721,12,9.241585548107441e-09,0.9999902761670789,82,42 39 3,0.038461538461538464,1.7692307692307692,0.8846153846153846,0.9230769230769231,0.0,-0.15717556327581406
ieee9,101,245,0.9761538461538464,0.9700000000000001,1.0,0.9700000000000001,1.9785507917404175,3.98637056350708,1.1325310468673706,0.8167507648468018,0.0025,2.6952444314956665,4.3230509757995605,2.6952443581361036,4.323050498962402,13,-4.6566128730773926e-08,0.9999966047569202,83,50 39 3,0.04807692307692308,1.6153846153846154,0.9038461538461539,0.9326923076923077,0.0,0.13962133780408365
ieee9,101,246,0.9776923076923079,,,0.9700000000000001,1.9888858795166016,3.9863650798797607,0.9378553032875061,1.0424376726150513,0.0025,2.0707970399122972,3.9217724800109863,2.0707970444972696,3.9217724800109863,12,-1.1440939628160916e-07,0.9999936951872508,81,14 39 3,0.038461538461538464,1.6923076923076923,0.8942307692307693,0.9326923076923077,0.0,0.2692935804908092
ieee9,101,247,0.967692307692308,,,0.9700000000000001,2.195284366607666,3.986358642578125,1.039035677909851,1.5604591369628906,0.0025,2.4462697964448195,4.132238388061523,2.446269851464492,4.132238388061523,13,-3.073364496231079e-08,0.9999913924701301,89,39 3 21,0.019230769230769232,1.4615384615384615,0.9423076923076923,0.9423076923076923,0.0,0.14753973111510277
ieee9,101,248,0.9730769230769234,,,0.9700000000000001,2.417731761932373,3.9863791465759277,1.4772776365280151,1.7895379066467285,0.0025,2.3033754917291493,3.678856372833252,2.3033754642193136,3.678856372833252,13,-8.188474636811476e-08,0.9999280680636825,98,28 39 3,0.028846153846153848,1.4615384615384615,0.9326923076923077,0.9519230769230769,0.0,0.19831999018788338
ieee9,101,249,0.9700000000000002,,,0.9700000000000001,2.514092445373535,3.9864091873168945,1.6496002674102783,1.9062678813934326,0.0025,2.543906120153574,3.5987660884857178,2.5439060834737925,3.5987660884857178,13,-6.71268655703618e-08,0.9999949254433684,94,29 39 3,0.028846153846153848,1.5384615384615385,0.9326923076923077,0.9326923076923077,0.0,-0.3026830806181981
ieee9,101,250,0.9746153846153848,0.9700000000000001,1.0,0.9700000000000001,2.337230920791626,3.986407995223999,1.3639352321624756,1.6613496541976929,0.0025,2.62981286415687,4.794320106506348,2.6298129008366513,4.794320106506348,13,-7.858929725793692e-08,0.9999967237200714,97,48 39 44,0.019230769230769232,1.7692307692307692,0.9038461538461539,0.9038461538461539,0.0,0.009348972199054865
ieee9,101,251,0.9823076923076925,,,0.9700000000000001,2.388862133026123,3.9864091873168945,1.3380907773971558,1.8420861959457397,0.0025,2.374540383999164,3.5419507026672363,2.3745404298488912,3.5419507026672363,13,-1.2966875846569355e-08,0.9999975263222068,93,44 39 3,0.028846153846153848,1.7692307692307692,0.8942307692307693,0.9134615384615384,0.0,0.3479259664622637
ieee9,101,252,0.9823076923076925,,,0.9700000000000001,2.5571939945220947,3.986398220062256,1.7459423542022705,1.9392414093017578,0.0025,2.4266532842929545,3.526857614517212,2.426653265953064,3.526857614517212,13,-4.0118510906512924e-08,0.999998840854281,99,37 39 3,0.019230769230769232,1.9230769230769231,0.8653846153846154,0.9038461538461539,0.0,-0.15333013809644258
ieee9,101,253,0.9776923076923081,,,0.9700000000000001,2.7013587951660156,3.9863598346710205,2.073683023452759,2.0440335273742676,0.0025,2.2240373079593363,3.9379677772521973,2.2240372712795553,3.937967538833618,13,-6.490601943089412e-08,0.9999967694954722,98,44 39 3,0.019230769230769232,1.7692307692307692,0.8942307692307693,0.9134615384615384,0.0,-0.5439798350517566
ieee9,101,254,0.9830769230769232,,,0.9700000000000001,2.5033013820648193,3.9862897396087646,1.8577754497528076,1.6658388376235962,0.0025,2.4470721758328953,4.517564296722412,2.4470721574930043,4.517563819885254,13,-1.876973188840426e-08,0.9999872830030136,97,35 39 44,0.019230769230769232,1.8461538461538463,0.8653846153846154,0.9134615384615384,0.0,-0.5187151626898692
ieee9,101,255,0.9715384615384617,0.9700000000000001,1.0,0.9700000000000001,2.3660740852355957,3.986241340637207,1.6440321207046509,1.4679486751556396,0.0025,2.1920303518955526,3.467581272125244,2.192030342725607,3.467581272125244,12,-4.0118510906512924e-08,0.9999950664143523,90,28 39 44,0.028846153846153848,1.6153846153846154,0.9230769230769231,0.9230769230769231,0.0,0.18771504037655318
ieee9,101,256,0.9800000000000003,,,0.9700000000000001,2.4214601516723633,3.9862191677093506,1.5847874879837036,1.6933737993240356,0.0025,2.3694199415353627,5.774866580963135,2.369419914025527,5.774866104125977,13,-2.944412139745859e-08,0.9999969179542398,89,24 39 53,0.019230769230769232,1.7692307692307692,0.8846153846153846,0.9230769230769231,0.0,-0.5484376023881711
ieee9,101,257,0.9761538461538464,,,0.9700000000000001,2.2361977100372314,3.9862146377563477,1.2590796947479248,1.4632989168167114,0.0025,2.3450011840233436,4.088440418243408,2.345001147343562,4.088440418243408,12,-7.751469428722675e-08,0.9999977181819187,91,15 39 44,0.038461538461538464,1.7692307692307692,0.9038461538461539,0.9038461538461539,0.0,-0.1360044081050616
ieee9,101,258,0.9700000000000002,,,0.9700000000000001,2.0017950534820557,3.986196279525757,0.9227378368377686,1.0964505672454834,0.0025,2.3774852752685547,4.200694561004639,2.377485293608445,4.200694561004639,13,-2.6650153673612156e-08,0.9999966114159299,81,37 39 44,0.04807692307692308,1.4615384615384615,0.9423076923076923,0.9423076923076923,0.0,-0.05469333079571907
ieee9,101,259,0.9776923076923081,,,0.9700000000000001,1.8757997751235962,3.986205577850342,0.9660276770591736,0.6751660108566284,0.0025,1.4980664757581859,3.0982439517974854,1.4980664665882404,3.0982439517974854,10,-3.5103697043198807e-08,0.9999979382230202,70,50 39 44,0.038461538461538464,1.6153846153846154,0.9038461538461539,0.9423076923076923,0.0,-0.08162788846171819
ieee9,101,260,0.9807692307692311,0.9766666666666666,1.0,0.9700000000000001,1.7641080617904663,3.986236333847046,0.9820553660392761,0.32403209805488586,0.0025,2.1474756323374233,6.870224475860596,2.147475552100402,6.8702239990234375,10,-4.198115605574388e-08,0.9999988045347932,73,52 44 39,0.038461538461538464,1.8461538461538463,0.8942307692307693,0.8942307692307693,0.0,-0.04765846057293507
ieee9,101,261,0.9653846153846157,,,0.9700000000000001,1.6996972560882568,3.986250877380371,0.7409248352050781,0.3719157576560974,0.0025,1.7945253596856043,5.3655104637146,1.7945253482231727,5.3655104637146,7,-1.1584220024255606e-07,0.9999836306787779,65,37 44 39,0.038461538461538464,1.3076923076923077,0.9615384615384616,0.9615384615384616,0.0,0.009151433451244464
ieee9,101,262,0.960769230769231,,,0.9700000000000001,1.7410345077514648,3.9862325191497803,0.6306253671646118,0.6062461137771606,0.0025,1.7667204118691957,4.279285907745361,1.7667204302090864,4.279285907745361,9,-1.8955996403327356e-07,0.9950696341858598,70,29 44 39,0.0673076923076923,1.0769230769230769,0.9903846153846154,0.9903846153846154,0.0,0.06197834946215153
ieee9,101,263,0.987692307692308,,,0.9700000000000001,1.9010839462280273,3.9862279891967773,0.7510052919387817,0.966017484664917,0.0025,2.2960215486012974,4.8815813064575195,2.2960214660717893,4.881580829620361,12,-6.447617824261005e-08,0.9999994235632332,87,37 44 39,0.028846153846153848,2.076923076923077,0.8269230769230769,0.8942307692307693,0.0,0.12318075047089504
ieee9,101,264,0.9707692307692309,,,0.9700000000000001,2.042501211166382,3.986205816268921,0.9969543814659119,1.1443438529968262,0.0025,1.7504432155535772,3.1629951000213623,1.7504432476483858,3.1629951000213623,12,-5.172422299018273e-08,0.9999847992941686,87,48 44 39,0.028846153846153848,1.4615384615384615,0.9326923076923077,0.9519230769230769,0.0,-0.14399268134282187
ieee9,101,265,0.9776923076923079,0.9766666666666666,1.0,0.9700000000000001,2.046170473098755,3.986175775527954,1.1287416219711304,1.0235934257507324,0.0025,2.2818375459084144,3.8690686225891113,2.2818375642483053,3.8690686225891113,12,-4.16945952635545e-08,0.9999981375415965,93,23 44 50,0.028846153846153848,1.8461538461538463,0.875,0.9134615384615384,0.0,-0.08184590448553745
ieee9,101,266,0.9761538461538464,,,0.9700000000000001,1.9998122453689575,3.9861631393432617,1.021986484527588,0.9912862777709961,0.0025,1.9888899418023915,3.3062331676483154,1.9888899601422823,3.3062331676483154,11,-2.2208461394676795e-09,0.9999987664213953,78,39 44 50,0.038461538461538464,1.7692307692307692,0.9038461538461539,0.9038461538461539,0.0,0.03496663730878096
ieee9,101,267,0.9823076923076925,,,0.9700000000000001,2.123779296875,3.9861512184143066,1.1683051586151123,1.2168809175491333,0.0025,2.501407659970797,5.28567361831665,2.5014076691407423,5.28567361831665,12,-2.629195268337543e-08,0.9999963628835281,88,1 44 39,0.038461538461538464,2.076923076923077,0.8557692307692307,0.875,0.0,-0.22360964592259663
ieee9,101,268,0.9730769230769233,,,0.9700000000000001,2.1758973598480225,3.9861319065093994,1.3386324644088745,1.2029274702072144,0.0025,1.8476258608011098,3.2899556159973145,1.8476258699710553,3.2899556159973145,13,-1.0352008617841281e-07,0.9999982237853425,84,15 44 39,0.038461538461538464,1.7692307692307692,0.9038461538461539,0.9038461538461539,0.0,0.008712032236731969
ieee9,101,269,0.9738461538461541,,,0.9700000000000001,2.311694860458374,3.986100435256958,1.5952283143997192,1.3537558317184448,0.0025,2.062070823632754,3.3079206943511963,2.062070805292863,3.3079206943511963,12,-9.972315568190355e-08,0.9999898976655891,96,53 44 39,0.028846153846153848,1.6153846153846154,0.9230769230769231,0.9230769230769231,0.0,-0.07688687971005073
ieee9,101,270,0.9753846153846156,0.9766666666666666,1.0,0.9700000000000001,2.2356419563293457,3.986083507537842,1.4227620363235474,1.298080563545227,0.0025,2.3473449853750377,4.705533504486084,2.347344939525311,4.705532550811768,12,-3.4602215656867394e-08,0.9999975656899902,88,7 44 39,0.028846153846153848,1.6923076923076923,0.9038461538461539,0.9230769230769231,0.0,-0.05036576851629294
ieee9,101,271,0.9746153846153848,,,0.9700000000000001,2.059969663619995,3.9860684871673584,1.159102201461792,1.0347386598587036,0.0025,2.068308243384728,3.6441245079040527,2.0683082984044003,3.6441245079040527,10,-3.1306766546689545e-08,0.9999983576667856,77,28 44 39,0.038461538461538464,1.6923076923076923,0.8942307692307693,0.9326923076923077,0.0,-0.17635596529222453
ieee9,101,272,0.9800000000000002,,,0.9700000000000001,2.059689998626709,3.986011266708374,1.1984254121780396,0.9946339130401611,0.0025,2.20161811205057,3.284353256225586,2.2016180753707886,3.284353256225586,12,-1.407013489649846e-07,0.999996395345321,84,9 44 39,0.038461538461538464,1.7692307692307692,0.875,0.9230769230769231,0.0,-0.09930028995642295
ieee9,101,273,0.9746153846153848,,,0.9700000000000001,2.006420135498047,3.985948085784912,1.134088397026062,0.8992236852645874,0.0025,1.7609645953545203,3.3377647399902344,1.7609645678446844,3.3377647399902344,9,-7.214167943367592e-08,0.99999688751402,70,34 44 39,0.057692307692307696,1.6923076923076923,0.9038461538461539,0.9230769230769231,0.0,0.03453272753036939
ieee9,101,274,0.973846153846154,,,0.9700000000000001,2.113128662109375,3.9858803749084473,1.2093501091003418,1.144155502319336,0.0025,2.206827310415415,3.994168281555176,2.2068273379252505,3.994168519973755,13,-4.2410997244027946e-08,0.9999951475000226,85,0 44 39,0.04807692307692308,1.6153846153846154,0.9134615384615384,0.9326923076923077,0.0,-0.4579739008958523
ieee9,101,275,0.9746153846153849,0.9766666666666666,1.0,0.9700000000000001,2.201615571975708,3.9858546257019043,1.468203067779541,1.1507891416549683,0.0025,1.995294479223398,3.77211594581604,1.9952944975632887,3.77211594581604,10,-2.7438195852132942e-08,0.9999976962379366,82,2 44 39,0.038461538461538464,1.8461538461538463,0.8942307692307693,0.8942307692307693,0.0,0.3895322519999284
ieee9,101,276,0.9807692307692311,,,0.9700000000000001,2.3525004386901855,3.98583722114563,1.7210488319396973,1.3506152629852295,0.0025,2.028444849527799,3.8109240531921387,2.0284449137174168,3.8109242916107178,13,-6.769998715474055e-08,0.9999982670350922,91,4 44 39,0.028846153846153848,1.8461538461538463,0.875,0.9134615384615384,0.0,-0.264173679626905
ieee9,101,277,0.9846153846153848,,,0.9700000000000001,2.2701287269592285,3.985819101333618,1.621649980545044,1.2029175758361816,0.0025,2.627811551094055,4.748461723327637,2.6278114869044376,4.7484612464904785,13,-1.0853490004172691e-07,0.9999876778931631,81,45 44 39,0.04807692307692308,1.6153846153846154,0.8846153846153846,0.9519230769230769,0.0,-0.6975906284955832
ieee9,101,278,0.9730769230769233,,,0.9700000000000001,1.9080932140350342,3.9857964515686035,1.0641705989837646,0.6743124723434448,0.0025,2.0983372926712036,3.1032261848449707,2.0983372697463403,3.1032259464263916,12,-8.374739151734572e-08,0.9999973281653948,72,50 44 39,0.04807692307692308,1.6923076923076923,0.9134615384615384,0.9134615384615384,0.0,-0.13099795587074298
ieee9,101,279,0.9761538461538464,,,0.9700000000000001,1.7776862382888794,3.9858052730560303,0.8755308389663696,0.4717225432395935,0.0025,2.5130038261413574,5.751164436340332,2.5130037779991445,5.751163959503174,12,-1.2465394460237943e-07,0.9999915098944056,74,18 44 39,0.057692307692307696,1.3846153846153846,0.9230769230769231,0.9711538461538461,0.0,-0.017934685143140647
ieee9,101,280,0.9738461538461541,0.9766666666666666,1.0,0.9700000000000001,1.7862619161605835,3.985836982727051,0.9977636933326721,0.3751852810382843,0.0025,2.0262095561394324,4.81472110748291,2.026209533214569,4.81472110748291,11,-1.7752441076131967e-07,0.9999943725237752,80,43 39 44,0.028846153846153848,1.6153846153846154,0.9230769230769231,0.9230769230769231,0.0,0.06414232632288566
ieee9,101,281,0.9769230769230771,,,0.9700000000000001,1.9429477453231812,3.9858202934265137,1.176906943321228,0.6661156415939331,0.0025,1.8972169711039617,3.828361988067627,1.897216980273907,3.828361988067627,11,-3.2667930309589096e-08,0.999995384222334,76,38 44 39,0.038461538461538464,1.5384615384615385,0.9134615384615384,0.9519230769230769,0.0,0.0035131170342747983
ieee9,101,282,0.9784615384615386,,,0.9700000000000001,2.1632096767425537,3.985804557800293,1.4905472993850708,1.01327645778656,0.0025,1.7373762039037852,2.7623562812805176,1.737376176393949,2.7623562812805176,12,-2.514570951461792e-08,0.9999987886899939,81,36 44 39,0.04807692307692308,1.7692307692307692,0.8846153846153846,0.9230769230769231,0.0,0.4571981498828301
ieee9,101,283,0.9723076923076927,,,0.9700000000000001,2.4558708667755127,3.9858081340789795,1.864654779434204,1.5171494483947754,0.0025,2.4581876076184788,3.2861318588256836,2.4581876259583693,3.2861318588256836,13,-4.205279625379122e-08,0.9999950191981701,96,39 44 50,0.038461538461538464,1.5384615384615385,0.9230769230769231,0.9423076923076923,0.0,-0.15310365763994363
ieee9,101,284,0.9746153846153848,,,0.9700000000000001,2.6218862533569336,3.985806465148926,2.081540822982788,1.798311710357666,0.0025,1.8299082563473628,2.593698263168335,1.8299082609323354,2.593698263168335,12,-6.039268695391141e-08,0.9999985317726696,99,0 50 44,0.019230769230769232,1.6923076923076923,0.9134615384615384,0.9134615384615384,0.0,0.029566071927547455
ieee9,101,285,0.9776923076923079,0.9766666666666666,1.0,0.9700000000000001,2.721691846847534,3.985811710357666,2.1995089054107666,1.979755163192749,0.0025,2.2919717018420878,3.182894229888916,2.2919717110120335,3.182894468307495,13,1.576084357041579e-09,0.9999973368364873,98,29 39 44,0.028846153846153848,1.9230769230769231,0.8846153846153846,0.8846153846153846,0.0,-0.25688985792490154
ieee9,101,286,0.9753846153846156,,,0.9700000000000001,2.7016985416412354,3.9858028888702393,2.18005633354187,1.9392362833023071,0.0025,2.1721057433348436,3.7515664100646973,2.1721057983545156,3.7515666484832764,13,2.292486337515024e-09,0.99999757287916,100,38 50 3,0.019230769230769232,1.7692307692307692,0.875,0.9326923076923077,0.0,-0.15836083373198143
ieee9,101,287,0.9746153846153848,,,0.9700000000000001,2.7108871936798096,3.9857869148254395,2.1265146732330322,2.020359992980957,0.0025,1.9842862899486835,2.808025598526001,1.9842863495533283,2.80802583694458,12,-7.178347844343919e-08,0.9999889271301462,101,22 44 3,0.019230769230769232,1.7692307692307692,0.9038461538461539,0.9038461538461539,0.0,0.05079452736446491
ieee9,101,288,0.9730769230769234,,,0.9700000000000001,2.7342207431793213,3.9857864379882812,2.1116507053375244,2.105224609375,0.0025,2.4987994249050436,3.4215681552886963,2.498799415735098,3.4215683937072754,13,-1.2529870638480554e-07,0.9999954191254571,99,50 39 3,0.019230769230769232,1.5384615384615385,0.9230769230769231,0.9423076923076923,0.0,-0.06213433983234259
ieee9,101,289,0.9707692307692312,,,0.9700000000000001,2.749061107635498,3.9857776165008545,2.1246120929718018,2.136793375015259,0.0025,2.175693154335022,2.983353614807129,2.175693163504967,2.983353614807129,13,-4.291247863035936e-08,0.9999969152970306,101,48 44 3,0.019230769230769232,1.6923076923076923,0.9134615384615384,0.9134615384615384,0.0,-0.6612345955979365
ieee9,101,290,0.9753846153846156,0.9833333333333334,1.0,0.9700000000000001,2.600466012954712,3.985759735107422,1.9489898681640625,1.8666484355926514,0.0025,2.210167719767644,3.534090042114258,2.210167783957261,3.534090042114258,13,-1.9342853472783016e-08,0.9999986062820737,95,17 39 3,0.028846153846153848,1.7692307692307692,0.8942307692307693,0.9134615384615384,0.0,0.08257665284551106
ieee9,101,291,0.9746153846153848,,,0.9700000000000001,2.5587854385375977,3.985753059387207,1.8605523109436035,1.8300508260726929,0.0025,2.124886026749244,2.8567333221435547,2.124886072598971,2.8567333221435547,13,-1.5593384607480124e-07,0.9999451887430584,95,17 39 3,0.028846153846153848,1.5384615384615385,0.9230769230769231,0.9423076923076923,0.0,0.03752542344423441
ieee9,101,292,0.9830769230769234,,,0.9700000000000001,2.5850257873535156,3.9857380390167236,1.864817500114441,1.9045217037200928,0.0025,2.1203343042960534,3.570042133331299,2.120334276786217,3.5700418949127197,13,2.1492059414203352e-10,0.9999988157150407,98,39 50 3,0.019230769230769232,1.7692307692307692,0.8846153846153846,0.9230769230769231,0.0,-0.12940368729715163
ieee9,101,293,0.9700000000000002,,,0.9700000000000001,2.6329493522644043,3.985746145248413,1.9984664916992188,1.9146353006362915,0.0025,2.357347323344304,3.202151298522949,2.3573472316448507,3.202151298522949,13,-3.660814120219304e-08,0.9999956662131243,97,52 39 44,0.028846153846153848,1.4615384615384615,0.9423076923076923,0.9423076923076923,0.0,-0.3210944819908876
ieee9,101,294,0.9769230769230771,,,0.9700000000000001,2.542585611343384,3.985753297805786,1.8659312725067139,1.7760728597640991,0.0025,2.043890503736643,3.0259482860565186,2.043890512906588,3.0259485244750977,13,-8.224294735835149e-08,0.9999984805767952,97,14 39 3,0.038461538461538464,1.6923076923076923,0.9038461538461539,0.9230769230769231,0.0,0.24096362980512473
ieee9,101,295,0.9823076923076925,0.9833333333333334,1.0,0.9700000000000001,2.6901068687438965,3.98573899269104,2.0750787258148193,2.0095036029815674,0.0025,2.0351569102360654,3.6226327419281006,2.0351569010661197,3.6226329803466797,13,-7.224018470599101e-08,0.999998155621728,98,48 44 39,0.028846153846153848,2.0,0.8653846153846154,0.8846153846153846,0.0,0.08143174419036278
ieee9,101,296,0.9815384615384617,,,0.9700000000000001,2.7775495052337646,3.9857192039489746,2.123199462890625,2.2237305641174316,0.0025,2.2974489560494056,3.540355920791626,2.2974489468794603,3.540355682373047,13,-8.238622775444618e-09,0.9999960871795276,96,52 39 3,0.028846153846153848,1.9230769230769231,0.875,0.8942307692307693,0.0,0.14038282862076393
ieee9,101,297,0.9746153846153849,,,0.9700000000000001,2.832277774810791,3.985732078552246,2.185560941696167,2.3255395889282227,0.0025,2.375886476956881,4.122908592224121,2.375886476956881,4.122908592224121,13,-8.482199448805589e-08,0.9999969888653938,98,0 39 21,0.028846153846153848,1.5384615384615385,0.9230769230769231,0.9423076923076923,0.0,-0.0017458475553072416
ieee9,101,298,0.9776923076923079,,,0.9700000000000001,2.7829477787017822,3.9857325553894043,2.1271424293518066,2.235968589782715,0.0025,2.27175588791187,3.715165853500366,2.271755915421706,3.7151660919189453,13,-8.74010416177603e-09,0.9999980465828229,101,42 39 44,0.019230769230769232,1.6153846153846154,0.9038461538461539,0.9423076923076923,0.0,-0.3547581067452064
ieee9,101,299,0.9776923076923077,,,0.9700000000000001,2.672640323638916,3.9857122898101807,1.9676531553268433,2.0645556449890137,0.0025,1.9869672243411725,3.3353543281555176,1.9869672060012817,3.3353543281555176,13,-8.116834438764133e-08,0.9999975307008676,95,17 39 3,0.028846153846153848,1.8461538461538463,0.8846153846153846,0.9038461538461539,0.0,0.10755251348018646
ieee9,101,300,0.9723076923076925,0.9833333333333334,1.0,0.9700000000000001,2.790294885635376,3.98565936088562,2.2343671321868896,2.1508586406707764,0.0025,2.4349171106631937,3.3584938049316406,2.4349170923233032,3.3584938049316406,13,-3.309777149787316e-08,0.9999963828914874,102,19 39 44,0.019230769230769232,1.6153846153846154,0.9230769230769231,0.9230769230769231,0.0,0.02495024983699505
ieee9,101,301,0.9823076923076924,,,0.9700000000000001,2.9021291732788086,3.9856362342834473,2.405898094177246,2.3148536682128906,0.0025,1.9417964495145357,2.4943859577178955,1.9417964770243719,2.4943859577178955,13,-3.173660773497362e-08,0.9999989178591646,101,1 44 39,0.019230769230769232,2.076923076923077,0.8557692307692307,0.875,0.0,0.17024704527396423
ieee9,101,302,0.9761538461538463,,,0.9700000000000001,3.0365257263183594,3.9855904579162598,2.5697038173675537,2.5542821884155273,0.0025,1.906655219885019,2.909245491027832,1.906655192375183,2.909245491027832,13,-4.033343150065495e-08,0.9999965880825004,103,36 39 3,0.019230769230769232,1.6153846153846154,0.8846153846153846,0.9519230769230769,0.0,0.06677629225529157
ieee9,101,303,0.9684615384615387,,,0.9700000000000001,3.1556003093719482,3.985543727874756,2.777179718017578,2.7040772438049316,0.0025,1.8772123135053194,2.917957067489624,1.8772123272602375,2.917957067489624,12,-7.529384814775906e-08,0.9999966680257859,103,36 39 3,0.019230769230769232,1.4615384615384615,0.9326923076923077,0.9519230769230769,0.0,-0.293376492193112
ieee9,101,304,0.9723076923076927,,,0.9700000000000001,3.0993688106536865,3.985513925552368,2.634868860244751,2.677724599838257,0.0025,2.0472406332309427,2.5634372234344482,2.0472406148910522,2.5634372234344482,13,-1.590412396651048e-08,0.9999955920128472,103,0 3 44,0.019230769230769232,1.6153846153846154,0.9134615384615384,0.9326923076923077,0.0,0.12978862111385053
ieee9,101,305,0.9746153846153849,0.98,1.0,0.9700000000000001,3.121624708175659,3.9854884147644043,2.703291416168213,2.6760945320129395,0.0025,1.9556745382455678,2.7058064937591553,1.9556745199056773,2.7058064937591553,13,-5.6595756457402153e-08,0.9999936095794573,100,39 50 3,0.019230769230769232,1.6923076923076923,0.8942307692307693,0.9326923076923077,0.0,-0.045763908670498774
ieee9,101,306,0.9715384615384617,,,0.9700000000000001,3.0371017456054688,3.985443353652954,2.5648181438446045,2.5610437393188477,0.0025,2.149717587691087,2.774533987045288,2.149717615200923,2.774533987045288,13,-6.69835851742671e-08,0.9999400652890216,102,13 21 3,0.019230769230769232,1.5384615384615385,0.9326923076923077,0.9326923076923077,0.0,-0.2219385880117233
ieee9,101,307,0.9753846153846156,,,0.9700000000000001,2.952782392501831,3.985415458679199,2.4191644191741943,2.4537670612335205,0.0025,2.2102121848326464,2.8181605339050293,2.2102121848326464,2.8181605339050293,13,3.0805285160358134e-09,0.999999525008216,102,34 21 39,0.019230769230769232,1.9230769230769231,0.8846153846153846,0.8846153846153846,0.0,-0.2309815568419603
ieee9,101,308,0.9753846153846156,,,0.9700000000000001,2.8657708168029785,3.985417604446411,2.3585963249206543,2.25329852104187,0.0025,2.070720966045673,2.555936098098755,2.070720984385564,2.555936098098755,13,-3.080528516035814e-08,0.9999977089793823,100,22 39 3,0.019230769230769232,1.6923076923076923,0.9038461538461539,0.9230769230769231,0.0,-0.23171501893263596
ieee9,101,309,0.9715384615384617,,,0.9700000000000001,2.7903380393981934,3.9854190349578857,2.147130012512207,2.238464832305908,0.0025,1.9730698053653424,2.9910242557525635,1.9730697778555064,2.9910242557525635,13,-1.3819394203332754e-07,0.9999964140954324,100,2 3 21,0.019230769230769232,1.3846153846153846,0.9326923076923077,0.9711538461538461,0.0,0.029626591990773495
ieee9,101,310,0.9715384615384617,0.98,1.0,0.9700000000000001,2.7882139682769775,3.9853994846343994,2.219000816345215,2.1602423191070557,0.0025,2.312418213257423,3.8896384239196777,2.3124182040874777,3.8896381855010986,13,-6.590898220355695e-08,0.9999964232878078,101,9 3 50,0.019230769230769232,1.6923076923076923,0.9134615384615384,0.9134615384615384,0.0,0.10848132692850553
ieee9,101,311,0.973846153846154,,,0.9700000000000001,2.824892520904541,3.9853808879852295,2.2981979846954346,2.191098928451538,0.0025,2.658131104249221,3.448286533355713,2.658131195948674,3.448286771774292,13,-7.500728735556969e-08,0.9999983267578394,104,5 39 50,0.009615384615384616,1.7692307692307692,0.9038461538461539,0.9038461538461539,0.0,-0.4364222970146399
ieee9,101,312,0.9692307692307695,,,0.9700000000000001,2.6776068210601807,3.9853856563568115,2.0682334899902344,1.979201078414917,0.0025,2.72983232828287,3.6404755115509033,2.729832355792706,3.6404755115509033,13,-8.646971904314481e-08,0.9999944112643313,103,31 50 3,0.019230769230769232,1.3846153846153846,0.9423076923076923,0.9615384615384616,0.0,-0.046724972816614
ieee9,101,313,0.9646153846153849,,,0.9700000000000001,2.7223119735717773,3.985398530960083,2.1325817108154297,2.0489556789398193,0.0025,2.237996275608356,3.152909994125366,2.237996211418739,3.152909994125366,13,-1.1777648558983437e-07,0.9998691198800651,100,23 39 3,0.019230769230769232,1.2307692307692308,0.9711538461538461,0.9711538461538461,0.0,-0.009544251916500239
ieee9,101,314,0.9753846153846156,,,0.9700000000000001,2.683082103729248,3.985407590866089,2.0360426902770996,2.0277960300445557,0.0025,2.473619607778696,3.6726016998291016,2.4736196261185865,3.6726016998291016,13,-2.385618594976572e-08,0.9999977948174931,104,36 3 0,0.009615384615384616,1.7692307692307692,0.9038461538461539,0.9038461538461539,0.0,0.017795831251602907
ieee9,101,315,0.9776923076923081,0.9833333333333334,1.0,0.9700000000000001,2.729816198348999,3.985382318496704,1.9695918560028076,2.2344741821289062,0.0025,2.233601790208083,3.350966691970825,2.233601771868192,3.350966215133667,13,-5.330030734722431e-08,0.9999980714523193,100,50 3 44,0.028846153846153848,1.6153846153846154,0.8942307692307693,0.9519230769230769,0.0,0.12416929923571073
ieee9,101,316,0.9807692307692311,,,0.9700000000000001,2.772907257080078,3.9853575229644775,2.141845941543579,2.191519260406494,0.0025,2.062010939304645,2.824594497680664,2.0620109209647546,2.824594497680664,13,-2.45031864883808e-08,0.999998053460116,100,48 21 3,0.019230769230769232,1.7692307692307692,0.8846153846153846,0.9134615384615384,0.0,-0.3316564244719652
ieee9,101,317,0.9653846153846156,,,0.9700000000000001,2.7340800762176514,3.9853129386901855,1.9911736249923706,2.2257542610168457,0.0025,2.0994458748744083,4.024811744689941,2.0994459298940806,4.024811744689941,13,-1.0695881568468533e-07,0.9999855987218523,96,24 3 39,0.028846153846153848,1.3076923076923077,0.9519230769230769,0.9711538461538461,0.0,-0.25521436448280627
ieee9,101,318,0.9830769230769233,,,0.9700000000000001,2.6016578674316406,3.985274076461792,1.8153202533721924,2.0043792724609375,0.0025,2.525703182587257,4.3701910972595215,2.5257032100970926,4.3701910972595215,13,-9.336061059282376e-08,0.999994258013475,101,4 50 3,0.019230769230769232,1.6923076923076923,0.8942307692307693,0.9326923076923077,0.0,-0.20363269803615716
ieee9,101,319,0.9738461538461541,,,0.9700000000000001,2.4154040813446045,3.985246181488037,1.4054471254348755,1.8555197715759277,0.0025,2.23634658409999,3.3248202800750732,2.2363466116098256,3.3248205184936523,13,-4.0834912886986366e-08,0.9999876988450525,92,34 3 39,0.028846153846153848,1.3846153846153846,0.9326923076923077,0.9615384615384616,0.0,-0.3624478687460606
ieee9,101,320,0.9761538461538464,0.98,1.0,0.9700000000000001,2.2153537273406982,3.985238790512085,0.9564584493637085,1.704363465309143,0.0025,2.3087457693540134,5.031249523162842,2.3087457785239587,5.03125,13,-3.7611103974855865e-08,0.9999904145406591,88,48 3 39,0.028846153846153848,1.6923076923076923,0.9038461538461539,0.9230769230769231,0.0,0.26628508934607875
ieee9,101,321,0.9753846153846156,,,0.9700000000000001,2.266392230987549,3.985227108001709,0.9706573486328125,1.843292236328125,0.0025,2.185313582420349,3.418851375579834,2.185313573250404,3.418851375579834,13,-2.915756060526921e-08,0.9999983893416059,95,21 3 39,0.028846153846153848,2.0,0.875,0.875,0.0,0.21674112975597382
ieee9,101,322,0.9807692307692311,,,0.9700000000000001,2.4248368740081787,3.985215187072754,1.2607694864273071,2.0285251140594482,0.0025,2.3240577165897074,4.600430965423584,2.324057698249817,4.600430965423584,13,-4.527660516592172e-08,0.9999989027951871,99,38 3 21,0.019230769230769232,1.8461538461538463,0.875,0.9134615384615384,0.0,-0.20255637627381545
ieee9,101,323,0.9738461538461541,,,0.9700000000000001,2.3979907035827637,3.985201597213745,1.0803955793380737,2.1283750534057617,0.0025,2.0530119033960195,3.403221845626831,2.0530119125659647,3.403221845626831,13,-6.325829487580519e-08,0.9999963088665678,95,15 3 21,0.019230769230769232,1.5384615384615385,0.9134615384615384,0.9519230769230769,0.0,0.007870060463364307
ieee9,101,324,0.9723076923076927,,,0.9700000000000001,2.428311586380005,3.985208034515381,1.3250973224639893,1.9746290445327759,0.0025,2.1723935787494364,3.0935235023498535,2.172393642939054,3.0935235023498535,13,-8.20996669622568e-08,0.9999894688383048,97,0 3 21,0.028846153846153848,1.5384615384615385,0.9326923076923077,0.9326923076923077,0.0,0.018803515972999427
ieee9,101,325,0.9761538461538465,0.98,1.0,0.9700000000000001,2.652575969696045,3.9852182865142822,1.8448442220687866,2.1276650428771973,0.0025,1.9013252808497503,2.903402805328369,1.9013252716798048,2.903402805328369,13,-4.771237189953144e-08,0.9999970157664416,97,46 3 21,0.038461538461538464,1.4615384615384615,0.9230769230769231,0.9615384615384616,0.0,0.20265024843124244
ieee9,101,326,0.9823076923076924,,,0.9700000000000001,2.771663188934326,3.9852449893951416,1.98259437084198,2.3471498489379883,0.0025,2.119018087020287,2.990870237350464,2.119018105360178,2.990870237350464,13,-6.8774590125450725e-09,0.9999885543499254,98,47 21 3,0.019230769230769232,1.7692307692307692,0.8846153846153846,0.9230769230769231,0.0,-0.19843259281837022
ieee9,101,327,0.9730769230769234,,,0.9700000000000001,2.858417510986328,3.985231637954712,2.082510471343994,2.507511615753174,0.0025,2.3068818037326517,4.7557053565979,2.3068818220725427,4.7557053565979,13,1.733692792745737e-08,0.9999912464482148,97,45 3 21,0.028846153846153848,1.4615384615384615,0.9423076923076923,0.9423076923076923,0.0,-0.3021795990375372
ieee9,101,328,0.9738461538461541,,,0.9700000000000001,2.775070905685425,3.985220432281494,2.038999319076538,2.3009932041168213,0.0025,2.228667928622319,4.002777099609375,2.228667891942538,4.002777099609375,13,-1.1032590499291054e-07,0.999961397443423,99,50 3 21,0.028846153846153848,1.6153846153846154,0.9134615384615384,0.9326923076923077,0.0,-0.2426772230806259
ieee9,101,329,0.9692307692307695,,,0.9700000000000001,2.7022271156311035,3.9851808547973633,1.9951171875,2.126383066177368,0.0025,2.873035641816946,4.944039344787598,2.8730357701961813,4.944039344787598,13,-5.6237555467165435e-08,0.9999915051629903,97,44 3 39,0.019230769230769232,1.4615384615384615,0.9326923076923077,0.9519230769230769,0.0,-0.41842938787662065
ieee9,101,330,0.9761538461538464,0.9700000000000001,1.0,0.9700000000000001,2.6173527240753174,3.985182046890259,1.9410302639007568,1.9258458614349365,0.0025,2.3518557273424587,3.4816088676452637,2.351855672322787,3.4816086292266846,13,-3.7826024568997895e-08,0.9999967710676886,100,24 3 17,0.028846153846153848,1.6923076923076923,0.8942307692307693,0.9326923076923077,0.0,0.11085717036173894
ieee9,101,331,0.9707692307692309,,,0.9700000000000001,2.530583381652832,3.9852004051208496,1.8160490989685059,1.7905006408691406,0.0025,2.709528317818275,3.8879354000091553,2.7095283636680016,3.8879354000091553,13,-1.2357934163166925e-07,0.9999840766714492,99,0 3 17,0.028846153846153848,1.5384615384615385,0.9326923076923077,0.9326923076923077,0.0,-0.026713097468018532
ieee9,101,332,0.9784615384615386,,,0.9700000000000001,2.455981492996216,3.985201120376587,1.6197688579559326,1.7629754543304443,0.0025,2.8080712190041175,4.808548927307129,2.808071200664227,4.808548927307129,13,6.304337428166316e-09,0.9999986923355,98,34 3 17,0.019230769230769232,1.6923076923076923,0.8942307692307693,0.9326923076923077,0.0,-0.3030936448619916
ieee9,101,333,0.9815384615384617,,,0.9700000000000001,2.341702938079834,3.9851748943328857,1.4063973426818848,1.6335361003875732,0.0025,2.048480606996096,3.580782175064087,2.048480606996096,3.580782175064087,12,1.3253436638758732e-08,0.9999990975038908,94,50 3 21,0.038461538461538464,1.9230769230769231,0.8846153846153846,0.8846153846153846,0.0,-0.23724795877933502
ieee9,101,334,0.9746153846153849,,,0.9700000000000001,2.2958903312683105,3.9851510524749756,1.1896953582763672,1.7128243446350098,0.0025,2.3155496303851786,3.779977560043335,2.3155496578950148,3.779977798461914,13,-1.3898198421184833e-08,0.9999973480937749,89,18 3 21,0.028846153846153848,1.6923076923076923,0.9134615384615384,0.9134615384615384,0.0,-0.08226614273511447
ieee9,101,335,0.9784615384615386,0.98,1.0,0.9700000000000001,2.251884937286377,3.9851527214050293,1.1207261085510254,1.6497762203216553,0.0025,2.4012253009355984,3.7312116622924805,2.401225282595708,3.7312116622924805,13,-6.00344859636747e-08,0.9999965413326417,97,45 3 21,0.019230769230769232,1.6923076923076923,0.9038461538461539,0.9230769230769231,0.0,-0.09051039900917274
ieee9,101,336,0.9776923076923077,,,0.9700000000000001,2.2142348289489746,3.9851434230804443,0.932339072227478,1.7252217531204224,0.0025,2.3408620174114523,3.107187032699585,2.3408619165420532,3.107186794281006,13,-1.6333965154794548e-08,0.9999986102008787,91,13 3 48,0.028846153846153848,1.8461538461538463,0.8942307692307693,0.8942307692307693,0.0,-0.23071569118362206
ieee9,101,337,0.9730769230769233,,,0.9700000000000001,2.131135940551758,3.9851198196411133,0.8483139872550964,1.5599746704101562,0.0025,2.0704298661305356,3.0649917125701904,2.070429811110863,3.0649917125701904,13,-4.964665724680974e-08,0.9999919249758649,90,14 3 48,0.028846153846153848,1.5384615384615385,0.9230769230769231,0.9423076923076923,0.0,-0.05239150214653749
ieee9,101,338,0.9815384615384617,,,0.9700000000000001,2.0671510696411133,3.9851279258728027,0.7502942681312561,1.4660308361053467,0.0025,2.920808269427373,4.624894618988037,2.920808269427373,4.624894618988037,13,1.6835446541125958e-08,0.9999989839503649,91,26 3 48,0.028846153846153848,2.0,0.8653846153846154,0.8846153846153846,0.0,-0.17218841555026862
ieee9,101,339,0.9746153846153849,,,0.9700000000000001,2.084555149078369,3.9851276874542236,0.8470749258995056,1.4214624166488647,0.0025,2.1438626601145816,3.5234463214874268,2.1438626692845273,3.5234460830688477,13,-1.0964532311146076e-07,0.9999972874467655,91,42 3 48,0.028846153846153848,1.6923076923076923,0.9038461538461539,0.9230769230769231,0.0,0.12081258744001389
ieee9,101,340,0.9707692307692312,0.98,1.0,0.9700000000000001,2.0606937408447266,3.9851136207580566,0.828902542591095,1.3680657148361206,0.0025,2.540685855425321,3.533140182495117,2.5406858370854306,3.5331404209136963,13,-9.714410855219914e-08,0.9999944721978773,86,8 3 10,0.028846153846153848,1.4615384615384615,0.9423076923076923,0.9423076923076923,0.0,-0.11084800098951046
ieee9,101,341,0.9761538461538464,,,0.9700000000000001,2.0681145191192627,3.9851267337799072,0.8383407592773438,1.3808754682540894,0.0025,2.3409757430736837,4.071296215057373,2.340975761413574,4.071296215057373,13,-9.90067537014301e-08,0.9999980061268947,86,27 3 10,0.038461538461538464,1.6153846153846154,0.9134615384615384,0.9326923076923077,0.0,-0.23804125533654139
ieee9,101,342,0.9669230769230772,,,0.9700000000000001,2.015510082244873,3.9851722717285156,0.6870410442352295,1.3743171691894531,0.0025,2.131773219658778,3.2498996257781982,2.1317732471686144,3.2498998641967773,12,-7.636845111846924e-08,0.9999918529146761,85,7 3 10,0.038461538461538464,1.3076923076923077,0.9615384615384616,0.9615384615384616,0.0,-0.07886239800315636
ieee9,101,343,0.9784615384615386,,,0.9700000000000001,1.970704436302185,3.9851934909820557,0.6278010606765747,1.2991191148757935,0.0025,2.4794527842448306,3.898134231567383,2.4794528713593116,3.898134469985962,12,-5.6452476061307465e-08,0.999995928828464,88,24 3 10,0.04807692307692308,1.8461538461538463,0.8942307692307693,0.8942307692307693,0.0,-0.33164128775780016
ieee9,101,344,0.9792307692307696,,,0.9700000000000001,1.877807378768921,3.9851620197296143,0.5989725589752197,1.0492877960205078,0.0025,2.2513355750304003,3.941115617752075,2.2513355933702908,3.941115617752075,13,7.880421785207895e-09,0.9999987782463468,74,14 3 48,0.038461538461538464,1.7692307692307692,0.8846153846153846,0.9230769230769231,0.0,0.0099794131058913
ieee9,101,345,0.9861538461538463,0.98,1.0,0.9700000000000001,1.8768624067306519,3.9851479530334473,0.7836856245994568,0.8617534041404724,0.0025,2.0533349284758935,3.6725504398345947,2.05333490555103,3.6725499629974365,11,1.576084357041579e-08,0.9999964598820404,80,7 3 48,0.028846153846153848,1.8461538461538463,0.8653846153846154,0.9134615384615384,0.0,0.1970951333642006
ieee9,101,346,0.9700000000000002,,,0.9700000000000001,1.991342544555664,3.985159397125244,1.0204790830612183,0.968389093875885,0.0025,3.0176478257546058,5.792697429656982,3.0176478991141686,5.792697906494141,13,-5.7240518239828255e-08,0.9999951111078673,89,31 48 3,0.028846153846153848,1.5384615384615385,0.9326923076923077,0.9326923076923077,0.0,-0.4178363589140085
ieee9,101,347,0.9661538461538464,,,0.9700000000000001,2.0106379985809326,3.9851503372192383,1.1171348094940186,0.9296300411224365,0.0025,2.834612589616042,5.066802501678467,2.834612571276151,5.066802501678467,13,-1.590412396651048e-07,0.9999608721781146,83,3 10 48,0.028846153846153848,1.3076923076923077,0.9519230769230769,0.9711538461538461,0.0,-0.06659574233568631
ieee9,101,348,0.9761538461538464,,,0.9700000000000001,2.0671045780181885,3.9851179122924805,1.24081289768219,0.9753827452659607,0.0025,2.5625280875426073,4.470173358917236,2.562528105882498,4.470173358917236,12,-1.1791976598592905e-07,0.9999971553580138,86,46 3 48,0.038461538461538464,1.6923076923076923,0.9134615384615384,0.9134615384615384,0.0,0.005153788970066951
ieee9,101,349,0.9846153846153849,,,0.9700000000000001,2.0386157035827637,3.9851152896881104,1.1952639818191528,0.9354680776596069,0.0025,2.7393895525198717,4.636320114135742,2.739389616709489,4.6363205909729,12,-1.1999733172930204e-08,0.9999987936673369,84,53 3 10,0.028846153846153848,1.9230769230769231,0.875,0.8942307692307693,0.0,0.11235915282024787
ieee9,101,350,0.9692307692307695,0.98,1.0,0.9700000000000001,2.0444998741149902,3.985121488571167,1.2247978448867798,0.9235804080963135,0.0025,2.6847122999338002,4.2832231521606445,2.6847122999338002,4.2832231521606445,13,-8.990844854941734e-08,0.9999971875305466,90,6 10 3,0.028846153846153848,1.5384615384615385,0.9326923076923077,0.9326923076923077,0.0,-0.057658515870571136
ieee9,101,351,0.9707692307692312,,,0.9700000000000001,2.010471820831299,3.9851205348968506,1.1843478679656982,0.861946165561676,0.0025,3.1019287109375,4.610530853271484,3.1019286650877733,4.610530376434326,12,-6.684030477817242e-08,0.9999943399248868,89,28 3 10,0.038461538461538464,1.4615384615384615,0.9423076923076923,0.9423076923076923,0.0,-0.040091375032296546
ieee9,101,352,0.9723076923076925,,,0.9700000000000001,1.9804586172103882,3.985114097595215,1.140906572341919,0.8153555393218994,0.0025,2.924959998864394,5.26222562789917,2.9249600217892575,5.26222562789917,12,-7.22849598297706e-08,0.9999970172469513,81,50 10 3,0.028846153846153848,1.6153846153846154,0.9230769230769231,0.9230769230769231,0.0,-0.011182996802605115
ieee9,101,353,0.9807692307692311,,,0.9700000000000001,1.9524825811386108,3.9851138591766357,1.0889989137649536,0.7833346128463745,0.0025,2.0680444011321435,3.5942487716674805,2.0680444103020887,3.5942490100860596,11,-8.131162478373601e-08,0.9999981358381915,82,52 10 3,0.038461538461538464,2.0,0.875,0.875,0.0,0.031136387027800083
ieee9,101,354,0.9700000000000002,,,0.9700000000000001,1.9237068891525269,3.9851109981536865,1.0527650117874146,0.7332440614700317,0.0025,2.9744086540662327,4.998305797576904,2.9744086173864512,4.998305320739746,13,-8.045194240716788e-08,0.9999907069070127,89,34 3 10,0.028846153846153848,1.3846153846153846,0.9423076923076923,0.9615384615384616,0.0,-0.25333356398802537
ieee9,101,355,0.9807692307692311,0.98,1.0,0.9700000000000001,1.8831936120986938,3.9851300716400146,1.0228780508041382,0.6415725946426392,0.0025,1.966494892652218,3.619642496109009,1.966494885774759,3.619642496109009,9,-7.4864006959475e-08,0.9999984214877274,75,37 10 3,0.038461538461538464,1.8461538461538463,0.875,0.9134615384615384,0.0,0.07301978544833568
ieee9,101,356,0.9653846153846156,,,0.9700000000000001,1.9385842084884644,3.985184907913208,1.0775479078292847,0.7530192136764526,0.0025,2.2724200441287112,4.5275163650512695,2.272420034958766,4.5275163650512695,11,-1.1885108856054453e-07,0.9999432763890069,88,47 3 10,0.028846153846153848,1.2307692307692308,0.9711538461538461,0.9711538461538461,0.0,-0.06046314129176048
ieee9,101,357,0.9769230769230771,,,0.9700000000000001,1.964591383934021,3.9851739406585693,1.0661078691482544,0.8424927592277527,0.0025,2.6846738228431115,5.076949119567871,2.6846739053726196,5.076949596405029,13,-8.424887290367714e-08,0.999925732969762,90,28 3 10,0.028846153846153848,1.8461538461538463,0.8942307692307693,0.8942307692307693,0.0,-0.0483978298994211
ieee9,101,358,0.9815384615384618,,,0.9700000000000001,1.9869948625564575,3.9851484298706055,1.0233527421951294,0.9524832367897034,0.0025,2.201823605940892,4.121407985687256,2.2018236747154822,4.121408462524414,11,-3.467385585491474e-08,0.9999982434437267,84,33 3 10,0.038461538461538464,1.7692307692307692,0.8846153846153846,0.9230769230769231,0.0,0.10703779355837749
ieee9,101,359,0.9700000000000002,,,0.9700000000000001,1.9864810705184937,3.9851138591766357,0.8468174338340759,1.1275113821029663,0.0025,2.5238923934789805,4.20401668548584,2.5238923751390896,4.20401668548584,13,-8.539511607243465e-08,0.9999928341033117,89,38 3 10,0.038461538461538464,1.4615384615384615,0.9326923076923077,0.9519230769230769,0.0,0.06927072865745196
ieee9,101,360,0.9776923076923079,0.98,1.0,0.9700000000000001,2.013921022415161,3.985102653503418,0.7669883370399475,1.2896720170974731,0.0025,2.5362513065338135,4.370407581329346,2.5362512973638682,4.370407581329346,13,-6.546123096576103e-08,0.9999966114310859,81,38 3 10,0.038461538461538464,1.8461538461538463,0.8942307692307693,0.8942307692307693,0.0,0.12795076977748138
ieee9,101,361,0.9707692307692309,,,0.9700000000000001,2.0903613567352295,3.9850716590881348,0.8369457721710205,1.449066400527954,0.0025,2.226312055037572,3.5273303985595703,2.226312036697681,3.5273303985595703,12,-5.6452476061307465e-08,0.9999946719983989,94,37 3 48,0.019230769230769232,1.5384615384615385,0.9230769230769231,0.9423076923076923,0.0,-0.010682969569013668
ieee9,101,362,0.9707692307692309,,,0.9700000000000001,2.148683547973633,3.9850423336029053,0.910756528377533,1.5502516031265259,0.0025,2.126301939670856,3.8218419551849365,2.1263019213309655,3.8218419551849365,13,-1.0488124994131235e-07,0.9999973226492012,89,38 3 21,0.038461538461538464,1.4615384615384615,0.9423076923076923,0.9423076923076923,0.0,0.20623515317073235
ieee9,101,363,0.9730769230769233,,,0.9700000000000001,2.27294659614563,3.9850447177886963,1.2316036224365234,1.6021907329559326,0.0025,2.2422517354671774,3.397597312927246,2.2422517446371226,3.397597074508667,13,-6.69835851742671e-08,0.9999969190203218,94,45 3 21,0.028846153846153848,1.6923076923076923,0.9134615384615384,0.9134615384615384,0.0,-0.06651372663103618
ieee9,101,364,0.9700000000000002,,,0.9700000000000001,2.291198253631592,3.985057830810547,1.390203595161438,1.4983335733413696,0.0025,2.5657268854287953,3.7451510429382324,2.5657268579189596,3.745150566101074,13,-7.429088537509625e-08,0.9999965329970646,92,24 3 39,0.028846153846153848,1.4615384615384615,0.9423076923076923,0.9423076923076923,0.0,-0.3288671150803566
ieee9,101,365,0.9692307692307695,0.98,1.0,0.9700000000000001,2.214801549911499,3.9850568771362305,1.2848050594329834,1.374542236328125,0.0025,2.2924318680396447,4.610342025756836,2.292431895549481,4.610342502593994,13,-6.58373420055096e-08,0.9999936878964362,87,27 3 21,0.028846153846153848,1.3846153846153846,0.9519230769230769,0.9519230769230769,0.0,-0.2035305488568086
ieee9,101,366,0.9776923076923079,,,0.9700000000000001,2.1607329845428467,3.9850192070007324,1.2142846584320068,1.2828953266143799,0.0025,2.5496123478962827,4.31158971786499,2.5496123937460093,4.31158971786499,13,-3.7467823578761177e-08,0.9999983716930554,87,7 21 3,0.028846153846153848,1.8461538461538463,0.875,0.9134615384615384,0.0,-0.31554669671906876
ieee9,101,367,0.9684615384615387,,,0.9700000000000001,2.0797181129455566,3.985015630722046,1.1173145771026611,1.1368247270584106,0.0025,2.272094029646653,3.79712176322937,2.2720940709114075,3.79712176322937,12,-1.6505901630108173e-07,0.9999932801536148,87,21 3 39,0.038461538461538464,1.3846153846153846,0.9519230769230769,0.9519230769230769,0.0,0.04457823072488491
ieee9,101,368,0.9776923076923079,,,0.9700000000000001,2.1222426891326904,3.9850170612335205,1.1975950002670288,1.184116244316101,0.0025,2.0927442679038415,3.674116611480713,2.0927442724888143,3.674116849899292,12,-4.857205427609957e-08,0.9999977748584925,87,17 3 39,0.028846153846153848,1.7692307692307692,0.8942307692307693,0.9134615384615384,0.0,0.04262552754237102
ieee9,101,369,0.9730769230769233,,,0.9700000000000001,2.183654308319092,3.984988212585449,1.2978508472442627,1.2681236267089844,0.0025,2.617301399891193,4.939077377319336,2.6173013632114115,4.939076900482178,13,-2.371290555367103e-08,0.9999982981763211,90,5 3 39,0.038461538461538464,1.6923076923076923,0.9134615384615384,0.9134615384615384,0.0,-0.11302974791480945
ieee9,101,370,0.9753846153846156,0.9700000000000001,1.0,0.9700000000000001,2.2426211833953857,3.9849390983581543,1.3851045370101929,1.3578200340270996,0.0025,2.346942576078268,4.094904899597168,2.3469426540228038,4.094905376434326,12,-4.061999229284433e-08,0.9999962633702674,94,26 21 3,0.019230769230769232,1.6923076923076923,0.9134615384615384,0.9134615384615384,0.0,0.24029190035966727
ieee9,101,371,0.9769230769230771,,,0.9700000000000001,2.4063868522644043,3.9849298000335693,1.5914720296859741,1.642759084701538,0.0025,2.1860005213664127,3.901883363723755,2.186000548876249,3.901883363723755,13,-1.28307594702794e-07,0.9999976315512242,96,40 3 21,0.028846153846153848,1.6923076923076923,0.9038461538461539,0.9230769230769231,0.0,0.03517548453349333
ieee9,101,372,0.9776923076923079,,,0.9700000000000001,2.525459051132202,3.984912872314453,1.7034417390823364,1.8880226612091064,0.0025,2.0634235327060404,3.2644829750061035,2.0634235327060404,3.2644832134246826,13,-5.057797982142522e-08,0.999998026881925,98,44 3 21,0.028846153846153848,1.7692307692307692,0.8942307692307693,0.9134615384615384,0.0,0.3000485386985999
ieee9,101,373,0.9738461538461541,,,0.9700000000000001,2.662229299545288,3.9848947525024414,1.8299908638000488,2.1718029975891113,0.0025,1.933176957643949,3.7165207862854004,1.933176957643949,3.7165207862854004,12,-1.1261839133042555e-07,0.9999979357152423,98,51 21 3,0.028846153846153848,1.6153846153846154,0.9230769230769231,0.9230769230769231,0.0,-0.24765184636299425
ieee9,101,374,0.9807692307692311,,,0.9700000000000001,2.594564437866211,3.984856605529785,1.7255160808563232,2.0733206272125244,0.0025,2.1643082820452175,2.8699092864990234,2.1643082820452175,2.8699092864990234,13,-5.0076498435093804e-08,0.9999979272326837,96,2 21 3,0.028846153846153848,1.6153846153846154,0.8846153846153846,0.9615384615384616,0.0,-0.5186692924740223
ieee9,101,375,0.9807692307692311,0.9700000000000001,1.0,0.9700000000000001,2.421570301055908,3.984814167022705,1.4264429807662964,1.8534528017044067,0.0025,1.7952918914648204,3.4612181186676025,1.7952919006347656,3.4612181186676025,12,-6.734178616450383e-08,0.9999975675631745,86,42 21 3,0.038461538461538464,1.8461538461538463,0.8846153846153846,0.9038461538461539,0.0,-0.005593335972382472
ieee9,101,376,0.9753846153846156,,,0.9700000000000001,2.512505531311035,3.984787940979004,1.7186675071716309,1.8340612649917603,0.0025,2.238308915725121,2.8099238872528076,2.2383088698753943,2.8099236488342285,13,-1.3325076836806078e-08,0.9999972835800736,98,47 3 39,0.019230769230769232,1.6923076923076923,0.9134615384615384,0.9134615384615384,0.0,-0.16172688855574682
ieee9,101,377,0.9776923076923079,,,0.9700000000000001,2.506218194961548,3.984797477722168,1.7434616088867188,1.7903952598571777,0.0025,1.9776411606715276,2.7578251361846924,1.9776411515015822,2.7578251361846924,13,-1.002962772662823e-07,0.999997450964863,95,34 3 21,0.019230769230769232,1.6153846153846154,0.9134615384615384,0.9326923076923077,0.0,0.0315079575834366
ieee9,101,378,0.9753846153846156,,,0.9700000000000001,2.531463623046875,3.9848380088806152,1.7790254354476929,1.8305269479751587,0.0025,2.1222399381490855,3.448636770248413,2.1222399473190308,3.448636770248413,13,-3.961702952018151e-08,0.9999925059872599,98,38 39 3,0.019230769230769232,1.6153846153846154,0.9134615384615384,0.9326923076923077,0.0,-0.12164595608527844
ieee9,101,379,0.9807692307692311,,,0.9700000000000001,2.40600848197937,3.984872579574585,1.5736184120178223,1.6595346927642822,0.0025,2.1020066004533033,3.437613010406494,2.1020066004533033,3.437613010406494,13,-3.4064914171512313e-08,0.9999973423784563,92,18 3 39,0.028846153846153848,1.6923076923076923,0.8846153846153846,0.9423076923076923,0.0,-0.10997984859232719
ieee9,101,380,0.9723076923076927,0.9700000000000001,1.0,0.9700000000000001,2.447165012359619,3.9848878383636475,1.6302071809768677,1.726400375366211,0.0025,2.0707249366320095,4.032779693603516,2.070724899952228,4.032779693603516,13,-5.3945069129650406e-08,0.9999909345013297,96,2 39 3,0.028846153846153848,1.6153846153846154,0.9230769230769231,0.9230769230769231,0.0,0.0862164803995536
ieee9,101,381,0.9730769230769233,,,0.9700000000000001,2.487285614013672,3.984893798828125,1.667106032371521,1.8098572492599487,0.0025,2.1704756984343896,3.6675705909729004,2.170475735114171,3.6675705909729004,12,1.382655822313749e-08,0.9999921963998797,96,7 39 3,0.028846153846153848,1.6153846153846154,0.9230769230769231,0.9230769230769231,0.0,0.1733392087312845
ieee9,101,382,0.9792307692307693,,,0.9700000000000001,2.682985782623291,3.98486328125,1.9777357578277588,2.086358070373535,0.0025,2.12040664599492,3.162665605545044,2.1204066826747012,3.162665843963623,13,-3.4387295062725362e-09,0.9999970772031124,98,38 39 3,0.028846153846153848,1.8461538461538463,0.8942307692307693,0.8942307692307693,0.0,-0.13573046401143074
ieee9,101,383,0.9746153846153849,,,0.9700000000000001,2.5666043758392334,3.9848339557647705,1.8114142417907715,1.9035650491714478,0.0025,2.2964523480488706,3.0946993827819824,2.296452293029198,3.0946993827819824,13,-1.0531109112959642e-07,0.9999973504567743,94,14 39 3,0.038461538461538464,1.6153846153846154,0.9230769230769231,0.9230769230769231,0.0,-0.1028000285419134
ieee9,101,384,0.9753846153846156,,,0.9700000000000001,2.5621843338012695,3.9848310947418213,1.760756254196167,1.9409654140472412,0.0025,2.0477748008874745,2.870220899581909,2.047774764207693,2.870220899581909,13,-3.897226773775541e-08,0.9999892052191323,96,13 3 39,0.019230769230769232,1.5384615384615385,0.9230769230769231,0.9423076923076923,0.0,-0.06306918653158042
ieee9,101,385,0.9684615384615387,0.98,1.0,0.9700000000000001,2.511162757873535,3.984821081161499,1.5644567012786865,1.9842098951339722,0.0025,2.2033429054113536,4.986632347106934,2.203342928336217,4.986632347106934,12,-5.981956536953265e-08,0.9999687023761148,93,24 3 39,0.028846153846153848,1.3846153846153846,0.9423076923076923,0.9615384615384616,0.0,-0.17184164088505965
ieee9,101,386,0.9853846153846155,,,0.9700000000000001,2.536729097366333,3.9847958087921143,1.5531455278396606,2.0722460746765137,0.0025,1.8582745515383208,3.2872376441955566,1.858274588218102,3.2872378826141357,13,-3.879316724263705e-08,0.99999939242658,96,0 3 39,0.019230769230769232,1.9230769230769231,0.8461538461538461,0.9134615384615384,0.0,0.10616657596368057
ieee9,101,387,0.9753846153846156,,,0.9700000000000001,2.582090377807617,3.9847865104675293,1.7124501466751099,2.0490341186523438,0.0025,2.3829995668851414,3.282750368118286,2.3829995026955237,3.282750368118286,13,-6.218369190509503e-08,0.9999985258643146,102,42 3 21,0.019230769230769232,1.7692307692307692,0.9038461538461539,0.9038461538461539,0.0,-0.03218153004462902
ieee9,101,388,0.9776923076923079,,,0.9700000000000001,2.738524913787842,3.984772205352783,1.9699556827545166,2.2608466148376465,0.0025,1.9887900719275842,3.0952024459838867,1.9887900627576387,3.095202684402466,13,-6.540750081722553e-08,0.9999974814352094,101,20 3 50,0.019230769230769232,1.6923076923076923,0.9038461538461539,0.9230769230769231,0.0,0.11470244710262005
ieee9,101,389,0.9715384615384617,,,0.9700000000000001,2.7923049926757812,3.9847500324249268,2.060228109359741,2.331936836242676,0.0025,1.9620005442545965,2.287879228591919,1.9620005534245417,2.287879228591919,13,-9.692918795805711e-08,0.9999969716831,101,50 3 1,0.019230769230769232,1.4615384615384615,0.9423076923076923,0.9423076923076923,0.0,-0.06172548091182342
ieee9,101,390,0.9776923076923079,0.9700000000000001,1.0,0.9700000000000001,2.9878344535827637,3.9847464561462402,2.399188756942749,2.57956862449646,0.0025,1.765853267449599,2.2971832752227783,1.7658532307698176,2.2971832752227783,13,-5.208242398041945e-08,0.9999983439254321,103,18 3 21,0.019230769230769232,1.6923076923076923,0.9038461538461539,0.9230769230769231,0.0,0.02130818682221266
ieee9,101,391,0.9684615384615387,,,0.9700000000000001,2.973574638366699,3.984788656234741,2.3643534183502197,2.571582317352295,0.0025,1.967534642953139,2.9991631507873535,1.967534642953139,2.9991631507873535,13,-7.894749824817364e-08,0.9999937399952002,100,11 3 10,0.019230769230769232,1.3076923076923077,0.9519230769230769,0.9711538461538461,0.0,0.28932103170798373
ieee9,101,392,0.9669230769230772,,,0.9700000000000001,3.061479091644287,3.9848594665527344,2.4986073970794678,2.70097017288208,0.0025,1.9144748999522283,2.714406967163086,1.914474918292119,2.714406967163086,13,-1.6283817016161405e-07,0.9999881990736312,103,27 17 3,0.019230769230769232,1.3846153846153846,0.9519230769230769,0.9519230769230769,0.0,-0.051258573022026285
ieee9,101,393,0.9692307692307695,,,0.9700000000000001,3.028754711151123,3.9849331378936768,2.402130603790283,2.6992006301879883,0.0025,1.768650119121258,2.2197158336639404,1.7686501099513128,2.2197160720825195,13,-6.368813606408926e-08,0.9998966012098967,99,44 3 50,0.019230769230769232,1.3846153846153846,0.9519230769230769,0.9519230769230769,0.0,0.05513102675859745
ieee9,101,394,0.9730769230769233,,,0.9700000000000001,3.0775749683380127,3.9849789142608643,2.5227041244506836,2.7250418663024902,0.0025,1.9696421531530528,4.743227958679199,1.969642162322998,4.743227958679199,13,-1.1211690994409415e-07,0.9999975037638593,104,2 17 3,0.009615384615384616,1.6923076923076923,0.9134615384615384,0.9134615384615384,0.0,0.16985512553499296
ieee9,101,395,0.9715384615384617,0.98,1.0,0.9700000000000001,3.340623140335083,3.9850001335144043,2.971107244491577,3.065762519836426,0.0025,1.7818862108083873,2.8144755363464355,1.781886183298551,2.8144755363464355,13,-9.757394974048321e-08,0.9999962858735978,104,6 35 3,0.009615384615384616,1.6153846153846154,0.9230769230769231,0.9230769230769231,0.0,-0.10853319815718211
ieee9,101,396,0.9700000000000002,,,0.9700000000000001,3.3436427116394043,3.9850099086761475,2.948354959487915,3.097562551498413,0.0025,1.908233147401076,2.3877756595611572,1.9082331382311308,2.3877756595611572,13,-4.6566128730773926e-08,0.9999950657635903,104,39 10 53,0.009615384615384616,1.6153846153846154,0.9230769230769231,0.9230769230769231,0.0,-0.22963317999472985
ieee9,101,397,0.9707692307692312,,,0.9700000000000001,3.173633575439453,3.9850175380706787,2.612434148788452,2.923448324203491,0.0025,1.9201658689058745,3.943343162536621,1.9201658505659838,3.943343162536621,13,-4.964665724680974e-08,0.9999953743142823,103,35 3 17,0.019230769230769232,1.4615384615384615,0.9423076923076923,0.9423076923076923,0.0,-0.40134489708221877
ieee9,101,398,0.9800000000000002,,,0.9700000000000001,2.9239556789398193,3.985015869140625,2.158780574798584,2.6280698776245117,0.0025,1.9284683465957642,2.458918809890747,1.9284683465957642,2.458918809890747,13,-8.847564458847046e-08,0.9999922537778274,101,42 3 48,0.019230769230769232,1.5384615384615385,0.9038461538461539,0.9615384615384616,0.0,-0.035637202027898565
ieee9,101,399,0.9784615384615386,,,0.9700000000000001,2.9396793842315674,3.9849963188171387,2.1986160278320312,2.635425329208374,0.0025,2.0158835374391995,4.212872505187988,2.0158834824195275,4.21287202835083,13,-1.4686240599705624e-08,0.9999991574266187,99,14 3 17,0.019230769230769232,1.9230769230769231,0.8846153846153846,0.8846153846153846,0.0,-0.30312825682071537
ieee9,101,400,0.9769230769230771,0.98,1.0,0.9700000000000001,2.8596954345703125,3.985018014907837,2.073024272918701,2.5210442543029785,0.0025,2.004330094044025,2.6679186820983887,2.0043301307238064,2.6679186820983887,13,-6.999247349225558e-08,0.9999976220863505,102,14 3 48,0.019230769230769232,1.5384615384615385,0.9230769230769231,0.9423076923076923,0.0,-0.07593402495751014
ieee9,101,401,0.9730769230769233,,,0.9700000000000001,2.914588451385498,3.9850237369537354,2.2370057106018066,2.521735668182373,0.0025,2.045313890163715,3.109743595123291,2.045313890163715,3.109743595123291,13,-2.3784545751718376e-08,0.9999930499230447,102,0 48 3,0.019230769230769232,1.6923076923076923,0.9134615384615384,0.9134615384615384,0.0,0.21891698642418936
ieee9,101,402,0.9730769230769234,,,0.9700000000000001,3.157866954803467,3.9850094318389893,2.6806111335754395,2.8079800605773926,0.0025,1.9879757257608266,2.86727237701416,1.9879757257608266,2.8672726154327393,13,-1.1032590499291054e-07,0.9999961067391152,101,35 10 3,0.019230769230769232,1.5384615384615385,0.9326923076923077,0.9326923076923077,0.0,0.16159137739584997
ieee9,101,403,0.9769230769230771,,,0.9700000000000001,3.330233335494995,3.9849741458892822,2.950801372528076,3.0549252033233643,0.0025,1.7307982719861543,2.144601821899414,1.730798290326045,2.144601821899414,13,-2.278158297905555e-08,0.9999980536348829,104,38 3 27,0.009615384615384616,1.7692307692307692,0.8942307692307693,0.9134615384615384,0.0,-0.18589751279124847
ieee9,101,404,0.9730769230769233,,,0.9700000000000001,3.4065258502960205,3.9849138259887695,3.0775065422058105,3.1571574211120605,0.0025,1.810447830420274,2.4458229541778564,1.8104478212503285,2.4458229541778564,13,-4.226771684793326e-08,0.9999960516963615,104,26 10 1,0.009615384615384616,1.6153846153846154,0.9230769230769231,0.9230769230769231,0.0,0.1369107457307669
ieee9,101,405,0.9769230769230771,0.98,1.0,0.9700000000000001,3.567279815673828,3.9848685264587402,3.328118324279785,3.388852596282959,0.0025,1.5123103123444777,1.7946717739105225,1.5123103215144231,1.7946717739105225,13,-7.529384814775906e-08,0.9999974628945031,103,38 3 21,0.019230769230769232,1.6923076923076923,0.8942307692307693,0.9326923076923077,0.0,0.18995105790404174
ieee9,101,406,0.9730769230769233,,,0.9700000000000001,3.7673888206481934,3.9848861694335938,3.6500637531280518,3.6672163009643555,0.0025,1.5186408391365638,2.6622862815856934,1.5186408483065093,2.6622865200042725,11,-6.755670675864586e-08,0.9999968570818808,104,10 31 33,0.009615384615384616,1.6923076923076923,0.9134615384615384,0.9134615384615384,0.0,0.06457601573604804
ieee9,101,407,0.980769230769231,,,0.9700000000000001,3.8573272228240967,3.9848382472991943,3.797410249710083,3.7897326946258545,0.0025,1.4118551932848418,1.7530344724655151,1.4118551657750056,1.7530344724655151,13,-1.1999733172930204e-08,0.9999986404926364,104,1 3 34,0.009615384615384616,1.9230769230769231,0.8557692307692307,0.9134615384615384,0.0,-0.1703027796286803
ieee9,101,408,0.9823076923076925,,,0.9700000000000001,3.791163206100464,3.9847402572631836,3.6979594230651855,3.690789222717285,0.0025,1.465061041025015,2.0766818523406982,1.465061013515179,2.0766818523406982,13,-3.660814120219304e-08,0.9999982044190691,103,10 15 21,0.019230769230769232,1.9230769230769231,0.8653846153846154,0.9038461538461539,0.0,-0.09273914247751236
ieee9,101,409,0.9692307692307696,,,0.9700000000000001,3.7388110160827637,3.984677791595459,3.609647512435913,3.622108221054077,0.0025,1.4707263249617357,1.773282766342163,1.4707263249617357,1.773282766342163,13,-4.327067962059608e-08,0.9999102612994221,103,16 36 15,0.019230769230769232,1.4615384615384615,0.9423076923076923,0.9423076923076923,0.0,0.00020565264500104464
ieee9,101,410,0.9800000000000002,0.9833333333333334,1.0,0.9700000000000001,3.7244462966918945,3.9846816062927246,3.6162309646606445,3.5724263191223145,0.0025,1.502405386704665,2.037398338317871,1.5024053500248835,2.037398099899292,13,-4.29841188284067e-08,0.999997721892327,104,40 28 48,0.009615384615384616,1.6923076923076923,0.8846153846153846,0.9326923076923077,0.0,-0.11464912200776431
ieee9,101,411,0.9807692307692311,,,0.9700000000000001,3.6578807830810547,3.9846696853637695,3.4805827140808105,3.508389949798584,0.0025,1.638198082263653,2.1052610874176025,1.6381981097734892,2.1052610874176025,13,6.8752202563560925e-09,0.9999987540303913,104,28 10 38,0.009615384615384616,1.9230769230769231,0.8365384615384616,0.9326923076923077,0.0,-0.12153534061060502
ieee9,101,412,0.9784615384615386,,,0.9700000000000001,3.619246244430542,3.9846739768981934,3.4222543239593506,3.450810432434082,0.0025,1.7683899127520049,2.641430139541626,1.7683899310918956,2.641430139541626,13,1.0889310103196364e-08,0.9999962201173798,104,41 40 36,0.009615384615384616,1.8461538461538463,0.875,0.9134615384615384,0.0,-0.0016814255370543553
ieee9,101,413,0.9800000000000003,,,0.9700000000000001,3.597398519515991,3.984689235687256,3.3843672275543213,3.4231390953063965,0.0025,1.8066956813518817,2.8753607273101807,1.8066956996917725,2.8753607273101807,13,-3.857824664849501e-08,0.9999986737223903,104,35 13 51,0.009615384615384616,1.8461538461538463,0.8653846153846154,0.9230769230769231,0.0,-0.07881329538157353
ieee9,101,414,0.9884615384615387,,,0.9700000000000001,3.5385420322418213,3.9846653938293457,3.30515456199646,3.3258066177368164,0.0025,1.8668176852739775,2.3534951210021973,1.8668176944439228,2.3534951210021973,13,-4.391544140302218e-08,0.9999971001522742,104,32 10 21,0.009615384615384616,2.230769230769231,0.8365384615384616,0.8557692307692307,0.0,0.000335181848360942
ieee9,101,415,0.9769230769230771,0.9833333333333334,1.0,0.9700000000000001,3.571479320526123,3.984635353088379,3.3534305095672607,3.3763720989227295,0.0025,1.9402922758689294,2.7427659034729004,1.9402923125487108,2.7427659034729004,13,-7.744305408917941e-08,0.9999965106377008,103,9 39 10,0.019230769230769232,1.6153846153846154,0.9134615384615384,0.9326923076923077,0.0,-0.19251513079955027
ieee9,101,416,0.9653846153846157,,,0.9700000000000001,3.490947723388672,3.984579563140869,3.2269105911254883,3.2613537311553955,0.0025,1.8230894345503588,2.3857908248901367,1.8230894712301402,2.385791063308716,13,-2.6793434069706844e-08,0.9999855013085969,104,30 24 19,0.009615384615384616,1.3076923076923077,0.9615384615384616,0.9615384615384616,0.0,0.1092563197016716
ieee9,101,417,0.9723076923076925,,,0.9700000000000001,3.5602760314941406,3.9845657348632812,3.330573797225952,3.3656888008117676,0.0025,1.8025104357646062,2.379430055618286,1.80251040825477,2.379430055618286,13,1.0316188518817608e-08,0.9999927100189356,104,28 51 10,0.009615384615384616,1.4615384615384615,0.9326923076923077,0.9519230769230769,0.0,0.046961418281380944
ieee9,101,418,0.9815384615384618,,,0.9700000000000001,3.6290106773376465,3.9845454692840576,3.4425864219665527,3.459900379180908,0.0025,1.6990088591208825,2.0230438709259033,1.6990088591208825,2.0230438709259033,13,-4.456020318544828e-08,0.9999984815005907,104,20 19 18,0.009615384615384616,1.7692307692307692,0.8846153846153846,0.9230769230769231,0.0,-0.036055485503031656
ieee9,101,419,0.9723076923076927,,,0.9700000000000001,3.497739791870117,3.984497308731079,3.202367067337036,3.3063549995422363,0.0025,1.968046316733727,2.5133659839630127,1.9680463075637817,2.5133657455444336,13,-7.744305408917941e-08,0.9999929199698583,102,28 3 21,0.019230769230769232,1.6153846153846154,0.9230769230769231,0.9230769230769231,0.0,-0.4606956954185779
ieee9,101,420,0.9861538461538463,0.98,1.0,0.9700000000000001,3.289970874786377,3.984447956085205,2.9338150024414062,2.951648712158203,0.0025,2.058129833294795,3.8678858280181885,2.058129851634686,3.8678860664367676,13,-2.2853223177102897e-08,0.9999990382110328,104,48 3 31,0.009615384615384616,1.8461538461538463,0.875,0.9134615384615384,0.0,-0.24791457761938757
ieee9,101,421,0.9746153846153849,,,0.9700000000000001,3.012842893600464,3.984419822692871,2.451782703399658,2.602325439453125,0.0025,2.354495589549725,3.165222644805908,2.3544956262295065,3.165222644805908,13,-1.0853490004172691e-07,0.9999971684837623,102,45 3 48,0.019230769230769232,1.5384615384615385,0.9326923076923077,0.9326923076923077,0.0,-0.06437043157907632
ieee9,101,422,0.9769230769230771,,,0.9700000000000001,2.842296600341797,3.98441219329834,2.1816046237945557,2.360873222351074,0.0025,2.189692570612981,3.8675191402435303,2.18969255227309,3.8675191402435303,13,2.2996503573197586e-08,0.9999973231113887,102,20 48 21,0.019230769230769232,1.6923076923076923,0.9134615384615384,0.9134615384615384,0.0,-0.14261600145926842
ieee9,101,423,0.9761538461538464,,,0.9700000000000001,2.8785932064056396,3.9843482971191406,2.247875452041626,2.4035563468933105,0.0025,2.0889332111065206,3.265099287033081,2.0889331652567935,3.265099287033081,13,-2.145623931517968e-08,0.9999989230656021,101,14 21 3,0.019230769230769232,1.7692307692307692,0.8942307692307693,0.9134615384615384,0.0,-0.03703436226798938
ieee9,101,424,0.9669230769230771,,,0.9700000000000001,2.968780040740967,3.984288454055786,2.3942952156066895,2.5277562141418457,0.0025,2.396759867668152,3.1642937660217285,2.3967598493282614,3.1642937660217285,13,-5.824348101249108e-08,0.9999908722658656,101,33 3 21,0.019230769230769232,1.3846153846153846,0.9519230769230769,0.9519230769230769,0.0,0.026565586145107564
ieee9,101,425,0.9784615384615386,0.9700000000000001,1.0,0.9700000000000001,3.1368565559387207,3.9842514991760254,2.6919636726379395,2.7343549728393555,0.0025,2.0379420610574575,3.120879888534546,2.0379420702274027,3.120879888534546,13,-5.616591526911809e-08,0.9999974940544347,102,37 3 21,0.019230769230769232,1.8461538461538463,0.8942307692307693,0.8942307692307693,0.0,0.052479369136003345
ieee9,101,426,0.9730769230769234,,,0.9700000000000001,3.178175210952759,3.984259605407715,2.7657976150512695,2.784468173980713,0.0025,2.1357895686076236,3.5100443363189697,2.1357895686076236,3.5100443363189697,13,-3.6536501004145694e-09,0.9999945945963857,104,45 38 21,0.009615384615384616,1.6923076923076923,0.9038461538461539,0.9230769230769231,0.0,0.20704715527020967
ieee9,101,427,0.9823076923076925,,,0.9700000000000001,3.1542794704437256,3.984282970428467,2.659736394882202,2.818819522857666,0.0025,1.9657718951885517,2.4994797706604004,1.9657718860186064,2.4994800090789795,13,-3.6035019617814285e-08,0.9999972417632059,102,33 21 38,0.019230769230769232,1.6923076923076923,0.8942307692307693,0.9326923076923077,0.0,-0.1759638491158302
ieee9,101,428,0.9692307692307695,,,0.9700000000000001,3.0940167903900146,3.9842448234558105,2.5868959426879883,2.7109105587005615,0.0025,2.203107375365037,2.6760778427124023,2.2031073661950917,2.6760778427124023,13,-9.442178102640005e-08,0.9999718445491584,103,53 21 38,0.019230769230769232,1.5384615384615385,0.9326923076923077,0.9326923076923077,0.0,-0.20442242576525763
ieee9,101,429,0.9800000000000002,,,0.9700000000000001,3.0357186794281006,3.984191656112671,2.4862585067749023,2.6367058753967285,0.0025,2.1277594474645762,3.407623529434204,2.127759438294631,3.407623291015625,13,-4.742581110734206e-08,0.999999016700818,99,38 21 1,0.019230769230769232,1.9230769230769231,0.8846153846153846,0.8846153846153846,0.0,-0.25555264519957394
ieee9,101,430,0.9769230769230771,0.9700000000000001,1.0,0.9700000000000001,3.024139165878296,3.9841957092285156,2.5160679817199707,2.5721538066864014,0.0025,2.0890116416490994,2.8926539421081543,2.0890116599889903,2.8926541805267334,13,-2.0632377037635216e-08,0.9999985741594629,101,36 21 39,0.019230769230769232,1.8461538461538463,0.8846153846153846,0.9038461538461539,0.0,0.09792805104874648
ieee9,101,431,0.9738461538461541,,,0.9700000000000001,3.170070171356201,3.9842581748962402,2.7576944828033447,2.7682576179504395,0.0025,2.2776894110899706,3.156252145767212,2.277689420259916,3.156252145767212,13,-7.450580596923828e-08,0.9999915215320675,103,28 21 38,0.019230769230769232,1.4615384615384615,0.9326923076923077,0.9519230769230769,0.0,0.1496406585837786
ieee9,101,432,0.9776923076923081,,,0.9700000000000001,3.214338779449463,3.98433780670166,2.8578057289123535,2.800873279571533,0.0025,1.9479231559313261,3.6128242015838623,1.9479231192515447,3.612823724746704,13,-2.5432270306807297e-08,0.9999987849840654,104,41 38 21,0.009615384615384616,1.6923076923076923,0.9134615384615384,0.9134615384615384,0.0,-0.07649213777711758
ieee9,101,433,0.9892307692307695,,,0.9700000000000001,3.2474653720855713,3.9843714237213135,2.8879804611206055,2.8700449466705322,0.0025,1.963725236745981,2.990933656692505,1.9637252550858717,2.990933656692505,13,3.309777149787316e-08,0.9999993793626358,102,4 21 38,0.019230769230769232,2.076923076923077,0.8269230769230769,0.9038461538461539,0.0,-0.023279539667643033
ieee9,101,434,0.9800000000000002,,,0.9700000000000001,3.4339520931243896,3.98431658744812,3.193881034851074,3.1236586570739746,0.0025,2.0196652229015646,2.582521677017212,2.019665186221783,2.582521677017212,13,-3.424401466663067e-08,0.9999961610039436,104,26 38 7,0.009615384615384616,1.9230769230769231,0.8653846153846154,0.9038461538461539,0.0,0.04700046949661695
ieee9,101,435,0.9753846153846156,0.9700000000000001,1.0,0.9700000000000001,3.4955317974090576,3.9842746257781982,3.2405524253845215,3.2617688179016113,0.0025,2.065926579328684,2.872861623764038,2.0659266160084653,2.872861623764038,13,-1.3325076836806078e-08,0.9999971801742525,104,4 2 23,0.009615384615384616,1.6153846153846154,0.9134615384615384,0.9326923076923077,0.0,-0.31967829970213085
ieee9,101,436,0.9792307692307696,,,0.9700000000000001,3.429929256439209,3.984200954437256,3.1127893924713135,3.1927971839904785,0.0025,1.7727713401500995,2.122295618057251,1.7727713676599355,2.122295618057251,13,-6.046432715195876e-08,0.9999982816987306,104,2 6 18,0.009615384615384616,1.8461538461538463,0.8942307692307693,0.8942307692307693,0.0,0.06240001435463245
ieee9,101,437,0.9900000000000001,,,0.9700000000000001,3.5006158351898193,3.984144926071167,3.2388455867767334,3.2788567543029785,0.0025,1.948335280785194,2.7579472064971924,1.9483352899551392,2.7579472064971924,13,-6.00344859636747e-08,0.9999989964047848,104,43 27 40,0.009615384615384616,2.1538461538461537,0.8365384615384616,0.875,0.0,-0.22925413571871245
ieee9,101,438,0.980769230769231,,,0.9700000000000001,3.4117963314056396,3.984119176864624,3.075859546661377,3.1754097938537598,0.0025,1.7737395763397217,2.156893014907837,1.7737395671697764,2.156893014907837,13,-7.22849598297706e-08,0.9999965556751398,103,1 21 38,0.019230769230769232,1.6153846153846154,0.8942307692307693,0.9519230769230769,0.0,-0.1549906272154588
ieee9,101,439,0.9723076923076927,,,0.9700000000000001,3.294489860534668,3.984112024307251,2.8894412517547607,3.009915351867676,0.0025,2.0032233274899998,2.4051222801208496,2.0032233274899998,2.4051222801208496,13,-5.3085386753082275e-08,0.9999936138540453,104,48 38 36,0.009615384615384616,1.3846153846153846,0.9423076923076923,0.9615384615384616,0.0,-0.07374252550877057
ieee9,101,440,0.9692307692307695,0.9700000000000001,1.0,0.9700000000000001,3.2486815452575684,3.98408842086792,2.769557476043701,2.992398262023926,0.0025,2.2817133298287025,3.1324164867401123,2.281713320658757,3.1324164867401123,13,-9.220093488693237e-08,0.9999897163706002,102,1 10 38,0.019230769230769232,1.4615384615384615,0.9326923076923077,0.9519230769230769,0.0,-0.13065485255076334
ieee9,101,441,0.9707692307692309,,,0.9700000000000001,3.234060049057007,3.9840891361236572,2.782270908355713,2.9358203411102295,0.0025,1.7356487695987408,2.4307146072387695,1.7356488062785222,2.4307148456573486,13,-4.692432972101065e-08,0.9999878099076492,104,0 21 30,0.009615384615384616,1.6153846153846154,0.9230769230769231,0.9230769230769231,0.0,0.17663646546693948
ieee9,101,442,0.9730769230769233,,,0.9700000000000001,3.2552943229675293,3.9840810298919678,2.7811267375946045,3.0006754398345947,0.0025,1.9064786159075224,2.4781510829925537,1.9064786342474132,2.478151321411133,13,-8.038030220912053e-08,0.9999943036505367,103,38 21 3,0.019230769230769232,1.6153846153846154,0.9230769230769231,0.9230769230769231,0.0,-0.19525163921599203
ieee9,101,443,0.9776923076923079,,,0.9700000000000001,3.188701629638672,3.9840803146362305,2.6378912925720215,2.9441328048706055,0.0025,2.347954658361582,4.506097316741943,2.3479546308517456,4.506097316741943,13,-4.8142213087815506e-08,0.9999985438029123,101,29 21 3,0.028846153846153848,1.8461538461538463,0.8942307692307693,0.8942307692307693,0.0,0.07320759445428848
ieee9,101,444,0.9661538461538464,,,0.9700000000000001,3.24263858795166,3.9840846061706543,2.708052396774292,3.035780191421509,0.0025,2.058101635712844,3.742255926132202,2.0581015806931715,3.742255449295044,13,-6.039268695391141e-08,0.999763258296543,103,42 21 36,0.019230769230769232,1.3846153846153846,0.9423076923076923,0.9615384615384616,0.0,-0.3060073574575094
ieee9,101,445,0.9830769230769234,0.9833333333333334,1.0,0.9700000000000001,3.1447815895080566,3.9841368198394775,2.4826724529266357,2.9675352573394775,0.0025,1.7327630611566396,2.7234203815460205,1.7327630061369677,2.7234201431274414,13,-9.241585548107441e-09,0.9999994394892268,103,38 21 3,0.019230769230769232,2.076923076923077,0.8653846153846154,0.8653846153846154,0.0,-0.14468106856712928
ieee9,101,446,0.9646153846153849,,,0.9700000000000001,3.036137342453003,3.9841575622558594,2.390005350112915,2.734248161315918,0.0025,2.1874376443716197,3.1648616790771484,2.187437653541565,3.1648616790771484,13,-8.088178359545194e-08,0.9999788911664886,102,34 21 3,0.019230769230769232,1.3076923076923077,0.9615384615384616,0.9615384615384616,0.0,-0.304834314263784
ieee9,101,447,0.9746153846153849,,,0.9700000000000001,2.9041244983673096,3.9841132164001465,2.017662286758423,2.7105977535247803,0.0025,1.910310827768766,2.897143840789795,1.9103108369387114,2.897144079208374,13,-5.7956920220301704e-08,0.9999979144346045,100,51 21 1,0.019230769230769232,1.7692307692307692,0.9038461538461539,0.9038461538461539,0.0,-0.06612712015899327
ieee9,101,448,0.9769230769230771,,,0.9700000000000001,2.7383484840393066,3.9840822219848633,1.6468327045440674,2.584129810333252,0.0025,2.0552851145084086,3.476970911026001,2.0552851053384633,3.476970672607422,13,-1.0251712340574998e-07,0.9999971196332698,102,51 21 39,0.019230769230769232,1.7692307692307692,0.8942307692307693,0.9134615384615384,0.0,-0.2654104152551064
ieee9,101,449,0.9746153846153848,,,0.9700000000000001,2.6623523235321045,3.9840846061706543,1.4994820356369019,2.5034902095794678,0.0025,2.109344482421875,3.8059628009796143,2.1093445007617655,3.8059628009796143,13,-9.599786538344163e-08,0.9999976365848037,98,44 21 3,0.028846153846153848,1.6153846153846154,0.9134615384615384,0.9326923076923077,0.0,-0.37820510680858904
ieee9,101,450,0.9815384615384618,0.9700000000000001,1.0,0.9700000000000001,2.5670063495635986,3.984103202819824,1.4174379110336304,2.299478054046631,0.0025,2.30905164205111,3.5670857429504395,2.30905164205111,3.5670857429504395,13,-1.991597505716177e-08,0.999999389765955,100,53 21 3,0.019230769230769232,2.076923076923077,0.8653846153846154,0.8653846153846154,0.0,-0.007676327171233984
ieee9,101,451,0.9753846153846156,,,0.9700000000000001,2.5743846893310547,3.984125852584839,1.37849760055542,2.360529899597168,0.0025,2.5216742753982544,4.920309543609619,2.5216743029080906,4.920310020446777,13,-1.9342853472783016e-08,0.9999936698573374,98,0 21 39,0.028846153846153848,1.7692307692307692,0.9038461538461539,0.9038461538461539,0.0,-0.03253793601806347
ieee9,101,452,0.9700000000000002,,,0.9700000000000001,2.599031448364258,3.984147310256958,1.3454349040985107,2.467512369155884,0.0025,1.8027122754317064,2.2041499614715576,1.802712321281433,2.2041499614715576,13,-9.77172301365779e-08,0.9999976051180528,94,51 21 3,0.028846153846153848,1.6153846153846154,0.9134615384615384,0.9326923076923077,0.0,0.23509045461049446
ieee9,101,453,0.967692307692308,,,0.9700000000000001,2.568983793258667,3.98413348197937,1.378745198249817,2.3440728187561035,0.0025,1.8625141107119048,2.58081316947937,1.86251411988185,2.58081316947937,13,-5.158094259408804e-08,0.9999954713137669,101,47 21 39,0.019230769230769232,1.3846153846153846,0.9519230769230769,0.9519230769230769,0.0,0.08286944719461295
ieee9,101,454,0.9715384615384619,,,0.9700000000000001,2.6741247177124023,3.9841220378875732,1.8248543739318848,2.213397741317749,0.0025,2.220540294280419,3.1961801052093506,2.220540303450364,3.1961801052093506,13,-3.1951528329115647e-08,0.999992312909588,102,35 21 3,0.028846153846153848,1.4615384615384615,0.9326923076923077,0.9519230769230769,0.0,0.16916075921975648
ieee9,101,455,0.9853846153846155,0.9700000000000001,1.0,0.9700000000000001,2.8132541179656982,3.984130382537842,2.1159889698028564,2.339643716812134,0.0025,1.869162110181955,2.5650904178619385,1.869162110181955,2.5650904178619385,13,-1.8554811294262226e-08,0.9999994291336377,100,53 21 3,0.019230769230769232,2.0,0.8557692307692307,0.8942307692307693,0.0,0.19918612791941717
ieee9,101,456,0.983846153846154,,,0.9700000000000001,2.9728972911834717,3.984092950820923,2.3639490604400635,2.5706498622894287,0.0025,2.0397624235886793,2.927839994430542,2.0397623685690074,2.927839994430542,13,-2.038163634446951e-08,0.9999985303083572,96,28 21 10,0.04807692307692308,1.9230769230769231,0.8653846153846154,0.9038461538461539,0.0,-0.3018261595414235
ieee9,101,457,0.9700000000000002,,,0.9700000000000001,3.073648691177368,3.9840710163116455,2.5853347778320312,2.6515398025512695,0.0025,2.1021742270543027,3.7543625831604004,2.102174236224248,3.7543623447418213,13,-2.5217349712665264e-08,0.9999969702691387,102,1 3 38,0.019230769230769232,1.3846153846153846,0.9519230769230769,0.9519230769230769,0.0,0.015489624669918647
ieee9,101,458,0.9753846153846156,,,0.9700000000000001,3.0828893184661865,3.984063148498535,2.6185684204101562,2.64603590965271,0.0025,2.283319986783541,3.0619654655456543,2.2833199684436503,3.061965227127075,13,-2.8154597832606388e-08,0.9999946309820709,101,4 21 3,0.028846153846153848,1.6153846153846154,0.9230769230769231,0.9230769230769231,0.0,-0.026314894310556926
ieee9,101,459,0.9684615384615387,,,0.9700000000000001,3.145217180252075,3.9840753078460693,2.7083756923675537,2.7432005405426025,0.0025,2.048823329118582,2.7528605461120605,2.0488233474584727,2.7528605461120605,13,-9.026664953965407e-08,0.9999935237859482,104,12 0 39,0.009615384615384616,1.4615384615384615,0.9423076923076923,0.9423076923076923,0.0,-0.19687964767217636
ieee9,101,460,0.9761538461538464,0.9700000000000001,1.0,0.9700000000000001,3.1358530521392822,3.984070301055908,2.6747372150421143,2.748751401901245,0.0025,1.8637501093057485,2.874703884124756,1.86375014598553,2.874703884124756,13,-7.644009131651659e-08,0.9999939870499367,103,0 21 3,0.019230769230769232,1.6923076923076923,0.8846153846153846,0.9423076923076923,0.0,0.06321894664030808
ieee9,101,461,0.980769230769231,,,0.9700000000000001,3.292246103286743,3.9840891361236572,2.92685604095459,2.9657931327819824,0.0025,1.8755934513532198,2.7187860012054443,1.8755934605231652,2.7187860012054443,13,-5.337194754527165e-08,0.9999984012325429,103,5 35 3,0.019230769230769232,1.8461538461538463,0.875,0.9134615384615384,0.0,-0.014930661767721176
ieee9,101,462,0.9776923076923081,,,0.9700000000000001,3.2685863971710205,3.98409104347229,2.9048781394958496,2.9167897701263428,0.0025,1.9762012775127704,2.5879361629486084,1.976201240832989,2.5879361629486084,13,-2.3354704563434307e-08,0.9999962683642086,104,21 38 48,0.009615384615384616,2.0,0.8557692307692307,0.8942307692307693,0.0,-0.06898390258160922
ieee9,101,463,0.963846153846154,,,0.9700000000000001,3.3003904819488525,3.9841063022613525,2.9202616214752197,2.9968032836914062,0.0025,2.0707970674221334,3.552062749862671,2.0707970765920787,3.552062511444092,13,-3.582009902367225e-08,0.9999747418505572,102,28 21 26,0.019230769230769232,1.2307692307692308,0.9711538461538461,0.9711538461538461,0.0,-0.12160517619206355
ieee9,101,464,0.9784615384615386,,,0.9700000000000001,3.201763153076172,3.9841017723083496,2.800936698913574,2.820251226425171,0.0025,2.101131402529203,3.1065480709075928,2.1011313841893124,3.1065480709075928,13,-1.3898198421184833e-08,0.9999701301588911,103,17 21 10,0.019230769230769232,1.6923076923076923,0.8846153846153846,0.9326923076923077,0.0,0.0460850284076654
ieee9,101,465,0.9700000000000002,0.9700000000000001,1.0,0.9700000000000001,3.268132209777832,3.984100341796875,2.9067575931549072,2.9135384559631348,0.0025,2.115998937533452,3.8369243144989014,2.115998965043288,3.8369245529174805,13,-4.205279625379122e-08,0.9999890595422717,103,40 38 10,0.019230769230769232,1.3846153846153846,0.9423076923076923,0.9615384615384616,0.0,-0.15775526014085
ieee9,101,466,0.9823076923076925,,,0.9700000000000001,3.1229519844055176,3.984114170074463,2.69003963470459,2.6947021484375,0.0025,1.9302698190395648,3.12846040725708,1.9302698373794556,3.12846040725708,13,1.4399679807516245e-08,0.9999993618200334,102,17 38 21,0.019230769230769232,2.0,0.8557692307692307,0.8942307692307693,0.0,-0.18915137777534816
ieee9,101,467,0.9730769230769233,,,0.9700000000000001,3.1225574016571045,3.984105110168457,2.7263917922973633,2.657175302505493,0.0025,2.0531340470680823,3.04879093170166,2.053134037898137,3.04879093170166,13,-1.1175870895385742e-07,0.9999937185032484,104,11 10 3,0.009615384615384616,1.5384615384615385,0.9230769230769231,0.9423076923076923,0.0,-0.046325286133931234
ieee9,101,468,0.983846153846154,,,0.9700000000000001,3.062931776046753,3.9840922355651855,2.6296446323394775,2.575058937072754,0.0025,2.0608966533954325,3.8392508029937744,2.060896690075214,3.8392510414123535,13,1.0889310103196364e-08,0.9999983653806942,100,51 38 21,0.019230769230769232,1.9230769230769231,0.875,0.8942307692307693,0.0,0.028145386622502253
ieee9,101,469,0.9792307692307696,,,0.9700000000000001,3.03544545173645,3.984086275100708,2.6250052452087402,2.497244119644165,0.0025,1.9921202201109667,2.6870062351226807,1.9921201834311852,2.6870062351226807,13,-1.0796177845734816e-07,0.9999987117200047,101,42 21 39,0.019230769230769232,1.7692307692307692,0.8942307692307693,0.9134615384615384,0.0,0.10163354185911325
ieee9,101,470,0.9746153846153848,0.9700000000000001,1.0,0.9700000000000001,3.0858287811279297,3.9840927124023438,2.6072475910186768,2.6661465167999268,0.0025,2.3068156242370605,3.5579071044921875,2.3068156150671153,3.5579071044921875,13,-7.178347844343919e-08,0.9999973570368528,101,6 26 50,0.019230769230769232,1.8461538461538463,0.875,0.9134615384615384,0.0,-0.3360135704278946
ieee9,101,471,0.9823076923076925,,,0.9700000000000001,3.1057658195495605,3.9841103553771973,2.641242504119873,2.6919443607330322,0.0025,1.9161777404638438,3.0207183361053467,1.9161777312938983,3.0207183361053467,13,-8.632643864705012e-08,0.9999982963878632,103,29 38 21,0.019230769230769232,1.6153846153846154,0.9038461538461539,0.9423076923076923,0.0,-0.1678145580853407
ieee9,101,472,0.9723076923076927,,,0.9700000000000001,2.890894651412964,3.9841270446777344,2.369011878967285,2.319544792175293,0.0025,2.3348123018558207,3.8342392444610596,2.3348122376662035,3.8342390060424805,13,-5.7956920220301704e-08,0.9999970139970369,99,50 38 21,0.019230769230769232,1.6923076923076923,0.9134615384615384,0.9134615384615384,0.0,-0.007310078550989811
ieee9,101,473,0.9700000000000002,,,0.9700000000000001,2.877119302749634,3.9841184616088867,2.3556783199310303,2.291562080383301,0.0025,2.336611802761371,3.3188929557800293,2.336611793591426,3.3188929557800293,13,-1.4002076708353482e-07,0.9999824819468969,101,42 38 21,0.028846153846153848,1.5384615384615385,0.9230769230769231,0.9423076923076923,0.0,-0.14917307404371408
ieee9,101,474,0.9653846153846156,,,0.9700000000000001,2.8028180599212646,3.9840891361236572,2.270932674407959,2.1534314155578613,0.0025,2.179343031002925,3.030794143676758,2.1793430676827064,3.030794143676758,13,-1.1175870895385742e-07,0.999988845302012,101,28 21 38,0.028846153846153848,1.3076923076923077,0.9519230769230769,0.9711538461538461,0.0,0.26374568761541295
ieee9,101,475,0.9730769230769233,0.9700000000000001,1.0,0.9700000000000001,2.8929879665374756,3.9840452671051025,2.409193277359009,2.2857258319854736,0.0025,2.097655122096722,3.316850423812866,2.0976551312666674,3.316850423812866,13,-2.4859148722428543e-08,0.9999944563612022,99,1 38 3,0.019230769230769232,1.5384615384615385,0.9230769230769231,0.9423076923076923,0.0,-0.2864814710158568
ieee9,101,476,0.9738461538461541,,,0.9700000000000001,2.7523252964019775,3.98401141166687,2.2254045009613037,2.0475594997406006,0.0025,2.2171490009014425,3.1602070331573486,2.217149019241333,3.1602070331573486,13,-1.0230220281160794e-07,0.9999940486603719,96,1 38 3,0.019230769230769232,1.6923076923076923,0.9134615384615384,0.9134615384615384,0.0,0.08505644248082088
ieee9,101,477,0.9684615384615387,,,0.9700000000000001,2.7991373538970947,3.9840011596679688,2.242278575897217,2.1711325645446777,0.0025,2.335896840462318,3.5499107837677,2.335896840462318,3.5499110221862793,13,-1.3060008104030902e-07,0.9999924438244725,98,38 3 21,0.028846153846153848,1.3846153846153846,0.9423076923076923,0.9615384615384616,0.0,-0.14397022128105164
ieee9,101,478,0.9723076923076927,,,0.9700000000000001,2.716087818145752,3.9839882850646973,2.0898256301879883,2.074449062347412,0.0025,2.415041061548086,4.638057708740234,2.4150410432081957,4.638057708740234,13,-1.0337680578231812e-07,0.9999966004842176,96,38 3 21,0.019230769230769232,1.6153846153846154,0.9134615384615384,0.9326923076923077,0.0,-0.3517866593140822
ieee9,101,479,0.9792307692307696,,,0.9700000000000001,2.5631730556488037,3.9839797019958496,1.9731051921844482,1.7324339151382446,0.0025,2.608021167608408,4.2076497077941895,2.608021176778353,4.2076497077941895,13,-7.020739408639761e-08,0.9999958782805723,92,34 21 3,0.019230769230769232,1.7692307692307692,0.8942307692307693,0.9134615384615384,0.0,-0.5248024818988947
ieee9,101,480,0.9730769230769233,0.9700000000000001,1.0,0.9700000000000001,2.338090658187866,3.983978033065796,1.5928690433502197,1.4374247789382935,0.0025,2.5032116908293505,4.202837944030762,2.5032116724894595,4.202837944030762,12,-3.424401466663067e-08,0.9999971728951575,98,26 38 3,0.019230769230769232,1.6153846153846154,0.9134615384615384,0.9326923076923077,0.0,-0.22971004534226197
ieee9,101,481,0.9776923076923079,,,0.9700000000000001,2.260791540145874,3.9839653968811035,1.4860466718673706,1.3123620748519897,0.0025,2.6141334497011623,5.695990085601807,2.6141335047208347,5.695990562438965,13,1.160571208366981e-08,0.9999956065911302,88,4 38 21,0.038461538461538464,1.6923076923076923,0.8942307692307693,0.9326923076923077,0.0,-0.2821903949460158
ieee9,101,482,0.9723076923076925,,,0.9700000000000001,2.1865782737731934,3.9839532375335693,1.354253888130188,1.2215278148651123,0.0025,2.8941287719286404,3.98580002784729,2.8941287169089684,3.98580002784729,13,-9.377701924397395e-08,0.9999941384027501,90,9 38 3,0.028846153846153848,1.6153846153846154,0.9134615384615384,0.9326923076923077,0.0,0.12496347152269803
ieee9,101,483,0.9746153846153849,,,0.9700000000000001,2.245370626449585,3.9839625358581543,1.450934648513794,1.3012158870697021,0.0025,2.211315861115089,3.5080783367156982,2.2113158886249247,3.5080785751342773,13,-3.295449110177847e-08,0.9999743575942032,86,22 38 3,0.038461538461538464,1.6923076923076923,0.9134615384615384,0.9134615384615384,0.0,-0.20055733964993402
ieee9,101,484,0.9746153846153848,,,0.9700000000000001,2.1253721714019775,3.9839320182800293,1.1889288425445557,1.2032557725906372,0.0025,2.496598550906548,3.271592855453491,2.4965985004718485,3.271592855453491,12,-5.203520021705817e-08,0.9999940030963123,86,22 38 21,0.038461538461538464,1.6153846153846154,0.9134615384615384,0.9326923076923077,0.0,-0.22726124711334705
ieee9,101,485,0.9715384615384617,0.9700000000000001,1.0,0.9700000000000001,1.9424599409103394,3.9838876724243164,0.9262068867683411,0.9172850251197815,0.0025,2.694293269744286,4.654013156890869,2.694293260574341,4.654013156890869,13,-1.515190188701336e-07,0.9999833910366063,82,16 38 3,0.028846153846153848,1.6153846153846154,0.9230769230769231,0.9230769230769231,0.0,0.08681043516844511
ieee9,101,486,0.9738461538461541,,,0.9700000000000001,1.8291946649551392,3.9838497638702393,0.8104225993156433,0.6933116912841797,0.0025,1.753980732881106,4.42616081237793,1.7539807787308326,4.42616081237793,9,-2.528898991071261e-08,0.9999923861921961,66,14 38 21,0.038461538461538464,1.5384615384615385,0.9230769230769231,0.9423076923076923,0.0,-0.2827586058813792
ieee9,101,487,0.9746153846153848,,,0.9700000000000001,1.7563971281051636,3.9838480949401855,0.7308277487754822,0.5545158386230469,0.0025,1.3791697735969837,3.420020341873169,1.3791697575495794,3.42002010345459,7,-5.093618081166194e-08,0.9999912967804678,65,21 38 3,0.038461538461538464,1.7692307692307692,0.9038461538461539,0.9038461538461539,0.0,-0.004377007556076233
ieee9,101,488,0.9761538461538465,,,0.9700000000000001,1.8589941263198853,3.9838273525238037,1.0274789333343506,0.5656758546829224,0.0025,1.6665788980630727,4.4219584465026855,1.6665788797231822,4.4219584465026855,7,1.2680315054379976e-08,0.9999958753489313,75,29 38 21,0.038461538461538464,1.5384615384615385,0.9230769230769231,0.9423076923076923,0.0,0.09025545303638165
ieee9,101,489,0.9646153846153849,,,0.9700000000000001,1.9294894933700562,3.983812093734741,1.1770129203796387,0.6276428699493408,0.0025,1.582982090803293,2.293200731277466,1.5829820816333477,2.293200731277466,13,-1.06887175486638e-07,0.9998829891031561,72,35 38 21,0.038461538461538464,1.1538461538461537,0.9807692307692307,0.9807692307692307,0.0,-0.3233956522666491
ieee9,101,490,0.9746153846153849,0.9766666666666666,1.0,0.9700000000000001,1.939916729927063,3.9838178157806396,1.1999214887619019,0.6360112428665161,0.0025,2.1637047024873586,4.715999126434326,2.1637047208272495,4.715999603271484,12,-3.087692535840548e-08,0.9998446901759076,80,19 38 21,0.038461538461538464,1.5384615384615385,0.9230769230769231,0.9423076923076923,0.0,0.0454700321245652
ieee9,101,491,0.9615384615384618,,,0.9700000000000001,2.0037012100219727,3.983808755874634,1.373860239982605,0.6534347534179688,0.0025,1.8059454422730665,3.4042110443115234,1.8059454193482032,3.4042108058929443,12,-6.497765962894147e-08,0.9938986695186267,77,36 38 21,0.04807692307692308,1.0769230769230769,0.9903846153846154,0.9903846153846154,0.0,-0.2430155695630954
ieee9,101,492,0.9684615384615387,,,0.9700000000000001,1.9469579458236694,3.9838051795959473,1.1120541095733643,0.7450143098831177,0.0025,1.4685634007820716,2.6735212802886963,1.4685634053670442,2.6735212802886963,9,-1.1612876103474544e-07,0.9999800822857432,75,51 21 38,0.04807692307692308,1.3076923076923077,0.9615384615384616,0.9615384615384616,0.0,0.16038223040791658
ieee9,101,493,0.9623076923076925,,,0.9700000000000001,1.9338308572769165,3.9837911128997803,0.9697135090827942,0.8479882478713989,0.0025,2.0028834709754357,5.112420082092285,2.002883420540736,5.112420082092285,10,-9.563966439320491e-08,0.9961094862582949,84,50 21 38,0.028846153846153848,1.1538461538461537,0.9807692307692307,0.9807692307692307,0.0,-0.14972114792236915
ieee9,101,494,0.9715384615384617,,,0.9700000000000001,1.9509508609771729,3.9837863445281982,1.0541574954986572,0.8149086833000183,0.0025,1.9702257055502672,3.6251609325408936,1.9702257147202125,3.6251609325408936,12,-1.1104230697338398e-08,0.9999933403021282,80,32 21 38,0.038461538461538464,1.6923076923076923,0.9134615384615384,0.9134615384615384,0.0,-0.1921139255595895
ieee9,101,495,0.9761538461538464,0.9700000000000001,1.0,0.9700000000000001,1.9634469747543335,3.9837374687194824,1.1797196865081787,0.7268838286399841,0.0025,1.678040692439446,3.807419538497925,1.6780407107793367,3.807419538497925,11,-6.848802933326134e-08,0.9999896975105824,82,24 21 38,0.038461538461538464,1.5384615384615385,0.9134615384615384,0.9519230769230769,0.0,0.07817966748888676
ieee9,101,496,0.9700000000000002,,,0.9700000000000001,1.9813708066940308,3.983704090118408,1.2822355031967163,0.6781724691390991,0.0025,1.9846432071465712,3.733640670776367,1.9846431750517626,3.733640670776367,11,-1.255852671769949e-07,0.9999970313122379,82,44 38 21,0.038461538461538464,1.4615384615384615,0.9423076923076923,0.9423076923076923,0.0,-0.17764422469414198
ieee9,101,497,0.9730769230769234,,,0.9700000000000001,1.9422638416290283,3.9836924076080322,1.2562329769134521,0.5868666172027588,0.0025,1.9914598969312816,3.5345959663391113,1.9914598785913908,3.5345959663391113,11,-9.220093488693237e-08,0.9999973590171034,82,28 21 38,0.057692307692307696,1.5384615384615385,0.9230769230769231,0.9423076923076923,0.0,-0.11265953458272494
ieee9,101,498,0.9723076923076927,,,0.9700000000000001,1.945040225982666,3.9836881160736084,1.1669787168502808,0.6844543218612671,0.0025,1.8712705969810486,4.687737941741943,1.8712705603012671,4.687737941741943,12,-2.5718831098996677e-08,0.9999900009242356,74,37 21 38,0.038461538461538464,1.3846153846153846,0.9423076923076923,0.9615384615384616,0.0,-0.4298263266682625
ieee9,101,499,0.9661538461538464,0.9700000000000001,1.0,0.9700000000000001,1.8698852062225342,3.983672618865967,1.1029900312423706,0.5229929089546204,0.0025,1.601277938255897,2.960686206817627,1.6012779199160063,2.9606857299804688,11,-2.0417456443493183e-08,0.999993851139253,76,23 38 21,0.038461538461538464,1.3076923076923077,0.9615384615384616,0.9615384615384616,0.0,-0.04069445081628286
