update,mean_train_u_ctrl,mean_train_control_cost,method,update_seconds,trajectories_sampled,policy_entropy,router_entropy,expert_redundancy,max_expert_usage,expert_residual_scale,validation_mean_u_ctrl,validation_mean_mocu,validation_n_unique_sequences,validation_sequence_entropy,validation_unique_frac,validation_under_control_rate,validation_valid,validation_mean_shortfall,validation_checkpoint_score,validation_meets_unique_floor,moe_adaptivity_constraint
1,0.1515234410762787,0.1515234410762787,MoE-sBOED,0.2961595058441162,64,3.9771265983581543,1.3849653005599976,0.08529230952262878,0.26176562905311584,0.11925303936004639,,,,,,,,,,,
2,0.16207031905651093,0.16207031905651093,MoE-sBOED,0.05480813980102539,128,3.9758529663085938,1.385777235031128,0.01576804183423519,0.25877222418785095,0.1193549707531929,,,,,,,,,,,
3,0.15363281965255737,0.15363281965255737,MoE-sBOED,0.06455564498901367,192,3.974684238433838,1.3860812187194824,0.09291480481624603,0.25454169511795044,0.11943430453538895,,,,,,,,,,,
4,0.15714845061302185,0.15714845061302185,MoE-sBOED,0.06525897979736328,256,3.9732065200805664,1.386117696762085,0.003665383905172348,0.25515085458755493,0.11947131901979446,,,,,,,,,,,
5,0.15398438274860382,0.15398438274860382,MoE-sBOED,0.07314872741699219,320,3.9720139503479004,1.3860923051834106,0.00937172956764698,0.2546345293521881,0.11950518190860748,,,,,,,,,,,
6,0.15714845061302185,0.15714845061302185,MoE-sBOED,0.0638730525970459,384,3.971055507659912,1.3861464262008667,0.0037449875380843878,0.2537761926651001,0.11958709359169006,,,,,,,,,,,
7,0.1501171886920929,0.1501171886920929,MoE-sBOED,0.047560930252075195,448,3.970670223236084,1.3861558437347412,0.001831681001931429,0.2512056827545166,0.11966846138238907,,,,,,,,,,,
8,0.15398436784744263,0.15398436784744263,MoE-sBOED,0.047562599182128906,512,3.9696507453918457,1.3861443996429443,0.0016677221283316612,0.252391517162323,0.11967639625072479,,,,,,,,,,,
9,0.15785156190395355,0.15785156190395355,MoE-sBOED,0.04649543762207031,576,3.9694008827209473,1.3861720561981201,0.0008532902575097978,0.25276193022727966,0.11962229013442993,,,,,,,,,,,
10,0.1560937464237213,0.1560937464237213,MoE-sBOED,0.0480654239654541,640,3.970181941986084,1.3861829042434692,0.0009855034295469522,0.25124263763427734,0.11956945061683655,,,,,,,,,,,
11,0.1515234410762787,0.1515234410762787,MoE-sBOED,0.04680609703063965,704,3.970438003540039,1.3861817121505737,0.000613517127931118,0.2515616714954376,0.11956797540187836,,,,,,,,,,,
12,0.16242188215255737,0.16242188215255737,MoE-sBOED,0.04701709747314453,768,3.969954252243042,1.3861701488494873,0.0005519100814126432,0.25345075130462646,0.11958911269903183,,,,,,,,,,,
13,0.16804687678813934,0.16804687678813934,MoE-sBOED,0.04758810997009277,832,3.9689319133758545,1.3862046003341675,0.0004898723564110696,0.2504788637161255,0.11959656327962875,,,,,,,,,,,
14,0.15785157680511475,0.15785157680511475,MoE-sBOED,0.047730207443237305,896,3.9686670303344727,1.38618803024292,0.0009300027741119266,0.2523433268070221,0.11959942430257797,,,,,,,,,,,
15,0.14449219405651093,0.14449219405651093,MoE-sBOED,0.04725313186645508,960,3.968839406967163,1.3861942291259766,0.001363613991998136,0.2507360279560089,0.11965195089578629,,,,,,,,,,,
16,0.1560937464237213,0.1560937464237213,MoE-sBOED,0.04699563980102539,1024,3.9687652587890625,1.386204719543457,0.001248175511136651,0.25164711475372314,0.11972660571336746,,,,,,,,,,,
17,0.1473046839237213,0.1473046839237213,MoE-sBOED,0.046100616455078125,1088,3.9688334465026855,1.3862076997756958,0.000766945886425674,0.25215646624565125,0.11979509145021439,,,,,,,,,,,
18,0.1574999988079071,0.1574999988079071,MoE-sBOED,0.04729056358337402,1152,3.968118190765381,1.38621985912323,0.0013509038835763931,0.2510802149772644,0.1198766827583313,,,,,,,,,,,
19,0.15925782918930054,0.15925782918930054,MoE-sBOED,0.047272443771362305,1216,3.9672293663024902,1.386223316192627,0.0009595425217412412,0.25118714570999146,0.12000276148319244,,,,,,,,,,,
20,0.16101562976837158,0.16101562976837158,MoE-sBOED,0.04723954200744629,1280,3.965719699859619,1.3861926794052124,0.0009631043067201972,0.25376445055007935,0.12013532966375351,,,,,,,,,,,
21,0.15996094048023224,0.15996094048023224,MoE-sBOED,0.04784035682678223,1344,3.9616363048553467,1.3862054347991943,0.000894544180482626,0.2511928677558899,0.12029249966144562,,,,,,,,,,,
22,0.14835937321186066,0.14835937321186066,MoE-sBOED,0.048970937728881836,1408,3.952228307723999,1.3861448764801025,0.00041059692739509046,0.2517228126525879,0.12044890224933624,,,,,,,,,,,
23,0.16066406667232513,0.16066406667232513,MoE-sBOED,0.046265363693237305,1472,3.9436087608337402,1.38607919216156,0.00035157002275809646,0.25133928656578064,0.12054972350597382,,,,,,,,,,,
24,0.1515234410762787,0.1515234410762787,MoE-sBOED,0.04709792137145996,1536,3.937756299972534,1.385969638824463,0.0009106961078941822,0.25232869386672974,0.12058868259191513,,,,,,,,,,,
25,0.16171875596046448,0.16171875596046448,MoE-sBOED,0.04684567451477051,1600,3.9346609115600586,1.3855829238891602,0.0017270687967538834,0.2557242214679718,0.1206626445055008,0.15310546875000003,0.16798828124999998,2,0.4938350966590116,0.015625,0.1875,0,0.00984375,1001.54298828125,0,diagnostic_only
26,0.1589062511920929,0.1589062511920929,MoE-sBOED,0.04496955871582031,1664,3.9327311515808105,1.3849513530731201,0.002413432579487562,0.25590530037879944,0.12071853131055832,,,,,,,,,,,
27,0.16136717796325684,0.16136717796325684,MoE-sBOED,0.044780731201171875,1728,3.9312453269958496,1.3846111297607422,0.0021838953252881765,0.25598597526550293,0.12073198705911636,,,,,,,,,,,
28,0.15539062023162842,0.15539062023162842,MoE-sBOED,0.048979997634887695,1792,3.9321913719177246,1.3848865032196045,0.0024359351955354214,0.25337889790534973,0.12076858431100845,,,,,,,,,,,
29,0.1574999988079071,0.1574999988079071,MoE-sBOED,0.048863887786865234,1856,3.9291532039642334,1.3850159645080566,0.0034163719974458218,0.2556650638580322,0.12090178579092026,,,,,,,,,,,
30,0.16066406667232513,0.16066406667232513,MoE-sBOED,0.04807257652282715,1920,3.92254638671875,1.3848695755004883,0.003651941195130348,0.2563819885253906,0.12108709663152695,,,,,,,,,,,
31,0.15257813036441803,0.15257813036441803,MoE-sBOED,0.046202659606933594,1984,3.9218907356262207,1.38477623462677,0.0027988883666694164,0.2554164528846741,0.12115848064422607,,,,,,,,,,,
32,0.17015625536441803,0.17015625536441803,MoE-sBOED,0.04720950126647949,2048,3.9225564002990723,1.384531855583191,0.0015267226845026016,0.25532034039497375,0.12115725874900818,,,,,,,,,,,
33,0.15468749403953552,0.15468749403953552,MoE-sBOED,0.04761862754821777,2112,3.9207324981689453,1.383804440498352,0.0012170422123745084,0.2588328719139099,0.12116701900959015,,,,,,,,,,,
34,0.15398438274860382,0.15398438274860382,MoE-sBOED,0.046312570571899414,2176,3.9198989868164062,1.384033203125,0.0017906207358464599,0.2613180875778198,0.12112556397914886,,,,,,,,,,,
35,0.15398436784744263,0.15398436784744263,MoE-sBOED,0.047623395919799805,2240,3.916468620300293,1.3847078084945679,0.0022737623658031225,0.2611742317676544,0.12109862267971039,,,,,,,,,,,
36,0.1596093773841858,0.1596093773841858,MoE-sBOED,0.04729938507080078,2304,3.916398525238037,1.385504961013794,0.0014810825232416391,0.25524091720581055,0.12104382365942001,,,,,,,,,,,
37,0.16382813453674316,0.16382813453674316,MoE-sBOED,0.048351287841796875,2368,3.9206976890563965,1.3854080438613892,0.0012094802223145962,0.251981258392334,0.12101606279611588,,,,,,,,,,,
38,0.16382813453674316,0.16382813453674316,MoE-sBOED,0.0477755069732666,2432,3.9238438606262207,1.384951114654541,0.0015243332600221038,0.2549465000629425,0.12099845707416534,,,,,,,,,,,
39,0.15363280475139618,0.15363280475139618,MoE-sBOED,0.04617786407470703,2496,3.926978588104248,1.3846662044525146,0.0017639799043536186,0.2532898783683777,0.12094272673130035,,,,,,,,,,,
40,0.14484375715255737,0.14484375715255737,MoE-sBOED,0.04592585563659668,2560,3.9351987838745117,1.3845198154449463,0.0017627046909183264,0.2510952353477478,0.12085364013910294,,,,,,,,,,,
41,0.1560937464237213,0.1560937464237213,MoE-sBOED,0.04710125923156738,2624,3.94559907913208,1.3844424486160278,0.0017392424633726478,0.25057342648506165,0.12079975008964539,,,,,,,,,,,
42,0.1574999988079071,0.1574999988079071,MoE-sBOED,0.04679107666015625,2688,3.952576160430908,1.3847341537475586,0.0019654035568237305,0.2512991428375244,0.12075255066156387,,,,,,,,,,,
43,0.15714843571186066,0.15714843571186066,MoE-sBOED,0.04679465293884277,2752,3.956001043319702,1.3848423957824707,0.0016867243684828281,0.2518291473388672,0.12068547308444977,,,,,,,,,,,
44,0.16312500834465027,0.16312500834465027,MoE-sBOED,0.04736447334289551,2816,3.953481435775757,1.3845715522766113,0.0018676815088838339,0.25295135378837585,0.12063422799110413,,,,,,,,,,,
45,0.15433594584465027,0.15433594584465027,MoE-sBOED,0.04789400100708008,2880,3.9501113891601562,1.384271502494812,0.003901752643287182,0.2541906535625458,0.1206195056438446,,,,,,,,,,,
46,0.15468749403953552,0.15468749403953552,MoE-sBOED,0.04674673080444336,2944,3.9477901458740234,1.3842623233795166,0.0018024439923465252,0.2540198266506195,0.12059721350669861,,,,,,,,,,,
47,0.16101562976837158,0.16101562976837158,MoE-sBOED,0.0475003719329834,3008,3.944157123565674,1.3847594261169434,0.0011174918618053198,0.2531627118587494,0.12060666084289551,,,,,,,,,,,
48,0.14976562559604645,0.14976562559604645,MoE-sBOED,0.0473935604095459,3072,3.9387965202331543,1.3854351043701172,0.002243980299681425,0.253653347492218,0.12063679844141006,,,,,,,,,,,
49,0.14625000953674316,0.14625000953674316,MoE-sBOED,0.046912193298339844,3136,3.9377975463867188,1.385848879814148,0.0020504703279584646,0.2563322186470032,0.12062016874551773,,,,,,,,,,,
50,0.14765626192092896,0.14765626192092896,MoE-sBOED,0.04697060585021973,3200,3.9372453689575195,1.3861033916473389,0.0017929085297510028,0.2535938322544098,0.12063904851675034,0.15046875,0.09875,2,0.5445089017353929,0.015625,0.1015625,0,0.0040429687500000006,1000.614375,0,diagnostic_only
51,0.15644532442092896,0.15644532442092896,MoE-sBOED,0.04465746879577637,3264,3.9332337379455566,1.385236144065857,0.0018946293275803328,0.2623789310455322,0.12069228291511536,,,,,,,,,,,
52,0.15187500417232513,0.15187500417232513,MoE-sBOED,0.0453488826751709,3328,3.92995548248291,1.3854706287384033,0.0010368524817749858,0.25464874505996704,0.1207154169678688,,,,,,,,,,,
53,0.158203125,0.158203125,MoE-sBOED,0.04666757583618164,3392,3.9310269355773926,1.3845824003219604,0.0007952786982059479,0.26607680320739746,0.1206594780087471,,,,,,,,,,,
54,0.15925781428813934,0.15925781428813934,MoE-sBOED,0.047591447830200195,3456,3.9319562911987305,1.3831506967544556,0.0004201543633826077,0.27030816674232483,0.1206459179520607,,,,,,,,,,,
55,0.15574219822883606,0.15574219822883606,MoE-sBOED,0.04784822463989258,3520,3.9274539947509766,1.3841934204101562,0.0011859348742291331,0.2617897093296051,0.12068939208984375,,,,,,,,,,,
56,0.15328125655651093,0.15328125655651093,MoE-sBOED,0.04613947868347168,3584,3.922916889190674,1.3846845626831055,0.0027993384283035994,0.2645346522331238,0.12070784717798233,,,,,,,,,,,
57,0.14906249940395355,0.14906249940395355,MoE-sBOED,0.047042131423950195,3648,3.926950454711914,1.3850066661834717,0.004090161062777042,0.25895607471466064,0.12070406228303909,,,,,,,,,,,
58,0.16312500834465027,0.16312500834465027,MoE-sBOED,0.04621696472167969,3712,3.9351015090942383,1.384976863861084,0.005144793540239334,0.2602601647377014,0.12064801156520844,,,,,,,,,,,
59,0.14519530534744263,0.14519530534744263,MoE-sBOED,0.04786562919616699,3776,3.9406583309173584,1.3851996660232544,0.006352399941533804,0.2572682797908783,0.12052994221448898,,,,,,,,,,,
60,0.14343750476837158,0.14343750476837158,MoE-sBOED,0.04772043228149414,3840,3.9435253143310547,1.3855589628219604,0.005140024237334728,0.2551601529121399,0.12039141356945038,,,,,,,,,,,
61,0.1574999988079071,0.1574999988079071,MoE-sBOED,0.04674077033996582,3904,3.94577693939209,1.3857499361038208,0.00450407387688756,0.2525165379047394,0.12029898166656494,,,,,,,,,,,
62,0.15855468809604645,0.15855468809604645,MoE-sBOED,0.04773306846618652,3968,3.9462907314300537,1.38587486743927,0.004157920368015766,0.25197070837020874,0.12022745609283447,,,,,,,,,,,
63,0.1655859351158142,0.1655859351158142,MoE-sBOED,0.0478515625,4032,3.9438555240631104,1.385886549949646,0.0034144071396440268,0.2511524558067322,0.12016691267490387,,,,,,,,,,,
64,0.15117189288139343,0.15117189288139343,MoE-sBOED,0.04633283615112305,4096,3.9419283866882324,1.3858871459960938,0.003996262326836586,0.25294482707977295,0.12013285607099533,,,,,,,,,,,
65,0.15117187798023224,0.15117187798023224,MoE-sBOED,0.04635286331176758,4160,3.941347122192383,1.3858790397644043,0.003454095683991909,0.2534181773662567,0.12010850012302399,,,,,,,,,,,
66,0.15785157680511475,0.15785157680511475,MoE-sBOED,0.04594731330871582,4224,3.9412198066711426,1.3857537508010864,0.002186294412240386,0.25192877650260925,0.1201234683394432,,,,,,,,,,,
67,0.17121094465255737,0.17121094465255737,MoE-sBOED,0.04600715637207031,4288,3.9388504028320312,1.385416865348816,0.0015365469735115767,0.25500616431236267,0.12018148601055145,,,,,,,,,,,
68,0.16312500834465027,0.16312500834465027,MoE-sBOED,0.04567694664001465,4352,3.934706211090088,1.3849172592163086,0.0022205791901797056,0.25746726989746094,0.120307557284832,,,,,,,,,,,
69,0.15785156190395355,0.15785156190395355,MoE-sBOED,0.04674816131591797,4416,3.9257149696350098,1.3836896419525146,0.0033044132869690657,0.2623760998249054,0.12047363072633743,,,,,,,,,,,
70,0.15855468809604645,0.15855468809604645,MoE-sBOED,0.04705166816711426,4480,3.919978380203247,1.3833868503570557,0.003229280933737755,0.258379727602005,0.12057101726531982,,,,,,,,,,,
71,0.14414063096046448,0.14414063096046448,MoE-sBOED,0.04706406593322754,4544,3.9229965209960938,1.3835465908050537,0.0022606775164604187,0.2610543966293335,0.12054881453514099,,,,,,,,,,,
72,0.14519532024860382,0.14519532024860382,MoE-sBOED,0.04651522636413574,4608,3.9300830364227295,1.383023738861084,0.0015894988318905234,0.26357463002204895,0.12053047865629196,,,,,,,,,,,
73,0.15785157680511475,0.15785157680511475,MoE-sBOED,0.04727053642272949,4672,3.931946277618408,1.3833849430084229,0.0019091445719823241,0.2562144696712494,0.12059356272220612,,,,,,,,,,,
74,0.16523437201976776,0.16523437201976776,MoE-sBOED,0.046683549880981445,4736,3.9308719635009766,1.383669376373291,0.0030273578595370054,0.2532697916030884,0.12065550684928894,,,,,,,,,,,
75,0.1487109363079071,0.1487109363079071,MoE-sBOED,0.046708106994628906,4800,3.928652048110962,1.3836565017700195,0.003814134281128645,0.2554054260253906,0.12068305909633636,0.14501953125,0.10873046874999999,1,-0.0,0.0078125,0.1328125,0,0.0052734375,1000.93685546875,0,diagnostic_only
76,0.16101562976837158,0.16101562976837158,MoE-sBOED,0.04445767402648926,4864,3.927016258239746,1.3836315870285034,0.00437414925545454,0.2589101791381836,0.1207011342048645,,,,,,,,,,,
77,0.1574999988079071,0.1574999988079071,MoE-sBOED,0.04781484603881836,4928,3.926283836364746,1.383589744567871,0.004549561999738216,0.2604944705963135,0.12077503651380539,,,,,,,,,,,
78,0.1560937464237213,0.1560937464237213,MoE-sBOED,0.04630565643310547,4992,3.922024726867676,1.3835777044296265,0.0041111791506409645,0.2582898736000061,0.12083559483289719,,,,,,,,,,,
79,0.16312500834465027,0.16312500834465027,MoE-sBOED,0.04701089859008789,5056,3.9179415702819824,1.3832342624664307,0.004242752678692341,0.25843361020088196,0.12092170864343643,,,,,,,,,,,
80,0.14906251430511475,0.14906251430511475,MoE-sBOED,0.055861711502075195,5120,3.9117627143859863,1.3819705247879028,0.004022904671728611,0.26282811164855957,0.12105744332075119,,,,,,,,,,,
81,0.15117187798023224,0.15117187798023224,MoE-sBOED,0.05926775932312012,5184,3.9027554988861084,1.3811355829238892,0.003403451293706894,0.2615961730480194,0.12112991511821747,,,,,,,,,,,
82,0.14695313572883606,0.14695313572883606,MoE-sBOED,0.04871082305908203,5248,3.9023754596710205,1.3815909624099731,0.003302582073956728,0.26097673177719116,0.12111080437898636,,,,,,,,,,,
83,0.14625000953674316,0.14625000953674316,MoE-sBOED,0.049043893814086914,5312,3.9024910926818848,1.3818607330322266,0.003908085636794567,0.2671031355857849,0.12111397832632065,,,,,,,,,,,
84,0.14695313572883606,0.14695313572883606,MoE-sBOED,0.04771113395690918,5376,3.8929243087768555,1.383154273033142,0.005189410876482725,0.2568574845790863,0.12122687697410583,,,,,,,,,,,
85,0.14027343690395355,0.14027343690395355,MoE-sBOED,0.04670858383178711,5440,3.8736729621887207,1.382126808166504,0.0069890148006379604,0.26335397362709045,0.12144071608781815,,,,,,,,,,,
86,0.16945312917232513,0.16945312917232513,MoE-sBOED,0.04647469520568848,5504,3.844858169555664,1.379543662071228,0.007879694923758507,0.27238205075263977,0.12166953086853027,,,,,,,,,,,
87,0.1473046839237213,0.1473046839237213,MoE-sBOED,0.047048330307006836,5568,3.8241467475891113,1.3770854473114014,0.008041954599320889,0.27829509973526,0.12184116244316101,,,,,,,,,,,
88,0.16101562976837158,0.16101562976837158,MoE-sBOED,0.04676985740661621,5632,3.8423163890838623,1.3796348571777344,0.008400039747357368,0.26957058906555176,0.12175436317920685,,,,,,,,,,,
89,0.14625000953674316,0.14625000953674316,MoE-sBOED,0.04729056358337402,5696,3.8550565242767334,1.3789465427398682,0.00915047898888588,0.28265994787216187,0.12163516134023666,,,,,,,,,,,
90,0.1596093773841858,0.1596093773841858,MoE-sBOED,0.04625511169433594,5760,3.8502092361450195,1.3796008825302124,0.007800851948559284,0.2748376131057739,0.12160424143075943,,,,,,,,,,,
91,0.14167968928813934,0.14167968928813934,MoE-sBOED,0.046746015548706055,5824,3.8437435626983643,1.380399465560913,0.005425897892564535,0.2652936577796936,0.12156312167644501,,,,,,,,,,,
92,0.15328124165534973,0.15328124165534973,MoE-sBOED,0.04646587371826172,5888,3.8346750736236572,1.3815584182739258,0.0035119911190122366,0.2582159638404846,0.12149655073881149,,,,,,,,,,,
93,0.1560937464237213,0.1560937464237213,MoE-sBOED,0.04710531234741211,5952,3.8242404460906982,1.3825733661651611,0.0028538189362734556,0.25965937972068787,0.12141792476177216,,,,,,,,,,,
94,0.15328125655651093,0.15328125655651093,MoE-sBOED,0.04706597328186035,6016,3.8117709159851074,1.3829842805862427,0.0037181777879595757,0.2577339708805084,0.12137706577777863,,,,,,,,,,,
95,0.1501171886920929,0.1501171886920929,MoE-sBOED,0.046764373779296875,6080,3.7917563915252686,1.3832838535308838,0.005809984169900417,0.25387585163116455,0.121345154941082,,,,,,,,,,,
96,0.15855470299720764,0.15855470299720764,MoE-sBOED,0.04683232307434082,6144,3.783811092376709,1.3831831216812134,0.00797032006084919,0.25915300846099854,0.12130340933799744,,,,,,,,,,,
97,0.15539062023162842,0.15539062023162842,MoE-sBOED,0.04676675796508789,6208,3.783397674560547,1.3825117349624634,0.009504118002951145,0.27123600244522095,0.12124783545732498,,,,,,,,,,,
98,0.16523438692092896,0.16523438692092896,MoE-sBOED,0.046509504318237305,6272,3.7900924682617188,1.3823540210723877,0.008759120479226112,0.2787378430366516,0.12114036828279495,,,,,,,,,,,
99,0.14906251430511475,0.14906251430511475,MoE-sBOED,0.04756617546081543,6336,3.809357166290283,1.3835915327072144,0.006271225865930319,0.2726387679576874,0.12101761251688004,,,,,,,,,,,
100,0.15714845061302185,0.15714845061302185,MoE-sBOED,0.04763388633728027,6400,3.821845054626465,1.3847846984863281,0.004346063360571861,0.2627209722995758,0.12096673995256424,0.14167968749999998,0.05382812499999999,2,0.45884684243710105,0.015625,0.0390625,1,0.0010546875,0.05382812499999999,0,diagnostic_only
101,0.15433594584465027,0.15433594584465027,MoE-sBOED,0.04461026191711426,6464,3.81978702545166,1.3852823972702026,0.0037201240193098783,0.25746533274650574,0.12088306993246078,,,,,,,,,,,
102,0.15539062023162842,0.15539062023162842,MoE-sBOED,0.045586347579956055,6528,3.8050689697265625,1.3840434551239014,0.003296947805210948,0.26493769884109497,0.12074507772922516,,,,,,,,,,,
103,0.16453126072883606,0.16453126072883606,MoE-sBOED,0.04734015464782715,6592,3.791837215423584,1.3827502727508545,0.003111463040113449,0.26928094029426575,0.12066534161567688,,,,,,,,,,,
104,0.1560937613248825,0.1560937613248825,MoE-sBOED,0.04796862602233887,6656,3.7789440155029297,1.3834905624389648,0.0030132492538541555,0.2614904046058655,0.12063607573509216,,,,,,,,,,,
105,0.1567968726158142,0.1567968726158142,MoE-sBOED,0.04707622528076172,6720,3.7751736640930176,1.3843709230422974,0.002546141389757395,0.2580237090587616,0.12060961127281189,,,,,,,,,,,
106,0.15433594584465027,0.15433594584465027,MoE-sBOED,0.047460079193115234,6784,3.792081832885742,1.3850796222686768,0.0018897535046562552,0.2533659338951111,0.1205759271979332,,,,,,,,,,,
107,0.15996092557907104,0.15996092557907104,MoE-sBOED,0.04753589630126953,6848,3.7972230911254883,1.385293960571289,0.0015042645391076803,0.2537078261375427,0.12059083580970764,,,,,,,,,,,
108,0.1567968875169754,0.1567968875169754,MoE-sBOED,0.04624509811401367,6912,3.787108898162842,1.3850420713424683,0.0015529587399214506,0.255449116230011,0.12066547572612762,,,,,,,,,,,
109,0.1567968726158142,0.1567968726158142,MoE-sBOED,0.04716849327087402,6976,3.760159969329834,1.384758472442627,0.0019333462696522474,0.25654563307762146,0.12076868116855621,,,,,,,,,,,
110,0.16171875596046448,0.16171875596046448,MoE-sBOED,0.04709911346435547,7040,3.7086687088012695,1.3843122720718384,0.0045038568787276745,0.2542274594306946,0.12087760865688324,,,,,,,,,,,
111,0.15292969346046448,0.15292969346046448,MoE-sBOED,0.046849727630615234,7104,3.67895770072937,1.384645938873291,0.007481086999177933,0.25621497631073,0.1208837628364563,,,,,,,,,,,
112,0.1603125035762787,0.1603125035762787,MoE-sBOED,0.04741334915161133,7168,3.7070088386535645,1.3844577074050903,0.008918654173612595,0.2701643407344818,0.12078411877155304,,,,,,,,,,,
113,0.15785157680511475,0.15785157680511475,MoE-sBOED,0.04797077178955078,7232,3.7463791370391846,1.383819818496704,0.00814856868237257,0.2706717252731323,0.12067341804504395,,,,,,,,,,,
114,0.15539062023162842,0.15539062023162842,MoE-sBOED,0.04644155502319336,7296,3.7953805923461914,1.3843117952346802,0.006349546369165182,0.2611045837402344,0.12056589126586914,,,,,,,,,,,
115,0.14976562559604645,0.14976562559604645,MoE-sBOED,0.0472416877746582,7360,3.848121404647827,1.385155439376831,0.006720978766679764,0.2581401467323303,0.12044623494148254,,,,,,,,,,,
116,0.16171875596046448,0.16171875596046448,MoE-sBOED,0.049280643463134766,7424,3.884481906890869,1.3853837251663208,0.007322391495108604,0.2576031982898712,0.120305635035038,,,,,,,,,,,
117,0.15433594584465027,0.15433594584465027,MoE-sBOED,0.04764366149902344,7488,3.901463031768799,1.3851792812347412,0.007168876938521862,0.25586944818496704,0.1202150508761406,,,,,,,,,,,
118,0.16382813453674316,0.16382813453674316,MoE-sBOED,0.04762434959411621,7552,3.9170408248901367,1.3848904371261597,0.006368634290993214,0.25674712657928467,0.1201573982834816,,,,,,,,,,,
119,0.15503907203674316,0.15503907203674316,MoE-sBOED,0.046997785568237305,7616,3.9196863174438477,1.384467363357544,0.0047294944524765015,0.2566196024417877,0.12014458328485489,,,,,,,,,,,
120,0.15644532442092896,0.15644532442092896,MoE-sBOED,0.046936988830566406,7680,3.9186854362487793,1.3843212127685547,0.0030967704951763153,0.2547857165336609,0.12012816965579987,,,,,,,,,,,
121,0.1515234410762787,0.1515234410762787,MoE-sBOED,0.047524452209472656,7744,3.9144504070281982,1.3842899799346924,0.0024512361269444227,0.25535327196121216,0.12010442465543747,,,,,,,,,,,
122,0.14906251430511475,0.14906251430511475,MoE-sBOED,0.04743814468383789,7808,3.9054415225982666,1.384444236755371,0.0028665135614573956,0.2532275319099426,0.1201103925704956,,,,,,,,,,,
123,0.15855468809604645,0.15855468809604645,MoE-sBOED,0.04725933074951172,7872,3.905034065246582,1.3844079971313477,0.0031190230511128902,0.25401511788368225,0.12012641131877899,,,,,,,,,,,
124,0.15328125655651093,0.15328125655651093,MoE-sBOED,0.04740595817565918,7936,3.906095266342163,1.3839157819747925,0.0027400199323892593,0.2553461790084839,0.12015121430158615,,,,,,,,,,,
125,0.14835937321186066,0.14835937321186066,MoE-sBOED,0.048139333724975586,8000,3.902740478515625,1.3841373920440674,0.00225323298946023,0.25420859456062317,0.12018024176359177,0.14501953125,0.10873046874999999,1,-0.0,0.0078125,0.1328125,0,0.0052734375,1000.93685546875,0,diagnostic_only
126,0.15363281965255737,0.15363281965255737,MoE-sBOED,0.04494881629943848,8064,3.8941502571105957,1.3848274946212769,0.002546891337260604,0.25116392970085144,0.12024635821580887,,,,,,,,,,,
127,0.16136719286441803,0.16136719286441803,MoE-sBOED,0.04474306106567383,8128,3.88263201713562,1.384944200515747,0.003917391877621412,0.2552200257778168,0.12037654221057892,,,,,,,,,,,
128,0.1589062511920929,0.1589062511920929,MoE-sBOED,0.047393083572387695,8192,3.8782033920288086,1.3842594623565674,0.004412913229316473,0.25903764367103577,0.12053871154785156,,,,,,,,,,,
129,0.17191407084465027,0.17191407084465027,MoE-sBOED,0.04712533950805664,8256,3.874110221862793,1.3832769393920898,0.00451388955116272,0.26292097568511963,0.12069530785083771,,,,,,,,,,,
130,0.15117187798023224,0.15117187798023224,MoE-sBOED,0.048136234283447266,8320,3.86737322807312,1.3825700283050537,0.004441170487552881,0.26389747858047485,0.12082996964454651,,,,,,,,,,,
131,0.15468749403953552,0.15468749403953552,MoE-sBOED,0.04678821563720703,8384,3.8559694290161133,1.3822097778320312,0.0039433082565665245,0.26318150758743286,0.1209082379937172,,,,,,,,,,,
132,0.14167968928813934,0.14167968928813934,MoE-sBOED,0.04658150672912598,8448,3.8493757247924805,1.3819711208343506,0.0036110393702983856,0.2626838684082031,0.1209179162979126,,,,,,,,,,,
133,0.16347655653953552,0.16347655653953552,MoE-sBOED,0.04825544357299805,8512,3.8405611515045166,1.382371425628662,0.003392603946849704,0.2594395577907562,0.12085120379924774,,,,,,,,,,,
134,0.15539062023162842,0.15539062023162842,MoE-sBOED,0.04753565788269043,8576,3.830872058868408,1.3833191394805908,0.003220407757908106,0.25636541843414307,0.12075382471084595,,,,,,,,,,,
135,0.1515234410762787,0.1515234410762787,MoE-sBOED,0.04687094688415527,8640,3.824530601501465,1.3832037448883057,0.0035135243088006973,0.2652120292186737,0.1207083985209465,,,,,,,,,,,
136,0.15117187798023224,0.15117187798023224,MoE-sBOED,0.04708147048950195,8704,3.820765495300293,1.3838598728179932,0.0042132120579481125,0.26136016845703125,0.12068945169448853,,,,,,,,,,,
137,0.15644530951976776,0.15644530951976776,MoE-sBOED,0.04914522171020508,8768,3.821035623550415,1.3842747211456299,0.005930393934249878,0.25470614433288574,0.12067364156246185,,,,,,,,,,,
138,0.1574999988079071,0.1574999988079071,MoE-sBOED,0.04785656929016113,8832,3.8327527046203613,1.3840430974960327,0.007597653195261955,0.2580701410770416,0.12056536227464676,,,,,,,,,,,
139,0.15433594584465027,0.15433594584465027,MoE-sBOED,0.04680514335632324,8896,3.855625629425049,1.383709192276001,0.007823856547474861,0.2623070180416107,0.12034416198730469,,,,,,,,,,,
140,0.15257813036441803,0.15257813036441803,MoE-sBOED,0.04767107963562012,8960,3.8692939281463623,1.3837509155273438,0.006679044105112553,0.2615116536617279,0.12016288936138153,,,,,,,,,,,
141,0.1473046839237213,0.1473046839237213,MoE-sBOED,0.04756665229797363,9024,3.8719143867492676,1.3835301399230957,0.004211802966892719,0.25724154710769653,0.1200941726565361,,,,,,,,,,,
142,0.14554686844348907,0.14554686844348907,MoE-sBOED,0.047049522399902344,9088,3.8761649131774902,1.3836948871612549,0.002702634548768401,0.255951464176178,0.12003333121538162,,,,,,,,,,,
143,0.1589062511920929,0.1589062511920929,MoE-sBOED,0.04670906066894531,9152,3.8804709911346436,1.3837864398956299,0.002959194593131542,0.25733160972595215,0.12001553922891617,,,,,,,,,,,
144,0.14414063096046448,0.14414063096046448,MoE-sBOED,0.04824423789978027,9216,3.880263328552246,1.3835150003433228,0.00269981543533504,0.254442036151886,0.12007144093513489,,,,,,,,,,,
145,0.1589062511920929,0.1589062511920929,MoE-sBOED,0.04714012145996094,9280,3.880520820617676,1.3827383518218994,0.0023235322441905737,0.25865650177001953,0.12015997618436813,,,,,,,,,,,
146,0.1473046839237213,0.1473046839237213,MoE-sBOED,0.04613208770751953,9344,3.869872570037842,1.3815796375274658,0.002021513180807233,0.2636106610298157,0.12032096087932587,,,,,,,,,,,
147,0.1603125035762787,0.1603125035762787,MoE-sBOED,0.04690361022949219,9408,3.8481273651123047,1.380932331085205,0.002447105012834072,0.26601019501686096,0.12048235535621643,,,,,,,,,,,
148,0.1574999988079071,0.1574999988079071,MoE-sBOED,0.04752683639526367,9472,3.8363919258117676,1.380749225616455,0.0027290694415569305,0.26739010214805603,0.12058166414499283,,,,,,,,,,,
149,0.15187498927116394,0.15187498927116394,MoE-sBOED,0.04784059524536133,9536,3.8339579105377197,1.38023042678833,0.0026773165445774794,0.2689971327781677,0.12062489986419678,,,,,,,,,,,
150,0.158203125,0.158203125,MoE-sBOED,0.04677462577819824,9600,3.8362584114074707,1.3794655799865723,0.002369310474023223,0.26990771293640137,0.1206115111708641,0.14554687500000002,0.094609375,2,0.18920898053816695,0.015625,0.109375,0,0.0040429687500000006,1000.688359375,0,diagnostic_only
151,0.1641796976327896,0.1641796976327896,MoE-sBOED,0.04460740089416504,9664,3.8383171558380127,1.3793237209320068,0.0024055633693933487,0.2686930298805237,0.12061922997236252,,,,,,,,,,,
152,0.158203125,0.158203125,MoE-sBOED,0.04540419578552246,9728,3.8420157432556152,1.3802995681762695,0.002792385406792164,0.261319637298584,0.12056241929531097,,,,,,,,,,,
153,0.16171875596046448,0.16171875596046448,MoE-sBOED,0.04775500297546387,9792,3.841522455215454,1.3809934854507446,0.0031904205679893494,0.259336918592453,0.12046607583761215,,,,,,,,,,,
154,0.14414063096046448,0.14414063096046448,MoE-sBOED,0.04710865020751953,9856,3.844151258468628,1.3811945915222168,0.0035403920337557793,0.26206347346305847,0.12040819972753525,,,,,,,,,,,
155,0.15468750894069672,0.15468750894069672,MoE-sBOED,0.047583580017089844,9920,3.8520681858062744,1.3815398216247559,0.0034482607152312994,0.2632148861885071,0.12031973153352737,,,,,,,,,,,
156,0.15433594584465027,0.15433594584465027,MoE-sBOED,0.04738330841064453,9984,3.861708164215088,1.3817951679229736,0.0031296664383262396,0.2647567391395569,0.12022191286087036,,,,,,,,,,,
157,0.1567968875169754,0.1567968875169754,MoE-sBOED,0.04693889617919922,10048,3.8701419830322266,1.3818621635437012,0.0028601805679500103,0.26737868785858154,0.12009748071432114,,,,,,,,,,,
158,0.17156249284744263,0.17156249284744263,MoE-sBOED,0.04604053497314453,10112,3.8720831871032715,1.382453441619873,0.002714121248573065,0.26245543360710144,0.12007229775190353,,,,,,,,,,,
159,0.15785157680511475,0.15785157680511475,MoE-sBOED,0.04644966125488281,10176,3.864596366882324,1.3831039667129517,0.002769734710454941,0.25506141781806946,0.12010910362005234,,,,,,,,,,,
160,0.15644532442092896,0.15644532442092896,MoE-sBOED,0.04659414291381836,10240,3.8570055961608887,1.3831621408462524,0.0030627332162111998,0.25861215591430664,0.12013502418994904,,,,,,,,,,,
161,0.15785156190395355,0.15785156190395355,MoE-sBOED,0.047493696212768555,10304,3.850285291671753,1.3830331563949585,0.0031962315551936626,0.2595626711845398,0.12017374485731125,,,,,,,,,,,
162,0.15257811546325684,0.15257811546325684,MoE-sBOED,0.04722285270690918,10368,3.846508264541626,1.3830981254577637,0.002750311978161335,0.25717929005622864,0.12020295113325119,,,,,,,,,,,
163,0.15046876668930054,0.15046876668930054,MoE-sBOED,0.04665780067443848,10432,3.854186534881592,1.3832533359527588,0.002280039479956031,0.2550065517425537,0.12019013613462448,,,,,,,,,,,
164,0.15117187798023224,0.15117187798023224,MoE-sBOED,0.04628396034240723,10496,3.8630521297454834,1.3836405277252197,0.002018379746004939,0.2519804835319519,0.12016035616397858,,,,,,,,,,,
165,0.16523438692092896,0.16523438692092896,MoE-sBOED,0.046860456466674805,10560,3.8643367290496826,1.3838868141174316,0.0019885506480932236,0.2519374191761017,0.12019691616296768,,,,,,,,,,,
166,0.15468750894069672,0.15468750894069672,MoE-sBOED,0.04712486267089844,10624,3.858541488647461,1.383861780166626,0.0019540616776794195,0.2528943717479706,0.12028834223747253,,,,,,,,,,,
167,0.15468749403953552,0.15468749403953552,MoE-sBOED,0.04867815971374512,10688,3.8483870029449463,1.3838021755218506,0.0022629443556070328,0.25462105870246887,0.12042811512947083,,,,,,,,,,,
168,0.15574218332767487,0.15574218332767487,MoE-sBOED,0.04727435111999512,10752,3.8280136585235596,1.3831284046173096,0.0032234732061624527,0.2619686424732208,0.12064098566770554,,,,,,,,,,,
169,0.16453124582767487,0.16453124582767487,MoE-sBOED,0.04653596878051758,10816,3.795043706893921,1.381500005722046,0.004327583592385054,0.2730262279510498,0.12088505923748016,,,,,,,,,,,
170,0.1508203148841858,0.1508203148841858,MoE-sBOED,0.04784655570983887,10880,3.7676539421081543,1.3800368309020996,0.004863855428993702,0.2785743176937103,0.12105710059404373,,,,,,,,,,,
171,0.15433594584465027,0.15433594584465027,MoE-sBOED,0.04725217819213867,10944,3.74065899848938,1.3793182373046875,0.005320340394973755,0.2778049409389496,0.12114757299423218,,,,,,,,,,,
172,0.15222656726837158,0.15222656726837158,MoE-sBOED,0.04781317710876465,11008,3.7212958335876465,1.379605770111084,0.006081803701817989,0.2704765796661377,0.12114226818084717,,,,,,,,,,,
173,0.15996094048023224,0.15996094048023224,MoE-sBOED,0.04840898513793945,11072,3.71256685256958,1.3795456886291504,0.007380373775959015,0.26297077536582947,0.12103849649429321,,,,,,,,,,,
174,0.1553906351327896,0.1553906351327896,MoE-sBOED,0.04820704460144043,11136,3.727609157562256,1.3780004978179932,0.0077429055236279964,0.2718442678451538,0.12084785103797913,,,,,,,,,,,
175,0.1480078101158142,0.1480078101158142,MoE-sBOED,0.047289371490478516,11200,3.7553915977478027,1.377816081047058,0.007619667798280716,0.27734309434890747,0.12067894637584686,0.14607421875,0.16095703125,2,0.6926588198060253,0.015625,0.1875,0,0.00984375,1001.53595703125,0,diagnostic_only
176,0.15503907203674316,0.15503907203674316,MoE-sBOED,0.045000314712524414,11264,3.7424607276916504,1.3797153234481812,0.008653584867715836,0.2680433690547943,0.12069964408874512,,,,,,,,,,,
177,0.1508203148841858,0.1508203148841858,MoE-sBOED,0.04497790336608887,11328,3.7204430103302,1.380964994430542,0.010203863494098186,0.25519585609436035,0.12072579562664032,,,,,,,,,,,
178,0.15644532442092896,0.15644532442092896,MoE-sBOED,0.04682612419128418,11392,3.719132900238037,1.3817830085754395,0.010043492540717125,0.2568771541118622,0.1206413060426712,,,,,,,,,,,
179,0.14835938811302185,0.14835938811302185,MoE-sBOED,0.048940181732177734,11456,3.721957206726074,1.3820247650146484,0.00867993663996458,0.2603513300418854,0.12055791914463043,,,,,,,,,,,
180,0.15714843571186066,0.15714843571186066,MoE-sBOED,0.04828786849975586,11520,3.706833839416504,1.3817965984344482,0.008699540048837662,0.26336392760276794,0.12057505548000336,,,,,,,,,,,
181,0.15363281965255737,0.15363281965255737,MoE-sBOED,0.04770040512084961,11584,3.6834442615509033,1.3816490173339844,0.008873718790709972,0.2609834671020508,0.1206200048327446,,,,,,,,,,,
182,0.1669921875,0.1669921875,MoE-sBOED,0.04682016372680664,11648,3.651484966278076,1.3805705308914185,0.0094186682254076,0.26386111974716187,0.1206875592470169,,,,,,,,,,,
183,0.15714845061302185,0.15714845061302185,MoE-sBOED,0.047363996505737305,11712,3.6489381790161133,1.3786530494689941,0.009022565558552742,0.26771295070648193,0.12068701535463333,,,,,,,,,,,
184,0.15433594584465027,0.15433594584465027,MoE-sBOED,0.048604488372802734,11776,3.6632816791534424,1.3780317306518555,0.008177652955055237,0.2694490849971771,0.12061834335327148,,,,,,,,,,,
185,0.15855470299720764,0.15855470299720764,MoE-sBOED,0.0479588508605957,11840,3.673429250717163,1.379488468170166,0.008564108051359653,0.2600351572036743,0.12048393487930298,,,,,,,,,,,
186,0.15996095538139343,0.15996095538139343,MoE-sBOED,0.04634666442871094,11904,3.7033352851867676,1.3800376653671265,0.008643696084618568,0.2564523220062256,0.1202964186668396,,,,,,,,,,,
187,0.16207030415534973,0.16207030415534973,MoE-sBOED,0.04720926284790039,11968,3.7106337547302246,1.3796603679656982,0.007903141900897026,0.2576453685760498,0.12020188570022583,,,,,,,,,,,
188,0.15574219822883606,0.15574219822883606,MoE-sBOED,0.04773664474487305,12032,3.6940908432006836,1.379159927368164,0.007769481278955936,0.25960421562194824,0.12014879286289215,,,,,,,,,,,
189,0.1676953136920929,0.1676953136920929,MoE-sBOED,0.04732036590576172,12096,3.6685900688171387,1.3783376216888428,0.00799376517534256,0.2635307312011719,0.12015082687139511,,,,,,,,,,,
190,0.15574219822883606,0.15574219822883606,MoE-sBOED,0.04699277877807617,12160,3.6632823944091797,1.3773804903030396,0.009276012890040874,0.2672792375087738,0.12011510133743286,,,,,,,,,,,
191,0.15855468809604645,0.15855468809604645,MoE-sBOED,0.0477299690246582,12224,3.6878082752227783,1.3786184787750244,0.01013917662203312,0.2637450098991394,0.12003564834594727,,,,,,,,,,,
192,0.14449220895767212,0.14449220895767212,MoE-sBOED,0.0476071834564209,12288,3.748302936553955,1.3803927898406982,0.0095235425978899,0.266859233379364,0.1199573501944542,,,,,,,,,,,
193,0.1487109363079071,0.1487109363079071,MoE-sBOED,0.046183109283447266,12352,3.7762255668640137,1.3810834884643555,0.009209753945469856,0.2668067216873169,0.11992505937814713,,,,,,,,,,,
194,0.15222656726837158,0.15222656726837158,MoE-sBOED,0.04677128791809082,12416,3.808708906173706,1.3822818994522095,0.009744854643940926,0.26655298471450806,0.119899220764637,,,,,,,,,,,
195,0.15468749403953552,0.15468749403953552,MoE-sBOED,0.04727792739868164,12480,3.807070255279541,1.382216215133667,0.01210444699972868,0.2667999863624573,0.11991073936223984,,,,,,,,,,,
196,0.1501171886920929,0.1501171886920929,MoE-sBOED,0.04714250564575195,12544,3.807478666305542,1.382422924041748,0.012909738346934319,0.2691020965576172,0.11987591534852982,,,,,,,,,,,
197,0.15468749403953552,0.15468749403953552,MoE-sBOED,0.04761195182800293,12608,3.807196617126465,1.3816879987716675,0.007148968055844307,0.27351629734039307,0.11977776885032654,,,,,,,,,,,
198,0.1567968726158142,0.1567968726158142,MoE-sBOED,0.04751420021057129,12672,3.8145861625671387,1.3802471160888672,0.006131213158369064,0.27875083684921265,0.11966190487146378,,,,,,,,,,,
199,0.16980469226837158,0.16980469226837158,MoE-sBOED,0.04603767395019531,12736,3.8346128463745117,1.3781838417053223,0.005662722047418356,0.2829681634902954,0.11956311017274857,,,,,,,,,,,
200,0.14343750476837158,0.14343750476837158,MoE-sBOED,0.046390533447265625,12800,3.8579015731811523,1.3762519359588623,0.00490582175552845,0.2849864363670349,0.1194961816072464,0.15873046875000002,0.13318359375,2,0.08048483706800685,0.015625,0.1171875,0,0.00650390625,1000.80505859375,0,diagnostic_only
201,0.15433594584465027,0.15433594584465027,MoE-sBOED,0.04449963569641113,12864,3.8719799518585205,1.37665593624115,0.005048768594861031,0.2821093797683716,0.11946243047714233,,,,,,,,,,,
202,0.16066406667232513,0.16066406667232513,MoE-sBOED,0.04488062858581543,12928,3.882601261138916,1.3776931762695312,0.004800816066563129,0.2767525911331177,0.11943173408508301,,,,,,,,,,,
203,0.16207030415534973,0.16207030415534973,MoE-sBOED,0.047174692153930664,12992,3.8886075019836426,1.3789888620376587,0.0050644055008888245,0.2725456953048706,0.1193990707397461,,,,,,,,,,,
204,0.16980469226837158,0.16980469226837158,MoE-sBOED,0.04685235023498535,13056,3.879960060119629,1.3802236318588257,0.004083131439983845,0.2689124345779419,0.11940309405326843,,,,,,,,,,,
205,0.1589062511920929,0.1589062511920929,MoE-sBOED,0.04765176773071289,13120,3.8707504272460938,1.3814469575881958,0.00233772792853415,0.26350951194763184,0.11939458549022675,,,,,,,,,,,
206,0.15714845061302185,0.15714845061302185,MoE-sBOED,0.04830050468444824,13184,3.8759491443634033,1.382974624633789,0.0027768209110945463,0.2575470805168152,0.11934517323970795,,,,,,,,,,,
207,0.14660155773162842,0.14660155773162842,MoE-sBOED,0.048073768615722656,13248,3.8889646530151367,1.3839714527130127,0.004250494297593832,0.25606781244277954,0.11927814781665802,,,,,,,,,,,
208,0.14906251430511475,0.14906251430511475,MoE-sBOED,0.04690909385681152,13312,3.8950343132019043,1.384401798248291,0.0054376996122300625,0.2584940791130066,0.11921241879463196,,,,,,,,,,,
209,0.15714845061302185,0.15714845061302185,MoE-sBOED,0.04680824279785156,13376,3.895731210708618,1.3845444917678833,0.006325636990368366,0.26265907287597656,0.11917666345834732,,,,,,,,,,,
210,0.15398438274860382,0.15398438274860382,MoE-sBOED,0.04703927040100098,13440,3.9069559574127197,1.3846583366394043,0.006369399838149548,0.26507607102394104,0.11915446817874908,,,,,,,,,,,
211,0.1427343785762787,0.1427343785762787,MoE-sBOED,0.04632163047790527,13504,3.9164626598358154,1.3847461938858032,0.004769955761730671,0.2641616463661194,0.11913413554430008,,,,,,,,,,,
212,0.1515234410762787,0.1515234410762787,MoE-sBOED,0.04682421684265137,13568,3.917820453643799,1.3848304748535156,0.0028926494996994734,0.2622718811035156,0.11911708116531372,,,,,,,,,,,
213,0.15996094048023224,0.15996094048023224,MoE-sBOED,0.04735255241394043,13632,3.91220760345459,1.3849328756332397,0.0017352573340758681,0.25896498560905457,0.11910252273082733,,,,,,,,,,,
214,0.1501171886920929,0.1501171886920929,MoE-sBOED,0.04865241050720215,13696,3.9137394428253174,1.3848826885223389,0.0011336137540638447,0.2525848150253296,0.11905711144208908,,,,,,,,,,,
215,0.15328125655651093,0.15328125655651093,MoE-sBOED,0.0477292537689209,13760,3.923799514770508,1.3843417167663574,0.0013816400896757841,0.25268715620040894,0.11899705976247787,,,,,,,,,,,
216,0.1596093773841858,0.1596093773841858,MoE-sBOED,0.04666256904602051,13824,3.9284238815307617,1.3834648132324219,0.001809929497539997,0.2567838430404663,0.11895386874675751,,,,,,,,,,,
217,0.14835938811302185,0.14835938811302185,MoE-sBOED,0.04729032516479492,13888,3.9227242469787598,1.3832588195800781,0.0012622049544006586,0.25708094239234924,0.1189354658126831,,,,,,,,,,,
218,0.15398436784744263,0.15398436784744263,MoE-sBOED,0.04716897010803223,13952,3.9127469062805176,1.383501648902893,0.0008312189020216465,0.25453007221221924,0.11890657991170883,,,,,,,,,,,
219,0.158203125,0.158203125,MoE-sBOED,0.04756808280944824,14016,3.910222291946411,1.3837060928344727,0.0011108329053968191,0.2528277039527893,0.11886829882860184,,,,,,,,,,,
220,0.13886719942092896,0.13886719942092896,MoE-sBOED,0.04710721969604492,14080,3.910787343978882,1.383877158164978,0.0015672442968934774,0.2525344789028168,0.11884614825248718,,,,,,,,,,,
221,0.15574219822883606,0.15574219822883606,MoE-sBOED,0.04763913154602051,14144,3.9063780307769775,1.3842535018920898,0.0020716055296361446,0.2509143352508545,0.11882882565259933,,,,,,,,,,,
222,0.14976562559604645,0.14976562559604645,MoE-sBOED,0.04652810096740723,14208,3.9082984924316406,1.3844292163848877,0.0020990949124097824,0.25107342004776,0.11880405247211456,,,,,,,,,,,
223,0.15222656726837158,0.15222656726837158,MoE-sBOED,0.047168731689453125,14272,3.9159984588623047,1.3845078945159912,0.0020565250888466835,0.2521841824054718,0.1187611073255539,,,,,,,,,,,
224,0.1473046839237213,0.1473046839237213,MoE-sBOED,0.04660749435424805,14336,3.927288293838501,1.3843576908111572,0.002136770635843277,0.2537024915218353,0.11869938671588898,,,,,,,,,,,
225,0.1603125035762787,0.1603125035762787,MoE-sBOED,0.046706438064575195,14400,3.9361560344696045,1.3843622207641602,0.002348226960748434,0.2543935477733612,0.11865180730819702,0.15697265625,0.16306640625,2,0.13906079845474112,0.015625,0.1875,0,0.00896484375,1001.53806640625,0,diagnostic_only
226,0.158203125,0.158203125,MoE-sBOED,0.04604744911193848,14464,3.942082643508911,1.3845765590667725,0.0023532852064818144,0.25494420528411865,0.11862735450267792,,,,,,,,,,,
227,0.14519530534744263,0.14519530534744263,MoE-sBOED,0.04688000679016113,14528,3.940966844558716,1.3847403526306152,0.002298159059137106,0.25584083795547485,0.11862648278474808,,,,,,,,,,,
228,0.1596093773841858,0.1596093773841858,MoE-sBOED,0.04625248908996582,14592,3.932878255844116,1.3849425315856934,0.0019163823453709483,0.2556074261665344,0.11863882839679718,,,,,,,,,,,
229,0.14976562559604645,0.14976562559604645,MoE-sBOED,0.04692530632019043,14656,3.9241058826446533,1.3853082656860352,0.0018513742834329605,0.25513118505477905,0.11866819113492966,,,,,,,,,,,
230,0.16066406667232513,0.16066406667232513,MoE-sBOED,0.048070669174194336,14720,3.9155421257019043,1.3853516578674316,0.0020695978309959173,0.25511661171913147,0.11870614439249039,,,,,,,,,,,
231,0.14589844644069672,0.14589844644069672,MoE-sBOED,0.046358346939086914,14784,3.9178175926208496,1.3852704763412476,0.0023884752299636602,0.2570575773715973,0.11873170733451843,,,,,,,,,,,
232,0.16453124582767487,0.16453124582767487,MoE-sBOED,0.04696774482727051,14848,3.923035144805908,1.3851039409637451,0.0031736823730170727,0.2596292793750763,0.11874706298112869,,,,,,,,,,,
233,0.1515234410762787,0.1515234410762787,MoE-sBOED,0.04691004753112793,14912,3.9219064712524414,1.3850491046905518,0.002709081396460533,0.25967177748680115,0.11877378076314926,,,,,,,,,,,
234,0.16066406667232513,0.16066406667232513,MoE-sBOED,0.04680943489074707,14976,3.9130191802978516,1.3850046396255493,0.0019051659619435668,0.260248601436615,0.11882805079221725,,,,,,,,,,,
235,0.15117187798023224,0.15117187798023224,MoE-sBOED,0.047318458557128906,15040,3.8943915367126465,1.3845829963684082,0.0014067550655454397,0.26091185212135315,0.11889462172985077,,,,,,,,,,,
236,0.15363281965255737,0.15363281965255737,MoE-sBOED,0.04714655876159668,15104,3.874063491821289,1.384209394454956,0.001148728420957923,0.26105743646621704,0.11894650757312775,,,,,,,,,,,
237,0.15468750894069672,0.15468750894069672,MoE-sBOED,0.04682588577270508,15168,3.8584461212158203,1.3839950561523438,0.001071582781150937,0.2622620463371277,0.11900541931390762,,,,,,,,,,,
238,0.16242188215255737,0.16242188215255737,MoE-sBOED,0.046549320220947266,15232,3.8441054821014404,1.3836088180541992,0.001192354829981923,0.26239311695098877,0.11906154453754425,,,,,,,,,,,
239,0.14695313572883606,0.14695313572883606,MoE-sBOED,0.047104597091674805,15296,3.838109016418457,1.383955717086792,0.0013542498927563429,0.25910189747810364,0.11908764392137527,,,,,,,,,,,
240,0.1567968726158142,0.1567968726158142,MoE-sBOED,0.04691767692565918,15360,3.8391430377960205,1.3841878175735474,0.0015099504962563515,0.25873976945877075,0.11910022050142288,,,,,,,,,,,
241,0.15503907203674316,0.15503907203674316,MoE-sBOED,0.04835033416748047,15424,3.8358688354492188,1.3842904567718506,0.002134305890649557,0.25488775968551636,0.11914051324129105,,,,,,,,,,,
242,0.1515234410762787,0.1515234410762787,MoE-sBOED,0.047188520431518555,15488,3.814485549926758,1.3841102123260498,0.002809169702231884,0.25821176171302795,0.1192048043012619,,,,,,,,,,,
243,0.15503907203674316,0.15503907203674316,MoE-sBOED,0.04777693748474121,15552,3.7827911376953125,1.3837673664093018,0.0034798483829945326,0.2596016526222229,0.11925125122070312,,,,,,,,,,,
244,0.14414063096046448,0.14414063096046448,MoE-sBOED,0.047392845153808594,15616,3.7464547157287598,1.3834360837936401,0.0038864535745233297,0.2596910297870636,0.11930710077285767,,,,,,,,,,,
245,0.1480078250169754,0.1480078250169754,MoE-sBOED,0.0492396354675293,15680,3.728593587875366,1.3842390775680542,0.0038895977195352316,0.2525479793548584,0.11931103467941284,,,,,,,,,,,
246,0.14976562559604645,0.14976562559604645,MoE-sBOED,0.046952009201049805,15744,3.7469747066497803,1.3825440406799316,0.0042657433077692986,0.26998430490493774,0.11926494538784027,,,,,,,,,,,
247,0.15539062023162842,0.15539062023162842,MoE-sBOED,0.04778718948364258,15808,3.7502999305725098,1.379141092300415,0.004518001340329647,0.28158652782440186,0.11924305558204651,,,,,,,,,,,
248,0.15363281965255737,0.15363281965255737,MoE-sBOED,0.04775261878967285,15872,3.760059118270874,1.3808190822601318,0.004744498059153557,0.27320921421051025,0.1192656010389328,,,,,,,,,,,
249,0.16101562976837158,0.16101562976837158,MoE-sBOED,0.047162771224975586,15936,3.7678275108337402,1.3829874992370605,0.005152552388608456,0.26242417097091675,0.11928744614124298,,,,,,,,,,,
250,0.15785156190395355,0.15785156190395355,MoE-sBOED,0.04709267616271973,16000,3.787559986114502,1.3838250637054443,0.005274125840514898,0.2679086923599243,0.11924830824136734,0.14765625000000002,0.08460937500000001,1,-0.0,0.0078125,0.09375,0,0.0029882812500000005,1000.522109375,0,diagnostic_only
251,0.15328125655651093,0.15328125655651093,MoE-sBOED,0.0446624755859375,16064,3.809384346008301,1.384020209312439,0.005212418735027313,0.26401007175445557,0.11917999386787415,,,,,,,,,,,
252,0.15363281965255737,0.15363281965255737,MoE-sBOED,0.04452848434448242,16128,3.818364381790161,1.3845499753952026,0.00549169210717082,0.26146629452705383,0.11912485957145691,,,,,,,,,,,
253,0.15328124165534973,0.15328124165534973,MoE-sBOED,0.048128604888916016,16192,3.82316255569458,1.3845902681350708,0.005531349219381809,0.258017897605896,0.11907090246677399,,,,,,,,,,,
254,0.15925781428813934,0.15925781428813934,MoE-sBOED,0.04719400405883789,16256,3.8207931518554688,1.3847720623016357,0.005646680481731892,0.2550366520881653,0.11904497444629669,,,,,,,,,,,
255,0.16593749821186066,0.16593749821186066,MoE-sBOED,0.04687786102294922,16320,3.8114676475524902,1.3841819763183594,0.00659710681065917,0.25633105635643005,0.11905235797166824,,,,,,,,,,,
256,0.15574219822883606,0.15574219822883606,MoE-sBOED,0.04703092575073242,16384,3.8003482818603516,1.3829807043075562,0.007573217153549194,0.2568591833114624,0.11907850205898285,,,,,,,,,,,
257,0.15257811546325684,0.15257811546325684,MoE-sBOED,0.0476078987121582,16448,3.806703567504883,1.3822331428527832,0.0069269826635718346,0.2559148967266083,0.11909440904855728,,,,,,,,,,,
258,0.15855468809604645,0.15855468809604645,MoE-sBOED,0.049094438552856445,16512,3.823988437652588,1.3829554319381714,0.0052233594469726086,0.25482308864593506,0.11909500509500504,,,,,,,,,,,
259,0.16453126072883606,0.16453126072883606,MoE-sBOED,0.04637932777404785,16576,3.826354503631592,1.383709192276001,0.0038648720365017653,0.2559155225753784,0.11915311217308044,,,,,,,,,,,
260,0.16804689168930054,0.16804689168930054,MoE-sBOED,0.048670291900634766,16640,3.8180298805236816,1.3837004899978638,0.0031937495805323124,0.2595774531364441,0.11920832842588425,,,,,,,,,,,
261,0.14765624701976776,0.14765624701976776,MoE-sBOED,0.04748225212097168,16704,3.818714141845703,1.3845348358154297,0.0027766581624746323,0.25793763995170593,0.11920247226953506,,,,,,,,,,,
262,0.14835938811302185,0.14835938811302185,MoE-sBOED,0.046747684478759766,16768,3.8070340156555176,1.3841936588287354,0.0024996870197355747,0.2610011696815491,0.11917770653963089,,,,,,,,,,,
263,0.15187500417232513,0.15187500417232513,MoE-sBOED,0.04735732078552246,16832,3.8111932277679443,1.3852109909057617,0.0022199535742402077,0.2554057240486145,0.11917979270219803,,,,,,,,,,,
264,0.15714843571186066,0.15714843571186066,MoE-sBOED,0.047608137130737305,16896,3.808523178100586,1.385279893875122,0.0024144125636667013,0.2533034384250641,0.11916687339544296,,,,,,,,,,,
265,0.15257813036441803,0.15257813036441803,MoE-sBOED,0.04721379280090332,16960,3.813779830932617,1.3852903842926025,0.002733194036409259,0.2525174021720886,0.11910705268383026,,,,,,,,,,,
266,0.16242188215255737,0.16242188215255737,MoE-sBOED,0.04733705520629883,17024,3.831857681274414,1.3859153985977173,0.002787564881145954,0.2514711916446686,0.11906919628381729,,,,,,,,,,,
267,0.15855468809604645,0.15855468809604645,MoE-sBOED,0.04681205749511719,17088,3.833282470703125,1.3855478763580322,0.0029208343476057053,0.25356537103652954,0.11909061670303345,,,,,,,,,,,
268,0.1494140625,0.1494140625,MoE-sBOED,0.047234535217285156,17152,3.83859920501709,1.385424017906189,0.002903399057686329,0.2552868723869324,0.11911424249410629,,,,,,,,,,,
269,0.15468749403953552,0.15468749403953552,MoE-sBOED,0.04952573776245117,17216,3.851375102996826,1.3857637643814087,0.00285860663279891,0.25627660751342773,0.11910679936408997,,,,,,,,,,,
270,0.15503905713558197,0.15503905713558197,MoE-sBOED,0.047278404235839844,17280,3.857027053833008,1.3857921361923218,0.0027785503771156073,0.2564099431037903,0.1191047728061676,,,,,,,,,,,
271,0.15257811546325684,0.15257811546325684,MoE-sBOED,0.046805381774902344,17344,3.8571486473083496,1.385321021080017,0.002577883657068014,0.2547941505908966,0.1191098541021347,,,,,,,,,,,
272,0.14378905296325684,0.14378905296325684,MoE-sBOED,0.046914100646972656,17408,3.86033296585083,1.3852291107177734,0.002302399603649974,0.2544930875301361,0.11911918967962265,,,,,,,,,,,
273,0.15363281965255737,0.15363281965255737,MoE-sBOED,0.047585487365722656,17472,3.8597545623779297,1.3844377994537354,0.001990310149267316,0.25519752502441406,0.11908084154129028,,,,,,,,,,,
274,0.15785156190395355,0.15785156190395355,MoE-sBOED,0.047432661056518555,17536,3.8769516944885254,1.3844317197799683,0.0017807036638259888,0.25600701570510864,0.118979811668396,,,,,,,,,,,
275,0.14378906786441803,0.14378906786441803,MoE-sBOED,0.048786163330078125,17600,3.884051561355591,1.3832166194915771,0.0020412392914295197,0.25588294863700867,0.11887418478727341,0.15134765625000002,0.15138671874999998,1,-0.0,0.0078125,0.1796875,0,0.0084375,1001.44826171875,0,diagnostic_only
276,0.15398438274860382,0.15398438274860382,MoE-sBOED,0.04670000076293945,17664,3.8946049213409424,1.3830561637878418,0.0026375073939561844,0.25671809911727905,0.1187596544623375,,,,,,,,,,,
277,0.1589062511920929,0.1589062511920929,MoE-sBOED,0.045078277587890625,17728,3.8954057693481445,1.382289171218872,0.003465305780991912,0.25626885890960693,0.11863265186548233,,,,,,,,,,,
278,0.1515234410762787,0.1515234410762787,MoE-sBOED,0.047164201736450195,17792,3.896399974822998,1.3828136920928955,0.003719870699569583,0.2568334639072418,0.11856801062822342,,,,,,,,,,,
279,0.15468750894069672,0.15468750894069672,MoE-sBOED,0.04673290252685547,17856,3.8885154724121094,1.3825839757919312,0.0034564565867185593,0.2565673291683197,0.11854022741317749,,,,,,,,,,,
280,0.15855470299720764,0.15855470299720764,MoE-sBOED,0.04849839210510254,17920,3.882814407348633,1.3828455209732056,0.003253098577260971,0.25740674138069153,0.11850378662347794,,,,,,,,,,,
281,0.15714845061302185,0.15714845061302185,MoE-sBOED,0.04787421226501465,17984,3.8729162216186523,1.3830137252807617,0.003732097800821066,0.2565762400627136,0.11848953366279602,,,,,,,,,,,
282,0.1648828089237213,0.1648828089237213,MoE-sBOED,0.046469926834106445,18048,3.868159770965576,1.3829996585845947,0.005091872066259384,0.25563353300094604,0.11849824339151382,,,,,,,,,,,
283,0.1508203148841858,0.1508203148841858,MoE-sBOED,0.0468904972076416,18112,3.8661303520202637,1.382927656173706,0.009649342857301235,0.25728943943977356,0.11847846210002899,,,,,,,,,,,
284,0.15468749403953552,0.15468749403953552,MoE-sBOED,0.04655790328979492,18176,3.8607864379882812,1.383111834526062,0.019963005557656288,0.25686609745025635,0.11845672875642776,,,,,,,,,,,
285,0.1574999988079071,0.1574999988079071,MoE-sBOED,0.04612112045288086,18240,3.838123321533203,1.3825197219848633,0.010777169838547707,0.25650349259376526,0.1184699684381485,,,,,,,,,,,
286,0.15855468809604645,0.15855468809604645,MoE-sBOED,0.047441959381103516,18304,3.814955472946167,1.3824069499969482,0.0037598037160933018,0.2596091628074646,0.11846541613340378,,,,,,,,,,,
287,0.15996095538139343,0.15996095538139343,MoE-sBOED,0.046579599380493164,18368,3.792098045349121,1.3830196857452393,0.0028323978185653687,0.2626100480556488,0.11843312531709671,,,,,,,,,,,
288,0.1473046988248825,0.1473046988248825,MoE-sBOED,0.04727602005004883,18432,3.7835700511932373,1.3833363056182861,0.0028220918029546738,0.26356592774391174,0.11839812994003296,,,,,,,,,,,
289,0.1603125035762787,0.1603125035762787,MoE-sBOED,0.04726409912109375,18496,3.7759904861450195,1.3830487728118896,0.0029036528430879116,0.2625724673271179,0.11833343654870987,,,,,,,,,,,
290,0.15363281965255737,0.15363281965255737,MoE-sBOED,0.04672861099243164,18560,3.7886388301849365,1.3837480545043945,0.0028878438752144575,0.2609016001224518,0.1182718276977539,,,,,,,,,,,
291,0.1574999988079071,0.1574999988079071,MoE-sBOED,0.04713797569274902,18624,3.793320417404175,1.3840930461883545,0.0031457003206014633,0.2539408504962921,0.1182410717010498,,,,,,,,,,,
292,0.1589062511920929,0.1589062511920929,MoE-sBOED,0.04711413383483887,18688,3.779975652694702,1.384232997894287,0.0034837527200579643,0.2565714716911316,0.11828619241714478,,,,,,,,,,,
293,0.158203125,0.158203125,MoE-sBOED,0.04629850387573242,18752,3.757472515106201,1.3834339380264282,0.004187489859759808,0.2584759593009949,0.1183931827545166,,,,,,,,,,,
294,0.1501171886920929,0.1501171886920929,MoE-sBOED,0.04699063301086426,18816,3.763462543487549,1.383213996887207,0.005090748891234398,0.2614416480064392,0.11847921460866928,,,,,,,,,,,
295,0.15644532442092896,0.15644532442092896,MoE-sBOED,0.047457218170166016,18880,3.7450637817382812,1.3827439546585083,0.006152063142508268,0.2585287094116211,0.11851930618286133,,,,,,,,,,,
296,0.1574999988079071,0.1574999988079071,MoE-sBOED,0.049008846282958984,18944,3.773601531982422,1.3824597597122192,0.007246899884194136,0.2587316632270813,0.11854030191898346,,,,,,,,,,,
297,0.15117187798023224,0.15117187798023224,MoE-sBOED,0.047696590423583984,19008,3.77911114692688,1.382439374923706,0.007722862064838409,0.25657591223716736,0.1185726746916771,,,,,,,,,,,
298,0.16417968273162842,0.16417968273162842,MoE-sBOED,0.046106576919555664,19072,3.7878921031951904,1.382219672203064,0.008248906582593918,0.2561916708946228,0.11860745400190353,,,,,,,,,,,
299,0.16101562976837158,0.16101562976837158,MoE-sBOED,0.046532630920410156,19136,3.786783456802368,1.3824355602264404,0.008286288008093834,0.2556244134902954,0.11865638941526413,,,,,,,,,,,
300,0.15222656726837158,0.15222656726837158,MoE-sBOED,0.04799985885620117,19200,3.7954723834991455,1.3824002742767334,0.007848436944186687,0.2569391429424286,0.11873700469732285,0.14273437500000002,0.040429687500000006,2,0.5047041940481001,0.015625,0.0,1,0.0,0.040429687500000006,0,diagnostic_only
301,0.1596093773841858,0.1596093773841858,MoE-sBOED,0.05536651611328125,19264,3.770395517349243,1.3810319900512695,0.0074286749586462975,0.2560352683067322,0.11878295242786407,,,,,,,,,,,
302,0.15855468809604645,0.15855468809604645,MoE-sBOED,0.04820609092712402,19328,3.7790887355804443,1.3807145357131958,0.007143912836909294,0.25675204396247864,0.11877458542585373,,,,,,,,,,,
303,0.1487109363079071,0.1487109363079071,MoE-sBOED,0.04847550392150879,19392,3.8058488368988037,1.3813650608062744,0.0070334626361727715,0.2557777166366577,0.11871287971735,,,,,,,,,,,
304,0.15046875178813934,0.15046875178813934,MoE-sBOED,0.04990196228027344,19456,3.8149778842926025,1.3811452388763428,0.0067879511043429375,0.25630638003349304,0.1186203584074974,,,,,,,,,,,
305,0.15257811546325684,0.15257811546325684,MoE-sBOED,0.04723501205444336,19520,3.796754837036133,1.3789758682250977,0.007072185631841421,0.26246681809425354,0.1185004785656929,,,,,,,,,,,
306,0.15222656726837158,0.15222656726837158,MoE-sBOED,0.046283721923828125,19584,3.7955260276794434,1.3766111135482788,0.0067163072526454926,0.26735275983810425,0.11840487271547318,,,,,,,,,,,
307,0.15925781428813934,0.15925781428813934,MoE-sBOED,0.0484623908996582,19648,3.793825626373291,1.3759829998016357,0.006341386586427689,0.2694637179374695,0.11835707724094391,,,,,,,,,,,
308,0.1553906351327896,0.1553906351327896,MoE-sBOED,0.047666311264038086,19712,3.8057456016540527,1.374719262123108,0.00551905483007431,0.2690637409687042,0.11830869317054749,,,,,,,,,,,
309,0.1648828089237213,0.1648828089237213,MoE-sBOED,0.04729485511779785,19776,3.7999963760375977,1.3744287490844727,0.005768868140876293,0.26660090684890747,0.11825704574584961,,,,,,,,,,,
310,0.15222656726837158,0.15222656726837158,MoE-sBOED,0.04796123504638672,19840,3.8361098766326904,1.3764240741729736,0.005625714547932148,0.2669554650783539,0.11821760982275009,,,,,,,,,,,
311,0.1603125035762787,0.1603125035762787,MoE-sBOED,0.04753279685974121,19904,3.8501288890838623,1.3782790899276733,0.0049360631965100765,0.26489609479904175,0.11818717420101166,,,,,,,,,,,
312,0.15117189288139343,0.15117189288139343,MoE-sBOED,0.046437978744506836,19968,3.8617498874664307,1.3800169229507446,0.0035742491018027067,0.2642006278038025,0.11814818531274796,,,,,,,,,,,
313,0.16136719286441803,0.16136719286441803,MoE-sBOED,0.04734611511230469,20032,3.8537514209747314,1.3804545402526855,0.002562594134360552,0.2622065842151642,0.11813428997993469,,,,,,,,,,,
314,0.15398438274860382,0.15398438274860382,MoE-sBOED,0.04799628257751465,20096,3.8602800369262695,1.3811688423156738,0.0019214956555515528,0.26026129722595215,0.11813198775053024,,,,,,,,,,,
315,0.1691015511751175,0.1691015511751175,MoE-sBOED,0.04645109176635742,20160,3.869525909423828,1.3824480772018433,0.001630196115002036,0.2588379979133606,0.11813798546791077,,,,,,,,,,,
316,0.15328125655651093,0.15328125655651093,MoE-sBOED,0.0469660758972168,20224,3.8682117462158203,1.382288932800293,0.0018654896412044764,0.256186842918396,0.11815886199474335,,,,,,,,,,,
317,0.15222656726837158,0.15222656726837158,MoE-sBOED,0.0472109317779541,20288,3.8673152923583984,1.3810330629348755,0.001653079641982913,0.2613399624824524,0.11815926432609558,,,,,,,,,,,
318,0.1648828089237213,0.1648828089237213,MoE-sBOED,0.04669809341430664,20352,3.8405520915985107,1.3769793510437012,0.0015915136318653822,0.2707290053367615,0.11819929629564285,,,,,,,,,,,
319,0.1480078250169754,0.1480078250169754,MoE-sBOED,0.04781603813171387,20416,3.833430767059326,1.3752219676971436,0.0018113292753696442,0.2719937264919281,0.11825523525476456,,,,,,,,,,,
320,0.1494140625,0.1494140625,MoE-sBOED,0.04746842384338379,20480,3.8300633430480957,1.3746141195297241,0.0019374567782506347,0.2719009816646576,0.11826611310243607,,,,,,,,,,,
321,0.14484375715255737,0.14484375715255737,MoE-sBOED,0.04647326469421387,20544,3.7978780269622803,1.3722972869873047,0.001963062910363078,0.2726157009601593,0.11828674376010895,,,,,,,,,,,
322,0.14835937321186066,0.14835937321186066,MoE-sBOED,0.047051191329956055,20608,3.8464221954345703,1.377794623374939,0.0016782175516709685,0.26131290197372437,0.11830908060073853,,,,,,,,,,,
323,0.1560937464237213,0.1560937464237213,MoE-sBOED,0.04713177680969238,20672,3.83636212348938,1.3777272701263428,0.0016340574948117137,0.2606644332408905,0.11830713599920273,,,,,,,,,,,
324,0.16171875596046448,0.16171875596046448,MoE-sBOED,0.04857969284057617,20736,3.830298900604248,1.3772341012954712,0.0018299620132893324,0.2623613178730011,0.1183459609746933,,,,,,,,,,,
325,0.15503907203674316,0.15503907203674316,MoE-sBOED,0.047348737716674805,20800,3.7605984210968018,1.3692857027053833,0.002040738007053733,0.27918189764022827,0.11842404305934906,0.14484375,0.11207031249999999,3,0.7751746934254634,0.0234375,0.1328125,0,0.005625,1000.9401953125,0,diagnostic_only
326,0.14484374225139618,0.14484374225139618,MoE-sBOED,0.04475140571594238,20864,3.7697200775146484,1.3718358278274536,0.0021505989134311676,0.27495402097702026,0.11842817813158035,,,,,,,,,,,
327,0.15644530951976776,0.15644530951976776,MoE-sBOED,0.04559922218322754,20928,3.728764295578003,1.3730580806732178,0.0019082555081695318,0.27229753136634827,0.11838489770889282,,,,,,,,,,,
328,0.15925781428813934,0.15925781428813934,MoE-sBOED,0.04821515083312988,20992,3.6827268600463867,1.3744778633117676,0.0017534878570586443,0.2688645124435425,0.11829007416963577,,,,,,,,,,,
329,0.15222656726837158,0.15222656726837158,MoE-sBOED,0.047771453857421875,21056,3.7517201900482178,1.3795289993286133,0.0016221220139414072,0.2553761899471283,0.11814820766448975,,,,,,,,,,,
330,0.1494140625,0.1494140625,MoE-sBOED,0.04782295227050781,21120,3.7764787673950195,1.3810734748840332,0.0016085300594568253,0.2588639259338379,0.11803091317415237,,,,,,,,,,,
331,0.15187498927116394,0.15187498927116394,MoE-sBOED,0.06161093711853027,21184,3.8222708702087402,1.3818256855010986,0.0022594043985009193,0.2644851803779602,0.1179506927728653,,,,,,,,,,,
332,0.1567968726158142,0.1567968726158142,MoE-sBOED,0.046178579330444336,21248,3.8278677463531494,1.382145881652832,0.002085636369884014,0.2658396363258362,0.11795910447835922,,,,,,,,,,,
333,0.15257813036441803,0.15257813036441803,MoE-sBOED,0.046486616134643555,21312,3.850672721862793,1.3828010559082031,0.002489648759365082,0.2657206058502197,0.11796839535236359,,,,,,,,,,,
334,0.15187500417232513,0.15187500417232513,MoE-sBOED,0.04760003089904785,21376,3.8365650177001953,1.383199691772461,0.0026856479234993458,0.2629353106021881,0.11798123270273209,,,,,,,,,,,
335,0.14660155773162842,0.14660155773162842,MoE-sBOED,0.04779934883117676,21440,3.8549623489379883,1.3838021755218506,0.002593632787466049,0.2606157660484314,0.11804590374231339,,,,,,,,,,,
336,0.1567968726158142,0.1567968726158142,MoE-sBOED,0.0480656623840332,21504,3.845285415649414,1.3833839893341064,0.002349603921175003,0.25947514176368713,0.11811278015375137,,,,,,,,,,,
337,0.15644532442092896,0.15644532442092896,MoE-sBOED,0.04673457145690918,21568,3.8589837551116943,1.383501648902893,0.002007378963753581,0.25856658816337585,0.11813370138406754,,,,,,,,,,,
338,0.1662890613079071,0.1662890613079071,MoE-sBOED,0.0467989444732666,21632,3.8346848487854004,1.3827908039093018,0.002748325001448393,0.256744384765625,0.11811164021492004,,,,,,,,,,,
339,0.15363281965255737,0.15363281965255737,MoE-sBOED,0.047994136810302734,21696,3.8831231594085693,1.3836112022399902,0.004272084217518568,0.26047414541244507,0.1180456355214119,,,,,,,,,,,
340,0.15292969346046448,0.15292969346046448,MoE-sBOED,0.047345876693725586,21760,3.8775739669799805,1.3832275867462158,0.0066600642167031765,0.2595427930355072,0.11799527704715729,,,,,,,,,,,
341,0.1508203148841858,0.1508203148841858,MoE-sBOED,0.04717206954956055,21824,3.922576904296875,1.3841297626495361,0.008818648755550385,0.26236674189567566,0.11797479540109634,,,,,,,,,,,
342,0.1655859351158142,0.1655859351158142,MoE-sBOED,0.04708552360534668,21888,3.94688081741333,1.384617567062378,0.009730572812259197,0.2635558545589447,0.11797332018613815,,,,,,,,,,,
343,0.1560937464237213,0.1560937464237213,MoE-sBOED,0.045583248138427734,21952,3.931884288787842,1.3843066692352295,0.010331418365240097,0.2599632143974304,0.1179775521159172,,,,,,,,,,,
344,0.15468749403953552,0.15468749403953552,MoE-sBOED,0.046916961669921875,22016,3.926107406616211,1.384338617324829,0.012172213755548,0.2579669952392578,0.11799024790525436,,,,,,,,,,,
345,0.14554688334465027,0.14554688334465027,MoE-sBOED,0.046692609786987305,22080,3.940786838531494,1.3846795558929443,0.012226928025484085,0.25772327184677124,0.11799858510494232,,,,,,,,,,,
346,0.15714845061302185,0.15714845061302185,MoE-sBOED,0.04699087142944336,22144,3.931654930114746,1.3847475051879883,0.010853256098926067,0.25618311762809753,0.11801457405090332,,,,,,,,,,,
347,0.1589062511920929,0.1589062511920929,MoE-sBOED,0.0635993480682373,22208,3.923356533050537,1.3847148418426514,0.009024164639413357,0.25711846351623535,0.11803896725177765,,,,,,,,,,,
348,0.16312500834465027,0.16312500834465027,MoE-sBOED,0.055298566818237305,22272,3.9182379245758057,1.384614109992981,0.008349809795618057,0.25776851177215576,0.11807288229465485,,,,,,,,,,,
349,0.15117187798023224,0.15117187798023224,MoE-sBOED,0.047559499740600586,22336,3.8911523818969727,1.3840748071670532,0.008146250620484352,0.25853297114372253,0.11812007427215576,,,,,,,,,,,
350,0.15785156190395355,0.15785156190395355,MoE-sBOED,0.04672813415527344,22400,3.903564929962158,1.3843324184417725,0.007310244254767895,0.2592112421989441,0.11817401647567749,0.14466796875000004,0.04236328125,5,1.3315424694540021,0.0390625,0.0,1,0.0,0.04236328125,0,diagnostic_only
351,0.16417968273162842,0.16417968273162842,MoE-sBOED,0.04502248764038086,22464,3.855257749557495,1.3837552070617676,0.0060475352220237255,0.261110782623291,0.1182653158903122,,,,,,,,,,,
352,0.15644530951976776,0.15644530951976776,MoE-sBOED,0.046730756759643555,22528,3.8813319206237793,1.3845504522323608,0.005103570409119129,0.2618623971939087,0.11840206384658813,,,,,,,,,,,
353,0.16101562976837158,0.16101562976837158,MoE-sBOED,0.04653739929199219,22592,3.8397271633148193,1.384080171585083,0.004588669165968895,0.2650439739227295,0.11850207298994064,,,,,,,,,,,
354,0.15539062023162842,0.15539062023162842,MoE-sBOED,0.046454429626464844,22656,3.8542861938476562,1.3844213485717773,0.004440183751285076,0.2668319046497345,0.1185581311583519,,,,,,,,,,,
355,0.15468749403953552,0.15468749403953552,MoE-sBOED,0.04694867134094238,22720,3.863508701324463,1.3846690654754639,0.0042993370443582535,0.2667745053768158,0.11859378218650818,,,,,,,,,,,
356,0.15187500417232513,0.15187500417232513,MoE-sBOED,0.04811882972717285,22784,3.8841230869293213,1.3852031230926514,0.004304875619709492,0.26441478729248047,0.11862790584564209,,,,,,,,,,,
357,0.16101562976837158,0.16101562976837158,MoE-sBOED,0.047785043716430664,22848,3.886920213699341,1.38543701171875,0.0038595455698668957,0.26276636123657227,0.11863767355680466,,,,,,,,,,,
358,0.1553906351327896,0.1553906351327896,MoE-sBOED,0.04741215705871582,22912,3.8871374130249023,1.3856091499328613,0.003379139816388488,0.25946617126464844,0.11860816180706024,,,,,,,,,,,
359,0.1589062511920929,0.1589062511920929,MoE-sBOED,0.06084561347961426,22976,3.883748769760132,1.3856219053268433,0.0025635678321123123,0.2559574544429779,0.11853719502687454,,,,,,,,,,,
360,0.14449219405651093,0.14449219405651093,MoE-sBOED,0.04828667640686035,23040,3.8898792266845703,1.3854320049285889,0.0019979667849838734,0.25313612818717957,0.11844813823699951,,,,,,,,,,,
361,0.15328125655651093,0.15328125655651093,MoE-sBOED,0.04704475402832031,23104,3.903210163116455,1.3853988647460938,0.0016398353036493063,0.2546708881855011,0.11838914453983307,,,,,,,,,,,
362,0.16347655653953552,0.16347655653953552,MoE-sBOED,0.04652595520019531,23168,3.879021644592285,1.385121464729309,0.0015201609348878264,0.25330567359924316,0.11835643649101257,,,,,,,,,,,
363,0.1515234410762787,0.1515234410762787,MoE-sBOED,0.04628348350524902,23232,3.8694849014282227,1.3849132061004639,0.0014811800792813301,0.25428348779678345,0.11832991242408752,,,,,,,,,,,
364,0.15257813036441803,0.15257813036441803,MoE-sBOED,0.04721188545227051,23296,3.868953227996826,1.3848116397857666,0.0013462507631629705,0.25455033779144287,0.11829391866922379,,,,,,,,,,,
365,0.1596093773841858,0.1596093773841858,MoE-sBOED,0.047804832458496094,23360,3.871506452560425,1.3847143650054932,0.0015737449284642935,0.25392237305641174,0.11824843287467957,,,,,,,,,,,
366,0.14484375715255737,0.14484375715255737,MoE-sBOED,0.04741787910461426,23424,3.8667118549346924,1.3846099376678467,0.0021423751022666693,0.25464046001434326,0.11824064701795578,,,,,,,,,,,
367,0.15855468809604645,0.15855468809604645,MoE-sBOED,0.04679274559020996,23488,3.866014242172241,1.3846594095230103,0.0024944874458014965,0.25530093908309937,0.11820092052221298,,,,,,,,,,,
368,0.16101562976837158,0.16101562976837158,MoE-sBOED,0.04616284370422363,23552,3.894667863845825,1.3849234580993652,0.0025429874658584595,0.255797803401947,0.11817391961812973,,,,,,,,,,,
369,0.1596093773841858,0.1596093773841858,MoE-sBOED,0.048058271408081055,23616,3.882474899291992,1.3848650455474854,0.002640996128320694,0.25619497895240784,0.11812831461429596,,,,,,,,,,,
370,0.15468749403953552,0.15468749403953552,MoE-sBOED,0.04760932922363281,23680,3.8909168243408203,1.3851783275604248,0.002610915107652545,0.2546253502368927,0.11805448681116104,,,,,,,,,,,
371,0.15187500417232513,0.15187500417232513,MoE-sBOED,0.04655933380126953,23744,3.885192394256592,1.3851155042648315,0.0027119542937725782,0.2551651895046234,0.11799033731222153,,,,,,,,,,,
372,0.14484375715255737,0.14484375715255737,MoE-sBOED,0.047395944595336914,23808,3.8837227821350098,1.3850576877593994,0.00290994206443429,0.2548130750656128,0.11795493960380554,,,,,,,,,,,
373,0.15363281965255737,0.15363281965255737,MoE-sBOED,0.04850363731384277,23872,3.882107734680176,1.3850786685943604,0.0028508217073976994,0.25423070788383484,0.11792953312397003,,,,,,,,,,,
374,0.16453126072883606,0.16453126072883606,MoE-sBOED,0.0468137264251709,23936,3.8841207027435303,1.3850648403167725,0.003131714416667819,0.25448018312454224,0.11790880560874939,,,,,,,,,,,
375,0.16101562976837158,0.16101562976837158,MoE-sBOED,0.04584550857543945,24000,3.8808999061584473,1.3849290609359741,0.0036170489620417356,0.2540791928768158,0.11793335527181625,0.14414062500000002,0.0418359375,4,1.22101829200103,0.03125,0.0,1,0.0,0.0418359375,0,diagnostic_only
376,0.15257813036441803,0.15257813036441803,MoE-sBOED,0.04567527770996094,24064,3.8924319744110107,1.3849554061889648,0.004266873933374882,0.2533930242061615,0.11797243356704712,,,,,,,,,,,
377,0.15046875178813934,0.15046875178813934,MoE-sBOED,0.04692673683166504,24128,3.886590003967285,1.384322166442871,0.004512405022978783,0.2548082172870636,0.1180201917886734,,,,,,,,,,,
378,0.16136719286441803,0.16136719286441803,MoE-sBOED,0.046083927154541016,24192,3.8902876377105713,1.3838000297546387,0.0040338607504963875,0.255795955657959,0.11808862537145615,,,,,,,,,,,
379,0.1494140625,0.1494140625,MoE-sBOED,0.0492095947265625,24256,3.8909192085266113,1.3828834295272827,0.0035721510648727417,0.25589245557785034,0.11821358650922775,,,,,,,,,,,
380,0.15363281965255737,0.15363281965255737,MoE-sBOED,0.04805469512939453,24320,3.8673810958862305,1.3796250820159912,0.0033445507287979126,0.265352338552475,0.11835426837205887,,,,,,,,,,,
381,0.1427343785762787,0.1427343785762787,MoE-sBOED,0.052776336669921875,24384,3.861192464828491,1.3771557807922363,0.0032276303973048925,0.26743951439857483,0.11849532276391983,,,,,,,,,,,
382,0.15996095538139343,0.15996095538139343,MoE-sBOED,0.054648399353027344,24448,3.8602120876312256,1.3752193450927734,0.003045233665034175,0.26691770553588867,0.1186317652463913,,,,,,,,,,,
383,0.15222656726837158,0.15222656726837158,MoE-sBOED,0.04988455772399902,24512,3.8334991931915283,1.3652877807617188,0.0026780255138874054,0.2787356674671173,0.1187213584780693,,,,,,,,,,,
384,0.15398438274860382,0.15398438274860382,MoE-sBOED,0.04710078239440918,24576,3.8795809745788574,1.3765435218811035,0.0021146328654140234,0.25975507497787476,0.11874442547559738,,,,,,,,,,,
385,0.1575000137090683,0.1575000137090683,MoE-sBOED,0.04627370834350586,24640,3.8643155097961426,1.3701930046081543,0.0019525437382981181,0.265438050031662,0.11877670884132385,,,,,,,,,,,
386,0.1603125035762787,0.1603125035762787,MoE-sBOED,0.04669451713562012,24704,3.84415602684021,1.3586821556091309,0.002454354427754879,0.2735978960990906,0.11890380084514618,,,,,,,,,,,
387,0.1560937464237213,0.1560937464237213,MoE-sBOED,0.04765820503234863,24768,3.851123809814453,1.3587148189544678,0.0029157050885260105,0.2689880430698395,0.11910482496023178,,,,,,,,,,,
388,0.14835938811302185,0.14835938811302185,MoE-sBOED,0.04731130599975586,24832,3.8615920543670654,1.3609496355056763,0.00325678288936615,0.2625579833984375,0.11930112540721893,,,,,,,,,,,
389,0.1560937464237213,0.1560937464237213,MoE-sBOED,0.0474085807800293,24896,3.8132593631744385,1.3274229764938354,0.003911060281097889,0.2890073359012604,0.11951182782649994,,,,,,,,,,,
390,0.158203125,0.158203125,MoE-sBOED,0.0462644100189209,24960,3.8011651039123535,1.317612648010254,0.004352361895143986,0.29049766063690186,0.11984118819236755,,,,,,,,,,,
391,0.15539062023162842,0.15539062023162842,MoE-sBOED,0.04736804962158203,25024,3.8061201572418213,1.3205552101135254,0.004946751520037651,0.28380876779556274,0.12015637755393982,,,,,,,,,,,
392,0.14238283038139343,0.14238283038139343,MoE-sBOED,0.04675865173339844,25088,3.7316246032714844,1.2735538482666016,0.004837090149521828,0.3067083954811096,0.12032408267259598,,,,,,,,,,,
393,0.16382813453674316,0.16382813453674316,MoE-sBOED,0.04614996910095215,25152,3.7495856285095215,1.2886874675750732,0.004733118694275618,0.28326088190078735,0.12046632170677185,,,,,,,,,,,
394,0.16171875596046448,0.16171875596046448,MoE-sBOED,0.046349525451660156,25216,3.7773094177246094,1.305985927581787,0.004534892272204161,0.2750907838344574,0.12058141827583313,,,,,,,,,,,
395,0.16101562976837158,0.16101562976837158,MoE-sBOED,0.04692482948303223,25280,3.7193360328674316,1.2820780277252197,0.004450134467333555,0.2809651494026184,0.12035436928272247,,,,,,,,,,,
396,0.1473046839237213,0.1473046839237213,MoE-sBOED,0.0471653938293457,25344,3.783501148223877,1.3070886135101318,0.003688243916258216,0.26909440755844116,0.12004262953996658,,,,,,,,,,,
397,0.16171875596046448,0.16171875596046448,MoE-sBOED,0.04693341255187988,25408,3.8072328567504883,1.3105759620666504,0.0032104605343192816,0.27118152379989624,0.11997731029987335,,,,,,,,,,,
398,0.1480078250169754,0.1480078250169754,MoE-sBOED,0.04618120193481445,25472,3.791433811187744,1.2960143089294434,0.0028739473782479763,0.264923632144928,0.11991822719573975,,,,,,,,,,,
399,0.1413281261920929,0.1413281261920929,MoE-sBOED,0.04868960380554199,25536,3.811054229736328,1.3104896545410156,0.0028073848225176334,0.26428526639938354,0.11976063996553421,,,,,,,,,,,
400,0.1596093773841858,0.1596093773841858,MoE-sBOED,0.04897594451904297,25600,3.7861766815185547,1.3095382452011108,0.0029357317835092545,0.2605690360069275,0.11952958256006241,0.1546875,0.13421875,1,-0.0,0.0078125,0.1328125,0,0.006855468750000001,1000.96234375,0,diagnostic_only
401,0.15714845061302185,0.15714845061302185,MoE-sBOED,0.0462954044342041,25664,3.8100152015686035,1.3320612907409668,0.002978203585371375,0.256204217672348,0.11937767267227173,,,,,,,,,,,
402,0.15785157680511475,0.15785157680511475,MoE-sBOED,0.0472111701965332,25728,3.835430145263672,1.3484078645706177,0.0027686171233654022,0.26185521483421326,0.11926661431789398,,,,,,,,,,,
403,0.16101562976837158,0.16101562976837158,MoE-sBOED,0.04773998260498047,25792,3.84159779548645,1.3584604263305664,0.0028923950158059597,0.2692152261734009,0.11915037781000137,,,,,,,,,,,
404,0.15574219822883606,0.15574219822883606,MoE-sBOED,0.04693150520324707,25856,3.848886013031006,1.3630023002624512,0.0027714220341295004,0.27140286564826965,0.11908261477947235,,,,,,,,,,,
405,0.14554688334465027,0.14554688334465027,MoE-sBOED,0.04757857322692871,25920,3.8218331336975098,1.3617057800292969,0.002676755888387561,0.27153512835502625,0.11909321695566177,,,,,,,,,,,
406,0.1560937613248825,0.1560937613248825,MoE-sBOED,0.04705667495727539,25984,3.8095006942749023,1.3646018505096436,0.002659162040799856,0.2732064723968506,0.11913314461708069,,,,,,,,,,,
407,0.14695313572883606,0.14695313572883606,MoE-sBOED,0.046846866607666016,26048,3.7775449752807617,1.3627617359161377,0.002472669817507267,0.2749505937099457,0.11919010430574417,,,,,,,,,,,
408,0.1508203148841858,0.1508203148841858,MoE-sBOED,0.04717206954956055,26112,3.7889630794525146,1.3671128749847412,0.0018782876431941986,0.26969462633132935,0.11924110352993011,,,,,,,,,,,
409,0.15292969346046448,0.15292969346046448,MoE-sBOED,0.04693746566772461,26176,3.7812962532043457,1.366764783859253,0.0015950551023706794,0.2651525139808655,0.11925814300775528,,,,,,,,,,,
410,0.1655859351158142,0.1655859351158142,MoE-sBOED,0.04894518852233887,26240,3.8202872276306152,1.3723918199539185,0.0013982874806970358,0.2582833468914032,0.11918886750936508,,,,,,,,,,,
411,0.15222656726837158,0.15222656726837158,MoE-sBOED,0.04750633239746094,26304,3.8342080116271973,1.37486732006073,0.0014313175342977047,0.2646464705467224,0.11910232156515121,,,,,,,,,,,
412,0.15292969346046448,0.15292969346046448,MoE-sBOED,0.04709744453430176,26368,3.8277132511138916,1.3730404376983643,0.001629565143957734,0.2643205523490906,0.11905111372470856,,,,,,,,,,,
413,0.14484375715255737,0.14484375715255737,MoE-sBOED,0.047957420349121094,26432,3.8486692905426025,1.3753345012664795,0.0016465223161503673,0.26767265796661377,0.11899866163730621,,,,,,,,,,,
414,0.15046876668930054,0.15046876668930054,MoE-sBOED,0.046844482421875,26496,3.865147590637207,1.3774439096450806,0.0017389832064509392,0.26740750670433044,0.11893028765916824,,,,,,,,,,,
415,0.1487109363079071,0.1487109363079071,MoE-sBOED,0.04668283462524414,26560,3.8535778522491455,1.3764759302139282,0.00168413738720119,0.2636185884475708,0.1188601553440094,,,,,,,,,,,
416,0.1560937613248825,0.1560937613248825,MoE-sBOED,0.04616546630859375,26624,3.868835926055908,1.3784472942352295,0.0016314235981553793,0.2602338492870331,0.11878328770399094,,,,,,,,,,,
417,0.15328124165534973,0.15328124165534973,MoE-sBOED,0.046390533447265625,26688,3.8499717712402344,1.378014326095581,0.0017103394493460655,0.2547575831413269,0.11872563511133194,,,,,,,,,,,
418,0.14976561069488525,0.14976561069488525,MoE-sBOED,0.04615926742553711,26752,3.876713275909424,1.3804211616516113,0.0013910009292885661,0.25367599725723267,0.11868741363286972,,,,,,,,,,,
419,0.15292969346046448,0.15292969346046448,MoE-sBOED,0.0464935302734375,26816,3.8548636436462402,1.3785194158554077,0.0013432367704808712,0.2516975998878479,0.11866763979196548,,,,,,,,,,,
420,0.1494140625,0.1494140625,MoE-sBOED,0.04851675033569336,26880,3.863166093826294,1.379082202911377,0.001152987708337605,0.25419938564300537,0.11868157982826233,,,,,,,,,,,
421,0.1420312523841858,0.1420312523841858,MoE-sBOED,0.04742789268493652,26944,3.8485214710235596,1.3775382041931152,0.0012723961845040321,0.2582271099090576,0.11869751662015915,,,,,,,,,,,
422,0.14765626192092896,0.14765626192092896,MoE-sBOED,0.047101736068725586,27008,3.827706813812256,1.374823808670044,0.0014859656803309917,0.26406046748161316,0.11869367212057114,,,,,,,,,,,
423,0.1676953136920929,0.1676953136920929,MoE-sBOED,0.04819750785827637,27072,3.845202922821045,1.37924063205719,0.001340133952908218,0.25475430488586426,0.11864408850669861,,,,,,,,,,,
424,0.15046875178813934,0.15046875178813934,MoE-sBOED,0.04828214645385742,27136,3.8608365058898926,1.380497932434082,0.0014413207536563277,0.2621418833732605,0.11859329044818878,,,,,,,,,,,
425,0.15468749403953552,0.15468749403953552,MoE-sBOED,0.04771137237548828,27200,3.8762588500976562,1.3814948797225952,0.001911426312290132,0.2710285782814026,0.11855915188789368,0.14361328125,0.051464843749999996,6,1.0376713176895698,0.046875,0.03125,1,0.0007031250000000002,0.051464843749999996,0,diagnostic_only
426,0.158203125,0.158203125,MoE-sBOED,0.044564247131347656,27264,3.8805413246154785,1.3810017108917236,0.0026452827733010054,0.27571120858192444,0.1185312494635582,,,,,,,,,,,
427,0.1560937613248825,0.1560937613248825,MoE-sBOED,0.044858455657958984,27328,3.8879451751708984,1.381266713142395,0.0031071749981492758,0.2780664265155792,0.11851075291633606,,,,,,,,,,,
428,0.15855468809604645,0.15855468809604645,MoE-sBOED,0.04614591598510742,27392,3.8792612552642822,1.3812366724014282,0.0037162690423429012,0.27571743726730347,0.11851552128791809,,,,,,,,,,,
429,0.1466015726327896,0.1466015726327896,MoE-sBOED,0.046411752700805664,27456,3.893172264099121,1.382299542427063,0.004197419621050358,0.2752991020679474,0.11852601915597916,,,,,,,,,,,
430,0.15574219822883606,0.15574219822883606,MoE-sBOED,0.04707765579223633,27520,3.8785510063171387,1.3812222480773926,0.0046129385009408,0.2684866189956665,0.11852899193763733,,,,,,,,,,,
431,0.16066406667232513,0.16066406667232513,MoE-sBOED,0.04702425003051758,27584,3.8869717121124268,1.3826663494110107,0.004817387089133263,0.26855677366256714,0.11854437738656998,,,,,,,,,,,
432,0.15292969346046448,0.15292969346046448,MoE-sBOED,0.047167062759399414,27648,3.887723445892334,1.3828024864196777,0.005178430583328009,0.2676814794540405,0.11857134848833084,,,,,,,,,,,
433,0.14097656309604645,0.14097656309604645,MoE-sBOED,0.04795694351196289,27712,3.8939552307128906,1.384001612663269,0.006034739315509796,0.26654642820358276,0.11859505623579025,,,,,,,,,,,
434,0.1567968726158142,0.1567968726158142,MoE-sBOED,0.04730701446533203,27776,3.8982343673706055,1.384090542793274,0.0059683239087462425,0.2664490342140198,0.11860606074333191,,,,,,,,,,,
435,0.15714845061302185,0.15714845061302185,MoE-sBOED,0.04685616493225098,27840,3.8907265663146973,1.3844060897827148,0.006354195531457663,0.26305460929870605,0.11861279606819153,,,,,,,,,,,
436,0.16171875596046448,0.16171875596046448,MoE-sBOED,0.04689598083496094,27904,3.886704921722412,1.3845876455307007,0.006132302340120077,0.2611127495765686,0.11862833052873611,,,,,,,,,,,
437,0.16242188215255737,0.16242188215255737,MoE-sBOED,0.04672408103942871,27968,3.887603759765625,1.3849828243255615,0.005908473860472441,0.2597966492176056,0.11865139752626419,,,,,,,,,,,
438,0.15855468809604645,0.15855468809604645,MoE-sBOED,0.04695415496826172,28032,3.882328510284424,1.3856688737869263,0.006559966132044792,0.2564699649810791,0.11866626888513565,,,,,,,,,,,
439,0.16136719286441803,0.16136719286441803,MoE-sBOED,0.04665994644165039,28096,3.8746230602264404,1.38522207736969,0.007221320178359747,0.258256733417511,0.11869727820158005,,,,,,,,,,,
440,0.15785157680511475,0.15785157680511475,MoE-sBOED,0.046953439712524414,28160,3.8642377853393555,1.384671688079834,0.0070604560896754265,0.2615933418273926,0.11874330043792725,,,,,,,,,,,
441,0.15644532442092896,0.15644532442092896,MoE-sBOED,0.04776763916015625,28224,3.854513168334961,1.384652853012085,0.007087190635502338,0.266117662191391,0.11880795657634735,,,,,,,,,,,
442,0.1427343785762787,0.1427343785762787,MoE-sBOED,0.049112796783447266,28288,3.8340141773223877,1.3833022117614746,0.006887196563184261,0.2677869498729706,0.11888088285923004,,,,,,,,,,,
443,0.15996094048023224,0.15996094048023224,MoE-sBOED,0.04780745506286621,28352,3.8267035484313965,1.383462905883789,0.007104191929101944,0.26631346344947815,0.1189233660697937,,,,,,,,,,,
444,0.15996094048023224,0.15996094048023224,MoE-sBOED,0.04964804649353027,28416,3.8259828090667725,1.382973313331604,0.007645075675100088,0.2620840072631836,0.11896126717329025,,,,,,,,,,,
445,0.15363280475139618,0.15363280475139618,MoE-sBOED,0.04823637008666992,28480,3.8244071006774902,1.3838427066802979,0.008112587034702301,0.2581879496574402,0.11897573620080948,,,,,,,,,,,
446,0.1589062511920929,0.1589062511920929,MoE-sBOED,0.04731011390686035,28544,3.820923089981079,1.3828802108764648,0.008454404771327972,0.26018527150154114,0.11892057955265045,,,,,,,,,,,
447,0.1494140625,0.1494140625,MoE-sBOED,0.0482325553894043,28608,3.8243730068206787,1.3807344436645508,0.008316281251609325,0.26728615164756775,0.11885684728622437,,,,,,,,,,,
448,0.15539062023162842,0.15539062023162842,MoE-sBOED,0.04852652549743652,28672,3.849247932434082,1.381331443786621,0.007705613970756531,0.27213233709335327,0.11880723387002945,,,,,,,,,,,
449,0.15468750894069672,0.15468750894069672,MoE-sBOED,0.04747748374938965,28736,3.847745180130005,1.377258539199829,0.007004366721957922,0.2746186852455139,0.11879230290651321,,,,,,,,,,,
450,0.15644532442092896,0.15644532442092896,MoE-sBOED,0.0460970401763916,28800,3.8555080890655518,1.3766485452651978,0.006633255165070295,0.2719504237174988,0.1188356950879097,0.15416015625,0.13896484375,3,0.12604970513908959,0.0234375,0.1328125,0,0.0073828125000000005,1000.96708984375,0,diagnostic_only
451,0.16101562976837158,0.16101562976837158,MoE-sBOED,0.04454326629638672,28864,3.866248607635498,1.3786945343017578,0.006318461149930954,0.26813244819641113,0.11887073516845703,,,,,,,,,,,
452,0.14554688334465027,0.14554688334465027,MoE-sBOED,0.04520249366760254,28928,3.869011402130127,1.3781050443649292,0.0061416528187692165,0.26663488149642944,0.11887551844120026,,,,,,,,,,,
453,0.1669921875,0.1669921875,MoE-sBOED,0.04671120643615723,28992,3.8561363220214844,1.3741559982299805,0.006059629842638969,0.268588662147522,0.1188567653298378,,,,,,,,,,,
454,0.15187500417232513,0.15187500417232513,MoE-sBOED,0.04767894744873047,29056,3.8575072288513184,1.376298189163208,0.006073604803532362,0.27073439955711365,0.11885518580675125,,,,,,,,,,,
455,0.1655859351158142,0.1655859351158142,MoE-sBOED,0.04735541343688965,29120,3.8651866912841797,1.3792672157287598,0.005620574112981558,0.26587677001953125,0.11885999888181686,,,,,,,,,,,
456,0.1648828089237213,0.1648828089237213,MoE-sBOED,0.0469365119934082,29184,3.8615775108337402,1.3793761730194092,0.004657142795622349,0.2602084279060364,0.1188458502292633,,,,,,,,,,,
457,0.1501171886920929,0.1501171886920929,MoE-sBOED,0.047014474868774414,29248,3.8524832725524902,1.3770196437835693,0.00438489718362689,0.2601361870765686,0.11880755424499512,,,,,,,,,,,
458,0.14589844644069672,0.14589844644069672,MoE-sBOED,0.04720592498779297,29312,3.8671982288360596,1.380499243736267,0.004361421801149845,0.255880206823349,0.11878368258476257,,,,,,,,,,,
459,0.1508203148841858,0.1508203148841858,MoE-sBOED,0.04632163047790527,29376,3.877044439315796,1.382875919342041,0.004260160960257053,0.25526517629623413,0.11877897381782532,,,,,,,,,,,
460,0.16382813453674316,0.16382813453674316,MoE-sBOED,0.04277181625366211,29440,3.869011163711548,1.3786160945892334,0.004009274300187826,0.2642124593257904,0.11877777427434921,,,,,,,,,,,
461,0.15363281965255737,0.15363281965255737,MoE-sBOED,0.04440593719482422,29504,3.8597686290740967,1.3771917819976807,0.0038581755943596363,0.2696842551231384,0.11879762262105942,,,,,,,,,,,
462,0.15363281965255737,0.15363281965255737,MoE-sBOED,0.04501748085021973,29568,3.8566625118255615,1.377284288406372,0.0037425532937049866,0.2691311836242676,0.11882688850164413,,,,,,,,,,,
463,0.1487109363079071,0.1487109363079071,MoE-sBOED,0.042682647705078125,29632,3.875002145767212,1.3829985857009888,0.0035403843503445387,0.2568810284137726,0.11887171864509583,,,,,,,,,,,
464,0.1508203148841858,0.1508203148841858,MoE-sBOED,0.04269766807556152,29696,3.873276472091675,1.3816972970962524,0.0032401755452156067,0.25438517332077026,0.11888651549816132,,,,,,,,,,,
465,0.15714845061302185,0.15714845061302185,MoE-sBOED,0.04277801513671875,29760,3.869340181350708,1.3786773681640625,0.003023213241249323,0.2550756633281708,0.11883407831192017,,,,,,,,,,,
466,0.16417968273162842,0.16417968273162842,MoE-sBOED,0.043009281158447266,29824,3.890211820602417,1.3817086219787598,0.00299178808927536,0.25843721628189087,0.1187640130519867,,,,,,,,,,,
467,0.158203125,0.158203125,MoE-sBOED,0.04323124885559082,29888,3.900496482849121,1.3815832138061523,0.0031904089264571667,0.2606385350227356,0.11874378472566605,,,,,,,,,,,
468,0.14906249940395355,0.14906249940395355,MoE-sBOED,0.04301047325134277,29952,3.8965208530426025,1.3794946670532227,0.003604391124099493,0.25858214497566223,0.11874593794345856,,,,,,,,,,,
469,0.1589062511920929,0.1589062511920929,MoE-sBOED,0.04443216323852539,30016,3.9019687175750732,1.3817625045776367,0.003914025612175465,0.2597596347332001,0.11874531954526901,,,,,,,,,,,
470,0.15398438274860382,0.15398438274860382,MoE-sBOED,0.04291868209838867,30080,3.8705062866210938,1.375954270362854,0.003958217334002256,0.2557477355003357,0.1187635287642479,,,,,,,,,,,
471,0.15222656726837158,0.15222656726837158,MoE-sBOED,0.04302978515625,30144,3.8734130859375,1.3793811798095703,0.0036541400477290154,0.2577912211418152,0.1187993735074997,,,,,,,,,,,
472,0.15855468809604645,0.15855468809604645,MoE-sBOED,0.04266834259033203,30208,3.85679030418396,1.376206398010254,0.003524196334183216,0.25506582856178284,0.1187940388917923,,,,,,,,,,,
473,0.1508203148841858,0.1508203148841858,MoE-sBOED,0.04281473159790039,30272,3.8519201278686523,1.3765568733215332,0.0034683365374803543,0.2551252543926239,0.11873512715101242,,,,,,,,,,,
474,0.15925781428813934,0.15925781428813934,MoE-sBOED,0.04277777671813965,30336,3.8571972846984863,1.378517508506775,0.003585857106372714,0.2569863498210907,0.11864637583494186,,,,,,,,,,,
475,0.15433594584465027,0.15433594584465027,MoE-sBOED,0.04480743408203125,30400,3.8674521446228027,1.3818933963775635,0.0038222423754632473,0.2541150450706482,0.11854282021522522,0.14132812500000003,0.14703125,5,1.066573992518691,0.0390625,0.1484375,0,0.009316406250000001,1001.13140625,0,diagnostic_only
476,0.158203125,0.158203125,MoE-sBOED,0.043005943298339844,30464,3.8445866107940674,1.378288745880127,0.004228172358125448,0.25952857732772827,0.11847007274627686,,,,,,,,,,,
477,0.1466015726327896,0.1466015726327896,MoE-sBOED,0.044562339782714844,30528,3.844326972961426,1.3797917366027832,0.00475749745965004,0.25909653306007385,0.11840659379959106,,,,,,,,,,,
478,0.15328125655651093,0.15328125655651093,MoE-sBOED,0.0456538200378418,30592,3.8471264839172363,1.3808119297027588,0.005365282297134399,0.2596360743045807,0.11840064823627472,,,,,,,,,,,
479,0.14589843153953552,0.14589843153953552,MoE-sBOED,0.04507040977478027,30656,3.8251750469207764,1.3786519765853882,0.006024636328220367,0.26139840483665466,0.11843246966600418,,,,,,,,,,,
480,0.15503907203674316,0.15503907203674316,MoE-sBOED,0.042756080627441406,30720,3.828127145767212,1.380408763885498,0.006378590129315853,0.26403748989105225,0.11842610687017441,,,,,,,,,,,
481,0.15644530951976776,0.15644530951976776,MoE-sBOED,0.0429530143737793,30784,3.7966084480285645,1.3780057430267334,0.0066841295920312405,0.2676998972892761,0.1183871179819107,,,,,,,,,,,
482,0.1589062511920929,0.1589062511920929,MoE-sBOED,0.04271435737609863,30848,3.806468963623047,1.3814799785614014,0.006914558820426464,0.270701140165329,0.11831992119550705,,,,,,,,,,,
483,0.15574219822883606,0.15574219822883606,MoE-sBOED,0.04395771026611328,30912,3.7963955402374268,1.3808913230895996,0.007323840167373419,0.2735368013381958,0.11823824048042297,,,,,,,,,,,
484,0.15785157680511475,0.15785157680511475,MoE-sBOED,0.045035362243652344,30976,3.802469253540039,1.3814544677734375,0.008144445717334747,0.273757666349411,0.11817409843206406,,,,,,,,,,,
485,0.1494140625,0.1494140625,MoE-sBOED,0.04276394844055176,31040,3.8171305656433105,1.3827612400054932,0.008894085884094238,0.27086758613586426,0.11813774704933167,,,,,,,,,,,
486,0.16242188215255737,0.16242188215255737,MoE-sBOED,0.04277682304382324,31104,3.7946813106536865,1.3818875551223755,0.008995603770017624,0.27005380392074585,0.11811954528093338,,,,,,,,,,,
487,0.15433594584465027,0.15433594584465027,MoE-sBOED,0.04392099380493164,31168,3.791435718536377,1.3826334476470947,0.008603282272815704,0.2652055621147156,0.11811687797307968,,,,,,,,,,,
488,0.14765626192092896,0.14765626192092896,MoE-sBOED,0.04494524002075195,31232,3.8083646297454834,1.383683204650879,0.008350487798452377,0.2593320608139038,0.11811432987451553,,,,,,,,,,,
489,0.16277344524860382,0.16277344524860382,MoE-sBOED,0.04428887367248535,31296,3.830780029296875,1.384134292602539,0.007258190773427486,0.25468921661376953,0.11808155477046967,,,,,,,,,,,
490,0.16207030415534973,0.16207030415534973,MoE-sBOED,0.04492759704589844,31360,3.833317756652832,1.3840652704238892,0.0062452442944049835,0.25321245193481445,0.11803822964429855,,,,,,,,,,,
491,0.15292969346046448,0.15292969346046448,MoE-sBOED,0.0431828498840332,31424,3.852762222290039,1.3846170902252197,0.005835754331201315,0.2574656009674072,0.11799595504999161,,,,,,,,,,,
492,0.15785156190395355,0.15785156190395355,MoE-sBOED,0.04285073280334473,31488,3.8489437103271484,1.3840689659118652,0.005242159590125084,0.2577601671218872,0.1179584264755249,,,,,,,,,,,
493,0.1603125035762787,0.1603125035762787,MoE-sBOED,0.04308915138244629,31552,3.8528568744659424,1.3837699890136719,0.004653723910450935,0.25832560658454895,0.11794628947973251,,,,,,,,,,,
494,0.15222656726837158,0.15222656726837158,MoE-sBOED,0.042842864990234375,31616,3.8519906997680664,1.3837659358978271,0.004211942665278912,0.25848299264907837,0.1179427057504654,,,,,,,,,,,
495,0.1589062511920929,0.1589062511920929,MoE-sBOED,0.04311227798461914,31680,3.849832534790039,1.3832671642303467,0.0039910729974508286,0.2576683759689331,0.11796961724758148,,,,,,,,,,,
496,0.15785157680511475,0.15785157680511475,MoE-sBOED,0.04433608055114746,31744,3.8110766410827637,1.3807451725006104,0.004085919354110956,0.2602381110191345,0.1180257722735405,,,,,,,,,,,
497,0.15046875178813934,0.15046875178813934,MoE-sBOED,0.04515814781188965,31808,3.8082172870635986,1.38162362575531,0.00401702057570219,0.2581266760826111,0.11807350814342499,,,,,,,,,,,
498,0.15503905713558197,0.15503905713558197,MoE-sBOED,0.04303431510925293,31872,3.8055968284606934,1.3820990324020386,0.0037168622948229313,0.2565639615058899,0.1180991381406784,,,,,,,,,,,
499,0.14554688334465027,0.14554688334465027,MoE-sBOED,0.0427098274230957,31936,3.7913458347320557,1.3815648555755615,0.0036410773172974586,0.25927215814590454,0.11809604614973068,,,,,,,,,,,
500,0.14835938811302185,0.14835938811302185,MoE-sBOED,0.04279518127441406,32000,3.7912049293518066,1.3819818496704102,0.003534698858857155,0.2588784396648407,0.1180688664317131,0.152578125,0.13796875,2,0.4333988732907457,0.015625,0.15625,0,0.00720703125,1001.20046875,0,diagnostic_only
501,0.15433594584465027,0.15433594584465027,MoE-sBOED,0.042760610580444336,32064,3.772495746612549,1.3803808689117432,0.0037716596852988005,0.2626118063926697,0.11803734302520752,,,,,,,,,,,
502,0.1515234261751175,0.1515234261751175,MoE-sBOED,0.04393911361694336,32128,3.78686261177063,1.3812146186828613,0.0036620963364839554,0.25984859466552734,0.11796550452709198,,,,,,,,,,,
503,0.15503907203674316,0.15503907203674316,MoE-sBOED,0.04283452033996582,32192,3.808065414428711,1.3826186656951904,0.003409453434869647,0.2554619610309601,0.1178891658782959,,,,,,,,,,,
504,0.14343750476837158,0.14343750476837158,MoE-sBOED,0.042867422103881836,32256,3.8284387588500977,1.3843334913253784,0.003313673660159111,0.2565329670906067,0.11783495545387268,,,,,,,,,,,
505,0.14624999463558197,0.14624999463558197,MoE-sBOED,0.04292130470275879,32320,3.8167128562927246,1.383484125137329,0.0035338744055479765,0.25851956009864807,0.11778341233730316,,,,,,,,,,,
506,0.15433593094348907,0.15433593094348907,MoE-sBOED,0.04281783103942871,32384,3.815016984939575,1.3832765817642212,0.003294166876003146,0.25838249921798706,0.11776736378669739,,,,,,,,,,,
507,0.16312500834465027,0.16312500834465027,MoE-sBOED,0.042922258377075195,32448,3.829219341278076,1.384209156036377,0.003009185893461108,0.256201833486557,0.11773862689733505,,,,,,,,,,,
508,0.15187501907348633,0.15187501907348633,MoE-sBOED,0.04273867607116699,32512,3.8234288692474365,1.3839153051376343,0.002958522876724601,0.2566260099411011,0.11768031865358353,,,,,,,,,,,
509,0.15925781428813934,0.15925781428813934,MoE-sBOED,0.04271197319030762,32576,3.8215951919555664,1.383768916130066,0.0028978518676012754,0.25721466541290283,0.11761435866355896,,,,,,,,,,,
510,0.15855468809604645,0.15855468809604645,MoE-sBOED,0.04279637336730957,32640,3.836726665496826,1.3844637870788574,0.0029162587597966194,0.2557217478752136,0.11756657063961029,,,,,,,,,,,
511,0.1603125035762787,0.1603125035762787,MoE-sBOED,0.042844295501708984,32704,3.8287627696990967,1.3843672275543213,0.003232655581086874,0.2561154365539551,0.11757885664701462,,,,,,,,,,,
512,0.15117186307907104,0.15117186307907104,MoE-sBOED,0.04303789138793945,32768,3.814631938934326,1.3840293884277344,0.003704868257045746,0.2579415440559387,0.11761623620986938,,,,,,,,,,,
513,0.16101562976837158,0.16101562976837158,MoE-sBOED,0.04294872283935547,32832,3.82912015914917,1.3844609260559082,0.003968921955674887,0.2568388879299164,0.1176324114203453,,,,,,,,,,,
514,0.15433593094348907,0.15433593094348907,MoE-sBOED,0.044455766677856445,32896,3.830233097076416,1.3844598531723022,0.003996139857918024,0.25644731521606445,0.11761760711669922,,,,,,,,,,,
515,0.15187500417232513,0.15187500417232513,MoE-sBOED,0.044980764389038086,32960,3.8289685249328613,1.3845367431640625,0.003899630159139633,0.25552093982696533,0.11759578436613083,,,,,,,,,,,
516,0.15574218332767487,0.15574218332767487,MoE-sBOED,0.04264354705810547,33024,3.8448212146759033,1.3845343589782715,0.003680381691083312,0.25637590885162354,0.11756198108196259,,,,,,,,,,,
517,0.16804686188697815,0.16804686188697815,MoE-sBOED,0.04272174835205078,33088,3.8684239387512207,1.3849966526031494,0.003717889543622732,0.2582107186317444,0.11754614114761353,,,,,,,,,,,
518,0.1589062511920929,0.1589062511920929,MoE-sBOED,0.04448986053466797,33152,3.8672637939453125,1.3847689628601074,0.004162157420068979,0.2569919228553772,0.1175544410943985,,,,,,,,,,,
519,0.1480078101158142,0.1480078101158142,MoE-sBOED,0.04509854316711426,33216,3.8519561290740967,1.3843275308609009,0.004726342391222715,0.2548218071460724,0.11756888777017593,,,,,,,,,,,
520,0.17472657561302185,0.17472657561302185,MoE-sBOED,0.04659724235534668,33280,3.8594868183135986,1.3842921257019043,0.005301685072481632,0.2561349868774414,0.1175958514213562,,,,,,,,,,,
521,0.15574218332767487,0.15574218332767487,MoE-sBOED,0.04655814170837402,33344,3.8624229431152344,1.3842095136642456,0.0059257796965539455,0.25801125168800354,0.11762165278196335,,,,,,,,,,,
522,0.1508203148841858,0.1508203148841858,MoE-sBOED,0.04728841781616211,33408,3.843006134033203,1.3835113048553467,0.006185338832437992,0.2599172592163086,0.1176367774605751,,,,,,,,,,,
523,0.16347657144069672,0.16347657144069672,MoE-sBOED,0.047054290771484375,33472,3.8308322429656982,1.3829931020736694,0.005838010460138321,0.2584231197834015,0.11765284091234207,,,,,,,,,,,
524,0.1574999988079071,0.1574999988079071,MoE-sBOED,0.04636120796203613,33536,3.8093912601470947,1.3822053670883179,0.005397029221057892,0.2588382065296173,0.11767160147428513,,,,,,,,,,,
525,0.15187498927116394,0.15187498927116394,MoE-sBOED,0.04765009880065918,33600,3.83172607421875,1.3832699060440063,0.004742962308228016,0.25876498222351074,0.11765381693840027,0.15890625000000003,0.1269140625,2,0.4938350966590116,0.015625,0.140625,0,0.0056250000000000015,1001.0331640625,0,diagnostic_only
526,0.16382813453674316,0.16382813453674316,MoE-sBOED,0.048013925552368164,33664,3.8545026779174805,1.383589506149292,0.0045393770560622215,0.2593252658843994,0.11764177680015564,,,,,,,,,,,
527,0.1494140625,0.1494140625,MoE-sBOED,0.04677987098693848,33728,3.8541433811187744,1.3835277557373047,0.0044393837451934814,0.25915512442588806,0.11762330681085587,,,,,,,,,,,
528,0.1494140625,0.1494140625,MoE-sBOED,0.04727745056152344,33792,3.852883815765381,1.3833799362182617,0.0042183795012533665,0.25670045614242554,0.11756309121847153,,,,,,,,,,,
529,0.1567968726158142,0.1567968726158142,MoE-sBOED,0.047635555267333984,33856,3.8605048656463623,1.3834681510925293,0.0040355706587433815,0.254172682762146,0.11752688139677048,,,,,,,,,,,
530,0.15503905713558197,0.15503905713558197,MoE-sBOED,0.04655146598815918,33920,3.844269037246704,1.3831555843353271,0.003143410664051771,0.25545817613601685,0.11747117340564728,,,,,,,,,,,
531,0.15398436784744263,0.15398436784744263,MoE-sBOED,0.04728507995605469,33984,3.891425371170044,1.3839279413223267,0.0029039341025054455,0.25550442934036255,0.11735236644744873,,,,,,,,,,,
532,0.15046876668930054,0.15046876668930054,MoE-sBOED,0.047178030014038086,34048,3.818556785583496,1.3819677829742432,0.002488108817487955,0.25470611453056335,0.11726488173007965,,,,,,,,,,,
533,0.1480078101158142,0.1480078101158142,MoE-sBOED,0.049025535583496094,34112,3.900348663330078,1.383260726928711,0.0028617705684155226,0.2603607773780823,0.11722439527511597,,,,,,,,,,,
534,0.158203125,0.158203125,MoE-sBOED,0.04780125617980957,34176,3.8155899047851562,1.381258487701416,0.003089113160967827,0.25513702630996704,0.11722651869058609,,,,,,,,,,,
535,0.16101562976837158,0.16101562976837158,MoE-sBOED,0.046712398529052734,34240,3.8241093158721924,1.380859375,0.004326856229454279,0.25741636753082275,0.11724048107862473,,,,,,,,,,,
536,0.15539062023162842,0.15539062023162842,MoE-sBOED,0.04642462730407715,34304,3.840064764022827,1.3805116415023804,0.0033922267612069845,0.25947821140289307,0.11720302700996399,,,,,,,,,,,
537,0.15046875178813934,0.15046875178813934,MoE-sBOED,0.04860353469848633,34368,3.8060264587402344,1.379499077796936,0.0020906603895127773,0.2577684223651886,0.1171388328075409,,,,,,,,,,,
538,0.1487109363079071,0.1487109363079071,MoE-sBOED,0.04796576499938965,34432,3.807339906692505,1.3794481754302979,0.0026885864790529013,0.257455050945282,0.11707461625337601,,,,,,,,,,,
539,0.1596093773841858,0.1596093773841858,MoE-sBOED,0.04628396034240723,34496,3.885493278503418,1.381314754486084,0.0038706655614078045,0.26089197397232056,0.11701224744319916,,,,,,,,,,,
540,0.1515234410762787,0.1515234410762787,MoE-sBOED,0.04801058769226074,34560,3.7706146240234375,1.3765450716018677,0.004074033349752426,0.2642080783843994,0.11698164790868759,,,,,,,,,,,
541,0.14906251430511475,0.14906251430511475,MoE-sBOED,0.04749011993408203,34624,3.83126163482666,1.3782086372375488,0.004805902950465679,0.25958943367004395,0.11697959899902344,,,,,,,,,,,
542,0.15222656726837158,0.15222656726837158,MoE-sBOED,0.04634857177734375,34688,3.867582321166992,1.3796393871307373,0.004667297005653381,0.2569328844547272,0.11696815490722656,,,,,,,,,,,
543,0.15574219822883606,0.15574219822883606,MoE-sBOED,0.047347068786621094,34752,3.885528087615967,1.380120038986206,0.004693244583904743,0.25707370042800903,0.11695234477519989,,,,,,,,,,,
544,0.1560937464237213,0.1560937464237213,MoE-sBOED,0.047115325927734375,34816,3.8838388919830322,1.3793386220932007,0.004315291065722704,0.2584220767021179,0.11694047600030899,,,,,,,,,,,
545,0.16207030415534973,0.16207030415534973,MoE-sBOED,0.04664111137390137,34880,3.8880674839019775,1.3796651363372803,0.003935086075216532,0.25991082191467285,0.11693882942199707,,,,,,,,,,,
546,0.1501171886920929,0.1501171886920929,MoE-sBOED,0.04727363586425781,34944,3.908348321914673,1.3820668458938599,0.0034919639583677053,0.25656306743621826,0.11694089323282242,,,,,,,,,,,
547,0.1567968726158142,0.1567968726158142,MoE-sBOED,0.04768705368041992,35008,3.916210412979126,1.3825976848602295,0.0036276259925216436,0.25749629735946655,0.1169249564409256,,,,,,,,,,,
548,0.1567968726158142,0.1567968726158142,MoE-sBOED,0.04763984680175781,35072,3.885270357131958,1.379912257194519,0.0035523080732673407,0.2605361342430115,0.11690203845500946,,,,,,,,,,,
549,0.14625000953674316,0.14625000953674316,MoE-sBOED,0.04755258560180664,35136,3.8901212215423584,1.381514310836792,0.0037701912224292755,0.2604520320892334,0.11685589700937271,,,,,,,,,,,
550,0.1603125035762787,0.1603125035762787,MoE-sBOED,0.046790122985839844,35200,3.902325391769409,1.3828520774841309,0.0038970436435192823,0.2619577646255493,0.11682785302400589,0.155390625,0.12359375,4,0.40876422623364794,0.03125,0.125,0,0.00580078125,1000.87359375,0,diagnostic_only
551,0.15855468809604645,0.15855468809604645,MoE-sBOED,0.04433250427246094,35264,3.900153160095215,1.382864236831665,0.003961651585996151,0.2615467309951782,0.11682301014661789,,,,,,,,,,,
552,0.14589844644069672,0.14589844644069672,MoE-sBOED,0.04480719566345215,35328,3.922903060913086,1.3844534158706665,0.0037210003938525915,0.262884259223938,0.11680985242128372,,,,,,,,,,,
553,0.16066406667232513,0.16066406667232513,MoE-sBOED,0.04626870155334473,35392,3.921546459197998,1.3843255043029785,0.004012143239378929,0.26240548491477966,0.11678880453109741,,,,,,,,,,,
554,0.15468750894069672,0.15468750894069672,MoE-sBOED,0.047749996185302734,35456,3.9227454662323,1.3845242261886597,0.004263583570718765,0.2615654766559601,0.11676917970180511,,,,,,,,,,,
555,0.15363281965255737,0.15363281965255737,MoE-sBOED,0.0489809513092041,35520,3.924475908279419,1.384892225265503,0.004818284418433905,0.26167190074920654,0.1167679950594902,,,,,,,,,,,
556,0.15363281965255737,0.15363281965255737,MoE-sBOED,0.04819536209106445,35584,3.934021472930908,1.3857131004333496,0.005225653760135174,0.26120197772979736,0.11676891893148422,,,,,,,,,,,
557,0.15433594584465027,0.15433594584465027,MoE-sBOED,0.04588127136230469,35648,3.913055181503296,1.384671688079834,0.005909768398851156,0.258916974067688,0.11676985025405884,,,,,,,,,,,
558,0.15433594584465027,0.15433594584465027,MoE-sBOED,0.04693174362182617,35712,3.9148151874542236,1.3846126794815063,0.00584703404456377,0.25689810514450073,0.11677341908216476,,,,,,,,,,,
559,0.16417968273162842,0.16417968273162842,MoE-sBOED,0.04766273498535156,35776,3.91389799118042,1.3843212127685547,0.0054115308448672295,0.25539565086364746,0.11678113043308258,,,,,,,,,,,
560,0.16101562976837158,0.16101562976837158,MoE-sBOED,0.04779458045959473,35840,3.9086191654205322,1.3837571144104004,0.004552282392978668,0.2544616162776947,0.11676632612943649,,,,,,,,,,,
561,0.15714845061302185,0.15714845061302185,MoE-sBOED,0.0477902889251709,35904,3.930306911468506,1.385514736175537,0.0034509017132222652,0.2534330487251282,0.11675609648227692,,,,,,,,,,,
562,0.16101562976837158,0.16101562976837158,MoE-sBOED,0.046646833419799805,35968,3.918409824371338,1.3846609592437744,0.003319850191473961,0.2533022165298462,0.11674883961677551,,,,,,,,,,,
563,0.1560937464237213,0.1560937464237213,MoE-sBOED,0.04717111587524414,36032,3.9102160930633545,1.3842144012451172,0.003328576683998108,0.2549543082714081,0.11672576516866684,,,,,,,,,,,
564,0.16136719286441803,0.16136719286441803,MoE-sBOED,0.04703569412231445,36096,3.8850488662719727,1.3823864459991455,0.0037530320696532726,0.2614986002445221,0.116703562438488,,,,,,,,,,,
565,0.14765626192092896,0.14765626192092896,MoE-sBOED,0.046761274337768555,36160,3.8807034492492676,1.3820375204086304,0.004110776819288731,0.26269757747650146,0.11669087409973145,,,,,,,,,,,
566,0.15855468809604645,0.15855468809604645,MoE-sBOED,0.046452999114990234,36224,3.873006820678711,1.3814616203308105,0.00507726427167654,0.26286423206329346,0.11667194217443466,,,,,,,,,,,
567,0.1560937464237213,0.1560937464237213,MoE-sBOED,0.04692387580871582,36288,3.9048337936401367,1.3838691711425781,0.007036606781184673,0.2556225061416626,0.11666300892829895,,,,,,,,,,,
568,0.15503907203674316,0.15503907203674316,MoE-sBOED,0.04732322692871094,36352,3.8763625621795654,1.3810516595840454,0.009577473625540733,0.25959512591362,0.11666633188724518,,,,,,,,,,,
569,0.15785157680511475,0.15785157680511475,MoE-sBOED,0.04604601860046387,36416,3.8409173488616943,1.3793926239013672,0.010133866220712662,0.2638165354728699,0.11667747050523758,,,,,,,,,,,
570,0.16207031905651093,0.16207031905651093,MoE-sBOED,0.046741485595703125,36480,3.877767324447632,1.382451057434082,0.01030191220343113,0.2558542490005493,0.11667073518037796,,,,,,,,,,,
571,0.15574218332767487,0.15574218332767487,MoE-sBOED,0.047951698303222656,36544,3.812164306640625,1.3783318996429443,0.010379797779023647,0.2647130489349365,0.11664901673793793,,,,,,,,,,,
572,0.14906251430511475,0.14906251430511475,MoE-sBOED,0.04695582389831543,36608,3.860180377960205,1.3806558847427368,0.008269278332591057,0.2567615807056427,0.11662278324365616,,,,,,,,,,,
573,0.15468749403953552,0.15468749403953552,MoE-sBOED,0.047301530838012695,36672,3.834756374359131,1.3791149854660034,0.0063505396246910095,0.25785788893699646,0.1165645495057106,,,,,,,,,,,
574,0.1480078101158142,0.1480078101158142,MoE-sBOED,0.04682779312133789,36736,3.838514804840088,1.3792799711227417,0.004712246358394623,0.2543734610080719,0.11649982631206512,,,,,,,,,,,
575,0.15539062023162842,0.15539062023162842,MoE-sBOED,0.04793548583984375,36800,3.855645179748535,1.3798201084136963,0.0036510881036520004,0.2545914649963379,0.1164647564291954,0.151171875,0.1297265625,1,-0.0,0.0078125,0.140625,0,0.0066796875,1001.0359765625,0,diagnostic_only
576,0.16207031905651093,0.16207031905651093,MoE-sBOED,0.04620838165283203,36864,3.88706374168396,1.3809382915496826,0.0035523544065654278,0.25935161113739014,0.1164344921708107,,,,,,,,,,,
577,0.15714843571186066,0.15714843571186066,MoE-sBOED,0.0467677116394043,36928,3.8710174560546875,1.3807146549224854,0.0028944090008735657,0.2581261992454529,0.1164073497056961,,,,,,,,,,,
578,0.1494140625,0.1494140625,MoE-sBOED,0.04584026336669922,36992,3.8822154998779297,1.381899118423462,0.0022148340940475464,0.2554549276828766,0.11638140678405762,,,,,,,,,,,
579,0.16453126072883606,0.16453126072883606,MoE-sBOED,0.04693031311035156,37056,3.8857431411743164,1.3826714754104614,0.0023012934252619743,0.2529595196247101,0.11635570973157883,,,,,,,,,,,
580,0.1655859351158142,0.1655859351158142,MoE-sBOED,0.04781317710876465,37120,3.8866360187530518,1.3828587532043457,0.002554527949541807,0.25147929787635803,0.11632896214723587,,,,,,,,,,,
581,0.16101562976837158,0.16101562976837158,MoE-sBOED,0.047469377517700195,37184,3.885807991027832,1.3827381134033203,0.002601612824946642,0.251968115568161,0.11629781872034073,,,,,,,,,,,
582,0.1669921875,0.1669921875,MoE-sBOED,0.0487370491027832,37248,3.881108045578003,1.3827608823776245,0.0032706025522202253,0.25279343128204346,0.11625145375728607,,,,,,,,,,,
583,0.15363281965255737,0.15363281965255737,MoE-sBOED,0.047510623931884766,37312,3.88657546043396,1.3835430145263672,0.0047267721965909,0.25367116928100586,0.11618395894765854,,,,,,,,,,,
584,0.14624999463558197,0.14624999463558197,MoE-sBOED,0.04650712013244629,37376,3.8530921936035156,1.3826709985733032,0.005475948564708233,0.25548210740089417,0.11612924188375473,,,,,,,,,,,
585,0.1567968726158142,0.1567968726158142,MoE-sBOED,0.04682612419128418,37440,3.8720734119415283,1.3836238384246826,0.004133968148380518,0.25697779655456543,0.11612139642238617,,,,,,,,,,,
586,0.14835938811302185,0.14835938811302185,MoE-sBOED,0.04635429382324219,37504,3.878634452819824,1.384079933166504,0.0033297985792160034,0.25806617736816406,0.11614074558019638,,,,,,,,,,,
587,0.16136719286441803,0.16136719286441803,MoE-sBOED,0.04706549644470215,37568,3.8721675872802734,1.3842482566833496,0.0031753946095705032,0.25780922174453735,0.11618158966302872,,,,,,,,,,,
588,0.15925782918930054,0.15925782918930054,MoE-sBOED,0.046439170837402344,37632,3.9028677940368652,1.385218620300293,0.002754210028797388,0.2548747956752777,0.11620654910802841,,,,,,,,,,,
589,0.16277344524860382,0.16277344524860382,MoE-sBOED,0.04691195487976074,37696,3.907304525375366,1.3853293657302856,0.0025198699440807104,0.25567877292633057,0.11622171103954315,,,,,,,,,,,
590,0.15644532442092896,0.15644532442092896,MoE-sBOED,0.04649782180786133,37760,3.852482318878174,1.3836965560913086,0.00289376312866807,0.25426340103149414,0.11622331291437149,,,,,,,,,,,
591,0.15328125655651093,0.15328125655651093,MoE-sBOED,0.04668140411376953,37824,3.9038567543029785,1.3852720260620117,0.0022355052642524242,0.2549102306365967,0.1162010058760643,,,,,,,,,,,
592,0.14238281548023224,0.14238281548023224,MoE-sBOED,0.04722118377685547,37888,3.876593589782715,1.3842341899871826,0.0030674876179546118,0.25239697098731995,0.11618753522634506,,,,,,,,,,,
593,0.16171875596046448,0.16171875596046448,MoE-sBOED,0.04805564880371094,37952,3.891998767852783,1.38474702835083,0.0038952536415308714,0.2524096369743347,0.11619962751865387,,,,,,,,,,,
594,0.15574219822883606,0.15574219822883606,MoE-sBOED,0.04795098304748535,38016,3.8988399505615234,1.3846548795700073,0.004461956676095724,0.25315022468566895,0.11620891094207764,,,,,,,,,,,
595,0.1480078101158142,0.1480078101158142,MoE-sBOED,0.04661226272583008,38080,3.8906145095825195,1.3841699361801147,0.004552595317363739,0.2533046305179596,0.11620092391967773,,,,,,,,,,,
596,0.16207031905651093,0.16207031905651093,MoE-sBOED,0.04785943031311035,38144,3.8954997062683105,1.3843269348144531,0.004218004643917084,0.2528397738933563,0.11616326868534088,,,,,,,,,,,
597,0.15503905713558197,0.15503905713558197,MoE-sBOED,0.0492100715637207,38208,3.924647331237793,1.3850313425064087,0.003370316233485937,0.2558698356151581,0.11610934883356094,,,,,,,,,,,
598,0.1508203148841858,0.1508203148841858,MoE-sBOED,0.04807424545288086,38272,3.900258779525757,1.3841209411621094,0.003150198608636856,0.2545921504497528,0.1160554438829422,,,,,,,,,,,
599,0.1589062511920929,0.1589062511920929,MoE-sBOED,0.04737496376037598,38336,3.9259579181671143,1.384619951248169,0.0026476976927369833,0.25861525535583496,0.11601091176271439,,,,,,,,,,,
600,0.1473046839237213,0.1473046839237213,MoE-sBOED,0.04713845252990723,38400,3.932168483734131,1.3845329284667969,0.0024338210932910442,0.2592948377132416,0.11599314957857132,0.16083984375000002,0.13236328125,3,0.6162701409741433,0.0234375,0.140625,0,0.005976562500000001,1001.03861328125,0,diagnostic_only
601,0.14484375715255737,0.14484375715255737,MoE-sBOED,0.04472208023071289,38464,3.9389805793762207,1.384539246559143,0.0024703696835786104,0.2594575881958008,0.11597998440265656,,,,,,,,,,,
602,0.15187498927116394,0.15187498927116394,MoE-sBOED,0.044774532318115234,38528,3.935692310333252,1.3842525482177734,0.002613399876281619,0.2587592899799347,0.115963876247406,,,,,,,,,,,
603,0.15257811546325684,0.15257811546325684,MoE-sBOED,0.04671740531921387,38592,3.9317100048065186,1.384002923965454,0.002413887530565262,0.2581064701080322,0.11594605445861816,,,,,,,,,,,
604,0.15363281965255737,0.15363281965255737,MoE-sBOED,0.04719281196594238,38656,3.925370454788208,1.3838458061218262,0.0022249827161431313,0.25705116987228394,0.11593833565711975,,,,,,,,,,,
605,0.158203125,0.158203125,MoE-sBOED,0.04725313186645508,38720,3.914583683013916,1.3837648630142212,0.0026311264373362064,0.2568936347961426,0.11593753099441528,,,,,,,,,,,
606,0.15292969346046448,0.15292969346046448,MoE-sBOED,0.04686236381530762,38784,3.909641742706299,1.3839689493179321,0.0025284546427428722,0.2554396986961365,0.11592691391706467,,,,,,,,,,,
607,0.14519530534744263,0.14519530534744263,MoE-sBOED,0.04790782928466797,38848,3.933643341064453,1.384690761566162,0.00210472010076046,0.2571004331111908,0.11592154949903488,,,,,,,,,,,
608,0.16101562976837158,0.16101562976837158,MoE-sBOED,0.04711508750915527,38912,3.9158406257629395,1.3846495151519775,0.0019772122614085674,0.25430694222450256,0.11591070890426636,,,,,,,,,,,
609,0.15925779938697815,0.15925779938697815,MoE-sBOED,0.04657483100891113,38976,3.9335336685180664,1.3849902153015137,0.0017647806089371443,0.25538206100463867,0.11590573191642761,,,,,,,,,,,
610,0.15117186307907104,0.15117186307907104,MoE-sBOED,0.04755878448486328,39040,3.9419522285461426,1.3853225708007812,0.0015605783555656672,0.2552739083766937,0.11591644585132599,,,,,,,,,,,
611,0.15855470299720764,0.15855470299720764,MoE-sBOED,0.04736471176147461,39104,3.910768985748291,1.3850796222686768,0.0016224775463342667,0.25449585914611816,0.11595296859741211,,,,,,,,,,,
612,0.15292969346046448,0.15292969346046448,MoE-sBOED,0.049480438232421875,39168,3.9033961296081543,1.384876012802124,0.001570837339386344,0.2560230791568756,0.11600738018751144,,,,,,,,,,,
613,0.15328125655651093,0.15328125655651093,MoE-sBOED,0.048276424407958984,39232,3.8925604820251465,1.3848907947540283,0.001632733503356576,0.2576702833175659,0.1160554438829422,,,,,,,,,,,
614,0.16101562976837158,0.16101562976837158,MoE-sBOED,0.04804539680480957,39296,3.8669214248657227,1.3845263719558716,0.0018644537776708603,0.2608090043067932,0.11611005663871765,,,,,,,,,,,
615,0.15292969346046448,0.15292969346046448,MoE-sBOED,0.04715132713317871,39360,3.8790385723114014,1.3845564126968384,0.001985319424420595,0.2619248032569885,0.11618256568908691,,,,,,,,,,,
616,0.15539062023162842,0.15539062023162842,MoE-sBOED,0.04689812660217285,39424,3.86185359954834,1.3843739032745361,0.002406588988378644,0.2642349302768707,0.11626062542200089,,,,,,,,,,,
617,0.1574999988079071,0.1574999988079071,MoE-sBOED,0.047199249267578125,39488,3.8650364875793457,1.3844759464263916,0.002889110706746578,0.2656782865524292,0.11633675545454025,,,,,,,,,,,
618,0.15539062023162842,0.15539062023162842,MoE-sBOED,0.0465388298034668,39552,3.8648006916046143,1.384220838546753,0.003473007818683982,0.265207976102829,0.11636673659086227,,,,,,,,,,,
619,0.15187498927116394,0.15187498927116394,MoE-sBOED,0.04712176322937012,39616,3.9032418727874756,1.3848698139190674,0.003855669405311346,0.26163384318351746,0.11635733395814896,,,,,,,,,,,
620,0.14835938811302185,0.14835938811302185,MoE-sBOED,0.04683566093444824,39680,3.8808302879333496,1.3846619129180908,0.0042235953733325005,0.2608553171157837,0.11632656306028366,,,,,,,,,,,
621,0.14765626192092896,0.14765626192092896,MoE-sBOED,0.04840373992919922,39744,3.8384509086608887,1.3836950063705444,0.004085817839950323,0.26040616631507874,0.1162964254617691,,,,,,,,,,,
622,0.16066406667232513,0.16066406667232513,MoE-sBOED,0.047945499420166016,39808,3.868715286254883,1.3842854499816895,0.0036076288670301437,0.2571665644645691,0.11629634350538254,,,,,,,,,,,
623,0.16804687678813934,0.16804687678813934,MoE-sBOED,0.04682016372680664,39872,3.8681273460388184,1.3841118812561035,0.003378715366125107,0.25549131631851196,0.11628525704145432,,,,,,,,,,,
624,0.14976564049720764,0.14976564049720764,MoE-sBOED,0.048018693923950195,39936,3.912806510925293,1.3848176002502441,0.0030748452991247177,0.2561679780483246,0.11624301970005035,,,,,,,,,,,
625,0.1501171886920929,0.1501171886920929,MoE-sBOED,0.047577857971191406,40000,3.8852972984313965,1.3842618465423584,0.0032191798090934753,0.2536202669143677,0.11621309816837311,0.15960937500000003,0.1483203125,6,1.3685116761916216,0.046875,0.171875,0,0.0073828125000000005,1001.3670703125,0,diagnostic_only
626,0.15468749403953552,0.15468749403953552,MoE-sBOED,0.04488372802734375,40064,3.902359962463379,1.384570837020874,0.0033336186315864325,0.253987193107605,0.11618530750274658,,,,,,,,,,,
627,0.1567968726158142,0.1567968726158142,MoE-sBOED,0.04545140266418457,40128,3.905740976333618,1.384572982788086,0.003426897106692195,0.255137175321579,0.11616791784763336,,,,,,,,,,,
628,0.15292969346046448,0.15292969346046448,MoE-sBOED,0.046088457107543945,40192,3.873347520828247,1.3838900327682495,0.0034954450093209743,0.25345778465270996,0.1161731705069542,,,,,,,,,,,
629,0.1603125035762787,0.1603125035762787,MoE-sBOED,0.046457529067993164,40256,3.8935275077819824,1.3840641975402832,0.0034471326507627964,0.25638657808303833,0.1161649078130722,,,,,,,,,,,
630,0.14765626192092896,0.14765626192092896,MoE-sBOED,0.04733395576477051,40320,3.89221453666687,1.383838176727295,0.003102049231529236,0.25685757398605347,0.11615850031375885,,,,,,,,,,,
631,0.16312500834465027,0.16312500834465027,MoE-sBOED,0.04757332801818848,40384,3.8749356269836426,1.3834962844848633,0.002639488084241748,0.2546112537384033,0.11615369468927383,,,,,,,,,,,
632,0.15046876668930054,0.15046876668930054,MoE-sBOED,0.04842662811279297,40448,3.840712308883667,1.3823217153549194,0.0024790267925709486,0.25518542528152466,0.1160929873585701,,,,,,,,,,,
633,0.16382813453674316,0.16382813453674316,MoE-sBOED,0.04702591896057129,40512,3.870579481124878,1.3833478689193726,0.0022124291863292456,0.2524670362472534,0.11602672934532166,,,,,,,,,,,
634,0.15257811546325684,0.15257811546325684,MoE-sBOED,0.04307150840759277,40576,3.866946220397949,1.3834551572799683,0.0019831222016364336,0.25375592708587646,0.11598727852106094,,,,,,,,,,,
635,0.16347655653953552,0.16347655653953552,MoE-sBOED,0.042852163314819336,40640,3.8536477088928223,1.3829659223556519,0.001791775575838983,0.2550092935562134,0.11593369394540787,,,,,,,,,,,
636,0.17402344942092896,0.17402344942092896,MoE-sBOED,0.04286050796508789,40704,3.8707895278930664,1.3833400011062622,0.0020813061855733395,0.25680458545684814,0.11585099995136261,,,,,,,,,,,
637,0.16066406667232513,0.16066406667232513,MoE-sBOED,0.04291677474975586,40768,3.8936758041381836,1.38393235206604,0.003185841254889965,0.25951868295669556,0.11576549708843231,,,,,,,,,,,
638,0.15539062023162842,0.15539062023162842,MoE-sBOED,0.042763471603393555,40832,3.877821445465088,1.3832275867462158,0.003876185044646263,0.26021409034729004,0.11569495499134064,,,,,,,,,,,
639,0.15925781428813934,0.15925781428813934,MoE-sBOED,0.043080806732177734,40896,3.865445375442505,1.3826208114624023,0.004052659496665001,0.2590228319168091,0.11565528064966202,,,,,,,,,,,
640,0.14660155773162842,0.14660155773162842,MoE-sBOED,0.04292869567871094,40960,3.8549246788024902,1.3821192979812622,0.0038161054253578186,0.2572145462036133,0.1156313419342041,,,,,,,,,,,
641,0.15398436784744263,0.15398436784744263,MoE-sBOED,0.04437541961669922,41024,3.900692939758301,1.383269190788269,0.0034794199746102095,0.26213735342025757,0.11560177057981491,,,,,,,,,,,
642,0.15433594584465027,0.15433594584465027,MoE-sBOED,0.044954538345336914,41088,3.8576741218566895,1.3815155029296875,0.0037145745009183884,0.25980427861213684,0.11559811979532242,,,,,,,,,,,
643,0.1574999988079071,0.1574999988079071,MoE-sBOED,0.04328727722167969,41152,3.887254238128662,1.3825831413269043,0.004155317321419716,0.26259174942970276,0.11560528725385666,,,,,,,,,,,
644,0.1501171886920929,0.15519531071186066,MoE-sBOED,0.04291129112243652,41216,3.8759944438934326,1.3822102546691895,0.004579613916575909,0.26226356625556946,0.11560516059398651,,,,,,,,,,,
645,0.1480078101158142,0.1480078101158142,MoE-sBOED,0.04324221611022949,41280,3.8866734504699707,1.382922649383545,0.005179916974157095,0.2616211175918579,0.11561769992113113,,,,,,,,,,,
646,0.15433594584465027,0.15433594584465027,MoE-sBOED,0.0451815128326416,41344,3.893057107925415,1.3836135864257812,0.004951333627104759,0.25947174429893494,0.11566703021526337,,,,,,,,,,,
647,0.15855468809604645,0.15855468809604645,MoE-sBOED,0.045020341873168945,41408,3.888612985610962,1.3840315341949463,0.003919877111911774,0.2550908327102661,0.1157391145825386,,,,,,,,,,,
648,0.158203125,0.158203125,MoE-sBOED,0.04317617416381836,41472,3.902038335800171,1.3844397068023682,0.0035856354515999556,0.2572518587112427,0.11578796058893204,,,,,,,,,,,
649,0.16066406667232513,0.16066406667232513,MoE-sBOED,0.04406023025512695,41536,3.8983259201049805,1.384615182876587,0.00507103418931365,0.2570892572402954,0.11578912287950516,,,,,,,,,,,
650,0.1589062511920929,0.1589062511920929,MoE-sBOED,0.042781829833984375,41600,3.8525609970092773,1.3840510845184326,0.005894657224416733,0.2541700005531311,0.1157977283000946,0.15240234375,0.16376953125,4,0.6221901641688038,0.03125,0.1875,0,0.0094921875,1001.53876953125,0,diagnostic_only
651,0.16207030415534973,0.16207030415534973,MoE-sBOED,0.0432586669921875,41664,3.8984999656677246,1.384947657585144,0.005480109713971615,0.2565981447696686,0.11580533534288406,,,,,,,,,,,
652,0.16101562976837158,0.16101562976837158,MoE-sBOED,0.042769432067871094,41728,3.8058624267578125,1.3836686611175537,0.004318699240684509,0.2523875832557678,0.1157756969332695,,,,,,,,,,,
653,0.15046875178813934,0.15046875178813934,MoE-sBOED,0.04296517372131348,41792,3.827749252319336,1.3840417861938477,0.00332925608381629,0.2528429627418518,0.11574065685272217,,,,,,,,,,,
654,0.14449217915534973,0.14449217915534973,MoE-sBOED,0.04277920722961426,41856,3.8692092895507812,1.384636402130127,0.0027326871640980244,0.25418123602867126,0.11572599411010742,,,,,,,,,,,
655,0.1567968726158142,0.1567968726158142,MoE-sBOED,0.04500389099121094,41920,3.874509811401367,1.385008692741394,0.0023496742360293865,0.25444379448890686,0.11574483662843704,,,,,,,,,,,
656,0.15785157680511475,0.15785157680511475,MoE-sBOED,0.0466923713684082,41984,3.8729069232940674,1.3849221467971802,0.0019521655049175024,0.2548573315143585,0.1157468780875206,,,,,,,,,,,
657,0.17226561903953552,0.17226561903953552,MoE-sBOED,0.04517555236816406,42048,3.8635873794555664,1.3847103118896484,0.001551078981719911,0.2547104060649872,0.11572286486625671,,,,,,,,,,,
658,0.16101562976837158,0.16101562976837158,MoE-sBOED,0.04664015769958496,42112,3.889209747314453,1.38502037525177,0.0012754519702866673,0.25570815801620483,0.11569817364215851,,,,,,,,,,,
659,0.15187500417232513,0.15187500417232513,MoE-sBOED,0.047136783599853516,42176,3.8559865951538086,1.384374976158142,0.0012250615982338786,0.25335150957107544,0.1156708225607872,,,,,,,,,,,
660,0.1515234410762787,0.1515234410762787,MoE-sBOED,0.04711151123046875,42240,3.8912320137023926,1.3847148418426514,0.0011837693164125085,0.2539815902709961,0.11564584076404572,,,,,,,,,,,
661,0.1420312523841858,0.1420312523841858,MoE-sBOED,0.04796576499938965,42304,3.8503124713897705,1.3837764263153076,0.0012479545548558235,0.25528860092163086,0.11564386636018753,,,,,,,,,,,
662,0.1589062511920929,0.1589062511920929,MoE-sBOED,0.04777836799621582,42368,3.904897928237915,1.384807825088501,0.0010479958727955818,0.2562902867794037,0.115667425096035,,,,,,,,,,,
663,0.15468749403953552,0.15468749403953552,MoE-sBOED,0.04767894744873047,42432,3.8920066356658936,1.3844337463378906,0.0013324128231033683,0.2561188340187073,0.11568262428045273,,,,,,,,,,,
664,0.14765624701976776,0.14765624701976776,MoE-sBOED,0.047759294509887695,42496,3.872035026550293,1.383924961090088,0.0016325367614626884,0.2559528648853302,0.11567313224077225,,,,,,,,,,,
665,0.1589062511920929,0.1589062511920929,MoE-sBOED,0.04766082763671875,42560,3.8938169479370117,1.3846015930175781,0.0016563963145017624,0.2567450702190399,0.11564118415117264,,,,,,,,,,,
666,0.15996094048023224,0.15996094048023224,MoE-sBOED,0.04721879959106445,42624,3.8910038471221924,1.3847055435180664,0.0016549493884667754,0.25695517659187317,0.11563677340745926,,,,,,,,,,,
667,0.15855468809604645,0.15855468809604645,MoE-sBOED,0.0477142333984375,42688,3.8843367099761963,1.3847787380218506,0.0017100622644647956,0.2568020820617676,0.11564917117357254,,,,,,,,,,,
668,0.1655859351158142,0.1655859351158142,MoE-sBOED,0.0484318733215332,42752,3.8823795318603516,1.38496994972229,0.002034920733422041,0.25624147057533264,0.11564367264509201,,,,,,,,,,,
669,0.15222656726837158,0.15222656726837158,MoE-sBOED,0.04800701141357422,42816,3.8846664428710938,1.3852310180664062,0.002450185129418969,0.2558828592300415,0.11563540995121002,,,,,,,,,,,
670,0.15468749403953552,0.15468749403953552,MoE-sBOED,0.046877384185791016,42880,3.8782670497894287,1.385235071182251,0.002833195496350527,0.2555566430091858,0.11565257608890533,,,,,,,,,,,
671,0.1560937464237213,0.1560937464237213,MoE-sBOED,0.04845762252807617,42944,3.887866497039795,1.385589361190796,0.002814832841977477,0.25656843185424805,0.11568839102983475,,,,,,,,,,,
672,0.1574999988079071,0.1574999988079071,MoE-sBOED,0.04748344421386719,43008,3.891791343688965,1.3857883214950562,0.002556155901402235,0.2567390501499176,0.11573614925146103,,,,,,,,,,,
673,0.15398436784744263,0.15398436784744263,MoE-sBOED,0.04711413383483887,43072,3.885634422302246,1.385685920715332,0.00215692026540637,0.25531667470932007,0.11578092724084854,,,,,,,,,,,
674,0.14238281548023224,0.14238281548023224,MoE-sBOED,0.04845118522644043,43136,3.861285448074341,1.3851830959320068,0.00236180005595088,0.2550657391548157,0.11583257466554642,,,,,,,,,,,
675,0.1480078101158142,0.15308594703674316,MoE-sBOED,0.047516822814941406,43200,3.8786191940307617,1.3855305910110474,0.002823089947924018,0.2528831958770752,0.11588995158672333,0.15152343750000002,0.1552734375,2,0.11113140431967991,0.015625,0.1640625,0,0.008964843750000001,1001.2958984375,0,diagnostic_only
676,0.16312500834465027,0.16312500834465027,MoE-sBOED,0.04483747482299805,43264,3.886810779571533,1.3857903480529785,0.0030064135789871216,0.2532847821712494,0.11594772338867188,,,,,,,,,,,
677,0.16101562976837158,0.16101562976837158,MoE-sBOED,0.045177459716796875,43328,3.875283718109131,1.3855044841766357,0.0029421017970889807,0.253084659576416,0.11600611358880997,,,,,,,,,,,
678,0.16277343034744263,0.16277343034744263,MoE-sBOED,0.04605984687805176,43392,3.8686699867248535,1.385526180267334,0.0030398759990930557,0.2534499764442444,0.11607297509908676,,,,,,,,,,,
679,0.15574219822883606,0.15574219822883606,MoE-sBOED,0.04634976387023926,43456,3.8375208377838135,1.3851110935211182,0.0032729122322052717,0.25529661774635315,0.1161520928144455,,,,,,,,,,,
680,0.17121094465255737,0.17121094465255737,MoE-sBOED,0.04650378227233887,43520,3.843196392059326,1.3854737281799316,0.0033386487048119307,0.2533336281776428,0.11621557921171188,,,,,,,,,,,
681,0.1494140625,0.1494140625,MoE-sBOED,0.04707813262939453,43584,3.816429376602173,1.3852267265319824,0.00330946478061378,0.2561604976654053,0.11627811193466187,,,,,,,,,,,
682,0.15328125655651093,0.15328125655651093,MoE-sBOED,0.04752755165100098,43648,3.779512882232666,1.384670615196228,0.0033430110197514296,0.2583118677139282,0.11636041104793549,,,,,,,,,,,
683,0.15363281965255737,0.15363281965255737,MoE-sBOED,0.04767632484436035,43712,3.7906486988067627,1.3848357200622559,0.003217897843569517,0.25507137179374695,0.11642894893884659,,,,,,,,,,,
684,0.15398436784744263,0.15398436784744263,MoE-sBOED,0.04627871513366699,43776,3.780693531036377,1.3845899105072021,0.00311916577629745,0.25486212968826294,0.11649955064058304,,,,,,,,,,,
685,0.15574219822883606,0.15574219822883606,MoE-sBOED,0.046028852462768555,43840,3.80075740814209,1.3847196102142334,0.0031041805632412434,0.2542773187160492,0.1165403500199318,,,,,,,,,,,
686,0.15398436784744263,0.15398436784744263,MoE-sBOED,0.04609870910644531,43904,3.7374558448791504,1.3836807012557983,0.003598669311031699,0.2543112635612488,0.1165418028831482,,,,,,,,,,,
687,0.15644532442092896,0.15644532442092896,MoE-sBOED,0.04670071601867676,43968,3.7417702674865723,1.3835978507995605,0.003907923121005297,0.2524511516094208,0.11653248965740204,,,,,,,,,,,
688,0.15363280475139618,0.15363280475139618,MoE-sBOED,0.04737567901611328,44032,3.759370803833008,1.383910894393921,0.00398758240044117,0.2532699704170227,0.11651620268821716,,,,,,,,,,,
689,0.15222656726837158,0.15222656726837158,MoE-sBOED,0.04766058921813965,44096,3.760180950164795,1.3840546607971191,0.003968171775341034,0.2555517256259918,0.116517573595047,,,,,,,,,,,
690,0.16312500834465027,0.16312500834465027,MoE-sBOED,0.04735112190246582,44160,3.7999444007873535,1.3844685554504395,0.003518214449286461,0.2579958438873291,0.11655446887016296,,,,,,,,,,,
691,0.15187500417232513,0.15187500417232513,MoE-sBOED,0.05147600173950195,44224,3.7232327461242676,1.383958339691162,0.0034006517380476,0.2602577209472656,0.11659596860408783,,,,,,,,,,,
692,0.15996092557907104,0.15996092557907104,MoE-sBOED,0.04752206802368164,44288,3.758652687072754,1.3844361305236816,0.003268343862146139,0.25907763838768005,0.1166076511144638,,,,,,,,,,,
693,0.1574999988079071,0.1574999988079071,MoE-sBOED,0.04703497886657715,44352,3.7137885093688965,1.3842276334762573,0.0032779211178421974,0.2570720613002777,0.11658541858196259,,,,,,,,,,,
694,0.1589062511920929,0.1589062511920929,MoE-sBOED,0.04969978332519531,44416,3.7266972064971924,1.3842840194702148,0.0031437259167432785,0.25542929768562317,0.11654934287071228,,,,,,,,,,,
695,0.15433593094348907,0.15433593094348907,MoE-sBOED,0.0470728874206543,44480,3.765871524810791,1.384611964225769,0.003095949999988079,0.25396060943603516,0.11650295555591583,,,,,,,,,,,
696,0.14765626192092896,0.14765626192092896,MoE-sBOED,0.0469212532043457,44544,3.799936532974243,1.3847604990005493,0.002862431574612856,0.25328412652015686,0.11646248400211334,,,,,,,,,,,
697,0.15714843571186066,0.15714843571186066,MoE-sBOED,0.04727292060852051,44608,3.762967586517334,1.3843001127243042,0.0030691754072904587,0.253140926361084,0.1164495199918747,,,,,,,,,,,
698,0.15925781428813934,0.15925781428813934,MoE-sBOED,0.04662013053894043,44672,3.7843501567840576,1.3845347166061401,0.003218791214749217,0.2547745108604431,0.11647003889083862,,,,,,,,,,,
699,0.15328125655651093,0.15328125655651093,MoE-sBOED,0.04713773727416992,44736,3.7935497760772705,1.38448166847229,0.0032436209730803967,0.255533367395401,0.11647919565439224,,,,,,,,,,,
700,0.1399218738079071,0.1399218738079071,MoE-sBOED,0.04658365249633789,44800,3.7912113666534424,1.3845490217208862,0.0033574800472706556,0.2555481791496277,0.11646586656570435,0.14695312500000002,0.1653515625,2,0.5445089017353929,0.015625,0.1875,0,0.0101953125,1001.5403515625,0,diagnostic_only
701,0.16101562976837158,0.16101562976837158,MoE-sBOED,0.044646501541137695,44864,3.751405715942383,1.3840279579162598,0.0031524221412837505,0.25659576058387756,0.11644165962934494,,,,,,,,,,,
702,0.15539062023162842,0.15539062023162842,MoE-sBOED,0.047011375427246094,44928,3.7811059951782227,1.3842474222183228,0.0030477438122034073,0.2556009590625763,0.11642544716596603,,,,,,,,,,,
703,0.15328125655651093,0.15328125655651093,MoE-sBOED,0.05329775810241699,44992,3.78493332862854,1.3844184875488281,0.003478897735476494,0.2558214068412781,0.1164441704750061,,,,,,,,,,,
704,0.15539062023162842,0.15539062023162842,MoE-sBOED,0.0475306510925293,45056,3.8088879585266113,1.3847570419311523,0.003972026985138655,0.2564842104911804,0.11648771911859512,,,,,,,,,,,
705,0.14589844644069672,0.14589844644069672,MoE-sBOED,0.04675149917602539,45120,3.7718372344970703,1.3844621181488037,0.004404139239341021,0.2593209147453308,0.11650989204645157,,,,,,,,,,,
706,0.15257813036441803,0.15257813036441803,MoE-sBOED,0.046654462814331055,45184,3.7681164741516113,1.384528398513794,0.0045823208056390285,0.2605566382408142,0.11646512895822525,,,,,,,,,,,
707,0.15574219822883606,0.15574219822883606,MoE-sBOED,0.04773092269897461,45248,3.792154312133789,1.3848364353179932,0.004597477614879608,0.2592872381210327,0.11639449745416641,,,,,,,,,,,
708,0.15222656726837158,0.15222656726837158,MoE-sBOED,0.047524452209472656,45312,3.7937088012695312,1.3847696781158447,0.004398487973958254,0.25940224528312683,0.11636176705360413,,,,,,,,,,,
709,0.15539062023162842,0.15539062023162842,MoE-sBOED,0.04631209373474121,45376,3.816910743713379,1.3847867250442505,0.004135876428335905,0.25968921184539795,0.1163601204752922,,,,,,,,,,,
710,0.14835938811302185,0.14835938811302185,MoE-sBOED,0.0466609001159668,45440,3.827549934387207,1.3845741748809814,0.003982271067798138,0.2598338723182678,0.11639006435871124,,,,,,,,,,,
711,0.16945312917232513,0.16945312917232513,MoE-sBOED,0.04733872413635254,45504,3.8343276977539062,1.3842930793762207,0.004022040404379368,0.2616042494773865,0.11645004898309708,,,,,,,,,,,
712,0.15574219822883606,0.15574219822883606,MoE-sBOED,0.047530174255371094,45568,3.8172426223754883,1.383991003036499,0.0042725661769509315,0.2638992369174957,0.11647989600896835,,,,,,,,,,,
713,0.16101562976837158,0.16101562976837158,MoE-sBOED,0.04695773124694824,45632,3.83668851852417,1.3837378025054932,0.004009684547781944,0.2647215723991394,0.11648790538311005,,,,,,,,,,,
714,0.16171875596046448,0.16171875596046448,MoE-sBOED,0.046129465103149414,45696,3.83909273147583,1.3837177753448486,0.0039252713322639465,0.2643119692802429,0.11650119721889496,,,,,,,,,,,
715,0.1596093773841858,0.1596093773841858,MoE-sBOED,0.047031402587890625,45760,3.8350796699523926,1.3837544918060303,0.0037948698736727238,0.26217466592788696,0.11652141809463501,,,,,,,,,,,
716,0.15503907203674316,0.15503907203674316,MoE-sBOED,0.04705214500427246,45824,3.8407764434814453,1.3839178085327148,0.00356297823600471,0.2584025263786316,0.11652908474206924,,,,,,,,,,,
717,0.1560937464237213,0.1560937464237213,MoE-sBOED,0.04702162742614746,45888,3.848968744277954,1.3840291500091553,0.0031929193064570427,0.2562329173088074,0.11650864034891129,,,,,,,,,,,
718,0.1655859351158142,0.1655859351158142,MoE-sBOED,0.04669499397277832,45952,3.8480331897735596,1.3843289613723755,0.0032093054614961147,0.25838303565979004,0.11647624522447586,,,,,,,,,,,
719,0.15503907203674316,0.15503907203674316,MoE-sBOED,0.04832959175109863,46016,3.8447976112365723,1.3844637870788574,0.0031466237269341946,0.25887060165405273,0.11647236347198486,,,,,,,,,,,
720,0.15046875178813934,0.15046875178813934,MoE-sBOED,0.04843592643737793,46080,3.865889310836792,1.3847415447235107,0.0030450006015598774,0.25906145572662354,0.11651434749364853,,,,,,,,,,,
721,0.1589062511920929,0.1589062511920929,MoE-sBOED,0.046904563903808594,46144,3.835395574569702,1.3846023082733154,0.0035521523095667362,0.258213073015213,0.11658098548650742,,,,,,,,,,,
722,0.16312499344348907,0.16312499344348907,MoE-sBOED,0.04715895652770996,46208,3.854584217071533,1.3847711086273193,0.0037486026994884014,0.25571301579475403,0.11670141667127609,,,,,,,,,,,
723,0.14554688334465027,0.14554688334465027,MoE-sBOED,0.04710984230041504,46272,3.851090669631958,1.3846871852874756,0.004172281362116337,0.25572463870048523,0.1168188825249672,,,,,,,,,,,
724,0.1473046839237213,0.1473046839237213,MoE-sBOED,0.04751229286193848,46336,3.8465118408203125,1.3847274780273438,0.0048242900520563126,0.2538865804672241,0.1169055849313736,,,,,,,,,,,
725,0.1480078101158142,0.1480078101158142,MoE-sBOED,0.04703807830810547,46400,3.8372936248779297,1.3847014904022217,0.005517500452697277,0.25588834285736084,0.11693599075078964,0.15169921875,0.09919921875000001,3,0.9494966045993626,0.0234375,0.09375,0,0.0040429687500000006,1000.53669921875,0,diagnostic_only
726,0.1480078250169754,0.1480078250169754,MoE-sBOED,0.04494452476501465,46464,3.839895248413086,1.3847496509552002,0.005725156050175428,0.25516027212142944,0.11688907444477081,,,,,,,,,,,
727,0.15574219822883606,0.15574219822883606,MoE-sBOED,0.047363996505737305,46528,3.841809034347534,1.3849096298217773,0.00569492531940341,0.2543095350265503,0.11682217568159103,,,,,,,,,,,
728,0.15187500417232513,0.15187500417232513,MoE-sBOED,0.046547889709472656,46592,3.8522825241088867,1.3851909637451172,0.005285864230245352,0.25411850214004517,0.11671383678913116,,,,,,,,,,,
729,0.14625000953674316,0.14625000953674316,MoE-sBOED,0.046862125396728516,46656,3.8474488258361816,1.385239601135254,0.004633043427020311,0.25822335481643677,0.11658541858196259,,,,,,,,,,,
730,0.1508203148841858,0.1508203148841858,MoE-sBOED,0.047139644622802734,46720,3.873061418533325,1.3853139877319336,0.0035004829987883568,0.25943446159362793,0.1164807379245758,,,,,,,,,,,
731,0.1574999988079071,0.1574999988079071,MoE-sBOED,0.04702901840209961,46784,3.8886759281158447,1.3852778673171997,0.002716261660680175,0.2593112587928772,0.11640479415655136,,,,,,,,,,,
732,0.15257811546325684,0.15257811546325684,MoE-sBOED,0.046483755111694336,46848,3.889902114868164,1.3853193521499634,0.002403168473392725,0.25899291038513184,0.11633250117301941,,,,,,,,,,,
733,0.14976562559604645,0.14976562559604645,MoE-sBOED,0.04671311378479004,46912,3.8917179107666016,1.3853421211242676,0.0021571528632193804,0.2585468888282776,0.11627518385648727,,,,,,,,,,,
734,0.15046876668930054,0.15046876668930054,MoE-sBOED,0.04671335220336914,46976,3.893401861190796,1.385353684425354,0.0020356164313852787,0.2582094967365265,0.11622845381498337,,,,,,,,,,,
735,0.14625000953674316,0.14625000953674316,MoE-sBOED,0.0490107536315918,47040,3.873586416244507,1.3853509426116943,0.0020140507258474827,0.2571544051170349,0.11619751155376434,,,,,,,,,,,
736,0.1574999988079071,0.1574999988079071,MoE-sBOED,0.04798078536987305,47104,3.903820037841797,1.3856509923934937,0.0015516685089096427,0.2571150064468384,0.11619286239147186,,,,,,,,,,,
737,0.15468750894069672,0.15468750894069672,MoE-sBOED,0.046837806701660156,47168,3.8623204231262207,1.3854314088821411,0.001994064077734947,0.25723105669021606,0.11616966873407364,,,,,,,,,,,
738,0.14906249940395355,0.14906249940395355,MoE-sBOED,0.04539775848388672,47232,3.9020652770996094,1.3856894969940186,0.001639193156734109,0.25777366757392883,0.11613281816244125,,,,,,,,,,,
739,0.1567968726158142,0.1567968726158142,MoE-sBOED,0.04618430137634277,47296,3.8530850410461426,1.3853027820587158,0.0026904032565653324,0.2577211856842041,0.1161150112748146,,,,,,,,,,,
740,0.1392187476158142,0.1392187476158142,MoE-sBOED,0.04713249206542969,47360,3.850680351257324,1.3853594064712524,0.0032183383591473103,0.2569902539253235,0.11613742262125015,,,,,,,,,,,
741,0.15363281965255737,0.15363281965255737,MoE-sBOED,0.04668378829956055,47424,3.8393211364746094,1.3854233026504517,0.003860833588987589,0.25469210743904114,0.11617966741323471,,,,,,,,,,,
742,0.14308594167232513,0.14308594167232513,MoE-sBOED,0.04690885543823242,47488,3.7965545654296875,1.3850278854370117,0.004177704453468323,0.25476881861686707,0.1161995381116867,,,,,,,,,,,
743,0.1589062511920929,0.1589062511920929,MoE-sBOED,0.04685354232788086,47552,3.76754093170166,1.3850600719451904,0.004604831803590059,0.2547098398208618,0.11621160060167313,,,,,,,,,,,
744,0.1567968726158142,0.1567968726158142,MoE-sBOED,0.04727506637573242,47616,3.7521779537200928,1.384866714477539,0.004354681819677353,0.25379765033721924,0.11623165756464005,,,,,,,,,,,
745,0.15503907203674316,0.15503907203674316,MoE-sBOED,0.048056602478027344,47680,3.8128929138183594,1.385087490081787,0.003746774047613144,0.25245755910873413,0.11621440947055817,,,,,,,,,,,
746,0.15714845061302185,0.15714845061302185,MoE-sBOED,0.04720282554626465,47744,3.807908535003662,1.3851568698883057,0.0038904165849089622,0.25254499912261963,0.11619950830936432,,,,,,,,,,,
747,0.1508203148841858,0.1508203148841858,MoE-sBOED,0.04676699638366699,47808,3.791574239730835,1.3851113319396973,0.0037299625109881163,0.25207728147506714,0.11619585007429123,,,,,,,,,,,
748,0.15785157680511475,0.15785157680511475,MoE-sBOED,0.04663276672363281,47872,3.7571933269500732,1.3850091695785522,0.003503571031615138,0.2533392608165741,0.11613631993532181,,,,,,,,,,,
749,0.15257813036441803,0.15257813036441803,MoE-sBOED,0.04890155792236328,47936,3.7611613273620605,1.3851330280303955,0.003129296936094761,0.2549431324005127,0.1160372793674469,,,,,,,,,,,
750,0.15785157680511475,0.15785157680511475,MoE-sBOED,0.04730820655822754,48000,3.748159170150757,1.3848342895507812,0.0028642374090850353,0.25825729966163635,0.11594349145889282,0.14818359375,0.10779296875,5,0.8189524587289204,0.0390625,0.109375,0,0.005097656250000001,1000.70154296875,0,diagnostic_only
751,0.15925781428813934,0.15925781428813934,MoE-sBOED,0.0447237491607666,48064,3.6925573348999023,1.3838295936584473,0.003074995009228587,0.2642945647239685,0.11587607115507126,,,,,,,,,,,
752,0.15925781428813934,0.15925781428813934,MoE-sBOED,0.04595327377319336,48128,3.7724623680114746,1.3844423294067383,0.0025995527394115925,0.26177462935447693,0.11585213989019394,,,,,,,,,,,
753,0.1574999988079071,0.1574999988079071,MoE-sBOED,0.047772884368896484,48192,3.798541784286499,1.384678602218628,0.0025964519008994102,0.25994032621383667,0.11585384607315063,,,,,,,,,,,
754,0.1494140625,0.1494140625,MoE-sBOED,0.046543121337890625,48256,3.824092149734497,1.3846988677978516,0.003777627367526293,0.2587219476699829,0.11587373912334442,,,,,,,,,,,
755,0.15785157680511475,0.15785157680511475,MoE-sBOED,0.04830789566040039,48320,3.7503390312194824,1.383714199066162,0.005537313874810934,0.26088494062423706,0.1159096285700798,,,,,,,,,,,
756,0.14976562559604645,0.14976562559604645,MoE-sBOED,0.04723072052001953,48384,3.7566487789154053,1.3834834098815918,0.005969650577753782,0.2606358826160431,0.1159110888838768,,,,,,,,,,,
757,0.15714845061302185,0.15714845061302185,MoE-sBOED,0.04634809494018555,48448,3.7768659591674805,1.3834056854248047,0.007035726215690374,0.2636500298976898,0.11590573191642761,,,,,,,,,,,
758,0.1515234410762787,0.1515234410762787,MoE-sBOED,0.04684090614318848,48512,3.712233066558838,1.3824348449707031,0.009866716340184212,0.26280322670936584,0.11593474447727203,,,,,,,,,,,
759,0.158203125,0.158203125,MoE-sBOED,0.04725766181945801,48576,3.7346138954162598,1.3825093507766724,0.009354347363114357,0.26711636781692505,0.11594520509243011,,,,,,,,,,,
760,0.1494140625,0.1494140625,MoE-sBOED,0.048786163330078125,48640,3.803757905960083,1.383226990699768,0.007135230116546154,0.2705124020576477,0.11591265350580215,,,,,,,,,,,
761,0.15539062023162842,0.15539062023162842,MoE-sBOED,0.04796195030212402,48704,3.7774763107299805,1.3827033042907715,0.005885422229766846,0.26895996928215027,0.11590659618377686,,,,,,,,,,,
762,0.15574218332767487,0.15574218332767487,MoE-sBOED,0.04697394371032715,48768,3.770003080368042,1.3821427822113037,0.004523706156760454,0.2708027958869934,0.11592452228069305,,,,,,,,,,,
763,0.15433594584465027,0.15433594584465027,MoE-sBOED,0.0472712516784668,48832,3.7551522254943848,1.3802483081817627,0.0028306185267865658,0.275632381439209,0.11600757390260696,,,,,,,,,,,
764,0.16347657144069672,0.16347657144069672,MoE-sBOED,0.0482785701751709,48896,3.7203311920166016,1.3774011135101318,0.0025415155105292797,0.27825772762298584,0.11609160155057907,,,,,,,,,,,
765,0.15960939228534698,0.15960939228534698,MoE-sBOED,0.04730391502380371,48960,3.7252285480499268,1.3758636713027954,0.0025688998866826296,0.28078967332839966,0.11613590270280838,,,,,,,,,,,
766,0.15714845061302185,0.15714845061302185,MoE-sBOED,0.04710674285888672,49024,3.7357676029205322,1.3746696710586548,0.002616703510284424,0.2853959798812866,0.11619531363248825,,,,,,,,,,,
767,0.16101562976837158,0.16101562976837158,MoE-sBOED,0.04888606071472168,49088,3.819197416305542,1.3776886463165283,0.0022953576408326626,0.2873905301094055,0.11619129031896591,,,,,,,,,,,
768,0.1515234410762787,0.1515234410762787,MoE-sBOED,0.04749727249145508,49152,3.810089588165283,1.3800203800201416,0.0021666130051016808,0.2760419249534607,0.11611253023147583,,,,,,,,,,,
769,0.1669921875,0.1669921875,MoE-sBOED,0.047625064849853516,49216,3.822415828704834,1.3804197311401367,0.0018632322316989303,0.27507448196411133,0.11617278307676315,,,,,,,,,,,
770,0.14976562559604645,0.14976562559604645,MoE-sBOED,0.048150062561035156,49280,3.792310953140259,1.3788979053497314,0.002028085058555007,0.2760559916496277,0.11631752550601959,,,,,,,,,,,
771,0.15187500417232513,0.15187500417232513,MoE-sBOED,0.04861879348754883,49344,3.750411033630371,1.3776490688323975,0.002356859389692545,0.2715454697608948,0.11636099964380264,,,,,,,,,,,
772,0.1515234410762787,0.1515234410762787,MoE-sBOED,0.04780936241149902,49408,3.7963600158691406,1.3801486492156982,0.0026970673352479935,0.26812484860420227,0.11632277071475983,,,,,,,,,,,
773,0.14414063096046448,0.14414063096046448,MoE-sBOED,0.04651188850402832,49472,3.805858612060547,1.3816676139831543,0.0028275209479033947,0.2621639668941498,0.11626506596803665,,,,,,,,,,,
774,0.15328124165534973,0.15328124165534973,MoE-sBOED,0.04738783836364746,49536,3.8418548107147217,1.3833813667297363,0.0035419813357293606,0.2613135576248169,0.11621169000864029,,,,,,,,,,,
775,0.15574219822883606,0.15574219822883606,MoE-sBOED,0.04662680625915527,49600,3.8619890213012695,1.3844153881072998,0.004297000356018543,0.25355637073516846,0.11612551659345627,0.15468750000000003,0.1437890625,4,0.8155593423107725,0.03125,0.140625,0,0.007734375000000001,1001.0500390625,0,diagnostic_only
776,0.1589062511920929,0.1589062511920929,MoE-sBOED,0.04625296592712402,49664,3.866757869720459,1.3847804069519043,0.0050328439101576805,0.2556261420249939,0.11606024205684662,,,,,,,,,,,
777,0.14835938811302185,0.14835938811302185,MoE-sBOED,0.046445608139038086,49728,3.7967169284820557,1.383673906326294,0.006789407692849636,0.2546636164188385,0.11609291285276413,,,,,,,,,,,
778,0.15328124165534973,0.15328124165534973,MoE-sBOED,0.04787135124206543,49792,3.8254287242889404,1.384291648864746,0.007001989521086216,0.25452953577041626,0.1160547211766243,,,,,,,,,,,
779,0.1494140625,0.1494140625,MoE-sBOED,0.04719424247741699,49856,3.8113880157470703,1.3841387033462524,0.006723401602357626,0.25514858961105347,0.11593623459339142,,,,,,,,,,,
780,0.1603125035762787,0.1603125035762787,MoE-sBOED,0.047180891036987305,49920,3.773563861846924,1.3835875988006592,0.006837259046733379,0.256253182888031,0.11580463498830795,,,,,,,,,,,
781,0.15046875178813934,0.15046875178813934,MoE-sBOED,0.046851158142089844,49984,3.848278045654297,1.3849248886108398,0.006246048025786877,0.2567904591560364,0.11570943146944046,,,,,,,,,,,
782,0.14519530534744263,0.14519530534744263,MoE-sBOED,0.04833364486694336,50048,3.8008980751037598,1.3841664791107178,0.007000062149018049,0.25767576694488525,0.11566279828548431,,,,,,,,,,,
783,0.15117187798023224,0.15117187798023224,MoE-sBOED,0.04826807975769043,50112,3.7860262393951416,1.3841018676757812,0.006945524364709854,0.25942784547805786,0.11567698419094086,,,,,,,,,,,
784,0.16242188215255737,0.16242188215255737,MoE-sBOED,0.04696369171142578,50176,3.7845802307128906,1.3844274282455444,0.006269912235438824,0.2610219120979309,0.11571857333183289,,,,,,,,,,,
785,0.15996095538139343,0.15996095538139343,MoE-sBOED,0.04707908630371094,50240,3.7359843254089355,1.3837542533874512,0.0065733036026358604,0.2631354331970215,0.11576579511165619,,,,,,,,,,,
786,0.15433593094348907,0.15433593094348907,MoE-sBOED,0.0476076602935791,50304,3.7496848106384277,1.3839106559753418,0.005882625933736563,0.2613591253757477,0.11576343327760696,,,,,,,,,,,
787,0.15468749403953552,0.15468749403953552,MoE-sBOED,0.046729087829589844,50368,3.753119945526123,1.3839662075042725,0.005563115235418081,0.2597697377204895,0.1157447099685669,,,,,,,,,,,
788,0.158203125,0.158203125,MoE-sBOED,0.04842019081115723,50432,3.8163650035858154,1.3848376274108887,0.004320488311350346,0.25716009736061096,0.1157158687710762,,,,,,,,,,,
789,0.15468750894069672,0.15468750894069672,MoE-sBOED,0.04780697822570801,50496,3.8066492080688477,1.3842966556549072,0.0049058981239795685,0.2581259310245514,0.11563891917467117,,,,,,,,,,,
790,0.15503907203674316,0.15503907203674316,MoE-sBOED,0.04665565490722656,50560,3.848944664001465,1.3845546245574951,0.004531992599368095,0.259126216173172,0.1155540943145752,,,,,,,,,,,
791,0.1603125035762787,0.1603125035762787,MoE-sBOED,0.04673886299133301,50624,3.828160524368286,1.3838509321212769,0.004805093631148338,0.2592073678970337,0.11550851166248322,,,,,,,,,,,
792,0.1683984398841858,0.1683984398841858,MoE-sBOED,0.0470738410949707,50688,3.7764012813568115,1.3813798427581787,0.004837112966924906,0.2656652331352234,0.11548842489719391,,,,,,,,,,,
793,0.15433594584465027,0.15433594584465027,MoE-sBOED,0.04684329032897949,50752,3.803402900695801,1.38138747215271,0.004449902102351189,0.26414719223976135,0.11545396596193314,,,,,,,,,,,
794,0.14976561069488525,0.14976561069488525,MoE-sBOED,0.04775857925415039,50816,3.761439800262451,1.3773115873336792,0.004951883107423782,0.269644170999527,0.11539127677679062,,,,,,,,,,,
795,0.15644530951976776,0.15644530951976776,MoE-sBOED,0.04705691337585449,50880,3.8129758834838867,1.3773126602172852,0.004367349203675985,0.2624166011810303,0.11534738540649414,,,,,,,,,,,
796,0.1603125035762787,0.1603125035762787,MoE-sBOED,0.04693198204040527,50944,3.772904396057129,1.3728957176208496,0.005147784482687712,0.26867276430130005,0.11531994491815567,,,,,,,,,,,
797,0.15222656726837158,0.15222656726837158,MoE-sBOED,0.04686284065246582,51008,3.808171272277832,1.3762316703796387,0.0054985396564006805,0.26211902499198914,0.11527294665575027,,,,,,,,,,,
798,0.15925781428813934,0.15925781428813934,MoE-sBOED,0.046965837478637695,51072,3.823272228240967,1.378016710281372,0.006139975041151047,0.2632890045642853,0.11526478826999664,,,,,,,,,,,
799,0.14167968928813934,0.14167968928813934,MoE-sBOED,0.04782247543334961,51136,3.7808494567871094,1.373183250427246,0.006223226897418499,0.26431310176849365,0.11527055501937866,,,,,,,,,,,
800,0.158203125,0.158203125,MoE-sBOED,0.046556711196899414,51200,3.8387060165405273,1.3789421319961548,0.005134124308824539,0.26313528418540955,0.11521042883396149,0.15380859375000003,0.15658203125,3,0.5363593120000422,0.0234375,0.171875,0,0.0087890625,1001.37533203125,0,diagnostic_only
801,0.15117189288139343,0.15117189288139343,MoE-sBOED,0.045365095138549805,51264,3.8552498817443848,1.381032943725586,0.005179848056286573,0.2637442648410797,0.11511792242527008,,,,,,,,,,,
802,0.15363281965255737,0.15363281965255737,MoE-sBOED,0.04668140411376953,51328,3.8527870178222656,1.381034016609192,0.005440462380647659,0.26380959153175354,0.11509032547473907,,,,,,,,,,,
803,0.14660155773162842,0.14660155773162842,MoE-sBOED,0.047629594802856445,51392,3.869389533996582,1.3822815418243408,0.00600470183417201,0.264110803604126,0.1150791347026825,,,,,,,,,,,
804,0.14625000953674316,0.14625000953674316,MoE-sBOED,0.0477290153503418,51456,3.8631792068481445,1.381874918937683,0.0062820762395858765,0.2635800838470459,0.11505281925201416,,,,,,,,,,,
805,0.16101562976837158,0.16101562976837158,MoE-sBOED,0.047545671463012695,51520,3.928699016571045,1.3838971853256226,0.006305709481239319,0.2672666907310486,0.11503961682319641,,,,,,,,,,,
806,0.14343750476837158,0.14343750476837158,MoE-sBOED,0.04854226112365723,51584,3.7998805046081543,1.3774464130401611,0.007631070911884308,0.259806752204895,0.11507399380207062,,,,,,,,,,,
807,0.15187500417232513,0.15187500417232513,MoE-sBOED,0.0473780632019043,51648,3.8399689197540283,1.3788827657699585,0.006009608507156372,0.2593511641025543,0.11508916318416595,,,,,,,,,,,
808,0.1508203148841858,0.1508203148841858,MoE-sBOED,0.04753422737121582,51712,3.8448047637939453,1.3793208599090576,0.005962794180959463,0.25852566957473755,0.11505318433046341,,,,,,,,,,,
809,0.16171875596046448,0.16171875596046448,MoE-sBOED,0.04825568199157715,51776,3.8027541637420654,1.3786870241165161,0.0065527418628335,0.2612784206867218,0.11499140411615372,,,,,,,,,,,
810,0.15257813036441803,0.15257813036441803,MoE-sBOED,0.04699540138244629,51840,3.8856379985809326,1.3829436302185059,0.0048017050139606,0.26048389077186584,0.1149362176656723,,,,,,,,,,,
811,0.15539062023162842,0.15539062023162842,MoE-sBOED,0.04671287536621094,51904,3.822754383087158,1.3783193826675415,0.004657696932554245,0.2619442343711853,0.11496911942958832,,,,,,,,,,,
812,0.1560937613248825,0.1560937613248825,MoE-sBOED,0.04712677001953125,51968,3.8591601848602295,1.3802993297576904,0.0038075183983892202,0.2584015429019928,0.11502720415592194,,,,,,,,,,,
813,0.15574219822883606,0.15574219822883606,MoE-sBOED,0.047104835510253906,52032,3.8053905963897705,1.3755662441253662,0.004143201280385256,0.2655995488166809,0.11506626754999161,,,,,,,,,,,
814,0.1494140625,0.1494140625,MoE-sBOED,0.0463869571685791,52096,3.8349926471710205,1.378749132156372,0.003358250018209219,0.2603105902671814,0.11510541290044785,,,,,,,,,,,
815,0.15257813036441803,0.15257813036441803,MoE-sBOED,0.04733419418334961,52160,3.816772937774658,1.377719521522522,0.0034483219496905804,0.2630550265312195,0.11514487117528915,,,,,,,,,,,
816,0.15117186307907104,0.15117186307907104,MoE-sBOED,0.04888463020324707,52224,3.776757001876831,1.3765426874160767,0.003783009946346283,0.2679377794265747,0.11514550447463989,,,,,,,,,,,
817,0.15503907203674316,0.15503907203674316,MoE-sBOED,0.047186851501464844,52288,3.820836305618286,1.3802748918533325,0.003207220695912838,0.2573452591896057,0.11513793468475342,,,,,,,,,,,
818,0.15925781428813934,0.15925781428813934,MoE-sBOED,0.04696059226989746,52352,3.812035322189331,1.381618618965149,0.0029344423674046993,0.2581273317337036,0.11509179323911667,,,,,,,,,,,
819,0.1560937464237213,0.1560937464237213,MoE-sBOED,0.04686594009399414,52416,3.8840465545654297,1.385132074356079,0.0023078080266714096,0.2614208459854126,0.11503265053033829,,,,,,,,,,,
820,0.15644530951976776,0.15644530951976776,MoE-sBOED,0.046561479568481445,52480,3.867514133453369,1.3848440647125244,0.002116117626428604,0.260274738073349,0.11500464379787445,,,,,,,,,,,
821,0.1494140625,0.1494140625,MoE-sBOED,0.048009395599365234,52544,3.865908622741699,1.3852335214614868,0.0022812001407146454,0.25846540927886963,0.1149715706706047,,,,,,,,,,,
822,0.1473046839237213,0.1473046839237213,MoE-sBOED,0.04729890823364258,52608,3.8918662071228027,1.3855072259902954,0.0022230155300348997,0.2590174376964569,0.11493559926748276,,,,,,,,,,,
823,0.16242188215255737,0.16242188215255737,MoE-sBOED,0.04786849021911621,52672,3.8962948322296143,1.3855164051055908,0.0024630622938275337,0.2585861086845398,0.11490363627672195,,,,,,,,,,,
824,0.14906249940395355,0.14906249940395355,MoE-sBOED,0.0475316047668457,52736,3.8924355506896973,1.3854899406433105,0.003073440631851554,0.25823450088500977,0.11487296223640442,,,,,,,,,,,
825,0.15117189288139343,0.15117189288139343,MoE-sBOED,0.048017024993896484,52800,3.897960662841797,1.3853541612625122,0.00512008648365736,0.2590768039226532,0.11484984308481216,0.153984375,0.12882812500000002,3,0.091315261764256,0.0234375,0.15625,0,0.006152343750000001,1001.191328125,0,diagnostic_only
826,0.15117186307907104,0.15117186307907104,MoE-sBOED,0.0466313362121582,52864,3.9302051067352295,1.3856747150421143,0.004288771189749241,0.2610161304473877,0.1148650199174881,,,,,,,,,,,
827,0.1574999988079071,0.1574999988079071,MoE-sBOED,0.04522705078125,52928,3.9252967834472656,1.3856761455535889,0.0041193789802491665,0.2602196931838989,0.11487619578838348,,,,,,,,,,,
828,0.14519530534744263,0.14519530534744263,MoE-sBOED,0.04725360870361328,52992,3.892009973526001,1.3853342533111572,0.0037024233024567366,0.25830787420272827,0.11490022391080856,,,,,,,,,,,
829,0.1575000137090683,0.1575000137090683,MoE-sBOED,0.04698634147644043,53056,3.898092269897461,1.3854327201843262,0.002305341651663184,0.2573750615119934,0.11492493003606796,,,,,,,,,,,
830,0.15398436784744263,0.15398436784744263,MoE-sBOED,0.04899954795837402,53120,3.8956995010375977,1.385394811630249,0.0020366245880723,0.2552186846733093,0.11489962041378021,,,,,,,,,,,
831,0.14624999463558197,0.14624999463558197,MoE-sBOED,0.04825997352600098,53184,3.835961103439331,1.3845946788787842,0.0027149959933012724,0.25209182500839233,0.11481751501560211,,,,,,,,,,,
832,0.16347655653953552,0.16347655653953552,MoE-sBOED,0.04733848571777344,53248,3.8643462657928467,1.3851876258850098,0.0024104451294988394,0.25235888361930847,0.11476826667785645,,,,,,,,,,,
833,0.15222656726837158,0.15222656726837158,MoE-sBOED,0.04859733581542969,53312,3.838465929031372,1.385021448135376,0.0028572240844368935,0.2522406578063965,0.11473984271287918,,,,,,,,,,,
834,0.15046875178813934,0.15046875178813934,MoE-sBOED,0.0486454963684082,53376,3.8501088619232178,1.3852832317352295,0.0026110808830708265,0.25211653113365173,0.1147083267569542,,,,,,,,,,,
835,0.15468750894069672,0.15468750894069672,MoE-sBOED,0.047638654708862305,53440,3.8320071697235107,1.3849501609802246,0.002571298275142908,0.2540239989757538,0.11469222605228424,,,,,,,,,,,
836,0.16171875596046448,0.16171875596046448,MoE-sBOED,0.04683399200439453,53504,3.876173734664917,1.385748028755188,0.0020170744974166155,0.25337594747543335,0.11468983441591263,,,,,,,,,,,
837,0.16066406667232513,0.16066406667232513,MoE-sBOED,0.04697918891906738,53568,3.8923840522766113,1.3858733177185059,0.0016463499050587416,0.2539697587490082,0.11468148976564407,,,,,,,,,,,
838,0.15433594584465027,0.15433594584465027,MoE-sBOED,0.04866647720336914,53632,3.849781036376953,1.3849167823791504,0.0019331052899360657,0.2574921250343323,0.11467637121677399,,,,,,,,,,,
839,0.15996092557907104,0.15996092557907104,MoE-sBOED,0.0472111701965332,53696,3.8952786922454834,1.3856974840164185,0.0016581621021032333,0.25520947575569153,0.11467858403921127,,,,,,,,,,,
840,0.15433594584465027,0.15433594584465027,MoE-sBOED,0.04701519012451172,53760,3.8769094944000244,1.385180950164795,0.0021473250817507505,0.2573201060295105,0.11465148627758026,,,,,,,,,,,
841,0.14167968928813934,0.14167968928813934,MoE-sBOED,0.04822897911071777,53824,3.8822014331817627,1.3851044178009033,0.0025108763948082924,0.25614437460899353,0.11463499069213867,,,,,,,,,,,
842,0.15468749403953552,0.15468749403953552,MoE-sBOED,0.04750990867614746,53888,3.8738908767700195,1.3851133584976196,0.002994926180690527,0.2566569447517395,0.11463357508182526,,,,,,,,,,,
843,0.16382813453674316,0.16382813453674316,MoE-sBOED,0.047040700912475586,53952,3.829314947128296,1.3839802742004395,0.0038574151694774628,0.26067110896110535,0.1146445944905281,,,,,,,,,,,
844,0.15363281965255737,0.15363281965255737,MoE-sBOED,0.047240257263183594,54016,3.8754799365997314,1.3848180770874023,0.003623030614107847,0.2575715482234955,0.11464445292949677,,,,,,,,,,,
845,0.16593751311302185,0.16593751311302185,MoE-sBOED,0.04604959487915039,54080,3.8886332511901855,1.3851447105407715,0.0036203176714479923,0.2562951147556305,0.11459235846996307,,,,,,,,,,,
846,0.15855468809604645,0.15855468809604645,MoE-sBOED,0.04689216613769531,54144,3.846245765686035,1.3845300674438477,0.004303894937038422,0.25879162549972534,0.11452227085828781,,,,,,,,,,,
847,0.15433594584465027,0.15433594584465027,MoE-sBOED,0.04841279983520508,54208,3.8631978034973145,1.3851234912872314,0.004076672717928886,0.2574411928653717,0.11447619646787643,,,,,,,,,,,
848,0.15785157680511475,0.15785157680511475,MoE-sBOED,0.04763507843017578,54272,3.854836940765381,1.385247826576233,0.0034617148339748383,0.25684547424316406,0.11440322548151016,,,,,,,,,,,
849,0.16382813453674316,0.16382813453674316,MoE-sBOED,0.04848361015319824,54336,3.862743616104126,1.3856825828552246,0.0033525738399475813,0.2553173005580902,0.11434336751699448,,,,,,,,,,,
850,0.1480078101158142,0.1480078101158142,MoE-sBOED,0.04700613021850586,54400,3.8721978664398193,1.3859280347824097,0.0032587889581918716,0.2538371682167053,0.11431711167097092,0.15310546875000003,0.12697265625,3,0.3192161912533834,0.0234375,0.1640625,0,0.005976562500000001,1001.26759765625,0,diagnostic_only
851,0.15363281965255737,0.15363281965255737,MoE-sBOED,0.04454684257507324,54464,3.8353543281555176,1.3856360912322998,0.003161367727443576,0.2538434863090515,0.11428689956665039,,,,,,,,,,,
852,0.1574999988079071,0.1574999988079071,MoE-sBOED,0.04630112648010254,54528,3.8848769664764404,1.3860664367675781,0.0026622945442795753,0.25190258026123047,0.11422722786664963,,,,,,,,,,,
853,0.1560937613248825,0.1560937613248825,MoE-sBOED,0.047745704650878906,54592,3.822890281677246,1.3856289386749268,0.003590637817978859,0.2513478994369507,0.1142020970582962,,,,,,,,,,,
854,0.1473046839237213,0.1473046839237213,MoE-sBOED,0.04627084732055664,54656,3.816378593444824,1.385554313659668,0.0032235037069767714,0.25181183218955994,0.11419281363487244,,,,,,,,,,,
855,0.14378906786441803,0.14378906786441803,MoE-sBOED,0.046987295150756836,54720,3.7872986793518066,1.3854835033416748,0.0034492991399019957,0.25340521335601807,0.1141875684261322,,,,,,,,,,,
856,0.16242186725139618,0.16242186725139618,MoE-sBOED,0.0463719367980957,54784,3.875553607940674,1.3860293626785278,0.002487346064299345,0.25154995918273926,0.11417187750339508,,,,,,,,,,,
857,0.16066406667232513,0.16066406667232513,MoE-sBOED,0.04591941833496094,54848,3.8166937828063965,1.385732650756836,0.0031116444151848555,0.2531958222389221,0.11415102332830429,,,,,,,,,,,
858,0.16277344524860382,0.16277344524860382,MoE-sBOED,0.047928810119628906,54912,3.7608211040496826,1.3853529691696167,0.003728218376636505,0.256099671125412,0.1141631007194519,,,,,,,,,,,
859,0.15292969346046448,0.15292969346046448,MoE-sBOED,0.04790210723876953,54976,3.76994252204895,1.385460376739502,0.0038972613401710987,0.2561480402946472,0.11415035277605057,,,,,,,,,,,
860,0.15398436784744263,0.15398436784744263,MoE-sBOED,0.0484766960144043,55040,3.800495147705078,1.385521650314331,0.003940073307603598,0.2543896436691284,0.11413228511810303,,,,,,,,,,,
861,0.1560937464237213,0.1560937464237213,MoE-sBOED,0.04766988754272461,55104,3.7514164447784424,1.3849536180496216,0.005787993781268597,0.2577642798423767,0.11412431299686432,,,,,,,,,,,
862,0.15398438274860382,0.15398438274860382,MoE-sBOED,0.04659390449523926,55168,3.8096001148223877,1.3849538564682007,0.005867470055818558,0.2560231685638428,0.1140957772731781,,,,,,,,,,,
863,0.1574999988079071,0.1574999988079071,MoE-sBOED,0.04668116569519043,55232,3.8398520946502686,1.3850722312927246,0.005756298080086708,0.2551024258136749,0.1140434592962265,,,,,,,,,,,
864,0.1641796976327896,0.1641796976327896,MoE-sBOED,0.046741485595703125,55296,3.87081241607666,1.3851191997528076,0.005310737993568182,0.2547672390937805,0.11396376043558121,,,,,,,,,,,
865,0.1567968726158142,0.1567968726158142,MoE-sBOED,0.04724740982055664,55360,3.812772274017334,1.384106159210205,0.005344964098185301,0.2586650848388672,0.11389067023992538,,,,,,,,,,,
866,0.16101562976837158,0.16101562976837158,MoE-sBOED,0.047060489654541016,55424,3.851377487182617,1.3845014572143555,0.004823743365705013,0.25610223412513733,0.11382834613323212,,,,,,,,,,,
867,0.1473046839237213,0.1473046839237213,MoE-sBOED,0.047022342681884766,55488,3.855891227722168,1.3846081495285034,0.00482134148478508,0.255241334438324,0.11376506090164185,,,,,,,,,,,
868,0.1560937464237213,0.1560937464237213,MoE-sBOED,0.04809856414794922,55552,3.8819828033447266,1.3849689960479736,0.005058129783719778,0.25369009375572205,0.11370841413736343,,,,,,,,,,,
869,0.14167968928813934,0.14167968928813934,MoE-sBOED,0.04793977737426758,55616,3.8995327949523926,1.385267972946167,0.004712456371635199,0.2528991103172302,0.1136932224035263,,,,,,,,,,,
870,0.15187501907348633,0.15187501907348633,MoE-sBOED,0.04685401916503906,55680,3.9125490188598633,1.3854570388793945,0.004012648947536945,0.25244084000587463,0.11370760202407837,,,,,,,,,,,
871,0.1603125035762787,0.1603125035762787,MoE-sBOED,0.04675793647766113,55744,3.8911871910095215,1.38479745388031,0.0037993041332811117,0.255916565656662,0.11371492594480515,,,,,,,,,,,
872,0.15398438274860382,0.15398438274860382,MoE-sBOED,0.049582481384277344,55808,3.9039173126220703,1.384792685508728,0.0032490636222064495,0.2557082772254944,0.11370382457971573,,,,,,,,,,,
873,0.16453126072883606,0.16453126072883606,MoE-sBOED,0.04713010787963867,55872,3.907862424850464,1.3849283456802368,0.003367926459759474,0.2558022737503052,0.11369729042053223,,,,,,,,,,,
874,0.158203125,0.158203125,MoE-sBOED,0.04702115058898926,55936,3.9098658561706543,1.385051965713501,0.00354201253503561,0.2553972601890564,0.11371539533138275,,,,,,,,,,,
875,0.1560937464237213,0.1560937464237213,MoE-sBOED,0.04842257499694824,56000,3.9105820655822754,1.3850961923599243,0.0036635517608374357,0.2553483247756958,0.1137654110789299,0.14835937500000002,0.106015625,1,-0.0,0.0078125,0.125,0,0.00474609375,1000.856015625,0,diagnostic_only
876,0.1589062511920929,0.1589062511920929,MoE-sBOED,0.046709537506103516,56064,3.8967809677124023,1.384799599647522,0.003571813926100731,0.2557446360588074,0.11380136013031006,,,,,,,,,,,
877,0.15468749403953552,0.15468749403953552,MoE-sBOED,0.04530906677246094,56128,3.881999969482422,1.384569525718689,0.003619250375777483,0.2552946209907532,0.11381722241640091,,,,,,,,,,,
878,0.15363281965255737,0.15363281965255737,MoE-sBOED,0.04663991928100586,56192,3.834476947784424,1.383387804031372,0.004027213901281357,0.2611725330352783,0.11384265124797821,,,,,,,,,,,
879,0.1560937464237213,0.1560937464237213,MoE-sBOED,0.0466158390045166,56256,3.8855810165405273,1.3853667974472046,0.0029348041862249374,0.2536669373512268,0.11385232210159302,,,,,,,,,,,
880,0.15539062023162842,0.15539062023162842,MoE-sBOED,0.046593427658081055,56320,3.8905065059661865,1.3857289552688599,0.0023689980152994394,0.2522927224636078,0.11381909996271133,,,,,,,,,,,
881,0.16101562976837158,0.16101562976837158,MoE-sBOED,0.046820640563964844,56384,3.8767600059509277,1.3855619430541992,0.0022334435489028692,0.25306135416030884,0.11376471817493439,,,,,,,,,,,
882,0.15046876668930054,0.15046876668930054,MoE-sBOED,0.046752214431762695,56448,3.8558080196380615,1.385432243347168,0.002272709971293807,0.2533731162548065,0.11372355371713638,,,,,,,,,,,
883,0.15363281965255737,0.15363281965255737,MoE-sBOED,0.04935264587402344,56512,3.8890507221221924,1.3859423398971558,0.0016575194895267487,0.255031943321228,0.11368661373853683,,,,,,,,,,,
884,0.1574999988079071,0.1574999988079071,MoE-sBOED,0.04751706123352051,56576,3.837409496307373,1.3855146169662476,0.0022361278533935547,0.2554776072502136,0.1136387512087822,,,,,,,,,,,
885,0.1641796976327896,0.1641796976327896,MoE-sBOED,0.046889543533325195,56640,3.8757758140563965,1.3857743740081787,0.0017641554586589336,0.25635072588920593,0.11359870433807373,,,,,,,,,,,
886,0.1494140625,0.1494140625,MoE-sBOED,0.046004533767700195,56704,3.851209878921509,1.3856474161148071,0.001819114899262786,0.2573373317718506,0.11359711736440659,,,,,,,,,,,
887,0.15398436784744263,0.15398436784744263,MoE-sBOED,0.04794669151306152,56768,3.8754935264587402,1.3857923746109009,0.0012929266085848212,0.25751399993896484,0.11361145228147507,,,,,,,,,,,
888,0.1427343785762787,0.1427343785762787,MoE-sBOED,0.04797840118408203,56832,3.887545347213745,1.385849952697754,0.0011059235548600554,0.2573959231376648,0.11362873762845993,,,,,,,,,,,
889,0.15468749403953552,0.15468749403953552,MoE-sBOED,0.04693269729614258,56896,3.86653995513916,1.3857777118682861,0.0013297449331730604,0.25715532898902893,0.11366533488035202,,,,,,,,,,,
890,0.15855468809604645,0.15855468809604645,MoE-sBOED,0.047031402587890625,56960,3.813307762145996,1.3856310844421387,0.0017909760354086757,0.25759634375572205,0.1136985644698143,,,,,,,,,,,
891,0.15503907203674316,0.15503907203674316,MoE-sBOED,0.0486299991607666,57024,3.7725415229797363,1.3855141401290894,0.0020954168867319822,0.2591472566127777,0.11371069401502609,,,,,,,,,,,
892,0.158203125,0.158203125,MoE-sBOED,0.048120975494384766,57088,3.8261749744415283,1.3857131004333496,0.0015713395550847054,0.25702178478240967,0.11371611058712006,,,,,,,,,,,
893,0.15644530951976776,0.15644530951976776,MoE-sBOED,0.04713916778564453,57152,3.8141088485717773,1.3857585191726685,0.0015834197402000427,0.2559076249599457,0.1137109026312828,,,,,,,,,,,
894,0.16242188215255737,0.16242188215255737,MoE-sBOED,0.04657435417175293,57216,3.781421661376953,1.3855711221694946,0.001790610607713461,0.2528296709060669,0.11369184404611588,,,,,,,,,,,
895,0.15925782918930054,0.15925782918930054,MoE-sBOED,0.046813011169433594,57280,3.772209644317627,1.3855292797088623,0.0017013180768117309,0.25089240074157715,0.11368168890476227,,,,,,,,,,,
896,0.15714845061302185,0.15714845061302185,MoE-sBOED,0.04714632034301758,57344,3.786698341369629,1.3855259418487549,0.0015231783036142588,0.25100088119506836,0.11366662383079529,,,,,,,,,,,
897,0.1480078101158142,0.1480078101158142,MoE-sBOED,0.048870086669921875,57408,3.8274359703063965,1.3857072591781616,0.0012099689338356256,0.2514174282550812,0.11364497244358063,,,,,,,,,,,
898,0.15363281965255737,0.15363281965255737,MoE-sBOED,0.048046112060546875,57472,3.814086675643921,1.3855873346328735,0.001374996267259121,0.25125977396965027,0.11363207548856735,,,,,,,,,,,
899,0.14765624701976776,0.14765624701976776,MoE-sBOED,0.04614853858947754,57536,3.7348053455352783,1.3851706981658936,0.0019919867627322674,0.2526169419288635,0.11363180726766586,,,,,,,,,,,
900,0.15960939228534698,0.15960939228534698,MoE-sBOED,0.047287940979003906,57600,3.810774326324463,1.3856470584869385,0.0014009703882038593,0.2524104118347168,0.11363180726766586,0.15205078125,0.13841796875,4,0.9739961245643547,0.03125,0.1484375,0,0.0073828125000000005,1001.12279296875,0,diagnostic_only
901,0.15996092557907104,0.15996092557907104,MoE-sBOED,0.044510841369628906,57664,3.721205234527588,1.385434865951538,0.0020088518504053354,0.2535977363586426,0.11367054283618927,,,,,,,,,,,
902,0.15398438274860382,0.15398438274860382,MoE-sBOED,0.04493236541748047,57728,3.8464794158935547,1.3858171701431274,0.001157992403022945,0.2543385922908783,0.11369559168815613,,,,,,,,,,,
903,0.1691015660762787,0.1691015660762787,MoE-sBOED,0.04637789726257324,57792,3.8387832641601562,1.385789394378662,0.0012207247782498598,0.2537744641304016,0.11370453983545303,,,,,,,,,,,
904,0.15257811546325684,0.15257811546325684,MoE-sBOED,0.04669904708862305,57856,3.804581642150879,1.3857338428497314,0.0015505608171224594,0.25250136852264404,0.11371102929115295,,,,,,,,,,,
905,0.1515234410762787,0.1515234410762787,MoE-sBOED,0.046729087829589844,57920,3.7969484329223633,1.3854620456695557,0.0017772226128727198,0.2521989345550537,0.11368453502655029,,,,,,,,,,,
906,0.15785157680511475,0.15785157680511475,MoE-sBOED,0.046900272369384766,57984,3.847426414489746,1.3856961727142334,0.0015421872958540916,0.25232768058776855,0.11364544928073883,,,,,,,,,,,
907,0.15574218332767487,0.15574218332767487,MoE-sBOED,0.04722166061401367,58048,3.8282899856567383,1.3854602575302124,0.0016645960276946425,0.2515495717525482,0.11360601335763931,,,,,,,,,,,
908,0.16277343034744263,0.16277343034744263,MoE-sBOED,0.04843902587890625,58112,3.86041522026062,1.3855693340301514,0.0015055362600833178,0.2516740560531616,0.11357294023036957,,,,,,,,,,,
909,0.15222656726837158,0.15222656726837158,MoE-sBOED,0.04900026321411133,58176,3.8700428009033203,1.3857005834579468,0.00131079216953367,0.25287890434265137,0.11355374753475189,,,,,,,,,,,
910,0.16945311427116394,0.16945311427116394,MoE-sBOED,0.04717206954956055,58240,3.8546531200408936,1.3856509923934937,0.0013620450627058744,0.2520422339439392,0.11355264484882355,,,,,,,,,,,
911,0.16171875596046448,0.16171875596046448,MoE-sBOED,0.0499272346496582,58304,3.872238874435425,1.3858646154403687,0.0012558936141431332,0.2528674602508545,0.11354952305555344,,,,,,,,,,,
912,0.15046875178813934,0.15046875178813934,MoE-sBOED,0.04841780662536621,58368,3.8595216274261475,1.3856967687606812,0.0013746514450758696,0.25260239839553833,0.11352387815713882,,,,,,,,,,,
913,0.15292967855930328,0.15292967855930328,MoE-sBOED,0.04832148551940918,58432,3.888105869293213,1.3858401775360107,0.001434075878933072,0.25349894165992737,0.11349257826805115,,,,,,,,,,,
914,0.15855468809604645,0.15855468809604645,MoE-sBOED,0.0473780632019043,58496,3.8882408142089844,1.3858140707015991,0.0016450672410428524,0.2538413107395172,0.1134708821773529,,,,,,,,,,,
915,0.1553906351327896,0.1553906351327896,MoE-sBOED,0.046392202377319336,58560,3.8936877250671387,1.3858006000518799,0.0015989472158253193,0.2544115483760834,0.11345682293176651,,,,,,,,,,,
916,0.16101562976837158,0.16101562976837158,MoE-sBOED,0.04666757583618164,58624,3.9008779525756836,1.3858240842819214,0.0016432679258286953,0.2543286681175232,0.1134343221783638,,,,,,,,,,,
917,0.14414063096046448,0.14414063096046448,MoE-sBOED,0.046653032302856445,58688,3.878084182739258,1.3858153820037842,0.0017151159700006247,0.2534002661705017,0.1134239211678505,,,,,,,,,,,
918,0.14906249940395355,0.14906249940395355,MoE-sBOED,0.04753851890563965,58752,3.8911781311035156,1.385852575302124,0.0016066702082753181,0.25304847955703735,0.11340133845806122,,,,,,,,,,,
919,0.15468749403953552,0.15468749403953552,MoE-sBOED,0.046451568603515625,58816,3.8716864585876465,1.3858293294906616,0.001477035228163004,0.254240483045578,0.11338473111391068,,,,,,,,,,,
920,0.1560937613248825,0.1560937613248825,MoE-sBOED,0.048137664794921875,58880,3.879302978515625,1.385809302330017,0.0013213468482717872,0.2549971044063568,0.11337517946958542,,,,,,,,,,,
921,0.14906249940395355,0.14906249940395355,MoE-sBOED,0.04715585708618164,58944,3.873106002807617,1.3857917785644531,0.0012635223101824522,0.2547709047794342,0.11337562650442123,,,,,,,,,,,
922,0.16382813453674316,0.16382813453674316,MoE-sBOED,0.046396493911743164,59008,3.887234926223755,1.3857136964797974,0.0014604497700929642,0.25331273674964905,0.11339129507541656,,,,,,,,,,,
923,0.15855468809604645,0.15855468809604645,MoE-sBOED,0.046448469161987305,59072,3.868508815765381,1.3857009410858154,0.0015768794110044837,0.2532181739807129,0.11341210454702377,,,,,,,,,,,
924,0.15996094048023224,0.15996094048023224,MoE-sBOED,0.04701638221740723,59136,3.865185499191284,1.3857250213623047,0.001647683558985591,0.25267940759658813,0.11343466490507126,,,,,,,,,,,
925,0.1567968726158142,0.1567968726158142,MoE-sBOED,0.04825329780578613,59200,3.858952760696411,1.3857156038284302,0.001592216081917286,0.2531116008758545,0.11346618831157684,0.15328125,0.1517578125,2,0.045688389073983635,0.015625,0.1640625,0,0.0084375,1001.2923828125,0,diagnostic_only
926,0.14484375715255737,0.14484375715255737,MoE-sBOED,0.04675769805908203,59264,3.8646488189697266,1.385690689086914,0.0015587527304887772,0.25310248136520386,0.11347643285989761,,,,,,,,,,,
927,0.15574219822883606,0.15574219822883606,MoE-sBOED,0.045094966888427734,59328,3.8450722694396973,1.3856674432754517,0.0016797930002212524,0.2524968981742859,0.1134534701704979,,,,,,,,,,,
928,0.15644532442092896,0.15644532442092896,MoE-sBOED,0.04620766639709473,59392,3.8485279083251953,1.3856037855148315,0.0016749021597206593,0.252111554145813,0.11343327164649963,,,,,,,,,,,
929,0.15925781428813934,0.15925781428813934,MoE-sBOED,0.04713940620422363,59456,3.8313279151916504,1.3855260610580444,0.001538903801701963,0.2522498667240143,0.11338864266872406,,,,,,,,,,,
930,0.1466015726327896,0.1466015726327896,MoE-sBOED,0.04746413230895996,59520,3.8496551513671875,1.3855539560317993,0.001397687359713018,0.25292015075683594,0.11332264542579651,,,,,,,,,,,
931,0.17156249284744263,0.17156249284744263,MoE-sBOED,0.04736018180847168,59584,3.8590917587280273,1.3856959342956543,0.0011967202881351113,0.2522892355918884,0.11327455937862396,,,,,,,,,,,
932,0.15328125655651093,0.15328125655651093,MoE-sBOED,0.048438310623168945,59648,3.8561434745788574,1.3856507539749146,0.0011186557821929455,0.25293177366256714,0.11324260383844376,,,,,,,,,,,
933,0.15292969346046448,0.15292969346046448,MoE-sBOED,0.04710865020751953,59712,3.8765416145324707,1.3857617378234863,0.0009066234342753887,0.2535853981971741,0.1132422611117363,,,,,,,,,,,
934,0.16382813453674316,0.16382813453674316,MoE-sBOED,0.046704769134521484,59776,3.8623504638671875,1.385702133178711,0.0008514188230037689,0.25330328941345215,0.11322832107543945,,,,,,,,,,,
935,0.16101562976837158,0.16101562976837158,MoE-sBOED,0.04669070243835449,59840,3.8921315670013428,1.385810136795044,0.0008114291122183204,0.2532914876937866,0.11320893466472626,,,,,,,,,,,
936,0.16136717796325684,0.16136717796325684,MoE-sBOED,0.0476071834564209,59904,3.883354902267456,1.3858203887939453,0.0009315474890172482,0.25323083996772766,0.11318165808916092,,,,,,,,,,,
937,0.1669921875,0.1669921875,MoE-sBOED,0.04834604263305664,59968,3.881740093231201,1.385793924331665,0.0012412199284881353,0.2544602155685425,0.11316455900669098,,,,,,,,,,,
938,0.15187501907348633,0.15187501907348633,MoE-sBOED,0.04831838607788086,60032,3.8777594566345215,1.3858129978179932,0.0012974569108337164,0.2542676329612732,0.11316297203302383,,,,,,,,,,,
939,0.16171875596046448,0.16171875596046448,MoE-sBOED,0.04632997512817383,60096,3.888702392578125,1.3858394622802734,0.0013267677277326584,0.2537822127342224,0.11316876113414764,,,,,,,,,,,
940,0.1494140625,0.1494140625,MoE-sBOED,0.047209739685058594,60160,3.8854947090148926,1.3857955932617188,0.0014606162440031767,0.25336018204689026,0.11318568885326385,,,,,,,,,,,
941,0.1683984398841858,0.1683984398841858,MoE-sBOED,0.04703021049499512,60224,3.859255790710449,1.3856664896011353,0.001660283887758851,0.2540380656719208,0.11322488635778427,,,,,,,,,,,
942,0.15398438274860382,0.15398438274860382,MoE-sBOED,0.04796624183654785,60288,3.85579776763916,1.385650634765625,0.0019343410385772586,0.25472521781921387,0.11327258497476578,,,,,,,,,,,
943,0.14695312082767487,0.14695312082767487,MoE-sBOED,0.04793071746826172,60352,3.807103157043457,1.3855626583099365,0.00220709340646863,0.2553388476371765,0.11330658942461014,,,,,,,,,,,
944,0.1669921875,0.1669921875,MoE-sBOED,0.047864675521850586,60416,3.861222267150879,1.3855843544006348,0.0019503000658005476,0.25628918409347534,0.113301582634449,,,,,,,,,,,
945,0.1589062511920929,0.1589062511920929,MoE-sBOED,0.046881675720214844,60480,3.8432531356811523,1.385574221611023,0.002171877771615982,0.2559412121772766,0.1132764145731926,,,,,,,,,,,
946,0.1487109363079071,0.1487109363079071,MoE-sBOED,0.0467684268951416,60544,3.8909566402435303,1.3856323957443237,0.0020892899483442307,0.255276083946228,0.11324653774499893,,,,,,,,,,,
947,0.1567968875169754,0.1567968875169754,MoE-sBOED,0.04866743087768555,60608,3.8792030811309814,1.3856924772262573,0.0018873608205467463,0.25496411323547363,0.11324045062065125,,,,,,,,,,,
948,0.15855470299720764,0.15855470299720764,MoE-sBOED,0.047228097915649414,60672,3.8160014152526855,1.3856663703918457,0.002010505646467209,0.25534260272979736,0.11325150728225708,,,,,,,,,,,
949,0.15117187798023224,0.15117187798023224,MoE-sBOED,0.045683860778808594,60736,3.819190502166748,1.385653018951416,0.0018406169256195426,0.2558709681034088,0.11325840651988983,,,,,,,,,,,
950,0.15574219822883606,0.15574219822883606,MoE-sBOED,0.04434561729431152,60800,3.815211057662964,1.3856568336486816,0.002000418258830905,0.2559596598148346,0.11325720697641373,0.15416015625,0.14833984374999998,3,0.49560622602906934,0.0234375,0.15625,0,0.008085937500000001,1001.21083984375,0,diagnostic_only
951,0.1603125035762787,0.1603125035762787,MoE-sBOED,0.04459238052368164,60864,3.8464174270629883,1.3856303691864014,0.0019493356812745333,0.25694674253463745,0.11326097697019577,,,,,,,,,,,
952,0.15539062023162842,0.15539062023162842,MoE-sBOED,0.04498744010925293,60928,3.8467838764190674,1.385638952255249,0.001929507590830326,0.25698477029800415,0.11326880753040314,,,,,,,,,,,
953,0.15363281965255737,0.15363281965255737,MoE-sBOED,0.04663276672363281,60992,3.82466459274292,1.385681390762329,0.002177327871322632,0.2566325068473816,0.11329676955938339,,,,,,,,,,,
954,0.15855470299720764,0.15855470299720764,MoE-sBOED,0.047826290130615234,61056,3.8414382934570312,1.385583758354187,0.002269342076033354,0.25766050815582275,0.11330650001764297,,,,,,,,,,,
955,0.17261719703674316,0.17261719703674316,MoE-sBOED,0.04736661911010742,61120,3.8637380599975586,1.385596513748169,0.00215442618355155,0.2567339539527893,0.11327534168958664,,,,,,,,,,,
956,0.1515234410762787,0.1515234410762787,MoE-sBOED,0.0468752384185791,61184,3.881753444671631,1.3856112957000732,0.0020018955692648888,0.256089985370636,0.11326932907104492,,,,,,,,,,,
957,0.15855470299720764,0.15855470299720764,MoE-sBOED,0.04685401916503906,61248,3.8879613876342773,1.3856366872787476,0.0018976880237460136,0.2556060254573822,0.1132708340883255,,,,,,,,,,,
958,0.16875000298023224,0.16875000298023224,MoE-sBOED,0.0462956428527832,61312,3.88218092918396,1.3856209516525269,0.001849503256380558,0.25511524081230164,0.11325998604297638,,,,,,,,,,,
959,0.1596093773841858,0.1596093773841858,MoE-sBOED,0.04672503471374512,61376,3.869114875793457,1.3856744766235352,0.0019480654736980796,0.2545483112335205,0.11325497925281525,,,,,,,,,,,
960,0.16136717796325684,0.16136717796325684,MoE-sBOED,0.04660153388977051,61440,3.845170497894287,1.385711908340454,0.0020815320312976837,0.2538888454437256,0.11323848366737366,,,,,,,,,,,
961,0.15925782918930054,0.15925782918930054,MoE-sBOED,0.04727768898010254,61504,3.8240318298339844,1.3857115507125854,0.0019756194669753313,0.25613850355148315,0.11320492625236511,,,,,,,,,,,
962,0.1648828089237213,0.1648828089237213,MoE-sBOED,0.04683256149291992,61568,3.833296298980713,1.3856565952301025,0.0018769203452393413,0.25683891773223877,0.11318798363208771,,,,,,,,,,,
963,0.16277343034744263,0.16277343034744263,MoE-sBOED,0.04669022560119629,61632,3.788461208343506,1.3855969905853271,0.0018264029640704393,0.2577008605003357,0.11318816989660263,,,,,,,,,,,
964,0.14203126728534698,0.14203126728534698,MoE-sBOED,0.04620838165283203,61696,3.7644472122192383,1.3854641914367676,0.0020774654112756252,0.2588263154029846,0.11318177729845047,,,,,,,,,,,
965,0.1515234410762787,0.1515234410762787,MoE-sBOED,0.04635763168334961,61760,3.7847676277160645,1.385382056236267,0.0021276932675391436,0.25995561480522156,0.11314401030540466,,,,,,,,,,,
966,0.15468750894069672,0.15468750894069672,MoE-sBOED,0.048188209533691406,61824,3.7788562774658203,1.3853440284729004,0.0022612044122070074,0.25999271869659424,0.1131092756986618,,,,,,,,,,,
967,0.1508203148841858,0.1508203148841858,MoE-sBOED,0.04730081558227539,61888,3.813286304473877,1.3853464126586914,0.0023842654190957546,0.25931888818740845,0.11309000849723816,,,,,,,,,,,
968,0.14589844644069672,0.14589844644069672,MoE-sBOED,0.04864668846130371,61952,3.787008285522461,1.3852899074554443,0.002518903696909547,0.2584894299507141,0.11307409405708313,,,,,,,,,,,
969,0.16277343034744263,0.16277343034744263,MoE-sBOED,0.04725074768066406,62016,3.816411256790161,1.3854022026062012,0.0022092745639383793,0.25865453481674194,0.11304621398448944,,,,,,,,,,,
970,0.15574219822883606,0.15574219822883606,MoE-sBOED,0.04761338233947754,62080,3.835298776626587,1.3854621648788452,0.0025715141091495752,0.2587128281593323,0.11300735175609589,,,,,,,,,,,
971,0.15468749403953552,0.15468749403953552,MoE-sBOED,0.049581289291381836,62144,3.859100341796875,1.3855693340301514,0.002390627283602953,0.2583683431148529,0.1130019798874855,,,,,,,,,,,
972,0.1574999988079071,0.1574999988079071,MoE-sBOED,0.056546688079833984,62208,3.8760592937469482,1.3856549263000488,0.0024582049809396267,0.25677359104156494,0.11300530284643173,,,,,,,,,,,
973,0.15433594584465027,0.15433594584465027,MoE-sBOED,0.0476682186126709,62272,3.856015682220459,1.3857322931289673,0.0021992591209709644,0.2555808424949646,0.11299653351306915,,,,,,,,,,,
974,0.15468749403953552,0.15468749403953552,MoE-sBOED,0.05103015899658203,62336,3.8616700172424316,1.3858141899108887,0.002158024813979864,0.2535002827644348,0.1129949539899826,,,,,,,,,,,
975,0.1508203148841858,0.1508203148841858,MoE-sBOED,0.05062460899353027,62400,3.8613548278808594,1.3858455419540405,0.0022046419326215982,0.2517736256122589,0.11298249661922455,0.15064453125,0.15322265625000003,3,0.7326512116671479,0.0234375,0.1875,0,0.00861328125,1001.52822265625,0,diagnostic_only
976,0.1473046839237213,0.1473046839237213,MoE-sBOED,0.0445857048034668,62464,3.8617358207702637,1.385825276374817,0.002386768814176321,0.25289204716682434,0.11296868324279785,,,,,,,,,,,
977,0.14695312082767487,0.14695312082767487,MoE-sBOED,0.04525351524353027,62528,3.8579368591308594,1.385800838470459,0.0024623731151223183,0.25391721725463867,0.1129828542470932,,,,,,,,,,,
978,0.16593749821186066,0.16593749821186066,MoE-sBOED,0.04741406440734863,62592,3.8591439723968506,1.3857927322387695,0.002635383512824774,0.25440269708633423,0.11297861486673355,,,,,,,,,,,
979,0.17015624046325684,0.17015624046325684,MoE-sBOED,0.04712414741516113,62656,3.8558952808380127,1.3858063220977783,0.0024312674067914486,0.25468459725379944,0.11296351999044418,,,,,,,,,,,
980,0.15398438274860382,0.15398438274860382,MoE-sBOED,0.04663372039794922,62720,3.8168931007385254,1.3858015537261963,0.0021755280904471874,0.25427281856536865,0.11295861005783081,,,,,,,,,,,
981,0.14449217915534973,0.14449217915534973,MoE-sBOED,0.04848814010620117,62784,3.789834499359131,1.3858513832092285,0.002271048491820693,0.25406914949417114,0.11296485364437103,,,,,,,,,,,
982,0.1648828089237213,0.1648828089237213,MoE-sBOED,0.04803466796875,62848,3.7863047122955322,1.3859119415283203,0.002374767092987895,0.25361019372940063,0.11295158416032791,,,,,,,,,,,
983,0.15363281965255737,0.15363281965255737,MoE-sBOED,0.048079729080200195,62912,3.795583724975586,1.385951280593872,0.002450578846037388,0.25304287672042847,0.11291150748729706,,,,,,,,,,,
984,0.14378905296325684,0.14378905296325684,MoE-sBOED,0.04796743392944336,62976,3.767380714416504,1.3859442472457886,0.00257036741822958,0.2526206076145172,0.11289895325899124,,,,,,,,,,,
985,0.15644530951976776,0.15644530951976776,MoE-sBOED,0.04713702201843262,63040,3.7391748428344727,1.3858996629714966,0.002937545534223318,0.2538435757160187,0.11291896551847458,,,,,,,,,,,
986,0.15363280475139618,0.15363280475139618,MoE-sBOED,0.0466001033782959,63104,3.744476318359375,1.3858405351638794,0.0031576487235724926,0.25529733300209045,0.11289895325899124,,,,,,,,,,,
987,0.15714843571186066,0.15714843571186066,MoE-sBOED,0.04694223403930664,63168,3.7697174549102783,1.385853886604309,0.0031917947344481945,0.254279226064682,0.11280860006809235,,,,,,,,,,,
988,0.16980469226837158,0.16980469226837158,MoE-sBOED,0.04710793495178223,63232,3.7971620559692383,1.3857910633087158,0.0032602325081825256,0.2537606954574585,0.11272390186786652,,,,,,,,,,,
989,0.15539062023162842,0.15539062023162842,MoE-sBOED,0.047029972076416016,63296,3.759629964828491,1.385680913925171,0.003662071656435728,0.2544064223766327,0.11265956610441208,,,,,,,,,,,
990,0.15468749403953552,0.15468749403953552,MoE-sBOED,0.04700613021850586,63360,3.744053363800049,1.3855571746826172,0.004113725386559963,0.25393980741500854,0.11258082836866379,,,,,,,,,,,
991,0.16207031905651093,0.16207031905651093,MoE-sBOED,0.04698967933654785,63424,3.7758941650390625,1.3855692148208618,0.004106186330318451,0.2541922926902771,0.1125079095363617,,,,,,,,,,,
992,0.1669921875,0.1669921875,MoE-sBOED,0.04681038856506348,63488,3.7974324226379395,1.3855851888656616,0.004079417325556278,0.2552691102027893,0.11243437230587006,,,,,,,,,,,
993,0.15257811546325684,0.15257811546325684,MoE-sBOED,0.046593666076660156,63552,3.77942156791687,1.3855311870574951,0.00419288594275713,0.2553449869155884,0.1123441830277443,,,,,,,,,,,
994,0.15292969346046448,0.15292969346046448,MoE-sBOED,0.048313140869140625,63616,3.8043928146362305,1.3856191635131836,0.003861328586935997,0.2546843886375427,0.11226677149534225,,,,,,,,,,,
995,0.15644532442092896,0.15644532442092896,MoE-sBOED,0.048294782638549805,63680,3.7693874835968018,1.3855376243591309,0.003910192754119635,0.25381243228912354,0.11221110820770264,,,,,,,,,,,
996,0.15257811546325684,0.15257811546325684,MoE-sBOED,0.046361684799194336,63744,3.764993667602539,1.3855576515197754,0.0038709547370672226,0.25369763374328613,0.11215776950120926,,,,,,,,,,,
997,0.15925782918930054,0.15925782918930054,MoE-sBOED,0.04734396934509277,63808,3.7375173568725586,1.3854360580444336,0.0037576346658170223,0.2535742521286011,0.1121012344956398,,,,,,,,,,,
998,0.16242188215255737,0.16242188215255737,MoE-sBOED,0.046797752380371094,63872,3.7388663291931152,1.385501742362976,0.003500478807836771,0.25368356704711914,0.1120733767747879,,,,,,,,,,,
999,0.14976561069488525,0.14976561069488525,MoE-sBOED,0.04671907424926758,63936,3.647472381591797,1.3853145837783813,0.003699805587530136,0.25676804780960083,0.11205705255270004,,,,,,,,,,,
1000,0.1466015726327896,0.1466015726327896,MoE-sBOED,0.04657769203186035,64000,3.675433397293091,1.3853495121002197,0.003480697050690651,0.25755611062049866,0.1120411604642868,0.14958984375,0.09455078125000001,4,1.1334479795019918,0.03125,0.0859375,0,0.0038671875000000004,1000.45392578125,0,diagnostic_only
