update,mean_train_u_ctrl,mean_train_control_cost,method,update_seconds,trajectories_sampled,policy_entropy,validation_mean_u_ctrl,validation_mean_mocu,validation_n_unique_sequences,validation_sequence_entropy,validation_unique_frac,validation_under_control_rate,validation_valid,validation_mean_shortfall,validation_checkpoint_score,validation_meets_unique_floor
1,0.21187499165534973,0.21187499165534973,DAD,0.245652437210083,64,3.3443307876586914,,,,,,,,,,
2,0.23671874403953552,0.23671874403953552,DAD,0.03336977958679199,128,3.344480037689209,,,,,,,,,,
3,0.20999999344348907,0.20999999344348907,DAD,0.024049043655395508,192,3.344001531600952,,,,,,,,,,
4,0.2095312476158142,0.2095312476158142,DAD,0.03311419486999512,256,3.343480110168457,,,,,,,,,,
5,0.21421875059604645,0.21421875059604645,DAD,0.02606034278869629,320,3.3427422046661377,,,,,,,,,,
6,0.2264062464237213,0.2264062464237213,DAD,0.021549701690673828,384,3.341212272644043,,,,,,,,,,
7,0.22312501072883606,0.22312501072883606,DAD,0.021722078323364258,448,3.339531660079956,,,,,,,,,,
8,0.2146874964237213,0.2146874964237213,DAD,0.02248406410217285,512,3.338107109069824,,,,,,,,,,
9,0.21140626072883606,0.21140626072883606,DAD,0.026396751403808594,576,3.33632230758667,,,,,,,,,,
10,0.2043749988079071,0.21531251072883606,DAD,0.02400350570678711,640,3.3344173431396484,,,,,,,,,,
11,0.2095312476158142,0.21578124165534973,DAD,0.023669004440307617,704,3.3325600624084473,,,,,,,,,,
12,0.21000000834465027,0.21000000834465027,DAD,0.021966218948364258,768,3.3305282592773438,,,,,,,,,,
13,0.2043749988079071,0.2043749988079071,DAD,0.028209924697875977,832,3.328408718109131,,,,,,,,,,
14,0.20671874284744263,0.21296875178813934,DAD,0.02483510971069336,896,3.3260953426361084,,,,,,,,,,
15,0.1954687535762787,0.1954687535762787,DAD,0.02451324462890625,960,3.3224008083343506,,,,,,,,,,
16,0.20765623450279236,0.20765623450279236,DAD,0.04194235801696777,1024,3.319397449493408,,,,,,,,,,
17,0.19453126192092896,0.19453126192092896,DAD,0.037444353103637695,1088,3.3160996437072754,,,,,,,,,,
18,0.1964062601327896,0.1964062601327896,DAD,0.025353431701660156,1152,3.3130834102630615,,,,,,,,,,
19,0.1954687535762787,0.1954687535762787,DAD,0.034880876541137695,1216,3.308690309524536,,,,,,,,,,
20,0.20859374105930328,0.20859374105930328,DAD,0.025945425033569336,1280,3.304776906967163,,,,,,,,,,
21,0.20390626788139343,0.20390626788139343,DAD,0.03319692611694336,1344,3.3003716468811035,,,,,,,,,,
22,0.1940625011920929,0.1940625011920929,DAD,0.022380352020263672,1408,3.297473430633545,,,,,,,,,,
23,0.19171875715255737,0.19171875715255737,DAD,0.03380298614501953,1472,3.293266773223877,,,,,,,,,,
24,0.19640624523162842,0.19640624523162842,DAD,0.023218393325805664,1536,3.2865490913391113,,,,,,,,,,
25,0.21421876549720764,0.21421876549720764,DAD,0.030658721923828125,1600,3.280745029449463,0.181875,0.07109375000000001,2,0.08048483706800685,0.015625,0.0078125,1,0.00046875,0.07109375000000001,0
26,0.18562498688697815,0.18562498688697815,DAD,0.028995513916015625,1664,3.27650785446167,,,,,,,,,,
27,0.2109375,0.2109375,DAD,0.026648521423339844,1728,3.2703044414520264,,,,,,,,,,
28,0.20203125476837158,0.20203125476837158,DAD,0.038548946380615234,1792,3.261268138885498,,,,,,,,,,
29,0.18328125774860382,0.18328125774860382,DAD,0.021698951721191406,1856,3.2541584968566895,,,,,,,,,,
30,0.19828125834465027,0.19828125834465027,DAD,0.026255369186401367,1920,3.2470197677612305,,,,,,,,,,
31,0.2029687464237213,0.2029687464237213,DAD,0.021698951721191406,1984,3.2384579181671143,,,,,,,,,,
32,0.20859375596046448,0.20859375596046448,DAD,0.021468639373779297,2048,3.2286548614501953,,,,,,,,,,
33,0.19828124344348907,0.19828124344348907,DAD,0.02116560935974121,2112,3.2212910652160645,,,,,,,,,,
34,0.20765624940395355,0.20765624940395355,DAD,0.02123546600341797,2176,3.208423137664795,,,,,,,,,,
35,0.1860937476158142,0.1860937476158142,DAD,0.021250009536743164,2240,3.199474573135376,,,,,,,,,,
36,0.20015625655651093,0.20015625655651093,DAD,0.02130126953125,2304,3.1913342475891113,,,,,,,,,,
37,0.19312500953674316,0.19312500953674316,DAD,0.021282434463500977,2368,3.175217390060425,,,,,,,,,,
38,0.20156249403953552,0.20156249403953552,DAD,0.022139310836791992,2432,3.1678342819213867,,,,,,,,,,
39,0.18468749523162842,0.18468749523162842,DAD,0.028062105178833008,2496,3.1557047367095947,,,,,,,,,,
40,0.19453124701976776,0.19453124701976776,DAD,0.029113292694091797,2560,3.142853260040283,,,,,,,,,,
41,0.18937499821186066,0.18937499821186066,DAD,0.021299362182617188,2624,3.1361961364746094,,,,,,,,,,
42,0.17765626311302185,0.17765626311302185,DAD,0.021520376205444336,2688,3.1236014366149902,,,,,,,,,,
43,0.19359375536441803,0.19359375536441803,DAD,0.0214536190032959,2752,3.1140189170837402,,,,,,,,,,
44,0.18562501668930054,0.18562501668930054,DAD,0.021442413330078125,2816,3.1011147499084473,,,,,,,,,,
45,0.17906251549720764,0.17906251549720764,DAD,0.021214723587036133,2880,3.084029197692871,,,,,,,,,,
46,0.20624999701976776,0.20624999701976776,DAD,0.021091938018798828,2944,3.0719103813171387,,,,,,,,,,
47,0.1823437511920929,0.1823437511920929,DAD,0.0211942195892334,3008,3.0571961402893066,,,,,,,,,,
48,0.19687499105930328,0.19687499105930328,DAD,0.021230220794677734,3072,3.0475423336029053,,,,,,,,,,
49,0.18281249701976776,0.18281249701976776,DAD,0.021335601806640625,3136,3.0357255935668945,,,,,,,,,,
50,0.17156249284744263,0.17156249284744263,DAD,0.021243572235107422,3200,3.026185989379883,0.1846875,0.0715625,3,0.7035612883846681,0.0234375,0.0078125,1,0.000234375,0.0715625,0
51,0.18515624105930328,0.18515624105930328,DAD,0.021716594696044922,3264,3.0125207901000977,,,,,,,,,,
52,0.18468749523162842,0.18468749523162842,DAD,0.021274805068969727,3328,3.0083394050598145,,,,,,,,,,
53,0.1771875023841858,0.1771875023841858,DAD,0.021422863006591797,3392,2.992215633392334,,,,,,,,,,
54,0.17296874523162842,0.17296874523162842,DAD,0.02112746238708496,3456,2.9800195693969727,,,,,,,,,,
55,0.19453123211860657,0.19453123211860657,DAD,0.021241188049316406,3520,2.9748294353485107,,,,,,,,,,
56,0.16171875596046448,0.16171875596046448,DAD,0.021271228790283203,3584,2.963637351989746,,,,,,,,,,
57,0.1837500035762787,0.1837500035762787,DAD,0.02118539810180664,3648,2.954554557800293,,,,,,,,,,
58,0.18046875298023224,0.18046875298023224,DAD,0.02131175994873047,3712,2.9481253623962402,,,,,,,,,,
59,0.18984374403953552,0.18984374403953552,DAD,0.021094560623168945,3776,2.9259753227233887,,,,,,,,,,
60,0.1978124976158142,0.1978124976158142,DAD,0.021181583404541016,3840,2.9254512786865234,,,,,,,,,,
61,0.1692187488079071,0.1692187488079071,DAD,0.021216869354248047,3904,2.915083885192871,,,,,,,,,,
62,0.1912499964237213,0.1912499964237213,DAD,0.021561145782470703,3968,2.901597023010254,,,,,,,,,,
63,0.16453126072883606,0.17078125476837158,DAD,0.021117448806762695,4032,2.892326831817627,,,,,,,,,,
64,0.17671874165534973,0.17671874165534973,DAD,0.021253585815429688,4096,2.878925085067749,,,,,,,,,,
65,0.17578125,0.17578125,DAD,0.021268606185913086,4160,2.878852605819702,,,,,,,,,,
66,0.19031250476837158,0.19031250476837158,DAD,0.021280765533447266,4224,2.871371269226074,,,,,,,,,,
67,0.17624998092651367,0.17624998092651367,DAD,0.021027088165283203,4288,2.8600516319274902,,,,,,,,,,
68,0.17625001072883606,0.17625001072883606,DAD,0.021428346633911133,4352,2.853717803955078,,,,,,,,,,
69,0.18140625953674316,0.18140625953674316,DAD,0.02161717414855957,4416,2.8282947540283203,,,,,,,,,,
70,0.18140625953674316,0.18140625953674316,DAD,0.02136397361755371,4480,2.8260247707366943,,,,,,,,,,
71,0.18421876430511475,0.18421876430511475,DAD,0.021277904510498047,4544,2.807706356048584,,,,,,,,,,
72,0.1706250011920929,0.1706250011920929,DAD,0.021676063537597656,4608,2.7939887046813965,,,,,,,,,,
73,0.18281249701976776,0.18281249701976776,DAD,0.021446943283081055,4672,2.786376714706421,,,,,,,,,,
74,0.20531250536441803,0.20531250536441803,DAD,0.021495580673217773,4736,2.7636935710906982,,,,,,,,,,
75,0.17484374344348907,0.17484374344348907,DAD,0.02134847640991211,4800,2.7538235187530518,0.181171875,0.079765625,1,-0.0,0.0078125,0.03125,1,0.0011718750000000002,0.079765625,0
76,0.1926562488079071,0.1926562488079071,DAD,0.021405696868896484,4864,2.7418932914733887,,,,,,,,,,
77,0.1809375137090683,0.1809375137090683,DAD,0.021190643310546875,4928,2.7182445526123047,,,,,,,,,,
78,0.17249999940395355,0.17249999940395355,DAD,0.021424293518066406,4992,2.7081501483917236,,,,,,,,,,
79,0.16828125715255737,0.16828125715255737,DAD,0.021108388900756836,5056,2.669917583465576,,,,,,,,,,
80,0.1809374988079071,0.1809374988079071,DAD,0.021443605422973633,5120,2.6815662384033203,,,,,,,,,,
81,0.1940625011920929,0.1940625011920929,DAD,0.02163839340209961,5184,2.6616179943084717,,,,,,,,,,
82,0.18046873807907104,0.18046873807907104,DAD,0.0214080810546875,5248,2.651524543762207,,,,,,,,,,
83,0.17906250059604645,0.17906250059604645,DAD,0.021622896194458008,5312,2.6277942657470703,,,,,,,,,,
84,0.17765626311302185,0.17765626311302185,DAD,0.02132439613342285,5376,2.617403984069824,,,,,,,,,,
85,0.18000000715255737,0.18000000715255737,DAD,0.021480083465576172,5440,2.6147568225860596,,,,,,,,,,
86,0.17906250059604645,0.17906250059604645,DAD,0.021261215209960938,5504,2.613220453262329,,,,,,,,,,
87,0.16968750953674316,0.16968750953674316,DAD,0.021660566329956055,5568,2.577784299850464,,,,,,,,,,
88,0.19359374046325684,0.19359374046325684,DAD,0.021301984786987305,5632,2.5804688930511475,,,,,,,,,,
89,0.1654687523841858,0.1654687523841858,DAD,0.021283626556396484,5696,2.5654678344726562,,,,,,,,,,
90,0.19640624523162842,0.19640624523162842,DAD,0.021088838577270508,5760,2.557851552963257,,,,,,,,,,
91,0.16734375059604645,0.16734375059604645,DAD,0.021517038345336914,5824,2.5576682090759277,,,,,,,,,,
92,0.1875,0.1875,DAD,0.02161407470703125,5888,2.5376858711242676,,,,,,,,,,
93,0.18046876788139343,0.18046876788139343,DAD,0.02134537696838379,5952,2.547865390777588,,,,,,,,,,
94,0.1771875023841858,0.1771875023841858,DAD,0.02114081382751465,6016,2.5222878456115723,,,,,,,,,,
95,0.17390625178813934,0.17390625178813934,DAD,0.02112865447998047,6080,2.5293021202087402,,,,,,,,,,
96,0.17671875655651093,0.17671875655651093,DAD,0.02132892608642578,6144,2.5108847618103027,,,,,,,,,,
97,0.17859375476837158,0.17859375476837158,DAD,0.02110123634338379,6208,2.491161823272705,,,,,,,,,,
98,0.19312500953674316,0.19312500953674316,DAD,0.021360158920288086,6272,2.5177338123321533,,,,,,,,,,
99,0.17390625178813934,0.17390625178813934,DAD,0.02125263214111328,6336,2.514209747314453,,,,,,,,,,
100,0.18046876788139343,0.18046876788139343,DAD,0.0214388370513916,6400,2.529653549194336,0.17976562499999998,0.069765625,1,-0.0,0.0078125,0.015625,1,0.00046875,0.069765625,0
101,0.1771875023841858,0.1771875023841858,DAD,0.021640300750732422,6464,2.5449466705322266,,,,,,,,,,
102,0.16968750953674316,0.16968750953674316,DAD,0.021449804306030273,6528,2.5383946895599365,,,,,,,,,,
103,0.18796876072883606,0.18796876072883606,DAD,0.021532297134399414,6592,2.507542610168457,,,,,,,,,,
104,0.1860937476158142,0.1860937476158142,DAD,0.021309852600097656,6656,2.509380340576172,,,,,,,,,,
105,0.18937499821186066,0.18937499821186066,DAD,0.02358865737915039,6720,2.5258564949035645,,,,,,,,,,
106,0.18562498688697815,0.18562498688697815,DAD,0.021123886108398438,6784,2.533160924911499,,,,,,,,,,
107,0.18703125417232513,0.18703125417232513,DAD,0.0211489200592041,6848,2.523590087890625,,,,,,,,,,
108,0.17156249284744263,0.17156249284744263,DAD,0.0212552547454834,6912,2.5149083137512207,,,,,,,,,,
109,0.17812500894069672,0.17812500894069672,DAD,0.021309375762939453,6976,2.5315639972686768,,,,,,,,,,
110,0.1743749976158142,0.1743749976158142,DAD,0.021064043045043945,7040,2.5215392112731934,,,,,,,,,,
111,0.1640625,0.1640625,DAD,0.021257400512695312,7104,2.533032178878784,,,,,,,,,,
112,0.17671874165534973,0.17671874165534973,DAD,0.02128767967224121,7168,2.544870376586914,,,,,,,,,,
113,0.1692187637090683,0.1692187637090683,DAD,0.021128177642822266,7232,2.5464746952056885,,,,,,,,,,
114,0.1823437511920929,0.1823437511920929,DAD,0.023009300231933594,7296,2.5416483879089355,,,,,,,,,,
115,0.17859375476837158,0.17859375476837158,DAD,0.021585941314697266,7360,2.5524721145629883,,,,,,,,,,
116,0.19734373688697815,0.19734373688697815,DAD,0.021409273147583008,7424,2.559967279434204,,,,,,,,,,
117,0.17625001072883606,0.17625001072883606,DAD,0.02138042449951172,7488,2.534900188446045,,,,,,,,,,
118,0.17249999940395355,0.17249999940395355,DAD,0.02132725715637207,7552,2.532590866088867,,,,,,,,,,
119,0.1706250011920929,0.1706250011920929,DAD,0.021233797073364258,7616,2.5214972496032715,,,,,,,,,,
120,0.17531250417232513,0.17531250417232513,DAD,0.021344423294067383,7680,2.52714467048645,,,,,,,,,,
121,0.1837500035762787,0.1837500035762787,DAD,0.021411657333374023,7744,2.5135302543640137,,,,,,,,,,
122,0.1743749976158142,0.1743749976158142,DAD,0.021218061447143555,7808,2.5139803886413574,,,,,,,,,,
123,0.17812500894069672,0.17812500894069672,DAD,0.021025657653808594,7872,2.526663303375244,,,,,,,,,,
124,0.18703125417232513,0.18703125417232513,DAD,0.021264076232910156,7936,2.526745319366455,,,,,,,,,,
125,0.18187500536441803,0.18187500536441803,DAD,0.021199941635131836,8000,2.523922920227051,0.18234375000000003,0.07546875,2,0.08048483706800685,0.015625,0.0234375,1,0.0007031250000000002,0.07546875,0
126,0.17578125,0.17578125,DAD,0.021750450134277344,8064,2.5271058082580566,,,,,,,,,,
127,0.1640625,0.1640625,DAD,0.021366119384765625,8128,2.522857189178467,,,,,,,,,,
128,0.19640624523162842,0.19640624523162842,DAD,0.02125239372253418,8192,2.497378349304199,,,,,,,,,,
129,0.17296874523162842,0.17296874523162842,DAD,0.020992517471313477,8256,2.494575262069702,,,,,,,,,,
130,0.1692187488079071,0.1692187488079071,DAD,0.021185874938964844,8320,2.495980739593506,,,,,,,,,,
131,0.16499999165534973,0.16499999165534973,DAD,0.021169662475585938,8384,2.493417263031006,,,,,,,,,,
132,0.19218751788139343,0.19218751788139343,DAD,0.02125239372253418,8448,2.4766159057617188,,,,,,,,,,
133,0.18187499046325684,0.18187499046325684,DAD,0.021022558212280273,8512,2.47255539894104,,,,,,,,,,
134,0.1837500035762787,0.1837500035762787,DAD,0.021266937255859375,8576,2.472409725189209,,,,,,,,,,
135,0.1889062523841858,0.1889062523841858,DAD,0.021237850189208984,8640,2.4850149154663086,,,,,,,,,,
136,0.17531248927116394,0.17531248927116394,DAD,0.021207332611083984,8704,2.4603238105773926,,,,,,,,,,
137,0.18796876072883606,0.18796876072883606,DAD,0.021398067474365234,8768,2.4606800079345703,,,,,,,,,,
138,0.1654687523841858,0.1654687523841858,DAD,0.02122807502746582,8832,2.4808568954467773,,,,,,,,,,
139,0.18187499046325684,0.18187499046325684,DAD,0.021146535873413086,8896,2.473292112350464,,,,,,,,,,
140,0.17296874523162842,0.17296874523162842,DAD,0.021231651306152344,8960,2.4696760177612305,,,,,,,,,,
141,0.18187499046325684,0.18187499046325684,DAD,0.02167201042175293,9024,2.472968101501465,,,,,,,,,,
142,0.19218748807907104,0.19218748807907104,DAD,0.021242618560791016,9088,2.4700205326080322,,,,,,,,,,
143,0.15187498927116394,0.15187498927116394,DAD,0.021155118942260742,9152,2.4632387161254883,,,,,,,,,,
144,0.17812499403953552,0.17812499403953552,DAD,0.021166563034057617,9216,2.4520294666290283,,,,,,,,,,
145,0.1706250011920929,0.1706250011920929,DAD,0.02128767967224121,9280,2.4697141647338867,,,,,,,,,,
146,0.18703123927116394,0.18703123927116394,DAD,0.021342754364013672,9344,2.47293758392334,,,,,,,,,,
147,0.17578125,0.17578125,DAD,0.021206140518188477,9408,2.4781136512756348,,,,,,,,,,
148,0.18000000715255737,0.18000000715255737,DAD,0.021324872970581055,9472,2.4743409156799316,,,,,,,,,,
149,0.18656249344348907,0.18656249344348907,DAD,0.021268844604492188,9536,2.504927635192871,,,,,,,,,,
150,0.16359375417232513,0.16359375417232513,DAD,0.02151656150817871,9600,2.5015645027160645,0.18093750000000003,0.08656250000000001,4,1.1200322696412235,0.03125,0.0546875,0,0.0016406250000000002,1000.1334375,0
151,0.17859375476837158,0.17859375476837158,DAD,0.021598100662231445,9664,2.4971561431884766,,,,,,,,,,
152,0.19171875715255737,0.19171875715255737,DAD,0.021433353424072266,9728,2.490135431289673,,,,,,,,,,
153,0.17156249284744263,0.17156249284744263,DAD,0.021147966384887695,9792,2.4931204319000244,,,,,,,,,,
154,0.1889062523841858,0.1889062523841858,DAD,0.021259069442749023,9856,2.492405891418457,,,,,,,,,,
155,0.15796875953674316,0.15796875953674316,DAD,0.021293163299560547,9920,2.5082051753997803,,,,,,,,,,
156,0.1809374988079071,0.1809374988079071,DAD,0.021361112594604492,9984,2.5041937828063965,,,,,,,,,,
157,0.17484374344348907,0.17484374344348907,DAD,0.021309614181518555,10048,2.511212110519409,,,,,,,,,,
158,0.1926562488079071,0.1926562488079071,DAD,0.02105236053466797,10112,2.5043725967407227,,,,,,,,,,
159,0.1875,0.1875,DAD,0.021149396896362305,10176,2.5237855911254883,,,,,,,,,,
160,0.20671875774860382,0.20671875774860382,DAD,0.021343231201171875,10240,2.5228567123413086,,,,,,,,,,
161,0.1729687601327896,0.1729687601327896,DAD,0.021296262741088867,10304,2.5157933235168457,,,,,,,,,,
162,0.18421874940395355,0.18421874940395355,DAD,0.021448135375976562,10368,2.5246996879577637,,,,,,,,,,
163,0.18328124284744263,0.18328124284744263,DAD,0.021700382232666016,10432,2.5084683895111084,,,,,,,,,,
164,0.18421874940395355,0.18421874940395355,DAD,0.021673917770385742,10496,2.502777099609375,,,,,,,,,,
165,0.17625001072883606,0.17625001072883606,DAD,0.021379709243774414,10560,2.5025014877319336,,,,,,,,,,
166,0.1912499964237213,0.1912499964237213,DAD,0.021350622177124023,10624,2.5186240673065186,,,,,,,,,,
167,0.19171875715255737,0.19171875715255737,DAD,0.021609067916870117,10688,2.5135035514831543,,,,,,,,,,
168,0.17156249284744263,0.17156249284744263,DAD,0.02138066291809082,10752,2.4839463233947754,,,,,,,,,,
169,0.17906251549720764,0.18531250953674316,DAD,0.021402597427368164,10816,2.4692723751068115,,,,,,,,,,
170,0.18562498688697815,0.18562498688697815,DAD,0.02123236656188965,10880,2.442822217941284,,,,,,,,,,
171,0.19218748807907104,0.19218748807907104,DAD,0.021234750747680664,10944,2.4458680152893066,,,,,,,,,,
172,0.19453124701976776,0.19453124701976776,DAD,0.023902177810668945,11008,2.4447927474975586,,,,,,,,,,
173,0.18187500536441803,0.18187500536441803,DAD,0.021240711212158203,11072,2.4253716468811035,,,,,,,,,,
174,0.1743749976158142,0.1743749976158142,DAD,0.02111649513244629,11136,2.4321448802948,,,,,,,,,,
175,0.18703126907348633,0.18703126907348633,DAD,0.021224260330200195,11200,2.423053026199341,0.178828125,0.07507812500000001,2,0.11113140431967991,0.015625,0.03125,1,0.0009375000000000002,0.07507812500000001,0
176,0.19828125834465027,0.19828125834465027,DAD,0.021639108657836914,11264,2.426875591278076,,,,,,,,,,
177,0.17859375476837158,0.17859375476837158,DAD,0.021160602569580078,11328,2.452483654022217,,,,,,,,,,
178,0.17249999940395355,0.17249999940395355,DAD,0.02158498764038086,11392,2.4056801795959473,,,,,,,,,,
179,0.17343750596046448,0.17343750596046448,DAD,0.021128416061401367,11456,2.4310824871063232,,,,,,,,,,
180,0.1612500101327896,0.1612500101327896,DAD,0.021547317504882812,11520,2.4110493659973145,,,,,,,,,,
181,0.1537500023841858,0.1537500023841858,DAD,0.022330760955810547,11584,2.4399516582489014,,,,,,,,,,
182,0.19593749940395355,0.19593749940395355,DAD,0.021611690521240234,11648,2.4569292068481445,,,,,,,,,,
183,0.16828125715255737,0.16828125715255737,DAD,0.021414518356323242,11712,2.440284252166748,,,,,,,,,,
184,0.16734375059604645,0.16734375059604645,DAD,0.021631717681884766,11776,2.454807758331299,,,,,,,,,,
185,0.1912499964237213,0.1912499964237213,DAD,0.021548032760620117,11840,2.43363618850708,,,,,,,,,,
186,0.16874998807907104,0.16874998807907104,DAD,0.021555423736572266,11904,2.381223201751709,,,,,,,,,,
187,0.15703125298023224,0.15703125298023224,DAD,0.021293163299560547,11968,2.377711296081543,,,,,,,,,,
188,0.1837500035762787,0.1837500035762787,DAD,0.021594762802124023,12032,2.39701509475708,,,,,,,,,,
189,0.17812499403953552,0.17812499403953552,DAD,0.02146148681640625,12096,2.371029853820801,,,,,,,,,,
190,0.17625001072883606,0.17625001072883606,DAD,0.021364450454711914,12160,2.399775266647339,,,,,,,,,,
191,0.17671874165534973,0.17671874165534973,DAD,0.021474123001098633,12224,2.3588356971740723,,,,,,,,,,
192,0.1926562488079071,0.1926562488079071,DAD,0.02393341064453125,12288,2.3769097328186035,,,,,,,,,,
193,0.18046873807907104,0.18046873807907104,DAD,0.022689104080200195,12352,2.3878631591796875,,,,,,,,,,
194,0.18421876430511475,0.18421876430511475,DAD,0.02142643928527832,12416,2.4493813514709473,,,,,,,,,,
195,0.1837500035762787,0.1837500035762787,DAD,0.02117466926574707,12480,2.4243977069854736,,,,,,,,,,
196,0.1589062511920929,0.1589062511920929,DAD,0.02139759063720703,12544,2.40341854095459,,,,,,,,,,
197,0.18328125774860382,0.18328125774860382,DAD,0.021242380142211914,12608,2.406679630279541,,,,,,,,,,
198,0.18468749523162842,0.18468749523162842,DAD,0.021136045455932617,12672,2.3985133171081543,,,,,,,,,,
199,0.17578125,0.17578125,DAD,0.0212252140045166,12736,2.411716938018799,,,,,,,,,,
200,0.19218750298023224,0.19218750298023224,DAD,0.021248579025268555,12800,2.406548023223877,0.17953125000000003,0.07500000000000001,3,0.9257814483217857,0.0234375,0.0234375,1,0.0009375,0.07500000000000001,0
201,0.18562500178813934,0.1965624988079071,DAD,0.021825075149536133,12864,2.4376113414764404,,,,,,,,,,
202,0.1912499964237213,0.1912499964237213,DAD,0.021394729614257812,12928,2.4295494556427,,,,,,,,,,
203,0.18328124284744263,0.18328124284744263,DAD,0.02125406265258789,12992,2.4152708053588867,,,,,,,,,,
204,0.1795312464237213,0.1795312464237213,DAD,0.021556854248046875,13056,2.4438071250915527,,,,,,,,,,
205,0.17156249284744263,0.17156249284744263,DAD,0.021454572677612305,13120,2.4306797981262207,,,,,,,,,,
206,0.17671875655651093,0.17671875655651093,DAD,0.023372650146484375,13184,2.45902943611145,,,,,,,,,,
207,0.16546876728534698,0.16546876728534698,DAD,0.021267175674438477,13248,2.492846965789795,,,,,,,,,,
208,0.17109376192092896,0.17109376192092896,DAD,0.021214962005615234,13312,2.47039794921875,,,,,,,,,,
209,0.18562500178813934,0.18562500178813934,DAD,0.021623611450195312,13376,2.512794017791748,,,,,,,,,,
210,0.1795312613248825,0.1795312613248825,DAD,0.021262407302856445,13440,2.548290252685547,,,,,,,,,,
211,0.17531250417232513,0.17531250417232513,DAD,0.02128005027770996,13504,2.517756700515747,,,,,,,,,,
212,0.18937498331069946,0.18937498331069946,DAD,0.0215299129486084,13568,2.563290596008301,,,,,,,,,,
213,0.17250001430511475,0.17250001430511475,DAD,0.021450042724609375,13632,2.5273592472076416,,,,,,,,,,
214,0.18000000715255737,0.18000000715255737,DAD,0.02132439613342285,13696,2.5113062858581543,,,,,,,,,,
215,0.1706250011920929,0.1706250011920929,DAD,0.02135157585144043,13760,2.4688315391540527,,,,,,,,,,
216,0.18703125417232513,0.18703125417232513,DAD,0.021366357803344727,13824,2.4941117763519287,,,,,,,,,,
217,0.16593749821186066,0.16593749821186066,DAD,0.021142959594726562,13888,2.454810619354248,,,,,,,,,,
218,0.17249999940395355,0.17249999940395355,DAD,0.021539688110351562,13952,2.423102378845215,,,,,,,,,,
219,0.17859375476837158,0.17859375476837158,DAD,0.021201133728027344,14016,2.449345588684082,,,,,,,,,,
220,0.16171875596046448,0.16171875596046448,DAD,0.021165847778320312,14080,2.3098034858703613,,,,,,,,,,
221,0.18421874940395355,0.18421874940395355,DAD,0.0212252140045166,14144,2.368872880935669,,,,,,,,,,
222,0.17859375476837158,0.17859375476837158,DAD,0.021303415298461914,14208,2.35994553565979,,,,,,,,,,
223,0.17765624821186066,0.17765624821186066,DAD,0.021214723587036133,14272,2.351926803588867,,,,,,,,,,
224,0.17812499403953552,0.17812499403953552,DAD,0.021266460418701172,14336,2.3482065200805664,,,,,,,,,,
225,0.16687500476837158,0.16687500476837158,DAD,0.02128767967224121,14400,2.311440944671631,0.181640625,0.07164062500000001,4,0.8704725567690351,0.03125,0.015625,1,0.00046875,0.07164062500000001,0
226,0.1837500035762787,0.1837500035762787,DAD,0.021582365036010742,14464,2.327244520187378,,,,,,,,,,
227,0.1823437511920929,0.1823437511920929,DAD,0.021530866622924805,14528,2.3676700592041016,,,,,,,,,,
228,0.17390626668930054,0.17390626668930054,DAD,0.021338701248168945,14592,2.3352174758911133,,,,,,,,,,
229,0.17625001072883606,0.17625001072883606,DAD,0.021358489990234375,14656,2.352937698364258,,,,,,,,,,
230,0.16500000655651093,0.16500000655651093,DAD,0.02146625518798828,14720,2.349653959274292,,,,,,,,,,
231,0.19875000417232513,0.19875000417232513,DAD,0.021152734756469727,14784,2.4022984504699707,,,,,,,,,,
232,0.16874998807907104,0.16874998807907104,DAD,0.021273374557495117,14848,2.3458378314971924,,,,,,,,,,
233,0.18796874582767487,0.18796874582767487,DAD,0.021435976028442383,14912,2.349079132080078,,,,,,,,,,
234,0.1837500035762787,0.1837500035762787,DAD,0.021363019943237305,14976,2.3375463485717773,,,,,,,,,,
235,0.16359376907348633,0.16359376907348633,DAD,0.021460294723510742,15040,2.3367278575897217,,,,,,,,,,
236,0.17531250417232513,0.17531250417232513,DAD,0.021646738052368164,15104,2.3173410892486572,,,,,,,,,,
237,0.1875,0.1875,DAD,0.021312236785888672,15168,2.30745530128479,,,,,,,,,,
238,0.18468749523162842,0.18468749523162842,DAD,0.02176976203918457,15232,2.2883405685424805,,,,,,,,,,
239,0.1720312535762787,0.1720312535762787,DAD,0.02113032341003418,15296,2.2975833415985107,,,,,,,,,,
240,0.1860937476158142,0.1860937476158142,DAD,0.021239042282104492,15360,2.3152363300323486,,,,,,,,,,
241,0.19734373688697815,0.19734373688697815,DAD,0.021309375762939453,15424,2.3184306621551514,,,,,,,,,,
242,0.17390625178813934,0.17390625178813934,DAD,0.021283626556396484,15488,2.31211519241333,,,,,,,,,,
243,0.18562501668930054,0.18562501668930054,DAD,0.02156662940979004,15552,2.303208589553833,,,,,,,,,,
244,0.18281251192092896,0.18281251192092896,DAD,0.02410411834716797,15616,2.3532280921936035,,,,,,,,,,
245,0.19453126192092896,0.19453126192092896,DAD,0.02120804786682129,15680,2.415008544921875,,,,,,,,,,
246,0.16453124582767487,0.16453124582767487,DAD,0.021337509155273438,15744,2.369452953338623,,,,,,,,,,
247,0.16875000298023224,0.16875000298023224,DAD,0.021251440048217773,15808,2.347256898880005,,,,,,,,,,
248,0.17671874165534973,0.17671874165534973,DAD,0.022634029388427734,15872,2.4732534885406494,,,,,,,,,,
249,0.16218750178813934,0.16218750178813934,DAD,0.02126169204711914,15936,2.4196181297302246,,,,,,,,,,
250,0.17531250417232513,0.17531250417232513,DAD,0.021345853805541992,16000,2.4389090538024902,0.181640625,0.08101562500000001,7,0.5769130391632165,0.0546875,0.0390625,1,0.0011718750000000002,0.08101562500000001,0
251,0.17531248927116394,0.17531248927116394,DAD,0.02161717414855957,16064,2.4836273193359375,,,,,,,,,,
252,0.17765626311302185,0.17765626311302185,DAD,0.02135181427001953,16128,2.5255534648895264,,,,,,,,,,
253,0.17999999225139618,0.17999999225139618,DAD,0.021331310272216797,16192,2.534334897994995,,,,,,,,,,
254,0.1823437511920929,0.1823437511920929,DAD,0.021174907684326172,16256,2.5551748275756836,,,,,,,,,,
255,0.17578125,0.17578125,DAD,0.021352529525756836,16320,2.5469400882720947,,,,,,,,,,
256,0.17343750596046448,0.17343750596046448,DAD,0.021357297897338867,16384,2.5507936477661133,,,,,,,,,,
257,0.16453126072883606,0.16453126072883606,DAD,0.021258115768432617,16448,2.548208236694336,,,,,,,,,,
258,0.18656249344348907,0.18656249344348907,DAD,0.02200770378112793,16512,2.5982463359832764,,,,,,,,,,
259,0.17250001430511475,0.17250001430511475,DAD,0.021537303924560547,16576,2.5420074462890625,,,,,,,,,,
260,0.19734375178813934,0.19734375178813934,DAD,0.021572351455688477,16640,2.6215903759002686,,,,,,,,,,
261,0.17156249284744263,0.17156249284744263,DAD,0.02162313461303711,16704,2.5412960052490234,,,,,,,,,,
262,0.17015624046325684,0.17015624046325684,DAD,0.02132892608642578,16768,2.545135021209717,,,,,,,,,,
263,0.18562500178813934,0.18562500178813934,DAD,0.021697044372558594,16832,2.494986057281494,,,,,,,,,,
264,0.19453124701976776,0.19453124701976776,DAD,0.02163076400756836,16896,2.5172505378723145,,,,,,,,,,
265,0.1978124976158142,0.1978124976158142,DAD,0.021704912185668945,16960,2.507373571395874,,,,,,,,,,
266,0.17906248569488525,0.17906248569488525,DAD,0.02164936065673828,17024,2.3850338459014893,,,,,,,,,,
267,0.18000000715255737,0.18000000715255737,DAD,0.02143096923828125,17088,2.4050655364990234,,,,,,,,,,
268,0.16359375417232513,0.16359375417232513,DAD,0.021638870239257812,17152,2.334506034851074,,,,,,,,,,
269,0.1809374988079071,0.1809374988079071,DAD,0.02144622802734375,17216,2.343094825744629,,,,,,,,,,
270,0.18000000715255737,0.18000000715255737,DAD,0.021455764770507812,17280,2.372748374938965,,,,,,,,,,
271,0.1926562488079071,0.1926562488079071,DAD,0.021441221237182617,17344,2.3922555446624756,,,,,,,,,,
272,0.17765626311302185,0.17765626311302185,DAD,0.021430492401123047,17408,2.3369054794311523,,,,,,,,,,
273,0.17015625536441803,0.17015625536441803,DAD,0.021302223205566406,17472,2.3502135276794434,,,,,,,,,,
274,0.18703125417232513,0.18703125417232513,DAD,0.021509408950805664,17536,2.3259077072143555,,,,,,,,,,
275,0.17156249284744263,0.17156249284744263,DAD,0.021200180053710938,17600,2.331117630004883,0.181875,0.07812500000000001,3,0.3192161912533834,0.0234375,0.03125,1,0.0009375,0.07812500000000001,0
276,0.17578125,0.17578125,DAD,0.021586894989013672,17664,2.298786163330078,,,,,,,,,,
277,0.17249999940395355,0.17249999940395355,DAD,0.021416425704956055,17728,2.305332660675049,,,,,,,,,,
278,0.18421874940395355,0.18421874940395355,DAD,0.021248340606689453,17792,2.3027589321136475,,,,,,,,,,
279,0.1809374988079071,0.1809374988079071,DAD,0.021311521530151367,17856,2.2849581241607666,,,,,,,,,,
280,0.17906248569488525,0.17906248569488525,DAD,0.023789167404174805,17920,2.254582405090332,,,,,,,,,,
281,0.17484375834465027,0.17484375834465027,DAD,0.02125835418701172,17984,2.269162893295288,,,,,,,,,,
282,0.17390625178813934,0.17390625178813934,DAD,0.02176189422607422,18048,2.30722713470459,,,,,,,,,,
283,0.1823437511920929,0.1823437511920929,DAD,0.021330595016479492,18112,2.289609432220459,,,,,,,,,,
284,0.17531250417232513,0.17531250417232513,DAD,0.020991802215576172,18176,2.362548351287842,,,,,,,,,,
285,0.16875000298023224,0.16875000298023224,DAD,0.02139878273010254,18240,2.239696502685547,,,,,,,,,,
286,0.1743750125169754,0.1743750125169754,DAD,0.02120494842529297,18304,2.405517101287842,,,,,,,,,,
287,0.18562500178813934,0.18562500178813934,DAD,0.021521806716918945,18368,2.4313387870788574,,,,,,,,,,
288,0.16593751311302185,0.16593751311302185,DAD,0.022496461868286133,18432,2.4153661727905273,,,,,,,,,,
289,0.16312500834465027,0.16312500834465027,DAD,0.0214846134185791,18496,2.382317543029785,,,,,,,,,,
290,0.18703125417232513,0.18703125417232513,DAD,0.021487712860107422,18560,2.4924697875976562,,,,,,,,,,
291,0.18656250834465027,0.18656250834465027,DAD,0.021236419677734375,18624,2.5093140602111816,,,,,,,,,,
292,0.16640624403953552,0.16640624403953552,DAD,0.021204233169555664,18688,2.4604878425598145,,,,,,,,,,
293,0.19171875715255737,0.19171875715255737,DAD,0.021610021591186523,18752,2.476714611053467,,,,,,,,,,
294,0.17765626311302185,0.17765626311302185,DAD,0.021329879760742188,18816,2.4843692779541016,,,,,,,,,,
295,0.19687499105930328,0.19687499105930328,DAD,0.021174907684326172,18880,2.51676344871521,,,,,,,,,,
296,0.1889062523841858,0.1889062523841858,DAD,0.02107548713684082,18944,2.4975714683532715,,,,,,,,,,
297,0.17671875655651093,0.17671875655651093,DAD,0.02137923240661621,19008,2.4725990295410156,,,,,,,,,,
298,0.18046873807907104,0.18046873807907104,DAD,0.021320581436157227,19072,2.452958106994629,,,,,,,,,,
299,0.16687500476837158,0.16687500476837158,DAD,0.02136397361755371,19136,2.3978657722473145,,,,,,,,,,
300,0.16875000298023224,0.16875000298023224,DAD,0.021552324295043945,19200,2.456014633178711,0.183046875,0.07304687500000001,13,1.9961614338042966,0.1015625,0.015625,1,0.00046875,0.07304687500000001,0
301,0.1860937476158142,0.1860937476158142,DAD,0.021539688110351562,19264,2.4126882553100586,,,,,,,,,,
302,0.17343750596046448,0.17343750596046448,DAD,0.021225690841674805,19328,2.3741354942321777,,,,,,,,,,
303,0.17015624046325684,0.17015624046325684,DAD,0.021672725677490234,19392,2.3942532539367676,,,,,,,,,,
304,0.18515625596046448,0.18515625596046448,DAD,0.021247386932373047,19456,2.3468194007873535,,,,,,,,,,
305,0.18000000715255737,0.18000000715255737,DAD,0.02144312858581543,19520,2.3929033279418945,,,,,,,,,,
306,0.1809374988079071,0.1809374988079071,DAD,0.02106642723083496,19584,2.4324891567230225,,,,,,,,,,
307,0.16968750953674316,0.16968750953674316,DAD,0.021399259567260742,19648,2.465827226638794,,,,,,,,,,
308,0.17859375476837158,0.17859375476837158,DAD,0.021233081817626953,19712,2.4841089248657227,,,,,,,,,,
309,0.16968750953674316,0.16968750953674316,DAD,0.021207571029663086,19776,2.5688483715057373,,,,,,,,,,
310,0.18000000715255737,0.18000000715255737,DAD,0.021129131317138672,19840,2.541438341140747,,,,,,,,,,
311,0.18000000715255737,0.18000000715255737,DAD,0.02152848243713379,19904,2.6023075580596924,,,,,,,,,,
312,0.1926562488079071,0.1926562488079071,DAD,0.02127695083618164,19968,2.5901100635528564,,,,,,,,,,
313,0.17671874165534973,0.17671874165534973,DAD,0.021323442459106445,20032,2.489279270172119,,,,,,,,,,
314,0.18187500536441803,0.18187500536441803,DAD,0.021185636520385742,20096,2.5108518600463867,,,,,,,,,,
315,0.17531248927116394,0.17531248927116394,DAD,0.021170854568481445,20160,2.5374417304992676,,,,,,,,,,
316,0.16078124940395355,0.16078124940395355,DAD,0.021566390991210938,20224,2.489285469055176,,,,,,,,,,
317,0.17578125,0.17578125,DAD,0.02149510383605957,20288,2.4651529788970947,,,,,,,,,,
318,0.17625001072883606,0.17625001072883606,DAD,0.021162748336791992,20352,2.4528164863586426,,,,,,,,,,
319,0.18140624463558197,0.18140624463558197,DAD,0.02120184898376465,20416,2.4461350440979004,,,,,,,,,,
320,0.1889062523841858,0.1889062523841858,DAD,0.021324872970581055,20480,2.410707473754883,,,,,,,,,,
321,0.18187499046325684,0.18187499046325684,DAD,0.021351337432861328,20544,2.441870927810669,,,,,,,,,,
322,0.1678124964237213,0.1678124964237213,DAD,0.021256685256958008,20608,2.363064765930176,,,,,,,,,,
323,0.16312499344348907,0.16312499344348907,DAD,0.021370649337768555,20672,2.362119674682617,,,,,,,,,,
324,0.17906250059604645,0.17906250059604645,DAD,0.021181344985961914,20736,2.4293136596679688,,,,,,,,,,
325,0.17484375834465027,0.17484375834465027,DAD,0.021185636520385742,20800,2.441476821899414,0.18117187499999998,0.07429687500000001,4,0.5348364517420247,0.03125,0.0234375,1,0.0007031250000000002,0.07429687500000001,0
326,0.16875000298023224,0.17500001192092896,DAD,0.021558284759521484,20864,2.3185434341430664,,,,,,,,,,
327,0.18937501311302185,0.18937501311302185,DAD,0.02121710777282715,20928,2.4232635498046875,,,,,,,,,,
328,0.18984374403953552,0.18984374403953552,DAD,0.021260738372802734,20992,2.3730170726776123,,,,,,,,,,
329,0.1589062511920929,0.1589062511920929,DAD,0.021427392959594727,21056,2.3282415866851807,,,,,,,,,,
330,0.17578125,0.17578125,DAD,0.021344423294067383,21120,2.436171531677246,,,,,,,,,,
331,0.18046873807907104,0.18046873807907104,DAD,0.021132230758666992,21184,2.381470203399658,,,,,,,,,,
332,0.17531248927116394,0.17531248927116394,DAD,0.021276235580444336,21248,2.3892641067504883,,,,,,,,,,
333,0.1720312535762787,0.1720312535762787,DAD,0.021460533142089844,21312,2.388612747192383,,,,,,,,,,
334,0.1771875023841858,0.1771875023841858,DAD,0.022121667861938477,21376,2.4000625610351562,,,,,,,,,,
335,0.18562500178813934,0.18562500178813934,DAD,0.021448373794555664,21440,2.4631032943725586,,,,,,,,,,
336,0.1720312535762787,0.1720312535762787,DAD,0.02128434181213379,21504,2.392256736755371,,,,,,,,,,
337,0.17015624046325684,0.17015624046325684,DAD,0.02251887321472168,21568,2.4260964393615723,,,,,,,,,,
338,0.16640624403953552,0.16640624403953552,DAD,0.023001670837402344,21632,2.5180306434631348,,,,,,,,,,
339,0.19218750298023224,0.19218750298023224,DAD,0.022765159606933594,21696,2.4733808040618896,,,,,,,,,,
340,0.17765624821186066,0.17765624821186066,DAD,0.02151322364807129,21760,2.503156900405884,,,,,,,,,,
341,0.17109374701976776,0.17109374701976776,DAD,0.021739721298217773,21824,2.4768691062927246,,,,,,,,,,
342,0.18046873807907104,0.18046873807907104,DAD,0.021314620971679688,21888,2.462627410888672,,,,,,,,,,
343,0.17531250417232513,0.17531250417232513,DAD,0.021213769912719727,21952,2.441549301147461,,,,,,,,,,
344,0.18328124284744263,0.18328124284744263,DAD,0.021189451217651367,22016,2.48815655708313,,,,,,,,,,
345,0.17906251549720764,0.17906251549720764,DAD,0.021148681640625,22080,2.451608657836914,,,,,,,,,,
346,0.1574999988079071,0.1574999988079071,DAD,0.0213470458984375,22144,2.4221954345703125,,,,,,,,,,
347,0.16218751668930054,0.16218751668930054,DAD,0.021335363388061523,22208,2.5331010818481445,,,,,,,,,,
348,0.1912500113248825,0.1912500113248825,DAD,0.02135181427001953,22272,2.538814067840576,,,,,,,,,,
349,0.1743749976158142,0.1743749976158142,DAD,0.02142333984375,22336,2.515329599380493,,,,,,,,,,
350,0.17343750596046448,0.17343750596046448,DAD,0.0212252140045166,22400,2.5352516174316406,0.1828125,0.07593750000000002,13,1.2823284105200767,0.1015625,0.0234375,1,0.000703125,0.07593750000000002,0
351,0.19875000417232513,0.19875000417232513,DAD,0.021819591522216797,22464,2.6627001762390137,,,,,,,,,,
352,0.16687500476837158,0.16687500476837158,DAD,0.021233797073364258,22528,2.6418957710266113,,,,,,,,,,
353,0.18140625953674316,0.18140625953674316,DAD,0.02122807502746582,22592,2.617959499359131,,,,,,,,,,
354,0.17249999940395355,0.17249999940395355,DAD,0.021178483963012695,22656,2.6681859493255615,,,,,,,,,,
355,0.1837500035762787,0.1837500035762787,DAD,0.021425962448120117,22720,2.680945873260498,,,,,,,,,,
356,0.1837500035762787,0.1837500035762787,DAD,0.021797657012939453,22784,2.6784534454345703,,,,,,,,,,
357,0.17015624046325684,0.17015624046325684,DAD,0.02411198616027832,22848,2.668952703475952,,,,,,,,,,
358,0.18046873807907104,0.18046873807907104,DAD,0.029680252075195312,22912,2.663397789001465,,,,,,,,,,
359,0.19218748807907104,0.19218748807907104,DAD,0.031215667724609375,22976,2.675093650817871,,,,,,,,,,
360,0.17249999940395355,0.17249999940395355,DAD,0.023937463760375977,23040,2.651571273803711,,,,,,,,,,
361,0.1795312613248825,0.1795312613248825,DAD,0.02126169204711914,23104,2.6312754154205322,,,,,,,,,,
362,0.18515625596046448,0.18515625596046448,DAD,0.021482229232788086,23168,2.6052207946777344,,,,,,,,,,
363,0.18937499821186066,0.18937499821186066,DAD,0.02153635025024414,23232,2.626533031463623,,,,,,,,,,
364,0.17578125,0.17578125,DAD,0.021350622177124023,23296,2.6205735206604004,,,,,,,,,,
365,0.18937501311302185,0.18937501311302185,DAD,0.021838665008544922,23360,2.5331101417541504,,,,,,,,,,
366,0.1875,0.1875,DAD,0.022333383560180664,23424,2.4828872680664062,,,,,,,,,,
367,0.16687500476837158,0.16687500476837158,DAD,0.022173166275024414,23488,2.456303119659424,,,,,,,,,,
368,0.18703123927116394,0.18703123927116394,DAD,0.02300405502319336,23552,2.529921054840088,,,,,,,,,,
369,0.16499999165534973,0.16499999165534973,DAD,0.021851301193237305,23616,2.510376453399658,,,,,,,,,,
370,0.1875,0.1875,DAD,0.02118062973022461,23680,2.4561707973480225,,,,,,,,,,
371,0.19453124701976776,0.19453124701976776,DAD,0.02183079719543457,23744,2.4621129035949707,,,,,,,,,,
372,0.16640625894069672,0.16640625894069672,DAD,0.021278858184814453,23808,2.4655210971832275,,,,,,,,,,
373,0.17343750596046448,0.17343750596046448,DAD,0.021549463272094727,23872,2.4197206497192383,,,,,,,,,,
374,0.17765624821186066,0.17765624821186066,DAD,0.021419763565063477,23936,2.5392980575561523,,,,,,,,,,
375,0.1771875023841858,0.1771875023841858,DAD,0.0213775634765625,24000,2.533501148223877,0.17929687499999997,0.07554687500000001,13,1.799042702272283,0.1015625,0.03125,1,0.0009375000000000002,0.07554687500000001,0
376,0.1654687523841858,0.1654687523841858,DAD,0.02173900604248047,24064,2.5479087829589844,,,,,,,,,,
377,0.17531250417232513,0.17531250417232513,DAD,0.021558046340942383,24128,2.440770387649536,,,,,,,,,,
378,0.19031250476837158,0.19031250476837158,DAD,0.02113175392150879,24192,2.5888612270355225,,,,,,,,,,
379,0.17625001072883606,0.17625001072883606,DAD,0.02118539810180664,24256,2.5676634311676025,,,,,,,,,,
380,0.1771875023841858,0.1834374964237213,DAD,0.021337509155273438,24320,2.5226149559020996,,,,,,,,,,
381,0.18703125417232513,0.18703125417232513,DAD,0.021223783493041992,24384,2.592625617980957,,,,,,,,,,
382,0.1795312464237213,0.1795312464237213,DAD,0.02138519287109375,24448,2.595582962036133,,,,,,,,,,
383,0.17343750596046448,0.17343750596046448,DAD,0.02117443084716797,24512,2.6180200576782227,,,,,,,,,,
384,0.16875000298023224,0.16875000298023224,DAD,0.021575212478637695,24576,2.6239137649536133,,,,,,,,,,
385,0.1889062523841858,0.1889062523841858,DAD,0.02144908905029297,24640,2.623112678527832,,,,,,,,,,
386,0.1837500035762787,0.1837500035762787,DAD,0.0211942195892334,24704,2.636504650115967,,,,,,,,,,
387,0.1720312535762787,0.1720312535762787,DAD,0.021242141723632812,24768,2.621661424636841,,,,,,,,,,
388,0.18187500536441803,0.18187500536441803,DAD,0.021391630172729492,24832,2.7057416439056396,,,,,,,,,,
389,0.1795312464237213,0.1795312464237213,DAD,0.021795034408569336,24896,2.6386141777038574,,,,,,,,,,
390,0.15796875953674316,0.15796875953674316,DAD,0.021591663360595703,24960,2.628556728363037,,,,,,,,,,
391,0.18000000715255737,0.18000000715255737,DAD,0.02142810821533203,25024,2.610276699066162,,,,,,,,,,
392,0.18281251192092896,0.203125,DAD,0.021481990814208984,25088,2.5667262077331543,,,,,,,,,,
393,0.1846875101327896,0.1846875101327896,DAD,0.021416902542114258,25152,2.521049976348877,,,,,,,,,,
394,0.16640624403953552,0.16640624403953552,DAD,0.02125096321105957,25216,2.504695177078247,,,,,,,,,,
395,0.1837500035762787,0.1837500035762787,DAD,0.021272897720336914,25280,2.4624338150024414,,,,,,,,,,
396,0.1809374988079071,0.1809374988079071,DAD,0.023920297622680664,25344,2.415637254714966,,,,,,,,,,
397,0.1860937476158142,0.1860937476158142,DAD,0.02112102508544922,25408,2.4637374877929688,,,,,,,,,,
398,0.17671874165534973,0.17671874165534973,DAD,0.02113509178161621,25472,2.4822776317596436,,,,,,,,,,
399,0.1926562488079071,0.1926562488079071,DAD,0.021277666091918945,25536,2.441290855407715,,,,,,,,,,
400,0.16171875596046448,0.16171875596046448,DAD,0.021164655685424805,25600,2.339865207672119,0.18046875,0.07984375,4,0.7353354090203659,0.03125,0.0390625,1,0.0011718750000000002,0.07984375,0
401,0.19453126192092896,0.19453126192092896,DAD,0.021967172622680664,25664,2.3635311126708984,,,,,,,,,,
402,0.17109374701976776,0.17109374701976776,DAD,0.02151346206665039,25728,2.388923406600952,,,,,,,,,,
403,0.17531250417232513,0.17531250417232513,DAD,0.02139139175415039,25792,2.3682732582092285,,,,,,,,,,
404,0.18562500178813934,0.18562500178813934,DAD,0.021208524703979492,25856,2.4428467750549316,,,,,,,,,,
405,0.18703125417232513,0.18703125417232513,DAD,0.02123117446899414,25920,2.4666213989257812,,,,,,,,,,
406,0.16359375417232513,0.16359375417232513,DAD,0.021654844284057617,25984,2.464690685272217,,,,,,,,,,
407,0.1837500035762787,0.1837500035762787,DAD,0.0214996337890625,26048,2.589332103729248,,,,,,,,,,
408,0.18140625953674316,0.18140625953674316,DAD,0.021315336227416992,26112,2.5261764526367188,,,,,,,,,,
409,0.1795312464237213,0.1795312464237213,DAD,0.021213531494140625,26176,2.5750021934509277,,,,,,,,,,
410,0.18984374403953552,0.18984374403953552,DAD,0.021324872970581055,26240,2.6292104721069336,,,,,,,,,,
411,0.18187499046325684,0.18187499046325684,DAD,0.021164894104003906,26304,2.587580442428589,,,,,,,,,,
412,0.20250001549720764,0.20250001549720764,DAD,0.02136087417602539,26368,2.691800832748413,,,,,,,,,,
413,0.16312500834465027,0.16312500834465027,DAD,0.021160364151000977,26432,2.628833532333374,,,,,,,,,,
414,0.17390623688697815,0.17390623688697815,DAD,0.020989179611206055,26496,2.7013988494873047,,,,,,,,,,
415,0.17109374701976776,0.17109374701976776,DAD,0.020876646041870117,26560,2.7427611351013184,,,,,,,,,,
416,0.19031250476837158,0.19031250476837158,DAD,0.020897865295410156,26624,2.777186870574951,,,,,,,,,,
417,0.17812499403953552,0.17812499403953552,DAD,0.0209043025970459,26688,2.8244824409484863,,,,,,,,,,
418,0.16875000298023224,0.16875000298023224,DAD,0.020902156829833984,26752,2.8416199684143066,,,,,,,,,,
419,0.18656250834465027,0.18656250834465027,DAD,0.020918607711791992,26816,2.736119270324707,,,,,,,,,,
420,0.17624999582767487,0.17624999582767487,DAD,0.02071094512939453,26880,2.699730396270752,,,,,,,,,,
421,0.18562500178813934,0.18562500178813934,DAD,0.02092432975769043,26944,2.8370823860168457,,,,,,,,,,
422,0.17625001072883606,0.17625001072883606,DAD,0.020838260650634766,27008,2.7706518173217773,,,,,,,,,,
423,0.1912499964237213,0.1912499964237213,DAD,0.02104330062866211,27072,2.8155674934387207,,,,,,,,,,
424,0.17531250417232513,0.17531250417232513,DAD,0.02087235450744629,27136,2.809143304824829,,,,,,,,,,
425,0.18328125774860382,0.18328125774860382,DAD,0.020978212356567383,27200,2.7398507595062256,0.17929687500000002,0.07242187500000001,19,1.4414533868818604,0.1484375,0.0234375,1,0.000703125,0.07242187500000001,0
426,0.17343750596046448,0.17343750596046448,DAD,0.021097421646118164,27264,2.7229208946228027,,,,,,,,,,
427,0.18281249701976776,0.18281249701976776,DAD,0.021006345748901367,27328,2.72819185256958,,,,,,,,,,
428,0.19499999284744263,0.19499999284744263,DAD,0.021000146865844727,27392,2.6972737312316895,,,,,,,,,,
429,0.18421874940395355,0.18421874940395355,DAD,0.021182537078857422,27456,2.667832374572754,,,,,,,,,,
430,0.16734375059604645,0.16734375059604645,DAD,0.02089548110961914,27520,2.593071460723877,,,,,,,,,,
431,0.1692187488079071,0.1692187488079071,DAD,0.020993471145629883,27584,2.593217611312866,,,,,,,,,,
432,0.17156249284744263,0.17156249284744263,DAD,0.021009206771850586,27648,2.516291618347168,,,,,,,,,,
433,0.17578125,0.17578125,DAD,0.020889759063720703,27712,2.4856817722320557,,,,,,,,,,
434,0.1875,0.1875,DAD,0.020852327346801758,27776,2.451549768447876,,,,,,,,,,
435,0.18937499821186066,0.18937499821186066,DAD,0.020839691162109375,27840,2.460679054260254,,,,,,,,,,
436,0.17296874523162842,0.17296874523162842,DAD,0.021026134490966797,27904,2.446035385131836,,,,,,,,,,
437,0.1837500035762787,0.1837500035762787,DAD,0.020878076553344727,27968,2.466036319732666,,,,,,,,,,
438,0.18562500178813934,0.18562500178813934,DAD,0.020836591720581055,28032,2.386234998703003,,,,,,,,,,
439,0.18421876430511475,0.18421876430511475,DAD,0.020739078521728516,28096,2.4014883041381836,,,,,,,,,,
440,0.17484375834465027,0.17484375834465027,DAD,0.020907878875732422,28160,2.4316115379333496,,,,,,,,,,
441,0.18421874940395355,0.18421874940395355,DAD,0.020832061767578125,28224,2.501950263977051,,,,,,,,,,
442,0.1926562488079071,0.1926562488079071,DAD,0.0210878849029541,28288,2.3703219890594482,,,,,,,,,,
443,0.18281249701976776,0.18281249701976776,DAD,0.020897626876831055,28352,2.4126827716827393,,,,,,,,,,
444,0.1706250011920929,0.1706250011920929,DAD,0.020878314971923828,28416,2.3483939170837402,,,,,,,,,,
445,0.1654687523841858,0.1654687523841858,DAD,0.02088165283203125,28480,2.3426578044891357,,,,,,,,,,
446,0.17156249284744263,0.17156249284744263,DAD,0.02096700668334961,28544,2.313716173171997,,,,,,,,,,
447,0.1706250011920929,0.1706250011920929,DAD,0.020832538604736328,28608,2.284047842025757,,,,,,,,,,
448,0.17249999940395355,0.17249999940395355,DAD,0.02083611488342285,28672,2.297337532043457,,,,,,,,,,
449,0.17015624046325684,0.17015624046325684,DAD,0.021203279495239258,28736,2.295116424560547,,,,,,,,,,
450,0.1926562488079071,0.1926562488079071,DAD,0.02091813087463379,28800,2.3313488960266113,0.17859375,0.07484375000000001,9,0.4625265014316352,0.0703125,0.03125,1,0.0009375000000000002,0.07484375000000001,0
451,0.1875,0.1875,DAD,0.0214385986328125,28864,2.3854713439941406,,,,,,,,,,
452,0.18656250834465027,0.18656250834465027,DAD,0.021303892135620117,28928,2.3632609844207764,,,,,,,,,,
453,0.17859375476837158,0.17859375476837158,DAD,0.02092123031616211,28992,2.4014763832092285,,,,,,,,,,
454,0.1860937625169754,0.1860937625169754,DAD,0.020867347717285156,29056,2.4516735076904297,,,,,,,,,,
455,0.17578125,0.17578125,DAD,0.02077960968017578,29120,2.4249489307403564,,,,,,,,,,
456,0.1771875023841858,0.1771875023841858,DAD,0.020935773849487305,29184,2.5121397972106934,,,,,,,,,,
457,0.17390625178813934,0.17390625178813934,DAD,0.02111363410949707,29248,2.49501371383667,,,,,,,,,,
458,0.16828125715255737,0.16828125715255737,DAD,0.020989179611206055,29312,2.508542537689209,,,,,,,,,,
459,0.1795312464237213,0.1795312464237213,DAD,0.02085590362548828,29376,2.5428061485290527,,,,,,,,,,
460,0.17109376192092896,0.17109376192092896,DAD,0.021128177642822266,29440,2.570417881011963,,,,,,,,,,
461,0.17812499403953552,0.17812499403953552,DAD,0.021137237548828125,29504,2.545098304748535,,,,,,,,,,
462,0.18328124284744263,0.18328124284744263,DAD,0.02121877670288086,29568,2.557797908782959,,,,,,,,,,
463,0.18515625596046448,0.18515625596046448,DAD,0.020998477935791016,29632,2.6060378551483154,,,,,,,,,,
464,0.18281249701976776,0.18281249701976776,DAD,0.021230459213256836,29696,2.555813789367676,,,,,,,,,,
465,0.17015624046325684,0.17015624046325684,DAD,0.021294593811035156,29760,2.6345055103302,,,,,,,,,,
466,0.17484375834465027,0.17484375834465027,DAD,0.020895719528198242,29824,2.5207417011260986,,,,,,,,,,
467,0.18140625953674316,0.18140625953674316,DAD,0.020756244659423828,29888,2.5861968994140625,,,,,,,,,,
468,0.17156249284744263,0.17156249284744263,DAD,0.02094554901123047,29952,2.4602413177490234,,,,,,,,,,
469,0.19499999284744263,0.19499999284744263,DAD,0.020978212356567383,30016,2.5744102001190186,,,,,,,,,,
470,0.1771875023841858,0.1771875023841858,DAD,0.020994186401367188,30080,2.5333433151245117,,,,,,,,,,
471,0.17671874165534973,0.17671874165534973,DAD,0.020956993103027344,30144,2.5239267349243164,,,,,,,,,,
472,0.1809374988079071,0.1809374988079071,DAD,0.020899534225463867,30208,2.5872466564178467,,,,,,,,,,
473,0.1771875023841858,0.1771875023841858,DAD,0.02366042137145996,30272,2.439944267272949,,,,,,,,,,
474,0.17249999940395355,0.17249999940395355,DAD,0.021077394485473633,30336,2.428800582885742,,,,,,,,,,
475,0.15515625476837158,0.15515625476837158,DAD,0.02130913734436035,30400,2.3833703994750977,0.181640625,0.07164062500000001,13,1.1799797927705333,0.1015625,0.015625,1,0.00046875,0.07164062500000001,0
476,0.17250001430511475,0.17250001430511475,DAD,0.021286964416503906,30464,2.4170315265655518,,,,,,,,,,
477,0.17578125,0.17578125,DAD,0.02250504493713379,30528,2.51596736907959,,,,,,,,,,
478,0.1860937476158142,0.1860937476158142,DAD,0.021136999130249023,30592,2.3979594707489014,,,,,,,,,,
479,0.18468749523162842,0.18468749523162842,DAD,0.02104496955871582,30656,2.4435997009277344,,,,,,,,,,
480,0.17109374701976776,0.17109374701976776,DAD,0.023619413375854492,30720,2.447307586669922,,,,,,,,,,
481,0.18703123927116394,0.18703123927116394,DAD,0.02097797393798828,30784,2.532106876373291,,,,,,,,,,
482,0.17390625178813934,0.17390625178813934,DAD,0.020879268646240234,30848,2.398843288421631,,,,,,,,,,
483,0.17812499403953552,0.17812499403953552,DAD,0.022274017333984375,30912,2.4779601097106934,,,,,,,,,,
484,0.18562498688697815,0.20124998688697815,DAD,0.02125692367553711,30976,2.4143009185791016,,,,,,,,,,
485,0.1860937476158142,0.1860937476158142,DAD,0.021119356155395508,31040,2.492628574371338,,,,,,,,,,
486,0.16874998807907104,0.17499999701976776,DAD,0.020970821380615234,31104,2.484224319458008,,,,,,,,,,
487,0.16828125715255737,0.16828125715255737,DAD,0.02099156379699707,31168,2.451796531677246,,,,,,,,,,
488,0.1706250011920929,0.1706250011920929,DAD,0.02097940444946289,31232,2.4003634452819824,,,,,,,,,,
489,0.1875,0.1875,DAD,0.021021127700805664,31296,2.5167880058288574,,,,,,,,,,
490,0.18796876072883606,0.18796876072883606,DAD,0.021114110946655273,31360,2.402848720550537,,,,,,,,,,
491,0.17906250059604645,0.17906250059604645,DAD,0.02093362808227539,31424,2.411442756652832,,,,,,,,,,
492,0.18562500178813934,0.18562500178813934,DAD,0.021361827850341797,31488,2.4775710105895996,,,,,,,,,,
493,0.1589062511920929,0.1589062511920929,DAD,0.021216392517089844,31552,2.455820322036743,,,,,,,,,,
494,0.18515625596046448,0.18515625596046448,DAD,0.021220684051513672,31616,2.5020251274108887,,,,,,,,,,
495,0.17109376192092896,0.17109376192092896,DAD,0.021065711975097656,31680,2.4761054515838623,,,,,,,,,,
496,0.16734375059604645,0.16734375059604645,DAD,0.021731853485107422,31744,2.4837071895599365,,,,,,,,,,
497,0.15843750536441803,0.15843750536441803,DAD,0.022356033325195312,31808,2.549170732498169,,,,,,,,,,
498,0.1743749976158142,0.1743749976158142,DAD,0.020972013473510742,31872,2.4585766792297363,,,,,,,,,,
499,0.18187500536441803,0.18187500536441803,DAD,0.020884037017822266,31936,2.5054802894592285,,,,,,,,,,
500,0.1940625011920929,0.1940625011920929,DAD,0.020726680755615234,32000,2.5334205627441406,0.18117187499999998,0.068046875,18,1.9103661895406674,0.140625,0.0078125,1,0.000234375,0.068046875,0
501,0.1706250011920929,0.1706250011920929,DAD,0.021320343017578125,32064,2.595865249633789,,,,,,,,,,
502,0.17250001430511475,0.17875000834465027,DAD,0.0209505558013916,32128,2.52119779586792,,,,,,,,,,
503,0.17671874165534973,0.17671874165534973,DAD,0.020923137664794922,32192,2.5948660373687744,,,,,,,,,,
504,0.17343750596046448,0.17343750596046448,DAD,0.021167993545532227,32256,2.6281001567840576,,,,,,,,,,
505,0.18046875298023224,0.18046875298023224,DAD,0.02123737335205078,32320,2.5676939487457275,,,,,,,,,,
506,0.1743749976158142,0.1743749976158142,DAD,0.02114415168762207,32384,2.652924060821533,,,,,,,,,,
507,0.17765626311302185,0.17765626311302185,DAD,0.021342992782592773,32448,2.6859002113342285,,,,,,,,,,
508,0.17671875655651093,0.17671875655651093,DAD,0.021297693252563477,32512,2.6659226417541504,,,,,,,,,,
509,0.18562500178813934,0.18562500178813934,DAD,0.021265745162963867,32576,2.673476219177246,,,,,,,,,,
510,0.15703126788139343,0.15703126788139343,DAD,0.020978689193725586,32640,2.615957021713257,,,,,,,,,,
511,0.17296874523162842,0.17296874523162842,DAD,0.02104663848876953,32704,2.6363167762756348,,,,,,,,,,
512,0.1875,0.1875,DAD,0.024161100387573242,32768,2.7273459434509277,,,,,,,,,,
513,0.17250001430511475,0.17250001430511475,DAD,0.020960092544555664,32832,2.630181312561035,,,,,,,,,,
514,0.1720312386751175,0.1720312386751175,DAD,0.02092742919921875,32896,2.5823192596435547,,,,,,,,,,
515,0.1771875023841858,0.1771875023841858,DAD,0.02218461036682129,32960,2.692976474761963,,,,,,,,,,
516,0.17812499403953552,0.17812499403953552,DAD,0.021128416061401367,33024,2.6531577110290527,,,,,,,,,,
517,0.18984375894069672,0.18984375894069672,DAD,0.02121114730834961,33088,2.6601178646087646,,,,,,,,,,
518,0.17343750596046448,0.17343750596046448,DAD,0.020891666412353516,33152,2.6257498264312744,,,,,,,,,,
519,0.17906248569488525,0.17906248569488525,DAD,0.021196842193603516,33216,2.589052677154541,,,,,,,,,,
520,0.17578125,0.17578125,DAD,0.021061420440673828,33280,2.5292744636535645,,,,,,,,,,
521,0.19031250476837158,0.19031250476837158,DAD,0.02090597152709961,33344,2.5026819705963135,,,,,,,,,,
522,0.1860937476158142,0.1860937476158142,DAD,0.02093958854675293,33408,2.5739099979400635,,,,,,,,,,
523,0.18984374403953552,0.18984374403953552,DAD,0.0208895206451416,33472,2.518064022064209,,,,,,,,,,
524,0.1837500035762787,0.1837500035762787,DAD,0.020831823348999023,33536,2.535964012145996,,,,,,,,,,
525,0.18328124284744263,0.18328124284744263,DAD,0.02320408821105957,33600,2.467988967895508,0.178359375,0.07773437500000001,14,1.4611298905075336,0.109375,0.0390625,1,0.0011718750000000002,0.07773437500000001,0
526,0.17671875655651093,0.17671875655651093,DAD,0.021409034729003906,33664,2.4735844135284424,,,,,,,,,,
527,0.17015624046325684,0.17015624046325684,DAD,0.02250814437866211,33728,2.5224061012268066,,,,,,,,,,
528,0.2029687613248825,0.2029687613248825,DAD,0.02100396156311035,33792,2.4636900424957275,,,,,,,,,,
529,0.1954687535762787,0.1954687535762787,DAD,0.0210416316986084,33856,2.4779226779937744,,,,,,,,,,
530,0.17343749105930328,0.17343749105930328,DAD,0.020891189575195312,33920,2.4872050285339355,,,,,,,,,,
531,0.16078126430511475,0.16078126430511475,DAD,0.021102428436279297,33984,2.545964241027832,,,,,,,,,,
532,0.16218751668930054,0.16218751668930054,DAD,0.020897865295410156,34048,2.557288646697998,,,,,,,,,,
533,0.1889062523841858,0.1889062523841858,DAD,0.023493051528930664,34112,2.541337013244629,,,,,,,,,,
534,0.18703125417232513,0.18703125417232513,DAD,0.02100658416748047,34176,2.4569239616394043,,,,,,,,,,
535,0.1720312535762787,0.1720312535762787,DAD,0.02086162567138672,34240,2.4380359649658203,,,,,,,,,,
536,0.1837500035762787,0.1837500035762787,DAD,0.021059513092041016,34304,2.372084617614746,,,,,,,,,,
537,0.1809374988079071,0.1809374988079071,DAD,0.021004676818847656,34368,2.3694911003112793,,,,,,,,,,
538,0.1706250011920929,0.1706250011920929,DAD,0.020773887634277344,34432,2.412076473236084,,,,,,,,,,
539,0.17296874523162842,0.17296874523162842,DAD,0.020841360092163086,34496,2.3788604736328125,,,,,,,,,,
540,0.17156250774860382,0.17156250774860382,DAD,0.020899295806884766,34560,2.4238600730895996,,,,,,,,,,
541,0.20671874284744263,0.20671874284744263,DAD,0.0208437442779541,34624,2.393857955932617,,,,,,,,,,
542,0.16828125715255737,0.16828125715255737,DAD,0.02076244354248047,34688,2.4279255867004395,,,,,,,,,,
543,0.1795312464237213,0.1795312464237213,DAD,0.0208590030670166,34752,2.3634719848632812,,,,,,,,,,
544,0.1940625011920929,0.1940625011920929,DAD,0.021251678466796875,34816,2.5089564323425293,,,,,,,,,,
545,0.18796876072883606,0.18796876072883606,DAD,0.021164417266845703,34880,2.4869723320007324,,,,,,,,,,
546,0.18843749165534973,0.18843749165534973,DAD,0.02103400230407715,34944,2.4351463317871094,,,,,,,,,,
547,0.1875,0.1875,DAD,0.022289752960205078,35008,2.433781385421753,,,,,,,,,,
548,0.17906250059604645,0.17906250059604645,DAD,0.02104663848876953,35072,2.449869155883789,,,,,,,,,,
549,0.18937501311302185,0.18937501311302185,DAD,0.02096104621887207,35136,2.4366672039031982,,,,,,,,,,
550,0.17859375476837158,0.17859375476837158,DAD,0.020847797393798828,35200,2.393303155899048,0.18234375,0.07234375000000001,12,1.2743360299377444,0.09375,0.015625,1,0.00046875,0.07234375000000001,0
551,0.1678124964237213,0.1678124964237213,DAD,0.02225470542907715,35264,2.4081573486328125,,,,,,,,,,
552,0.17906250059604645,0.17906250059604645,DAD,0.022220134735107422,35328,2.4907026290893555,,,,,,,,,,
553,0.1743750125169754,0.1743750125169754,DAD,0.021085739135742188,35392,2.445443630218506,,,,,,,,,,
554,0.1720312535762787,0.1720312535762787,DAD,0.0208742618560791,35456,2.435673475265503,,,,,,,,,,
555,0.18796876072883606,0.18796876072883606,DAD,0.020827770233154297,35520,2.409151554107666,,,,,,,,,,
556,0.16875001788139343,0.16875001788139343,DAD,0.020984649658203125,35584,2.4438514709472656,,,,,,,,,,
557,0.16875000298023224,0.16875000298023224,DAD,0.020798921585083008,35648,2.4065868854522705,,,,,,,,,,
558,0.1954687535762787,0.1954687535762787,DAD,0.021653175354003906,35712,2.4402713775634766,,,,,,,,,,
559,0.1860937476158142,0.1860937476158142,DAD,0.02142810821533203,35776,2.4432525634765625,,,,,,,,,,
560,0.17390626668930054,0.17390626668930054,DAD,0.021065711975097656,35840,2.3801398277282715,,,,,,,,,,
561,0.18140624463558197,0.18140624463558197,DAD,0.020926952362060547,35904,2.4503698348999023,,,,,,,,,,
562,0.1978124976158142,0.1978124976158142,DAD,0.020921945571899414,35968,2.388495683670044,,,,,,,,,,
563,0.16312500834465027,0.16312500834465027,DAD,0.02326226234436035,36032,2.279935121536255,,,,,,,,,,
564,0.18281251192092896,0.18281251192092896,DAD,0.020909547805786133,36096,2.332855701446533,,,,,,,,,,
565,0.19171875715255737,0.19171875715255737,DAD,0.02124762535095215,36160,2.2577157020568848,,,,,,,,,,
566,0.1795312613248825,0.1795312613248825,DAD,0.021064043045043945,36224,2.2232229709625244,,,,,,,,,,
567,0.1692187488079071,0.1692187488079071,DAD,0.0210113525390625,36288,2.2982091903686523,,,,,,,,,,
568,0.17531251907348633,0.17531251907348633,DAD,0.021190404891967773,36352,2.205902099609375,,,,,,,,,,
569,0.16171875596046448,0.16171875596046448,DAD,0.020983457565307617,36416,2.2436840534210205,,,,,,,,,,
570,0.17625001072883606,0.17625001072883606,DAD,0.020758390426635742,36480,2.18239688873291,,,,,,,,,,
571,0.18937501311302185,0.18937501311302185,DAD,0.020848512649536133,36544,2.3584601879119873,,,,,,,,,,
572,0.16078124940395355,0.16078124940395355,DAD,0.020949840545654297,36608,2.2897703647613525,,,,,,,,,,
573,0.17109374701976776,0.17109374701976776,DAD,0.02085089683532715,36672,2.2686104774475098,,,,,,,,,,
574,0.1720312535762787,0.1720312535762787,DAD,0.020906686782836914,36736,2.252631187438965,,,,,,,,,,
575,0.16875001788139343,0.16875001788139343,DAD,0.02115035057067871,36800,2.3305416107177734,0.177890625,0.08039062500000001,5,1.0242097939706114,0.0390625,0.046875,1,0.0014062500000000002,0.08039062500000001,0
576,0.15562501549720764,0.15562501549720764,DAD,0.021343231201171875,36864,2.284999370574951,,,,,,,,,,
577,0.17109376192092896,0.17109376192092896,DAD,0.020926237106323242,36928,2.3083696365356445,,,,,,,,,,
578,0.19031250476837158,0.19031250476837158,DAD,0.02095508575439453,36992,2.4114222526550293,,,,,,,,,,
579,0.17671875655651093,0.17671875655651093,DAD,0.020912885665893555,37056,2.502281665802002,,,,,,,,,,
580,0.18281249701976776,0.18281249701976776,DAD,0.020877361297607422,37120,2.552957534790039,,,,,,,,,,
581,0.16640624403953552,0.16640624403953552,DAD,0.020913124084472656,37184,2.5184803009033203,,,,,,,,,,
582,0.18000000715255737,0.18000000715255737,DAD,0.021136045455932617,37248,2.547145366668701,,,,,,,,,,
583,0.18046873807907104,0.18046873807907104,DAD,0.021079540252685547,37312,2.5929126739501953,,,,,,,,,,
584,0.17765624821186066,0.17765624821186066,DAD,0.021048545837402344,37376,2.512638807296753,,,,,,,,,,
585,0.17671874165534973,0.17671874165534973,DAD,0.021402835845947266,37440,2.635222911834717,,,,,,,,,,
586,0.18468749523162842,0.18468749523162842,DAD,0.023512840270996094,37504,2.756276845932007,,,,,,,,,,
587,0.17109374701976776,0.17109374701976776,DAD,0.02089095115661621,37568,2.7419605255126953,,,,,,,,,,
588,0.17624999582767487,0.17624999582767487,DAD,0.02141714096069336,37632,2.7699174880981445,,,,,,,,,,
589,0.18796874582767487,0.18796874582767487,DAD,0.020981788635253906,37696,2.785243034362793,,,,,,,,,,
590,0.17624999582767487,0.17624999582767487,DAD,0.020880937576293945,37760,2.781292200088501,,,,,,,,,,
591,0.1640625,0.1640625,DAD,0.020931243896484375,37824,2.803854465484619,,,,,,,,,,
592,0.19171875715255737,0.19171875715255737,DAD,0.020981311798095703,37888,2.776329517364502,,,,,,,,,,
593,0.17999999225139618,0.17999999225139618,DAD,0.02090597152709961,37952,2.7718307971954346,,,,,,,,,,
594,0.1809374988079071,0.1809374988079071,DAD,0.021053552627563477,38016,2.748648166656494,,,,,,,,,,
595,0.18281251192092896,0.18281251192092896,DAD,0.020870208740234375,38080,2.7426533699035645,,,,,,,,,,
596,0.18421874940395355,0.18421874940395355,DAD,0.020884990692138672,38144,2.7236711978912354,,,,,,,,,,
597,0.17156250774860382,0.17156250774860382,DAD,0.0211944580078125,38208,2.7572290897369385,,,,,,,,,,
598,0.1809374988079071,0.1809374988079071,DAD,0.021180391311645508,38272,2.6572625637054443,,,,,,,,,,
599,0.1823437511920929,0.1823437511920929,DAD,0.021061182022094727,38336,2.643613338470459,,,,,,,,,,
600,0.16453126072883606,0.16453126072883606,DAD,0.021180391311645508,38400,2.699979305267334,0.18492187499999999,0.078046875,17,1.4597317894127164,0.1328125,0.0234375,1,0.000703125,0.078046875,0
601,0.18984374403953552,0.18984374403953552,DAD,0.021270751953125,38464,2.580819606781006,,,,,,,,,,
602,0.16734375059604645,0.16734375059604645,DAD,0.020927906036376953,38528,2.6239917278289795,,,,,,,,,,
603,0.1940625011920929,0.1940625011920929,DAD,0.020866870880126953,38592,2.6203150749206543,,,,,,,,,,
604,0.17906250059604645,0.17906250059604645,DAD,0.02091050148010254,38656,2.579281806945801,,,,,,,,,,
605,0.16359375417232513,0.16359375417232513,DAD,0.021077871322631836,38720,2.453718662261963,,,,,,,,,,
606,0.18656250834465027,0.18656250834465027,DAD,0.021199941635131836,38784,2.5538039207458496,,,,,,,,,,
607,0.17765626311302185,0.17765626311302185,DAD,0.021147966384887695,38848,2.570219039916992,,,,,,,,,,
608,0.1926562488079071,0.1926562488079071,DAD,0.0212709903717041,38912,2.4826982021331787,,,,,,,,,,
609,0.17250001430511475,0.17250001430511475,DAD,0.023736953735351562,38976,2.5145833492279053,,,,,,,,,,
610,0.1823437511920929,0.1823437511920929,DAD,0.021372318267822266,39040,2.5333876609802246,,,,,,,,,,
611,0.17578125,0.17578125,DAD,0.022131681442260742,39104,2.50754451751709,,,,,,,,,,
612,0.18796874582767487,0.19421875476837158,DAD,0.021120309829711914,39168,2.5660905838012695,,,,,,,,,,
613,0.17625001072883606,0.17625001072883606,DAD,0.0210115909576416,39232,2.4960289001464844,,,,,,,,,,
614,0.15234375,0.15234375,DAD,0.023323774337768555,39296,2.428030252456665,,,,,,,,,,
615,0.16687500476837158,0.16687500476837158,DAD,0.02132725715637207,39360,2.4292454719543457,,,,,,,,,,
616,0.15468749403953552,0.15468749403953552,DAD,0.020935773849487305,39424,2.496579647064209,,,,,,,,,,
617,0.17390625178813934,0.17390625178813934,DAD,0.021071672439575195,39488,2.4456610679626465,,,,,,,,,,
618,0.16875001788139343,0.16875001788139343,DAD,0.02093958854675293,39552,2.4282736778259277,,,,,,,,,,
619,0.1823437511920929,0.1823437511920929,DAD,0.02091383934020996,39616,2.4692015647888184,,,,,,,,,,
620,0.18421874940395355,0.18421874940395355,DAD,0.020900487899780273,39680,2.5533058643341064,,,,,,,,,,
621,0.18562500178813934,0.18562500178813934,DAD,0.020982027053833008,39744,2.570038318634033,,,,,,,,,,
622,0.17015625536441803,0.17015625536441803,DAD,0.020879030227661133,39808,2.551941394805908,,,,,,,,,,
623,0.17578125,0.17578125,DAD,0.020921945571899414,39872,2.5992331504821777,,,,,,,,,,
624,0.1743750125169754,0.1743750125169754,DAD,0.020868301391601562,39936,2.535586357116699,,,,,,,,,,
625,0.1809374988079071,0.1809374988079071,DAD,0.021207571029663086,40000,2.6094725131988525,0.181875,0.07500000000000001,29,2.410599241258684,0.2265625,0.0234375,1,0.0007031250000000002,0.07500000000000001,0
626,0.1795312613248825,0.1795312613248825,DAD,0.021193742752075195,40064,2.6849260330200195,,,,,,,,,,
627,0.17390625178813934,0.17390625178813934,DAD,0.02103900909423828,40128,2.664991617202759,,,,,,,,,,
628,0.20671874284744263,0.20671874284744263,DAD,0.02123403549194336,40192,2.6894397735595703,,,,,,,,,,
629,0.17859375476837158,0.1848437637090683,DAD,0.021279573440551758,40256,2.7145612239837646,,,,,,,,,,
630,0.18046875298023224,0.18046875298023224,DAD,0.021021604537963867,40320,2.8342227935791016,,,,,,,,,,
631,0.17859375476837158,0.17859375476837158,DAD,0.02106928825378418,40384,2.7522711753845215,,,,,,,,,,
632,0.1692187488079071,0.1692187488079071,DAD,0.021184682846069336,40448,2.743661880493164,,,,,,,,,,
633,0.17249999940395355,0.17249999940395355,DAD,0.02107977867126465,40512,2.737434148788452,,,,,,,,,,
634,0.17906251549720764,0.17906251549720764,DAD,0.021293163299560547,40576,2.6962099075317383,,,,,,,,,,
635,0.1837500035762787,0.1837500035762787,DAD,0.020898103713989258,40640,2.7254691123962402,,,,,,,,,,
636,0.16687500476837158,0.16687500476837158,DAD,0.020856857299804688,40704,2.68743896484375,,,,,,,,,,
637,0.18515625596046448,0.18515625596046448,DAD,0.021019458770751953,40768,2.701632022857666,,,,,,,,,,
638,0.18140625953674316,0.18140625953674316,DAD,0.021013975143432617,40832,2.4809346199035645,,,,,,,,,,
639,0.16593749821186066,0.16593749821186066,DAD,0.021501779556274414,40896,2.5577220916748047,,,,,,,,,,
640,0.19031250476837158,0.19031250476837158,DAD,0.021381139755249023,40960,2.546274423599243,,,,,,,,,,
641,0.16499999165534973,0.16499999165534973,DAD,0.021259069442749023,41024,2.4592370986938477,,,,,,,,,,
642,0.19078125059604645,0.19078125059604645,DAD,0.02406787872314453,41088,2.513162612915039,,,,,,,,,,
643,0.1875,0.1875,DAD,0.02275872230529785,41152,2.503340482711792,,,,,,,,,,
644,0.1837500035762787,0.1837500035762787,DAD,0.021548748016357422,41216,2.479452610015869,,,,,,,,,,
645,0.18796874582767487,0.18796874582767487,DAD,0.02136063575744629,41280,2.462364673614502,,,,,,,,,,
646,0.18515625596046448,0.18515625596046448,DAD,0.0211946964263916,41344,2.5827760696411133,,,,,,,,,,
647,0.17671875655651093,0.17671875655651093,DAD,0.021547317504882812,41408,2.4994218349456787,,,,,,,,,,
648,0.1860937476158142,0.1860937476158142,DAD,0.021615266799926758,41472,2.5121853351593018,,,,,,,,,,
649,0.1720312535762787,0.1720312535762787,DAD,0.021309375762939453,41536,2.5471911430358887,,,,,,,,,,
650,0.16968749463558197,0.16968749463558197,DAD,0.021473407745361328,41600,2.3395776748657227,0.182109375,0.07835937500000001,12,1.3668930722225685,0.09375,0.03125,1,0.0009375,0.07835937500000001,0
651,0.1771875023841858,0.1771875023841858,DAD,0.02182316780090332,41664,2.511479616165161,,,,,,,,,,
652,0.17812499403953552,0.17812499403953552,DAD,0.021405696868896484,41728,2.4280219078063965,,,,,,,,,,
653,0.1706250011920929,0.1706250011920929,DAD,0.021386384963989258,41792,2.5483436584472656,,,,,,,,,,
654,0.17671875655651093,0.17671875655651093,DAD,0.02142167091369629,41856,2.492466688156128,,,,,,,,,,
655,0.17625001072883606,0.17625001072883606,DAD,0.02147197723388672,41920,2.4150912761688232,,,,,,,,,,
656,0.17906250059604645,0.17906250059604645,DAD,0.02134561538696289,41984,2.454766273498535,,,,,,,,,,
657,0.17109374701976776,0.17109374701976776,DAD,0.02127361297607422,42048,2.4275436401367188,,,,,,,,,,
658,0.18843750655651093,0.18843750655651093,DAD,0.02138805389404297,42112,2.500502347946167,,,,,,,,,,
659,0.15937501192092896,0.15937501192092896,DAD,0.021452665328979492,42176,2.362489700317383,,,,,,,,,,
660,0.1720312535762787,0.1720312535762787,DAD,0.021832942962646484,42240,2.447457790374756,,,,,,,,,,
661,0.1706250011920929,0.1706250011920929,DAD,0.023621797561645508,42304,2.530529022216797,,,,,,,,,,
662,0.17484375834465027,0.17484375834465027,DAD,0.02179431915283203,42368,2.405857563018799,,,,,,,,,,
663,0.1720312535762787,0.1720312535762787,DAD,0.021219968795776367,42432,2.453165054321289,,,,,,,,,,
664,0.1626562476158142,0.1626562476158142,DAD,0.023077011108398438,42496,2.4506030082702637,,,,,,,,,,
665,0.1706250011920929,0.1706250011920929,DAD,0.02171635627746582,42560,2.5284066200256348,,,,,,,,,,
666,0.1678125113248825,0.1678125113248825,DAD,0.021578311920166016,42624,2.5176095962524414,,,,,,,,,,
667,0.17765624821186066,0.17765624821186066,DAD,0.021503686904907227,42688,2.489910840988159,,,,,,,,,,
668,0.1940625011920929,0.1940625011920929,DAD,0.02143549919128418,42752,2.545102596282959,,,,,,,,,,
669,0.17390625178813934,0.17390625178813934,DAD,0.021400928497314453,42816,2.4696803092956543,,,,,,,,,,
670,0.1837500035762787,0.1837500035762787,DAD,0.0213773250579834,42880,2.5408473014831543,,,,,,,,,,
671,0.18562500178813934,0.18562500178813934,DAD,0.021129369735717773,42944,2.5292539596557617,,,,,,,,,,
672,0.1926562488079071,0.1926562488079071,DAD,0.0213470458984375,43008,2.447477340698242,,,,,,,,,,
673,0.17578125,0.17578125,DAD,0.02129364013671875,43072,2.4575743675231934,,,,,,,,,,
674,0.1964062601327896,0.1964062601327896,DAD,0.021254539489746094,43136,2.499112129211426,,,,,,,,,,
675,0.18515625596046448,0.18515625596046448,DAD,0.021147489547729492,43200,2.5367631912231445,0.183046875,0.076171875,24,1.8502996205950901,0.1875,0.0234375,1,0.000703125,0.076171875,0
676,0.17625001072883606,0.17625001072883606,DAD,0.021479368209838867,43264,2.5289134979248047,,,,,,,,,,
677,0.17671875655651093,0.17671875655651093,DAD,0.023944377899169922,43328,2.4832847118377686,,,,,,,,,,
678,0.1809374988079071,0.1809374988079071,DAD,0.021434545516967773,43392,2.573042392730713,,,,,,,,,,
679,0.17156249284744263,0.17156249284744263,DAD,0.021549224853515625,43456,2.520697593688965,,,,,,,,,,
680,0.1837500035762787,0.1837500035762787,DAD,0.02174544334411621,43520,2.5991063117980957,,,,,,,,,,
681,0.17390625178813934,0.17390625178813934,DAD,0.021575212478637695,43584,2.56337571144104,,,,,,,,,,
682,0.17249998450279236,0.17249998450279236,DAD,0.023951292037963867,43648,2.5196094512939453,,,,,,,,,,
683,0.17578125,0.17578125,DAD,0.021641016006469727,43712,2.4988930225372314,,,,,,,,,,
684,0.17625001072883606,0.17625001072883606,DAD,0.0213925838470459,43776,2.4618992805480957,,,,,,,,,,
685,0.1692187488079071,0.1692187488079071,DAD,0.021157503128051758,43840,2.416095733642578,,,,,,,,,,
686,0.18000000715255737,0.18000000715255737,DAD,0.02127671241760254,43904,2.4448626041412354,,,,,,,,,,
687,0.18703123927116394,0.18703123927116394,DAD,0.021496057510375977,43968,2.4732460975646973,,,,,,,,,,
688,0.16828125715255737,0.16828125715255737,DAD,0.021538496017456055,44032,2.419095516204834,,,,,,,,,,
689,0.1785937398672104,0.1785937398672104,DAD,0.021353483200073242,44096,2.4661264419555664,,,,,,,,,,
690,0.1720312535762787,0.1720312535762787,DAD,0.021397113800048828,44160,2.5117368698120117,,,,,,,,,,
691,0.14906251430511475,0.14906251430511475,DAD,0.021205425262451172,44224,2.402468681335449,,,,,,,,,,
692,0.16734375059604645,0.16734375059604645,DAD,0.021244287490844727,44288,2.455115556716919,,,,,,,,,,
693,0.17156250774860382,0.17156250774860382,DAD,0.021143674850463867,44352,2.41342830657959,,,,,,,,,,
694,0.18000000715255737,0.18000000715255737,DAD,0.021441936492919922,44416,2.445751905441284,,,,,,,,,,
695,0.17296874523162842,0.17296874523162842,DAD,0.02137899398803711,44480,2.488429546356201,,,,,,,,,,
696,0.1743749976158142,0.1743749976158142,DAD,0.021211862564086914,44544,2.458317279815674,,,,,,,,,,
697,0.18656250834465027,0.18656250834465027,DAD,0.021284103393554688,44608,2.5570068359375,,,,,,,,,,
698,0.1823437511920929,0.1823437511920929,DAD,0.021433591842651367,44672,2.5000834465026855,,,,,,,,,,
699,0.19921875,0.19921875,DAD,0.021203041076660156,44736,2.603381872177124,,,,,,,,,,
700,0.1889062523841858,0.1889062523841858,DAD,0.021428346633911133,44800,2.574540615081787,0.184921875,0.07804687500000002,23,2.002637286994469,0.1796875,0.0234375,1,0.000703125,0.07804687500000002,0
701,0.18281251192092896,0.18281251192092896,DAD,0.021796226501464844,44864,2.601698398590088,,,,,,,,,,
702,0.16734373569488525,0.16734373569488525,DAD,0.021297216415405273,44928,2.495532512664795,,,,,,,,,,
703,0.1837500035762787,0.1837500035762787,DAD,0.0213320255279541,44992,2.601243019104004,,,,,,,,,,
704,0.17390625178813934,0.17390625178813934,DAD,0.02137923240661621,45056,2.6678361892700195,,,,,,,,,,
705,0.16734375059604645,0.16734375059604645,DAD,0.021025896072387695,45120,2.5818941593170166,,,,,,,,,,
706,0.16453126072883606,0.16453126072883606,DAD,0.021132469177246094,45184,2.667548179626465,,,,,,,,,,
707,0.1875,0.1875,DAD,0.021579504013061523,45248,2.6433916091918945,,,,,,,,,,
708,0.17812500894069672,0.17812500894069672,DAD,0.021419763565063477,45312,2.5695862770080566,,,,,,,,,,
709,0.1837500035762787,0.1837500035762787,DAD,0.02145528793334961,45376,2.5886521339416504,,,,,,,,,,
710,0.16828125715255737,0.16828125715255737,DAD,0.021651744842529297,45440,2.554055690765381,,,,,,,,,,
711,0.17390625178813934,0.17390625178813934,DAD,0.021299123764038086,45504,2.594684362411499,,,,,,,,,,
712,0.1889062523841858,0.1889062523841858,DAD,0.02129507064819336,45568,2.710620880126953,,,,,,,,,,
713,0.19687500596046448,0.19687500596046448,DAD,0.021273136138916016,45632,2.5659708976745605,,,,,,,,,,
714,0.18140624463558197,0.18140624463558197,DAD,0.021239757537841797,45696,2.6274027824401855,,,,,,,,,,
715,0.1795312464237213,0.1795312464237213,DAD,0.021149635314941406,45760,2.6445767879486084,,,,,,,,,,
716,0.17531250417232513,0.17531250417232513,DAD,0.021763324737548828,45824,2.487884044647217,,,,,,,,,,
717,0.1809374988079071,0.1809374988079071,DAD,0.021390676498413086,45888,2.502739906311035,,,,,,,,,,
718,0.1743749976158142,0.1743749976158142,DAD,0.021422386169433594,45952,2.523867130279541,,,,,,,,,,
719,0.17296874523162842,0.17296874523162842,DAD,0.021422147750854492,46016,2.585167646408081,,,,,,,,,,
720,0.1889062523841858,0.1889062523841858,DAD,0.021642684936523438,46080,2.493237018585205,,,,,,,,,,
721,0.17156250774860382,0.17156250774860382,DAD,0.021405696868896484,46144,2.4717230796813965,,,,,,,,,,
722,0.17906251549720764,0.18531250953674316,DAD,0.021692752838134766,46208,2.447399616241455,,,,,,,,,,
723,0.18984374403953552,0.18984374403953552,DAD,0.021663188934326172,46272,2.527552366256714,,,,,,,,,,
724,0.1823437511920929,0.1823437511920929,DAD,0.021512508392333984,46336,2.53885555267334,,,,,,,,,,
725,0.17671875655651093,0.17671875655651093,DAD,0.021626710891723633,46400,2.530548572540283,0.185390625,0.07539062500000002,21,1.892810426655367,0.1640625,0.015625,1,0.00046875,0.07539062500000002,0
726,0.16593751311302185,0.16593751311302185,DAD,0.022899389266967773,46464,2.514174222946167,,,,,,,,,,
727,0.18140625953674316,0.18140625953674316,DAD,0.021373271942138672,46528,2.541411876678467,,,,,,,,,,
728,0.18843750655651093,0.18843750655651093,DAD,0.02128124237060547,46592,2.5488181114196777,,,,,,,,,,
729,0.18000000715255737,0.18000000715255737,DAD,0.021407604217529297,46656,2.5727286338806152,,,,,,,,,,
730,0.1743749976158142,0.1743749976158142,DAD,0.02122950553894043,46720,2.6172800064086914,,,,,,,,,,
731,0.17156250774860382,0.17156250774860382,DAD,0.021673917770385742,46784,2.503096580505371,,,,,,,,,,
732,0.17906250059604645,0.17906250059604645,DAD,0.021387577056884766,46848,2.4334068298339844,,,,,,,,,,
733,0.17484375834465027,0.17484375834465027,DAD,0.02131795883178711,46912,2.4944796562194824,,,,,,,,,,
734,0.19218750298023224,0.19218750298023224,DAD,0.021349430084228516,46976,2.533687114715576,,,,,,,,,,
735,0.17343750596046448,0.17343750596046448,DAD,0.021468639373779297,47040,2.520190715789795,,,,,,,,,,
736,0.17671874165534973,0.17671874165534973,DAD,0.021370649337768555,47104,2.4249792098999023,,,,,,,,,,
737,0.17624999582767487,0.17624999582767487,DAD,0.021663665771484375,47168,2.3875856399536133,,,,,,,,,,
738,0.16828125715255737,0.16828125715255737,DAD,0.021182775497436523,47232,2.430922746658325,,,,,,,,,,
739,0.16359373927116394,0.16359373927116394,DAD,0.02162480354309082,47296,2.4034266471862793,,,,,,,,,,
740,0.17015624046325684,0.17015624046325684,DAD,0.02388787269592285,47360,2.4191880226135254,,,,,,,,,,
741,0.1809374988079071,0.1809374988079071,DAD,0.02168107032775879,47424,2.3974945545196533,,,,,,,,,,
742,0.18328124284744263,0.18328124284744263,DAD,0.021425724029541016,47488,2.5804078578948975,,,,,,,,,,
743,0.15937501192092896,0.15937501192092896,DAD,0.021245479583740234,47552,2.5390167236328125,,,,,,,,,,
744,0.15984374284744263,0.15984374284744263,DAD,0.021311044692993164,47616,2.5688066482543945,,,,,,,,,,
745,0.1889062523841858,0.1889062523841858,DAD,0.0212552547454834,47680,2.6069540977478027,,,,,,,,,,
746,0.17812499403953552,0.17812499403953552,DAD,0.021297931671142578,47744,2.6326422691345215,,,,,,,,,,
747,0.19359375536441803,0.19359375536441803,DAD,0.02123546600341797,47808,2.589973211288452,,,,,,,,,,
748,0.17625001072883606,0.17625001072883606,DAD,0.021337032318115234,47872,2.6044912338256836,,,,,,,,,,
749,0.17156250774860382,0.17156250774860382,DAD,0.021488666534423828,47936,2.6317124366760254,,,,,,,,,,
750,0.17765624821186066,0.17765624821186066,DAD,0.021474599838256836,48000,2.666948080062866,0.18703125000000004,0.07703125000000001,14,1.2504189590040538,0.109375,0.015625,1,0.0004687500000000002,0.07703125000000001,0
751,0.17859375476837158,0.17859375476837158,DAD,0.021541833877563477,48064,2.596280097961426,,,,,,,,,,
752,0.18796876072883606,0.18796876072883606,DAD,0.021325111389160156,48128,2.633127212524414,,,,,,,,,,
753,0.1860937476158142,0.1860937476158142,DAD,0.021274805068969727,48192,2.669265031814575,,,,,,,,,,
754,0.18046875298023224,0.18046875298023224,DAD,0.021207571029663086,48256,2.6341805458068848,,,,,,,,,,
755,0.18468749523162842,0.18468749523162842,DAD,0.02124309539794922,48320,2.662393569946289,,,,,,,,,,
756,0.16734375059604645,0.16734375059604645,DAD,0.02151799201965332,48384,2.638725757598877,,,,,,,,,,
757,0.17671874165534973,0.17671874165534973,DAD,0.02133774757385254,48448,2.659836530685425,,,,,,,,,,
758,0.19031250476837158,0.19031250476837158,DAD,0.02135157585144043,48512,2.677321195602417,,,,,,,,,,
759,0.17906250059604645,0.17906250059604645,DAD,0.021394729614257812,48576,2.63089919090271,,,,,,,,,,
760,0.18468749523162842,0.18468749523162842,DAD,0.021218299865722656,48640,2.6947154998779297,,,,,,,,,,
761,0.18937501311302185,0.18937501311302185,DAD,0.021280527114868164,48704,2.6879515647888184,,,,,,,,,,
762,0.17671874165534973,0.17671874165534973,DAD,0.021516084671020508,48768,2.708632469177246,,,,,,,,,,
763,0.18421874940395355,0.18421874940395355,DAD,0.02157115936279297,48832,2.6076552867889404,,,,,,,,,,
764,0.18328124284744263,0.18328124284744263,DAD,0.021351337432861328,48896,2.640256881713867,,,,,,,,,,
765,0.17484375834465027,0.17484375834465027,DAD,0.02136540412902832,48960,2.6780338287353516,,,,,,,,,,
766,0.19499999284744263,0.19499999284744263,DAD,0.02125716209411621,49024,2.756190776824951,,,,,,,,,,
767,0.18328124284744263,0.18328124284744263,DAD,0.02136540412902832,49088,2.6554319858551025,,,,,,,,,,
768,0.16687500476837158,0.16687500476837158,DAD,0.021238327026367188,49152,2.5866260528564453,,,,,,,,,,
769,0.18140625953674316,0.18140625953674316,DAD,0.021343708038330078,49216,2.737971544265747,,,,,,,,,,
770,0.1875,0.1875,DAD,0.02139592170715332,49280,2.733232021331787,,,,,,,,,,
771,0.18656250834465027,0.18656250834465027,DAD,0.0213472843170166,49344,2.6597652435302734,,,,,,,,,,
772,0.17390625178813934,0.17390625178813934,DAD,0.021528244018554688,49408,2.5339603424072266,,,,,,,,,,
773,0.19312500953674316,0.19312500953674316,DAD,0.021244287490844727,49472,2.5803515911102295,,,,,,,,,,
774,0.18703123927116394,0.18703123927116394,DAD,0.021452903747558594,49536,2.597750663757324,,,,,,,,,,
775,0.18515625596046448,0.18515625596046448,DAD,0.021211862564086914,49600,2.568685531616211,0.1809375,0.0709375,21,2.161085887633188,0.1640625,0.015625,1,0.00046875,0.0709375,0
776,0.1860937476158142,0.1860937476158142,DAD,0.02152872085571289,49664,2.514164447784424,,,,,,,,,,
777,0.18328125774860382,0.18328125774860382,DAD,0.021097898483276367,49728,2.481214761734009,,,,,,,,,,
778,0.18281249701976776,0.18281249701976776,DAD,0.02150583267211914,49792,2.4901673793792725,,,,,,,,,,
779,0.18187500536441803,0.18187500536441803,DAD,0.021266698837280273,49856,2.415839910507202,,,,,,,,,,
780,0.16171875596046448,0.16171875596046448,DAD,0.021497488021850586,49920,2.4412593841552734,,,,,,,,,,
781,0.17156249284744263,0.17156249284744263,DAD,0.021288156509399414,49984,2.4408655166625977,,,,,,,,,,
782,0.18281251192092896,0.18281251192092896,DAD,0.0214080810546875,50048,2.4738149642944336,,,,,,,,,,
783,0.17671874165534973,0.17671874165534973,DAD,0.021123409271240234,50112,2.4978184700012207,,,,,,,,,,
784,0.16312500834465027,0.16312500834465027,DAD,0.021328210830688477,50176,2.431962490081787,,,,,,,,,,
785,0.17109374701976776,0.17109374701976776,DAD,0.02123236656188965,50240,2.4089841842651367,,,,,,,,,,
786,0.17671875655651093,0.17671875655651093,DAD,0.021240711212158203,50304,2.460380792617798,,,,,,,,,,
787,0.18328124284744263,0.18328124284744263,DAD,0.021336793899536133,50368,2.38504958152771,,,,,,,,,,
788,0.17531250417232513,0.17531250417232513,DAD,0.02126932144165039,50432,2.3680925369262695,,,,,,,,,,
789,0.15656250715255737,0.15656250715255737,DAD,0.021106243133544922,50496,2.2675135135650635,,,,,,,,,,
790,0.16171875596046448,0.16171875596046448,DAD,0.021386384963989258,50560,2.344548463821411,,,,,,,,,,
791,0.1795312613248825,0.1795312613248825,DAD,0.02127838134765625,50624,2.379490375518799,,,,,,,,,,
792,0.1809374988079071,0.1809374988079071,DAD,0.021260738372802734,50688,2.336977481842041,,,,,,,,,,
793,0.15515625476837158,0.15515625476837158,DAD,0.021384477615356445,50752,2.4964070320129395,,,,,,,,,,
794,0.18140624463558197,0.18140624463558197,DAD,0.021349191665649414,50816,2.4053244590759277,,,,,,,,,,
795,0.18937501311302185,0.18937501311302185,DAD,0.02109384536743164,50880,2.47800350189209,,,,,,,,,,
796,0.17296874523162842,0.17296874523162842,DAD,0.02120065689086914,50944,2.522503614425659,,,,,,,,,,
797,0.16875000298023224,0.16875000298023224,DAD,0.021422147750854492,51008,2.5794358253479004,,,,,,,,,,
798,0.17015625536441803,0.17015625536441803,DAD,0.021438121795654297,51072,2.468898296356201,,,,,,,,,,
799,0.19031250476837158,0.19031250476837158,DAD,0.021307945251464844,51136,2.5509111881256104,,,,,,,,,,
800,0.18328124284744263,0.18328124284744263,DAD,0.02147364616394043,51200,2.562182664871216,0.18,0.07546875,28,2.589811165575653,0.21875,0.0234375,1,0.0009375,0.07546875,0
801,0.17484375834465027,0.17484375834465027,DAD,0.02288961410522461,51264,2.6955649852752686,,,,,,,,,,
802,0.1875,0.1875,DAD,0.02151799201965332,51328,2.730968475341797,,,,,,,,,,
803,0.17765624821186066,0.17765624821186066,DAD,0.021493196487426758,51392,2.685776472091675,,,,,,,,,,
804,0.16453126072883606,0.16453126072883606,DAD,0.02381157875061035,51456,2.7464869022369385,,,,,,,,,,
805,0.1654687523841858,0.1654687523841858,DAD,0.026379108428955078,51520,2.622231960296631,,,,,,,,,,
806,0.18843749165534973,0.20406249165534973,DAD,0.029525279998779297,51584,2.7209038734436035,,,,,,,,,,
807,0.17765626311302185,0.17765626311302185,DAD,0.023017406463623047,51648,2.646733283996582,,,,,,,,,,
808,0.1795312464237213,0.1795312464237213,DAD,0.021315813064575195,51712,2.661959648132324,,,,,,,,,,
809,0.18656250834465027,0.18656250834465027,DAD,0.0210726261138916,51776,2.7083239555358887,,,,,,,,,,
810,0.2029687613248825,0.2029687613248825,DAD,0.02130722999572754,51840,2.6627798080444336,,,,,,,,,,
811,0.16640625894069672,0.17265625298023224,DAD,0.02152562141418457,51904,2.6172056198120117,,,,,,,,,,
812,0.17578125,0.17578125,DAD,0.02147984504699707,51968,2.6058571338653564,,,,,,,,,,
813,0.17156250774860382,0.17156250774860382,DAD,0.02120351791381836,52032,2.6426780223846436,,,,,,,,,,
814,0.19312499463558197,0.19312499463558197,DAD,0.021363496780395508,52096,2.65903377532959,,,,,,,,,,
815,0.18328127264976501,0.18328127264976501,DAD,0.021482467651367188,52160,2.696918487548828,,,,,,,,,,
816,0.17250001430511475,0.17250001430511475,DAD,0.021259784698486328,52224,2.5805935859680176,,,,,,,,,,
817,0.1729687601327896,0.1729687601327896,DAD,0.021169662475585938,52288,2.526550769805908,,,,,,,,,,
818,0.19031250476837158,0.19031250476837158,DAD,0.02117300033569336,52352,2.5391464233398438,,,,,,,,,,
819,0.17765626311302185,0.17765626311302185,DAD,0.021372079849243164,52416,2.476191997528076,,,,,,,,,,
820,0.17578125,0.17578125,DAD,0.021347999572753906,52480,2.4406204223632812,,,,,,,,,,
821,0.18468749523162842,0.18468749523162842,DAD,0.021213293075561523,52544,2.4739937782287598,,,,,,,,,,
822,0.17531248927116394,0.17531248927116394,DAD,0.021379470825195312,52608,2.438389778137207,,,,,,,,,,
823,0.19031250476837158,0.19031250476837158,DAD,0.021376371383666992,52672,2.5016136169433594,,,,,,,,,,
824,0.1720312535762787,0.1720312535762787,DAD,0.0212249755859375,52736,2.3930301666259766,,,,,,,,,,
825,0.15281249582767487,0.15281249582767487,DAD,0.021374225616455078,52800,2.4590821266174316,0.177421875,0.07367187500000001,17,1.7513633465350524,0.1328125,0.03125,1,0.0009375000000000002,0.07367187500000001,0
826,0.1809374988079071,0.18718750774860382,DAD,0.022095203399658203,52864,2.600813865661621,,,,,,,,,,
827,0.1692187488079071,0.1692187488079071,DAD,0.02135300636291504,52928,2.490185260772705,,,,,,,,,,
828,0.17249999940395355,0.17249999940395355,DAD,0.021287202835083008,52992,2.547449827194214,,,,,,,,,,
829,0.20203125476837158,0.20203125476837158,DAD,0.021338224411010742,53056,2.622020721435547,,,,,,,,,,
830,0.1837500035762787,0.1837500035762787,DAD,0.02125263214111328,53120,2.696744441986084,,,,,,,,,,
831,0.16593751311302185,0.16593751311302185,DAD,0.021413564682006836,53184,2.7203290462493896,,,,,,,,,,
832,0.18843750655651093,0.18843750655651093,DAD,0.021416187286376953,53248,2.724031686782837,,,,,,,,,,
833,0.17015624046325684,0.17015624046325684,DAD,0.02128767967224121,53312,2.663942337036133,,,,,,,,,,
834,0.19359374046325684,0.19359374046325684,DAD,0.021435022354125977,53376,2.660910129547119,,,,,,,,,,
835,0.1795312464237213,0.1795312464237213,DAD,0.021285057067871094,53440,2.7542905807495117,,,,,,,,,,
836,0.1823437511920929,0.1823437511920929,DAD,0.021338939666748047,53504,2.7350337505340576,,,,,,,,,,
837,0.16687500476837158,0.16687500476837158,DAD,0.021226167678833008,53568,2.6598217487335205,,,,,,,,,,
838,0.18562500178813934,0.19812500476837158,DAD,0.021030664443969727,53632,2.713054895401001,,,,,,,,,,
839,0.1771875023841858,0.1771875023841858,DAD,0.021198749542236328,53696,2.6979942321777344,,,,,,,,,,
840,0.1706250011920929,0.1706250011920929,DAD,0.021612882614135742,53760,2.6676688194274902,,,,,,,,,,
841,0.17109376192092896,0.17109376192092896,DAD,0.0215911865234375,53824,2.685788631439209,,,,,,,,,,
842,0.17859375476837158,0.17859375476837158,DAD,0.021604537963867188,53888,2.6792449951171875,,,,,,,,,,
843,0.17390625178813934,0.17390625178813934,DAD,0.02137899398803711,53952,2.514234781265259,,,,,,,,,,
844,0.18796874582767487,0.18796874582767487,DAD,0.021280527114868164,54016,2.715022563934326,,,,,,,,,,
845,0.18421874940395355,0.18421874940395355,DAD,0.021262645721435547,54080,2.6068882942199707,,,,,,,,,,
846,0.16171874105930328,0.16171874105930328,DAD,0.021283626556396484,54144,2.6038169860839844,,,,,,,,,,
847,0.1809374988079071,0.1809374988079071,DAD,0.021334409713745117,54208,2.5810070037841797,,,,,,,,,,
848,0.17156250774860382,0.17156250774860382,DAD,0.021293163299560547,54272,2.5939106941223145,,,,,,,,,,
849,0.18937501311302185,0.18937501311302185,DAD,0.021358728408813477,54336,2.56793212890625,,,,,,,,,,
850,0.18281251192092896,0.18281251192092896,DAD,0.021463632583618164,54400,2.5720479488372803,0.179296875,0.080234375,36,2.934442654537104,0.28125,0.03125,1,0.00140625,0.080234375,1
851,0.1823437511920929,0.1823437511920929,DAD,0.021610260009765625,54464,2.6210007667541504,,,,,,,,,,
852,0.18140625953674316,0.18140625953674316,DAD,0.021190166473388672,54528,2.5934653282165527,,,,,,,,,,
853,0.1912499964237213,0.1912499964237213,DAD,0.021394014358520508,54592,2.6174516677856445,,,,,,,,,,
854,0.18562500178813934,0.18562500178813934,DAD,0.021410703659057617,54656,2.5416932106018066,,,,,,,,,,
855,0.1654687523841858,0.1654687523841858,DAD,0.021349430084228516,54720,2.4885523319244385,,,,,,,,,,
856,0.17765626311302185,0.17765626311302185,DAD,0.02131819725036621,54784,2.4185163974761963,,,,,,,,,,
857,0.1706250011920929,0.1706250011920929,DAD,0.021349668502807617,54848,2.3896236419677734,,,,,,,,,,
858,0.1795312464237213,0.1795312464237213,DAD,0.021553754806518555,54912,2.5690758228302,,,,,,,,,,
859,0.18000000715255737,0.18000000715255737,DAD,0.021532535552978516,54976,2.400594711303711,,,,,,,,,,
860,0.1837500035762787,0.1837500035762787,DAD,0.0213320255279541,55040,2.418456792831421,,,,,,,,,,
861,0.18843750655651093,0.18843750655651093,DAD,0.021311044692993164,55104,2.471798896789551,,,,,,,,,,
862,0.1837500035762787,0.1837500035762787,DAD,0.02303290367126465,55168,2.4977221488952637,,,,,,,,,,
863,0.19687500596046448,0.19687500596046448,DAD,0.021667957305908203,55232,2.40878963470459,,,,,,,,,,
864,0.17906250059604645,0.17906250059604645,DAD,0.021638154983520508,55296,2.3854269981384277,,,,,,,,,,
865,0.1743749976158142,0.1743749976158142,DAD,0.02130126953125,55360,2.318082809448242,,,,,,,,,,
866,0.1875,0.1875,DAD,0.021149396896362305,55424,2.403923749923706,,,,,,,,,,
867,0.17859375476837158,0.17859375476837158,DAD,0.021337032318115234,55488,2.378079414367676,,,,,,,,,,
868,0.19359374046325684,0.19359374046325684,DAD,0.021380901336669922,55552,2.381998062133789,,,,,,,,,,
869,0.1823437511920929,0.1823437511920929,DAD,0.021192073822021484,55616,2.4031999111175537,,,,,,,,,,
870,0.18000000715255737,0.18000000715255737,DAD,0.02114725112915039,55680,2.31592059135437,,,,,,,,,,
871,0.17249999940395355,0.17249999940395355,DAD,0.02131819725036621,55744,2.3167712688446045,,,,,,,,,,
872,0.18468749523162842,0.18468749523162842,DAD,0.021268129348754883,55808,2.3047633171081543,,,,,,,,,,
873,0.16828125715255737,0.16828125715255737,DAD,0.021569013595581055,55872,2.2463276386260986,,,,,,,,,,
874,0.18937501311302185,0.18937501311302185,DAD,0.021618127822875977,55936,2.313995122909546,,,,,,,,,,
875,0.18421874940395355,0.18421874940395355,DAD,0.021549463272094727,56000,2.3483424186706543,0.183046875,0.07304687500000001,14,1.3675698892982937,0.109375,0.015625,1,0.0004687500000000002,0.07304687500000001,0
876,0.18515625596046448,0.18515625596046448,DAD,0.021840333938598633,56064,2.369133472442627,,,,,,,,,,
877,0.16968750953674316,0.16968750953674316,DAD,0.021439790725708008,56128,2.357203483581543,,,,,,,,,,
878,0.17015624046325684,0.17015624046325684,DAD,0.02121591567993164,56192,2.2664599418640137,,,,,,,,,,
879,0.18281251192092896,0.18281251192092896,DAD,0.021456003189086914,56256,2.4253525733947754,,,,,,,,,,
880,0.18046875298023224,0.18046875298023224,DAD,0.022030353546142578,56320,2.400071144104004,,,,,,,,,,
881,0.17249999940395355,0.17249999940395355,DAD,0.021184206008911133,56384,2.355342388153076,,,,,,,,,,
882,0.1809374988079071,0.1809374988079071,DAD,0.02133655548095703,56448,2.4665470123291016,,,,,,,,,,
883,0.16078126430511475,0.16078126430511475,DAD,0.021344423294067383,56512,2.549762010574341,,,,,,,,,,
884,0.18187500536441803,0.18187500536441803,DAD,0.021506547927856445,56576,2.4615979194641113,,,,,,,,,,
885,0.17109374701976776,0.17109374701976776,DAD,0.021567344665527344,56640,2.456634283065796,,,,,,,,,,
886,0.1743749976158142,0.1743749976158142,DAD,0.02153921127319336,56704,2.3905327320098877,,,,,,,,,,
887,0.19031250476837158,0.19031250476837158,DAD,0.02140974998474121,56768,2.4322526454925537,,,,,,,,,,
888,0.19078125059604645,0.19078125059604645,DAD,0.0214841365814209,56832,2.445409059524536,,,,,,,,,,
889,0.17671875655651093,0.17671875655651093,DAD,0.021839141845703125,56896,2.5018811225891113,,,,,,,,,,
890,0.1706250011920929,0.1706250011920929,DAD,0.02163982391357422,56960,2.483180284500122,,,,,,,,,,
891,0.17249999940395355,0.17249999940395355,DAD,0.024041414260864258,57024,2.4740161895751953,,,,,,,,,,
892,0.16453126072883606,0.16453126072883606,DAD,0.02191615104675293,57088,2.380491256713867,,,,,,,,,,
893,0.17625001072883606,0.17625001072883606,DAD,0.021655797958374023,57152,2.475811004638672,,,,,,,,,,
894,0.17156249284744263,0.17156249284744263,DAD,0.021628141403198242,57216,2.488553047180176,,,,,,,,,,
895,0.17156250774860382,0.19187501072883606,DAD,0.021581649780273438,57280,2.514247417449951,,,,,,,,,,
896,0.1589062511920929,0.1589062511920929,DAD,0.02133941650390625,57344,2.5040860176086426,,,,,,,,,,
897,0.19453126192092896,0.19453126192092896,DAD,0.022532939910888672,57408,2.551788091659546,,,,,,,,,,
898,0.15796875953674316,0.15796875953674316,DAD,0.022990942001342773,57472,2.467923402786255,,,,,,,,,,
899,0.18187499046325684,0.18187499046325684,DAD,0.021363019943237305,57536,2.5507750511169434,,,,,,,,,,
900,0.1720312535762787,0.1720312535762787,DAD,0.021182775497436523,57600,2.5613701343536377,0.184453125,0.083046875,29,2.6235610211584857,0.2265625,0.03125,1,0.0011718750000000002,0.083046875,0
901,0.17906250059604645,0.17906250059604645,DAD,0.02186417579650879,57664,2.5203189849853516,,,,,,,,,,
902,0.16312500834465027,0.16312500834465027,DAD,0.021355628967285156,57728,2.537322759628296,,,,,,,,,,
903,0.1912499964237213,0.1912499964237213,DAD,0.02139878273010254,57792,2.5057568550109863,,,,,,,,,,
904,0.1954687535762787,0.1954687535762787,DAD,0.02131962776184082,57856,2.490950107574463,,,,,,,,,,
905,0.18281249701976776,0.18281249701976776,DAD,0.021419525146484375,57920,2.520355224609375,,,,,,,,,,
906,0.1837500035762787,0.1837500035762787,DAD,0.021530866622924805,57984,2.541370391845703,,,,,,,,,,
907,0.1692187488079071,0.1692187488079071,DAD,0.021319866180419922,58048,2.4295167922973633,,,,,,,,,,
908,0.17343750596046448,0.17343750596046448,DAD,0.02172255516052246,58112,2.4849565029144287,,,,,,,,,,
909,0.17765626311302185,0.17765626311302185,DAD,0.021179914474487305,58176,2.437668800354004,,,,,,,,,,
910,0.17859375476837158,0.17859375476837158,DAD,0.0213010311126709,58240,2.487405300140381,,,,,,,,,,
911,0.17671875655651093,0.17671875655651093,DAD,0.021593332290649414,58304,2.496799945831299,,,,,,,,,,
912,0.17156249284744263,0.17156249284744263,DAD,0.021259069442749023,58368,2.479443073272705,,,,,,,,,,
913,0.1729687601327896,0.1729687601327896,DAD,0.02145552635192871,58432,2.3909435272216797,,,,,,,,,,
914,0.17906251549720764,0.17906251549720764,DAD,0.021233797073364258,58496,2.468325138092041,,,,,,,,,,
915,0.1795312464237213,0.1795312464237213,DAD,0.02127552032470703,58560,2.387838125228882,,,,,,,,,,
916,0.16640625894069672,0.16640625894069672,DAD,0.02136707305908203,58624,2.4463729858398438,,,,,,,,,,
917,0.17109374701976776,0.17109374701976776,DAD,0.021501541137695312,58688,2.4177448749542236,,,,,,,,,,
918,0.18281251192092896,0.19374999403953552,DAD,0.02152252197265625,58752,2.4660067558288574,,,,,,,,,,
919,0.16500000655651093,0.16500000655651093,DAD,0.02167487144470215,58816,2.4309122562408447,,,,,,,,,,
920,0.1706250011920929,0.1706250011920929,DAD,0.021401166915893555,58880,2.5102362632751465,,,,,,,,,,
921,0.1720312535762787,0.1720312535762787,DAD,0.021471261978149414,58944,2.446413278579712,,,,,,,,,,
922,0.16546876728534698,0.16546876728534698,DAD,0.021536827087402344,59008,2.4698069095611572,,,,,,,,,,
923,0.18187499046325684,0.18187499046325684,DAD,0.021630048751831055,59072,2.551929235458374,,,,,,,,,,
924,0.19078126549720764,0.19078126549720764,DAD,0.02146458625793457,59136,2.5245256423950195,,,,,,,,,,
925,0.18187499046325684,0.18187499046325684,DAD,0.02168416976928711,59200,2.5597314834594727,0.175078125,0.09398437500000001,25,2.1825023262701326,0.1953125,0.0703125,0,0.0028125,1000.297109375,0
926,0.1692187488079071,0.1692187488079071,DAD,0.021474361419677734,59264,2.482222318649292,,,,,,,,,,
927,0.18984374403953552,0.18984374403953552,DAD,0.021295547485351562,59328,2.5116748809814453,,,,,,,,,,
928,0.16218750178813934,0.16218750178813934,DAD,0.021346330642700195,59392,2.5414390563964844,,,,,,,,,,
929,0.16078124940395355,0.16078124940395355,DAD,0.021230697631835938,59456,2.4985814094543457,,,,,,,,,,
930,0.18562500178813934,0.19187499582767487,DAD,0.021224021911621094,59520,2.4696788787841797,,,,,,,,,,
931,0.17812499403953552,0.17812499403953552,DAD,0.021283864974975586,59584,2.5357565879821777,,,,,,,,,,
932,0.18000000715255737,0.18000000715255737,DAD,0.02130746841430664,59648,2.564194679260254,,,,,,,,,,
933,0.17906251549720764,0.17906251549720764,DAD,0.021132946014404297,59712,2.548865795135498,,,,,,,,,,
934,0.17156250774860382,0.17156250774860382,DAD,0.021214723587036133,59776,2.6087775230407715,,,,,,,,,,
935,0.1823437511920929,0.1823437511920929,DAD,0.02133631706237793,59840,2.567983627319336,,,,,,,,,,
936,0.17531248927116394,0.17531248927116394,DAD,0.02142620086669922,59904,2.591201066970825,,,,,,,,,,
937,0.1720312535762787,0.1720312535762787,DAD,0.02138042449951172,59968,2.4648056030273438,,,,,,,,,,
938,0.15468749403953552,0.15468749403953552,DAD,0.021046876907348633,60032,2.5562100410461426,,,,,,,,,,
939,0.18281249701976776,0.18281249701976776,DAD,0.021308183670043945,60096,2.5564467906951904,,,,,,,,,,
940,0.17343750596046448,0.17343750596046448,DAD,0.02158188819885254,60160,2.71395206451416,,,,,,,,,,
941,0.18140624463558197,0.18140624463558197,DAD,0.021325111389160156,60224,2.6164073944091797,,,,,,,,,,
942,0.1795312613248825,0.1795312613248825,DAD,0.021473407745361328,60288,2.534104347229004,,,,,,,,,,
943,0.1640625,0.1640625,DAD,0.021579504013061523,60352,2.5699305534362793,,,,,,,,,,
944,0.18140625953674316,0.18140625953674316,DAD,0.021291255950927734,60416,2.6474432945251465,,,,,,,,,,
945,0.18515625596046448,0.18515625596046448,DAD,0.021160364151000977,60480,2.737743377685547,,,,,,,,,,
946,0.18843749165534973,0.18843749165534973,DAD,0.02168440818786621,60544,2.594986915588379,,,,,,,,,,
947,0.1678124964237213,0.1678124964237213,DAD,0.02162027359008789,60608,2.6395020484924316,,,,,,,,,,
948,0.1809374988079071,0.1809374988079071,DAD,0.02111220359802246,60672,2.637857437133789,,,,,,,,,,
949,0.19078125059604645,0.19078125059604645,DAD,0.021233081817626953,60736,2.679593563079834,,,,,,,,,,
950,0.18468749523162842,0.18468749523162842,DAD,0.02158331871032715,60800,2.6175498962402344,0.18375000000000002,0.08546875000000001,25,2.1260985889645663,0.1953125,0.0390625,1,0.0014062500000000004,0.08546875000000001,0
951,0.18046873807907104,0.18046873807907104,DAD,0.021514415740966797,60864,2.547196388244629,,,,,,,,,,
952,0.17390625178813934,0.17390625178813934,DAD,0.021397829055786133,60928,2.5637764930725098,,,,,,,,,,
953,0.17390626668930054,0.17390626668930054,DAD,0.021352767944335938,60992,2.5352988243103027,,,,,,,,,,
954,0.17531248927116394,0.17531248927116394,DAD,0.021607398986816406,61056,2.5587923526763916,,,,,,,,,,
955,0.1912499964237213,0.1912499964237213,DAD,0.023988962173461914,61120,2.546877861022949,,,,,,,,,,
956,0.18000000715255737,0.18000000715255737,DAD,0.0213315486907959,61184,2.492326259613037,,,,,,,,,,
957,0.17343750596046448,0.17343750596046448,DAD,0.02127361297607422,61248,2.506540536880493,,,,,,,,,,
958,0.17906250059604645,0.17906250059604645,DAD,0.021191120147705078,61312,2.5839810371398926,,,,,,,,,,
959,0.17484375834465027,0.17484375834465027,DAD,0.021272897720336914,61376,2.4762701988220215,,,,,,,,,,
960,0.16875000298023224,0.16875000298023224,DAD,0.021150827407836914,61440,2.4103565216064453,,,,,,,,,,
961,0.18937499821186066,0.18937499821186066,DAD,0.02126932144165039,61504,2.5181775093078613,,,,,,,,,,
962,0.17859375476837158,0.17859375476837158,DAD,0.02161240577697754,61568,2.4722869396209717,,,,,,,,,,
963,0.1654687523841858,0.1654687523841858,DAD,0.021692991256713867,61632,2.4306836128234863,,,,,,,,,,
964,0.19078125059604645,0.19703125953674316,DAD,0.02149510383605957,61696,2.448697566986084,,,,,,,,,,
965,0.18515625596046448,0.18515625596046448,DAD,0.021331310272216797,61760,2.48480224609375,,,,,,,,,,
966,0.1837500035762787,0.1837500035762787,DAD,0.02172088623046875,61824,2.4492242336273193,,,,,,,,,,
967,0.17249999940395355,0.17249999940395355,DAD,0.021419525146484375,61888,2.4542760848999023,,,,,,,,,,
968,0.16687500476837158,0.16687500476837158,DAD,0.021453857421875,61952,2.4603002071380615,,,,,,,,,,
969,0.17156249284744263,0.17156249284744263,DAD,0.02115941047668457,62016,2.299931526184082,,,,,,,,,,
970,0.18796876072883606,0.18796876072883606,DAD,0.021448135375976562,62080,2.4739794731140137,,,,,,,,,,
971,0.18046875298023224,0.18046875298023224,DAD,0.02146315574645996,62144,2.4795422554016113,,,,,,,,,,
972,0.16734375059604645,0.16734375059604645,DAD,0.02243971824645996,62208,2.397244453430176,,,,,,,,,,
973,0.16687500476837158,0.16687500476837158,DAD,0.02298593521118164,62272,2.400485038757324,,,,,,,,,,
974,0.18468749523162842,0.18468749523162842,DAD,0.02174210548400879,62336,2.5087785720825195,,,,,,,,,,
975,0.18656250834465027,0.18656250834465027,DAD,0.02132439613342285,62400,2.387223720550537,0.18234375,0.08953125000000002,26,2.513337173632837,0.203125,0.046875,1,0.001875,0.08953125000000002,0
976,0.18328125774860382,0.18328125774860382,DAD,0.021775245666503906,62464,2.397141456604004,,,,,,,,,,
977,0.15937499701976776,0.15937499701976776,DAD,0.02140641212463379,62528,2.4502429962158203,,,,,,,,,,
978,0.18140624463558197,0.18140624463558197,DAD,0.021417617797851562,62592,2.5109519958496094,,,,,,,,,,
979,0.1837500035762787,0.1837500035762787,DAD,0.02155470848083496,62656,2.406860828399658,,,,,,,,,,
980,0.15656250715255737,0.15656250715255737,DAD,0.021333932876586914,62720,2.327030658721924,,,,,,,,,,
981,0.1846875101327896,0.1846875101327896,DAD,0.02131199836730957,62784,2.4510514736175537,,,,,,,,,,
982,0.16218750178813934,0.16218750178813934,DAD,0.021344661712646484,62848,2.357041835784912,,,,,,,,,,
983,0.17484375834465027,0.17484375834465027,DAD,0.0214998722076416,62912,2.3232226371765137,,,,,,,,,,
984,0.18187502026557922,0.18187502026557922,DAD,0.021265745162963867,62976,2.4125375747680664,,,,,,,,,,
985,0.18187500536441803,0.18187500536441803,DAD,0.021645545959472656,63040,2.30727219581604,,,,,,,,,,
986,0.1940625011920929,0.1940625011920929,DAD,0.02123737335205078,63104,2.417452335357666,,,,,,,,,,
987,0.1795312464237213,0.1795312464237213,DAD,0.021408796310424805,63168,2.401191473007202,,,,,,,,,,
988,0.16078124940395355,0.16078124940395355,DAD,0.021360397338867188,63232,2.313166856765747,,,,,,,,,,
989,0.18281249701976776,0.18281249701976776,DAD,0.0214235782623291,63296,2.472784996032715,,,,,,,,,,
990,0.17296874523162842,0.17296874523162842,DAD,0.021148681640625,63360,2.3824400901794434,,,,,,,,,,
991,0.17484375834465027,0.17484375834465027,DAD,0.021247148513793945,63424,2.400820732116699,,,,,,,,,,
992,0.17906250059604645,0.17906250059604645,DAD,0.0214688777923584,63488,2.402376651763916,,,,,,,,,,
993,0.17531248927116394,0.17531248927116394,DAD,0.021166086196899414,63552,2.3979430198669434,,,,,,,,,,
994,0.1954687535762787,0.1954687535762787,DAD,0.021387577056884766,63616,2.422309398651123,,,,,,,,,,
995,0.17156249284744263,0.17156249284744263,DAD,0.021486520767211914,63680,2.336461067199707,,,,,,,,,,
996,0.17765624821186066,0.17765624821186066,DAD,0.021172523498535156,63744,2.2722086906433105,,,,,,,,,,
997,0.1823437511920929,0.1823437511920929,DAD,0.021438121795654297,63808,2.3674376010894775,,,,,,,,,,
998,0.17765624821186066,0.17765624821186066,DAD,0.02152848243713379,63872,2.353379726409912,,,,,,,,,,
999,0.19218750298023224,0.19218750298023224,DAD,0.02152252197265625,63936,2.3420300483703613,,,,,,,,,,
1000,0.17015625536441803,0.17015625536441803,DAD,0.02154374122619629,64000,2.254356622695923,0.181640625,0.074765625,24,1.8196347563978645,0.1875,0.0234375,1,0.000703125,0.074765625,0
