update,mean_train_u_ctrl,mean_train_control_cost,method,update_seconds,trajectories_sampled,policy_entropy,validation_mean_u_ctrl,validation_mean_mocu,validation_n_unique_sequences,validation_sequence_entropy,validation_unique_frac,validation_under_control_rate,validation_valid,validation_mean_shortfall,validation_checkpoint_score,validation_meets_unique_floor
1,0.15574219822883606,0.15574219822883606,RL-sBOED,0.26117968559265137,64,3.969902515411377,,,,,,,,,,
2,0.15363281965255737,0.15363281965255737,RL-sBOED,0.039168596267700195,128,3.9593429565429688,,,,,,,,,,
3,0.1589062511920929,0.1589062511920929,RL-sBOED,0.03636479377746582,192,3.94854736328125,,,,,,,,,,
4,0.1508203148841858,0.1508203148841858,RL-sBOED,0.042107582092285156,256,3.9410104751586914,,,,,,,,,,
5,0.1655859351158142,0.1655859351158142,RL-sBOED,0.034008026123046875,320,3.9366204738616943,,,,,,,,,,
6,0.16101562976837158,0.16101562976837158,RL-sBOED,0.03398275375366211,384,3.932990550994873,,,,,,,,,,
7,0.15292969346046448,0.15292969346046448,RL-sBOED,0.044013261795043945,448,3.9312570095062256,,,,,,,,,,
8,0.15117187798023224,0.15117187798023224,RL-sBOED,0.03435325622558594,512,3.9335553646087646,,,,,,,,,,
9,0.1487109363079071,0.1487109363079071,RL-sBOED,0.03863954544067383,576,3.9350697994232178,,,,,,,,,,
10,0.17050781846046448,0.17050781846046448,RL-sBOED,0.04063081741333008,640,3.9342944622039795,,,,,,,,,,
11,0.14378906786441803,0.14378906786441803,RL-sBOED,0.0399014949798584,704,3.9336061477661133,,,,,,,,,,
12,0.15644532442092896,0.15644532442092896,RL-sBOED,0.03597068786621094,768,3.9369521141052246,,,,,,,,,,
13,0.15925781428813934,0.15925781428813934,RL-sBOED,0.042227983474731445,832,3.9402992725372314,,,,,,,,,,
14,0.16101562976837158,0.16101562976837158,RL-sBOED,0.036092281341552734,896,3.9377522468566895,,,,,,,,,,
15,0.15574219822883606,0.15574219822883606,RL-sBOED,0.042994022369384766,960,3.9332761764526367,,,,,,,,,,
16,0.1480078101158142,0.1480078101158142,RL-sBOED,0.036191463470458984,1024,3.92844820022583,,,,,,,,,,
17,0.15785156190395355,0.15785156190395355,RL-sBOED,0.03647947311401367,1088,3.9285497665405273,,,,,,,,,,
18,0.15257813036441803,0.15257813036441803,RL-sBOED,0.03419852256774902,1152,3.926632881164551,,,,,,,,,,
19,0.15925781428813934,0.15925781428813934,RL-sBOED,0.03239130973815918,1216,3.9229297637939453,,,,,,,,,,
20,0.1648828238248825,0.1648828238248825,RL-sBOED,0.03259992599487305,1280,3.9206671714782715,,,,,,,,,,
21,0.15539062023162842,0.15539062023162842,RL-sBOED,0.04468965530395508,1344,3.920351028442383,,,,,,,,,,
22,0.15785156190395355,0.15785156190395355,RL-sBOED,0.05935049057006836,1408,3.9196677207946777,,,,,,,,,,
23,0.1567968726158142,0.1567968726158142,RL-sBOED,0.03399085998535156,1472,3.920860767364502,,,,,,,,,,
24,0.15574218332767487,0.15574218332767487,RL-sBOED,0.039346933364868164,1536,3.921875476837158,,,,,,,,,,
25,0.14660155773162842,0.14660155773162842,RL-sBOED,0.033609867095947266,1600,3.9217734336853027,0.14431640625000003,0.04630859375,3,0.9563261342555045,0.0234375,0.0078125,1,0.0003515625,0.04630859375,0
26,0.15644532442092896,0.15644532442092896,RL-sBOED,0.03338170051574707,1664,3.9230904579162598,,,,,,,,,,
27,0.16417968273162842,0.16417968273162842,RL-sBOED,0.04224228858947754,1728,3.9235706329345703,,,,,,,,,,
28,0.14484375715255737,0.14484375715255737,RL-sBOED,0.042722225189208984,1792,3.923513889312744,,,,,,,,,,
29,0.14835938811302185,0.14835938811302185,RL-sBOED,0.04437422752380371,1856,3.9249582290649414,,,,,,,,,,
30,0.15292969346046448,0.15292969346046448,RL-sBOED,0.03634309768676758,1920,3.9228427410125732,,,,,,,,,,
31,0.1567968726158142,0.1567968726158142,RL-sBOED,0.04038739204406738,1984,3.9160566329956055,,,,,,,,,,
32,0.1515234410762787,0.1515234410762787,RL-sBOED,0.03632688522338867,2048,3.90757417678833,,,,,,,,,,
33,0.14519532024860382,0.14519532024860382,RL-sBOED,0.04501748085021973,2112,3.8965256214141846,,,,,,,,,,
34,0.158203125,0.158203125,RL-sBOED,0.0438838005065918,2176,3.882516622543335,,,,,,,,,,
35,0.1574999988079071,0.1574999988079071,RL-sBOED,0.03760218620300293,2240,3.8750483989715576,,,,,,,,,,
36,0.1574999988079071,0.1574999988079071,RL-sBOED,0.03261137008666992,2304,3.871419906616211,,,,,,,,,,
37,0.14449217915534973,0.14449217915534973,RL-sBOED,0.030069351196289062,2368,3.8760013580322266,,,,,,,,,,
38,0.15574219822883606,0.15574219822883606,RL-sBOED,0.03245139122009277,2432,3.879678964614868,,,,,,,,,,
39,0.1589062511920929,0.1589062511920929,RL-sBOED,0.030439376831054688,2496,3.8782262802124023,,,,,,,,,,
40,0.17050781846046448,0.17050781846046448,RL-sBOED,0.030121326446533203,2560,3.867452383041382,,,,,,,,,,
41,0.15046876668930054,0.15046876668930054,RL-sBOED,0.030872583389282227,2624,3.8597970008850098,,,,,,,,,,
42,0.15046876668930054,0.15046876668930054,RL-sBOED,0.03241109848022461,2688,3.8480188846588135,,,,,,,,,,
43,0.1508203148841858,0.1508203148841858,RL-sBOED,0.0329740047454834,2752,3.8419315814971924,,,,,,,,,,
44,0.1501171886920929,0.1501171886920929,RL-sBOED,0.030069589614868164,2816,3.8380064964294434,,,,,,,,,,
45,0.15398436784744263,0.15398436784744263,RL-sBOED,0.030543088912963867,2880,3.840291976928711,,,,,,,,,,
46,0.15257813036441803,0.15257813036441803,RL-sBOED,0.031117677688598633,2944,3.840672254562378,,,,,,,,,,
47,0.158203125,0.158203125,RL-sBOED,0.03263258934020996,3008,3.8448686599731445,,,,,,,,,,
48,0.1466015726327896,0.1466015726327896,RL-sBOED,0.030165672302246094,3072,3.8457205295562744,,,,,,,,,,
49,0.15855468809604645,0.15855468809604645,RL-sBOED,0.031826019287109375,3136,3.8447177410125732,,,,,,,,,,
50,0.15433594584465027,0.15433594584465027,RL-sBOED,0.032424211502075195,3200,3.847372055053711,0.14150390625,0.04857421875,2,0.045688389073983635,0.015625,0.0234375,1,0.000703125,0.04857421875,0
51,0.15363281965255737,0.15363281965255737,RL-sBOED,0.03036022186279297,3264,3.8501343727111816,,,,,,,,,,
52,0.15996092557907104,0.15996092557907104,RL-sBOED,0.02999734878540039,3328,3.8428871631622314,,,,,,,,,,
53,0.1603125035762787,0.1603125035762787,RL-sBOED,0.030437469482421875,3392,3.8355088233947754,,,,,,,,,,
54,0.15433594584465027,0.15433594584465027,RL-sBOED,0.030081987380981445,3456,3.8303287029266357,,,,,,,,,,
55,0.158203125,0.158203125,RL-sBOED,0.03323674201965332,3520,3.8291287422180176,,,,,,,,,,
56,0.16066405177116394,0.16066405177116394,RL-sBOED,0.030396223068237305,3584,3.8323137760162354,,,,,,,,,,
57,0.1501171886920929,0.1501171886920929,RL-sBOED,0.03034186363220215,3648,3.8336453437805176,,,,,,,,,,
58,0.1567968726158142,0.1567968726158142,RL-sBOED,0.031029939651489258,3712,3.8399744033813477,,,,,,,,,,
59,0.14765626192092896,0.14765626192092896,RL-sBOED,0.032293081283569336,3776,3.8390555381774902,,,,,,,,,,
60,0.13640624284744263,0.13640624284744263,RL-sBOED,0.0300445556640625,3840,3.8458404541015625,,,,,,,,,,
61,0.15468749403953552,0.15468749403953552,RL-sBOED,0.030429363250732422,3904,3.848900318145752,,,,,,,,,,
62,0.15292969346046448,0.15292969346046448,RL-sBOED,0.03009772300720215,3968,3.850604772567749,,,,,,,,,,
63,0.15187498927116394,0.15187498927116394,RL-sBOED,0.03006267547607422,4032,3.852532386779785,,,,,,,,,,
64,0.15046875178813934,0.15046875178813934,RL-sBOED,0.031171321868896484,4096,3.8494455814361572,,,,,,,,,,
65,0.14976564049720764,0.14976564049720764,RL-sBOED,0.03246188163757324,4160,3.844881057739258,,,,,,,,,,
66,0.1473046839237213,0.1473046839237213,RL-sBOED,0.030148029327392578,4224,3.8468613624572754,,,,,,,,,,
67,0.15714843571186066,0.15714843571186066,RL-sBOED,0.030014514923095703,4288,3.8512887954711914,,,,,,,,,,
68,0.15117187798023224,0.15117187798023224,RL-sBOED,0.030047893524169922,4352,3.8553388118743896,,,,,,,,,,
69,0.16242188215255737,0.16242188215255737,RL-sBOED,0.030178546905517578,4416,3.8587875366210938,,,,,,,,,,
70,0.15222656726837158,0.15222656726837158,RL-sBOED,0.030156373977661133,4480,3.8608198165893555,,,,,,,,,,
71,0.15855470299720764,0.15855470299720764,RL-sBOED,0.030086040496826172,4544,3.8633689880371094,,,,,,,,,,
72,0.1589062511920929,0.1589062511920929,RL-sBOED,0.03011298179626465,4608,3.8603811264038086,,,,,,,,,,
73,0.15187500417232513,0.15187500417232513,RL-sBOED,0.030393600463867188,4672,3.8640851974487305,,,,,,,,,,
74,0.16171875596046448,0.16171875596046448,RL-sBOED,0.03123307228088379,4736,3.8701512813568115,,,,,,,,,,
75,0.1420312523841858,0.1420312523841858,RL-sBOED,0.032381296157836914,4800,3.875993251800537,0.1409765625,0.0412109375,1,-0.0,0.0078125,0.0078125,1,0.00017578125000000016,0.0412109375,0
76,0.15398436784744263,0.15398436784744263,RL-sBOED,0.03319883346557617,4864,3.885739803314209,,,,,,,,,,
77,0.15539062023162842,0.15539062023162842,RL-sBOED,0.03233695030212402,4928,3.8935537338256836,,,,,,,,,,
78,0.14308592677116394,0.14308592677116394,RL-sBOED,0.030174970626831055,4992,3.8989806175231934,,,,,,,,,,
79,0.15292969346046448,0.15292969346046448,RL-sBOED,0.030487537384033203,5056,3.899338722229004,,,,,,,,,,
80,0.15292967855930328,0.15292967855930328,RL-sBOED,0.03155684471130371,5120,3.896216630935669,,,,,,,,,,
81,0.14589843153953552,0.14589843153953552,RL-sBOED,0.03235197067260742,5184,3.892378330230713,,,,,,,,,,
82,0.15644532442092896,0.15644532442092896,RL-sBOED,0.03241586685180664,5248,3.8914637565612793,,,,,,,,,,
83,0.1574999988079071,0.1574999988079071,RL-sBOED,0.030285120010375977,5312,3.88562273979187,,,,,,,,,,
84,0.15539062023162842,0.15539062023162842,RL-sBOED,0.030554533004760742,5376,3.8769478797912598,,,,,,,,,,
85,0.16066406667232513,0.16066406667232513,RL-sBOED,0.03317761421203613,5440,3.8679213523864746,,,,,,,,,,
86,0.15714845061302185,0.15714845061302185,RL-sBOED,0.0325014591217041,5504,3.862156391143799,,,,,,,,,,
87,0.158203125,0.158203125,RL-sBOED,0.03014516830444336,5568,3.8598179817199707,,,,,,,,,,
88,0.15503907203674316,0.15503907203674316,RL-sBOED,0.030181884765625,5632,3.856332778930664,,,,,,,,,,
89,0.15363281965255737,0.15363281965255737,RL-sBOED,0.0300748348236084,5696,3.8558034896850586,,,,,,,,,,
90,0.16382811963558197,0.16382811963558197,RL-sBOED,0.03037858009338379,5760,3.8587818145751953,,,,,,,,,,
91,0.1589062511920929,0.1589062511920929,RL-sBOED,0.030158281326293945,5824,3.859506130218506,,,,,,,,,,
92,0.1560937464237213,0.1560937464237213,RL-sBOED,0.03014397621154785,5888,3.860151767730713,,,,,,,,,,
93,0.15398436784744263,0.15398436784744263,RL-sBOED,0.03141498565673828,5952,3.863748550415039,,,,,,,,,,
94,0.15222656726837158,0.15222656726837158,RL-sBOED,0.030367374420166016,6016,3.8697714805603027,,,,,,,,,,
95,0.15363281965255737,0.15363281965255737,RL-sBOED,0.030112504959106445,6080,3.8746790885925293,,,,,,,,,,
96,0.14625000953674316,0.14625000953674316,RL-sBOED,0.03034186363220215,6144,3.8760995864868164,,,,,,,,,,
97,0.1641796976327896,0.1641796976327896,RL-sBOED,0.03075885772705078,6208,3.875481128692627,,,,,,,,,,
98,0.15996092557907104,0.15996092557907104,RL-sBOED,0.03209686279296875,6272,3.866877317428589,,,,,,,,,,
99,0.15398438274860382,0.15398438274860382,RL-sBOED,0.03281807899475098,6336,3.8537840843200684,,,,,,,,,,
100,0.1669921875,0.1669921875,RL-sBOED,0.03009796142578125,6400,3.8461177349090576,0.15205078125,0.12103515625,3,0.6279632707371947,0.0234375,0.1328125,0,0.005800781250000001,1000.94916015625,0
101,0.15046875178813934,0.15046875178813934,RL-sBOED,0.030352115631103516,6464,3.835921049118042,,,,,,,,,,
102,0.15433594584465027,0.15433594584465027,RL-sBOED,0.030466318130493164,6528,3.825836420059204,,,,,,,,,,
103,0.1473046988248825,0.1473046988248825,RL-sBOED,0.030120134353637695,6592,3.804246425628662,,,,,,,,,,
104,0.1508203148841858,0.1508203148841858,RL-sBOED,0.031575918197631836,6656,3.7762672901153564,,,,,,,,,,
105,0.15257813036441803,0.15257813036441803,RL-sBOED,0.030411958694458008,6720,3.740385055541992,,,,,,,,,,
106,0.14976562559604645,0.14976562559604645,RL-sBOED,0.0304567813873291,6784,3.7125802040100098,,,,,,,,,,
107,0.1487109363079071,0.1487109363079071,RL-sBOED,0.03015875816345215,6848,3.698634147644043,,,,,,,,,,
108,0.16101562976837158,0.16101562976837158,RL-sBOED,0.03015422821044922,6912,3.6951122283935547,,,,,,,,,,
109,0.15046876668930054,0.15046876668930054,RL-sBOED,0.0313723087310791,6976,3.6985859870910645,,,,,,,,,,
110,0.16312500834465027,0.16312500834465027,RL-sBOED,0.03255939483642578,7040,3.6879255771636963,,,,,,,,,,
111,0.14625000953674316,0.14625000953674316,RL-sBOED,0.03168964385986328,7104,3.6948070526123047,,,,,,,,,,
112,0.15363281965255737,0.15363281965255737,RL-sBOED,0.03267359733581543,7168,3.7017159461975098,,,,,,,,,,
113,0.15785156190395355,0.15785156190395355,RL-sBOED,0.031659841537475586,7232,3.7289910316467285,,,,,,,,,,
114,0.1515234410762787,0.1515234410762787,RL-sBOED,0.03239297866821289,7296,3.743457317352295,,,,,,,,,,
115,0.15117187798023224,0.15117187798023224,RL-sBOED,0.03010106086730957,7360,3.741938591003418,,,,,,,,,,
116,0.1655859351158142,0.1655859351158142,RL-sBOED,0.030465126037597656,7424,3.728233814239502,,,,,,,,,,
117,0.16101562976837158,0.16101562976837158,RL-sBOED,0.03117966651916504,7488,3.7487499713897705,,,,,,,,,,
118,0.15468749403953552,0.15468749403953552,RL-sBOED,0.03237271308898926,7552,3.7784101963043213,,,,,,,,,,
119,0.15222656726837158,0.15222656726837158,RL-sBOED,0.03003239631652832,7616,3.8071255683898926,,,,,,,,,,
120,0.15468750894069672,0.15468750894069672,RL-sBOED,0.030546903610229492,7680,3.8375792503356934,,,,,,,,,,
121,0.15503907203674316,0.15503907203674316,RL-sBOED,0.030292272567749023,7744,3.8448193073272705,,,,,,,,,,
122,0.16664063930511475,0.16664063930511475,RL-sBOED,0.031290292739868164,7808,3.8572938442230225,,,,,,,,,,
123,0.1560937613248825,0.1560937613248825,RL-sBOED,0.03257012367248535,7872,3.8651199340820312,,,,,,,,,,
124,0.1501171886920929,0.1501171886920929,RL-sBOED,0.030251026153564453,7936,3.8645758628845215,,,,,,,,,,
125,0.15187498927116394,0.15187498927116394,RL-sBOED,0.030185461044311523,8000,3.864851951599121,0.15451171875000003,0.14361328125,3,0.7997015819880151,0.0234375,0.140625,0,0.007734375,1001.04986328125,0
126,0.13535156846046448,0.13535156846046448,RL-sBOED,0.03029942512512207,8064,3.8675899505615234,,,,,,,,,,
127,0.1392187476158142,0.1392187476158142,RL-sBOED,0.03010106086730957,8128,3.86751127243042,,,,,,,,,,
128,0.1494140625,0.1494140625,RL-sBOED,0.030445575714111328,8192,3.865537166595459,,,,,,,,,,
129,0.15187498927116394,0.15187498927116394,RL-sBOED,0.03161191940307617,8256,3.854980945587158,,,,,,,,,,
130,0.16207030415534973,0.16207030415534973,RL-sBOED,0.030345439910888672,8320,3.8435440063476562,,,,,,,,,,
131,0.15539062023162842,0.15539062023162842,RL-sBOED,0.030313491821289062,8384,3.836209774017334,,,,,,,,,,
132,0.15292969346046448,0.15292969346046448,RL-sBOED,0.031458139419555664,8448,3.831000566482544,,,,,,,,,,
133,0.16277343034744263,0.16277343034744263,RL-sBOED,0.032353878021240234,8512,3.836585521697998,,,,,,,,,,
134,0.1655859351158142,0.1655859351158142,RL-sBOED,0.03116440773010254,8576,3.8232173919677734,,,,,,,,,,
135,0.17085938155651093,0.17085938155651093,RL-sBOED,0.03229856491088867,8640,3.818347930908203,,,,,,,,,,
136,0.14589843153953552,0.14589843153953552,RL-sBOED,0.030107736587524414,8704,3.8088855743408203,,,,,,,,,,
137,0.14554688334465027,0.14554688334465027,RL-sBOED,0.030163049697875977,8768,3.810875415802002,,,,,,,,,,
138,0.15785156190395355,0.15785156190395355,RL-sBOED,0.03038167953491211,8832,3.8279128074645996,,,,,,,,,,
139,0.15503907203674316,0.15503907203674316,RL-sBOED,0.03207850456237793,8896,3.8225083351135254,,,,,,,,,,
140,0.16347655653953552,0.16347655653953552,RL-sBOED,0.032353878021240234,8960,3.8322386741638184,,,,,,,,,,
141,0.15328124165534973,0.15328124165534973,RL-sBOED,0.0303647518157959,9024,3.8396499156951904,,,,,,,,,,
142,0.16066405177116394,0.16066405177116394,RL-sBOED,0.03142189979553223,9088,3.841562271118164,,,,,,,,,,
143,0.15574219822883606,0.15574219822883606,RL-sBOED,0.03238415718078613,9152,3.8430099487304688,,,,,,,,,,
144,0.15785156190395355,0.15785156190395355,RL-sBOED,0.03011035919189453,9216,3.8404381275177,,,,,,,,,,
145,0.1589062511920929,0.1589062511920929,RL-sBOED,0.03038763999938965,9280,3.8467140197753906,,,,,,,,,,
146,0.1508203148841858,0.1508203148841858,RL-sBOED,0.033303022384643555,9344,3.8594374656677246,,,,,,,,,,
147,0.15257811546325684,0.15257811546325684,RL-sBOED,0.0301816463470459,9408,3.856278657913208,,,,,,,,,,
148,0.1603125035762787,0.1603125035762787,RL-sBOED,0.030159473419189453,9472,3.8655266761779785,,,,,,,,,,
149,0.1596093773841858,0.1596093773841858,RL-sBOED,0.030152082443237305,9536,3.866004467010498,,,,,,,,,,
150,0.14449217915534973,0.14449217915534973,RL-sBOED,0.0325312614440918,9600,3.8630223274230957,0.14625,0.16347656249999998,3,0.8534657656895106,0.0234375,0.2109375,0,0.009843750000000002,1001.7728515625,0
151,0.15363281965255737,0.15363281965255737,RL-sBOED,0.0303804874420166,9664,3.8641510009765625,,,,,,,,,,
152,0.14695312082767487,0.14695312082767487,RL-sBOED,0.03096604347229004,9728,3.8556253910064697,,,,,,,,,,
153,0.1501171886920929,0.1501171886920929,RL-sBOED,0.03337550163269043,9792,3.833552360534668,,,,,,,,,,
154,0.1603125035762787,0.1603125035762787,RL-sBOED,0.03249335289001465,9856,3.828078031539917,,,,,,,,,,
155,0.1487109363079071,0.1487109363079071,RL-sBOED,0.03188943862915039,9920,3.810973644256592,,,,,,,,,,
156,0.16242188215255737,0.16242188215255737,RL-sBOED,0.0323946475982666,9984,3.812835931777954,,,,,,,,,,
157,0.15644532442092896,0.15644532442092896,RL-sBOED,0.030085086822509766,10048,3.808927059173584,,,,,,,,,,
158,0.1420312523841858,0.1420312523841858,RL-sBOED,0.03036785125732422,10112,3.818222999572754,,,,,,,,,,
159,0.1560937464237213,0.1560937464237213,RL-sBOED,0.032213687896728516,10176,3.823906421661377,,,,,,,,,,
160,0.158203125,0.158203125,RL-sBOED,0.0325014591217041,10240,3.8339462280273438,,,,,,,,,,
161,0.1603125035762787,0.1603125035762787,RL-sBOED,0.03350377082824707,10304,3.852135419845581,,,,,,,,,,
162,0.15257814526557922,0.15257814526557922,RL-sBOED,0.030154943466186523,10368,3.847744941711426,,,,,,,,,,
163,0.15925781428813934,0.15925781428813934,RL-sBOED,0.030164003372192383,10432,3.8443245887756348,,,,,,,,,,
164,0.1648828089237213,0.1648828089237213,RL-sBOED,0.030036449432373047,10496,3.8389909267425537,,,,,,,,,,
165,0.14378906786441803,0.14378906786441803,RL-sBOED,0.030147790908813477,10560,3.8331570625305176,,,,,,,,,,
166,0.14906249940395355,0.14906249940395355,RL-sBOED,0.03202939033508301,10624,3.821019172668457,,,,,,,,,,
167,0.1574999988079071,0.1574999988079071,RL-sBOED,0.032521724700927734,10688,3.8118157386779785,,,,,,,,,,
168,0.15539062023162842,0.15539062023162842,RL-sBOED,0.03009963035583496,10752,3.8072147369384766,,,,,,,,,,
169,0.15996095538139343,0.15996095538139343,RL-sBOED,0.03425788879394531,10816,3.797966957092285,,,,,,,,,,
170,0.1494140625,0.1494140625,RL-sBOED,0.03255867958068848,10880,3.786846160888672,,,,,,,,,,
171,0.1515234410762787,0.1515234410762787,RL-sBOED,0.032410383224487305,10944,3.7728443145751953,,,,,,,,,,
172,0.15363281965255737,0.15363281965255737,RL-sBOED,0.03024578094482422,11008,3.7521610260009766,,,,,,,,,,
173,0.15398438274860382,0.15398438274860382,RL-sBOED,0.03044438362121582,11072,3.7607421875,,,,,,,,,,
174,0.1603125035762787,0.1603125035762787,RL-sBOED,0.03039407730102539,11136,3.7622880935668945,,,,,,,,,,
175,0.1515234410762787,0.1515234410762787,RL-sBOED,0.03003668785095215,11200,3.785399913787842,0.1494140625,0.1570703125,3,0.091315261764256,0.0234375,0.203125,0,0.00896484375,1001.6883203125,0
176,0.1603125035762787,0.1603125035762787,RL-sBOED,0.031311750411987305,11264,3.8020401000976562,,,,,,,,,,
177,0.15785156190395355,0.15785156190395355,RL-sBOED,0.03267097473144531,11328,3.811892032623291,,,,,,,,,,
178,0.15925782918930054,0.15925782918930054,RL-sBOED,0.030375957489013672,11392,3.8152780532836914,,,,,,,,,,
179,0.158203125,0.158203125,RL-sBOED,0.03343462944030762,11456,3.83297061920166,,,,,,,,,,
180,0.16382811963558197,0.16382811963558197,RL-sBOED,0.03014659881591797,11520,3.8495430946350098,,,,,,,,,,
181,0.15468749403953552,0.15468749403953552,RL-sBOED,0.030455827713012695,11584,3.851968765258789,,,,,,,,,,
182,0.1655859351158142,0.1655859351158142,RL-sBOED,0.030303955078125,11648,3.8479809761047363,,,,,,,,,,
183,0.15363281965255737,0.15363281965255737,RL-sBOED,0.030182838439941406,11712,3.856694221496582,,,,,,,,,,
184,0.16101562976837158,0.16101562976837158,RL-sBOED,0.03188204765319824,11776,3.863091230392456,,,,,,,,,,
185,0.1480078101158142,0.1480078101158142,RL-sBOED,0.032327890396118164,11840,3.8604156970977783,,,,,,,,,,
186,0.1589062511920929,0.1589062511920929,RL-sBOED,0.031586408615112305,11904,3.86433744430542,,,,,,,,,,
187,0.15257811546325684,0.15257811546325684,RL-sBOED,0.03250861167907715,11968,3.876216411590576,,,,,,,,,,
188,0.15292969346046448,0.15292969346046448,RL-sBOED,0.030115842819213867,12032,3.859745502471924,,,,,,,,,,
189,0.158203125,0.158203125,RL-sBOED,0.031856536865234375,12096,3.862169027328491,,,,,,,,,,
190,0.15117189288139343,0.15117189288139343,RL-sBOED,0.03226971626281738,12160,3.8592095375061035,,,,,,,,,,
191,0.15714843571186066,0.15714843571186066,RL-sBOED,0.03040933609008789,12224,3.844557523727417,,,,,,,,,,
192,0.14765626192092896,0.14765626192092896,RL-sBOED,0.03015756607055664,12288,3.84152889251709,,,,,,,,,,
193,0.1480078101158142,0.1480078101158142,RL-sBOED,0.03147721290588379,12352,3.8371028900146484,,,,,,,,,,
194,0.14835937321186066,0.14835937321186066,RL-sBOED,0.03248858451843262,12416,3.8503432273864746,,,,,,,,,,
195,0.15925781428813934,0.15925781428813934,RL-sBOED,0.03016972541809082,12480,3.863018035888672,,,,,,,,,,
196,0.14589843153953552,0.14589843153953552,RL-sBOED,0.030472755432128906,12544,3.841515302658081,,,,,,,,,,
197,0.16066405177116394,0.16066405177116394,RL-sBOED,0.030096769332885742,12608,3.857024908065796,,,,,,,,,,
198,0.16804686188697815,0.16804686188697815,RL-sBOED,0.030245304107666016,12672,3.8836922645568848,,,,,,,,,,
199,0.16312500834465027,0.16312500834465027,RL-sBOED,0.03153705596923828,12736,3.88456392288208,,,,,,,,,,
200,0.15363281965255737,0.15363281965255737,RL-sBOED,0.03247261047363281,12800,3.8741331100463867,0.1529296875,0.15667968749999997,5,1.4044146606281955,0.0390625,0.1640625,0,0.00896484375,1001.2973046875,0
201,0.1546875238418579,0.1546875238418579,RL-sBOED,0.03015446662902832,12864,3.872562885284424,,,,,,,,,,
202,0.15925779938697815,0.15925779938697815,RL-sBOED,0.030091285705566406,12928,3.880850315093994,,,,,,,,,,
203,0.14765626192092896,0.14765626192092896,RL-sBOED,0.03051280975341797,12992,3.8565096855163574,,,,,,,,,,
204,0.15996092557907104,0.15996092557907104,RL-sBOED,0.031187772750854492,13056,3.837557792663574,,,,,,,,,,
205,0.1501171886920929,0.1501171886920929,RL-sBOED,0.03251934051513672,13120,3.85306453704834,,,,,,,,,,
206,0.1560937464237213,0.1560937464237213,RL-sBOED,0.030168771743774414,13184,3.8620944023132324,,,,,,,,,,
207,0.15117187798023224,0.15117187798023224,RL-sBOED,0.03024148941040039,13248,3.8573250770568848,,,,,,,,,,
208,0.15468749403953552,0.15468749403953552,RL-sBOED,0.030425548553466797,13312,3.884532928466797,,,,,,,,,,
209,0.15363281965255737,0.15363281965255737,RL-sBOED,0.0316011905670166,13376,3.875086784362793,,,,,,,,,,
210,0.15539062023162842,0.15539062023162842,RL-sBOED,0.032445669174194336,13440,3.888648509979248,,,,,,,,,,
211,0.15363281965255737,0.15363281965255737,RL-sBOED,0.03048110008239746,13504,3.894002676010132,,,,,,,,,,
212,0.16207031905651093,0.16207031905651093,RL-sBOED,0.03013777732849121,13568,3.8931639194488525,,,,,,,,,,
213,0.15539062023162842,0.15539062023162842,RL-sBOED,0.03125953674316406,13632,3.8876726627349854,,,,,,,,,,
214,0.16593751311302185,0.16593751311302185,RL-sBOED,0.032129764556884766,13696,3.8709163665771484,,,,,,,,,,
215,0.1676953136920929,0.1676953136920929,RL-sBOED,0.03038620948791504,13760,3.870669364929199,,,,,,,,,,
216,0.15855470299720764,0.15855470299720764,RL-sBOED,0.03156590461730957,13824,3.856091260910034,,,,,,,,,,
217,0.14589843153953552,0.14589843153953552,RL-sBOED,0.03166985511779785,13888,3.860421657562256,,,,,,,,,,
218,0.15539062023162842,0.15539062023162842,RL-sBOED,0.030757665634155273,13952,3.8600149154663086,,,,,,,,,,
219,0.16136719286441803,0.16136719286441803,RL-sBOED,0.03174185752868652,14016,3.867673397064209,,,,,,,,,,
220,0.14906249940395355,0.14906249940395355,RL-sBOED,0.03171062469482422,14080,3.8681373596191406,,,,,,,,,,
221,0.16277343034744263,0.16277343034744263,RL-sBOED,0.030076026916503906,14144,3.877445697784424,,,,,,,,,,
222,0.15187498927116394,0.15187498927116394,RL-sBOED,0.030539989471435547,14208,3.8818511962890625,,,,,,,,,,
223,0.1589062511920929,0.1589062511920929,RL-sBOED,0.03147268295288086,14272,3.880401611328125,,,,,,,,,,
224,0.15996094048023224,0.15996094048023224,RL-sBOED,0.032379150390625,14336,3.8853366374969482,,,,,,,,,,
225,0.1494140625,0.1494140625,RL-sBOED,0.030424118041992188,14400,3.872462749481201,0.149765625,0.1775390625,2,0.08048483706800685,0.015625,0.2109375,0,0.0108984375,1001.7869140625,0
226,0.16382811963558197,0.16382811963558197,RL-sBOED,0.033112287521362305,14464,3.8909711837768555,,,,,,,,,,
227,0.14519530534744263,0.14519530534744263,RL-sBOED,0.03228163719177246,14528,3.884202480316162,,,,,,,,,,
228,0.1508203148841858,0.1508203148841858,RL-sBOED,0.030209064483642578,14592,3.8829221725463867,,,,,,,,,,
229,0.1589062511920929,0.1589062511920929,RL-sBOED,0.032480478286743164,14656,3.8763694763183594,,,,,,,,,,
230,0.15046875178813934,0.15046875178813934,RL-sBOED,0.031042814254760742,14720,3.8761372566223145,,,,,,,,,,
231,0.1515234410762787,0.1515234410762787,RL-sBOED,0.03316378593444824,14784,3.8882510662078857,,,,,,,,,,
232,0.14414063096046448,0.14414063096046448,RL-sBOED,0.032449960708618164,14848,3.861084461212158,,,,,,,,,,
233,0.15398438274860382,0.15398438274860382,RL-sBOED,0.030134201049804688,14912,3.8619778156280518,,,,,,,,,,
234,0.15785156190395355,0.15785156190395355,RL-sBOED,0.031967878341674805,14976,3.8598129749298096,,,,,,,,,,
235,0.15644530951976776,0.15644530951976776,RL-sBOED,0.032360076904296875,15040,3.8540167808532715,,,,,,,,,,
236,0.15433594584465027,0.15433594584465027,RL-sBOED,0.030060529708862305,15104,3.8420701026916504,,,,,,,,,,
237,0.15996094048023224,0.15996094048023224,RL-sBOED,0.030149221420288086,15168,3.8300514221191406,,,,,,,,,,
238,0.14660155773162842,0.14660155773162842,RL-sBOED,0.03016948699951172,15232,3.837111234664917,,,,,,,,,,
239,0.1508203148841858,0.1508203148841858,RL-sBOED,0.030097246170043945,15296,3.834524154663086,,,,,,,,,,
240,0.1560937464237213,0.1560937464237213,RL-sBOED,0.03000473976135254,15360,3.827073097229004,,,,,,,,,,
241,0.15574219822883606,0.15574219822883606,RL-sBOED,0.030051708221435547,15424,3.829263687133789,,,,,,,,,,
242,0.15328125655651093,0.15328125655651093,RL-sBOED,0.03032851219177246,15488,3.844101905822754,,,,,,,,,,
243,0.1574999988079071,0.1574999988079071,RL-sBOED,0.030668020248413086,15552,3.8504281044006348,,,,,,,,,,
244,0.1560937464237213,0.1560937464237213,RL-sBOED,0.030229568481445312,15616,3.8392529487609863,,,,,,,,,,
245,0.15996095538139343,0.15996095538139343,RL-sBOED,0.030096769332885742,15680,3.854074001312256,,,,,,,,,,
246,0.16593749821186066,0.16593749821186066,RL-sBOED,0.03195929527282715,15744,3.849220037460327,,,,,,,,,,
247,0.1596093773841858,0.1596093773841858,RL-sBOED,0.03241586685180664,15808,3.8656868934631348,,,,,,,,,,
248,0.15292969346046448,0.15292969346046448,RL-sBOED,0.030521631240844727,15872,3.873121976852417,,,,,,,,,,
249,0.1669921875,0.1669921875,RL-sBOED,0.031206369400024414,15936,3.8708057403564453,,,,,,,,,,
250,0.15433594584465027,0.15433594584465027,RL-sBOED,0.03227710723876953,16000,3.8872528076171875,0.14625,0.1427734375,3,0.9775737446131891,0.0234375,0.1796875,0,0.008085937500000001,1001.4396484375,0
251,0.15644532442092896,0.15644532442092896,RL-sBOED,0.030457258224487305,16064,3.8879597187042236,,,,,,,,,,
252,0.15855468809604645,0.15855468809604645,RL-sBOED,0.033597707748413086,16128,3.9044251441955566,,,,,,,,,,
253,0.1596093773841858,0.1596093773841858,RL-sBOED,0.03199434280395508,16192,3.9059219360351562,,,,,,,,,,
254,0.15996094048023224,0.15996094048023224,RL-sBOED,0.032517433166503906,16256,3.9083902835845947,,,,,,,,,,
255,0.16136719286441803,0.16136719286441803,RL-sBOED,0.03252744674682617,16320,3.9163246154785156,,,,,,,,,,
256,0.1567968726158142,0.1567968726158142,RL-sBOED,0.03121185302734375,16384,3.911851406097412,,,,,,,,,,
257,0.1508203148841858,0.1508203148841858,RL-sBOED,0.032601356506347656,16448,3.910304069519043,,,,,,,,,,
258,0.1669921875,0.1669921875,RL-sBOED,0.03253293037414551,16512,3.9128408432006836,,,,,,,,,,
259,0.15046875178813934,0.15046875178813934,RL-sBOED,0.030268430709838867,16576,3.9028429985046387,,,,,,,,,,
260,0.16417968273162842,0.16417968273162842,RL-sBOED,0.030125856399536133,16640,3.8934638500213623,,,,,,,,,,
261,0.15855470299720764,0.15855470299720764,RL-sBOED,0.030076265335083008,16704,3.901374340057373,,,,,,,,,,
262,0.15257813036441803,0.15257813036441803,RL-sBOED,0.0300295352935791,16768,3.887777805328369,,,,,,,,,,
263,0.15855468809604645,0.15855468809604645,RL-sBOED,0.03132343292236328,16832,3.8742973804473877,,,,,,,,,,
264,0.14660155773162842,0.14660155773162842,RL-sBOED,0.031267642974853516,16896,3.875667095184326,,,,,,,,,,
265,0.15539062023162842,0.15539062023162842,RL-sBOED,0.0325009822845459,16960,3.869180202484131,,,,,,,,,,
266,0.16066406667232513,0.16066406667232513,RL-sBOED,0.030135154724121094,17024,3.879711866378784,,,,,,,,,,
267,0.15046875178813934,0.15046875178813934,RL-sBOED,0.0319523811340332,17088,3.8850762844085693,,,,,,,,,,
268,0.1494140625,0.1494140625,RL-sBOED,0.030293703079223633,17152,3.8807661533355713,,,,,,,,,,
269,0.15539062023162842,0.15539062023162842,RL-sBOED,0.03016352653503418,17216,3.88938570022583,,,,,,,,,,
270,0.16136717796325684,0.16136717796325684,RL-sBOED,0.030111074447631836,17280,3.8850765228271484,,,,,,,,,,
271,0.15433594584465027,0.15433594584465027,RL-sBOED,0.03191828727722168,17344,3.883394718170166,,,,,,,,,,
272,0.15328125655651093,0.15328125655651093,RL-sBOED,0.032540082931518555,17408,3.8976240158081055,,,,,,,,,,
273,0.16242188215255737,0.16242188215255737,RL-sBOED,0.03040599822998047,17472,3.871933698654175,,,,,,,,,,
274,0.16347655653953552,0.16347655653953552,RL-sBOED,0.03240823745727539,17536,3.849599838256836,,,,,,,,,,
275,0.15363281965255737,0.15363281965255737,RL-sBOED,0.0323948860168457,17600,3.854306697845459,0.1546875,0.1781640625,3,0.36384807461986246,0.0234375,0.203125,0,0.010546875,1001.7094140625,0
276,0.1487109512090683,0.1487109512090683,RL-sBOED,0.03244304656982422,17664,3.843970775604248,,,,,,,,,,
277,0.1501171886920929,0.1501171886920929,RL-sBOED,0.03030848503112793,17728,3.8477067947387695,,,,,,,,,,
278,0.15503907203674316,0.15503907203674316,RL-sBOED,0.030076026916503906,17792,3.8400156497955322,,,,,,,,,,
279,0.15539062023162842,0.15539062023162842,RL-sBOED,0.0312497615814209,17856,3.8542776107788086,,,,,,,,,,
280,0.158203125,0.158203125,RL-sBOED,0.03232979774475098,17920,3.8460898399353027,,,,,,,,,,
281,0.15257813036441803,0.15257813036441803,RL-sBOED,0.033299922943115234,17984,3.8615238666534424,,,,,,,,,,
282,0.14519532024860382,0.14519532024860382,RL-sBOED,0.03241467475891113,18048,3.8310294151306152,,,,,,,,,,
283,0.14765626192092896,0.14765626192092896,RL-sBOED,0.0300295352935791,18112,3.838773012161255,,,,,,,,,,
284,0.14519532024860382,0.14519532024860382,RL-sBOED,0.03197789192199707,18176,3.8436529636383057,,,,,,,,,,
285,0.1589062511920929,0.1589062511920929,RL-sBOED,0.03243398666381836,18240,3.856865167617798,,,,,,,,,,
286,0.15398436784744263,0.15398436784744263,RL-sBOED,0.030129194259643555,18304,3.864431381225586,,,,,,,,,,
287,0.16664063930511475,0.16664063930511475,RL-sBOED,0.030068635940551758,18368,3.8629250526428223,,,,,,,,,,
288,0.15925781428813934,0.15925781428813934,RL-sBOED,0.031999826431274414,18432,3.8650145530700684,,,,,,,,,,
289,0.15785157680511475,0.15785157680511475,RL-sBOED,0.032330989837646484,18496,3.859347343444824,,,,,,,,,,
290,0.15222656726837158,0.15222656726837158,RL-sBOED,0.0299532413482666,18560,3.8681087493896484,,,,,,,,,,
291,0.13675782084465027,0.13675782084465027,RL-sBOED,0.030085086822509766,18624,3.8655004501342773,,,,,,,,,,
292,0.1574999988079071,0.1574999988079071,RL-sBOED,0.031661033630371094,18688,3.8682830333709717,,,,,,,,,,
293,0.14519530534744263,0.14519530534744263,RL-sBOED,0.032412052154541016,18752,3.8760359287261963,,,,,,,,,,
294,0.14906251430511475,0.14906251430511475,RL-sBOED,0.030417680740356445,18816,3.8944239616394043,,,,,,,,,,
295,0.16242188215255737,0.16242188215255737,RL-sBOED,0.03003382682800293,18880,3.8826370239257812,,,,,,,,,,
296,0.16453126072883606,0.16453126072883606,RL-sBOED,0.03022289276123047,18944,3.8936710357666016,,,,,,,,,,
297,0.15433594584465027,0.15433594584465027,RL-sBOED,0.0304107666015625,19008,3.8818771839141846,,,,,,,,,,
298,0.14660155773162842,0.14660155773162842,RL-sBOED,0.03188180923461914,19072,3.8723790645599365,,,,,,,,,,
299,0.15363281965255737,0.15363281965255737,RL-sBOED,0.03246951103210449,19136,3.874941825866699,,,,,,,,,,
300,0.15574219822883606,0.15574219822883606,RL-sBOED,0.03005695343017578,19200,3.8808341026306152,0.14291015625000003,0.04314453125000001,2,0.045688389073983635,0.015625,0.0078125,1,0.00017578125000000005,0.04314453125000001,0
301,0.16347655653953552,0.16347655653953552,RL-sBOED,0.030263662338256836,19264,3.8876471519470215,,,,,,,,,,
302,0.1515234410762787,0.1515234410762787,RL-sBOED,0.03199911117553711,19328,3.8999040126800537,,,,,,,,,,
303,0.1501171886920929,0.1501171886920929,RL-sBOED,0.03132152557373047,19392,3.9065561294555664,,,,,,,,,,
304,0.15714845061302185,0.15714845061302185,RL-sBOED,0.03241372108459473,19456,3.9072837829589844,,,,,,,,,,
305,0.16066406667232513,0.16066406667232513,RL-sBOED,0.03006124496459961,19520,3.9024057388305664,,,,,,,,,,
306,0.15925781428813934,0.15925781428813934,RL-sBOED,0.03016185760498047,19584,3.8970718383789062,,,,,,,,,,
307,0.15855470299720764,0.15855470299720764,RL-sBOED,0.03005671501159668,19648,3.8925867080688477,,,,,,,,,,
308,0.16593751311302185,0.16593751311302185,RL-sBOED,0.030107736587524414,19712,3.8964481353759766,,,,,,,,,,
309,0.1508203148841858,0.1508203148841858,RL-sBOED,0.030576467514038086,19776,3.8975954055786133,,,,,,,,,,
310,0.15398438274860382,0.15398438274860382,RL-sBOED,0.03032684326171875,19840,3.896435022354126,,,,,,,,,,
311,0.1589062511920929,0.1589062511920929,RL-sBOED,0.029955148696899414,19904,3.89780855178833,,,,,,,,,,
312,0.14484375715255737,0.14484375715255737,RL-sBOED,0.03146719932556152,19968,3.900570869445801,,,,,,,,,,
313,0.15644530951976776,0.15644530951976776,RL-sBOED,0.032416343688964844,20032,3.8857622146606445,,,,,,,,,,
314,0.1596093773841858,0.1596093773841858,RL-sBOED,0.030463457107543945,20096,3.895256280899048,,,,,,,,,,
315,0.16136719286441803,0.16136719286441803,RL-sBOED,0.03242182731628418,20160,3.8845484256744385,,,,,,,,,,
316,0.14695313572883606,0.14695313572883606,RL-sBOED,0.032425880432128906,20224,3.873565912246704,,,,,,,,,,
317,0.1574999988079071,0.1574999988079071,RL-sBOED,0.03063511848449707,20288,3.8728561401367188,,,,,,,,,,
318,0.1399218738079071,0.1399218738079071,RL-sBOED,0.030434131622314453,20352,3.8770453929901123,,,,,,,,,,
319,0.1553906351327896,0.1553906351327896,RL-sBOED,0.030194997787475586,20416,3.872904062271118,,,,,,,,,,
320,0.15855468809604645,0.15855468809604645,RL-sBOED,0.03185129165649414,20480,3.882810115814209,,,,,,,,,,
321,0.1560937464237213,0.1560937464237213,RL-sBOED,0.032381296157836914,20544,3.878148317337036,,,,,,,,,,
322,0.14835938811302185,0.14835938811302185,RL-sBOED,0.030427217483520508,20608,3.8752288818359375,,,,,,,,,,
323,0.15714845061302185,0.15714845061302185,RL-sBOED,0.03023552894592285,20672,3.883052349090576,,,,,,,,,,
324,0.15644530951976776,0.15644530951976776,RL-sBOED,0.03055739402770996,20736,3.874800443649292,,,,,,,,,,
325,0.15398436784744263,0.15398436784744263,RL-sBOED,0.033818960189819336,20800,3.8701536655426025,0.15134765625000002,0.11701171875,4,0.9186272545600918,0.03125,0.1171875,0,0.005625,1000.78888671875,0
326,0.1420312523841858,0.1420312523841858,RL-sBOED,0.03020024299621582,20864,3.8361806869506836,,,,,,,,,,
327,0.15117187798023224,0.15117187798023224,RL-sBOED,0.0300290584564209,20928,3.827394723892212,,,,,,,,,,
328,0.16171875596046448,0.16171875596046448,RL-sBOED,0.0301821231842041,20992,3.82228422164917,,,,,,,,,,
329,0.1596093773841858,0.1596093773841858,RL-sBOED,0.03001713752746582,21056,3.7872908115386963,,,,,,,,,,
330,0.14167970418930054,0.14167970418930054,RL-sBOED,0.03256082534790039,21120,3.793759822845459,,,,,,,,,,
331,0.1399218738079071,0.1399218738079071,RL-sBOED,0.031217575073242188,21184,3.762453079223633,,,,,,,,,,
332,0.158203125,0.158203125,RL-sBOED,0.03251814842224121,21248,3.7271084785461426,,,,,,,,,,
333,0.15117187798023224,0.15117187798023224,RL-sBOED,0.030417203903198242,21312,3.7048540115356445,,,,,,,,,,
334,0.15714845061302185,0.15714845061302185,RL-sBOED,0.030463218688964844,21376,3.657235860824585,,,,,,,,,,
335,0.15785156190395355,0.15785156190395355,RL-sBOED,0.030179977416992188,21440,3.6156342029571533,,,,,,,,,,
336,0.15257811546325684,0.15257811546325684,RL-sBOED,0.0320744514465332,21504,3.600658416748047,,,,,,,,,,
337,0.15574219822883606,0.15574219822883606,RL-sBOED,0.03241586685180664,21568,3.596416473388672,,,,,,,,,,
338,0.15714845061302185,0.15714845061302185,RL-sBOED,0.03047776222229004,21632,3.567452907562256,,,,,,,,,,
339,0.14835938811302185,0.14835938811302185,RL-sBOED,0.03001689910888672,21696,3.6256933212280273,,,,,,,,,,
340,0.1567968726158142,0.1567968726158142,RL-sBOED,0.030316591262817383,21760,3.633126974105835,,,,,,,,,,
341,0.15785156190395355,0.15785156190395355,RL-sBOED,0.033383846282958984,21824,3.6332123279571533,,,,,,,,,,
342,0.14976562559604645,0.14976562559604645,RL-sBOED,0.03036952018737793,21888,3.6705503463745117,,,,,,,,,,
343,0.16593749821186066,0.16593749821186066,RL-sBOED,0.030202865600585938,21952,3.6920485496520996,,,,,,,,,,
344,0.14906249940395355,0.14906249940395355,RL-sBOED,0.031136751174926758,22016,3.719053268432617,,,,,,,,,,
345,0.14906248450279236,0.14906248450279236,RL-sBOED,0.03244185447692871,22080,3.7007486820220947,,,,,,,,,,
346,0.15398438274860382,0.15398438274860382,RL-sBOED,0.030289888381958008,22144,3.719554901123047,,,,,,,,,,
347,0.15257813036441803,0.15257813036441803,RL-sBOED,0.030436277389526367,22208,3.7662222385406494,,,,,,,,,,
348,0.15292969346046448,0.15292969346046448,RL-sBOED,0.03418111801147461,22272,3.7561392784118652,,,,,,,,,,
349,0.1596093773841858,0.1596093773841858,RL-sBOED,0.03203606605529785,22336,3.7543530464172363,,,,,,,,,,
350,0.15785156190395355,0.15785156190395355,RL-sBOED,0.03019118309020996,22400,3.7411277294158936,0.15855468750000004,0.1380859375,10,1.6561028230211559,0.078125,0.1328125,0,0.0068554687500000005,1000.9662109375,0
351,0.15996094048023224,0.15996094048023224,RL-sBOED,0.030350923538208008,22464,3.772888660430908,,,,,,,,,,
352,0.16242188215255737,0.16242188215255737,RL-sBOED,0.030358076095581055,22528,3.7608675956726074,,,,,,,,,,
353,0.15855470299720764,0.15855470299720764,RL-sBOED,0.03125452995300293,22592,3.7807254791259766,,,,,,,,,,
354,0.15785157680511475,0.15785157680511475,RL-sBOED,0.03248786926269531,22656,3.8163270950317383,,,,,,,,,,
355,0.15398438274860382,0.15398438274860382,RL-sBOED,0.03005242347717285,22720,3.8268682956695557,,,,,,,,,,
356,0.16875000298023224,0.16875000298023224,RL-sBOED,0.030084609985351562,22784,3.8374786376953125,,,,,,,,,,
357,0.1662890613079071,0.1662890613079071,RL-sBOED,0.0303802490234375,22848,3.832364082336426,,,,,,,,,,
358,0.1567968726158142,0.1567968726158142,RL-sBOED,0.033388614654541016,22912,3.8432064056396484,,,,,,,,,,
359,0.15539062023162842,0.15539062023162842,RL-sBOED,0.030072450637817383,22976,3.8221242427825928,,,,,,,,,,
360,0.16066406667232513,0.16066406667232513,RL-sBOED,0.030142545700073242,23040,3.843015432357788,,,,,,,,,,
361,0.14695313572883606,0.14695313572883606,RL-sBOED,0.030072450637817383,23104,3.802208662033081,,,,,,,,,,
362,0.1596093773841858,0.1596093773841858,RL-sBOED,0.03002476692199707,23168,3.7779905796051025,,,,,,,,,,
363,0.15644532442092896,0.15644532442092896,RL-sBOED,0.030083656311035156,23232,3.790353298187256,,,,,,,,,,
364,0.1480078250169754,0.1480078250169754,RL-sBOED,0.030110597610473633,23296,3.790194034576416,,,,,,,,,,
365,0.14835937321186066,0.14835937321186066,RL-sBOED,0.03185105323791504,23360,3.806973695755005,,,,,,,,,,
366,0.1567968875169754,0.1567968875169754,RL-sBOED,0.03247880935668945,23424,3.8109614849090576,,,,,,,,,,
367,0.158203125,0.158203125,RL-sBOED,0.03252148628234863,23488,3.8186869621276855,,,,,,,,,,
368,0.1596093773841858,0.1596093773841858,RL-sBOED,0.030400514602661133,23552,3.841355800628662,,,,,,,,,,
369,0.15363281965255737,0.15363281965255737,RL-sBOED,0.03013896942138672,23616,3.851085662841797,,,,,,,,,,
370,0.15996094048023224,0.17207032442092896,RL-sBOED,0.031333208084106445,23680,3.879176616668701,,,,,,,,,,
371,0.15222656726837158,0.15222656726837158,RL-sBOED,0.03262615203857422,23744,3.8958253860473633,,,,,,,,,,
372,0.16523437201976776,0.16523437201976776,RL-sBOED,0.03288626670837402,23808,3.9108312129974365,,,,,,,,,,
373,0.15644530951976776,0.15644530951976776,RL-sBOED,0.03145194053649902,23872,3.892237424850464,,,,,,,,,,
374,0.15503907203674316,0.15503907203674316,RL-sBOED,0.03060007095336914,23936,3.90204119682312,,,,,,,,,,
375,0.15398438274860382,0.15398438274860382,RL-sBOED,0.030620813369750977,24000,3.899362564086914,0.15609375000000003,0.0897265625,6,1.5749386921771322,0.046875,0.078125,0,0.0028125000000000008,1000.3709765625,0
376,0.1648828089237213,0.1648828089237213,RL-sBOED,0.035843849182128906,24064,3.913224220275879,,,,,,,,,,
377,0.16101562976837158,0.16101562976837158,RL-sBOED,0.034194231033325195,24128,3.89178729057312,,,,,,,,,,
378,0.15222656726837158,0.15222656726837158,RL-sBOED,0.0371251106262207,24192,3.895002603530884,,,,,,,,,,
379,0.15574219822883606,0.15574219822883606,RL-sBOED,0.033499956130981445,24256,3.8977108001708984,,,,,,,,,,
380,0.14484375715255737,0.14484375715255737,RL-sBOED,0.0340120792388916,24320,3.891970157623291,,,,,,,,,,
381,0.16382811963558197,0.16382811963558197,RL-sBOED,0.036988019943237305,24384,3.878244161605835,,,,,,,,,,
382,0.15187500417232513,0.15187500417232513,RL-sBOED,0.04077339172363281,24448,3.883596658706665,,,,,,,,,,
383,0.15328125655651093,0.15328125655651093,RL-sBOED,0.03963112831115723,24512,3.862260341644287,,,,,,,,,,
384,0.15644530951976776,0.15644530951976776,RL-sBOED,0.03541254997253418,24576,3.893972873687744,,,,,,,,,,
385,0.15117186307907104,0.15117186307907104,RL-sBOED,0.041878700256347656,24640,3.879013776779175,,,,,,,,,,
386,0.15714845061302185,0.15714845061302185,RL-sBOED,0.03357553482055664,24704,3.8739304542541504,,,,,,,,,,
387,0.15644532442092896,0.15644532442092896,RL-sBOED,0.03452706336975098,24768,3.8753652572631836,,,,,,,,,,
388,0.1596093773841858,0.1596093773841858,RL-sBOED,0.03343391418457031,24832,3.8760180473327637,,,,,,,,,,
389,0.16136719286441803,0.16136719286441803,RL-sBOED,0.0313720703125,24896,3.887221336364746,,,,,,,,,,
390,0.15539062023162842,0.15539062023162842,RL-sBOED,0.032794952392578125,24960,3.8777999877929688,,,,,,,,,,
391,0.17050781846046448,0.17050781846046448,RL-sBOED,0.033727169036865234,25024,3.8673810958862305,,,,,,,,,,
392,0.15222656726837158,0.15222656726837158,RL-sBOED,0.03162837028503418,25088,3.8854684829711914,,,,,,,,,,
393,0.14765626192092896,0.14765626192092896,RL-sBOED,0.031262874603271484,25152,3.8757314682006836,,,,,,,,,,
394,0.15785156190395355,0.15785156190395355,RL-sBOED,0.03302311897277832,25216,3.8720579147338867,,,,,,,,,,
395,0.15644532442092896,0.15644532442092896,RL-sBOED,0.03437471389770508,25280,3.889211654663086,,,,,,,,,,
396,0.14765626192092896,0.14765626192092896,RL-sBOED,0.039658308029174805,25344,3.8811378479003906,,,,,,,,,,
397,0.15468749403953552,0.15468749403953552,RL-sBOED,0.036429643630981445,25408,3.885997772216797,,,,,,,,,,
398,0.14835937321186066,0.14835937321186066,RL-sBOED,0.03698134422302246,25472,3.881336212158203,,,,,,,,,,
399,0.1582031399011612,0.1582031399011612,RL-sBOED,0.033341407775878906,25536,3.8871710300445557,,,,,,,,,,
400,0.1466015726327896,0.1466015726327896,RL-sBOED,0.036963462829589844,25600,3.8806259632110596,0.14677734375,0.15541015625,5,1.2628337864057653,0.0390625,0.1953125,0,0.009140625000000001,1001.60853515625,0
401,0.17085936665534973,0.17085936665534973,RL-sBOED,0.03151273727416992,25664,3.8948304653167725,,,,,,,,,,
402,0.1480078101158142,0.1480078101158142,RL-sBOED,0.03202629089355469,25728,3.9048054218292236,,,,,,,,,,
403,0.15855470299720764,0.15855470299720764,RL-sBOED,0.03374361991882324,25792,3.9181501865386963,,,,,,,,,,
404,0.16347657144069672,0.16347657144069672,RL-sBOED,0.03381180763244629,25856,3.9049601554870605,,,,,,,,,,
405,0.15644530951976776,0.15644530951976776,RL-sBOED,0.037030696868896484,25920,3.9082436561584473,,,,,,,,,,
406,0.15292969346046448,0.15292969346046448,RL-sBOED,0.033960819244384766,25984,3.9067697525024414,,,,,,,,,,
407,0.15328125655651093,0.15328125655651093,RL-sBOED,0.034781694412231445,26048,3.9034881591796875,,,,,,,,,,
408,0.15363281965255737,0.15363281965255737,RL-sBOED,0.034166574478149414,26112,3.890535831451416,,,,,,,,,,
409,0.15398438274860382,0.15398438274860382,RL-sBOED,0.033843040466308594,26176,3.8990747928619385,,,,,,,,,,
410,0.15574219822883606,0.15574219822883606,RL-sBOED,0.03290581703186035,26240,3.89579176902771,,,,,,,,,,
411,0.1508203148841858,0.1508203148841858,RL-sBOED,0.040439605712890625,26304,3.8889732360839844,,,,,,,,,,
412,0.1589062511920929,0.1589062511920929,RL-sBOED,0.034401893615722656,26368,3.897372245788574,,,,,,,,,,
413,0.16347655653953552,0.16347655653953552,RL-sBOED,0.03692507743835449,26432,3.9007315635681152,,,,,,,,,,
414,0.16136719286441803,0.16136719286441803,RL-sBOED,0.03384828567504883,26496,3.8955276012420654,,,,,,,,,,
415,0.1560937464237213,0.1560937464237213,RL-sBOED,0.03798794746398926,26560,3.888396978378296,,,,,,,,,,
416,0.15644530951976776,0.15644530951976776,RL-sBOED,0.03309917449951172,26624,3.8844237327575684,,,,,,,,,,
417,0.15257813036441803,0.15257813036441803,RL-sBOED,0.03395271301269531,26688,3.8915748596191406,,,,,,,,,,
418,0.15785156190395355,0.15785156190395355,RL-sBOED,0.03382730484008789,26752,3.8771817684173584,,,,,,,,,,
419,0.15785157680511475,0.15785157680511475,RL-sBOED,0.03198409080505371,26816,3.8953351974487305,,,,,,,,,,
420,0.15398436784744263,0.15398436784744263,RL-sBOED,0.034932851791381836,26880,3.896122455596924,,,,,,,,,,
421,0.15222656726837158,0.15222656726837158,RL-sBOED,0.03490257263183594,26944,3.910855293273926,,,,,,,,,,
422,0.15292969346046448,0.15292969346046448,RL-sBOED,0.03676724433898926,27008,3.9091641902923584,,,,,,,,,,
423,0.1515234410762787,0.1515234410762787,RL-sBOED,0.03409314155578613,27072,3.9108057022094727,,,,,,,,,,
424,0.16207030415534973,0.16207030415534973,RL-sBOED,0.032332658767700195,27136,3.9096341133117676,,,,,,,,,,
425,0.15328127145767212,0.15328127145767212,RL-sBOED,0.030090808868408203,27200,3.8967645168304443,0.14572265625,0.13462890624999999,4,1.241984570456814,0.03125,0.15625,0,0.00755859375,1001.19712890625,0
426,0.1508203148841858,0.1508203148841858,RL-sBOED,0.0303037166595459,27264,3.8806874752044678,,,,,,,,,,
427,0.14519532024860382,0.14519532024860382,RL-sBOED,0.030136823654174805,27328,3.8550291061401367,,,,,,,,,,
428,0.1508203148841858,0.1508203148841858,RL-sBOED,0.030092477798461914,27392,3.8683223724365234,,,,,,,,,,
429,0.1589062511920929,0.1589062511920929,RL-sBOED,0.030080080032348633,27456,3.8646960258483887,,,,,,,,,,
430,0.15292969346046448,0.15292969346046448,RL-sBOED,0.030120134353637695,27520,3.8454456329345703,,,,,,,,,,
431,0.15328125655651093,0.15328125655651093,RL-sBOED,0.030432462692260742,27584,3.8237080574035645,,,,,,,,,,
432,0.15117187798023224,0.15117187798023224,RL-sBOED,0.030177593231201172,27648,3.825404405593872,,,,,,,,,,
433,0.1487109363079071,0.1487109363079071,RL-sBOED,0.033527374267578125,27712,3.8189382553100586,,,,,,,,,,
434,0.15539062023162842,0.15539062023162842,RL-sBOED,0.030356407165527344,27776,3.812136650085449,,,,,,,,,,
435,0.1603125035762787,0.1603125035762787,RL-sBOED,0.030134916305541992,27840,3.7854583263397217,,,,,,,,,,
436,0.16277343034744263,0.16277343034744263,RL-sBOED,0.031350135803222656,27904,3.777312755584717,,,,,,,,,,
437,0.15574219822883606,0.15574219822883606,RL-sBOED,0.03243732452392578,27968,3.7576026916503906,,,,,,,,,,
438,0.15222656726837158,0.15222656726837158,RL-sBOED,0.03058314323425293,28032,3.7588438987731934,,,,,,,,,,
439,0.15398439764976501,0.15398439764976501,RL-sBOED,0.030096054077148438,28096,3.776552677154541,,,,,,,,,,
440,0.1508203148841858,0.1508203148841858,RL-sBOED,0.03125119209289551,28160,3.7432851791381836,,,,,,,,,,
441,0.16066405177116394,0.16066405177116394,RL-sBOED,0.030352115631103516,28224,3.7532846927642822,,,,,,,,,,
442,0.15292969346046448,0.15292969346046448,RL-sBOED,0.03010725975036621,28288,3.7601375579833984,,,,,,,,,,
443,0.1420312523841858,0.1420312523841858,RL-sBOED,0.032355308532714844,28352,3.762192726135254,,,,,,,,,,
444,0.15222656726837158,0.15222656726837158,RL-sBOED,0.03243279457092285,28416,3.77709698677063,,,,,,,,,,
445,0.1494140625,0.1494140625,RL-sBOED,0.03000330924987793,28480,3.8109781742095947,,,,,,,,,,
446,0.14976564049720764,0.14976564049720764,RL-sBOED,0.03288531303405762,28544,3.8131942749023438,,,,,,,,,,
447,0.14343750476837158,0.14343750476837158,RL-sBOED,0.031676530838012695,28608,3.8094894886016846,,,,,,,,,,
448,0.15187498927116394,0.15187498927116394,RL-sBOED,0.030282258987426758,28672,3.8197402954101562,,,,,,,,,,
449,0.15222656726837158,0.15222656726837158,RL-sBOED,0.03135204315185547,28736,3.802290439605713,,,,,,,,,,
450,0.15257813036441803,0.15257813036441803,RL-sBOED,0.032474517822265625,28800,3.78218936920166,0.14888671875000004,0.08330078124999998,6,1.270876352135801,0.046875,0.0859375,0,0.0028125000000000003,1000.44267578125,0
451,0.14976562559604645,0.14976562559604645,RL-sBOED,0.030261993408203125,28864,3.795538902282715,,,,,,,,,,
452,0.1515234410762787,0.1515234410762787,RL-sBOED,0.0301053524017334,28928,3.772204637527466,,,,,,,,,,
453,0.16382811963558197,0.16382811963558197,RL-sBOED,0.03051924705505371,28992,3.7613961696624756,,,,,,,,,,
454,0.16171875596046448,0.16171875596046448,RL-sBOED,0.03194236755371094,29056,3.7681643962860107,,,,,,,,,,
455,0.16171875596046448,0.16171875596046448,RL-sBOED,0.032408952713012695,29120,3.7498908042907715,,,,,,,,,,
456,0.15574219822883606,0.15574219822883606,RL-sBOED,0.030060529708862305,29184,3.7472550868988037,,,,,,,,,,
457,0.15503907203674316,0.15503907203674316,RL-sBOED,0.030460119247436523,29248,3.7438158988952637,,,,,,,,,,
458,0.1487109363079071,0.1487109363079071,RL-sBOED,0.03209400177001953,29312,3.772279739379883,,,,,,,,,,
459,0.15785156190395355,0.15785156190395355,RL-sBOED,0.03242063522338867,29376,3.785102367401123,,,,,,,,,,
460,0.1589062511920929,0.1589062511920929,RL-sBOED,0.032427310943603516,29440,3.7789125442504883,,,,,,,,,,
461,0.16242188215255737,0.16242188215255737,RL-sBOED,0.030987262725830078,29504,3.8061697483062744,,,,,,,,,,
462,0.158203125,0.158203125,RL-sBOED,0.03160429000854492,29568,3.802675724029541,,,,,,,,,,
463,0.15855468809604645,0.15855468809604645,RL-sBOED,0.030144691467285156,29632,3.8349530696868896,,,,,,,,,,
464,0.1515234410762787,0.1515234410762787,RL-sBOED,0.03017282485961914,29696,3.8458662033081055,,,,,,,,,,
465,0.14449219405651093,0.14449219405651093,RL-sBOED,0.030061721801757812,29760,3.8319475650787354,,,,,,,,,,
466,0.1392187625169754,0.1392187625169754,RL-sBOED,0.030466079711914062,29824,3.843756675720215,,,,,,,,,,
467,0.1596093773841858,0.1596093773841858,RL-sBOED,0.030343294143676758,29888,3.8281595706939697,,,,,,,,,,
468,0.15398438274860382,0.15398438274860382,RL-sBOED,0.03014349937438965,29952,3.7973809242248535,,,,,,,,,,
469,0.1603125035762787,0.1603125035762787,RL-sBOED,0.03009796142578125,30016,3.7876813411712646,,,,,,,,,,
470,0.15363280475139618,0.15363280475139618,RL-sBOED,0.0340886116027832,30080,3.7927699089050293,,,,,,,,,,
471,0.15539062023162842,0.15539062023162842,RL-sBOED,0.030444622039794922,30144,3.802128314971924,,,,,,,,,,
472,0.16453126072883606,0.16453126072883606,RL-sBOED,0.030069589614868164,30208,3.794689655303955,,,,,,,,,,
473,0.15785156190395355,0.15785156190395355,RL-sBOED,0.0336613655090332,30272,3.780782461166382,,,,,,,,,,
474,0.15785157680511475,0.15785157680511475,RL-sBOED,0.030417919158935547,30336,3.7598037719726562,,,,,,,,,,
475,0.14976561069488525,0.14976561069488525,RL-sBOED,0.03372836112976074,30400,3.7297873497009277,0.15205078125000002,0.14701171875,8,1.5575540911404602,0.0625,0.1640625,0,0.008085937500000001,1001.28763671875,0
476,0.15855468809604645,0.15855468809604645,RL-sBOED,0.03252887725830078,30464,3.725531578063965,,,,,,,,,,
477,0.14906251430511475,0.14906251430511475,RL-sBOED,0.030402183532714844,30528,3.713980197906494,,,,,,,,,,
478,0.1574999988079071,0.1574999988079071,RL-sBOED,0.030019044876098633,30592,3.7523765563964844,,,,,,,,,,
479,0.14554688334465027,0.14554688334465027,RL-sBOED,0.030791521072387695,30656,3.762294292449951,,,,,,,,,,
480,0.1596093773841858,0.1596093773841858,RL-sBOED,0.03252768516540527,30720,3.7889225482940674,,,,,,,,,,
481,0.16874998807907104,0.16874998807907104,RL-sBOED,0.030118942260742188,30784,3.78829288482666,,,,,,,,,,
482,0.16312500834465027,0.16312500834465027,RL-sBOED,0.030506610870361328,30848,3.7977681159973145,,,,,,,,,,
483,0.1574999988079071,0.1574999988079071,RL-sBOED,0.030157804489135742,30912,3.828907012939453,,,,,,,,,,
484,0.15785157680511475,0.15785157680511475,RL-sBOED,0.031347036361694336,30976,3.8657913208007812,,,,,,,,,,
485,0.16453126072883606,0.16453126072883606,RL-sBOED,0.03247547149658203,31040,3.867703437805176,,,,,,,,,,
486,0.1574999988079071,0.1574999988079071,RL-sBOED,0.03004765510559082,31104,3.87308406829834,,,,,,,,,,
487,0.1574999988079071,0.1574999988079071,RL-sBOED,0.0300445556640625,31168,3.8674848079681396,,,,,,,,,,
488,0.1567968726158142,0.1567968726158142,RL-sBOED,0.030553579330444336,31232,3.852421760559082,,,,,,,,,,
489,0.14976564049720764,0.14976564049720764,RL-sBOED,0.03350424766540527,31296,3.848897933959961,,,,,,,,,,
490,0.1603125035762787,0.1603125035762787,RL-sBOED,0.0304872989654541,31360,3.84782075881958,,,,,,,,,,
491,0.158203125,0.158203125,RL-sBOED,0.02995896339416504,31424,3.819145679473877,,,,,,,,,,
492,0.15574218332767487,0.15574218332767487,RL-sBOED,0.03367495536804199,31488,3.814854621887207,,,,,,,,,,
493,0.15363280475139618,0.15363280475139618,RL-sBOED,0.03010082244873047,31552,3.8289036750793457,,,,,,,,,,
494,0.14589843153953552,0.14589843153953552,RL-sBOED,0.03197312355041504,31616,3.8360629081726074,,,,,,,,,,
495,0.1596093773841858,0.1596093773841858,RL-sBOED,0.03245258331298828,31680,3.8302578926086426,,,,,,,,,,
496,0.17191407084465027,0.17191407084465027,RL-sBOED,0.030063152313232422,31744,3.8349833488464355,,,,,,,,,,
497,0.15468749403953552,0.15468749403953552,RL-sBOED,0.03021383285522461,31808,3.83870267868042,,,,,,,,,,
498,0.1480078101158142,0.1480078101158142,RL-sBOED,0.03018975257873535,31872,3.8444080352783203,,,,,,,,,,
499,0.15398436784744263,0.15398436784744263,RL-sBOED,0.030092239379882812,31936,3.858733654022217,,,,,,,,,,
500,0.1596093773841858,0.1596093773841858,RL-sBOED,0.030243873596191406,32000,3.825725555419922,0.15591796875000002,0.15615234375,6,0.9133726772017856,0.046875,0.1640625,0,0.00861328125,1001.29677734375,0
501,0.14906249940395355,0.14906249940395355,RL-sBOED,0.03032708168029785,32064,3.8387694358825684,,,,,,,,,,
502,0.15855468809604645,0.15855468809604645,RL-sBOED,0.0301969051361084,32128,3.8367204666137695,,,,,,,,,,
503,0.15398436784744263,0.15398436784744263,RL-sBOED,0.030189037322998047,32192,3.854022264480591,,,,,,,,,,
504,0.16207031905651093,0.16207031905651093,RL-sBOED,0.0315089225769043,32256,3.87164044380188,,,,,,,,,,
505,0.14765624701976776,0.14765624701976776,RL-sBOED,0.0323338508605957,32320,3.8808555603027344,,,,,,,,,,
506,0.15257814526557922,0.15257814526557922,RL-sBOED,0.030149459838867188,32384,3.8682165145874023,,,,,,,,,,
507,0.15855470299720764,0.15855470299720764,RL-sBOED,0.03004288673400879,32448,3.890899896621704,,,,,,,,,,
508,0.14765624701976776,0.14765624701976776,RL-sBOED,0.030080556869506836,32512,3.8801848888397217,,,,,,,,,,
509,0.17050781846046448,0.17050781846046448,RL-sBOED,0.030124664306640625,32576,3.8849358558654785,,,,,,,,,,
510,0.1473046839237213,0.1473046839237213,RL-sBOED,0.03006291389465332,32640,3.8688747882843018,,,,,,,,,,
511,0.16242188215255737,0.16242188215255737,RL-sBOED,0.030049800872802734,32704,3.873577833175659,,,,,,,,,,
512,0.1466015726327896,0.1466015726327896,RL-sBOED,0.0317227840423584,32768,3.8506898880004883,,,,,,,,,,
513,0.1603125035762787,0.1603125035762787,RL-sBOED,0.03247499465942383,32832,3.8469042778015137,,,,,,,,,,
514,0.15785156190395355,0.15785156190395355,RL-sBOED,0.030466556549072266,32896,3.8422064781188965,,,,,,,,,,
515,0.1501171886920929,0.1501171886920929,RL-sBOED,0.03044867515563965,32960,3.805565357208252,,,,,,,,,,
516,0.1596093773841858,0.1596093773841858,RL-sBOED,0.03458881378173828,33024,3.8113174438476562,,,,,,,,,,
517,0.16171874105930328,0.16171874105930328,RL-sBOED,0.03249979019165039,33088,3.790276527404785,,,,,,,,,,
518,0.1515234410762787,0.1515234410762787,RL-sBOED,0.030160188674926758,33152,3.7993063926696777,,,,,,,,,,
519,0.1515234410762787,0.1515234410762787,RL-sBOED,0.030576229095458984,33216,3.83221697807312,,,,,,,,,,
520,0.15257811546325684,0.15257811546325684,RL-sBOED,0.030238628387451172,33280,3.8352785110473633,,,,,,,,,,
521,0.14167968928813934,0.14167968928813934,RL-sBOED,0.03022146224975586,33344,3.8407559394836426,,,,,,,,,,
522,0.14695313572883606,0.14695313572883606,RL-sBOED,0.031583309173583984,33408,3.853170394897461,,,,,,,,,,
523,0.15398436784744263,0.15398436784744263,RL-sBOED,0.032388925552368164,33472,3.8598337173461914,,,,,,,,,,
524,0.14906249940395355,0.14906249940395355,RL-sBOED,0.030086994171142578,33536,3.860907793045044,,,,,,,,,,
525,0.15187500417232513,0.15187500417232513,RL-sBOED,0.030071020126342773,33600,3.8470988273620605,0.14220703125,0.04498046875,2,0.08048483706800685,0.015625,0.015625,1,0.0003515624999999999,0.04498046875,0
526,0.1515234410762787,0.1515234410762787,RL-sBOED,0.030287981033325195,33664,3.8478548526763916,,,,,,,,,,
527,0.16242188215255737,0.16242188215255737,RL-sBOED,0.030415058135986328,33728,3.8592774868011475,,,,,,,,,,
528,0.1480078250169754,0.1480078250169754,RL-sBOED,0.030022859573364258,33792,3.854121685028076,,,,,,,,,,
529,0.16277343034744263,0.16277343034744263,RL-sBOED,0.0336456298828125,33856,3.8764054775238037,,,,,,,,,,
530,0.15257811546325684,0.15257811546325684,RL-sBOED,0.0301053524017334,33920,3.86075496673584,,,,,,,,,,
531,0.15433594584465027,0.15433594584465027,RL-sBOED,0.030106306076049805,33984,3.859286069869995,,,,,,,,,,
532,0.15574218332767487,0.15574218332767487,RL-sBOED,0.03059077262878418,34048,3.880204439163208,,,,,,,,,,
533,0.1567968875169754,0.1567968875169754,RL-sBOED,0.030506134033203125,34112,3.8759140968322754,,,,,,,,,,
534,0.16136720776557922,0.16136720776557922,RL-sBOED,0.03397321701049805,34176,3.867279291152954,,,,,,,,,,
535,0.15468749403953552,0.15468749403953552,RL-sBOED,0.030762672424316406,34240,3.875314235687256,,,,,,,,,,
536,0.15644532442092896,0.15644532442092896,RL-sBOED,0.03352236747741699,34304,3.847451686859131,,,,,,,,,,
537,0.15433594584465027,0.15433594584465027,RL-sBOED,0.030059099197387695,34368,3.869460344314575,,,,,,,,,,
538,0.1508203148841858,0.1508203148841858,RL-sBOED,0.030377626419067383,34432,3.8717422485351562,,,,,,,,,,
539,0.16382811963558197,0.16382811963558197,RL-sBOED,0.030389785766601562,34496,3.885653257369995,,,,,,,,,,
540,0.15363281965255737,0.15363281965255737,RL-sBOED,0.030345916748046875,34560,3.863966226577759,,,,,,,,,,
541,0.13957032561302185,0.13957032561302185,RL-sBOED,0.0302584171295166,34624,3.8620357513427734,,,,,,,,,,
542,0.15222656726837158,0.15222656726837158,RL-sBOED,0.030276775360107422,34688,3.8678839206695557,,,,,,,,,,
543,0.14343750476837158,0.14343750476837158,RL-sBOED,0.0341184139251709,34752,3.8741374015808105,,,,,,,,,,
544,0.16382813453674316,0.16382813453674316,RL-sBOED,0.03055858612060547,34816,3.866220474243164,,,,,,,,,,
545,0.14976562559604645,0.14976562559604645,RL-sBOED,0.033455610275268555,34880,3.8423068523406982,,,,,,,,,,
546,0.15398436784744263,0.15398436784744263,RL-sBOED,0.03009510040283203,34944,3.8394360542297363,,,,,,,,,,
547,0.1589062511920929,0.1589062511920929,RL-sBOED,0.030120372772216797,35008,3.862133502960205,,,,,,,,,,
548,0.15187500417232513,0.15187500417232513,RL-sBOED,0.030434131622314453,35072,3.855255126953125,,,,,,,,,,
549,0.14660155773162842,0.14660155773162842,RL-sBOED,0.03140568733215332,35136,3.8324148654937744,,,,,,,,,,
550,0.16136717796325684,0.16136717796325684,RL-sBOED,0.032392024993896484,35200,3.846606731414795,0.14958984375,0.13947265625,7,1.5929634949645994,0.0546875,0.1484375,0,0.007734375000000001,1001.12384765625,0
551,0.15257811546325684,0.15257811546325684,RL-sBOED,0.03196096420288086,35264,3.8664777278900146,,,,,,,,,,
552,0.15925781428813934,0.15925781428813934,RL-sBOED,0.03034043312072754,35328,3.8572347164154053,,,,,,,,,,
553,0.14835937321186066,0.14835937321186066,RL-sBOED,0.030226945877075195,35392,3.8506226539611816,,,,,,,,,,
554,0.15433594584465027,0.15433594584465027,RL-sBOED,0.033529043197631836,35456,3.8478517532348633,,,,,,,,,,
555,0.1596093773841858,0.1596093773841858,RL-sBOED,0.03115534782409668,35520,3.8290767669677734,,,,,,,,,,
556,0.15292969346046448,0.15292969346046448,RL-sBOED,0.03252148628234863,35584,3.806885242462158,,,,,,,,,,
557,0.15292969346046448,0.15292969346046448,RL-sBOED,0.03021693229675293,35648,3.8079216480255127,,,,,,,,,,
558,0.1567968726158142,0.1567968726158142,RL-sBOED,0.030444860458374023,35712,3.836808919906616,,,,,,,,,,
559,0.1494140625,0.1494140625,RL-sBOED,0.0304720401763916,35776,3.8481991291046143,,,,,,,,,,
560,0.15292969346046448,0.15292969346046448,RL-sBOED,0.030161619186401367,35840,3.828303575515747,,,,,,,,,,
561,0.15398438274860382,0.15398438274860382,RL-sBOED,0.032216787338256836,35904,3.853729486465454,,,,,,,,,,
562,0.15503907203674316,0.15503907203674316,RL-sBOED,0.03238177299499512,35968,3.8537440299987793,,,,,,,,,,
563,0.16347657144069672,0.16347657144069672,RL-sBOED,0.030173540115356445,36032,3.857774257659912,,,,,,,,,,
564,0.15257811546325684,0.15257811546325684,RL-sBOED,0.030114412307739258,36096,3.8946990966796875,,,,,,,,,,
565,0.14765624701976776,0.14765624701976776,RL-sBOED,0.030378341674804688,36160,3.8768982887268066,,,,,,,,,,
566,0.15644532442092896,0.15644532442092896,RL-sBOED,0.030814409255981445,36224,3.8739070892333984,,,,,,,,,,
567,0.1655859351158142,0.1655859351158142,RL-sBOED,0.03216075897216797,36288,3.8588409423828125,,,,,,,,,,
568,0.1662890613079071,0.1662890613079071,RL-sBOED,0.03045177459716797,36352,3.8434011936187744,,,,,,,,,,
569,0.15714845061302185,0.15714845061302185,RL-sBOED,0.031700849533081055,36416,3.8691537380218506,,,,,,,,,,
570,0.15363281965255737,0.15363281965255737,RL-sBOED,0.030380964279174805,36480,3.8712472915649414,,,,,,,,,,
571,0.1567968726158142,0.1567968726158142,RL-sBOED,0.030198097229003906,36544,3.847886800765991,,,,,,,,,,
572,0.1567968726158142,0.1567968726158142,RL-sBOED,0.03234148025512695,36608,3.827240467071533,,,,,,,,,,
573,0.15292969346046448,0.15292969346046448,RL-sBOED,0.030364036560058594,36672,3.8320651054382324,,,,,,,,,,
574,0.14835937321186066,0.14835937321186066,RL-sBOED,0.030239343643188477,36736,3.8305184841156006,,,,,,,,,,
575,0.16136719286441803,0.16136719286441803,RL-sBOED,0.030573606491088867,36800,3.828368663787842,0.15292968750000002,0.10296875,8,1.7244433676426523,0.0625,0.1015625,0,0.00421875,1000.61859375,0
576,0.15855470299720764,0.15855470299720764,RL-sBOED,0.03032088279724121,36864,3.8215348720550537,,,,,,,,,,
577,0.1603125035762787,0.1603125035762787,RL-sBOED,0.030131101608276367,36928,3.8670573234558105,,,,,,,,,,
578,0.15855468809604645,0.15855468809604645,RL-sBOED,0.03008723258972168,36992,3.8307394981384277,,,,,,,,,,
579,0.16066406667232513,0.16066406667232513,RL-sBOED,0.03019881248474121,37056,3.847187042236328,,,,,,,,,,
580,0.15503907203674316,0.15503907203674316,RL-sBOED,0.03019428253173828,37120,3.829014301300049,,,,,,,,,,
581,0.1487109363079071,0.1487109363079071,RL-sBOED,0.031865596771240234,37184,3.847437620162964,,,,,,,,,,
582,0.14976564049720764,0.14976564049720764,RL-sBOED,0.03251147270202637,37248,3.8415679931640625,,,,,,,,,,
583,0.16207031905651093,0.16207031905651093,RL-sBOED,0.030124187469482422,37312,3.8702232837677,,,,,,,,,,
584,0.16875001788139343,0.16875001788139343,RL-sBOED,0.030614376068115234,37376,3.8488292694091797,,,,,,,,,,
585,0.1501171886920929,0.1501171886920929,RL-sBOED,0.03013157844543457,37440,3.8498167991638184,,,,,,,,,,
586,0.15398436784744263,0.15398436784744263,RL-sBOED,0.03396105766296387,37504,3.839787006378174,,,,,,,,,,
587,0.15925781428813934,0.15925781428813934,RL-sBOED,0.031122207641601562,37568,3.828240394592285,,,,,,,,,,
588,0.15222656726837158,0.15222656726837158,RL-sBOED,0.03243231773376465,37632,3.837552547454834,,,,,,,,,,
589,0.15714842081069946,0.15714842081069946,RL-sBOED,0.030120134353637695,37696,3.8292741775512695,,,,,,,,,,
590,0.15257814526557922,0.15257814526557922,RL-sBOED,0.030155181884765625,37760,3.8383538722991943,,,,,,,,,,
591,0.15046876668930054,0.15046876668930054,RL-sBOED,0.03156733512878418,37824,3.794059991836548,,,,,,,,,,
592,0.15187500417232513,0.15187500417232513,RL-sBOED,0.03245997428894043,37888,3.8078181743621826,,,,,,,,,,
593,0.1603125035762787,0.1603125035762787,RL-sBOED,0.030165672302246094,37952,3.8038878440856934,,,,,,,,,,
594,0.16207030415534973,0.16207030415534973,RL-sBOED,0.030332088470458984,38016,3.7858846187591553,,,,,,,,,,
595,0.15714843571186066,0.15714843571186066,RL-sBOED,0.031432390213012695,38080,3.7639360427856445,,,,,,,,,,
596,0.15328124165534973,0.15328124165534973,RL-sBOED,0.032335758209228516,38144,3.8028011322021484,,,,,,,,,,
597,0.1480078101158142,0.1480078101158142,RL-sBOED,0.03071427345275879,38208,3.7732982635498047,,,,,,,,,,
598,0.15433593094348907,0.15433593094348907,RL-sBOED,0.03043198585510254,38272,3.7942912578582764,,,,,,,,,,
599,0.1683984398841858,0.1683984398841858,RL-sBOED,0.030150651931762695,38336,3.8018112182617188,,,,,,,,,,
600,0.1494140625,0.1494140625,RL-sBOED,0.03401827812194824,38400,3.7977027893066406,0.156796875,0.0896484375,8,1.5410605118137135,0.0625,0.0703125,0,0.0028125,1000.2927734375,0
601,0.15468749403953552,0.15468749403953552,RL-sBOED,0.030515193939208984,38464,3.8057501316070557,,,,,,,,,,
602,0.14976562559604645,0.14976562559604645,RL-sBOED,0.03011775016784668,38528,3.818788766860962,,,,,,,,,,
603,0.1603125035762787,0.1603125035762787,RL-sBOED,0.030115127563476562,38592,3.8318188190460205,,,,,,,,,,
604,0.1508203148841858,0.1508203148841858,RL-sBOED,0.03128790855407715,38656,3.8316564559936523,,,,,,,,,,
605,0.16453124582767487,0.16453124582767487,RL-sBOED,0.032529354095458984,38720,3.814378261566162,,,,,,,,,,
606,0.1560937464237213,0.1560937464237213,RL-sBOED,0.030155181884765625,38784,3.833308696746826,,,,,,,,,,
607,0.15363281965255737,0.15363281965255737,RL-sBOED,0.03058147430419922,38848,3.8388099670410156,,,,,,,,,,
608,0.15644532442092896,0.15644532442092896,RL-sBOED,0.03157782554626465,38912,3.8171546459198,,,,,,,,,,
609,0.17156249284744263,0.17156249284744263,RL-sBOED,0.03240561485290527,38976,3.793442487716675,,,,,,,,,,
610,0.16277343034744263,0.16277343034744263,RL-sBOED,0.030140161514282227,39040,3.8310165405273438,,,,,,,,,,
611,0.15925781428813934,0.15925781428813934,RL-sBOED,0.03014826774597168,39104,3.80715274810791,,,,,,,,,,
612,0.16312500834465027,0.16312500834465027,RL-sBOED,0.03049182891845703,39168,3.8248674869537354,,,,,,,,,,
613,0.16382813453674316,0.16382813453674316,RL-sBOED,0.030203580856323242,39232,3.8477301597595215,,,,,,,,,,
614,0.15468749403953552,0.15468749403953552,RL-sBOED,0.030511140823364258,39296,3.837402820587158,,,,,,,,,,
615,0.16136717796325684,0.16136717796325684,RL-sBOED,0.03028583526611328,39360,3.8196640014648438,,,,,,,,,,
616,0.1494140625,0.1494140625,RL-sBOED,0.030269384384155273,39424,3.8122658729553223,,,,,,,,,,
617,0.16242188215255737,0.16242188215255737,RL-sBOED,0.030220746994018555,39488,3.797487735748291,,,,,,,,,,
618,0.15925782918930054,0.15925782918930054,RL-sBOED,0.03024005889892578,39552,3.797532558441162,,,,,,,,,,
619,0.1560937464237213,0.1560937464237213,RL-sBOED,0.031975507736206055,39616,3.815321445465088,,,,,,,,,,
620,0.15996094048023224,0.15996094048023224,RL-sBOED,0.0323636531829834,39680,3.8267273902893066,,,,,,,,,,
621,0.14835937321186066,0.14835937321186066,RL-sBOED,0.03063178062438965,39744,3.814265489578247,,,,,,,,,,
622,0.1494140625,0.1494140625,RL-sBOED,0.03159523010253906,39808,3.8349862098693848,,,,,,,,,,
623,0.15187500417232513,0.15187500417232513,RL-sBOED,0.031524658203125,39872,3.8207311630249023,,,,,,,,,,
624,0.14765624701976776,0.14765624701976776,RL-sBOED,0.030326366424560547,39936,3.840975284576416,,,,,,,,,,
625,0.14835938811302185,0.14835938811302185,RL-sBOED,0.030486583709716797,40000,3.8387293815612793,0.14853515625000002,0.12376953125000001,5,0.9661373003114027,0.0390625,0.125,0,0.00650390625,1000.87376953125,0
626,0.15996094048023224,0.15996094048023224,RL-sBOED,0.03203725814819336,40064,3.8255882263183594,,,,,,,,,,
627,0.16207030415534973,0.16207030415534973,RL-sBOED,0.032477617263793945,40128,3.8621654510498047,,,,,,,,,,
628,0.1641796976327896,0.1641796976327896,RL-sBOED,0.03015613555908203,40192,3.838315486907959,,,,,,,,,,
629,0.15117187798023224,0.15117187798023224,RL-sBOED,0.0333101749420166,40256,3.851954460144043,,,,,,,,,,
630,0.14625000953674316,0.14625000953674316,RL-sBOED,0.03166842460632324,40320,3.855862617492676,,,,,,,,,,
631,0.15503905713558197,0.15503905713558197,RL-sBOED,0.030235767364501953,40384,3.8479790687561035,,,,,,,,,,
632,0.1560937613248825,0.1560937613248825,RL-sBOED,0.03179144859313965,40448,3.8702211380004883,,,,,,,,,,
633,0.15996092557907104,0.15996092557907104,RL-sBOED,0.03237152099609375,40512,3.858365058898926,,,,,,,,,,
634,0.16066406667232513,0.16066406667232513,RL-sBOED,0.03198885917663574,40576,3.8708913326263428,,,,,,,,,,
635,0.16136719286441803,0.16136719286441803,RL-sBOED,0.03249931335449219,40640,3.8458964824676514,,,,,,,,,,
636,0.16417968273162842,0.16417968273162842,RL-sBOED,0.030162811279296875,40704,3.816704750061035,,,,,,,,,,
637,0.14589843153953552,0.14589843153953552,RL-sBOED,0.03050708770751953,40768,3.8308298587799072,,,,,,,,,,
638,0.15503907203674316,0.15503907203674316,RL-sBOED,0.03137469291687012,40832,3.8478288650512695,,,,,,,,,,
639,0.15363281965255737,0.15363281965255737,RL-sBOED,0.032325029373168945,40896,3.8462085723876953,,,,,,,,,,
640,0.15785156190395355,0.15785156190395355,RL-sBOED,0.03002309799194336,40960,3.8211183547973633,,,,,,,,,,
641,0.15785157680511475,0.15785157680511475,RL-sBOED,0.030556678771972656,41024,3.819540500640869,,,,,,,,,,
642,0.15433594584465027,0.15433594584465027,RL-sBOED,0.031590938568115234,41088,3.8119566440582275,,,,,,,,,,
643,0.15398436784744263,0.15398436784744263,RL-sBOED,0.032578468322753906,41152,3.815458059310913,,,,,,,,,,
644,0.14976564049720764,0.14976564049720764,RL-sBOED,0.030118703842163086,41216,3.8242335319519043,,,,,,,,,,
645,0.16101562976837158,0.16101562976837158,RL-sBOED,0.03223228454589844,41280,3.825164794921875,,,,,,,,,,
646,0.15328124165534973,0.15328124165534973,RL-sBOED,0.03340458869934082,41344,3.8252289295196533,,,,,,,,,,
647,0.15257813036441803,0.15257813036441803,RL-sBOED,0.032532691955566406,41408,3.80991792678833,,,,,,,,,,
648,0.1560937464237213,0.1560937464237213,RL-sBOED,0.03248405456542969,41472,3.823610782623291,,,,,,,,,,
649,0.17226563394069672,0.17226563394069672,RL-sBOED,0.03036785125732422,41536,3.8107621669769287,,,,,,,,,,
650,0.15363281965255737,0.15363281965255737,RL-sBOED,0.030545949935913086,41600,3.7925918102264404,0.14572265625000003,0.10259765625,4,0.9395212603075739,0.03125,0.1171875,0,0.004746093750000001,1000.77447265625,0
651,0.14765624701976776,0.14765624701976776,RL-sBOED,0.030289888381958008,41664,3.8223507404327393,,,,,,,,,,
652,0.1508203148841858,0.1508203148841858,RL-sBOED,0.03014540672302246,41728,3.8414015769958496,,,,,,,,,,
653,0.14976562559604645,0.14976562559604645,RL-sBOED,0.03143668174743652,41792,3.8292222023010254,,,,,,,,,,
654,0.1553906351327896,0.1553906351327896,RL-sBOED,0.03160238265991211,41856,3.843146800994873,,,,,,,,,,
655,0.16523438692092896,0.16523438692092896,RL-sBOED,0.03253436088562012,41920,3.8451647758483887,,,,,,,,,,
656,0.16207030415534973,0.16207030415534973,RL-sBOED,0.03237438201904297,41984,3.8434667587280273,,,,,,,,,,
657,0.15539062023162842,0.15539062023162842,RL-sBOED,0.03175044059753418,42048,3.856119394302368,,,,,,,,,,
658,0.15996092557907104,0.15996092557907104,RL-sBOED,0.033735036849975586,42112,3.826578140258789,,,,,,,,,,
659,0.15257813036441803,0.15257813036441803,RL-sBOED,0.03237557411193848,42176,3.8347010612487793,,,,,,,,,,
660,0.15855470299720764,0.15855470299720764,RL-sBOED,0.030136585235595703,42240,3.8319811820983887,,,,,,,,,,
661,0.15503907203674316,0.15503907203674316,RL-sBOED,0.030524253845214844,42304,3.8398373126983643,,,,,,,,,,
662,0.1487109363079071,0.1487109363079071,RL-sBOED,0.03175497055053711,42368,3.856997489929199,,,,,,,,,,
663,0.15785156190395355,0.15785156190395355,RL-sBOED,0.03261303901672363,42432,3.8809728622436523,,,,,,,,,,
664,0.14238281548023224,0.14238281548023224,RL-sBOED,0.030538558959960938,42496,3.8751118183135986,,,,,,,,,,
665,0.15539062023162842,0.15539062023162842,RL-sBOED,0.03158211708068848,42560,3.8826346397399902,,,,,,,,,,
666,0.15503907203674316,0.15503907203674316,RL-sBOED,0.032486915588378906,42624,3.904938220977783,,,,,,,,,,
667,0.15714843571186066,0.15714843571186066,RL-sBOED,0.03336381912231445,42688,3.9012606143951416,,,,,,,,,,
668,0.14906249940395355,0.14906249940395355,RL-sBOED,0.032508134841918945,42752,3.9116666316986084,,,,,,,,,,
669,0.16980469226837158,0.16980469226837158,RL-sBOED,0.0300140380859375,42816,3.9077677726745605,,,,,,,,,,
670,0.15046875178813934,0.15046875178813934,RL-sBOED,0.030029296875,42880,3.8977551460266113,,,,,,,,,,
671,0.15925781428813934,0.15925781428813934,RL-sBOED,0.0304412841796875,42944,3.884361505508423,,,,,,,,,,
672,0.15539062023162842,0.15539062023162842,RL-sBOED,0.03212404251098633,43008,3.880861759185791,,,,,,,,,,
673,0.15714843571186066,0.15714843571186066,RL-sBOED,0.03170609474182129,43072,3.859400510787964,,,,,,,,,,
674,0.14765626192092896,0.14765626192092896,RL-sBOED,0.03235268592834473,43136,3.8590540885925293,,,,,,,,,,
675,0.15503907203674316,0.15503907203674316,RL-sBOED,0.03002619743347168,43200,3.845541477203369,0.14994140625000002,0.14548828125,4,0.279768029941384,0.03125,0.1875,0,0.00791015625,1001.52048828125,0
676,0.16417968273162842,0.16417968273162842,RL-sBOED,0.030296802520751953,43264,3.8349947929382324,,,,,,,,,,
677,0.15117187798023224,0.15117187798023224,RL-sBOED,0.032624006271362305,43328,3.8173298835754395,,,,,,,,,,
678,0.1508203148841858,0.1508203148841858,RL-sBOED,0.03019547462463379,43392,3.7944459915161133,,,,,,,,,,
679,0.16664062440395355,0.16664062440395355,RL-sBOED,0.033179283142089844,43456,3.811657428741455,,,,,,,,,,
680,0.14976564049720764,0.14976564049720764,RL-sBOED,0.030155181884765625,43520,3.8203539848327637,,,,,,,,,,
681,0.15503907203674316,0.15503907203674316,RL-sBOED,0.040755271911621094,43584,3.8051681518554688,,,,,,,,,,
682,0.15539062023162842,0.15539062023162842,RL-sBOED,0.03879046440124512,43648,3.8369369506835938,,,,,,,,,,
683,0.15468749403953552,0.15468749403953552,RL-sBOED,0.03208422660827637,43712,3.839256763458252,,,,,,,,,,
684,0.14625000953674316,0.14625000953674316,RL-sBOED,0.03026580810546875,43776,3.844773054122925,,,,,,,,,,
685,0.15187501907348633,0.15187501907348633,RL-sBOED,0.03356361389160156,43840,3.8545114994049072,,,,,,,,,,
686,0.15574219822883606,0.15574219822883606,RL-sBOED,0.030704498291015625,43904,3.825417995452881,,,,,,,,,,
687,0.15503907203674316,0.15503907203674316,RL-sBOED,0.03401947021484375,43968,3.825169086456299,,,,,,,,,,
688,0.14167968928813934,0.14167968928813934,RL-sBOED,0.03050374984741211,44032,3.807969570159912,,,,,,,,,,
689,0.14449217915534973,0.14449217915534973,RL-sBOED,0.030121803283691406,44096,3.7878036499023438,,,,,,,,,,
690,0.15714843571186066,0.15714843571186066,RL-sBOED,0.033495426177978516,44160,3.795557975769043,,,,,,,,,,
691,0.14695313572883606,0.14695313572883606,RL-sBOED,0.030139923095703125,44224,3.8012609481811523,,,,,,,,,,
692,0.1515234410762787,0.1515234410762787,RL-sBOED,0.030097007751464844,44288,3.8115234375,,,,,,,,,,
693,0.1662890613079071,0.1662890613079071,RL-sBOED,0.03012824058532715,44352,3.826282024383545,,,,,,,,,,
694,0.14238281548023224,0.14238281548023224,RL-sBOED,0.030040979385375977,44416,3.838062286376953,,,,,,,,,,
695,0.14449219405651093,0.14449219405651093,RL-sBOED,0.030126094818115234,44480,3.823230504989624,,,,,,,,,,
696,0.15714845061302185,0.15714845061302185,RL-sBOED,0.03200697898864746,44544,3.847273111343384,,,,,,,,,,
697,0.16136719286441803,0.16136719286441803,RL-sBOED,0.030189037322998047,44608,3.861628532409668,,,,,,,,,,
698,0.1427343785762787,0.1427343785762787,RL-sBOED,0.030242919921875,44672,3.852356195449829,,,,,,,,,,
699,0.14519532024860382,0.14519532024860382,RL-sBOED,0.03034210205078125,44736,3.8385496139526367,,,,,,,,,,
700,0.15503907203674316,0.15503907203674316,RL-sBOED,0.030406475067138672,44800,3.841580867767334,0.15556640625,0.13236328125,4,0.7542982884161188,0.03125,0.140625,0,0.006503906250000001,1001.03861328125,0
701,0.15503907203674316,0.15503907203674316,RL-sBOED,0.030376911163330078,44864,3.8457064628601074,,,,,,,,,,
702,0.15046875178813934,0.15046875178813934,RL-sBOED,0.03061079978942871,44928,3.842566967010498,,,,,,,,,,
703,0.15468749403953552,0.15468749403953552,RL-sBOED,0.030408382415771484,44992,3.852262020111084,,,,,,,,,,
704,0.15539062023162842,0.15539062023162842,RL-sBOED,0.03193950653076172,45056,3.855988025665283,,,,,,,,,,
705,0.15714842081069946,0.15714842081069946,RL-sBOED,0.030581235885620117,45120,3.8623123168945312,,,,,,,,,,
706,0.16347655653953552,0.16347655653953552,RL-sBOED,0.030184030532836914,45184,3.8614635467529297,,,,,,,,,,
707,0.14976562559604645,0.14976562559604645,RL-sBOED,0.030268192291259766,45248,3.8583502769470215,,,,,,,,,,
708,0.15292969346046448,0.15292969346046448,RL-sBOED,0.0335392951965332,45312,3.8685519695281982,,,,,,,,,,
709,0.1560937613248825,0.1560937613248825,RL-sBOED,0.030487537384033203,45376,3.8487038612365723,,,,,,,,,,
710,0.1508203148841858,0.1508203148841858,RL-sBOED,0.03372907638549805,45440,3.8608312606811523,,,,,,,,,,
711,0.15257813036441803,0.15257813036441803,RL-sBOED,0.0301511287689209,45504,3.8631913661956787,,,,,,,,,,
712,0.14765626192092896,0.14765626192092896,RL-sBOED,0.03032970428466797,45568,3.842792510986328,,,,,,,,,,
713,0.15222656726837158,0.15222656726837158,RL-sBOED,0.0302276611328125,45632,3.817694664001465,,,,,,,,,,
714,0.16277343034744263,0.16277343034744263,RL-sBOED,0.0303342342376709,45696,3.806391954421997,,,,,,,,,,
715,0.15433593094348907,0.15433593094348907,RL-sBOED,0.030200719833374023,45760,3.8295092582702637,,,,,,,,,,
716,0.16101562976837158,0.16101562976837158,RL-sBOED,0.030156850814819336,45824,3.809885025024414,,,,,,,,,,
717,0.16382813453674316,0.16382813453674316,RL-sBOED,0.030231952667236328,45888,3.7958052158355713,,,,,,,,,,
718,0.14765626192092896,0.14765626192092896,RL-sBOED,0.03025507926940918,45952,3.809196949005127,,,,,,,,,,
719,0.1574999988079071,0.1574999988079071,RL-sBOED,0.030443668365478516,46016,3.803823709487915,,,,,,,,,,
720,0.1508203148841858,0.1508203148841858,RL-sBOED,0.030121803283691406,46080,3.786142349243164,,,,,,,,,,
721,0.15785156190395355,0.15785156190395355,RL-sBOED,0.03402400016784668,46144,3.8257346153259277,,,,,,,,,,
722,0.15714845061302185,0.15714845061302185,RL-sBOED,0.030065536499023438,46208,3.815325975418091,,,,,,,,,,
723,0.1603125035762787,0.1603125035762787,RL-sBOED,0.03008127212524414,46272,3.8081979751586914,,,,,,,,,,
724,0.15574218332767487,0.15574218332767487,RL-sBOED,0.0304718017578125,46336,3.7914576530456543,,,,,,,,,,
725,0.14695313572883606,0.14695313572883606,RL-sBOED,0.03344440460205078,46400,3.8270671367645264,0.15978515625,0.13384765625,13,1.7263762957559914,0.1015625,0.1484375,0,0.006152343750000001,1001.11822265625,0
726,0.14554688334465027,0.14554688334465027,RL-sBOED,0.03034234046936035,46464,3.84028959274292,,,,,,,,,,
727,0.15433594584465027,0.15433594584465027,RL-sBOED,0.032015085220336914,46528,3.859908103942871,,,,,,,,,,
728,0.14835938811302185,0.14835938811302185,RL-sBOED,0.0323786735534668,46592,3.8465585708618164,,,,,,,,,,
729,0.1560937613248825,0.1560937613248825,RL-sBOED,0.030083179473876953,46656,3.8088932037353516,,,,,,,,,,
730,0.15503907203674316,0.15503907203674316,RL-sBOED,0.03011465072631836,46720,3.802290678024292,,,,,,,,,,
731,0.16874998807907104,0.16874998807907104,RL-sBOED,0.030435562133789062,46784,3.8152382373809814,,,,,,,,,,
732,0.1515234410762787,0.1515234410762787,RL-sBOED,0.03375530242919922,46848,3.828516960144043,,,,,,,,,,
733,0.1596093773841858,0.1596093773841858,RL-sBOED,0.030542373657226562,46912,3.810945510864258,,,,,,,,,,
734,0.15328125655651093,0.15328125655651093,RL-sBOED,0.030347824096679688,46976,3.814870595932007,,,,,,,,,,
735,0.15046873688697815,0.15046873688697815,RL-sBOED,0.03363919258117676,47040,3.8394622802734375,,,,,,,,,,
736,0.16101562976837158,0.16101562976837158,RL-sBOED,0.03007793426513672,47104,3.798250198364258,,,,,,,,,,
737,0.15539062023162842,0.15539062023162842,RL-sBOED,0.03004741668701172,47168,3.780014991760254,,,,,,,,,,
738,0.1487109512090683,0.1487109512090683,RL-sBOED,0.03012537956237793,47232,3.7721383571624756,,,,,,,,,,
739,0.16382813453674316,0.16382813453674316,RL-sBOED,0.03005075454711914,47296,3.7873077392578125,,,,,,,,,,
740,0.15644532442092896,0.15644532442092896,RL-sBOED,0.03014540672302246,47360,3.7503159046173096,,,,,,,,,,
741,0.1589062511920929,0.1589062511920929,RL-sBOED,0.0323796272277832,47424,3.7754807472229004,,,,,,,,,,
742,0.1567968726158142,0.1567968726158142,RL-sBOED,0.03322458267211914,47488,3.7763607501983643,,,,,,,,,,
743,0.1676953136920929,0.1676953136920929,RL-sBOED,0.03069138526916504,47552,3.779053211212158,,,,,,,,,,
744,0.15398436784744263,0.15398436784744263,RL-sBOED,0.03210186958312988,47616,3.789696216583252,,,,,,,,,,
745,0.15996094048023224,0.15996094048023224,RL-sBOED,0.03174233436584473,47680,3.775041103363037,,,,,,,,,,
746,0.15714845061302185,0.15714845061302185,RL-sBOED,0.03252220153808594,47744,3.778764486312866,,,,,,,,,,
747,0.1691015660762787,0.1691015660762787,RL-sBOED,0.0301971435546875,47808,3.8115453720092773,,,,,,,,,,
748,0.14519530534744263,0.14519530534744263,RL-sBOED,0.02999424934387207,47872,3.797041416168213,,,,,,,,,,
749,0.15328124165534973,0.15328124165534973,RL-sBOED,0.0300750732421875,47936,3.780837059020996,,,,,,,,,,
750,0.15644532442092896,0.15644532442092896,RL-sBOED,0.030429840087890625,48000,3.811936616897583,0.15609375000000003,0.1432421875,10,1.7153148528337536,0.078125,0.15625,0,0.0073828125000000005,1001.2057421875,0
751,0.15328125655651093,0.15328125655651093,RL-sBOED,0.030277490615844727,48064,3.773653030395508,,,,,,,,,,
752,0.1515234410762787,0.1515234410762787,RL-sBOED,0.030257701873779297,48128,3.7917277812957764,,,,,,,,,,
753,0.14906251430511475,0.14906251430511475,RL-sBOED,0.030100107192993164,48192,3.7922797203063965,,,,,,,,,,
754,0.15433594584465027,0.15433594584465027,RL-sBOED,0.030112743377685547,48256,3.766953229904175,,,,,,,,,,
755,0.1560937464237213,0.1560937464237213,RL-sBOED,0.030073165893554688,48320,3.7403459548950195,,,,,,,,,,
756,0.15222656726837158,0.15222656726837158,RL-sBOED,0.033828020095825195,48384,3.7824485301971436,,,,,,,,,,
757,0.1567968726158142,0.1567968726158142,RL-sBOED,0.03006887435913086,48448,3.801266670227051,,,,,,,,,,
758,0.15925781428813934,0.15925781428813934,RL-sBOED,0.030123472213745117,48512,3.8217227458953857,,,,,,,,,,
759,0.15328124165534973,0.15328124165534973,RL-sBOED,0.0301210880279541,48576,3.839503288269043,,,,,,,,,,
760,0.14695313572883606,0.14695313572883606,RL-sBOED,0.030053138732910156,48640,3.8259105682373047,,,,,,,,,,
761,0.15187498927116394,0.15187498927116394,RL-sBOED,0.030291080474853516,48704,3.8061559200286865,,,,,,,,,,
762,0.14519530534744263,0.14519530534744263,RL-sBOED,0.030620336532592773,48768,3.876121997833252,,,,,,,,,,
763,0.15117187798023224,0.15117187798023224,RL-sBOED,0.030115127563476562,48832,3.849466323852539,,,,,,,,,,
764,0.1603125035762787,0.1603125035762787,RL-sBOED,0.0301663875579834,48896,3.855882167816162,,,,,,,,,,
765,0.16171875596046448,0.16171875596046448,RL-sBOED,0.03246259689331055,48960,3.814528465270996,,,,,,,,,,
766,0.15644532442092896,0.15644532442092896,RL-sBOED,0.030456066131591797,49024,3.830277442932129,,,,,,,,,,
767,0.15503905713558197,0.15503905713558197,RL-sBOED,0.030128002166748047,49088,3.8448848724365234,,,,,,,,,,
768,0.15996092557907104,0.15996092557907104,RL-sBOED,0.031239032745361328,49152,3.8314871788024902,,,,,,,,,,
769,0.15046875178813934,0.15046875178813934,RL-sBOED,0.030389070510864258,49216,3.8780999183654785,,,,,,,,,,
770,0.14695312082767487,0.14695312082767487,RL-sBOED,0.030104875564575195,49280,3.845829486846924,,,,,,,,,,
771,0.1648828089237213,0.1648828089237213,RL-sBOED,0.03192782402038574,49344,3.838710308074951,,,,,,,,,,
772,0.15785156190395355,0.15785156190395355,RL-sBOED,0.032378196716308594,49408,3.8435113430023193,,,,,,,,,,
773,0.1487109363079071,0.1487109363079071,RL-sBOED,0.030118942260742188,49472,3.8698301315307617,,,,,,,,,,
774,0.15539062023162842,0.15539062023162842,RL-sBOED,0.030413150787353516,49536,3.8610968589782715,,,,,,,,,,
775,0.15714845061302185,0.15714845061302185,RL-sBOED,0.03365516662597656,49600,3.8564682006835938,0.15802734375000002,0.13892578125,7,1.3090027543555391,0.0546875,0.1640625,0,0.0066796875,1001.27955078125,0
776,0.14238280057907104,0.14238280057907104,RL-sBOED,0.030352115631103516,49664,3.8609046936035156,,,,,,,,,,
777,0.15363281965255737,0.15363281965255737,RL-sBOED,0.03016066551208496,49728,3.8830273151397705,,,,,,,,,,
778,0.15222656726837158,0.15222656726837158,RL-sBOED,0.03050851821899414,49792,3.884704113006592,,,,,,,,,,
779,0.1487109512090683,0.1487109512090683,RL-sBOED,0.03243613243103027,49856,3.8947970867156982,,,,,,,,,,
780,0.15292969346046448,0.15292969346046448,RL-sBOED,0.03248429298400879,49920,3.8971340656280518,,,,,,,,,,
781,0.158203125,0.158203125,RL-sBOED,0.0324091911315918,49984,3.874439239501953,,,,,,,,,,
782,0.14097656309604645,0.14097656309604645,RL-sBOED,0.03320741653442383,50048,3.8637969493865967,,,,,,,,,,
783,0.13710936903953552,0.13710936903953552,RL-sBOED,0.030138254165649414,50112,3.8571343421936035,,,,,,,,,,
784,0.16593751311302185,0.16593751311302185,RL-sBOED,0.03016805648803711,50176,3.878054141998291,,,,,,,,,,
785,0.15644532442092896,0.15644532442092896,RL-sBOED,0.03052520751953125,50240,3.886695384979248,,,,,,,,,,
786,0.15468749403953552,0.15468749403953552,RL-sBOED,0.030222415924072266,50304,3.8591768741607666,,,,,,,,,,
787,0.15714845061302185,0.15714845061302185,RL-sBOED,0.03263521194458008,50368,3.893239974975586,,,,,,,,,,
788,0.15222656726837158,0.15222656726837158,RL-sBOED,0.03163409233093262,50432,3.8932840824127197,,,,,,,,,,
789,0.14765626192092896,0.14765626192092896,RL-sBOED,0.030129671096801758,50496,3.8805575370788574,,,,,,,,,,
790,0.15222656726837158,0.15222656726837158,RL-sBOED,0.03050827980041504,50560,3.890007972717285,,,,,,,,,,
791,0.15996094048023224,0.15996094048023224,RL-sBOED,0.030562639236450195,50624,3.886505603790283,,,,,,,,,,
792,0.15257811546325684,0.15257811546325684,RL-sBOED,0.03020930290222168,50688,3.9047110080718994,,,,,,,,,,
793,0.15222656726837158,0.15222656726837158,RL-sBOED,0.030185222625732422,50752,3.9114582538604736,,,,,,,,,,
794,0.1487109512090683,0.1487109512090683,RL-sBOED,0.030263185501098633,50816,3.9023072719573975,,,,,,,,,,
795,0.15328124165534973,0.15328124165534973,RL-sBOED,0.030357837677001953,50880,3.9044606685638428,,,,,,,,,,
796,0.1473046839237213,0.1473046839237213,RL-sBOED,0.030404329299926758,50944,3.8981668949127197,,,,,,,,,,
797,0.15503907203674316,0.15503907203674316,RL-sBOED,0.031815290451049805,51008,3.8965916633605957,,,,,,,,,,
798,0.16242188215255737,0.16242188215255737,RL-sBOED,0.032492637634277344,51072,3.909945011138916,,,,,,,,,,
799,0.15539062023162842,0.15539062023162842,RL-sBOED,0.030150651931762695,51136,3.9015636444091797,,,,,,,,,,
800,0.15292969346046448,0.15292969346046448,RL-sBOED,0.03162384033203125,51200,3.910069465637207,0.15046875,0.077265625,6,1.0694975314987691,0.046875,0.0625,0,0.00228515625,1000.202265625,0
801,0.1560937464237213,0.1560937464237213,RL-sBOED,0.03254127502441406,51264,3.91451096534729,,,,,,,,,,
802,0.14906249940395355,0.14906249940395355,RL-sBOED,0.03051590919494629,51328,3.9054484367370605,,,,,,,,,,
803,0.14695313572883606,0.14695313572883606,RL-sBOED,0.03221869468688965,51392,3.8963890075683594,,,,,,,,,,
804,0.15503907203674316,0.15503907203674316,RL-sBOED,0.03166055679321289,51456,3.8951165676116943,,,,,,,,,,
805,0.1487109363079071,0.1487109363079071,RL-sBOED,0.030558109283447266,51520,3.8987889289855957,,,,,,,,,,
806,0.15468750894069672,0.15468750894069672,RL-sBOED,0.030256271362304688,51584,3.8969521522521973,,,,,,,,,,
807,0.15574218332767487,0.15574218332767487,RL-sBOED,0.030267715454101562,51648,3.9035215377807617,,,,,,,,,,
808,0.15363281965255737,0.15363281965255737,RL-sBOED,0.030093908309936523,51712,3.8940954208374023,,,,,,,,,,
809,0.15925782918930054,0.15925782918930054,RL-sBOED,0.03014206886291504,51776,3.8885865211486816,,,,,,,,,,
810,0.15187500417232513,0.15187500417232513,RL-sBOED,0.033599138259887695,51840,3.888497829437256,,,,,,,,,,
811,0.14589844644069672,0.14589844644069672,RL-sBOED,0.030115604400634766,51904,3.900097370147705,,,,,,,,,,
812,0.16312500834465027,0.16312500834465027,RL-sBOED,0.030135154724121094,51968,3.894651174545288,,,,,,,,,,
813,0.1494140625,0.1494140625,RL-sBOED,0.030028343200683594,52032,3.888535261154175,,,,,,,,,,
814,0.1589062511920929,0.1589062511920929,RL-sBOED,0.030453920364379883,52096,3.8753044605255127,,,,,,,,,,
815,0.15433594584465027,0.15433594584465027,RL-sBOED,0.030237197875976562,52160,3.8749234676361084,,,,,,,,,,
816,0.1560937464237213,0.1560937464237213,RL-sBOED,0.030119657516479492,52224,3.8693153858184814,,,,,,,,,,
817,0.15468749403953552,0.15468749403953552,RL-sBOED,0.030481815338134766,52288,3.876863479614258,,,,,,,,,,
818,0.1574999988079071,0.1574999988079071,RL-sBOED,0.03019881248474121,52352,3.8537850379943848,,,,,,,,,,
819,0.15257813036441803,0.15257813036441803,RL-sBOED,0.03220486640930176,52416,3.846773624420166,,,,,,,,,,
820,0.16136719286441803,0.16136719286441803,RL-sBOED,0.032576799392700195,52480,3.825079917907715,,,,,,,,,,
821,0.16417968273162842,0.16417968273162842,RL-sBOED,0.030057191848754883,52544,3.8294222354888916,,,,,,,,,,
822,0.15925781428813934,0.15925781428813934,RL-sBOED,0.03005218505859375,52608,3.8339810371398926,,,,,,,,,,
823,0.158203125,0.158203125,RL-sBOED,0.0305938720703125,52672,3.8225526809692383,,,,,,,,,,
824,0.15187498927116394,0.15187498927116394,RL-sBOED,0.03023672103881836,52736,3.8260347843170166,,,,,,,,,,
825,0.15117187798023224,0.15117187798023224,RL-sBOED,0.03008413314819336,52800,3.807832956314087,0.14589843749999998,0.15453125,2,0.34520662539160074,0.015625,0.1953125,0,0.009140625,1001.60765625,0
826,0.15574218332767487,0.15574218332767487,RL-sBOED,0.030332565307617188,52864,3.7962324619293213,,,,,,,,,,
827,0.15996094048023224,0.15996094048023224,RL-sBOED,0.030376434326171875,52928,3.7888360023498535,,,,,,,,,,
828,0.15539062023162842,0.15539062023162842,RL-sBOED,0.030147314071655273,52992,3.8234312534332275,,,,,,,,,,
829,0.1494140625,0.1494140625,RL-sBOED,0.03024458885192871,53056,3.826077938079834,,,,,,,,,,
830,0.16875000298023224,0.16875000298023224,RL-sBOED,0.030190706253051758,53120,3.8450875282287598,,,,,,,,,,
831,0.14976562559604645,0.14976562559604645,RL-sBOED,0.03001856803894043,53184,3.85614275932312,,,,,,,,,,
832,0.15257813036441803,0.15257813036441803,RL-sBOED,0.030097246170043945,53248,3.866529941558838,,,,,,,,,,
833,0.15363281965255737,0.15363281965255737,RL-sBOED,0.030149459838867188,53312,3.883605480194092,,,,,,,,,,
834,0.15574219822883606,0.15574219822883606,RL-sBOED,0.03020644187927246,53376,3.891368865966797,,,,,,,,,,
835,0.1596093773841858,0.1596093773841858,RL-sBOED,0.030225276947021484,53440,3.89082932472229,,,,,,,,,,
836,0.16347657144069672,0.16347657144069672,RL-sBOED,0.03041982650756836,53504,3.899689197540283,,,,,,,,,,
837,0.1567968726158142,0.1567968726158142,RL-sBOED,0.030009031295776367,53568,3.8978748321533203,,,,,,,,,,
838,0.1596093773841858,0.1596093773841858,RL-sBOED,0.030217409133911133,53632,3.8906497955322266,,,,,,,,,,
839,0.15996095538139343,0.15996095538139343,RL-sBOED,0.030011892318725586,53696,3.8896946907043457,,,,,,,,,,
840,0.1560937464237213,0.1560937464237213,RL-sBOED,0.03061509132385254,53760,3.8841590881347656,,,,,,,,,,
841,0.1480078250169754,0.1480078250169754,RL-sBOED,0.03260540962219238,53824,3.878075122833252,,,,,,,,,,
842,0.15222656726837158,0.15222656726837158,RL-sBOED,0.03159832954406738,53888,3.8794679641723633,,,,,,,,,,
843,0.15714845061302185,0.15714845061302185,RL-sBOED,0.030182600021362305,53952,3.857940196990967,,,,,,,,,,
844,0.1487109363079071,0.1487109363079071,RL-sBOED,0.030392169952392578,54016,3.837421178817749,,,,,,,,,,
845,0.15117187798023224,0.15117187798023224,RL-sBOED,0.030133962631225586,54080,3.8418288230895996,,,,,,,,,,
846,0.1560937613248825,0.1560937613248825,RL-sBOED,0.030583858489990234,54144,3.8317151069641113,,,,,,,,,,
847,0.15046876668930054,0.15046876668930054,RL-sBOED,0.030190229415893555,54208,3.8256940841674805,,,,,,,,,,
848,0.1480078250169754,0.1480078250169754,RL-sBOED,0.03188967704772949,54272,3.8100852966308594,,,,,,,,,,
849,0.1473046839237213,0.1473046839237213,RL-sBOED,0.0324559211730957,54336,3.823235273361206,,,,,,,,,,
850,0.15433594584465027,0.15433594584465027,RL-sBOED,0.030034780502319336,54400,3.8262367248535156,0.14431640625000003,0.09357421875,3,0.7014981865940436,0.0234375,0.09375,0,0.00421875,1000.53107421875,0
851,0.1691015660762787,0.1691015660762787,RL-sBOED,0.030523300170898438,54464,3.8591761589050293,,,,,,,,,,
852,0.1515234410762787,0.1515234410762787,RL-sBOED,0.03013467788696289,54528,3.8399910926818848,,,,,,,,,,
853,0.15328124165534973,0.15328124165534973,RL-sBOED,0.03214240074157715,54592,3.8703205585479736,,,,,,,,,,
854,0.15222656726837158,0.15222656726837158,RL-sBOED,0.03255438804626465,54656,3.859449863433838,,,,,,,,,,
855,0.15785156190395355,0.15785156190395355,RL-sBOED,0.030755043029785156,54720,3.867020845413208,,,,,,,,,,
856,0.16136717796325684,0.16136717796325684,RL-sBOED,0.0325624942779541,54784,3.860996723175049,,,,,,,,,,
857,0.15363281965255737,0.15363281965255737,RL-sBOED,0.030318737030029297,54848,3.879725456237793,,,,,,,,,,
858,0.1574999988079071,0.1574999988079071,RL-sBOED,0.02984762191772461,54912,3.882075071334839,,,,,,,,,,
859,0.15222656726837158,0.15222656726837158,RL-sBOED,0.03366804122924805,54976,3.8656907081604004,,,,,,,,,,
860,0.1494140625,0.1494140625,RL-sBOED,0.03013300895690918,55040,3.864394187927246,,,,,,,,,,
861,0.14554688334465027,0.14554688334465027,RL-sBOED,0.030077695846557617,55104,3.873995065689087,,,,,,,,,,
862,0.15855468809604645,0.15855468809604645,RL-sBOED,0.030167341232299805,55168,3.86171293258667,,,,,,,,,,
863,0.15574219822883606,0.15574219822883606,RL-sBOED,0.03044581413269043,55232,3.8615570068359375,,,,,,,,,,
864,0.16136717796325684,0.16136717796325684,RL-sBOED,0.030054330825805664,55296,3.8707728385925293,,,,,,,,,,
865,0.14835938811302185,0.14835938811302185,RL-sBOED,0.033757925033569336,55360,3.862070322036743,,,,,,,,,,
866,0.15222656726837158,0.15222656726837158,RL-sBOED,0.03046393394470215,55424,3.8777856826782227,,,,,,,,,,
867,0.15785156190395355,0.15785156190395355,RL-sBOED,0.03010082244873047,55488,3.856322765350342,,,,,,,,,,
868,0.14378905296325684,0.14378905296325684,RL-sBOED,0.030148983001708984,55552,3.8385112285614014,,,,,,,,,,
869,0.15292969346046448,0.15292969346046448,RL-sBOED,0.03366994857788086,55616,3.8480587005615234,,,,,,,,,,
870,0.1560937464237213,0.1560937464237213,RL-sBOED,0.030150890350341797,55680,3.868846893310547,,,,,,,,,,
871,0.15292969346046448,0.15292969346046448,RL-sBOED,0.030092477798461914,55744,3.886190891265869,,,,,,,,,,
872,0.15539062023162842,0.15539062023162842,RL-sBOED,0.030516386032104492,55808,3.8826675415039062,,,,,,,,,,
873,0.1508203148841858,0.1508203148841858,RL-sBOED,0.030217885971069336,55872,3.876258373260498,,,,,,,,,,
874,0.158203125,0.158203125,RL-sBOED,0.03371882438659668,55936,3.8639864921569824,,,,,,,,,,
875,0.1515234410762787,0.1515234410762787,RL-sBOED,0.030363798141479492,56000,3.87060546875,0.15556640625,0.14955078125,3,0.41989969934321486,0.0234375,0.171875,0,0.007910156250000001,1001.36830078125,0
876,0.1603125035762787,0.1603125035762787,RL-sBOED,0.03450822830200195,56064,3.881941795349121,,,,,,,,,,
877,0.15855468809604645,0.15855468809604645,RL-sBOED,0.03396487236022949,56128,3.8754830360412598,,,,,,,,,,
878,0.15574218332767487,0.15574218332767487,RL-sBOED,0.03613924980163574,56192,3.8783271312713623,,,,,,,,,,
879,0.1494140625,0.1494140625,RL-sBOED,0.034876108169555664,56256,3.8747103214263916,,,,,,,,,,
880,0.1494140625,0.1494140625,RL-sBOED,0.04022645950317383,56320,3.8949828147888184,,,,,,,,,,
881,0.15468749403953552,0.15468749403953552,RL-sBOED,0.037690162658691406,56384,3.8734354972839355,,,,,,,,,,
882,0.15785157680511475,0.15785157680511475,RL-sBOED,0.0450592041015625,56448,3.872889518737793,,,,,,,,,,
883,0.16171875596046448,0.16171875596046448,RL-sBOED,0.0366206169128418,56512,3.8790905475616455,,,,,,,,,,
884,0.15292969346046448,0.15292969346046448,RL-sBOED,0.04012608528137207,56576,3.868504047393799,,,,,,,,,,
885,0.1589062511920929,0.1589062511920929,RL-sBOED,0.03556632995605469,56640,3.864192008972168,,,,,,,,,,
886,0.15363281965255737,0.15363281965255737,RL-sBOED,0.03331327438354492,56704,3.890064001083374,,,,,,,,,,
887,0.15574219822883606,0.15574219822883606,RL-sBOED,0.03670191764831543,56768,3.8890268802642822,,,,,,,,,,
888,0.16066405177116394,0.16066405177116394,RL-sBOED,0.033876895904541016,56832,3.88047456741333,,,,,,,,,,
889,0.15257813036441803,0.15257813036441803,RL-sBOED,0.036485910415649414,56896,3.886746883392334,,,,,,,,,,
890,0.15433594584465027,0.15433594584465027,RL-sBOED,0.039457082748413086,56960,3.8763389587402344,,,,,,,,,,
891,0.15503907203674316,0.15503907203674316,RL-sBOED,0.04286551475524902,57024,3.8857131004333496,,,,,,,,,,
892,0.17156249284744263,0.17156249284744263,RL-sBOED,0.04497885704040527,57088,3.873802900314331,,,,,,,,,,
893,0.16242186725139618,0.16242186725139618,RL-sBOED,0.03626108169555664,57152,3.881746292114258,,,,,,,,,,
894,0.16066405177116394,0.16066405177116394,RL-sBOED,0.03588128089904785,57216,3.8849358558654785,,,,,,,,,,
895,0.1473046988248825,0.1473046988248825,RL-sBOED,0.0362248420715332,57280,3.873879909515381,,,,,,,,,,
896,0.15433594584465027,0.15433594584465027,RL-sBOED,0.033902883529663086,57344,3.8839831352233887,,,,,,,,,,
897,0.1501171886920929,0.1501171886920929,RL-sBOED,0.03257489204406738,57408,3.8698506355285645,,,,,,,,,,
898,0.16277343034744263,0.16277343034744263,RL-sBOED,0.03680777549743652,57472,3.842475414276123,,,,,,,,,,
899,0.15187501907348633,0.15187501907348633,RL-sBOED,0.03628945350646973,57536,3.8577284812927246,,,,,,,,,,
900,0.16066406667232513,0.16066406667232513,RL-sBOED,0.03675389289855957,57600,3.8475732803344727,0.14466796875000001,0.049199218749999996,3,0.3721057551409006,0.0234375,0.015625,1,0.0005273437500000001,0.049199218749999996,0
901,0.15117187798023224,0.15117187798023224,RL-sBOED,0.035657405853271484,57664,3.8408923149108887,,,,,,,,,,
902,0.1560937464237213,0.1560937464237213,RL-sBOED,0.03200578689575195,57728,3.8648993968963623,,,,,,,,,,
903,0.1494140625,0.1494140625,RL-sBOED,0.031821489334106445,57792,3.8504958152770996,,,,,,,,,,
904,0.1508203148841858,0.1508203148841858,RL-sBOED,0.03184056282043457,57856,3.845989227294922,,,,,,,,,,
905,0.15222656726837158,0.15222656726837158,RL-sBOED,0.035076141357421875,57920,3.863006830215454,,,,,,,,,,
906,0.15855470299720764,0.15855470299720764,RL-sBOED,0.038863182067871094,57984,3.8790342807769775,,,,,,,,,,
907,0.14835937321186066,0.14835937321186066,RL-sBOED,0.036344289779663086,58048,3.8447060585021973,,,,,,,,,,
908,0.1567968726158142,0.1567968726158142,RL-sBOED,0.035826921463012695,58112,3.8427271842956543,,,,,,,,,,
909,0.14906251430511475,0.14906251430511475,RL-sBOED,0.03401327133178711,58176,3.83919095993042,,,,,,,,,,
910,0.1560937464237213,0.1560937464237213,RL-sBOED,0.039400577545166016,58240,3.8407773971557617,,,,,,,,,,
911,0.1574999988079071,0.1574999988079071,RL-sBOED,0.037093162536621094,58304,3.8571786880493164,,,,,,,,,,
912,0.16453126072883606,0.16453126072883606,RL-sBOED,0.03708195686340332,58368,3.8536107540130615,,,,,,,,,,
913,0.14835937321186066,0.14835937321186066,RL-sBOED,0.035333871841430664,58432,3.87306547164917,,,,,,,,,,
914,0.16277343034744263,0.16277343034744263,RL-sBOED,0.04882979393005371,58496,3.8752689361572266,,,,,,,,,,
915,0.16382811963558197,0.16382811963558197,RL-sBOED,0.045679569244384766,58560,3.8792080879211426,,,,,,,,,,
916,0.15996094048023224,0.15996094048023224,RL-sBOED,0.03522515296936035,58624,3.8811802864074707,,,,,,,,,,
917,0.15292967855930328,0.15292967855930328,RL-sBOED,0.03341507911682129,58688,3.894967555999756,,,,,,,,,,
918,0.14625000953674316,0.14625000953674316,RL-sBOED,0.03444528579711914,58752,3.8798069953918457,,,,,,,,,,
919,0.15925781428813934,0.15925781428813934,RL-sBOED,0.03580307960510254,58816,3.9103424549102783,,,,,,,,,,
920,0.14554686844348907,0.14554686844348907,RL-sBOED,0.03811192512512207,58880,3.9055261611938477,,,,,,,,,,
921,0.15574219822883606,0.15574219822883606,RL-sBOED,0.03916788101196289,58944,3.8794021606445312,,,,,,,,,,
922,0.1596093773841858,0.1596093773841858,RL-sBOED,0.05051302909851074,59008,3.9067399501800537,,,,,,,,,,
923,0.15785157680511475,0.15785157680511475,RL-sBOED,0.0327451229095459,59072,3.9122087955474854,,,,,,,,,,
924,0.16101562976837158,0.16101562976837158,RL-sBOED,0.03610801696777344,59136,3.915356397628784,,,,,,,,,,
925,0.15433594584465027,0.15433594584465027,RL-sBOED,0.033039093017578125,59200,3.9096453189849854,0.14484375,0.049374999999999995,5,0.7878088570800333,0.0390625,0.015625,1,0.0005273437500000001,0.049374999999999995,0
926,0.15328124165534973,0.15328124165534973,RL-sBOED,0.03276991844177246,59264,3.8955845832824707,,,,,,,,,,
927,0.15117187798023224,0.15117187798023224,RL-sBOED,0.033899784088134766,59328,3.886915683746338,,,,,,,,,,
928,0.16171875596046448,0.16171875596046448,RL-sBOED,0.04870724678039551,59392,3.875009059906006,,,,,,,,,,
929,0.15292969346046448,0.15292969346046448,RL-sBOED,0.05748319625854492,59456,3.8578619956970215,,,,,,,,,,
930,0.15292969346046448,0.15292969346046448,RL-sBOED,0.035745859146118164,59520,3.8136026859283447,,,,,,,,,,
931,0.1596093773841858,0.1596093773841858,RL-sBOED,0.045774221420288086,59584,3.8302865028381348,,,,,,,,,,
932,0.16277344524860382,0.16277344524860382,RL-sBOED,0.033686161041259766,59648,3.808894634246826,,,,,,,,,,
933,0.1603125035762787,0.1603125035762787,RL-sBOED,0.035919904708862305,59712,3.8347628116607666,,,,,,,,,,
934,0.1560937464237213,0.1560937464237213,RL-sBOED,0.03430342674255371,59776,3.816218852996826,,,,,,,,,,
935,0.14519532024860382,0.14519532024860382,RL-sBOED,0.03583097457885742,59840,3.8209969997406006,,,,,,,,,,
936,0.14660155773162842,0.14660155773162842,RL-sBOED,0.03867983818054199,59904,3.8387250900268555,,,,,,,,,,
937,0.15925781428813934,0.15925781428813934,RL-sBOED,0.03520965576171875,59968,3.860306739807129,,,,,,,,,,
938,0.14449217915534973,0.14449217915534973,RL-sBOED,0.03570842742919922,60032,3.8730621337890625,,,,,,,,,,
939,0.14976564049720764,0.14976564049720764,RL-sBOED,0.03406071662902832,60096,3.874117374420166,,,,,,,,,,
940,0.1553906351327896,0.1553906351327896,RL-sBOED,0.031934261322021484,60160,3.861832857131958,,,,,,,,,,
941,0.15925781428813934,0.15925781428813934,RL-sBOED,0.0345156192779541,60224,3.889437198638916,,,,,,,,,,
942,0.1596093773841858,0.1596093773841858,RL-sBOED,0.03350830078125,60288,3.8894262313842773,,,,,,,,,,
943,0.1567968726158142,0.1567968726158142,RL-sBOED,0.03771042823791504,60352,3.892073392868042,,,,,,,,,,
944,0.16207031905651093,0.16207031905651093,RL-sBOED,0.04300045967102051,60416,3.890162944793701,,,,,,,,,,
945,0.1420312523841858,0.1420312523841858,RL-sBOED,0.03616976737976074,60480,3.8807668685913086,,,,,,,,,,
946,0.14378905296325684,0.14378905296325684,RL-sBOED,0.049009084701538086,60544,3.894318103790283,,,,,,,,,,
947,0.15539062023162842,0.15539062023162842,RL-sBOED,0.03368806838989258,60608,3.8925533294677734,,,,,,,,,,
948,0.1596093773841858,0.1596093773841858,RL-sBOED,0.03511667251586914,60672,3.893531322479248,,,,,,,,,,
949,0.15714843571186066,0.15714843571186066,RL-sBOED,0.034974098205566406,60736,3.8992526531219482,,,,,,,,,,
950,0.1487109363079071,0.1487109363079071,RL-sBOED,0.0390927791595459,60800,3.8923397064208984,0.14326171875000002,0.11498046875,2,0.6911927820032008,0.015625,0.125,0,0.006152343750000001,1000.86498046875,0
951,0.15468750894069672,0.15468750894069672,RL-sBOED,0.033720970153808594,60864,3.892333507537842,,,,,,,,,,
952,0.15117187798023224,0.15117187798023224,RL-sBOED,0.03769683837890625,60928,3.8971667289733887,,,,,,,,,,
953,0.15363281965255737,0.15363281965255737,RL-sBOED,0.03417682647705078,60992,3.87748384475708,,,,,,,,,,
954,0.15539062023162842,0.15539062023162842,RL-sBOED,0.0348660945892334,61056,3.854987144470215,,,,,,,,,,
955,0.1610156148672104,0.1610156148672104,RL-sBOED,0.032994747161865234,61120,3.840223789215088,,,,,,,,,,
956,0.1480078101158142,0.1480078101158142,RL-sBOED,0.03583240509033203,61184,3.8329105377197266,,,,,,,,,,
957,0.1515234410762787,0.1515234410762787,RL-sBOED,0.03524899482727051,61248,3.8429548740386963,,,,,,,,,,
958,0.15925781428813934,0.15925781428813934,RL-sBOED,0.032950401306152344,61312,3.8759894371032715,,,,,,,,,,
959,0.14554688334465027,0.14554688334465027,RL-sBOED,0.03665328025817871,61376,3.8140015602111816,,,,,,,,,,
960,0.15855468809604645,0.15855468809604645,RL-sBOED,0.03506326675415039,61440,3.8263282775878906,,,,,,,,,,
961,0.15468750894069672,0.15468750894069672,RL-sBOED,0.036576271057128906,61504,3.854734420776367,,,,,,,,,,
962,0.14835938811302185,0.14835938811302185,RL-sBOED,0.05954384803771973,61568,3.810554027557373,,,,,,,,,,
963,0.1589062511920929,0.1589062511920929,RL-sBOED,0.03509402275085449,61632,3.8311285972595215,,,,,,,,,,
964,0.15714845061302185,0.15714845061302185,RL-sBOED,0.03824281692504883,61696,3.819075107574463,,,,,,,,,,
965,0.14378905296325684,0.14378905296325684,RL-sBOED,0.03301095962524414,61760,3.820678472518921,,,,,,,,,,
966,0.16382811963558197,0.16382811963558197,RL-sBOED,0.03466796875,61824,3.860957622528076,,,,,,,,,,
967,0.14906251430511475,0.14906251430511475,RL-sBOED,0.0387270450592041,61888,3.8078114986419678,,,,,,,,,,
968,0.15187498927116394,0.15187498927116394,RL-sBOED,0.035158634185791016,61952,3.8193585872650146,,,,,,,,,,
969,0.15574218332767487,0.15574218332767487,RL-sBOED,0.03680896759033203,62016,3.7993781566619873,,,,,,,,,,
970,0.15046875178813934,0.15046875178813934,RL-sBOED,0.03320717811584473,62080,3.835942268371582,,,,,,,,,,
971,0.15574218332767487,0.15574218332767487,RL-sBOED,0.04638504981994629,62144,3.8243260383605957,,,,,,,,,,
972,0.14519530534744263,0.14519530534744263,RL-sBOED,0.04047989845275879,62208,3.8356823921203613,,,,,,,,,,
973,0.1487109363079071,0.1487109363079071,RL-sBOED,0.03756117820739746,62272,3.859504222869873,,,,,,,,,,
974,0.15433594584465027,0.15433594584465027,RL-sBOED,0.034276723861694336,62336,3.858172655105591,,,,,,,,,,
975,0.1603125035762787,0.1603125035762787,RL-sBOED,0.05585455894470215,62400,3.8050007820129395,0.1437890625,0.045781249999999996,6,1.251483767035883,0.046875,0.0078125,1,0.0003515625,0.045781249999999996,0
976,0.15644532442092896,0.15644532442092896,RL-sBOED,0.030460119247436523,62464,3.83247709274292,,,,,,,,,,
977,0.1662890613079071,0.1662890613079071,RL-sBOED,0.03159379959106445,62528,3.8437464237213135,,,,,,,,,,
978,0.15855468809604645,0.15855468809604645,RL-sBOED,0.03246164321899414,62592,3.8484857082366943,,,,,,,,,,
979,0.15292969346046448,0.15292969346046448,RL-sBOED,0.030097007751464844,62656,3.8282792568206787,,,,,,,,,,
980,0.15046875178813934,0.15046875178813934,RL-sBOED,0.030103445053100586,62720,3.8610024452209473,,,,,,,,,,
981,0.15925782918930054,0.15925782918930054,RL-sBOED,0.03188347816467285,62784,3.8122706413269043,,,,,,,,,,
982,0.1501171886920929,0.1501171886920929,RL-sBOED,0.03252077102661133,62848,3.834285259246826,,,,,,,,,,
983,0.14343750476837158,0.14343750476837158,RL-sBOED,0.030071735382080078,62912,3.850432872772217,,,,,,,,,,
984,0.14097657799720764,0.14097657799720764,RL-sBOED,0.032067060470581055,62976,3.8346805572509766,,,,,,,,,,
985,0.13886719942092896,0.13886719942092896,RL-sBOED,0.030326128005981445,63040,3.8516087532043457,,,,,,,,,,
986,0.1655859351158142,0.1655859351158142,RL-sBOED,0.030131816864013672,63104,3.861203193664551,,,,,,,,,,
987,0.15187501907348633,0.15187501907348633,RL-sBOED,0.030121326446533203,63168,3.8635921478271484,,,,,,,,,,
988,0.1596093773841858,0.1596093773841858,RL-sBOED,0.030243396759033203,63232,3.858811378479004,,,,,,,,,,
989,0.1589062511920929,0.1589062511920929,RL-sBOED,0.030254602432250977,63296,3.8334364891052246,,,,,,,,,,
990,0.15785156190395355,0.15785156190395355,RL-sBOED,0.03016805648803711,63360,3.8385305404663086,,,,,,,,,,
991,0.1501171886920929,0.1501171886920929,RL-sBOED,0.030107736587524414,63424,3.8154184818267822,,,,,,,,,,
992,0.158203125,0.158203125,RL-sBOED,0.03154110908508301,63488,3.800564765930176,,,,,,,,,,
993,0.15433594584465027,0.15433594584465027,RL-sBOED,0.03253483772277832,63552,3.7817697525024414,,,,,,,,,,
994,0.15328124165534973,0.15328124165534973,RL-sBOED,0.0301210880279541,63616,3.8096323013305664,,,,,,,,,,
995,0.13957031071186066,0.13957031071186066,RL-sBOED,0.030078411102294922,63680,3.797027111053467,,,,,,,,,,
996,0.1487109363079071,0.1487109363079071,RL-sBOED,0.03206133842468262,63744,3.768373489379883,,,,,,,,,,
997,0.14906251430511475,0.14906251430511475,RL-sBOED,0.03234291076660156,63808,3.8020896911621094,,,,,,,,,,
998,0.15292969346046448,0.15292969346046448,RL-sBOED,0.0300445556640625,63872,3.7714695930480957,,,,,,,,,,
999,0.1596093773841858,0.1596093773841858,RL-sBOED,0.03012537956237793,63936,3.783729076385498,,,,,,,,,,
1000,0.15503907203674316,0.15503907203674316,RL-sBOED,0.030049800872802734,64000,3.7477219104766846,0.15064453125,0.09833984374999999,4,0.7976604368922801,0.03125,0.078125,0,0.00421875,1000.37958984375,0
