update,mean_train_u_ctrl,mean_train_control_cost,method,update_seconds,trajectories_sampled,policy_entropy,router_entropy,expert_redundancy,max_expert_usage,expert_residual_scale,validation_mean_u_ctrl,validation_mean_mocu,validation_n_unique_sequences,validation_sequence_entropy,validation_unique_frac,validation_under_control_rate,validation_valid,validation_mean_shortfall,validation_checkpoint_score,validation_meets_unique_floor,moe_adaptivity_constraint
1,0.2189062535762787,0.2189062535762787,MoE-sBOED,0.2990388870239258,64,3.3648343086242676,1.3850616216659546,0.12497328221797943,0.2659462094306946,0.11925330758094788,,,,,,,,,,,
2,0.24515625834465027,0.24515625834465027,MoE-sBOED,0.05765700340270996,128,3.3639190196990967,1.3855876922607422,0.08471107482910156,0.2611188292503357,0.11936459690332413,,,,,,,,,,,
3,0.21843749284744263,0.21843749284744263,MoE-sBOED,0.05383944511413574,192,3.3624582290649414,1.3860372304916382,0.01866280660033226,0.2535082697868347,0.1194743812084198,,,,,,,,,,,
4,0.22218748927116394,0.22218748927116394,MoE-sBOED,0.06369638442993164,256,3.360630989074707,1.38605535030365,0.011213858611881733,0.25217604637145996,0.11958453059196472,,,,,,,,,,,
5,0.2329687476158142,0.2329687476158142,MoE-sBOED,0.06065487861633301,320,3.3573577404022217,1.385924220085144,0.004609118215739727,0.2554374933242798,0.11968176811933517,,,,,,,,,,,
6,0.23531249165534973,0.23531249165534973,MoE-sBOED,0.07583880424499512,384,3.3522238731384277,1.3860658407211304,0.002345052780583501,0.25576362013816833,0.11978430300951004,,,,,,,,,,,
7,0.21000000834465027,0.21000000834465027,MoE-sBOED,0.0734562873840332,448,3.3440628051757812,1.3861645460128784,0.003567201318219304,0.25251537561416626,0.11991114914417267,,,,,,,,,,,
8,0.22499999403953552,0.22499999403953552,MoE-sBOED,0.08947324752807617,512,3.3293120861053467,1.386039137840271,0.002141835866495967,0.25484973192214966,0.12005538493394852,,,,,,,,,,,
9,0.19921875,0.19921875,MoE-sBOED,0.0659632682800293,576,3.3052420616149902,1.3861796855926514,0.00168319430667907,0.25198954343795776,0.12020827829837799,,,,,,,,,,,
10,0.21703125536441803,0.21703125536441803,MoE-sBOED,0.0823371410369873,640,3.2658791542053223,1.3860805034637451,0.0020130984485149384,0.25410062074661255,0.12037217617034912,,,,,,,,,,,
11,0.20765624940395355,0.20765624940395355,MoE-sBOED,0.052332162857055664,704,3.186936140060425,1.3858708143234253,0.005990017205476761,0.2605707049369812,0.12054809182882309,,,,,,,,,,,
12,0.19499999284744263,0.19499999284744263,MoE-sBOED,0.07649540901184082,768,3.069044589996338,1.3852312564849854,0.0071008154191076756,0.2678355276584625,0.12073683738708496,,,,,,,,,,,
13,0.20343750715255737,0.20343750715255737,MoE-sBOED,0.05763649940490723,832,2.910766124725342,1.3860620260238647,0.004036853555589914,0.2544197738170624,0.12091664969921112,,,,,,,,,,,
14,0.20765626430511475,0.20765626430511475,MoE-sBOED,0.05234527587890625,896,2.7651937007904053,1.386064052581787,0.0024376932997256517,0.25407928228378296,0.12107577174901962,,,,,,,,,,,
15,0.21515624225139618,0.21515624225139618,MoE-sBOED,0.04996848106384277,960,2.655129909515381,1.3850687742233276,0.0016619210364297032,0.2694540023803711,0.121239073574543,,,,,,,,,,,
16,0.20765624940395355,0.20765624940395355,MoE-sBOED,0.0498194694519043,1024,2.5879619121551514,1.3855241537094116,0.000952373375184834,0.2649388909339905,0.1213432177901268,,,,,,,,,,,
17,0.18656250834465027,0.18656250834465027,MoE-sBOED,0.04985833168029785,1088,2.618931293487549,1.3844726085662842,0.0006134426221251488,0.27096208930015564,0.12138694524765015,,,,,,,,,,,
18,0.19453126192092896,0.19453126192092896,MoE-sBOED,0.049997806549072266,1152,2.6435649394989014,1.3858695030212402,0.0012387201422825456,0.2599649727344513,0.1214597076177597,,,,,,,,,,,
19,0.18328127264976501,0.18328127264976501,MoE-sBOED,0.050280094146728516,1216,2.6873340606689453,1.3859928846359253,0.0028435091953724623,0.2549360692501068,0.12154336273670197,,,,,,,,,,,
20,0.18656250834465027,0.18656250834465027,MoE-sBOED,0.060350656509399414,1280,2.6576900482177734,1.3861082792282104,0.0030907178297638893,0.25361475348472595,0.12166430801153183,,,,,,,,,,,
21,0.20015627145767212,0.20015627145767212,MoE-sBOED,0.0537409782409668,1344,2.492959499359131,1.3855637311935425,0.002488155383616686,0.2610706388950348,0.12180453538894653,,,,,,,,,,,
22,0.20015625655651093,0.20015625655651093,MoE-sBOED,0.050356149673461914,1408,2.3392581939697266,1.3844470977783203,0.0021741995587944984,0.2752137780189514,0.12179748713970184,,,,,,,,,,,
23,0.1860937476158142,0.1860937476158142,MoE-sBOED,0.050424814224243164,1472,2.245457649230957,1.382768988609314,0.0033017934765666723,0.2771588861942291,0.12174096703529358,,,,,,,,,,,
24,0.19593751430511475,0.19593751430511475,MoE-sBOED,0.048163652420043945,1536,2.110396385192871,1.382871389389038,0.002873434918001294,0.27679118514060974,0.12175039201974869,,,,,,,,,,,
25,0.17296874523162842,0.17296874523162842,MoE-sBOED,0.04917407035827637,1600,2.1828832626342773,1.3851341009140015,0.002208627061918378,0.2625473737716675,0.12174674868583679,0.18421875,0.07109375000000001,1,-0.0,0.0078125,0.0078125,1,0.000234375,0.07109375000000001,0,diagnostic_only
26,0.19031250476837158,0.19031250476837158,MoE-sBOED,0.0468442440032959,1664,2.3426437377929688,1.3818387985229492,0.001463573076762259,0.282135009765625,0.12166342884302139,,,,,,,,,,,
27,0.1771875023841858,0.1771875023841858,MoE-sBOED,0.0478973388671875,1728,2.486156463623047,1.382197618484497,0.0009327332372777164,0.274574875831604,0.1215900406241417,,,,,,,,,,,
28,0.20250000059604645,0.20250000059604645,MoE-sBOED,0.049185991287231445,1792,2.538750648498535,1.3846497535705566,0.0006071074749343097,0.26322078704833984,0.12157222628593445,,,,,,,,,,,
29,0.17765626311302185,0.17765626311302185,MoE-sBOED,0.049170494079589844,1856,2.465768814086914,1.3852083683013916,0.002160050440579653,0.2621474266052246,0.12160194665193558,,,,,,,,,,,
30,0.1889062523841858,0.1889062523841858,MoE-sBOED,0.049224853515625,1920,2.3573997020721436,1.3851113319396973,0.0040988982655107975,0.2632511854171753,0.12166247516870499,,,,,,,,,,,
31,0.19687500596046448,0.19687500596046448,MoE-sBOED,0.050217628479003906,1984,2.1831142902374268,1.3822104930877686,0.004870216827839613,0.28766292333602905,0.12173160910606384,,,,,,,,,,,
32,0.18328124284744263,0.18328124284744263,MoE-sBOED,0.049517154693603516,2048,2.0739450454711914,1.380497932434082,0.005345446057617664,0.2937270998954773,0.12183583527803421,,,,,,,,,,,
33,0.1978124976158142,0.1978124976158142,MoE-sBOED,0.04988360404968262,2112,2.034895658493042,1.38386869430542,0.005554667674005032,0.2767084836959839,0.12192891538143158,,,,,,,,,,,
34,0.18187500536441803,0.18187500536441803,MoE-sBOED,0.0501706600189209,2176,1.991424322128296,1.3847815990447998,0.005134491715580225,0.2696226239204407,0.12202052026987076,,,,,,,,,,,
35,0.19312500953674316,0.19312500953674316,MoE-sBOED,0.0502774715423584,2240,1.9305099248886108,1.3832277059555054,0.004133402369916439,0.281849205493927,0.12214541435241699,,,,,,,,,,,
36,0.1795312464237213,0.1795312464237213,MoE-sBOED,0.04966878890991211,2304,1.9178762435913086,1.3837774991989136,0.00358009384945035,0.27417296171188354,0.12228044867515564,,,,,,,,,,,
37,0.17578125,0.17578125,MoE-sBOED,0.0499112606048584,2368,1.9192779064178467,1.385556936264038,0.004692766349762678,0.25864002108573914,0.1224069893360138,,,,,,,,,,,
38,0.18703125417232513,0.18703125417232513,MoE-sBOED,0.05051422119140625,2432,1.9565842151641846,1.3856161832809448,0.005919014103710651,0.25484955310821533,0.12251711636781693,,,,,,,,,,,
39,0.17671874165534973,0.17671874165534973,MoE-sBOED,0.049410104751586914,2496,2.0113108158111572,1.3846310377120972,0.006127251777797937,0.26496243476867676,0.12256813049316406,,,,,,,,,,,
40,0.1785937398672104,0.1785937398672104,MoE-sBOED,0.04979658126831055,2560,2.058825731277466,1.3846415281295776,0.00524743739515543,0.27055788040161133,0.1225762665271759,,,,,,,,,,,
41,0.1823437511920929,0.1823437511920929,MoE-sBOED,0.04991436004638672,2624,2.0944647789001465,1.3852593898773193,0.00456599285826087,0.2659049928188324,0.12258271872997284,,,,,,,,,,,
42,0.19968751072883606,0.19968751072883606,MoE-sBOED,0.05027341842651367,2688,2.131753921508789,1.3851765394210815,0.005151242949068546,0.2636576294898987,0.1225677877664566,,,,,,,,,,,
43,0.17484374344348907,0.17484374344348907,MoE-sBOED,0.04962515830993652,2752,2.1851062774658203,1.3841465711593628,0.00566463265568018,0.27489975094795227,0.12256334722042084,,,,,,,,,,,
44,0.17906250059604645,0.17906250059604645,MoE-sBOED,0.049999237060546875,2816,2.1374549865722656,1.382211685180664,0.006004978436976671,0.2864076495170593,0.12258529663085938,,,,,,,,,,,
45,0.17812499403953552,0.17812499403953552,MoE-sBOED,0.049729347229003906,2880,2.054049491882324,1.3792232275009155,0.004547255579382181,0.29907792806625366,0.12261340767145157,,,,,,,,,,,
46,0.18421874940395355,0.18421874940395355,MoE-sBOED,0.050067901611328125,2944,2.184628486633301,1.3820651769638062,0.002389652421697974,0.2831338346004486,0.12260059267282486,,,,,,,,,,,
47,0.18468749523162842,0.18468749523162842,MoE-sBOED,0.05031609535217285,3008,2.3718791007995605,1.3838765621185303,0.0022266118321567774,0.270437628030777,0.12252043932676315,,,,,,,,,,,
48,0.20484375953674316,0.20484375953674316,MoE-sBOED,0.04965639114379883,3072,2.4240646362304688,1.381159782409668,0.002946013817563653,0.27983999252319336,0.12243503332138062,,,,,,,,,,,
49,0.19640624523162842,0.19640624523162842,MoE-sBOED,0.0499722957611084,3136,2.2129788398742676,1.3810184001922607,0.0029017303604632616,0.275651216506958,0.12237457931041718,,,,,,,,,,,
50,0.18468749523162842,0.18468749523162842,MoE-sBOED,0.05018281936645508,3200,2.110996723175049,1.3830938339233398,0.0028307416941970587,0.26530617475509644,0.12233442068099976,0.18703124999999998,0.07703125000000001,2,0.553588324436276,0.015625,0.015625,1,0.0004687500000000002,0.07703125000000001,0,diagnostic_only
51,0.19734375178813934,0.19734375178813934,MoE-sBOED,0.046454668045043945,3264,2.100200653076172,1.3847894668579102,0.0030309567227959633,0.2643396556377411,0.12233933061361313,,,,,,,,,,,
52,0.1771875023841858,0.1771875023841858,MoE-sBOED,0.04800701141357422,3328,2.0145163536071777,1.383112907409668,0.0030526588670909405,0.2817712426185608,0.12242265790700912,,,,,,,,,,,
53,0.18937499821186066,0.18937499821186066,MoE-sBOED,0.04938769340515137,3392,1.9117335081100464,1.38176429271698,0.0023480886593461037,0.28941529989242554,0.12254499644041061,,,,,,,,,,,
54,0.16734375059604645,0.16734375059604645,MoE-sBOED,0.049439191818237305,3456,1.7724164724349976,1.385049819946289,0.0018435141537338495,0.2651563286781311,0.12264899164438248,,,,,,,,,,,
55,0.16687500476837158,0.16687500476837158,MoE-sBOED,0.04951977729797363,3520,1.7602022886276245,1.38589608669281,0.0016719007398933172,0.25387299060821533,0.12270914018154144,,,,,,,,,,,
56,0.1954687535762787,0.1954687535762787,MoE-sBOED,0.049100399017333984,3584,1.6636676788330078,1.3854196071624756,0.0018830426270142198,0.26195311546325684,0.12280022352933884,,,,,,,,,,,
57,0.1720312535762787,0.1720312535762787,MoE-sBOED,0.04939103126525879,3648,1.5100536346435547,1.3810617923736572,0.0017828465206548572,0.2934838831424713,0.12293808162212372,,,,,,,,,,,
58,0.16687500476837158,0.16687500476837158,MoE-sBOED,0.04962325096130371,3712,1.4919719696044922,1.3790700435638428,0.00210310285910964,0.2999856472015381,0.12303870916366577,,,,,,,,,,,
59,0.17390623688697815,0.17390623688697815,MoE-sBOED,0.04957008361816406,3776,1.6451137065887451,1.3840574026107788,0.002345397137105465,0.26709431409835815,0.12309560179710388,,,,,,,,,,,
60,0.1795312464237213,0.1795312464237213,MoE-sBOED,0.049404144287109375,3840,1.7866170406341553,1.3837604522705078,0.002225552685558796,0.2708131968975067,0.12305839359760284,,,,,,,,,,,
61,0.1860937476158142,0.1860937476158142,MoE-sBOED,0.05026674270629883,3904,1.8725793361663818,1.382994532585144,0.002499694237485528,0.2679690718650818,0.12299221009016037,,,,,,,,,,,
62,0.19874998927116394,0.19874998927116394,MoE-sBOED,0.05041003227233887,3968,1.8170369863510132,1.3834857940673828,0.0031138225458562374,0.2647635340690613,0.12294545769691467,,,,,,,,,,,
63,0.1940625011920929,0.1940625011920929,MoE-sBOED,0.04935622215270996,4032,2.0084457397460938,1.3842315673828125,0.0031762374565005302,0.2608165442943573,0.12289012968540192,,,,,,,,,,,
64,0.18656249344348907,0.18656249344348907,MoE-sBOED,0.04994082450866699,4096,1.908233880996704,1.384825587272644,0.0023776846937835217,0.2643775939941406,0.12284278869628906,,,,,,,,,,,
65,0.17999999225139618,0.17999999225139618,MoE-sBOED,0.0499424934387207,4160,1.843542456626892,1.38449227809906,0.001772969146259129,0.26832425594329834,0.12283438444137573,,,,,,,,,,,
66,0.18000000715255737,0.18000000715255737,MoE-sBOED,0.05001688003540039,4224,1.996079683303833,1.3842543363571167,0.002746564568951726,0.26899585127830505,0.12283438444137573,,,,,,,,,,,
67,0.17859375476837158,0.17859375476837158,MoE-sBOED,0.049971580505371094,4288,2.191504716873169,1.3842229843139648,0.002564014168456197,0.26853448152542114,0.1228104755282402,,,,,,,,,,,
68,0.1771875023841858,0.1834374964237213,MoE-sBOED,0.04981565475463867,4352,2.065009355545044,1.384189486503601,0.0011531119234859943,0.2695092558860779,0.12280738353729248,,,,,,,,,,,
69,0.1692187488079071,0.17546874284744263,MoE-sBOED,0.04961037635803223,4416,2.019461154937744,1.384659767150879,0.0007873047143220901,0.26692330837249756,0.12279611080884933,,,,,,,,,,,
70,0.18562500178813934,0.18562500178813934,MoE-sBOED,0.05015110969543457,4480,2.037327766418457,1.3850682973861694,0.0006670409929938614,0.262323796749115,0.1228252649307251,,,,,,,,,,,
71,0.1837500035762787,0.1837500035762787,MoE-sBOED,0.04995608329772949,4544,2.147830009460449,1.382807970046997,0.000857637613080442,0.27088233828544617,0.12288028001785278,,,,,,,,,,,
72,0.1926562637090683,0.1926562637090683,MoE-sBOED,0.05024886131286621,4608,2.1324098110198975,1.3807743787765503,0.0007643704884685576,0.2805227041244507,0.12287645041942596,,,,,,,,,,,
73,0.19031250476837158,0.19031250476837158,MoE-sBOED,0.04972052574157715,4672,2.1384835243225098,1.3767383098602295,0.0010377090657129884,0.3034340441226959,0.12277889996767044,,,,,,,,,,,
74,0.18984375894069672,0.18984375894069672,MoE-sBOED,0.049825429916381836,4736,2.2904205322265625,1.3758409023284912,0.0010421734768897295,0.3008944094181061,0.12262927740812302,,,,,,,,,,,
75,0.19312500953674316,0.19312500953674316,MoE-sBOED,0.049207210540771484,4800,2.1976704597473145,1.3774166107177734,0.0010963905369862914,0.2822016477584839,0.12248314172029495,0.18796875000000002,0.08031250000000001,3,0.4470620543337879,0.0234375,0.015625,1,0.000703125,0.08031250000000001,0,diagnostic_only
76,0.1809375137090683,0.1809375137090683,MoE-sBOED,0.04665708541870117,4864,2.048483371734619,1.378641128540039,0.0008014722261577845,0.2889366149902344,0.12240002304315567,,,,,,,,,,,
77,0.1926562488079071,0.1926562488079071,MoE-sBOED,0.04833054542541504,4928,1.8817399740219116,1.379818320274353,0.0008748885593377054,0.29262661933898926,0.12232648581266403,,,,,,,,,,,
78,0.17578125,0.17578125,MoE-sBOED,0.049999237060546875,4992,1.8541839122772217,1.3803765773773193,0.0009730457095429301,0.29224544763565063,0.12223680317401886,,,,,,,,,,,
79,0.1692187488079071,0.1692187488079071,MoE-sBOED,0.049306631088256836,5056,1.8547542095184326,1.3812286853790283,0.0008338319603353739,0.2888373136520386,0.12213505804538727,,,,,,,,,,,
80,0.16828125715255737,0.16828125715255737,MoE-sBOED,0.049276113510131836,5120,1.8893035650253296,1.3821361064910889,0.0005279334727674723,0.2846923768520355,0.12202250957489014,,,,,,,,,,,
81,0.18046873807907104,0.18046873807907104,MoE-sBOED,0.04928016662597656,5184,1.9312853813171387,1.3828189373016357,0.0005724162328988314,0.2809462547302246,0.12190873175859451,,,,,,,,,,,
82,0.1898437738418579,0.1898437738418579,MoE-sBOED,0.0496058464050293,5248,1.8375482559204102,1.3840968608856201,0.0009046066552400589,0.2719693183898926,0.12183606624603271,,,,,,,,,,,
83,0.1720312535762787,0.1720312535762787,MoE-sBOED,0.049875497817993164,5312,1.7630043029785156,1.385059118270874,0.0009421024587936699,0.2624816596508026,0.12178704887628555,,,,,,,,,,,
84,0.17859375476837158,0.17859375476837158,MoE-sBOED,0.04999208450317383,5376,1.7347530126571655,1.3855193853378296,0.0006808495381847024,0.2556261718273163,0.12174637615680695,,,,,,,,,,,
85,0.1720312535762787,0.1720312535762787,MoE-sBOED,0.04994344711303711,5440,1.7043895721435547,1.3856823444366455,0.0007085137185640633,0.25456446409225464,0.1217464953660965,,,,,,,,,,,
86,0.19500000774860382,0.19500000774860382,MoE-sBOED,0.050199270248413086,5504,1.7499560117721558,1.3852618932724,0.0006938133738003671,0.2615569233894348,0.12179873138666153,,,,,,,,,,,
87,0.16078126430511475,0.16078126430511475,MoE-sBOED,0.04984784126281738,5568,1.7035701274871826,1.3852550983428955,0.000700835429597646,0.26410743594169617,0.12183493375778198,,,,,,,,,,,
88,0.1720312535762787,0.1720312535762787,MoE-sBOED,0.04994082450866699,5632,1.7932723760604858,1.3856773376464844,0.001309185870923102,0.2570977210998535,0.12184009701013565,,,,,,,,,,,
89,0.1809374988079071,0.1809374988079071,MoE-sBOED,0.049706459045410156,5696,1.7471132278442383,1.385616660118103,0.0021066314075142145,0.25666531920433044,0.12189716845750809,,,,,,,,,,,
90,0.1875,0.1875,MoE-sBOED,0.04953312873840332,5760,1.6588001251220703,1.3827508687973022,0.0020808763802051544,0.2833072543144226,0.12199245393276215,,,,,,,,,,,
91,0.18421874940395355,0.18421874940395355,MoE-sBOED,0.05018472671508789,5824,1.6867949962615967,1.375505805015564,0.0016606920398771763,0.3101468086242676,0.12205369770526886,,,,,,,,,,,
92,0.18468749523162842,0.18468749523162842,MoE-sBOED,0.04993128776550293,5888,1.6027085781097412,1.3737486600875854,0.0013981115771457553,0.3136274218559265,0.12205690890550613,,,,,,,,,,,
93,0.1875,0.1875,MoE-sBOED,0.04946160316467285,5952,1.661264419555664,1.3779373168945312,0.0011307541280984879,0.29927313327789307,0.12203828245401382,,,,,,,,,,,
94,0.17999999225139618,0.17999999225139618,MoE-sBOED,0.049843549728393555,6016,1.6860008239746094,1.3825887441635132,0.0009473345126025379,0.2733265459537506,0.1220066025853157,,,,,,,,,,,
95,0.17671875655651093,0.17671875655651093,MoE-sBOED,0.051004648208618164,6080,1.6011371612548828,1.382359504699707,0.0022615951020270586,0.2763254642486572,0.12190254777669907,,,,,,,,,,,
96,0.1692187488079071,0.1692187488079071,MoE-sBOED,0.049967050552368164,6144,1.6941684484481812,1.3800829648971558,0.0031626191921532154,0.2857527732849121,0.12181814759969711,,,,,,,,,,,
97,0.17390626668930054,0.17390626668930054,MoE-sBOED,0.049065589904785156,6208,1.7813796997070312,1.3806846141815186,0.0033702205400913954,0.2783222794532776,0.12176652252674103,,,,,,,,,,,
98,0.18187499046325684,0.18187499046325684,MoE-sBOED,0.04990243911743164,6272,2.0313124656677246,1.3825292587280273,0.003487053792923689,0.26770585775375366,0.12174247950315475,,,,,,,,,,,
99,0.18843750655651093,0.18843750655651093,MoE-sBOED,0.050112247467041016,6336,2.072482109069824,1.383453130722046,0.003035058965906501,0.26573237776756287,0.12173348665237427,,,,,,,,,,,
100,0.1837500035762787,0.1837500035762787,MoE-sBOED,0.04994845390319824,6400,2.1354472637176514,1.3837594985961914,0.002155943773686886,0.26578468084335327,0.12172393500804901,0.187734375,0.074609375,8,1.6221272496313708,0.0625,0.0078125,1,0.000234375,0.074609375,0,diagnostic_only
101,0.18187500536441803,0.18187500536441803,MoE-sBOED,0.04662466049194336,6464,2.2041749954223633,1.3841676712036133,0.0017805421957746148,0.2665521502494812,0.12168232351541519,,,,,,,,,,,
102,0.1940625160932541,0.1940625160932541,MoE-sBOED,0.04813742637634277,6528,2.1290693283081055,1.384513258934021,0.0012280103983357549,0.26735514402389526,0.12170014530420303,,,,,,,,,,,
103,0.1889062523841858,0.1889062523841858,MoE-sBOED,0.04949498176574707,6592,2.098299026489258,1.3845518827438354,0.000897287274710834,0.2696077823638916,0.12175647169351578,,,,,,,,,,,
104,0.1860937476158142,0.1860937476158142,MoE-sBOED,0.04995131492614746,6656,2.1358163356781006,1.384871482849121,0.0006425493629649282,0.2663961946964264,0.1217840164899826,,,,,,,,,,,
105,0.17765624821186066,0.17765624821186066,MoE-sBOED,0.04889869689941406,6720,1.998151183128357,1.3852176666259766,0.0006124431383796036,0.26286011934280396,0.12184353917837143,,,,,,,,,,,
106,0.18281251192092896,0.18281251192092896,MoE-sBOED,0.0491487979888916,6784,1.9735841751098633,1.3856010437011719,0.0010622284607961774,0.255133718252182,0.12192123383283615,,,,,,,,,,,
107,0.18046873807907104,0.18046873807907104,MoE-sBOED,0.048760414123535156,6848,1.9451160430908203,1.3854999542236328,0.0015567918308079243,0.25552788376808167,0.12197670340538025,,,,,,,,,,,
108,0.1795312464237213,0.1795312464237213,MoE-sBOED,0.04986906051635742,6912,1.8514947891235352,1.3846242427825928,0.0018143929773941636,0.26342159509658813,0.12201735377311707,,,,,,,,,,,
109,0.1692187488079071,0.1692187488079071,MoE-sBOED,0.04977846145629883,6976,1.7171430587768555,1.3840949535369873,0.0015238459454849362,0.2648138999938965,0.12205298244953156,,,,,,,,,,,
110,0.19921875,0.19921875,MoE-sBOED,0.04987788200378418,7040,1.7763503789901733,1.3844630718231201,0.0008099258411675692,0.26330116391181946,0.12202536314725876,,,,,,,,,,,
111,0.1860937476158142,0.1860937476158142,MoE-sBOED,0.05025792121887207,7104,1.8484411239624023,1.3844242095947266,0.0007548577850684524,0.2686513066291809,0.12197180837392807,,,,,,,,,,,
112,0.17156249284744263,0.17156249284744263,MoE-sBOED,0.04850578308105469,7168,1.9232361316680908,1.3832924365997314,0.0011442148825153708,0.2771322727203369,0.12196401506662369,,,,,,,,,,,
113,0.2071875035762787,0.2071875035762787,MoE-sBOED,0.04987144470214844,7232,1.9021590948104858,1.3816649913787842,0.001219739206135273,0.28421545028686523,0.12193690240383148,,,,,,,,,,,
114,0.16593751311302185,0.16593751311302185,MoE-sBOED,0.05011868476867676,7296,1.8686110973358154,1.3823168277740479,0.0008173666428774595,0.27797240018844604,0.12184740602970123,,,,,,,,,,,
115,0.18515625596046448,0.18515625596046448,MoE-sBOED,0.049904584884643555,7360,1.9345948696136475,1.382873296737671,0.0007745771436020732,0.2711491584777832,0.12180262058973312,,,,,,,,,,,
116,0.17531248927116394,0.17531248927116394,MoE-sBOED,0.05016660690307617,7424,1.781797170639038,1.3837034702301025,0.0007749487995170057,0.26256757974624634,0.12179126590490341,,,,,,,,,,,
117,0.1706250011920929,0.1706250011920929,MoE-sBOED,0.04994463920593262,7488,1.7980668544769287,1.3831675052642822,0.0011180891888216138,0.2749497592449188,0.12170946598052979,,,,,,,,,,,
118,0.17906248569488525,0.17906248569488525,MoE-sBOED,0.04983353614807129,7552,1.8756258487701416,1.3822015523910522,0.0018419548869132996,0.2786672115325928,0.12164618819952011,,,,,,,,,,,
119,0.16828125715255737,0.16828125715255737,MoE-sBOED,0.04993844032287598,7616,1.7308253049850464,1.3820853233337402,0.0026951071340590715,0.26969608664512634,0.12168698012828827,,,,,,,,,,,
120,0.18187500536441803,0.18187500536441803,MoE-sBOED,0.04999709129333496,7680,1.8421567678451538,1.3819587230682373,0.0027585814241319895,0.27088987827301025,0.12174075096845627,,,,,,,,,,,
121,0.16312499344348907,0.16312499344348907,MoE-sBOED,0.04984164237976074,7744,1.6858819723129272,1.3823237419128418,0.002123191487044096,0.26917746663093567,0.12174946069717407,,,,,,,,,,,
122,0.17390625178813934,0.17390625178813934,MoE-sBOED,0.04954814910888672,7808,1.7606624364852905,1.3830838203430176,0.0013968953862786293,0.2645884156227112,0.12174736708402634,,,,,,,,,,,
123,0.18937501311302185,0.18937501311302185,MoE-sBOED,0.049193382263183594,7872,1.864994764328003,1.3836702108383179,0.0014220662415027618,0.25679540634155273,0.12173303961753845,,,,,,,,,,,
124,0.1860937476158142,0.1860937476158142,MoE-sBOED,0.049468994140625,7936,1.6575603485107422,1.383974313735962,0.002346194349229336,0.25953245162963867,0.12173119932413101,,,,,,,,,,,
125,0.1692187488079071,0.1692187488079071,MoE-sBOED,0.04999279975891113,8000,1.530652403831482,1.3838452100753784,0.0024182319175451994,0.2646331489086151,0.12172281742095947,0.18703124999999998,0.07703125,5,1.0236198092728275,0.0390625,0.015625,1,0.00046875,0.07703125,0,diagnostic_only
126,0.1720312535762787,0.1720312535762787,MoE-sBOED,0.05339694023132324,8064,1.5607929229736328,1.3833469152450562,0.0014624171890318394,0.2695540487766266,0.12167119979858398,,,,,,,,,,,
127,0.18796876072883606,0.18796876072883606,MoE-sBOED,0.0565948486328125,8128,1.7107264995574951,1.3832305669784546,0.0009103696793317795,0.26984095573425293,0.12161441147327423,,,,,,,,,,,
128,0.18656250834465027,0.18656250834465027,MoE-sBOED,0.05121207237243652,8192,1.6470823287963867,1.3834896087646484,0.0009475792176090181,0.26798421144485474,0.12160063534975052,,,,,,,,,,,
129,0.17624999582767487,0.17624999582767487,MoE-sBOED,0.0499873161315918,8256,1.5867245197296143,1.3842566013336182,0.001186611712910235,0.25613316893577576,0.12163390964269638,,,,,,,,,,,
130,0.18140625953674316,0.18140625953674316,MoE-sBOED,0.04949450492858887,8320,1.65925931930542,1.3841603994369507,0.001774605829268694,0.2537718713283539,0.12164965271949768,,,,,,,,,,,
131,0.17343750596046448,0.17343750596046448,MoE-sBOED,0.04975581169128418,8384,1.5524437427520752,1.3835322856903076,0.002588798990473151,0.26315006613731384,0.12161802500486374,,,,,,,,,,,
132,0.19453124701976776,0.19453124701976776,MoE-sBOED,0.0499417781829834,8448,1.584853172302246,1.382564902305603,0.0018049664795398712,0.2714969515800476,0.12156837433576584,,,,,,,,,,,
133,0.18562500178813934,0.18562500178813934,MoE-sBOED,0.0495908260345459,8512,1.7174677848815918,1.3822412490844727,0.0010087599512189627,0.2750844359397888,0.12151078879833221,,,,,,,,,,,
134,0.16828125715255737,0.16828125715255737,MoE-sBOED,0.049842119216918945,8576,1.6473883390426636,1.3819632530212402,0.0010567465797066689,0.27796006202697754,0.12145514786243439,,,,,,,,,,,
135,0.17906251549720764,0.17906251549720764,MoE-sBOED,0.04970359802246094,8640,1.7726705074310303,1.3817403316497803,0.0012937600258737803,0.2763710021972656,0.12137890607118607,,,,,,,,,,,
136,0.17578125,0.17578125,MoE-sBOED,0.049152374267578125,8704,1.761635184288025,1.3812358379364014,0.0014108192408457398,0.27877458930015564,0.12130583077669144,,,,,,,,,,,
137,0.1809374988079071,0.1809374988079071,MoE-sBOED,0.04978775978088379,8768,1.6327340602874756,1.381352424621582,0.0012672316515818238,0.27840131521224976,0.12125912308692932,,,,,,,,,,,
138,0.17296874523162842,0.17296874523162842,MoE-sBOED,0.04959869384765625,8832,1.6514203548431396,1.382173776626587,0.0012392691569402814,0.27410459518432617,0.12121464312076569,,,,,,,,,,,
139,0.1846875101327896,0.1846875101327896,MoE-sBOED,0.04949498176574707,8896,1.8567050695419312,1.383378028869629,0.0012181536294519901,0.2634960412979126,0.12119012326002121,,,,,,,,,,,
140,0.17765626311302185,0.17765626311302185,MoE-sBOED,0.04964423179626465,8960,1.8479294776916504,1.3838695287704468,0.0010544235119596124,0.255857914686203,0.12121206521987915,,,,,,,,,,,
141,0.2029687613248825,0.2029687613248825,MoE-sBOED,0.049688100814819336,9024,1.799060583114624,1.383687973022461,0.000990482629276812,0.2617419958114624,0.12126997858285904,,,,,,,,,,,
142,0.1860937476158142,0.1860937476158142,MoE-sBOED,0.049530982971191406,9088,1.6788153648376465,1.3830499649047852,0.0008032842888496816,0.2673248052597046,0.12131356447935104,,,,,,,,,,,
143,0.18703125417232513,0.18703125417232513,MoE-sBOED,0.049935340881347656,9152,1.743790626525879,1.381901741027832,0.0008866759017109871,0.27232837677001953,0.12135324627161026,,,,,,,,,,,
144,0.1743749976158142,0.1743749976158142,MoE-sBOED,0.04983234405517578,9216,1.6797187328338623,1.3819258213043213,0.0008829802391119301,0.26883170008659363,0.12135571241378784,,,,,,,,,,,
145,0.18046875298023224,0.18046875298023224,MoE-sBOED,0.04996156692504883,9280,1.8106029033660889,1.38224458694458,0.0007201530388556421,0.2610199451446533,0.12131331115961075,,,,,,,,,,,
146,0.17859375476837158,0.17859375476837158,MoE-sBOED,0.06271147727966309,9344,1.742039442062378,1.382569670677185,0.000630008231382817,0.2639886736869812,0.121270552277565,,,,,,,,,,,
147,0.1640625,0.1640625,MoE-sBOED,0.05050349235534668,9408,1.7882640361785889,1.3831062316894531,0.0005480380496010184,0.2612714171409607,0.12122064083814621,,,,,,,,,,,
148,0.16968750953674316,0.16968750953674316,MoE-sBOED,0.04878711700439453,9472,1.7560933828353882,1.3832406997680664,0.0004662755527533591,0.26250818371772766,0.12120237201452255,,,,,,,,,,,
149,0.18703125417232513,0.18703125417232513,MoE-sBOED,0.04970669746398926,9536,1.874849557876587,1.3830997943878174,0.0004721447476185858,0.2646492123603821,0.1212015450000763,,,,,,,,,,,
150,0.1692187488079071,0.1692187488079071,MoE-sBOED,0.049681663513183594,9600,1.7929484844207764,1.382805585861206,0.000495823856908828,0.2659990191459656,0.12121798098087311,0.184921875,0.06867187500000001,9,1.3078661745506537,0.0703125,0.0,1,0.0,0.06867187500000001,0,diagnostic_only
151,0.18328124284744263,0.18328124284744263,MoE-sBOED,0.046627044677734375,9664,1.9061191082000732,1.3819527626037598,0.0006664695683866739,0.269316166639328,0.1212543249130249,,,,,,,,,,,
152,0.18140625953674316,0.18140625953674316,MoE-sBOED,0.047159433364868164,9728,1.8079824447631836,1.3812230825424194,0.0006577318417839706,0.2731723189353943,0.12127141654491425,,,,,,,,,,,
153,0.18796876072883606,0.18796876072883606,MoE-sBOED,0.04918956756591797,9792,1.9523147344589233,1.3819234371185303,0.0006986851221881807,0.2687305212020874,0.12127929925918579,,,,,,,,,,,
154,0.1926562488079071,0.1926562488079071,MoE-sBOED,0.04960823059082031,9856,1.9716295003890991,1.382948637008667,0.0005996343679726124,0.26070404052734375,0.12129375338554382,,,,,,,,,,,
155,0.18515625596046448,0.18515625596046448,MoE-sBOED,0.0491178035736084,9920,1.9651317596435547,1.383497714996338,0.00040813261875882745,0.2522825598716736,0.12126295268535614,,,,,,,,,,,
156,0.19921875,0.19921875,MoE-sBOED,0.04937100410461426,9984,2.0572569370269775,1.3831298351287842,0.00028618137002922595,0.25833576917648315,0.12117519974708557,,,,,,,,,,,
157,0.17156249284744263,0.17156249284744263,MoE-sBOED,0.04974842071533203,10048,2.0412039756774902,1.3823784589767456,0.000473377964226529,0.26349395513534546,0.1210954561829567,,,,,,,,,,,
158,0.17671874165534973,0.17671874165534973,MoE-sBOED,0.050013065338134766,10112,2.0659167766571045,1.382323980331421,0.0007244632579386234,0.2652919888496399,0.12107454240322113,,,,,,,,,,,
159,0.19031250476837158,0.19031250476837158,MoE-sBOED,0.04972648620605469,10176,2.071042060852051,1.382703185081482,0.000649715366307646,0.26501137018203735,0.12108944356441498,,,,,,,,,,,
160,0.1720312535762787,0.1720312535762787,MoE-sBOED,0.05007505416870117,10240,2.1224987506866455,1.3832887411117554,0.0006105168140493333,0.2623485028743744,0.12111347168684006,,,,,,,,,,,
161,0.18328127264976501,0.18328127264976501,MoE-sBOED,0.05018877983093262,10304,2.0420637130737305,1.3833322525024414,0.0007453500293195248,0.26175081729888916,0.12112931162118912,,,,,,,,,,,
162,0.1875,0.1875,MoE-sBOED,0.04991269111633301,10368,2.008488178253174,1.3830747604370117,0.0010817382717505097,0.26232635974884033,0.1211356371641159,,,,,,,,,,,
163,0.19687500596046448,0.19687500596046448,MoE-sBOED,0.049492835998535156,10432,1.9454803466796875,1.3831218481063843,0.0009344348800368607,0.26009583473205566,0.12114330381155014,,,,,,,,,,,
164,0.18421874940395355,0.18421874940395355,MoE-sBOED,0.04964733123779297,10496,1.9444682598114014,1.3833386898040771,0.0008613292593508959,0.25845015048980713,0.12117644399404526,,,,,,,,,,,
165,0.17249999940395355,0.17249999940395355,MoE-sBOED,0.04951763153076172,10560,1.8066695928573608,1.383236289024353,0.0007727297488600016,0.2619044780731201,0.12122178822755814,,,,,,,,,,,
166,0.17343750596046448,0.17343750596046448,MoE-sBOED,0.04997682571411133,10624,1.9248921871185303,1.3833893537521362,0.0007662831922061741,0.26227328181266785,0.12122137099504471,,,,,,,,,,,
167,0.20156249403953552,0.20156249403953552,MoE-sBOED,0.05009174346923828,10688,2.1857175827026367,1.3832634687423706,0.0006871339865028858,0.261788010597229,0.12121976912021637,,,,,,,,,,,
168,0.18140625953674316,0.18140625953674316,MoE-sBOED,0.052120208740234375,10752,2.257150173187256,1.3826501369476318,0.0005613989778794348,0.263423889875412,0.12125885486602783,,,,,,,,,,,
169,0.17625001072883606,0.17625001072883606,MoE-sBOED,0.06678557395935059,10816,2.063933849334717,1.3817509412765503,0.00040347568574361503,0.267902672290802,0.12133397907018661,,,,,,,,,,,
170,0.1889062523841858,0.1889062523841858,MoE-sBOED,0.05437922477722168,10880,1.9794209003448486,1.3809993267059326,0.0004278093110769987,0.26606857776641846,0.12139368802309036,,,,,,,,,,,
171,0.18187500536441803,0.18187500536441803,MoE-sBOED,0.050177574157714844,10944,1.922743558883667,1.3810698986053467,0.0004735934780910611,0.260689377784729,0.1214028000831604,,,,,,,,,,,
172,0.1706250011920929,0.1706250011920929,MoE-sBOED,0.050047874450683594,11008,1.6804332733154297,1.3813642263412476,0.0003579913463909179,0.25779056549072266,0.12140614539384842,,,,,,,,,,,
173,0.1771875023841858,0.1771875023841858,MoE-sBOED,0.050020694732666016,11072,1.8218053579330444,1.381638765335083,0.0005679688765667379,0.25491780042648315,0.12142027169466019,,,,,,,,,,,
174,0.17812499403953552,0.17812499403953552,MoE-sBOED,0.0496823787689209,11136,1.8975303173065186,1.3818973302841187,0.0009198352345265448,0.25262942910194397,0.1214776337146759,,,,,,,,,,,
175,0.18281251192092896,0.18281251192092896,MoE-sBOED,0.04953789710998535,11200,1.8771295547485352,1.382335901260376,0.0013809928204864264,0.256030797958374,0.1215042695403099,0.18890625,0.07578125000000001,9,0.9952899598839314,0.0703125,0.0078125,1,0.000234375,0.07578125000000001,0,diagnostic_only
176,0.17578125,0.17578125,MoE-sBOED,0.06588244438171387,11264,1.8101743459701538,1.3827316761016846,0.001346744247712195,0.26320135593414307,0.12146709859371185,,,,,,,,,,,
177,0.18328124284744263,0.18328124284744263,MoE-sBOED,0.06651043891906738,11328,1.8510468006134033,1.3826003074645996,0.0011580664431676269,0.26466214656829834,0.12139441072940826,,,,,,,,,,,
178,0.1823437511920929,0.1823437511920929,MoE-sBOED,0.06511354446411133,11392,1.9299259185791016,1.3824634552001953,0.000990119413472712,0.2631475329399109,0.12137237191200256,,,,,,,,,,,
179,0.19171875715255737,0.19171875715255737,MoE-sBOED,0.05044126510620117,11456,1.855495810508728,1.3827650547027588,0.0008294659783132374,0.2612256109714508,0.1214025616645813,,,,,,,,,,,
180,0.1795312464237213,0.1795312464237213,MoE-sBOED,0.04994654655456543,11520,1.697143793106079,1.3828046321868896,0.0004983652615919709,0.2617183327674866,0.12137392163276672,,,,,,,,,,,
181,0.1940625011920929,0.1940625011920929,MoE-sBOED,0.05016279220581055,11584,1.9309883117675781,1.3833472728729248,0.0007689578924328089,0.26062679290771484,0.12131690979003906,,,,,,,,,,,
182,0.17859375476837158,0.17859375476837158,MoE-sBOED,0.04939913749694824,11648,1.9128040075302124,1.3838050365447998,0.0010390890529379249,0.2595968544483185,0.12131179869174957,,,,,,,,,,,
183,0.18046875298023224,0.18046875298023224,MoE-sBOED,0.05034899711608887,11712,2.0295286178588867,1.3841114044189453,0.0007156080682761967,0.26005375385284424,0.12129518389701843,,,,,,,,,,,
184,0.20156249403953552,0.20156249403953552,MoE-sBOED,0.04899764060974121,11776,2.12784481048584,1.3842133283615112,0.0007215465302579105,0.2584629952907562,0.12127357721328735,,,,,,,,,,,
185,0.1771875023841858,0.1771875023841858,MoE-sBOED,0.0506589412689209,11840,2.1330349445343018,1.3844900131225586,0.0007175183272920549,0.2550768554210663,0.12130903452634811,,,,,,,,,,,
186,0.18515625596046448,0.18515625596046448,MoE-sBOED,0.05027961730957031,11904,1.9657310247421265,1.38430917263031,0.0006784344441257417,0.25487738847732544,0.12131686508655548,,,,,,,,,,,
187,0.1795312464237213,0.1795312464237213,MoE-sBOED,0.04935765266418457,11968,2.1118507385253906,1.384176254272461,0.0007693857187405229,0.2554355263710022,0.12121310085058212,,,,,,,,,,,
188,0.19640624523162842,0.19640624523162842,MoE-sBOED,0.05017733573913574,12032,2.3390088081359863,1.3839011192321777,0.0009054111433215439,0.25478577613830566,0.12111645191907883,,,,,,,,,,,
189,0.15937499701976776,0.16562500596046448,MoE-sBOED,0.04970717430114746,12096,2.227996349334717,1.3837640285491943,0.000795636442489922,0.25931665301322937,0.12105905264616013,,,,,,,,,,,
190,0.1860937476158142,0.1860937476158142,MoE-sBOED,0.04979538917541504,12160,2.1388165950775146,1.3837554454803467,0.0008202636963687837,0.2608819901943207,0.12104929983615875,,,,,,,,,,,
191,0.16968750953674316,0.16968750953674316,MoE-sBOED,0.04955339431762695,12224,1.9030940532684326,1.3841975927352905,0.0008110781782306731,0.25699275732040405,0.12109632790088654,,,,,,,,,,,
192,0.18562500178813934,0.18562500178813934,MoE-sBOED,0.05018019676208496,12288,2.082606315612793,1.3842501640319824,0.0009865297470241785,0.25321364402770996,0.1211092472076416,,,,,,,,,,,
193,0.17249999940395355,0.17249999940395355,MoE-sBOED,0.048577308654785156,12352,1.994089126586914,1.384172797203064,0.0008004754199646413,0.25665733218193054,0.1210613027215004,,,,,,,,,,,
194,0.18328124284744263,0.18328124284744263,MoE-sBOED,0.04992032051086426,12416,2.058358669281006,1.3840926885604858,0.0008033628691919148,0.25723668932914734,0.12097819894552231,,,,,,,,,,,
195,0.18937501311302185,0.18937501311302185,MoE-sBOED,0.049956560134887695,12480,1.942106008529663,1.384002685546875,0.0007784959743730724,0.2562599182128906,0.12091100215911865,,,,,,,,,,,
196,0.19078126549720764,0.19078126549720764,MoE-sBOED,0.05003166198730469,12544,2.08443546295166,1.3841829299926758,0.000797008688095957,0.2549697160720825,0.12087841331958771,,,,,,,,,,,
197,0.1743749976158142,0.1743749976158142,MoE-sBOED,0.049924373626708984,12608,2.1038897037506104,1.3843555450439453,0.0006072674295864999,0.25351688265800476,0.12084481120109558,,,,,,,,,,,
198,0.1846875101327896,0.1846875101327896,MoE-sBOED,0.04979228973388672,12672,2.3606116771698,1.3843984603881836,0.0007684772717766464,0.25502607226371765,0.12085141241550446,,,,,,,,,,,
199,0.17015624046325684,0.17015624046325684,MoE-sBOED,0.04983186721801758,12736,2.234436511993408,1.3843107223510742,0.0006216213223524392,0.25381922721862793,0.1208762526512146,,,,,,,,,,,
200,0.18281249701976776,0.18281249701976776,MoE-sBOED,0.0496211051940918,12800,2.189572811126709,1.3841934204101562,0.0006759852985851467,0.25355780124664307,0.12086614966392517,0.18703124999999998,0.07078125000000002,2,0.045688389073983635,0.015625,0.0,1,0.0,0.07078125000000002,0,diagnostic_only
201,0.17906250059604645,0.17906250059604645,MoE-sBOED,0.04672861099243164,12864,2.186241865158081,1.384236216545105,0.0008003658731468022,0.25358811020851135,0.12084871530532837,,,,,,,,,,,
202,0.1706250011920929,0.1706250011920929,MoE-sBOED,0.0480809211730957,12928,2.167107582092285,1.3841817378997803,0.0008759886841289699,0.25400394201278687,0.12084857374429703,,,,,,,,,,,
203,0.18187500536441803,0.18187500536441803,MoE-sBOED,0.04874682426452637,12992,2.1608052253723145,1.3841617107391357,0.0005977757391519845,0.2529926896095276,0.1208377406001091,,,,,,,,,,,
204,0.1640625,0.1640625,MoE-sBOED,0.050028085708618164,13056,2.1954424381256104,1.3842042684555054,0.000530696997884661,0.2542388439178467,0.12083662301301956,,,,,,,,,,,
205,0.1692187488079071,0.1692187488079071,MoE-sBOED,0.05001950263977051,13120,2.0198564529418945,1.3843717575073242,0.0005153886741027236,0.2538982331752777,0.12084954977035522,,,,,,,,,,,
206,0.18562500178813934,0.19187499582767487,MoE-sBOED,0.04976677894592285,13184,1.9759492874145508,1.384474754333496,0.000515743566211313,0.2528470754623413,0.12084021419286728,,,,,,,,,,,
207,0.18281251192092896,0.19374999403953552,MoE-sBOED,0.04889178276062012,13248,1.9368562698364258,1.3844355344772339,0.0005734445294365287,0.2531723976135254,0.12083641439676285,,,,,,,,,,,
208,0.1875,0.1875,MoE-sBOED,0.0499112606048584,13312,1.8553662300109863,1.384207010269165,0.000672791909892112,0.2559683322906494,0.12084943801164627,,,,,,,,,,,
209,0.1795312613248825,0.1795312613248825,MoE-sBOED,0.04983115196228027,13376,1.8209218978881836,1.384019136428833,0.0007101648370735347,0.258891224861145,0.12084993720054626,,,,,,,,,,,
210,0.18562500178813934,0.18562500178813934,MoE-sBOED,0.04996895790100098,13440,1.8286089897155762,1.3839547634124756,0.0006585380178876221,0.26067376136779785,0.12085749953985214,,,,,,,,,,,
211,0.18703125417232513,0.18703125417232513,MoE-sBOED,0.04998159408569336,13504,1.7538361549377441,1.3839011192321777,0.0006851772195659578,0.2582899034023285,0.12093819677829742,,,,,,,,,,,
212,0.1837500035762787,0.1837500035762787,MoE-sBOED,0.04944729804992676,13568,1.749436616897583,1.3830900192260742,0.0006790038896724582,0.26272642612457275,0.12104879319667816,,,,,,,,,,,
213,0.16640625894069672,0.16640625894069672,MoE-sBOED,0.04894518852233887,13632,1.8672683238983154,1.3818920850753784,0.0007242302526719868,0.270865261554718,0.12110600620508194,,,,,,,,,,,
214,0.17015627026557922,0.17015627026557922,MoE-sBOED,0.04985213279724121,13696,1.7979182004928589,1.381818175315857,0.0005561441648751497,0.2686927318572998,0.1210833191871643,,,,,,,,,,,
215,0.16453124582767487,0.16453124582767487,MoE-sBOED,0.06528496742248535,13760,1.9665006399154663,1.3815481662750244,0.0005318699404597282,0.26379916071891785,0.12105906754732132,,,,,,,,,,,
216,0.1809374988079071,0.1809374988079071,MoE-sBOED,0.051871538162231445,13824,1.8234601020812988,1.380598545074463,0.0004274936218280345,0.26230567693710327,0.12109962850809097,,,,,,,,,,,
217,0.18000000715255737,0.18000000715255737,MoE-sBOED,0.04838228225708008,13888,1.8154277801513672,1.3803389072418213,0.0004519611247815192,0.26025891304016113,0.12111547589302063,,,,,,,,,,,
218,0.17671874165534973,0.17671874165534973,MoE-sBOED,0.048346519470214844,13952,1.9270532131195068,1.3813817501068115,0.0007254597148858011,0.2596651315689087,0.12109974026679993,,,,,,,,,,,
219,0.17249999940395355,0.17249999940395355,MoE-sBOED,0.049755096435546875,14016,2.007234573364258,1.3822177648544312,0.0010605392744764686,0.25686806440353394,0.12113007158041,,,,,,,,,,,
220,0.18796874582767487,0.18796874582767487,MoE-sBOED,0.04979133605957031,14080,1.9401142597198486,1.3829905986785889,0.0010996621567755938,0.2550450563430786,0.12114477902650833,,,,,,,,,,,
221,0.1795312464237213,0.1795312464237213,MoE-sBOED,0.049881696701049805,14144,1.7770764827728271,1.3834161758422852,0.0009409052436240017,0.25547778606414795,0.12113445997238159,,,,,,,,,,,
222,0.15937499701976776,0.15937499701976776,MoE-sBOED,0.04926896095275879,14208,1.787269949913025,1.3835052251815796,0.0008564416784793139,0.2536255717277527,0.1211421862244606,,,,,,,,,,,
223,0.1795312464237213,0.1795312464237213,MoE-sBOED,0.04966163635253906,14272,1.9168717861175537,1.3831994533538818,0.0008159044664353132,0.25201815366744995,0.12116354703903198,,,,,,,,,,,
224,0.18046875298023224,0.18046875298023224,MoE-sBOED,0.048554182052612305,14336,1.9698419570922852,1.3825113773345947,0.0009725530399009585,0.2530680000782013,0.1211436539888382,,,,,,,,,,,
225,0.1823437511920929,0.1885937601327896,MoE-sBOED,0.04907059669494629,14400,1.8772437572479248,1.3819421529769897,0.0011454069754108787,0.25459644198417664,0.12113552540540695,0.18867187500000002,0.075546875,3,0.091315261764256,0.0234375,0.0078125,1,0.000234375,0.075546875,0,diagnostic_only
226,0.16828125715255737,0.16828125715255737,MoE-sBOED,0.04648137092590332,14464,1.726836085319519,1.381784439086914,0.001108459080569446,0.25994187593460083,0.12109540402889252,,,,,,,,,,,
227,0.17859375476837158,0.17859375476837158,MoE-sBOED,0.04801511764526367,14528,1.656664252281189,1.3820545673370361,0.0009132263367064297,0.2688640058040619,0.12099002301692963,,,,,,,,,,,
228,0.17390623688697815,0.17390623688697815,MoE-sBOED,0.049671173095703125,14592,1.6309123039245605,1.3820127248764038,0.0006289654993452132,0.274763822555542,0.12091133743524551,,,,,,,,,,,
229,0.1954687535762787,0.1954687535762787,MoE-sBOED,0.049072980880737305,14656,1.5906562805175781,1.3822845220565796,0.0005352651933208108,0.27449285984039307,0.12083476036787033,,,,,,,,,,,
230,0.18046875298023224,0.18046875298023224,MoE-sBOED,0.04991912841796875,14720,1.605386734008789,1.3812685012817383,0.0005983264418318868,0.28067076206207275,0.12070966511964798,,,,,,,,,,,
231,0.17250001430511475,0.17250001430511475,MoE-sBOED,0.04995608329772949,14784,1.642719030380249,1.3803925514221191,0.00045637579751200974,0.2842084765434265,0.12059029191732407,,,,,,,,,,,
232,0.19171875715255737,0.19171875715255737,MoE-sBOED,0.050150394439697266,14848,1.6564662456512451,1.3810174465179443,0.0006500365561805665,0.27981770038604736,0.12051564455032349,,,,,,,,,,,
233,0.17156249284744263,0.17156249284744263,MoE-sBOED,0.05004072189331055,14912,1.7787731885910034,1.3825650215148926,0.0006965650827623904,0.2716267704963684,0.1204729676246643,,,,,,,,,,,
234,0.17812499403953552,0.17812499403953552,MoE-sBOED,0.0499575138092041,14976,1.78645920753479,1.3837411403656006,0.0009046613122336566,0.2627507150173187,0.12046931684017181,,,,,,,,,,,
235,0.17484375834465027,0.17484375834465027,MoE-sBOED,0.049753427505493164,15040,1.6574405431747437,1.3844175338745117,0.0009098373702727258,0.25888296961784363,0.12049982696771622,,,,,,,,,,,
236,0.17578125,0.17578125,MoE-sBOED,0.04940676689147949,15104,1.6592601537704468,1.3846105337142944,0.0007719691493548453,0.2644985020160675,0.12053947150707245,,,,,,,,,,,
237,0.17156249284744263,0.17156249284744263,MoE-sBOED,0.04968094825744629,15168,1.6802648305892944,1.3840574026107788,0.0009223949164152145,0.27131468057632446,0.12058687955141068,,,,,,,,,,,
238,0.18328125774860382,0.18328125774860382,MoE-sBOED,0.04976224899291992,15232,1.6916354894638062,1.3825072050094604,0.00097584881586954,0.2812895178794861,0.12062666565179825,,,,,,,,,,,
239,0.1837500035762787,0.1837500035762787,MoE-sBOED,0.049706220626831055,15296,1.6811890602111816,1.3814462423324585,0.0012200522469356656,0.28662407398223877,0.12064601480960846,,,,,,,,,,,
240,0.18187499046325684,0.18187499046325684,MoE-sBOED,0.050043582916259766,15360,1.5767390727996826,1.3811568021774292,0.0013536113547161222,0.28785791993141174,0.12066208571195602,,,,,,,,,,,
241,0.16968749463558197,0.16968749463558197,MoE-sBOED,0.04965376853942871,15424,1.5899136066436768,1.3823153972625732,0.0013536167098209262,0.28119704127311707,0.12064798176288605,,,,,,,,,,,
242,0.17625001072883606,0.17625001072883606,MoE-sBOED,0.04960155487060547,15488,1.4198591709136963,1.383070945739746,0.00121684477198869,0.27894383668899536,0.120638906955719,,,,,,,,,,,
243,0.1589062511920929,0.1589062511920929,MoE-sBOED,0.04988694190979004,15552,1.353470802307129,1.38438880443573,0.0009845177410170436,0.27026253938674927,0.12059977650642395,,,,,,,,,,,
244,0.18937501311302185,0.18937501311302185,MoE-sBOED,0.049846649169921875,15616,1.4938669204711914,1.3851723670959473,0.0009792324854061007,0.25603997707366943,0.12053916603326797,,,,,,,,,,,
245,0.1771875023841858,0.1771875023841858,MoE-sBOED,0.05073356628417969,15680,1.5294361114501953,1.3849248886108398,0.0009376317611895502,0.2649916410446167,0.12045467644929886,,,,,,,,,,,
246,0.17859375476837158,0.17859375476837158,MoE-sBOED,0.04930686950683594,15744,1.5681346654891968,1.3836390972137451,0.0007534402539022267,0.27215442061424255,0.12037742882966995,,,,,,,,,,,
247,0.18281251192092896,0.18281251192092896,MoE-sBOED,0.050063133239746094,15808,1.7139757871627808,1.3827060461044312,0.000683313759509474,0.27550387382507324,0.12032748013734818,,,,,,,,,,,
248,0.1860937476158142,0.19234374165534973,MoE-sBOED,0.04917430877685547,15872,1.8348445892333984,1.3825712203979492,0.0006251644808799028,0.27719932794570923,0.12030812352895737,,,,,,,,,,,
249,0.17812499403953552,0.17812499403953552,MoE-sBOED,0.049341678619384766,15936,1.87809157371521,1.382918357849121,0.0008153073722496629,0.2765149772167206,0.12030088901519775,,,,,,,,,,,
250,0.18281251192092896,0.18281251192092896,MoE-sBOED,0.05001401901245117,16000,1.8886480331420898,1.383675456047058,0.0013057728065177798,0.2722013294696808,0.12029191851615906,0.18914062499999998,0.076015625,8,1.5159087947941772,0.0625,0.0078125,1,0.000234375,0.076015625,0,diagnostic_only
251,0.18187500536441803,0.18187500536441803,MoE-sBOED,0.04665493965148926,16064,1.8902969360351562,1.3845123052597046,0.00151418789755553,0.26119232177734375,0.120268315076828,,,,,,,,,,,
252,0.17624999582767487,0.17624999582767487,MoE-sBOED,0.047943115234375,16128,1.8548425436019897,1.3846824169158936,0.0015751434257254004,0.2575201690196991,0.12024912983179092,,,,,,,,,,,
253,0.18468749523162842,0.18468749523162842,MoE-sBOED,0.04939746856689453,16192,1.882158637046814,1.3844960927963257,0.001383986440487206,0.2584662139415741,0.12020399421453476,,,,,,,,,,,
254,0.1692187488079071,0.1692187488079071,MoE-sBOED,0.04935026168823242,16256,1.8014507293701172,1.3844627141952515,0.001306175603531301,0.25814953446388245,0.12014871090650558,,,,,,,,,,,
255,0.19078125059604645,0.19078125059604645,MoE-sBOED,0.049150705337524414,16320,1.8727506399154663,1.38407564163208,0.0013544056564569473,0.26021596789360046,0.12010013312101364,,,,,,,,,,,
256,0.1837500035762787,0.1837500035762787,MoE-sBOED,0.049501657485961914,16384,1.7733380794525146,1.3836220502853394,0.0012738690711557865,0.2661401033401489,0.12004920095205307,,,,,,,,,,,
257,0.18421876430511475,0.18421876430511475,MoE-sBOED,0.0490572452545166,16448,1.791674017906189,1.3832290172576904,0.001106077223084867,0.2681392729282379,0.12001703679561615,,,,,,,,,,,
258,0.17390625178813934,0.17390625178813934,MoE-sBOED,0.04984593391418457,16512,1.63177490234375,1.3836660385131836,0.0007939121569506824,0.2687756419181824,0.12000883370637894,,,,,,,,,,,
259,0.17859375476837158,0.17859375476837158,MoE-sBOED,0.04979419708251953,16576,1.7979897260665894,1.38410222530365,0.0004188290622550994,0.2640358805656433,0.12000155448913574,,,,,,,,,,,
260,0.17906251549720764,0.17906251549720764,MoE-sBOED,0.05014824867248535,16640,1.7305082082748413,1.3845056295394897,0.0003783899883273989,0.26210740208625793,0.12002585828304291,,,,,,,,,,,
261,0.1889062523841858,0.1889062523841858,MoE-sBOED,0.050180673599243164,16704,1.8154562711715698,1.3845762014389038,0.0004562052490655333,0.260105699300766,0.12003812193870544,,,,,,,,,,,
262,0.17765626311302185,0.17765626311302185,MoE-sBOED,0.04984641075134277,16768,1.7341541051864624,1.384812355041504,0.00041575616342015564,0.2609827518463135,0.1200115829706192,,,,,,,,,,,
263,0.18187500536441803,0.18187500536441803,MoE-sBOED,0.04987287521362305,16832,1.7528222799301147,1.3848127126693726,0.0005320014315657318,0.2592770755290985,0.11999919265508652,,,,,,,,,,,
264,0.15656250715255737,0.15656250715255737,MoE-sBOED,0.05014514923095703,16896,1.6397150754928589,1.385075569152832,0.00043488506344147027,0.2578892409801483,0.12000902742147446,,,,,,,,,,,
265,0.16171875596046448,0.16171875596046448,MoE-sBOED,0.05486011505126953,16960,1.6690013408660889,1.3851134777069092,0.00035388904507271945,0.2555290460586548,0.12001845240592957,,,,,,,,,,,
266,0.18843749165534973,0.18843749165534973,MoE-sBOED,0.06794977188110352,17024,1.749656081199646,1.384950876235962,0.0003464438777882606,0.2556585967540741,0.12001770734786987,,,,,,,,,,,
267,0.1846875101327896,0.1846875101327896,MoE-sBOED,0.050687551498413086,17088,1.7257922887802124,1.3849124908447266,0.0004003559588454664,0.25686562061309814,0.1199793666601181,,,,,,,,,,,
268,0.19499999284744263,0.19499999284744263,MoE-sBOED,0.05029559135437012,17152,1.811166763305664,1.384835958480835,0.0004321239539422095,0.25584155321121216,0.11992622166872025,,,,,,,,,,,
269,0.17812499403953552,0.17812499403953552,MoE-sBOED,0.048818111419677734,17216,1.8447654247283936,1.384885311126709,0.0004905733512714505,0.2562309503555298,0.11990326642990112,,,,,,,,,,,
270,0.1964062601327896,0.1964062601327896,MoE-sBOED,0.049869537353515625,17280,1.8943150043487549,1.3850501775741577,0.0005316258175298572,0.25579115748405457,0.11989784985780716,,,,,,,,,,,
271,0.1926562488079071,0.1926562488079071,MoE-sBOED,0.0498507022857666,17344,1.962598204612732,1.385091781616211,0.0007141263340599835,0.2539859414100647,0.11989077925682068,,,,,,,,,,,
272,0.17812499403953552,0.17812499403953552,MoE-sBOED,0.04946780204772949,17408,2.0387094020843506,1.3850468397140503,0.0009618776384741068,0.2563256323337555,0.11986958980560303,,,,,,,,,,,
273,0.18656250834465027,0.18656250834465027,MoE-sBOED,0.0493314266204834,17472,2.1710753440856934,1.3851245641708374,0.001292424276471138,0.2552006244659424,0.11981964856386185,,,,,,,,,,,
274,0.1809374988079071,0.1809374988079071,MoE-sBOED,0.049015045166015625,17536,2.280430555343628,1.385035514831543,0.0014495310606434941,0.2540459632873535,0.11976858228445053,,,,,,,,,,,
275,0.1889062523841858,0.1889062523841858,MoE-sBOED,0.049904823303222656,17600,2.075744390487671,1.3850960731506348,0.0012110190000385046,0.25534939765930176,0.11973574757575989,0.18421875,0.0859375,4,0.9803960537786449,0.03125,0.0390625,1,0.00140625,0.0859375,0,diagnostic_only
276,0.17859375476837158,0.17859375476837158,MoE-sBOED,0.04661250114440918,17664,1.9440557956695557,1.384831190109253,0.0007960500661283731,0.25649720430374146,0.11970328539609909,,,,,,,,,,,
277,0.1809374988079071,0.1809374988079071,MoE-sBOED,0.047728776931762695,17728,1.8799924850463867,1.3846429586410522,0.000578196020796895,0.2562723755836487,0.1196533739566803,,,,,,,,,,,
278,0.18140625953674316,0.18140625953674316,MoE-sBOED,0.04965829849243164,17792,1.9170506000518799,1.3844823837280273,0.0005488944007083774,0.25640079379081726,0.11959631741046906,,,,,,,,,,,
279,0.1706250011920929,0.1706250011920929,MoE-sBOED,0.04915595054626465,17856,1.8126928806304932,1.3844311237335205,0.0004156126524321735,0.25657927989959717,0.11957449465990067,,,,,,,,,,,
280,0.18328125774860382,0.18328125774860382,MoE-sBOED,0.04998445510864258,17920,1.7471202611923218,1.3844106197357178,0.00029159177211113274,0.2576046884059906,0.1195840835571289,,,,,,,,,,,
281,0.15515625476837158,0.15515625476837158,MoE-sBOED,0.05079817771911621,17984,1.599989891052246,1.384261131286621,0.00023341298219747841,0.260678768157959,0.11959803104400635,,,,,,,,,,,
282,0.1837500035762787,0.1837500035762787,MoE-sBOED,0.07223367691040039,18048,1.6005767583847046,1.3840773105621338,0.00021983010810799897,0.26339828968048096,0.11961150914430618,,,,,,,,,,,
283,0.16218748688697815,0.16218748688697815,MoE-sBOED,0.06415247917175293,18112,1.4560096263885498,1.3841309547424316,0.0002171341038774699,0.264789879322052,0.11963321268558502,,,,,,,,,,,
284,0.17109374701976776,0.17109374701976776,MoE-sBOED,0.05157351493835449,18176,1.5987310409545898,1.3842366933822632,0.0002881844702642411,0.26356586813926697,0.11964235454797745,,,,,,,,,,,
285,0.17484375834465027,0.17484375834465027,MoE-sBOED,0.050130605697631836,18240,1.8136515617370605,1.3842577934265137,0.00040818197885528207,0.26241204142570496,0.11963385343551636,,,,,,,,,,,
286,0.1771875023841858,0.1771875023841858,MoE-sBOED,0.05000877380371094,18304,1.80680513381958,1.384382963180542,0.0005760718486271799,0.2594453990459442,0.11963239312171936,,,,,,,,,,,
287,0.19359375536441803,0.19359375536441803,MoE-sBOED,0.04986405372619629,18368,2.044417381286621,1.3842929601669312,0.0006820716080255806,0.25729796290397644,0.1195930689573288,,,,,,,,,,,
288,0.18843750655651093,0.18843750655651093,MoE-sBOED,0.0489504337310791,18432,2.0975661277770996,1.3841896057128906,0.0006473163957707584,0.25689494609832764,0.11953086405992508,,,,,,,,,,,
289,0.18796876072883606,0.18796876072883606,MoE-sBOED,0.049669742584228516,18496,2.1720893383026123,1.3840159177780151,0.0005614840774796903,0.25552505254745483,0.11947956681251526,,,,,,,,,,,
290,0.18328124284744263,0.18328124284744263,MoE-sBOED,0.04989910125732422,18560,2.037818670272827,1.3838462829589844,0.0005335166351869702,0.2546510100364685,0.11943690478801727,,,,,,,,,,,
291,0.20203125476837158,0.20203125476837158,MoE-sBOED,0.050994873046875,18624,2.0867044925689697,1.3835461139678955,0.0007171957986429334,0.2534332573413849,0.11941174417734146,,,,,,,,,,,
292,0.18562500178813934,0.18562500178813934,MoE-sBOED,0.0506591796875,18688,2.0465707778930664,1.38352370262146,0.0008352281874977052,0.25390195846557617,0.11940352618694305,,,,,,,,,,,
293,0.1860937476158142,0.1860937476158142,MoE-sBOED,0.049262046813964844,18752,2.1688899993896484,1.3833909034729004,0.0008277912857010961,0.2536886930465698,0.11940344423055649,,,,,,,,,,,
294,0.1743749976158142,0.1743749976158142,MoE-sBOED,0.04934811592102051,18816,1.9548523426055908,1.3833026885986328,0.0007285848259925842,0.25290074944496155,0.11940386891365051,,,,,,,,,,,
295,0.17531248927116394,0.17531248927116394,MoE-sBOED,0.0741574764251709,18880,1.8408093452453613,1.3832461833953857,0.0006073554395698011,0.2545088827610016,0.11940126121044159,,,,,,,,,,,
296,0.1846875101327896,0.1846875101327896,MoE-sBOED,0.060872554779052734,18944,1.7975053787231445,1.3830244541168213,0.0007534816977567971,0.2558472156524658,0.11939447373151779,,,,,,,,,,,
297,0.17390625178813934,0.17390625178813934,MoE-sBOED,0.062380075454711914,19008,1.8608367443084717,1.382900595664978,0.0010919565102085471,0.25691932439804077,0.11936259269714355,,,,,,,,,,,
298,0.18468749523162842,0.18468749523162842,MoE-sBOED,0.06518173217773438,19072,1.9721155166625977,1.382949709892273,0.0013203482376411557,0.2568017840385437,0.11931159347295761,,,,,,,,,,,
299,0.1795312464237213,0.1795312464237213,MoE-sBOED,0.051044464111328125,19136,1.9050872325897217,1.383170485496521,0.0015385126462206244,0.25732630491256714,0.11925993114709854,,,,,,,,,,,
300,0.17250001430511475,0.17250001430511475,MoE-sBOED,0.05063271522521973,19200,1.8869826793670654,1.3833777904510498,0.002047494985163212,0.2573360502719879,0.11922407895326614,0.18632812499999998,0.07320312500000001,13,1.0026596654707043,0.1015625,0.0078125,1,0.000234375,0.07320312500000001,0,diagnostic_only
301,0.17578125,0.17578125,MoE-sBOED,0.04671621322631836,19264,2.0300538539886475,1.3834408521652222,0.0025144920218735933,0.25616157054901123,0.11918472498655319,,,,,,,,,,,
302,0.19312499463558197,0.19312499463558197,MoE-sBOED,0.051866769790649414,19328,2.004197835922241,1.3836803436279297,0.0022730485070496798,0.2545996606349945,0.11912639439105988,,,,,,,,,,,
303,0.1837500035762787,0.1837500035762787,MoE-sBOED,0.05248832702636719,19392,1.980717420578003,1.383803129196167,0.0016456261510029435,0.2518605887889862,0.11906333267688751,,,,,,,,,,,
304,0.1795312464237213,0.1795312464237213,MoE-sBOED,0.05713033676147461,19456,1.9237298965454102,1.3840821981430054,0.0010779250878840685,0.25240451097488403,0.11900828033685684,,,,,,,,,,,
305,0.19312500953674316,0.19312500953674316,MoE-sBOED,0.054743051528930664,19520,2.03841495513916,1.3840162754058838,0.0008485147263854742,0.2521922290325165,0.11896731704473495,,,,,,,,,,,
306,0.17484375834465027,0.17484375834465027,MoE-sBOED,0.04985785484313965,19584,2.0871570110321045,1.383880376815796,0.0007901278440840542,0.25321251153945923,0.11893940716981888,,,,,,,,,,,
307,0.17625001072883606,0.17625001072883606,MoE-sBOED,0.05996346473693848,19648,2.1315836906433105,1.3838251829147339,0.0006833105580881238,0.25355225801467896,0.11890678107738495,,,,,,,,,,,
308,0.2006250023841858,0.2006250023841858,MoE-sBOED,0.061799049377441406,19712,2.1327967643737793,1.383787989616394,0.0007866315427236259,0.2559152841567993,0.11888551712036133,,,,,,,,,,,
309,0.18796876072883606,0.18796876072883606,MoE-sBOED,0.054053306579589844,19776,2.114682912826538,1.3838756084442139,0.0010180958779528737,0.25730374455451965,0.11888539791107178,,,,,,,,,,,
310,0.2006250023841858,0.2006250023841858,MoE-sBOED,0.0507206916809082,19840,2.0832459926605225,1.3839941024780273,0.0009857347467914224,0.2574630379676819,0.11890803277492523,,,,,,,,,,,
311,0.18656250834465027,0.18656250834465027,MoE-sBOED,0.06361699104309082,19904,2.114541530609131,1.3842027187347412,0.0007606684812344611,0.2529183328151703,0.11892765760421753,,,,,,,,,,,
312,0.1837500035762787,0.1837500035762787,MoE-sBOED,0.0508885383605957,19968,2.271775245666504,1.3842333555221558,0.0006027490017004311,0.2524709105491638,0.118911974132061,,,,,,,,,,,
313,0.1692187488079071,0.1692187488079071,MoE-sBOED,0.04955458641052246,20032,2.238743543624878,1.3842029571533203,0.00047499153879471123,0.2543606758117676,0.11890071630477905,,,,,,,,,,,
314,0.16312500834465027,0.16312500834465027,MoE-sBOED,0.04992222785949707,20096,2.293390989303589,1.3842968940734863,0.0005570690263994038,0.25512823462486267,0.11888948082923889,,,,,,,,,,,
315,0.17625001072883606,0.17625001072883606,MoE-sBOED,0.04973316192626953,20160,2.29659366607666,1.3844051361083984,0.0006301733083091676,0.25548648834228516,0.11888325959444046,,,,,,,,,,,
316,0.17531250417232513,0.17531250417232513,MoE-sBOED,0.05047035217285156,20224,2.2741382122039795,1.3844674825668335,0.0007538167992606759,0.2548479437828064,0.11889010667800903,,,,,,,,,,,
317,0.1720312535762787,0.1782812476158142,MoE-sBOED,0.06026005744934082,20288,2.3395791053771973,1.3844749927520752,0.0008995468961074948,0.2547532320022583,0.11886986345052719,,,,,,,,,,,
318,0.19640624523162842,0.19640624523162842,MoE-sBOED,0.05146670341491699,20352,2.3878562450408936,1.3844983577728271,0.0009518673759885132,0.2544448971748352,0.1188405454158783,,,,,,,,,,,
319,0.18937499821186066,0.18937499821186066,MoE-sBOED,0.05031442642211914,20416,2.2966690063476562,1.3843109607696533,0.0009276614291593432,0.2531561553478241,0.11884159594774246,,,,,,,,,,,
320,0.16593749821186066,0.16593749821186066,MoE-sBOED,0.049326419830322266,20480,2.2971324920654297,1.3842942714691162,0.0008970995550043881,0.25301244854927063,0.11882448941469193,,,,,,,,,,,
321,0.19218748807907104,0.19218748807907104,MoE-sBOED,0.050067901611328125,20544,2.3013758659362793,1.3842289447784424,0.000869989802595228,0.2536988854408264,0.11878333985805511,,,,,,,,,,,
322,0.1720312535762787,0.1720312535762787,MoE-sBOED,0.05087637901306152,20608,2.301567792892456,1.383988380432129,0.001034521497786045,0.2533300518989563,0.11875559389591217,,,,,,,,,,,
323,0.1809374988079071,0.1809374988079071,MoE-sBOED,0.05930066108703613,20672,2.3641107082366943,1.3839035034179688,0.0016304864548146725,0.25354433059692383,0.11875276267528534,,,,,,,,,,,
324,0.19312500953674316,0.19312500953674316,MoE-sBOED,0.05153632164001465,20736,2.319538116455078,1.3838518857955933,0.001852952758781612,0.2530873119831085,0.11875646561384201,,,,,,,,,,,
325,0.1720312535762787,0.1876562386751175,MoE-sBOED,0.05208325386047363,20800,2.280805826187134,1.38340425491333,0.001759219914674759,0.2552531659603119,0.11876478046178818,0.185859375,0.072734375,3,0.12604970513908959,0.0234375,0.0078125,1,0.000234375,0.072734375,0,diagnostic_only
326,0.18515625596046448,0.18515625596046448,MoE-sBOED,0.04672646522521973,20864,2.3196299076080322,1.38316011428833,0.001816551317460835,0.25778061151504517,0.11878188699483871,,,,,,,,,,,
327,0.18328124284744263,0.18328124284744263,MoE-sBOED,0.047638893127441406,20928,2.227797031402588,1.382993459701538,0.0021690751891583204,0.25776782631874084,0.11881475895643234,,,,,,,,,,,
328,0.19640624523162842,0.19640624523162842,MoE-sBOED,0.06038022041320801,20992,2.23681378364563,1.3833106756210327,0.0026591639034450054,0.25364214181900024,0.11884232610464096,,,,,,,,,,,
329,0.19687500596046448,0.19687500596046448,MoE-sBOED,0.051444292068481445,21056,2.2893168926239014,1.3834850788116455,0.0036718968767672777,0.25477272272109985,0.11886821687221527,,,,,,,,,,,
330,0.17390625178813934,0.17390625178813934,MoE-sBOED,0.05059456825256348,21120,2.1729023456573486,1.383687973022461,0.0039113969542086124,0.25549814105033875,0.11889670789241791,,,,,,,,,,,
331,0.18000000715255737,0.18000000715255737,MoE-sBOED,0.048909902572631836,21184,2.1038167476654053,1.3838032484054565,0.0036881251726299524,0.25550544261932373,0.11892776191234589,,,,,,,,,,,
332,0.1795312464237213,0.1795312464237213,MoE-sBOED,0.049361228942871094,21248,2.0817108154296875,1.3839356899261475,0.003140519605949521,0.2548675239086151,0.1189652606844902,,,,,,,,,,,
333,0.18046873807907104,0.18046873807907104,MoE-sBOED,0.04998946189880371,21312,1.9868700504302979,1.3840545415878296,0.00244668941013515,0.254134863615036,0.11900055408477783,,,,,,,,,,,
334,0.18656250834465027,0.18656250834465027,MoE-sBOED,0.049918413162231445,21376,1.9254944324493408,1.3841533660888672,0.002311290241777897,0.25321465730667114,0.11902808398008347,,,,,,,,,,,
335,0.19218750298023224,0.19218750298023224,MoE-sBOED,0.050090789794921875,21440,2.004146099090576,1.384196162223816,0.0024660038761794567,0.25288280844688416,0.11906357854604721,,,,,,,,,,,
336,0.17015624046325684,0.17015624046325684,MoE-sBOED,0.049744367599487305,21504,1.934646487236023,1.3843200206756592,0.0020603023003786802,0.25304901599884033,0.11911719292402267,,,,,,,,,,,
337,0.16593751311302185,0.16593751311302185,MoE-sBOED,0.0503997802734375,21568,1.9655379056930542,1.384526252746582,0.001723463530652225,0.2545495927333832,0.1191643550992012,,,,,,,,,,,
338,0.1912499964237213,0.1912499964237213,MoE-sBOED,0.04932069778442383,21632,2.0125081539154053,1.3843859434127808,0.001514083007350564,0.2596810758113861,0.11919661611318588,,,,,,,,,,,
339,0.17156249284744263,0.17156249284744263,MoE-sBOED,0.04935956001281738,21696,1.9613697528839111,1.3844093084335327,0.0013906022068113089,0.26153257489204407,0.11925037950277328,,,,,,,,,,,
340,0.17671874165534973,0.17671874165534973,MoE-sBOED,0.049985408782958984,21760,2.0487611293792725,1.384015440940857,0.0017073811031877995,0.2666226625442505,0.11933822184801102,,,,,,,,,,,
341,0.18796874582767487,0.18796874582767487,MoE-sBOED,0.05142784118652344,21824,2.0798258781433105,1.3840688467025757,0.0018962501781061292,0.2641325891017914,0.11939859390258789,,,,,,,,,,,
342,0.19171875715255737,0.19171875715255737,MoE-sBOED,0.05100393295288086,21888,1.951582670211792,1.384458303451538,0.0017252673860639334,0.2588593661785126,0.11944063007831573,,,,,,,,,,,
343,0.17671875655651093,0.17671875655651093,MoE-sBOED,0.05030512809753418,21952,1.7600934505462646,1.3841733932495117,0.001506547792814672,0.26450854539871216,0.11948239058256149,,,,,,,,,,,
344,0.18000000715255737,0.18000000715255737,MoE-sBOED,0.04960465431213379,22016,1.876176357269287,1.3838989734649658,0.001439817831851542,0.26733601093292236,0.1194821298122406,,,,,,,,,,,
345,0.17671875655651093,0.17671875655651093,MoE-sBOED,0.049660444259643555,22080,1.8599427938461304,1.3837449550628662,0.001269297325052321,0.2683776319026947,0.11947166174650192,,,,,,,,,,,
346,0.19359375536441803,0.19359375536441803,MoE-sBOED,0.06142139434814453,22144,2.0478832721710205,1.3844507932662964,0.0015307110734283924,0.26329144835472107,0.1194881871342659,,,,,,,,,,,
347,0.18140625953674316,0.18140625953674316,MoE-sBOED,0.05036425590515137,22208,2.1581687927246094,1.3849128484725952,0.0018047610064968467,0.2571594715118408,0.11949529498815536,,,,,,,,,,,
348,0.18984374403953552,0.18984374403953552,MoE-sBOED,0.05015969276428223,22272,2.244441032409668,1.3851146697998047,0.001452605240046978,0.2537996470928192,0.11946116387844086,,,,,,,,,,,
349,0.18937499821186066,0.18937499821186066,MoE-sBOED,0.0495758056640625,22336,2.2593863010406494,1.3850387334823608,0.0010477086761966348,0.25471189618110657,0.11938251554965973,,,,,,,,,,,
350,0.18187500536441803,0.18187500536441803,MoE-sBOED,0.04995393753051758,22400,2.0977587699890137,1.384785532951355,0.0009516531717963517,0.25771045684814453,0.11929944157600403,0.1884375,0.0753125,4,0.6602538097212577,0.03125,0.0078125,1,0.000234375,0.0753125,0,diagnostic_only
351,0.19312500953674316,0.19312500953674316,MoE-sBOED,0.04658865928649902,22464,2.041759490966797,1.3843889236450195,0.0010574056068435311,0.25810298323631287,0.119245745241642,,,,,,,,,,,
352,0.19078125059604645,0.19078125059604645,MoE-sBOED,0.04789161682128906,22528,2.008024215698242,1.3841524124145508,0.00133799621835351,0.2582680881023407,0.11919831484556198,,,,,,,,,,,
353,0.17296874523162842,0.17296874523162842,MoE-sBOED,0.049390316009521484,22592,2.049893617630005,1.3841737508773804,0.0014600998256355524,0.25923222303390503,0.11916022002696991,,,,,,,,,,,
354,0.17484375834465027,0.17484375834465027,MoE-sBOED,0.049720048904418945,22656,2.0322933197021484,1.3840769529342651,0.001536707510240376,0.2605838477611542,0.11911728233098984,,,,,,,,,,,
355,0.17625001072883606,0.17625001072883606,MoE-sBOED,0.05037283897399902,22720,2.187802314758301,1.3842047452926636,0.001814016024582088,0.2589033246040344,0.11906830966472626,,,,,,,,,,,
356,0.18937501311302185,0.18937501311302185,MoE-sBOED,0.050191402435302734,22784,2.0455751419067383,1.3841197490692139,0.0018677000189200044,0.2622476816177368,0.1190093606710434,,,,,,,,,,,
357,0.1809374988079071,0.1809374988079071,MoE-sBOED,0.04929947853088379,22848,2.0095229148864746,1.3844034671783447,0.0017435739282518625,0.2627076208591461,0.11897514015436172,,,,,,,,,,,
358,0.1720312535762787,0.1720312535762787,MoE-sBOED,0.050293684005737305,22912,2.02462100982666,1.3847755193710327,0.001682778587564826,0.25960344076156616,0.1189531460404396,,,,,,,,,,,
359,0.20015625655651093,0.20015625655651093,MoE-sBOED,0.05076169967651367,22976,2.0282907485961914,1.3849443197250366,0.0020464202389121056,0.2580532133579254,0.11892569065093994,,,,,,,,,,,
360,0.1926562488079071,0.1926562488079071,MoE-sBOED,0.04999876022338867,23040,1.9492378234863281,1.3850665092468262,0.002816640306264162,0.2567442059516907,0.11888279765844345,,,,,,,,,,,
361,0.1809375137090683,0.1809375137090683,MoE-sBOED,0.04996037483215332,23104,2.094508171081543,1.385195255279541,0.003670352278277278,0.2560274004936218,0.11881799250841141,,,,,,,,,,,
362,0.1809374988079071,0.1809374988079071,MoE-sBOED,0.049948692321777344,23168,2.150343418121338,1.3852909803390503,0.0038468423299491405,0.25396454334259033,0.11876699328422546,,,,,,,,,,,
363,0.18562500178813934,0.18562500178813934,MoE-sBOED,0.04990077018737793,23232,2.081695079803467,1.3852390050888062,0.0031183427199721336,0.25407013297080994,0.11876387894153595,,,,,,,,,,,
364,0.16875000298023224,0.16875000298023224,MoE-sBOED,0.05074357986450195,23296,2.1357970237731934,1.385063648223877,0.0025377993006259203,0.2567877769470215,0.11875374615192413,,,,,,,,,,,
365,0.1823437511920929,0.1823437511920929,MoE-sBOED,0.04926776885986328,23360,2.1280477046966553,1.3851193189620972,0.0022456219885498285,0.2550981938838959,0.11872829496860504,,,,,,,,,,,
366,0.1837500035762787,0.1837500035762787,MoE-sBOED,0.04994606971740723,23424,2.2000179290771484,1.3851122856140137,0.0018308431608602405,0.25351083278656006,0.11869335174560547,,,,,,,,,,,
367,0.19078125059604645,0.19078125059604645,MoE-sBOED,0.04933452606201172,23488,2.1903419494628906,1.385141134262085,0.0013916674070060253,0.2558172047138214,0.11866246163845062,,,,,,,,,,,
368,0.17484375834465027,0.17484375834465027,MoE-sBOED,0.050383806228637695,23552,2.1002321243286133,1.385190725326538,0.0010650657350197434,0.2595246434211731,0.11863845586776733,,,,,,,,,,,
369,0.1809374988079071,0.1809374988079071,MoE-sBOED,0.050066471099853516,23616,2.0316295623779297,1.3851397037506104,0.0014505604049190879,0.26045018434524536,0.1186084970831871,,,,,,,,,,,
370,0.18140625953674316,0.18140625953674316,MoE-sBOED,0.05121588706970215,23680,2.003798484802246,1.3849427700042725,0.0022702470887452364,0.2589462399482727,0.11857861280441284,,,,,,,,,,,
371,0.1743749976158142,0.1743749976158142,MoE-sBOED,0.05040884017944336,23744,1.973787546157837,1.3848742246627808,0.002716244198381901,0.25678133964538574,0.11854571849107742,,,,,,,,,,,
372,0.17812499403953552,0.17812499403953552,MoE-sBOED,0.049970149993896484,23808,1.888321876525879,1.384901523590088,0.00218419567681849,0.2575230598449707,0.1185218021273613,,,,,,,,,,,
373,0.1603125035762787,0.1603125035762787,MoE-sBOED,0.05026125907897949,23872,1.8301219940185547,1.3849811553955078,0.0016617977526038885,0.2586824893951416,0.11851023882627487,,,,,,,,,,,
374,0.1954687535762787,0.1954687535762787,MoE-sBOED,0.050128936767578125,23936,1.9707731008529663,1.3848241567611694,0.0019774925895035267,0.2592514455318451,0.11851835995912552,,,,,,,,,,,
375,0.17671875655651093,0.17671875655651093,MoE-sBOED,0.05058574676513672,24000,2.062077522277832,1.384610652923584,0.0024094765540212393,0.2603335380554199,0.11853443831205368,0.18632812499999998,0.076328125,5,0.9724886916227663,0.0390625,0.015625,1,0.00046875,0.076328125,0,diagnostic_only
376,0.1795312613248825,0.1795312613248825,MoE-sBOED,0.04680299758911133,24064,2.0643975734710693,1.3843358755111694,0.0025793281383812428,0.2629815936088562,0.11853282898664474,,,,,,,,,,,
377,0.17906251549720764,0.17906251549720764,MoE-sBOED,0.0482180118560791,24128,2.1266417503356934,1.3841381072998047,0.0024030290078371763,0.26509225368499756,0.11854024976491928,,,,,,,,,,,
378,0.17109376192092896,0.17109376192092896,MoE-sBOED,0.04998278617858887,24192,2.0923027992248535,1.3842004537582397,0.0020894533954560757,0.2645866870880127,0.11856432259082794,,,,,,,,,,,
379,0.18187500536441803,0.18187500536441803,MoE-sBOED,0.05025196075439453,24256,2.0856900215148926,1.3842418193817139,0.0018925219774246216,0.2627413868904114,0.11859108507633209,,,,,,,,,,,
380,0.17812499403953552,0.17812499403953552,MoE-sBOED,0.050423383712768555,24320,2.092397451400757,1.3844430446624756,0.0018060340080410242,0.2591637372970581,0.11862363666296005,,,,,,,,,,,
381,0.18562498688697815,0.18562498688697815,MoE-sBOED,0.05016207695007324,24384,2.008115768432617,1.3845434188842773,0.0017129355110228062,0.2547217309474945,0.11863651871681213,,,,,,,,,,,
382,0.1678124964237213,0.1678124964237213,MoE-sBOED,0.04986572265625,24448,1.8263521194458008,1.3844773769378662,0.0015035271644592285,0.25748980045318604,0.11863995343446732,,,,,,,,,,,
383,0.19218750298023224,0.19218750298023224,MoE-sBOED,0.04914212226867676,24512,2.04899263381958,1.3843755722045898,0.001602908712811768,0.25439608097076416,0.11862559616565704,,,,,,,,,,,
384,0.18562501668930054,0.18562501668930054,MoE-sBOED,0.04996967315673828,24576,2.160163164138794,1.3839906454086304,0.0012389488983899355,0.25648924708366394,0.11860764026641846,,,,,,,,,,,
385,0.17671874165534973,0.17671874165534973,MoE-sBOED,0.050344228744506836,24640,2.0110816955566406,1.383197546005249,0.0009204063680954278,0.2609196901321411,0.11859012395143509,,,,,,,,,,,
386,0.18984375894069672,0.18984375894069672,MoE-sBOED,0.052005767822265625,24704,1.9654144048690796,1.3825304508209229,0.001514723990112543,0.264498233795166,0.11858207732439041,,,,,,,,,,,
387,0.17484375834465027,0.17484375834465027,MoE-sBOED,0.049617767333984375,24768,1.9967296123504639,1.3823976516723633,0.0027581762988120317,0.2681836485862732,0.1185668408870697,,,,,,,,,,,
388,0.18046876788139343,0.18046876788139343,MoE-sBOED,0.05004262924194336,24832,1.9113199710845947,1.3824247121810913,0.003094716928899288,0.2669502794742584,0.11855974048376083,,,,,,,,,,,
389,0.18421874940395355,0.18421874940395355,MoE-sBOED,0.05029559135437012,24896,1.9344462156295776,1.3829431533813477,0.002415919443592429,0.26119741797447205,0.11855823546648026,,,,,,,,,,,
390,0.19593751430511475,0.19593751430511475,MoE-sBOED,0.0497584342956543,24960,1.9018476009368896,1.3833431005477905,0.0017643277533352375,0.26367121934890747,0.1185700073838234,,,,,,,,,,,
391,0.1860937476158142,0.1860937476158142,MoE-sBOED,0.04960274696350098,25024,1.7456328868865967,1.383276343345642,0.001600702409632504,0.2670506238937378,0.11861107498407364,,,,,,,,,,,
392,0.1771875023841858,0.1771875023841858,MoE-sBOED,0.049770355224609375,25088,1.8710012435913086,1.3838495016098022,0.0014393875608220696,0.264310359954834,0.11860048025846481,,,,,,,,,,,
393,0.17343749105930328,0.17343749105930328,MoE-sBOED,0.050005435943603516,25152,1.8530464172363281,1.3842504024505615,0.0011752736754715443,0.2604530453681946,0.11854561418294907,,,,,,,,,,,
394,0.19734375178813934,0.19734375178813934,MoE-sBOED,0.04990530014038086,25216,1.843282699584961,1.3843610286712646,0.0014338865876197815,0.26379287242889404,0.11850371956825256,,,,,,,,,,,
395,0.18515625596046448,0.18515625596046448,MoE-sBOED,0.05008268356323242,25280,1.8883988857269287,1.3844112157821655,0.0012665803078562021,0.26385387778282166,0.11847513169050217,,,,,,,,,,,
396,0.16874998807907104,0.16874998807907104,MoE-sBOED,0.0500795841217041,25344,1.966666579246521,1.3845701217651367,0.0010596966603770852,0.2636588513851166,0.11840812861919403,,,,,,,,,,,
397,0.17578125,0.17578125,MoE-sBOED,0.04974961280822754,25408,1.9845527410507202,1.3846254348754883,0.0007560368976555765,0.26259785890579224,0.11834673583507538,,,,,,,,,,,
398,0.19171875715255737,0.19171875715255737,MoE-sBOED,0.04917120933532715,25472,1.934276819229126,1.384734869003296,0.00046823659795336425,0.26010575890541077,0.1183173879981041,,,,,,,,,,,
399,0.17531250417232513,0.17531250417232513,MoE-sBOED,0.04981589317321777,25536,2.029404401779175,1.3847836256027222,0.0009432557271793485,0.2577909231185913,0.11828850209712982,,,,,,,,,,,
400,0.1926562488079071,0.1926562488079071,MoE-sBOED,0.049997806549072266,25600,1.933325171470642,1.3846009969711304,0.0012691209558397532,0.25951430201530457,0.118236243724823,0.1846875,0.0715625,7,1.1489512768235848,0.0546875,0.0078125,1,0.000234375,0.0715625,0,diagnostic_only
401,0.17343749105930328,0.17343749105930328,MoE-sBOED,0.04665088653564453,25664,1.989603042602539,1.3844773769378662,0.0017260691383853555,0.25993967056274414,0.11820079386234283,,,,,,,,,,,
402,0.1692187488079071,0.1692187488079071,MoE-sBOED,0.048310279846191406,25728,1.9996875524520874,1.3846306800842285,0.001985701499506831,0.261269211769104,0.11817625164985657,,,,,,,,,,,
403,0.17812499403953552,0.17812499403953552,MoE-sBOED,0.048856258392333984,25792,2.0603673458099365,1.384727954864502,0.002591337077319622,0.25926661491394043,0.11816826462745667,,,,,,,,,,,
404,0.17999999225139618,0.17999999225139618,MoE-sBOED,0.04888653755187988,25856,1.9311193227767944,1.3850253820419312,0.0027581139001995325,0.25851720571517944,0.1181832030415535,,,,,,,,,,,
405,0.19359375536441803,0.19359375536441803,MoE-sBOED,0.04921531677246094,25920,2.056330919265747,1.3851971626281738,0.0028122744988650084,0.25454315543174744,0.11819824576377869,,,,,,,,,,,
406,0.1795312464237213,0.1795312464237213,MoE-sBOED,0.04983115196228027,25984,2.049118995666504,1.3847941160202026,0.002764076227322221,0.26318103075027466,0.11821427941322327,,,,,,,,,,,
407,0.18281251192092896,0.18281251192092896,MoE-sBOED,0.04950094223022461,26048,2.094430923461914,1.3839277029037476,0.002554842736572027,0.271842360496521,0.11821599304676056,,,,,,,,,,,
408,0.18796874582767487,0.18796874582767487,MoE-sBOED,0.04970240592956543,26112,2.183173179626465,1.383042573928833,0.0021393001079559326,0.2788519263267517,0.1181735098361969,,,,,,,,,,,
409,0.1795312464237213,0.1795312464237213,MoE-sBOED,0.049993038177490234,26176,2.205228090286255,1.383329153060913,0.0016737786354497075,0.2774926722049713,0.11808962374925613,,,,,,,,,,,
410,0.18281249701976776,0.18281249701976776,MoE-sBOED,0.050226449966430664,26240,2.1606194972991943,1.383772850036621,0.0012983157066628337,0.2753978371620178,0.11803153902292252,,,,,,,,,,,
411,0.1626562476158142,0.1626562476158142,MoE-sBOED,0.049981117248535156,26304,2.0509982109069824,1.3840665817260742,0.0010143552208319306,0.27316421270370483,0.11803391575813293,,,,,,,,,,,
412,0.17484375834465027,0.17484375834465027,MoE-sBOED,0.05015063285827637,26368,1.9984211921691895,1.3842509984970093,0.0009290067828260362,0.27176594734191895,0.11805855482816696,,,,,,,,,,,
413,0.19078125059604645,0.19078125059604645,MoE-sBOED,0.04946780204772949,26432,1.8371050357818604,1.384469985961914,0.0010206819279119372,0.2700411081314087,0.1181119829416275,,,,,,,,,,,
414,0.17859375476837158,0.17859375476837158,MoE-sBOED,0.04920363426208496,26496,1.9388234615325928,1.3846304416656494,0.0010451212292537093,0.2681800127029419,0.11815723776817322,,,,,,,,,,,
415,0.1875,0.1875,MoE-sBOED,0.05015730857849121,26560,1.7923903465270996,1.385166049003601,0.0010212003253400326,0.2611079812049866,0.11817087233066559,,,,,,,,,,,
416,0.17296874523162842,0.17296874523162842,MoE-sBOED,0.058959007263183594,26624,1.8538340330123901,1.3853960037231445,0.0010054284939542413,0.2569108307361603,0.11817464232444763,,,,,,,,,,,
417,0.18421876430511475,0.18421876430511475,MoE-sBOED,0.050919532775878906,26688,1.8867435455322266,1.3855721950531006,0.0008000602247193456,0.25151166319847107,0.11816161870956421,,,,,,,,,,,
418,0.18656250834465027,0.18656250834465027,MoE-sBOED,0.049607276916503906,26752,2.0005440711975098,1.3855640888214111,0.000769544392824173,0.25222599506378174,0.11813618987798691,,,,,,,,,,,
419,0.19078125059604645,0.19078125059604645,MoE-sBOED,0.05046558380126953,26816,2.047327756881714,1.385520339012146,0.0008042261470109224,0.2508932650089264,0.1180974468588829,,,,,,,,,,,
420,0.1926562488079071,0.1926562488079071,MoE-sBOED,0.04816699028015137,26880,2.0929672718048096,1.385433554649353,0.0007636941154487431,0.2525288462638855,0.11806238442659378,,,,,,,,,,,
421,0.17484375834465027,0.17484375834465027,MoE-sBOED,0.05160355567932129,26944,2.0439701080322266,1.3853473663330078,0.0007439472828991711,0.2561756670475006,0.1180129274725914,,,,,,,,,,,
422,0.1837500035762787,0.1837500035762787,MoE-sBOED,0.06266927719116211,27008,1.9440444707870483,1.3853235244750977,0.0006929523660801351,0.2580677270889282,0.11798276752233505,,,,,,,,,,,
423,0.18515625596046448,0.18515625596046448,MoE-sBOED,0.05107307434082031,27072,1.901597023010254,1.385446548461914,0.0007435742882080376,0.254410982131958,0.11797790974378586,,,,,,,,,,,
424,0.20015625655651093,0.20015625655651093,MoE-sBOED,0.05087018013000488,27136,1.8523038625717163,1.385434627532959,0.0008935125661082566,0.2575293183326721,0.11796535551548004,,,,,,,,,,,
425,0.1795312613248825,0.1795312613248825,MoE-sBOED,0.049047231674194336,27200,1.8993101119995117,1.3853187561035156,0.0010190062457695603,0.2602897882461548,0.1179599016904831,0.1903125,0.07718750000000002,2,0.5253213195155949,0.015625,0.0078125,1,0.000234375,0.07718750000000002,0,diagnostic_only
426,0.17343750596046448,0.17343750596046448,MoE-sBOED,0.04693865776062012,27264,1.7102651596069336,1.385027289390564,0.0010037800529971719,0.2652151584625244,0.11797074228525162,,,,,,,,,,,
427,0.18187500536441803,0.18187500536441803,MoE-sBOED,0.0476834774017334,27328,1.8067796230316162,1.384869933128357,0.001070397556759417,0.2672135829925537,0.1179744228720665,,,,,,,,,,,
428,0.17812499403953552,0.17812499403953552,MoE-sBOED,0.0499730110168457,27392,1.7820367813110352,1.3851274251937866,0.0011276764562353492,0.26424503326416016,0.11797802895307541,,,,,,,,,,,
429,0.16687500476837158,0.16687500476837158,MoE-sBOED,0.0497126579284668,27456,1.8420283794403076,1.3855350017547607,0.001116449013352394,0.25554245710372925,0.11797206103801727,,,,,,,,,,,
430,0.19312500953674316,0.19312500953674316,MoE-sBOED,0.04949307441711426,27520,1.8623569011688232,1.3856333494186401,0.0011195664992555976,0.25254887342453003,0.11797069013118744,,,,,,,,,,,
431,0.17343750596046448,0.1796875,MoE-sBOED,0.04965543746948242,27584,1.899607539176941,1.3855400085449219,0.001116543891839683,0.25476714968681335,0.11796247959136963,,,,,,,,,,,
432,0.1626562625169754,0.1626562625169754,MoE-sBOED,0.05030059814453125,27648,1.9458863735198975,1.3853334188461304,0.0015107442159205675,0.2605358362197876,0.11796502768993378,,,,,,,,,,,
433,0.17109374701976776,0.17109374701976776,MoE-sBOED,0.050052642822265625,27712,1.8784440755844116,1.3838870525360107,0.0015938050346449018,0.2741987705230713,0.11801141500473022,,,,,,,,,,,
434,0.19453124701976776,0.19453124701976776,MoE-sBOED,0.050086259841918945,27776,1.9538207054138184,1.3821179866790771,0.0014903462724760175,0.2834213972091675,0.11805414408445358,,,,,,,,,,,
435,0.19968751072883606,0.19968751072883606,MoE-sBOED,0.04973173141479492,27840,1.9447282552719116,1.3843730688095093,0.001121780020184815,0.26543769240379333,0.11800824850797653,,,,,,,,,,,
436,0.18328125774860382,0.18328125774860382,MoE-sBOED,0.04991626739501953,27904,1.9692165851593018,1.3835017681121826,0.0006112403934821486,0.27611926198005676,0.11788478493690491,,,,,,,,,,,
437,0.1692187488079071,0.1692187488079071,MoE-sBOED,0.05032634735107422,27968,1.996809482574463,1.3814013004302979,0.0006908754003234208,0.28230854868888855,0.11777940392494202,,,,,,,,,,,
438,0.1795312464237213,0.1795312464237213,MoE-sBOED,0.048423051834106445,28032,2.0661940574645996,1.3811801671981812,0.0017310617258772254,0.2786596119403839,0.11767006665468216,,,,,,,,,,,
439,0.1875,0.1875,MoE-sBOED,0.05005979537963867,28096,2.0926907062530518,1.3814325332641602,0.003039759350940585,0.2759895920753479,0.11758468300104141,,,,,,,,,,,
440,0.17390626668930054,0.17390626668930054,MoE-sBOED,0.05003833770751953,28160,1.9500272274017334,1.382554531097412,0.0028127499390393496,0.2683754563331604,0.11751356720924377,,,,,,,,,,,
441,0.18468749523162842,0.18468749523162842,MoE-sBOED,0.04984092712402344,28224,1.975534439086914,1.3834364414215088,0.002019805135205388,0.26252835988998413,0.11745476722717285,,,,,,,,,,,
442,0.19453126192092896,0.19453126192092896,MoE-sBOED,0.04996490478515625,28288,1.994436264038086,1.383894681930542,0.0011317214230075479,0.2588815689086914,0.11740273982286453,,,,,,,,,,,
443,0.1706250011920929,0.1706250011920929,MoE-sBOED,0.04978179931640625,28352,1.8553842306137085,1.3843204975128174,0.0009050649823620915,0.2587260901927948,0.11737925559282303,,,,,,,,,,,
444,0.17015625536441803,0.17015625536441803,MoE-sBOED,0.0502927303314209,28416,1.9470546245574951,1.3846137523651123,0.0011113310465589166,0.2572987675666809,0.11736925691366196,,,,,,,,,,,
445,0.18140624463558197,0.18140624463558197,MoE-sBOED,0.04987311363220215,28480,1.9266140460968018,1.3844932317733765,0.0014019215013831854,0.2587622404098511,0.11735343933105469,,,,,,,,,,,
446,0.17906250059604645,0.17906250059604645,MoE-sBOED,0.05025053024291992,28544,1.8215841054916382,1.3844802379608154,0.0012891447404399514,0.2577093243598938,0.11734771728515625,,,,,,,,,,,
447,0.18281251192092896,0.18281251192092896,MoE-sBOED,0.04961442947387695,28608,1.8452633619308472,1.3843371868133545,0.0007672763313166797,0.25801604986190796,0.11733261495828629,,,,,,,,,,,
448,0.17390625178813934,0.17390625178813934,MoE-sBOED,0.049993276596069336,28672,1.8841807842254639,1.384108304977417,0.0005365446559153497,0.26061809062957764,0.11731793731451035,,,,,,,,,,,
449,0.17671875655651093,0.17671875655651093,MoE-sBOED,0.049936532974243164,28736,1.811091661453247,1.3840692043304443,0.0005978883127681911,0.2563355565071106,0.11729975044727325,,,,,,,,,,,
450,0.1823437511920929,0.1823437511920929,MoE-sBOED,0.050151824951171875,28800,1.7830884456634521,1.3838609457015991,0.0006167068495415151,0.25792592763900757,0.11727019399404526,0.19078124999999999,0.07453125000000002,3,0.2995630226463795,0.0234375,0.0,1,0.0,0.07453125000000002,0,diagnostic_only
451,0.1903124898672104,0.1903124898672104,MoE-sBOED,0.04665040969848633,28864,1.8142484426498413,1.3836873769760132,0.0006007793126627803,0.2598057985305786,0.11724437773227692,,,,,,,,,,,
452,0.1926562488079071,0.1926562488079071,MoE-sBOED,0.0478053092956543,28928,1.9504001140594482,1.3832815885543823,0.0009283965919166803,0.26082780957221985,0.11720436811447144,,,,,,,,,,,
453,0.1743749976158142,0.1743749976158142,MoE-sBOED,0.04966568946838379,28992,1.92314612865448,1.3832614421844482,0.0010353854158893228,0.2623986005783081,0.11716029793024063,,,,,,,,,,,
454,0.18562500178813934,0.18562500178813934,MoE-sBOED,0.05038928985595703,29056,2.076894760131836,1.3832416534423828,0.0012610906269401312,0.2594205439090729,0.11710473895072937,,,,,,,,,,,
455,0.17625001072883606,0.17625001072883606,MoE-sBOED,0.04944109916687012,29120,2.093637466430664,1.3834140300750732,0.0010897875763475895,0.2580443024635315,0.11705515533685684,,,,,,,,,,,
456,0.20109374821186066,0.20109374821186066,MoE-sBOED,0.05014443397521973,29184,2.245431423187256,1.3834542036056519,0.0015860266285017133,0.25324690341949463,0.11702822893857956,,,,,,,,,,,
457,0.17671875655651093,0.17671875655651093,MoE-sBOED,0.04965806007385254,29248,2.0852911472320557,1.3835492134094238,0.0009157734457403421,0.25683170557022095,0.11701148748397827,,,,,,,,,,,
458,0.19453126192092896,0.19453126192092896,MoE-sBOED,0.04970979690551758,29312,2.0742807388305664,1.3835065364837646,0.0008938676910474896,0.25871914625167847,0.1170039027929306,,,,,,,,,,,
459,0.17906250059604645,0.17906250059604645,MoE-sBOED,0.04934072494506836,29376,2.079402446746826,1.3838046789169312,0.0009938286384567618,0.2584090828895569,0.11699378490447998,,,,,,,,,,,
460,0.19453124701976776,0.19453124701976776,MoE-sBOED,0.049784183502197266,29440,2.1449966430664062,1.383591651916504,0.001011878252029419,0.25422239303588867,0.11700543016195297,,,,,,,,,,,
461,0.1706250011920929,0.1706250011920929,MoE-sBOED,0.04990196228027344,29504,2.1112024784088135,1.3837889432907104,0.0008880175300873816,0.2529895007610321,0.11705031991004944,,,,,,,,,,,
462,0.17812499403953552,0.17812499403953552,MoE-sBOED,0.050284385681152344,29568,2.014894485473633,1.3837999105453491,0.0007376187713816762,0.25322580337524414,0.11711052060127258,,,,,,,,,,,
463,0.18796876072883606,0.18796876072883606,MoE-sBOED,0.06094241142272949,29632,1.9975770711898804,1.383424162864685,0.000894499768037349,0.25734731554985046,0.11717048287391663,,,,,,,,,,,
464,0.1823437511920929,0.1823437511920929,MoE-sBOED,0.05195450782775879,29696,2.081231117248535,1.383460283279419,0.0014397477498278022,0.2605026662349701,0.11720924824476242,,,,,,,,,,,
465,0.18468749523162842,0.18468749523162842,MoE-sBOED,0.04985308647155762,29760,1.959427833557129,1.3834543228149414,0.0019812360405921936,0.2561756670475006,0.11723564565181732,,,,,,,,,,,
466,0.18656250834465027,0.18656250834465027,MoE-sBOED,0.04986763000488281,29824,1.9579153060913086,1.3833646774291992,0.0025524224620312452,0.258078932762146,0.11727138608694077,,,,,,,,,,,
467,0.18656250834465027,0.18656250834465027,MoE-sBOED,0.0493617057800293,29888,2.132812261581421,1.3828072547912598,0.002847595838829875,0.26018717885017395,0.11728308349847794,,,,,,,,,,,
468,0.19078125059604645,0.19078125059604645,MoE-sBOED,0.0498499870300293,29952,2.000101089477539,1.3831069469451904,0.0027519341092556715,0.2565503716468811,0.11727366596460342,,,,,,,,,,,
469,0.1926562488079071,0.1926562488079071,MoE-sBOED,0.0498960018157959,30016,2.019840717315674,1.3831660747528076,0.0019203232368454337,0.2562573254108429,0.11725763976573944,,,,,,,,,,,
470,0.18515625596046448,0.18515625596046448,MoE-sBOED,0.04916524887084961,30080,1.9185476303100586,1.3832333087921143,0.0013308500638231635,0.253151535987854,0.11724063754081726,,,,,,,,,,,
471,0.18328124284744263,0.18328124284744263,MoE-sBOED,0.04980731010437012,30144,2.0708324909210205,1.383346438407898,0.000965877145063132,0.2541910409927368,0.11726178973913193,,,,,,,,,,,
472,0.1678124964237213,0.1678124964237213,MoE-sBOED,0.0491328239440918,30208,1.807568907737732,1.3837512731552124,0.0009658740018494427,0.25484317541122437,0.11724469065666199,,,,,,,,,,,
473,0.1795312464237213,0.1795312464237213,MoE-sBOED,0.0495603084564209,30272,1.8583272695541382,1.3837182521820068,0.0011027874425053596,0.2546791732311249,0.11719680577516556,,,,,,,,,,,
474,0.17109374701976776,0.17109374701976776,MoE-sBOED,0.05085349082946777,30336,1.8887929916381836,1.3836660385131836,0.0012125027133151889,0.2535880208015442,0.11715909093618393,,,,,,,,,,,
475,0.18468749523162842,0.18468749523162842,MoE-sBOED,0.050028324127197266,30400,1.8481338024139404,1.3839186429977417,0.001297924667596817,0.25405994057655334,0.11715909093618393,0.18609375,0.07609375000000002,4,0.6036997068657409,0.03125,0.015625,1,0.0004687500000000002,0.07609375000000002,0,diagnostic_only
476,0.1860937476158142,0.1860937476158142,MoE-sBOED,0.04684257507324219,30464,1.7868576049804688,1.3839290142059326,0.0014094250509515405,0.25510141253471375,0.11717425286769867,,,,,,,,,,,
477,0.17906251549720764,0.17906251549720764,MoE-sBOED,0.04778337478637695,30528,1.7744969129562378,1.3840316534042358,0.0013896055752411485,0.25302791595458984,0.1171601414680481,,,,,,,,,,,
478,0.1743749976158142,0.1743749976158142,MoE-sBOED,0.05031919479370117,30592,1.6695597171783447,1.3842334747314453,0.0013247121823951602,0.25280630588531494,0.11709677428007126,,,,,,,,,,,
479,0.17296874523162842,0.17296874523162842,MoE-sBOED,0.04984307289123535,30656,1.716832160949707,1.3844197988510132,0.001304522855207324,0.25255316495895386,0.1170179545879364,,,,,,,,,,,
480,0.19078125059604645,0.19078125059604645,MoE-sBOED,0.06306910514831543,30720,1.9085477590560913,1.3842538595199585,0.0014588944613933563,0.25284886360168457,0.1169564500451088,,,,,,,,,,,
481,0.16687500476837158,0.16687500476837158,MoE-sBOED,0.049636125564575195,30784,1.8395051956176758,1.3844445943832397,0.0013594081392511725,0.2527865171432495,0.11688204854726791,,,,,,,,,,,
482,0.17109376192092896,0.17109376192092896,MoE-sBOED,0.04948925971984863,30848,1.8621249198913574,1.3843921422958374,0.0009234713506884873,0.2531895637512207,0.11681441962718964,,,,,,,,,,,
483,0.1846875101327896,0.1846875101327896,MoE-sBOED,0.05025124549865723,30912,1.6966900825500488,1.3845994472503662,0.0007675174274481833,0.25366467237472534,0.11678500473499298,,,,,,,,,,,
484,0.1771874874830246,0.1771874874830246,MoE-sBOED,0.04925417900085449,30976,1.751442790031433,1.384703516960144,0.0006824622396379709,0.25173139572143555,0.11675960570573807,,,,,,,,,,,
485,0.19171874225139618,0.19171874225139618,MoE-sBOED,0.04944419860839844,31040,1.8255161046981812,1.384676456451416,0.0009437897824682295,0.2522895932197571,0.11674092710018158,,,,,,,,,,,
486,0.1654687523841858,0.1654687523841858,MoE-sBOED,0.05015993118286133,31104,1.692392349243164,1.3848059177398682,0.0010894963052123785,0.253202885389328,0.11673241853713989,,,,,,,,,,,
487,0.19218750298023224,0.19218750298023224,MoE-sBOED,0.04997515678405762,31168,1.928391456604004,1.384569525718689,0.0013965789694339037,0.2528478503227234,0.11673956364393234,,,,,,,,,,,
488,0.16828125715255737,0.16828125715255737,MoE-sBOED,0.049401283264160156,31232,1.7070554494857788,1.3850126266479492,0.00152424699626863,0.2525838315486908,0.11676377058029175,,,,,,,,,,,
489,0.17906251549720764,0.17906251549720764,MoE-sBOED,0.04928469657897949,31296,1.789419412612915,1.3849658966064453,0.0013801088789477944,0.25279700756073,0.1167842224240303,,,,,,,,,,,
490,0.19031250476837158,0.19031250476837158,MoE-sBOED,0.05003952980041504,31360,1.955914855003357,1.3846358060836792,0.001192816416732967,0.2566448450088501,0.11681543290615082,,,,,,,,,,,
491,0.17812499403953552,0.17812499403953552,MoE-sBOED,0.04971504211425781,31424,1.8512439727783203,1.3848155736923218,0.001077835913747549,0.2562668025493622,0.11681181937456131,,,,,,,,,,,
492,0.18656250834465027,0.18656250834465027,MoE-sBOED,0.04957079887390137,31488,1.9124162197113037,1.3847869634628296,0.0009822711581364274,0.2573322057723999,0.11680375039577484,,,,,,,,,,,
493,0.18984374403953552,0.18984374403953552,MoE-sBOED,0.04980111122131348,31552,1.9349181652069092,1.3848645687103271,0.0007584114209748805,0.25906914472579956,0.11681516468524933,,,,,,,,,,,
494,0.16828125715255737,0.16828125715255737,MoE-sBOED,0.049680233001708984,31616,1.840449333190918,1.3847196102142334,0.0006460666772909462,0.262357234954834,0.11681471765041351,,,,,,,,,,,
495,0.1837500035762787,0.1837500035762787,MoE-sBOED,0.05016040802001953,31680,1.855703353881836,1.3844549655914307,0.0006345266010612249,0.26322609186172485,0.11679430305957794,,,,,,,,,,,
496,0.17109376192092896,0.17109376192092896,MoE-sBOED,0.05014753341674805,31744,1.7682960033416748,1.384554147720337,0.0005553856608457863,0.2619107663631439,0.11677905917167664,,,,,,,,,,,
497,0.17765624821186066,0.17765624821186066,MoE-sBOED,0.049816131591796875,31808,1.9082818031311035,1.3846362829208374,0.0007907901308499277,0.2619535028934479,0.11678528040647507,,,,,,,,,,,
498,0.17249999940395355,0.17249999940395355,MoE-sBOED,0.05083107948303223,31872,1.8413677215576172,1.3847668170928955,0.0008519616676494479,0.26029640436172485,0.11680758744478226,,,,,,,,,,,
499,0.19218750298023224,0.19218750298023224,MoE-sBOED,0.050133466720581055,31936,1.977276086807251,1.384779930114746,0.0009646628750488162,0.26133573055267334,0.11684508621692657,,,,,,,,,,,
500,0.19031250476837158,0.19031250476837158,MoE-sBOED,0.04929685592651367,32000,1.7989089488983154,1.384779691696167,0.000842962006572634,0.25896963477134705,0.1168913021683693,0.184921875,0.071796875,10,1.0997002833433798,0.078125,0.0078125,1,0.000234375,0.071796875,0,diagnostic_only
501,0.17390626668930054,0.17390626668930054,MoE-sBOED,0.04657292366027832,32064,1.8600215911865234,1.3848090171813965,0.0009202760411426425,0.258071631193161,0.11693820357322693,,,,,,,,,,,
502,0.19359375536441803,0.19359375536441803,MoE-sBOED,0.04794025421142578,32128,1.8672126531600952,1.3847310543060303,0.0008487466257065535,0.2566179037094116,0.11699888855218887,,,,,,,,,,,
503,0.19078125059604645,0.19078125059604645,MoE-sBOED,0.04974007606506348,32192,2.0340147018432617,1.3846553564071655,0.0009469260694459081,0.25989222526550293,0.11709237098693848,,,,,,,,,,,
504,0.17859375476837158,0.17859375476837158,MoE-sBOED,0.05017280578613281,32256,1.9267429113388062,1.3842825889587402,0.0009136460721492767,0.2621190547943115,0.11720447987318039,,,,,,,,,,,
505,0.18000000715255737,0.18000000715255737,MoE-sBOED,0.04988598823547363,32320,1.7945083379745483,1.3838236331939697,0.0007973826723173261,0.2648923993110657,0.11727214604616165,,,,,,,,,,,
506,0.17625001072883606,0.17625001072883606,MoE-sBOED,0.050054073333740234,32384,1.7535436153411865,1.3832263946533203,0.000777071516495198,0.26516294479370117,0.11731810867786407,,,,,,,,,,,
507,0.18187500536441803,0.18187500536441803,MoE-sBOED,0.04984092712402344,32448,1.8159189224243164,1.3829245567321777,0.0007668149191886187,0.2678004503250122,0.1173403337597847,,,,,,,,,,,
508,0.16968750953674316,0.16968750953674316,MoE-sBOED,0.04971814155578613,32512,1.7937166690826416,1.3830769062042236,0.0007090485887601972,0.26761627197265625,0.1173606812953949,,,,,,,,,,,
509,0.19874998927116394,0.19874998927116394,MoE-sBOED,0.05051469802856445,32576,1.9199683666229248,1.382847547531128,0.0007803741609677672,0.2662859857082367,0.11742674559354782,,,,,,,,,,,
510,0.1743749976158142,0.1743749976158142,MoE-sBOED,0.050403594970703125,32640,1.7996782064437866,1.3822638988494873,0.0009346012375317514,0.267612099647522,0.11751957982778549,,,,,,,,,,,
511,0.18703123927116394,0.18703123927116394,MoE-sBOED,0.04926609992980957,32704,1.956171989440918,1.3814228773117065,0.0012409762712195516,0.2708832621574402,0.11760193109512329,,,,,,,,,,,
512,0.17765624821186066,0.17765624821186066,MoE-sBOED,0.049857139587402344,32768,1.94535493850708,1.3805956840515137,0.0013192115584388375,0.27202677726745605,0.11770957708358765,,,,,,,,,,,
513,0.1875,0.1875,MoE-sBOED,0.049997806549072266,32832,1.9136877059936523,1.3804705142974854,0.0011153132654726505,0.27269455790519714,0.11781904846429825,,,,,,,,,,,
514,0.1978124976158142,0.1978124976158142,MoE-sBOED,0.05000424385070801,32896,1.8639686107635498,1.380798101425171,0.000826614152174443,0.266672283411026,0.11789017915725708,,,,,,,,,,,
515,0.1809374988079071,0.1809374988079071,MoE-sBOED,0.04996943473815918,32960,1.7189605236053467,1.380821943283081,0.0006730449385941029,0.2607702612876892,0.11788413673639297,,,,,,,,,,,
516,0.17671874165534973,0.17671874165534973,MoE-sBOED,0.0499422550201416,33024,1.6347453594207764,1.3810293674468994,0.0005762908840551972,0.2657920718193054,0.11781468242406845,,,,,,,,,,,
517,0.18328125774860382,0.18328125774860382,MoE-sBOED,0.0499722957611084,33088,1.7598533630371094,1.381605863571167,0.0005885039572604001,0.2667315602302551,0.11770512908697128,,,,,,,,,,,
518,0.19734376668930054,0.19734376668930054,MoE-sBOED,0.05258893966674805,33152,1.8608005046844482,1.3823611736297607,0.0006174328736960888,0.26221880316734314,0.11751526594161987,,,,,,,,,,,
519,0.1809374988079071,0.1809374988079071,MoE-sBOED,0.0652608871459961,33216,1.8642823696136475,1.3821158409118652,0.0005582494777627289,0.2616862952709198,0.1173272356390953,,,,,,,,,,,
520,0.1795312464237213,0.1795312464237213,MoE-sBOED,0.059160709381103516,33280,1.9594039916992188,1.382630705833435,0.000616383389569819,0.26109224557876587,0.11719979345798492,,,,,,,,,,,
521,0.19218750298023224,0.19218750298023224,MoE-sBOED,0.050415992736816406,33344,1.9646289348602295,1.382436752319336,0.0007228405447676778,0.2648390531539917,0.11709051579236984,,,,,,,,,,,
522,0.17390626668930054,0.17390626668930054,MoE-sBOED,0.04911923408508301,33408,1.9659342765808105,1.3819489479064941,0.0007887340034358203,0.2657659947872162,0.11700942367315292,,,,,,,,,,,
523,0.1809374988079071,0.1809374988079071,MoE-sBOED,0.04998040199279785,33472,2.006941318511963,1.3821290731430054,0.0009260057704523206,0.2651757597923279,0.11694381386041641,,,,,,,,,,,
524,0.17015627026557922,0.17015627026557922,MoE-sBOED,0.0496363639831543,33536,2.064420223236084,1.382765769958496,0.0014569821069017053,0.2674068212509155,0.11693142354488373,,,,,,,,,,,
525,0.1795312464237213,0.1795312464237213,MoE-sBOED,0.04934883117675781,33600,1.922013759613037,1.3820799589157104,0.0017916371580213308,0.2642762064933777,0.11692439764738083,0.18421875,0.07421875,5,1.1480191491963785,0.0390625,0.015625,1,0.00046875,0.07421875,0,diagnostic_only
526,0.17109374701976776,0.17109374701976776,MoE-sBOED,0.04669690132141113,33664,1.9074010848999023,1.3822520971298218,0.001576408394612372,0.2616315484046936,0.11690399795770645,,,,,,,,,,,
527,0.17578125,0.17578125,MoE-sBOED,0.04784727096557617,33728,1.950697898864746,1.3825669288635254,0.0011432437459006906,0.25847190618515015,0.11689252406358719,,,,,,,,,,,
528,0.17625001072883606,0.17625001072883606,MoE-sBOED,0.04926300048828125,33792,2.034621000289917,1.3832591772079468,0.0008361910586245358,0.25908222794532776,0.11693468689918518,,,,,,,,,,,
529,0.17156249284744263,0.17156249284744263,MoE-sBOED,0.04993176460266113,33856,1.786913275718689,1.3831653594970703,0.0009805166628211737,0.25774168968200684,0.11702090501785278,,,,,,,,,,,
530,0.1837500035762787,0.1837500035762787,MoE-sBOED,0.04984688758850098,33920,1.754574179649353,1.3831944465637207,0.001152915065176785,0.25678032636642456,0.11706426739692688,,,,,,,,,,,
531,0.17578125,0.17578125,MoE-sBOED,0.05025887489318848,33984,1.796943187713623,1.3839845657348633,0.0010239178081974387,0.25436723232269287,0.11704038083553314,,,,,,,,,,,
532,0.18562501668930054,0.18562501668930054,MoE-sBOED,0.04932904243469238,34048,1.7708200216293335,1.3841499090194702,0.0009283928666263819,0.252643346786499,0.11701896041631699,,,,,,,,,,,
533,0.15046873688697815,0.15046873688697815,MoE-sBOED,0.04937577247619629,34112,1.8901084661483765,1.3846721649169922,0.0009645498939789832,0.25777527689933777,0.11704868823289871,,,,,,,,,,,
534,0.1720312535762787,0.1720312535762787,MoE-sBOED,0.04962801933288574,34176,1.687074065208435,1.384378433227539,0.0008383776876144111,0.2562792897224426,0.1170860007405281,,,,,,,,,,,
535,0.16875000298023224,0.16875000298023224,MoE-sBOED,0.049713850021362305,34240,1.7492728233337402,1.3844541311264038,0.000784468196798116,0.25657743215560913,0.11713488399982452,,,,,,,,,,,
536,0.18187502026557922,0.18187502026557922,MoE-sBOED,0.04947972297668457,34304,1.7910361289978027,1.384567141532898,0.0006700283265672624,0.2591084837913513,0.1171838641166687,,,,,,,,,,,
537,0.1771875023841858,0.1771875023841858,MoE-sBOED,0.050093889236450195,34368,1.8702672719955444,1.3845008611679077,0.0007132464088499546,0.26136165857315063,0.11716695129871368,,,,,,,,,,,
538,0.17906250059604645,0.17906250059604645,MoE-sBOED,0.04953455924987793,34432,1.886911392211914,1.3844783306121826,0.0007840985781513155,0.26371997594833374,0.11716845631599426,,,,,,,,,,,
539,0.1795312464237213,0.1795312464237213,MoE-sBOED,0.050071001052856445,34496,1.9153058528900146,1.3847383260726929,0.0007592642796225846,0.26354002952575684,0.11719032377004623,,,,,,,,,,,
540,0.18281251192092896,0.18281251192092896,MoE-sBOED,0.05018973350524902,34560,1.81387460231781,1.3849797248840332,0.0007512583397328854,0.2604925036430359,0.11716828495264053,,,,,,,,,,,
541,0.18984374403953552,0.18984374403953552,MoE-sBOED,0.04989767074584961,34624,1.7789334058761597,1.3849880695343018,0.0008621588931418955,0.25819703936576843,0.11710198223590851,,,,,,,,,,,
542,0.19499999284744263,0.21531251072883606,MoE-sBOED,0.04978680610656738,34688,1.8862767219543457,1.3850398063659668,0.0009009552304632962,0.257626473903656,0.1170339286327362,,,,,,,,,,,
543,0.17859375476837158,0.17859375476837158,MoE-sBOED,0.0500493049621582,34752,1.827484130859375,1.385035514831543,0.0006443205056712031,0.25753340125083923,0.11702154576778412,,,,,,,,,,,
544,0.17484375834465027,0.17484375834465027,MoE-sBOED,0.049855947494506836,34816,1.8024847507476807,1.3850231170654297,0.0005225747008807957,0.25986188650131226,0.11707111448049545,,,,,,,,,,,
545,0.19499999284744263,0.19499999284744263,MoE-sBOED,0.050627708435058594,34880,1.7187957763671875,1.385148048400879,0.00072289357194677,0.2577134966850281,0.1171550378203392,,,,,,,,,,,
546,0.18984374403953552,0.18984374403953552,MoE-sBOED,0.04945850372314453,34944,1.7372629642486572,1.3851350545883179,0.0007651811465620995,0.26094740629196167,0.11720065772533417,,,,,,,,,,,
547,0.1678124964237213,0.1678124964237213,MoE-sBOED,0.04941225051879883,35008,1.79490065574646,1.3850840330123901,0.0006483386387117207,0.26409655809402466,0.11712630838155746,,,,,,,,,,,
548,0.19828125834465027,0.19828125834465027,MoE-sBOED,0.049445152282714844,35072,1.8412351608276367,1.3849623203277588,0.000871119205839932,0.2622283101081848,0.11702864617109299,,,,,,,,,,,
549,0.17109374701976776,0.17109374701976776,MoE-sBOED,0.049820661544799805,35136,1.8061493635177612,1.384791612625122,0.0009575503063388169,0.2636857330799103,0.11700250953435898,,,,,,,,,,,
550,0.18515625596046448,0.18515625596046448,MoE-sBOED,0.05058574676513672,35200,1.7931774854660034,1.3848474025726318,0.0008948668837547302,0.2639322280883789,0.11695992201566696,0.188203125,0.09382812500000001,2,0.5623351446188083,0.015625,0.03125,1,0.0018750000000000001,0.09382812500000001,0,diagnostic_only
551,0.18937501311302185,0.18937501311302185,MoE-sBOED,0.0465240478515625,35264,1.9254491329193115,1.3848941326141357,0.0008823840762488544,0.26013267040252686,0.11689075827598572,,,,,,,,,,,
552,0.17671875655651093,0.17671875655651093,MoE-sBOED,0.04824995994567871,35328,2.0567545890808105,1.3851011991500854,0.0010364220943301916,0.25853151082992554,0.11684349924325943,,,,,,,,,,,
553,0.1720312535762787,0.1720312535762787,MoE-sBOED,0.049581289291381836,35392,1.9686365127563477,1.3848168849945068,0.0013856524601578712,0.2600359320640564,0.11682865768671036,,,,,,,,,,,
554,0.19312500953674316,0.19312500953674316,MoE-sBOED,0.049431562423706055,35456,1.9744443893432617,1.3847756385803223,0.0016786704072728753,0.26157593727111816,0.1168476790189743,,,,,,,,,,,
555,0.16968750953674316,0.16968750953674316,MoE-sBOED,0.04997682571411133,35520,2.050243854522705,1.3843276500701904,0.0020077675580978394,0.2661163806915283,0.11693385243415833,,,,,,,,,,,
556,0.19875000417232513,0.19875000417232513,MoE-sBOED,0.04997873306274414,35584,1.9294122457504272,1.3834832906723022,0.002375328680500388,0.27249640226364136,0.11701159179210663,,,,,,,,,,,
557,0.18281251192092896,0.18281251192092896,MoE-sBOED,0.05062460899353027,35648,1.9388270378112793,1.3836848735809326,0.002558110048994422,0.27001863718032837,0.11701253801584244,,,,,,,,,,,
558,0.18515625596046448,0.18515625596046448,MoE-sBOED,0.05107927322387695,35712,1.8529982566833496,1.3842811584472656,0.0023148523177951574,0.25652554631233215,0.11694164574146271,,,,,,,,,,,
559,0.16500000655651093,0.16500000655651093,MoE-sBOED,0.0492703914642334,35776,2.0748231410980225,1.3836414813995361,0.001776121323928237,0.2707645893096924,0.11683513969182968,,,,,,,,,,,
560,0.17390625178813934,0.17390625178813934,MoE-sBOED,0.04964470863342285,35840,1.878494143486023,1.3819594383239746,0.00165451318025589,0.27727210521698,0.11673449724912643,,,,,,,,,,,
561,0.16968750953674316,0.16968750953674316,MoE-sBOED,0.049086570739746094,35904,1.8787559270858765,1.381268858909607,0.001748348237015307,0.27931493520736694,0.11664517968893051,,,,,,,,,,,
562,0.19453126192092896,0.19453126192092896,MoE-sBOED,0.04976463317871094,35968,1.8769105672836304,1.3815526962280273,0.0019054798176512122,0.27487418055534363,0.11654136329889297,,,,,,,,,,,
563,0.1692187488079071,0.1692187488079071,MoE-sBOED,0.04945063591003418,36032,1.8787826299667358,1.3820598125457764,0.0017564967274665833,0.2712497413158417,0.11649231612682343,,,,,,,,,,,
564,0.17296874523162842,0.17296874523162842,MoE-sBOED,0.048938751220703125,36096,1.6296228170394897,1.382393717765808,0.001587582053616643,0.26303771138191223,0.11646370589733124,,,,,,,,,,,
565,0.1743749976158142,0.1743749976158142,MoE-sBOED,0.04958629608154297,36160,1.7346528768539429,1.3831136226654053,0.001514057395979762,0.26041555404663086,0.11646118760108948,,,,,,,,,,,
566,0.1626562476158142,0.1626562476158142,MoE-sBOED,0.05002188682556152,36224,1.8485010862350464,1.3842790126800537,0.0014912314945831895,0.2584623098373413,0.11645125597715378,,,,,,,,,,,
567,0.17624999582767487,0.17624999582767487,MoE-sBOED,0.049948930740356445,36288,1.8110694885253906,1.3844013214111328,0.0011738118482753634,0.2559736967086792,0.1164020523428917,,,,,,,,,,,
568,0.18984374403953552,0.18984374403953552,MoE-sBOED,0.05029416084289551,36352,1.8913205862045288,1.3847302198410034,0.0009613119764253497,0.25359708070755005,0.11636681109666824,,,,,,,,,,,
569,0.15937501192092896,0.15937501192092896,MoE-sBOED,0.04925084114074707,36416,2.050994634628296,1.3850821256637573,0.0010062807705253363,0.25584176182746887,0.11635898798704147,,,,,,,,,,,
570,0.1692187488079071,0.1692187488079071,MoE-sBOED,0.04918313026428223,36480,2.1757264137268066,1.3851608037948608,0.0011192632373422384,0.2567046880722046,0.11634933203458786,,,,,,,,,,,
571,0.18000000715255737,0.18000000715255737,MoE-sBOED,0.04985952377319336,36544,2.1948447227478027,1.3849786520004272,0.0012207538820803165,0.2561907172203064,0.11629632115364075,,,,,,,,,,,
572,0.18703125417232513,0.18703125417232513,MoE-sBOED,0.04985785484313965,36608,2.180935859680176,1.384962558746338,0.0013870286056771874,0.2562255561351776,0.11626514047384262,,,,,,,,,,,
573,0.17671875655651093,0.17671875655651093,MoE-sBOED,0.049239158630371094,36672,2.30659818649292,1.3847625255584717,0.0015178867615759373,0.2608184814453125,0.11626274138689041,,,,,,,,,,,
574,0.15703125298023224,0.15703125298023224,MoE-sBOED,0.04990959167480469,36736,2.267157793045044,1.384619116783142,0.0014025488635525107,0.2621670663356781,0.11625094711780548,,,,,,,,,,,
575,0.19218750298023224,0.19218750298023224,MoE-sBOED,0.049814701080322266,36800,2.2408509254455566,1.3843377828598022,0.00166834716219455,0.25933966040611267,0.11624982953071594,0.186328125,0.07320312500000001,6,1.35437919612514,0.046875,0.0078125,1,0.000234375,0.07320312500000001,0,diagnostic_only
576,0.1823437511920929,0.1823437511920929,MoE-sBOED,0.046529293060302734,36864,2.0279150009155273,1.383859395980835,0.0013804169138893485,0.2575957179069519,0.1162569522857666,,,,,,,,,,,
577,0.18703125417232513,0.18703125417232513,MoE-sBOED,0.047846317291259766,36928,2.053966999053955,1.383711814880371,0.0009269525180570781,0.2581356167793274,0.11626625061035156,,,,,,,,,,,
578,0.18703125417232513,0.18703125417232513,MoE-sBOED,0.04996228218078613,36992,2.0263843536376953,1.3835372924804688,0.0011700750328600407,0.25620073080062866,0.11627855896949768,,,,,,,,,,,
579,0.17156250774860382,0.17156250774860382,MoE-sBOED,0.04986166954040527,37056,1.9353622198104858,1.3834190368652344,0.0012913728132843971,0.25798699259757996,0.11630385369062424,,,,,,,,,,,
580,0.18656250834465027,0.18656250834465027,MoE-sBOED,0.04875040054321289,37120,1.9007591009140015,1.3829760551452637,0.001529701636172831,0.2572396993637085,0.11633232980966568,,,,,,,,,,,
581,0.1846875101327896,0.1846875101327896,MoE-sBOED,0.04922080039978027,37184,1.8129937648773193,1.383084774017334,0.001576907467097044,0.2558754086494446,0.11637665331363678,,,,,,,,,,,
582,0.17765624821186066,0.17765624821186066,MoE-sBOED,0.049634695053100586,37248,1.9273135662078857,1.3830199241638184,0.0016673252684995532,0.2617742419242859,0.11642894893884659,,,,,,,,,,,
583,0.17015625536441803,0.17015625536441803,MoE-sBOED,0.04932689666748047,37312,1.8685956001281738,1.3827476501464844,0.0012930051889270544,0.26480022072792053,0.11645735800266266,,,,,,,,,,,
584,0.1912499964237213,0.1912499964237213,MoE-sBOED,0.04980802536010742,37376,1.8873369693756104,1.3822091817855835,0.0009912641253322363,0.26540815830230713,0.11644700914621353,,,,,,,,,,,
585,0.18656250834465027,0.18656250834465027,MoE-sBOED,0.0491490364074707,37440,1.8684924840927124,1.3826583623886108,0.0008627017377875745,0.26535189151763916,0.11643540114164352,,,,,,,,,,,
586,0.1889062523841858,0.1889062523841858,MoE-sBOED,0.048906564712524414,37504,1.9005537033081055,1.3825353384017944,0.0010612137848511338,0.26282164454460144,0.11637644469738007,,,,,,,,,,,
587,0.18187500536441803,0.18187500536441803,MoE-sBOED,0.050147056579589844,37568,1.9987972974777222,1.38321053981781,0.0014386667171493173,0.2598336637020111,0.11630161106586456,,,,,,,,,,,
588,0.18703125417232513,0.18703125417232513,MoE-sBOED,0.0490567684173584,37632,1.9834420680999756,1.3836554288864136,0.0016403688350692391,0.25584375858306885,0.11625178903341293,,,,,,,,,,,
589,0.17859375476837158,0.17859375476837158,MoE-sBOED,0.049652814865112305,37696,1.8422613143920898,1.3833025693893433,0.0018601672491058707,0.2544711232185364,0.11625640094280243,,,,,,,,,,,
590,0.18328125774860382,0.18328125774860382,MoE-sBOED,0.050428152084350586,37760,1.6280944347381592,1.3826440572738647,0.0019181399838998914,0.2532481253147125,0.1162838488817215,,,,,,,,,,,
591,0.17625001072883606,0.17625001072883606,MoE-sBOED,0.049677133560180664,37824,1.7280614376068115,1.3832323551177979,0.0017767705721780658,0.2509266138076782,0.11629549413919449,,,,,,,,,,,
592,0.18703123927116394,0.18703123927116394,MoE-sBOED,0.05006122589111328,37888,1.7763986587524414,1.382828712463379,0.0018577035516500473,0.25248467922210693,0.11624465882778168,,,,,,,,,,,
593,0.1809374988079071,0.1809374988079071,MoE-sBOED,0.0498504638671875,37952,1.936601996421814,1.3826783895492554,0.0018672533333301544,0.2516993284225464,0.11615528166294098,,,,,,,,,,,
594,0.16687500476837158,0.16687500476837158,MoE-sBOED,0.04968905448913574,38016,1.9048936367034912,1.382183313369751,0.0017796179745346308,0.25777101516723633,0.11607945710420609,,,,,,,,,,,
595,0.1940625011920929,0.1940625011920929,MoE-sBOED,0.05000472068786621,38080,2.064544916152954,1.3817951679229736,0.0016642564442008734,0.26584097743034363,0.11602965742349625,,,,,,,,,,,
596,0.18187499046325684,0.18187499046325684,MoE-sBOED,0.049955129623413086,38144,1.9880948066711426,1.380406379699707,0.0015731416642665863,0.27067744731903076,0.11602259427309036,,,,,,,,,,,
597,0.18796874582767487,0.18796874582767487,MoE-sBOED,0.04993629455566406,38208,2.15948748588562,1.3805341720581055,0.001361203845590353,0.27349796891212463,0.11601037532091141,,,,,,,,,,,
598,0.17484375834465027,0.17484375834465027,MoE-sBOED,0.05043959617614746,38272,2.153287887573242,1.3808808326721191,0.0011666874634101987,0.27231550216674805,0.11593882739543915,,,,,,,,,,,
599,0.18046875298023224,0.18046875298023224,MoE-sBOED,0.04960036277770996,38336,1.978606939315796,1.3804688453674316,0.0008895077626220882,0.27067887783050537,0.11590245366096497,,,,,,,,,,,
600,0.18984374403953552,0.18984374403953552,MoE-sBOED,0.04967832565307617,38400,2.0289549827575684,1.3810919523239136,0.0005581561126746237,0.27066561579704285,0.11594043672084808,0.185390625,0.07226562500000001,4,0.4434478344217421,0.03125,0.0078125,1,0.000234375,0.07226562500000001,0,diagnostic_only
601,0.16687500476837158,0.16687500476837158,MoE-sBOED,0.04655861854553223,38464,1.7903974056243896,1.3816040754318237,0.00037723511923104525,0.2713485658168793,0.11594130843877792,,,,,,,,,,,
602,0.1823437511920929,0.1823437511920929,MoE-sBOED,0.047904014587402344,38528,1.920353651046753,1.3824266195297241,0.0003467748174443841,0.2697964310646057,0.11591115593910217,,,,,,,,,,,
603,0.18984374403953552,0.18984374403953552,MoE-sBOED,0.05056285858154297,38592,1.9053324460983276,1.3827905654907227,0.00038026689435355365,0.26946377754211426,0.11592970043420792,,,,,,,,,,,
604,0.1860937476158142,0.1860937476158142,MoE-sBOED,0.05115389823913574,38656,1.9845364093780518,1.383234977722168,0.0004691672511398792,0.2713342308998108,0.11600997298955917,,,,,,,,,,,
605,0.18937499821186066,0.18937499821186066,MoE-sBOED,0.04971480369567871,38720,1.9284266233444214,1.3833969831466675,0.0006433111848309636,0.2696910500526428,0.11607043445110321,,,,,,,,,,,
606,0.1823437511920929,0.1823437511920929,MoE-sBOED,0.049242496490478516,38784,2.131913661956787,1.3837692737579346,0.000787076773121953,0.2664276957511902,0.11608314514160156,,,,,,,,,,,
607,0.17578125,0.17578125,MoE-sBOED,0.050263404846191406,38848,1.9301633834838867,1.383992075920105,0.001106587122194469,0.26469647884368896,0.11609339714050293,,,,,,,,,,,
608,0.18140625953674316,0.18140625953674316,MoE-sBOED,0.05063438415527344,38912,2.0030722618103027,1.3843104839324951,0.0008353631710633636,0.262536883354187,0.11612775176763535,,,,,,,,,,,
609,0.17625001072883606,0.17625001072883606,MoE-sBOED,0.05012178421020508,38976,1.8371496200561523,1.3846769332885742,0.001035491470247507,0.25895851850509644,0.11613698303699493,,,,,,,,,,,
610,0.17624999582767487,0.17624999582767487,MoE-sBOED,0.0498049259185791,39040,1.925701379776001,1.384725570678711,0.000845927104819566,0.25905710458755493,0.1160726323723793,,,,,,,,,,,
611,0.18046873807907104,0.18046873807907104,MoE-sBOED,0.04990577697753906,39104,1.8628729581832886,1.3848416805267334,0.0006878781714476645,0.26127853989601135,0.1160435751080513,,,,,,,,,,,
612,0.19312500953674316,0.19312500953674316,MoE-sBOED,0.05009055137634277,39168,1.7972224950790405,1.3848557472229004,0.0005671613616868854,0.2594348192214966,0.11610690504312515,,,,,,,,,,,
613,0.18468749523162842,0.18468749523162842,MoE-sBOED,0.0498960018157959,39232,1.8371981382369995,1.3850892782211304,0.0006124214851297438,0.2539788484573364,0.11620640754699707,,,,,,,,,,,
614,0.19078123569488525,0.19078123569488525,MoE-sBOED,0.05130481719970703,39296,1.8499042987823486,1.3851330280303955,0.0007407765951938927,0.2566414475440979,0.1162891760468483,,,,,,,,,,,
615,0.18187500536441803,0.18187500536441803,MoE-sBOED,0.04626917839050293,39360,1.9066505432128906,1.384658694267273,0.0010180972749367356,0.2631775140762329,0.11634468287229538,,,,,,,,,,,
616,0.1875,0.1875,MoE-sBOED,0.045883893966674805,39424,1.9348100423812866,1.3838226795196533,0.0010654778452590108,0.27122917771339417,0.11640148609876633,,,,,,,,,,,
617,0.18187500536441803,0.18187500536441803,MoE-sBOED,0.04584813117980957,39488,2.0637893676757812,1.3830280303955078,0.0010783543111756444,0.27696436643600464,0.11642949283123016,,,,,,,,,,,
618,0.18328125774860382,0.18328125774860382,MoE-sBOED,0.045864105224609375,39552,2.098456859588623,1.3829021453857422,0.0008730593253858387,0.2775261700153351,0.1164424866437912,,,,,,,,,,,
619,0.17812500894069672,0.17812500894069672,MoE-sBOED,0.045844316482543945,39616,2.1260344982147217,1.3834993839263916,0.0008454337948933244,0.2697363495826721,0.1163601204752922,,,,,,,,,,,
620,0.18515625596046448,0.18515625596046448,MoE-sBOED,0.046051025390625,39680,2.0906829833984375,1.3833668231964111,0.0010359284933656454,0.2681891918182373,0.11626318097114563,,,,,,,,,,,
621,0.17765623331069946,0.18390624225139618,MoE-sBOED,0.046019792556762695,39744,2.031250476837158,1.3820123672485352,0.0015960789751261473,0.2818429172039032,0.11620597541332245,,,,,,,,,,,
622,0.17906250059604645,0.17906250059604645,MoE-sBOED,0.04575943946838379,39808,1.9733290672302246,1.3804744482040405,0.0025308963377028704,0.2905406355857849,0.11618835479021072,,,,,,,,,,,
623,0.18656250834465027,0.18656250834465027,MoE-sBOED,0.045928001403808594,39872,1.7998769283294678,1.379269003868103,0.0033058065455406904,0.2964859902858734,0.11612661927938461,,,,,,,,,,,
624,0.1860937476158142,0.1860937476158142,MoE-sBOED,0.046126604080200195,39936,1.9161899089813232,1.3805890083312988,0.0033226097002625465,0.28915220499038696,0.11607366055250168,,,,,,,,,,,
625,0.16734375059604645,0.16734375059604645,MoE-sBOED,0.04602193832397461,40000,1.9959189891815186,1.3823859691619873,0.0032294534612447023,0.2794667184352875,0.11604925245046616,0.18515625000000002,0.07515625000000001,4,1.0136349317937472,0.03125,0.015625,1,0.00046875,0.07515625000000001,0,diagnostic_only
626,0.18984375894069672,0.18984375894069672,MoE-sBOED,0.04681134223937988,40064,2.1476950645446777,1.3837956190109253,0.0032052085734903812,0.2671244442462921,0.11600662767887115,,,,,,,,,,,
627,0.17531248927116394,0.17531248927116394,MoE-sBOED,0.052201271057128906,40128,2.0069384574890137,1.3844001293182373,0.0027415126096457243,0.2606189548969269,0.11593520641326904,,,,,,,,,,,
628,0.18140624463558197,0.18140624463558197,MoE-sBOED,0.04966330528259277,40192,2.052428722381592,1.384497046470642,0.0023482786491513252,0.26480633020401,0.11584527045488358,,,,,,,,,,,
629,0.17625001072883606,0.17625001072883606,MoE-sBOED,0.04947710037231445,40256,2.093024969100952,1.384269118309021,0.001812738017179072,0.2698906660079956,0.11573446542024612,,,,,,,,,,,
630,0.17343749105930328,0.17343749105930328,MoE-sBOED,0.048729896545410156,40320,2.083055019378662,1.3839359283447266,0.0018103723414242268,0.2727394104003906,0.11565011739730835,,,,,,,,,,,
631,0.1875,0.1875,MoE-sBOED,0.049417734146118164,40384,2.052842855453491,1.3841464519500732,0.0020961426198482513,0.27035772800445557,0.11562152206897736,,,,,,,,,,,
632,0.1640625,0.1640625,MoE-sBOED,0.049777984619140625,40448,2.122018575668335,1.3845891952514648,0.001814846764318645,0.26598572731018066,0.11560476571321487,,,,,,,,,,,
633,0.18187500536441803,0.18187500536441803,MoE-sBOED,0.04969620704650879,40512,2.0754542350769043,1.3846118450164795,0.00182340235915035,0.26491814851760864,0.11555170267820358,,,,,,,,,,,
634,0.17156249284744263,0.17156249284744263,MoE-sBOED,0.05046415328979492,40576,2.1243371963500977,1.3848192691802979,0.0017531021730974317,0.26344841718673706,0.11548387259244919,,,,,,,,,,,
635,0.18328125774860382,0.18328125774860382,MoE-sBOED,0.05021476745605469,40640,2.0502309799194336,1.3850581645965576,0.001638017245568335,0.261485755443573,0.11542078107595444,,,,,,,,,,,
636,0.1912499964237213,0.1912499964237213,MoE-sBOED,0.048995256423950195,40704,2.008345603942871,1.3851344585418701,0.0014824377140030265,0.25819724798202515,0.11536025255918503,,,,,,,,,,,
637,0.19031250476837158,0.19031250476837158,MoE-sBOED,0.0496826171875,40768,2.03592586517334,1.3853099346160889,0.0012687919661402702,0.25529852509498596,0.11534563452005386,,,,,,,,,,,
638,0.17109376192092896,0.17109376192092896,MoE-sBOED,0.050023555755615234,40832,1.9904959201812744,1.385303258895874,0.0010710267815738916,0.2514926791191101,0.11534706503152847,,,,,,,,,,,
639,0.1837500035762787,0.1837500035762787,MoE-sBOED,0.04991602897644043,40896,1.974514365196228,1.3851522207260132,0.001169628812931478,0.25301188230514526,0.11536770313978195,,,,,,,,,,,
640,0.1823437511920929,0.1823437511920929,MoE-sBOED,0.04995131492614746,40960,1.9459002017974854,1.3850196599960327,0.001085209776647389,0.2526458203792572,0.11540194600820541,,,,,,,,,,,
641,0.1926562488079071,0.1926562488079071,MoE-sBOED,0.05014681816101074,41024,1.9370036125183105,1.3848896026611328,0.00087161228293553,0.2573702931404114,0.11540043354034424,,,,,,,,,,,
642,0.17578125,0.17578125,MoE-sBOED,0.04892158508300781,41088,2.0080881118774414,1.3849012851715088,0.0007941241492517292,0.2556493282318115,0.11539927870035172,,,,,,,,,,,
643,0.1795312464237213,0.1795312464237213,MoE-sBOED,0.04931306838989258,41152,1.93861722946167,1.3844096660614014,0.0010520827490836382,0.2569003701210022,0.11542519181966782,,,,,,,,,,,
644,0.19734376668930054,0.19734376668930054,MoE-sBOED,0.04926753044128418,41216,2.0064315795898438,1.3845181465148926,0.0014190891524776816,0.25786328315734863,0.11549974977970123,,,,,,,,,,,
645,0.16968750953674316,0.16968750953674316,MoE-sBOED,0.049926042556762695,41280,1.9937903881072998,1.3845899105072021,0.0014614937826991081,0.2600369453430176,0.11553406715393066,,,,,,,,,,,
646,0.1692187488079071,0.1692187488079071,MoE-sBOED,0.049674034118652344,41344,1.994699239730835,1.3846070766448975,0.0018265044782310724,0.2598896622657776,0.11553119122982025,,,,,,,,,,,
647,0.18140625953674316,0.18140625953674316,MoE-sBOED,0.05520892143249512,41408,1.834643840789795,1.3843168020248413,0.0017225617775693536,0.25888189673423767,0.1155615970492363,,,,,,,,,,,
648,0.18000000715255737,0.18000000715255737,MoE-sBOED,0.06488943099975586,41472,1.899885892868042,1.3843722343444824,0.0016744863241910934,0.25633931159973145,0.11556220799684525,,,,,,,,,,,
649,0.18796874582767487,0.18796874582767487,MoE-sBOED,0.05097770690917969,41536,1.73124098777771,1.3844499588012695,0.0014482230180874467,0.25578662753105164,0.11551987379789352,,,,,,,,,,,
650,0.15562501549720764,0.15562501549720764,MoE-sBOED,0.04981040954589844,41600,1.6844635009765625,1.3845723867416382,0.0014199826400727034,0.25844109058380127,0.11548896133899689,0.188671875,0.078671875,8,1.2346480817324994,0.0625,0.015625,1,0.00046875,0.078671875,0,diagnostic_only
651,0.15843750536441803,0.15843750536441803,MoE-sBOED,0.0467221736907959,41664,1.728593111038208,1.3844178915023804,0.0017566826427355409,0.25874850153923035,0.1154371127486229,,,,,,,,,,,
652,0.16968750953674316,0.16968750953674316,MoE-sBOED,0.04837942123413086,41728,1.7887977361679077,1.384333610534668,0.0014177390839904547,0.260420560836792,0.11532703787088394,,,,,,,,,,,
653,0.19078126549720764,0.19078126549720764,MoE-sBOED,0.04950881004333496,41792,1.8826898336410522,1.383408546447754,0.0015378041425719857,0.26031404733657837,0.11521463841199875,,,,,,,,,,,
654,0.16171875596046448,0.16171875596046448,MoE-sBOED,0.04980969429016113,41856,2.011892080307007,1.383485198020935,0.0013609096640720963,0.2610962986946106,0.11509443074464798,,,,,,,,,,,
655,0.16828125715255737,0.16828125715255737,MoE-sBOED,0.04925394058227539,41920,1.9450814723968506,1.3825218677520752,0.0012177960015833378,0.2601992189884186,0.11502394825220108,,,,,,,,,,,
656,0.1771875023841858,0.1771875023841858,MoE-sBOED,0.05004715919494629,41984,2.0383312702178955,1.3817366361618042,0.0014438650105148554,0.2610037326812744,0.11498945951461792,,,,,,,,,,,
657,0.1978124976158142,0.1978124976158142,MoE-sBOED,0.050063133239746094,42048,2.0713469982147217,1.3815734386444092,0.0012512028915807605,0.2611309289932251,0.11498474329710007,,,,,,,,,,,
658,0.18468749523162842,0.18468749523162842,MoE-sBOED,0.04958462715148926,42112,1.962052583694458,1.3820140361785889,0.0011641030432656407,0.2597368359565735,0.11499752849340439,,,,,,,,,,,
659,0.1795312464237213,0.1795312464237213,MoE-sBOED,0.05020284652709961,42176,1.9217491149902344,1.382912039756775,0.0012345705181360245,0.25753331184387207,0.1149991974234581,,,,,,,,,,,
660,0.1837500035762787,0.1837500035762787,MoE-sBOED,0.04960274696350098,42240,1.9685516357421875,1.3832401037216187,0.0013934691669419408,0.25941506028175354,0.11499743163585663,,,,,,,,,,,
661,0.18000000715255737,0.18000000715255737,MoE-sBOED,0.04958009719848633,42304,2.0038890838623047,1.3837016820907593,0.0017509497702121735,0.263771653175354,0.11500552296638489,,,,,,,,,,,
662,0.18140625953674316,0.18140625953674316,MoE-sBOED,0.0494077205657959,42368,2.216484546661377,1.384026288986206,0.00250109750777483,0.2665116786956787,0.11501367390155792,,,,,,,,,,,
663,0.1626562476158142,0.1626562476158142,MoE-sBOED,0.05032992362976074,42432,2.061232805252075,1.3839744329452515,0.0021857651881873608,0.26750296354293823,0.1149996742606163,,,,,,,,,,,
664,0.19359375536441803,0.19359375536441803,MoE-sBOED,0.049759626388549805,42496,2.1472420692443848,1.3838657140731812,0.0025855929125100374,0.2643413543701172,0.11499916762113571,,,,,,,,,,,
665,0.19687500596046448,0.19687500596046448,MoE-sBOED,0.050200700759887695,42560,2.1794517040252686,1.384138822555542,0.0025596742052584887,0.26156100630760193,0.11498208343982697,,,,,,,,,,,
666,0.1912499964237213,0.1912499964237213,MoE-sBOED,0.04932737350463867,42624,2.056156873703003,1.3839001655578613,0.0021849353797733784,0.2556752562522888,0.11494974792003632,,,,,,,,,,,
667,0.17812500894069672,0.17812500894069672,MoE-sBOED,0.0500490665435791,42688,2.1833114624023438,1.3841050863265991,0.002246193354949355,0.255693644285202,0.11492928862571716,,,,,,,,,,,
668,0.18421874940395355,0.18421874940395355,MoE-sBOED,0.04959583282470703,42752,2.108457565307617,1.384246826171875,0.0019298858242109418,0.2551535367965698,0.11492129415273666,,,,,,,,,,,
669,0.18000000715255737,0.18000000715255737,MoE-sBOED,0.0495758056640625,42816,2.0310075283050537,1.3841227293014526,0.0014916298678144813,0.2536713778972626,0.11491662263870239,,,,,,,,,,,
670,0.1809374988079071,0.1809374988079071,MoE-sBOED,0.05022859573364258,42880,2.092939853668213,1.3843128681182861,0.0016186204738914967,0.25388699769973755,0.11492139101028442,,,,,,,,,,,
671,0.1823437511920929,0.1823437511920929,MoE-sBOED,0.04972410202026367,42944,2.0084524154663086,1.383727788925171,0.0014411368174478412,0.2519499659538269,0.11490757763385773,,,,,,,,,,,
672,0.19499999284744263,0.19499999284744263,MoE-sBOED,0.049799203872680664,43008,2.127204418182373,1.384113073348999,0.0015493271639570594,0.25195711851119995,0.11485771089792252,,,,,,,,,,,
673,0.17765624821186066,0.17765624821186066,MoE-sBOED,0.05000901222229004,43072,2.1453824043273926,1.3841562271118164,0.001625090604647994,0.2548596262931824,0.11478342860937119,,,,,,,,,,,
674,0.17390625178813934,0.17390625178813934,MoE-sBOED,0.049321889877319336,43136,2.0767879486083984,1.3846614360809326,0.0012319101952016354,0.25567007064819336,0.11472076177597046,,,,,,,,,,,
675,0.19453124701976776,0.19453124701976776,MoE-sBOED,0.061478376388549805,43200,2.1196045875549316,1.384564757347107,0.0011695114662870765,0.2536010146141052,0.11472075432538986,0.189140625,0.076015625,10,1.7500152209641207,0.078125,0.0078125,1,0.000234375,0.076015625,0,diagnostic_only
676,0.17671875655651093,0.17671875655651093,MoE-sBOED,0.05828452110290527,43264,2.0480098724365234,1.3848531246185303,0.0011510836193338037,0.25636374950408936,0.11473929136991501,,,,,,,,,,,
677,0.17906250059604645,0.17906250059604645,MoE-sBOED,0.05298972129821777,43328,2.0804190635681152,1.3847899436950684,0.001323171891272068,0.2573241591453552,0.11473062634468079,,,,,,,,,,,
678,0.17484375834465027,0.17484375834465027,MoE-sBOED,0.049100637435913086,43392,1.8996671438217163,1.3848090171813965,0.001487107714638114,0.2546936869621277,0.11472048610448837,,,,,,,,,,,
679,0.1720312386751175,0.1720312386751175,MoE-sBOED,0.049566030502319336,43456,1.9622418880462646,1.3850736618041992,0.0011387537233531475,0.25604939460754395,0.1147254928946495,,,,,,,,,,,
680,0.19921875,0.19921875,MoE-sBOED,0.04963183403015137,43520,1.9748611450195312,1.3849691152572632,0.0009953826665878296,0.2561100721359253,0.1147441416978836,,,,,,,,,,,
681,0.17812499403953552,0.17812499403953552,MoE-sBOED,0.04997086524963379,43584,1.8732781410217285,1.3850053548812866,0.0007683096919208765,0.2535421550273895,0.1147463470697403,,,,,,,,,,,
682,0.18421874940395355,0.18421874940395355,MoE-sBOED,0.04974508285522461,43648,1.9527738094329834,1.3847516775131226,0.0006827235338278115,0.2519700527191162,0.11476528644561768,,,,,,,,,,,
683,0.18421874940395355,0.18421874940395355,MoE-sBOED,0.049276113510131836,43712,1.7525705099105835,1.3843750953674316,0.0006771135376766324,0.25203996896743774,0.1147746816277504,,,,,,,,,,,
684,0.16593751311302185,0.16593751311302185,MoE-sBOED,0.04960441589355469,43776,1.7780523300170898,1.3845043182373047,0.0005622960743494332,0.2511861026287079,0.11476299166679382,,,,,,,,,,,
685,0.17906251549720764,0.17906251549720764,MoE-sBOED,0.04997849464416504,43840,1.8753983974456787,1.3848499059677124,0.0005459176027216017,0.2527686357498169,0.11474857479333878,,,,,,,,,,,
686,0.1795312464237213,0.1795312464237213,MoE-sBOED,0.04991650581359863,43904,1.9058822393417358,1.384908676147461,0.0005119035486131907,0.2532230317592621,0.11474095284938812,,,,,,,,,,,
687,0.18421873450279236,0.18421873450279236,MoE-sBOED,0.04967093467712402,43968,1.8371143341064453,1.3847784996032715,0.00063836679328233,0.25345250964164734,0.11474110931158066,,,,,,,,,,,
688,0.1860937476158142,0.1860937476158142,MoE-sBOED,0.04964089393615723,44032,1.7320566177368164,1.384814977645874,0.0006899326690472662,0.25347447395324707,0.11473571509122849,,,,,,,,,,,
689,0.17812499403953552,0.17812499403953552,MoE-sBOED,0.05004739761352539,44096,1.7073822021484375,1.3844995498657227,0.0007706466712988913,0.2528166174888611,0.11474253237247467,,,,,,,,,,,
690,0.17343750596046448,0.17343750596046448,MoE-sBOED,0.05027031898498535,44160,1.9053701162338257,1.384561538696289,0.0009455594117753208,0.2539910078048706,0.11476431041955948,,,,,,,,,,,
691,0.18796876072883606,0.18796876072883606,MoE-sBOED,0.04935860633850098,44224,1.833086371421814,1.3845677375793457,0.0009380189003422856,0.2516164481639862,0.11476685851812363,,,,,,,,,,,
692,0.17812500894069672,0.17812500894069672,MoE-sBOED,0.049851417541503906,44288,1.7925879955291748,1.3844172954559326,0.0008290213299915195,0.2530870735645294,0.1147455945611,,,,,,,,,,,
693,0.1720312535762787,0.1720312535762787,MoE-sBOED,0.04967832565307617,44352,1.841798186302185,1.3841575384140015,0.0008379968930967152,0.2541801929473877,0.11472417414188385,,,,,,,,,,,
694,0.19687500596046448,0.19687500596046448,MoE-sBOED,0.049704551696777344,44416,1.968885898590088,1.3841300010681152,0.0006567879463545978,0.2570742964744568,0.11470755934715271,,,,,,,,,,,
695,0.18937499821186066,0.18937499821186066,MoE-sBOED,0.049361467361450195,44480,1.9037206172943115,1.3838777542114258,0.0005694293649867177,0.2591906189918518,0.114713154733181,,,,,,,,,,,
696,0.20484375953674316,0.20484375953674316,MoE-sBOED,0.049367666244506836,44544,1.8267377614974976,1.3833125829696655,0.000690275919623673,0.2596752345561981,0.114749975502491,,,,,,,,,,,
697,0.2029687464237213,0.2029687464237213,MoE-sBOED,0.04969429969787598,44608,1.9003925323486328,1.3833932876586914,0.0007299160934053361,0.2602425813674927,0.11476823687553406,,,,,,,,,,,
698,0.19828125834465027,0.19828125834465027,MoE-sBOED,0.050843000411987305,44672,1.9349536895751953,1.3835676908493042,0.0007509880233556032,0.260455459356308,0.11475561559200287,,,,,,,,,,,
699,0.19593748450279236,0.19593748450279236,MoE-sBOED,0.050165414810180664,44736,1.7798161506652832,1.3833494186401367,0.00048676133155822754,0.25829488039016724,0.11470629274845123,,,,,,,,,,,
700,0.18515625596046448,0.18515625596046448,MoE-sBOED,0.04953622817993164,44800,1.9012553691864014,1.384016513824463,0.0005315885064192116,0.25772348046302795,0.11462931334972382,0.18539062499999998,0.06914062500000001,6,1.2570210238568267,0.046875,0.0,1,0.0,0.06914062500000001,0,diagnostic_only
701,0.18187500536441803,0.18187500536441803,MoE-sBOED,0.046939849853515625,44864,1.7252267599105835,1.3838207721710205,0.0004513073363341391,0.25540870428085327,0.11454091221094131,,,,,,,,,,,
702,0.18281249701976776,0.18281249701976776,MoE-sBOED,0.04767918586730957,44928,1.7138421535491943,1.38432776927948,0.0004638275713659823,0.2529410123825073,0.11447477340698242,,,,,,,,,,,
703,0.17625001072883606,0.17625001072883606,MoE-sBOED,0.04916191101074219,44992,1.6274574995040894,1.38468337059021,0.00041944146505557,0.2537582516670227,0.11441243439912796,,,,,,,,,,,
704,0.18000000715255737,0.18000000715255737,MoE-sBOED,0.04946160316467285,45056,1.8090566396713257,1.3849166631698608,0.0005128858610987663,0.2531958818435669,0.11434194445610046,,,,,,,,,,,
705,0.17156249284744263,0.17156249284744263,MoE-sBOED,0.05000448226928711,45120,1.7787418365478516,1.3848356008529663,0.0005223129992373288,0.25282731652259827,0.11427472531795502,,,,,,,,,,,
706,0.17484375834465027,0.17484375834465027,MoE-sBOED,0.04978156089782715,45184,2.001554012298584,1.3847713470458984,0.0005242270999588072,0.2557235658168793,0.114212267100811,,,,,,,,,,,
707,0.17671874165534973,0.17671874165534973,MoE-sBOED,0.049880266189575195,45248,2.061619520187378,1.385090708732605,0.0005105453310534358,0.25706565380096436,0.11415182054042816,,,,,,,,,,,
708,0.16593749821186066,0.16593749821186066,MoE-sBOED,0.04995298385620117,45312,2.0278429985046387,1.3851803541183472,0.0005434115300886333,0.2576356530189514,0.11411190778017044,,,,,,,,,,,
709,0.18656249344348907,0.18656249344348907,MoE-sBOED,0.06699705123901367,45376,2.2356770038604736,1.3851369619369507,0.0007554612238891423,0.2575480341911316,0.11408301442861557,,,,,,,,,,,
710,0.2006250023841858,0.2006250023841858,MoE-sBOED,0.064178466796875,45440,2.395047664642334,1.384989619255066,0.0009449165663681924,0.2588557004928589,0.11403314024209976,,,,,,,,,,,
711,0.19968751072883606,0.19968751072883606,MoE-sBOED,0.05322074890136719,45504,2.451651096343994,1.3850902318954468,0.001164910732768476,0.2590816617012024,0.1139824166893959,,,,,,,,,,,
712,0.2043749988079071,0.2043749988079071,MoE-sBOED,0.04790925979614258,45568,2.5036957263946533,1.3851597309112549,0.001477369456551969,0.2583397924900055,0.11397286504507065,,,,,,,,,,,
713,0.17343750596046448,0.17343750596046448,MoE-sBOED,0.04928922653198242,45632,2.389937162399292,1.3850336074829102,0.0016551740700379014,0.2613407373428345,0.1139456033706665,,,,,,,,,,,
714,0.1823437511920929,0.1823437511920929,MoE-sBOED,0.04999566078186035,45696,2.350677490234375,1.3846644163131714,0.0016103675588965416,0.266354501247406,0.11386670917272568,,,,,,,,,,,
715,0.1954687535762787,0.1954687535762787,MoE-sBOED,0.05036211013793945,45760,2.4374148845672607,1.3846580982208252,0.001458122511394322,0.26920366287231445,0.11381485313177109,,,,,,,,,,,
716,0.1860937625169754,0.1860937625169754,MoE-sBOED,0.049353599548339844,45824,2.175907611846924,1.3841102123260498,0.0014351597055792809,0.271686851978302,0.11378747969865799,,,,,,,,,,,
717,0.1771875023841858,0.1771875023841858,MoE-sBOED,0.04991650581359863,45888,2.0414810180664062,1.3840793371200562,0.001354028470814228,0.270663321018219,0.11379923671483994,,,,,,,,,,,
718,0.1875,0.1875,MoE-sBOED,0.04968976974487305,45952,1.9163326025009155,1.3843563795089722,0.0016689766198396683,0.26624739170074463,0.11382834613323212,,,,,,,,,,,
719,0.19593751430511475,0.19593751430511475,MoE-sBOED,0.04958534240722656,46016,2.036533832550049,1.3849925994873047,0.0018297058995813131,0.2599107027053833,0.11384395509958267,,,,,,,,,,,
720,0.1860937476158142,0.1860937476158142,MoE-sBOED,0.04940485954284668,46080,2.0187249183654785,1.3850854635238647,0.002073039533570409,0.25466471910476685,0.11385244131088257,,,,,,,,,,,
721,0.17625001072883606,0.17625001072883606,MoE-sBOED,0.05013751983642578,46144,2.0000858306884766,1.385019302368164,0.0019187831785529852,0.2586521804332733,0.11385869979858398,,,,,,,,,,,
722,0.18046875298023224,0.18046875298023224,MoE-sBOED,0.04920315742492676,46208,1.8271268606185913,1.3848419189453125,0.001465338165871799,0.26152291893959045,0.11384210735559464,,,,,,,,,,,
723,0.1771875023841858,0.1771875023841858,MoE-sBOED,0.04954051971435547,46272,1.8143390417099,1.3848035335540771,0.0008499795221723616,0.261567085981369,0.11384045332670212,,,,,,,,,,,
724,0.17671874165534973,0.17671874165534973,MoE-sBOED,0.04964017868041992,46336,1.7813715934753418,1.3850066661834717,0.0005707595846615732,0.2607148587703705,0.11383859813213348,,,,,,,,,,,
725,0.19312500953674316,0.19312500953674316,MoE-sBOED,0.049962759017944336,46400,1.7060340642929077,1.3850362300872803,0.0006819659029133618,0.2609652876853943,0.1137978583574295,0.18375,0.0675,4,1.051943350188748,0.03125,0.0,1,0.0,0.0675,0,diagnostic_only
726,0.18796876072883606,0.18796876072883606,MoE-sBOED,0.0465693473815918,46464,1.82456374168396,1.3850860595703125,0.0009441807051189244,0.2605558931827545,0.11376526206731796,,,,,,,,,,,
727,0.1743749976158142,0.1743749976158142,MoE-sBOED,0.04829287528991699,46528,1.7920516729354858,1.3852574825286865,0.0010197915835306048,0.2578382194042206,0.1137290820479393,,,,,,,,,,,
728,0.18140624463558197,0.18140624463558197,MoE-sBOED,0.049149274826049805,46592,1.7819697856903076,1.3853156566619873,0.0008167052874341607,0.25473323464393616,0.11368321627378464,,,,,,,,,,,
729,0.19218751788139343,0.19218751788139343,MoE-sBOED,0.050127267837524414,46656,1.888738989830017,1.3853434324264526,0.0007436590385623276,0.2559567093849182,0.11360429227352142,,,,,,,,,,,
730,0.16968750953674316,0.16968750953674316,MoE-sBOED,0.050185203552246094,46720,1.9909029006958008,1.3854992389678955,0.000749125552829355,0.2567542493343353,0.11349479109048843,,,,,,,,,,,
731,0.17484375834465027,0.17484375834465027,MoE-sBOED,0.04984426498413086,46784,2.0580737590789795,1.3854202032089233,0.0010370700620114803,0.25858330726623535,0.11343208700418472,,,,,,,,,,,
732,0.1823437511920929,0.1823437511920929,MoE-sBOED,0.050414085388183594,46848,2.055574655532837,1.3855161666870117,0.0012770610628649592,0.25435882806777954,0.11339801549911499,,,,,,,,,,,
733,0.19218750298023224,0.19218750298023224,MoE-sBOED,0.04944586753845215,46912,2.0805232524871826,1.3855599164962769,0.001501266728155315,0.2533457279205322,0.11336340010166168,,,,,,,,,,,
734,0.17531248927116394,0.17531248927116394,MoE-sBOED,0.049211978912353516,46976,2.114703893661499,1.3855918645858765,0.0017039262456819415,0.2524181604385376,0.11331024020910263,,,,,,,,,,,
735,0.1771875023841858,0.1771875023841858,MoE-sBOED,0.049910783767700195,47040,1.9662225246429443,1.3854260444641113,0.0020406285766512156,0.25369396805763245,0.11327709257602692,,,,,,,,,,,
736,0.18796874582767487,0.18796874582767487,MoE-sBOED,0.05003046989440918,47104,2.0403354167938232,1.3855915069580078,0.002133411355316639,0.25384214520454407,0.11326748132705688,,,,,,,,,,,
737,0.18656250834465027,0.18656250834465027,MoE-sBOED,0.04988503456115723,47168,1.9909390211105347,1.3856201171875,0.0019963697995990515,0.2554435133934021,0.11324761807918549,,,,,,,,,,,
738,0.17390625178813934,0.17390625178813934,MoE-sBOED,0.05083918571472168,47232,1.9554771184921265,1.3855071067810059,0.0014285292709246278,0.2561945915222168,0.11321409046649933,,,,,,,,,,,
739,0.1823437511920929,0.1823437511920929,MoE-sBOED,0.050353288650512695,47296,1.9751098155975342,1.3856176137924194,0.0011605093022808433,0.2546204924583435,0.11318683624267578,,,,,,,,,,,
740,0.17625001072883606,0.17625001072883606,MoE-sBOED,0.04925203323364258,47360,1.9447104930877686,1.3855160474777222,0.0011922280536964536,0.25396156311035156,0.1131804883480072,,,,,,,,,,,
741,0.1771875023841858,0.1771875023841858,MoE-sBOED,0.04966855049133301,47424,2.13657808303833,1.3856496810913086,0.001180700259283185,0.25325968861579895,0.1131802499294281,,,,,,,,,,,
742,0.17531248927116394,0.17531248927116394,MoE-sBOED,0.049790143966674805,47488,2.1560139656066895,1.385607123374939,0.0011000786907970905,0.2535141110420227,0.11316516995429993,,,,,,,,,,,
743,0.18656250834465027,0.18656250834465027,MoE-sBOED,0.04914712905883789,47552,2.1355245113372803,1.385362148284912,0.001504029263742268,0.2547815144062042,0.1131298691034317,,,,,,,,,,,
744,0.1912499964237213,0.1912499964237213,MoE-sBOED,0.04963541030883789,47616,2.16402530670166,1.3853952884674072,0.0018412315985187888,0.2563135325908661,0.11310947686433792,,,,,,,,,,,
745,0.18046875298023224,0.18046875298023224,MoE-sBOED,0.04977250099182129,47680,2.2170655727386475,1.385411262512207,0.00151968898717314,0.2552955150604248,0.11311297118663788,,,,,,,,,,,
746,0.18562501668930054,0.18562501668930054,MoE-sBOED,0.05021786689758301,47744,2.11543869972229,1.3853992223739624,0.0012434987584128976,0.25529375672340393,0.11314309388399124,,,,,,,,,,,
747,0.16687500476837158,0.16687500476837158,MoE-sBOED,0.04976844787597656,47808,2.1509265899658203,1.385391116142273,0.0012743760598823428,0.2551732659339905,0.11318282783031464,,,,,,,,,,,
748,0.18140625953674316,0.18140625953674316,MoE-sBOED,0.04971146583557129,47872,2.1876072883605957,1.385329008102417,0.001580683747306466,0.2540391981601715,0.11321406811475754,,,,,,,,,,,
749,0.1875000149011612,0.1875000149011612,MoE-sBOED,0.049652099609375,47936,2.0327515602111816,1.3853495121002197,0.001459235791116953,0.2546788454055786,0.11325253546237946,,,,,,,,,,,
750,0.17015627026557922,0.17015627026557922,MoE-sBOED,0.050159454345703125,48000,1.952128291130066,1.3853979110717773,0.0014591974904760718,0.25203168392181396,0.11328963190317154,0.18796875000000002,0.07171875000000001,11,1.607339677775039,0.0859375,0.0,1,0.0,0.07171875000000001,0,diagnostic_only
751,0.1940625011920929,0.1940625011920929,MoE-sBOED,0.05421900749206543,48064,2.0781917572021484,1.3853089809417725,0.0013907188549637794,0.2536894679069519,0.11328312009572983,,,,,,,,,,,
752,0.17671874165534973,0.17671874165534973,MoE-sBOED,0.05890393257141113,48128,2.053440570831299,1.385333776473999,0.0013241012347862124,0.2539684772491455,0.11328475177288055,,,,,,,,,,,
753,0.19218750298023224,0.19218750298023224,MoE-sBOED,0.054468631744384766,48192,2.020141124725342,1.3853759765625,0.001125197159126401,0.2541075348854065,0.113285593688488,,,,,,,,,,,
754,0.17484375834465027,0.17484375834465027,MoE-sBOED,0.04964137077331543,48256,1.9967920780181885,1.3852767944335938,0.001014669076539576,0.25502529740333557,0.11327201128005981,,,,,,,,,,,
755,0.17906251549720764,0.17906251549720764,MoE-sBOED,0.04912447929382324,48320,1.843038558959961,1.3853286504745483,0.0009024497121572495,0.2550760507583618,0.11327286809682846,,,,,,,,,,,
756,0.1795312464237213,0.1795312464237213,MoE-sBOED,0.04962730407714844,48384,1.7346892356872559,1.3853003978729248,0.0007093124440871179,0.25347089767456055,0.11328260600566864,,,,,,,,,,,
757,0.19968751072883606,0.19968751072883606,MoE-sBOED,0.0501251220703125,48448,1.6950204372406006,1.385162353515625,0.0008074649376794696,0.25467774271965027,0.11328607052564621,,,,,,,,,,,
758,0.19734375178813934,0.19734375178813934,MoE-sBOED,0.04974865913391113,48512,1.558056116104126,1.3853356838226318,0.0008072609198279679,0.255797803401947,0.11327964812517166,,,,,,,,,,,
759,0.18000000715255737,0.18000000715255737,MoE-sBOED,0.05002546310424805,48576,1.699905276298523,1.3853533267974854,0.0006584248621948063,0.2562217712402344,0.11325892060995102,,,,,,,,,,,
760,0.20390625298023224,0.20390625298023224,MoE-sBOED,0.050445556640625,48640,1.74293851852417,1.3854845762252808,0.0006753272609785199,0.2565563917160034,0.11324529349803925,,,,,,,,,,,
761,0.17859375476837158,0.17859375476837158,MoE-sBOED,0.04974961280822754,48704,1.6778264045715332,1.3856018781661987,0.0007325299084186554,0.2557820975780487,0.11324754357337952,,,,,,,,,,,
762,0.18328124284744263,0.18328124284744263,MoE-sBOED,0.04960513114929199,48768,1.637377142906189,1.385603904724121,0.0011711157858371735,0.25621485710144043,0.113247349858284,,,,,,,,,,,
763,0.17531250417232513,0.17531250417232513,MoE-sBOED,0.05031585693359375,48832,1.7482163906097412,1.3856112957000732,0.0015292027965188026,0.25455954670906067,0.11324720084667206,,,,,,,,,,,
764,0.18515625596046448,0.18515625596046448,MoE-sBOED,0.04929041862487793,48896,1.732914686203003,1.3857325315475464,0.0020297833252698183,0.2534504532814026,0.11321573704481125,,,,,,,,,,,
765,0.17296874523162842,0.17296874523162842,MoE-sBOED,0.04964876174926758,48960,1.7303054332733154,1.3856748342514038,0.0022453120909631252,0.2539176940917969,0.11315295845270157,,,,,,,,,,,
766,0.17578125,0.17578125,MoE-sBOED,0.04979681968688965,49024,1.6903932094573975,1.3856487274169922,0.0023832153528928757,0.2544817328453064,0.11309877038002014,,,,,,,,,,,
767,0.18281249701976776,0.18281249701976776,MoE-sBOED,0.04977703094482422,49088,1.5543489456176758,1.3854568004608154,0.0022364126052707434,0.25601041316986084,0.1130552589893341,,,,,,,,,,,
768,0.17765624821186066,0.17765624821186066,MoE-sBOED,0.049971580505371094,49152,1.6726077795028687,1.3854255676269531,0.0025601498782634735,0.25470685958862305,0.11302927881479263,,,,,,,,,,,
769,0.17484375834465027,0.17484375834465027,MoE-sBOED,0.04987382888793945,49216,1.6002740859985352,1.3855383396148682,0.001980394124984741,0.255026638507843,0.1130187064409256,,,,,,,,,,,
770,0.18140625953674316,0.18140625953674316,MoE-sBOED,0.050734758377075195,49280,1.5873626470565796,1.385656714439392,0.001884473254904151,0.2535891532897949,0.11301837116479874,,,,,,,,,,,
771,0.18562500178813934,0.18562500178813934,MoE-sBOED,0.0501406192779541,49344,1.625176191329956,1.385575532913208,0.0025874690618366003,0.25273996591567993,0.113052137196064,,,,,,,,,,,
772,0.1809374988079071,0.1809374988079071,MoE-sBOED,0.05063319206237793,49408,1.565840244293213,1.3855516910552979,0.001968931406736374,0.253212571144104,0.11308839917182922,,,,,,,,,,,
773,0.1823437511920929,0.1823437511920929,MoE-sBOED,0.049385786056518555,49472,1.6672723293304443,1.3855018615722656,0.002047486836090684,0.25350916385650635,0.11311701685190201,,,,,,,,,,,
774,0.1860937476158142,0.1860937476158142,MoE-sBOED,0.04991316795349121,49536,1.5816845893859863,1.3854243755340576,0.0019304404268041253,0.25617823004722595,0.11314623057842255,,,,,,,,,,,
775,0.17578125,0.18203124403953552,MoE-sBOED,0.049596548080444336,49600,1.7976815700531006,1.385403037071228,0.002575233578681946,0.25434350967407227,0.11312322318553925,0.18703125,0.07078125,14,2.036758893746555,0.109375,0.0,1,0.0,0.07078125,0,diagnostic_only
776,0.17156249284744263,0.17156249284744263,MoE-sBOED,0.04658079147338867,49664,1.7861754894256592,1.3854355812072754,0.0019504092633724213,0.2531505227088928,0.11309081315994263,,,,,,,,,,,
777,0.18281249701976776,0.18281249701976776,MoE-sBOED,0.04760169982910156,49728,1.7939180135726929,1.3853553533554077,0.0019671947229653597,0.25271058082580566,0.11307663470506668,,,,,,,,,,,
778,0.18046875298023224,0.18046875298023224,MoE-sBOED,0.04993081092834473,49792,1.9430350065231323,1.3854155540466309,0.001994125545024872,0.254743754863739,0.11306442320346832,,,,,,,,,,,
779,0.16640624403953552,0.16640624403953552,MoE-sBOED,0.05016469955444336,49856,1.9133789539337158,1.3855321407318115,0.0015209215926006436,0.2542728781700134,0.11304072290658951,,,,,,,,,,,
780,0.20671875774860382,0.20671875774860382,MoE-sBOED,0.05006289482116699,49920,2.178539752960205,1.3853425979614258,0.0016627950826659799,0.25514480471611023,0.11299030482769012,,,,,,,,,,,
781,0.1823437511920929,0.1823437511920929,MoE-sBOED,0.04979705810546875,49984,2.0319814682006836,1.3853882551193237,0.0012795190559700131,0.2557435631752014,0.11294931173324585,,,,,,,,,,,
782,0.16359375417232513,0.16359375417232513,MoE-sBOED,0.04999256134033203,50048,1.8991715908050537,1.3853710889816284,0.0011028924491256475,0.25874564051628113,0.11290735006332397,,,,,,,,,,,
783,0.17390626668930054,0.17390626668930054,MoE-sBOED,0.049971818923950195,50112,1.784540057182312,1.385317325592041,0.001272277208045125,0.25976645946502686,0.11284545809030533,,,,,,,,,,,
784,0.19312500953674316,0.19312500953674316,MoE-sBOED,0.049889326095581055,50176,1.8430966138839722,1.385244607925415,0.001525880885310471,0.2600882947444916,0.11275501549243927,,,,,,,,,,,
785,0.17859375476837158,0.17859375476837158,MoE-sBOED,0.05011487007141113,50240,1.788298487663269,1.3853092193603516,0.0015181215712800622,0.2596539258956909,0.1126566156744957,,,,,,,,,,,
786,0.1729687601327896,0.1729687601327896,MoE-sBOED,0.04981255531311035,50304,1.788920283317566,1.3851957321166992,0.001388465752825141,0.25944027304649353,0.11259999871253967,,,,,,,,,,,
787,0.18515625596046448,0.18515625596046448,MoE-sBOED,0.050028085708618164,50368,1.9087855815887451,1.3851900100708008,0.0012493535177782178,0.2594662606716156,0.11259046941995621,,,,,,,,,,,
788,0.17156249284744263,0.17156249284744263,MoE-sBOED,0.049839019775390625,50432,1.7958641052246094,1.385258436203003,0.0011790477437898517,0.25925689935684204,0.11260079592466354,,,,,,,,,,,
789,0.19874998927116394,0.19874998927116394,MoE-sBOED,0.05010819435119629,50496,1.7992258071899414,1.3851021528244019,0.0013462549541145563,0.25503796339035034,0.11259116977453232,,,,,,,,,,,
790,0.17390626668930054,0.17390626668930054,MoE-sBOED,0.04960298538208008,50560,1.7272374629974365,1.3852930068969727,0.0014166688779368997,0.25511354207992554,0.11257275193929672,,,,,,,,,,,
791,0.1795312464237213,0.1795312464237213,MoE-sBOED,0.04985952377319336,50624,1.7776769399642944,1.3852638006210327,0.0012782345293089747,0.25397568941116333,0.11256975680589676,,,,,,,,,,,
792,0.16593749821186066,0.16593749821186066,MoE-sBOED,0.04942607879638672,50688,1.8001031875610352,1.3852944374084473,0.0012839670525863767,0.25575822591781616,0.11257646977901459,,,,,,,,,,,
793,0.1692187488079071,0.1692187488079071,MoE-sBOED,0.049653053283691406,50752,1.9044831991195679,1.3852272033691406,0.0011255566496402025,0.254976361989975,0.11259844899177551,,,,,,,,,,,
794,0.17015624046325684,0.17015624046325684,MoE-sBOED,0.050011396408081055,50816,1.8439834117889404,1.3852447271347046,0.0011258814483880997,0.2567926347255707,0.11262433230876923,,,,,,,,,,,
795,0.18656249344348907,0.18656249344348907,MoE-sBOED,0.04973244667053223,50880,1.7809003591537476,1.3853052854537964,0.0011869223089888692,0.25604885816574097,0.11265085637569427,,,,,,,,,,,
796,0.18421876430511475,0.18421876430511475,MoE-sBOED,0.050032615661621094,50944,1.9015705585479736,1.3851531744003296,0.0015152347041293979,0.25460073351860046,0.11266237497329712,,,,,,,,,,,
797,0.17765624821186066,0.17765624821186066,MoE-sBOED,0.04999065399169922,51008,1.8135337829589844,1.3852180242538452,0.001484501757659018,0.25564223527908325,0.11268999427556992,,,,,,,,,,,
798,0.17812500894069672,0.17812500894069672,MoE-sBOED,0.05054593086242676,51072,1.7914923429489136,1.3852996826171875,0.0013265629531815648,0.2553080916404724,0.11271683871746063,,,,,,,,,,,
799,0.17484375834465027,0.17484375834465027,MoE-sBOED,0.05008888244628906,51136,1.7708070278167725,1.385279655456543,0.0011705280048772693,0.25395667552948,0.11267746239900589,,,,,,,,,,,
800,0.18984374403953552,0.18984374403953552,MoE-sBOED,0.050417184829711914,51200,1.8841331005096436,1.3852283954620361,0.0013452810235321522,0.255309522151947,0.11265838146209717,0.186328125,0.076328125,7,0.8918843108233158,0.0546875,0.015625,1,0.00046875,0.076328125,0,diagnostic_only
801,0.18281251192092896,0.18281251192092896,MoE-sBOED,0.04676032066345215,51264,1.7878713607788086,1.3851029872894287,0.0013860482722520828,0.2587048411369324,0.11268184334039688,,,,,,,,,,,
802,0.18562498688697815,0.18562498688697815,MoE-sBOED,0.04796791076660156,51328,1.8533861637115479,1.3849691152572632,0.0016471660928800702,0.26072219014167786,0.11268474906682968,,,,,,,,,,,
803,0.1771875023841858,0.1771875023841858,MoE-sBOED,0.04890012741088867,51392,2.025880813598633,1.3849546909332275,0.0018857911927625537,0.26129040122032166,0.11269845813512802,,,,,,,,,,,
804,0.18000000715255737,0.18000000715255737,MoE-sBOED,0.04950428009033203,51456,2.004031181335449,1.384716272354126,0.002426861086860299,0.2645941376686096,0.1127171441912651,,,,,,,,,,,
805,0.1640625,0.1640625,MoE-sBOED,0.04999589920043945,51520,1.92918860912323,1.384783148765564,0.0017632892122492194,0.26574379205703735,0.11272460222244263,,,,,,,,,,,
806,0.1654687523841858,0.1654687523841858,MoE-sBOED,0.050211429595947266,51584,1.8218449354171753,1.384807825088501,0.001652171486057341,0.26457181572914124,0.11273088306188583,,,,,,,,,,,
807,0.16734376549720764,0.16734376549720764,MoE-sBOED,0.049286842346191406,51648,1.824051856994629,1.384844183921814,0.0013849397655576468,0.2656472623348236,0.11271004378795624,,,,,,,,,,,
808,0.19921875,0.19921875,MoE-sBOED,0.05000138282775879,51712,1.9065250158309937,1.3851245641708374,0.001526871114037931,0.26211056113243103,0.11268637329339981,,,,,,,,,,,
809,0.17109374701976776,0.17109374701976776,MoE-sBOED,0.04974055290222168,51776,1.847470998764038,1.3851289749145508,0.0014307784149423242,0.26242542266845703,0.11269592493772507,,,,,,,,,,,
810,0.17671874165534973,0.17671874165534973,MoE-sBOED,0.04920148849487305,51840,1.7309904098510742,1.3853302001953125,0.0011706143850460649,0.26294201612472534,0.11275085806846619,,,,,,,,,,,
811,0.19968751072883606,0.19968751072883606,MoE-sBOED,0.049224138259887695,51904,1.8475914001464844,1.3852663040161133,0.0010068422416225076,0.2609555125236511,0.11281578242778778,,,,,,,,,,,
812,0.1678124964237213,0.1678124964237213,MoE-sBOED,0.05040287971496582,51968,1.638091802597046,1.3854529857635498,0.0009057598654180765,0.2584335207939148,0.11283936351537704,,,,,,,,,,,
813,0.17531250417232513,0.17531250417232513,MoE-sBOED,0.049292802810668945,52032,1.7489198446273804,1.3855026960372925,0.0008866835851222277,0.2580261826515198,0.1129041537642479,,,,,,,,,,,
814,0.19171875715255737,0.19171875715255737,MoE-sBOED,0.04960489273071289,52096,1.8152618408203125,1.3854100704193115,0.0009118641610257328,0.2580791711807251,0.11300136148929596,,,,,,,,,,,
815,0.1954687535762787,0.1954687535762787,MoE-sBOED,0.04966425895690918,52160,1.8574398756027222,1.3855317831039429,0.0008806783007457852,0.25564682483673096,0.1130843535065651,,,,,,,,,,,
816,0.17390625178813934,0.17390625178813934,MoE-sBOED,0.05003547668457031,52224,1.867287039756775,1.385607123374939,0.0008165417239069939,0.25587356090545654,0.11310018599033356,,,,,,,,,,,
817,0.19687500596046448,0.19687500596046448,MoE-sBOED,0.04995322227478027,52288,1.8356947898864746,1.385701060295105,0.0007801610045135021,0.25205501914024353,0.11309477686882019,,,,,,,,,,,
818,0.19593749940395355,0.19593749940395355,MoE-sBOED,0.04971575736999512,52352,1.8454105854034424,1.3855829238891602,0.0006365286535583436,0.2525971531867981,0.11310482025146484,,,,,,,,,,,
819,0.17156249284744263,0.17156249284744263,MoE-sBOED,0.049941062927246094,52416,1.7937524318695068,1.3857195377349854,0.0005527830799110234,0.25258925557136536,0.11307983845472336,,,,,,,,,,,
820,0.1903124898672104,0.1903124898672104,MoE-sBOED,0.05003523826599121,52480,1.818962812423706,1.3857088088989258,0.0005979507113806903,0.2528875172138214,0.11303283274173737,,,,,,,,,,,
821,0.18656250834465027,0.18656250834465027,MoE-sBOED,0.049874067306518555,52544,1.676156997680664,1.385777473449707,0.0005476949154399335,0.25223132967948914,0.11297440528869629,,,,,,,,,,,
822,0.16875000298023224,0.16875000298023224,MoE-sBOED,0.050382137298583984,52608,1.7258830070495605,1.3858344554901123,0.0006171771674416959,0.2514437437057495,0.1129206046462059,,,,,,,,,,,
823,0.18515625596046448,0.18515625596046448,MoE-sBOED,0.04973626136779785,52672,1.720721960067749,1.3856682777404785,0.0008872265461832285,0.2544930875301361,0.11286918073892593,,,,,,,,,,,
824,0.17296874523162842,0.17296874523162842,MoE-sBOED,0.050012826919555664,52736,1.6834090948104858,1.3856981992721558,0.0011198060819879174,0.2544950842857361,0.11281494796276093,,,,,,,,,,,
825,0.16359375417232513,0.16359375417232513,MoE-sBOED,0.049274444580078125,52800,1.695611834526062,1.3857848644256592,0.0013079114723950624,0.25409001111984253,0.11277112364768982,0.18703124999999998,0.08015625000000001,5,0.9817890895585732,0.0390625,0.0234375,1,0.0007031250000000002,0.08015625000000001,0,diagnostic_only
826,0.18656250834465027,0.18656250834465027,MoE-sBOED,0.04664134979248047,52864,1.5544650554656982,1.3857120275497437,0.001236115349456668,0.25442343950271606,0.11275636404752731,,,,,,,,,,,
827,0.17765626311302185,0.17765626311302185,MoE-sBOED,0.048113346099853516,52928,1.642135500907898,1.3857911825180054,0.001157064805738628,0.25289255380630493,0.11277253180742264,,,,,,,,,,,
828,0.17109374701976776,0.17109374701976776,MoE-sBOED,0.04950070381164551,52992,1.6365503072738647,1.385746717453003,0.0010567257413640618,0.25285422801971436,0.11277638375759125,,,,,,,,,,,
829,0.17249999940395355,0.17249999940395355,MoE-sBOED,0.049494028091430664,53056,1.6572399139404297,1.3857858180999756,0.000863300752826035,0.25400885939598083,0.112779900431633,,,,,,,,,,,
830,0.16453126072883606,0.16453126072883606,MoE-sBOED,0.04956245422363281,53120,1.6180499792099,1.3857539892196655,0.0007628797320649028,0.2556803524494171,0.1127987653017044,,,,,,,,,,,
831,0.18328125774860382,0.18328125774860382,MoE-sBOED,0.04953598976135254,53184,1.719234824180603,1.385573148727417,0.0007226704037748277,0.2605237066745758,0.11281197518110275,,,,,,,,,,,
832,0.17531248927116394,0.17531248927116394,MoE-sBOED,0.04983925819396973,53248,1.8253052234649658,1.3853816986083984,0.0008468516170978546,0.263416051864624,0.11280965059995651,,,,,,,,,,,
833,0.17015624046325684,0.17015624046325684,MoE-sBOED,0.04993009567260742,53312,1.7905938625335693,1.3854789733886719,0.000959857483394444,0.26241612434387207,0.1128222644329071,,,,,,,,,,,
834,0.2029687464237213,0.2029687464237213,MoE-sBOED,0.05028986930847168,53376,1.971726417541504,1.385490894317627,0.0012192628346383572,0.25976449251174927,0.11284266412258148,,,,,,,,,,,
835,0.17250001430511475,0.17250001430511475,MoE-sBOED,0.04973745346069336,53440,2.007345676422119,1.3857263326644897,0.0011854680487886071,0.2580777108669281,0.11284475028514862,,,,,,,,,,,
836,0.1889062523841858,0.1889062523841858,MoE-sBOED,0.050318002700805664,53504,2.0591952800750732,1.3857052326202393,0.001242155907675624,0.25843557715415955,0.11283871531486511,,,,,,,,,,,
837,0.19312499463558197,0.19312499463558197,MoE-sBOED,0.04987788200378418,53568,1.9085273742675781,1.3856942653656006,0.0011969871120527387,0.2564701437950134,0.11284133046865463,,,,,,,,,,,
838,0.1640625,0.1640625,MoE-sBOED,0.04971575736999512,53632,1.754650592803955,1.3858840465545654,0.0011846130946651101,0.252051442861557,0.11288478970527649,,,,,,,,,,,
839,0.18187500536441803,0.18187500536441803,MoE-sBOED,0.04992198944091797,53696,1.8729528188705444,1.3857816457748413,0.001189537812024355,0.2510882019996643,0.11294668167829514,,,,,,,,,,,
840,0.1706250011920929,0.1706250011920929,MoE-sBOED,0.05028796195983887,53760,1.812609076499939,1.385823130607605,0.0014766521053388715,0.25203728675842285,0.1130143329501152,,,,,,,,,,,
841,0.1912499964237213,0.1912499964237213,MoE-sBOED,0.05000615119934082,53824,1.7744965553283691,1.3855699300765991,0.0016470650443807244,0.2508823871612549,0.11304377764463425,,,,,,,,,,,
842,0.1654687523841858,0.1654687523841858,MoE-sBOED,0.04954385757446289,53888,1.7071384191513062,1.3857495784759521,0.0018386385636404157,0.25078946352005005,0.11299297213554382,,,,,,,,,,,
843,0.16828125715255737,0.16828125715255737,MoE-sBOED,0.04988408088684082,53952,1.808218002319336,1.385767936706543,0.0019514138111844659,0.2528579831123352,0.11290930956602097,,,,,,,,,,,
844,0.17484375834465027,0.17484375834465027,MoE-sBOED,0.05030107498168945,54016,1.732267141342163,1.3857173919677734,0.0017100893892347813,0.25288766622543335,0.11285203695297241,,,,,,,,,,,
845,0.16968747973442078,0.16968747973442078,MoE-sBOED,0.050417184829711914,54080,1.6529529094696045,1.385815143585205,0.0016780368750914931,0.2525080144405365,0.11282804608345032,,,,,,,,,,,
846,0.1860937476158142,0.1860937476158142,MoE-sBOED,0.04989504814147949,54144,1.7158849239349365,1.3856866359710693,0.0016146022826433182,0.2529744505882263,0.11281105875968933,,,,,,,,,,,
847,0.17859375476837158,0.17859375476837158,MoE-sBOED,0.04997372627258301,54208,1.6906158924102783,1.3856371641159058,0.0013723081210628152,0.2516178786754608,0.11282163113355637,,,,,,,,,,,
848,0.1678124964237213,0.1678124964237213,MoE-sBOED,0.04952120780944824,54272,1.5740725994110107,1.3856548070907593,0.0011149217607453465,0.2530190646648407,0.11282583326101303,,,,,,,,,,,
849,0.1743750125169754,0.1743750125169754,MoE-sBOED,0.049875736236572266,54336,1.7539613246917725,1.3855737447738647,0.001212779083289206,0.25344744324684143,0.1128145232796669,,,,,,,,,,,
850,0.2006250023841858,0.2006250023841858,MoE-sBOED,0.05000042915344238,54400,1.8456991910934448,1.3854693174362183,0.0009335678187198937,0.2530602812767029,0.11279711872339249,0.185859375,0.075078125,9,1.1637630697722918,0.0703125,0.0078125,1,0.00046875,0.075078125,0,diagnostic_only
851,0.1771875023841858,0.1771875023841858,MoE-sBOED,0.046781063079833984,54464,1.844862699508667,1.3849267959594727,0.0011297541204839945,0.25365781784057617,0.1127871423959732,,,,,,,,,,,
852,0.18562500178813934,0.18562500178813934,MoE-sBOED,0.04783058166503906,54528,1.8441195487976074,1.3854637145996094,0.0010927957482635975,0.25258246064186096,0.11279621720314026,,,,,,,,,,,
853,0.18796874582767487,0.18796874582767487,MoE-sBOED,0.05018019676208496,54592,1.8575093746185303,1.3854726552963257,0.000918352568987757,0.2523353695869446,0.11282391846179962,,,,,,,,,,,
854,0.17109376192092896,0.17109376192092896,MoE-sBOED,0.05005955696105957,54656,2.024195909500122,1.385312557220459,0.001207406516186893,0.25218984484672546,0.11285609751939774,,,,,,,,,,,
855,0.18703125417232513,0.18703125417232513,MoE-sBOED,0.05016493797302246,54720,1.7809760570526123,1.3855385780334473,0.0010786062339320779,0.2509046196937561,0.11285820603370667,,,,,,,,,,,
856,0.1875,0.1875,MoE-sBOED,0.05015683174133301,54784,1.9398276805877686,1.385492205619812,0.0013405411737039685,0.2536223232746124,0.11280357092618942,,,,,,,,,,,
857,0.1875,0.1875,MoE-sBOED,0.05068039894104004,54848,1.7088911533355713,1.385438323020935,0.0013646801235154271,0.2522805631160736,0.1127684935927391,,,,,,,,,,,
858,0.19687500596046448,0.19687500596046448,MoE-sBOED,0.050126075744628906,54912,1.9168018102645874,1.3852550983428955,0.0020340760238468647,0.25304099917411804,0.11275670677423477,,,,,,,,,,,
859,0.18937501311302185,0.19562500715255737,MoE-sBOED,0.05019044876098633,54976,1.950258731842041,1.3846229314804077,0.002212550025433302,0.25512632727622986,0.11274426430463791,,,,,,,,,,,
860,0.1823437511920929,0.1823437511920929,MoE-sBOED,0.04976654052734375,55040,2.04484224319458,1.3842729330062866,0.002400222234427929,0.25638851523399353,0.11270221322774887,,,,,,,,,,,
861,0.1720312535762787,0.1720312535762787,MoE-sBOED,0.05026531219482422,55104,1.904374122619629,1.3844726085662842,0.0023303828202188015,0.2627211809158325,0.11263688653707504,,,,,,,,,,,
862,0.17296874523162842,0.17296874523162842,MoE-sBOED,0.04947257041931152,55168,1.9028537273406982,1.3846244812011719,0.002457253634929657,0.2640089690685272,0.11256581544876099,,,,,,,,,,,
863,0.19218748807907104,0.19218748807907104,MoE-sBOED,0.05008578300476074,55232,2.006882429122925,1.3846557140350342,0.0024813662748783827,0.2621516287326813,0.11255104839801788,,,,,,,,,,,
864,0.18562498688697815,0.18562498688697815,MoE-sBOED,0.049225568771362305,55296,1.8922765254974365,1.3842964172363281,0.002068480709567666,0.2628166675567627,0.11257898807525635,,,,,,,,,,,
865,0.1875,0.1875,MoE-sBOED,0.04982113838195801,55360,1.9383091926574707,1.3850231170654297,0.001733774901367724,0.2583354115486145,0.11262764781713486,,,,,,,,,,,
866,0.17859375476837158,0.17859375476837158,MoE-sBOED,0.04935741424560547,55424,2.014660358428955,1.3850706815719604,0.0014791297726333141,0.2554178833961487,0.11267847567796707,,,,,,,,,,,
867,0.18187499046325684,0.18187499046325684,MoE-sBOED,0.05044269561767578,55488,1.9757606983184814,1.3852113485336304,0.0013344481121748686,0.253890722990036,0.11271099746227264,,,,,,,,,,,
868,0.18000000715255737,0.18000000715255737,MoE-sBOED,0.05025124549865723,55552,1.9250619411468506,1.3851103782653809,0.0014780533965677023,0.25413528084754944,0.1126992329955101,,,,,,,,,,,
869,0.17671874165534973,0.17671874165534973,MoE-sBOED,0.04958510398864746,55616,1.8837296962738037,1.3851540088653564,0.0014483175473287702,0.25455015897750854,0.11265483498573303,,,,,,,,,,,
870,0.1743749976158142,0.1743749976158142,MoE-sBOED,0.05026388168334961,55680,1.9685122966766357,1.385277509689331,0.0015989035600796342,0.2524545192718506,0.11263740062713623,,,,,,,,,,,
871,0.16687500476837158,0.16687500476837158,MoE-sBOED,0.04964089393615723,55744,1.9523296356201172,1.3850650787353516,0.0016805363120511174,0.2526291310787201,0.11266344040632248,,,,,,,,,,,
872,0.18421876430511475,0.18421876430511475,MoE-sBOED,0.04988360404968262,55808,1.9570287466049194,1.3847951889038086,0.001554658287204802,0.25482437014579773,0.11274884641170502,,,,,,,,,,,
873,0.18046875298023224,0.18046875298023224,MoE-sBOED,0.0500946044921875,55872,1.8699859380722046,1.3846149444580078,0.0016718378756195307,0.25993120670318604,0.11287089437246323,,,,,,,,,,,
874,0.1954687535762787,0.1954687535762787,MoE-sBOED,0.05001378059387207,55936,1.9020265340805054,1.3842442035675049,0.0017161329742521048,0.26030194759368896,0.1129453182220459,,,,,,,,,,,
875,0.18843749165534973,0.18843749165534973,MoE-sBOED,0.04932761192321777,56000,1.8934822082519531,1.3836979866027832,0.0017704606289044023,0.2600172460079193,0.11300481855869293,0.184453125,0.07445312500000001,8,1.2791105194499637,0.0625,0.015625,1,0.0004687500000000002,0.07445312500000001,0,diagnostic_only
876,0.19078125059604645,0.19078125059604645,MoE-sBOED,0.04693865776062012,56064,1.8828585147857666,1.3835525512695312,0.0017382116056978703,0.2624587118625641,0.11310667544603348,,,,,,,,,,,
877,0.1860937476158142,0.1860937476158142,MoE-sBOED,0.04793596267700195,56128,1.8707154989242554,1.3831027746200562,0.0015859325649216771,0.2620035409927368,0.11322282999753952,,,,,,,,,,,
878,0.1654687523841858,0.1654687523841858,MoE-sBOED,0.049610137939453125,56192,1.8276965618133545,1.3828399181365967,0.0017295086290687323,0.26368212699890137,0.11327764391899109,,,,,,,,,,,
879,0.19359375536441803,0.19359375536441803,MoE-sBOED,0.05019426345825195,56256,1.8600184917449951,1.3827227354049683,0.001624463708139956,0.26387637853622437,0.11332409083843231,,,,,,,,,,,
880,0.19218751788139343,0.19218751788139343,MoE-sBOED,0.0501863956451416,56320,1.9152119159698486,1.382338285446167,0.001505447318777442,0.2658519148826599,0.11341464519500732,,,,,,,,,,,
881,0.17859375476837158,0.17859375476837158,MoE-sBOED,0.04962468147277832,56384,1.7630823850631714,1.3813691139221191,0.0014917301014065742,0.2675003409385681,0.11350134015083313,,,,,,,,,,,
882,0.17390626668930054,0.17390626668930054,MoE-sBOED,0.04965925216674805,56448,1.8915513753890991,1.3813095092773438,0.0014047594740986824,0.2685265839099884,0.1136072427034378,,,,,,,,,,,
883,0.18843750655651093,0.18843750655651093,MoE-sBOED,0.050102949142456055,56512,1.9283616542816162,1.3817318677902222,0.001025538076646626,0.2651693522930145,0.11366576701402664,,,,,,,,,,,
884,0.16312500834465027,0.16312500834465027,MoE-sBOED,0.05043148994445801,56576,1.7530438899993896,1.382079839706421,0.0009797391248866916,0.26138997077941895,0.11366158723831177,,,,,,,,,,,
885,0.17531250417232513,0.17531250417232513,MoE-sBOED,0.04895281791687012,56640,1.8122899532318115,1.381595492362976,0.0009759407839737833,0.2567107081413269,0.11362098157405853,,,,,,,,,,,
886,0.19500000774860382,0.19500000774860382,MoE-sBOED,0.04964089393615723,56704,1.947409987449646,1.3816585540771484,0.0010096230544149876,0.2569044828414917,0.11354807019233704,,,,,,,,,,,
887,0.18046873807907104,0.18046873807907104,MoE-sBOED,0.05021548271179199,56768,1.91303288936615,1.3823693990707397,0.0009169497643597424,0.255466103553772,0.11346451938152313,,,,,,,,,,,
888,0.18468749523162842,0.18468749523162842,MoE-sBOED,0.05005168914794922,56832,1.8890762329101562,1.382261037826538,0.0010342509485781193,0.2588518261909485,0.11336162686347961,,,,,,,,,,,
889,0.1771875023841858,0.1771875023841858,MoE-sBOED,0.05068206787109375,56896,1.9010591506958008,1.3826444149017334,0.0008801331860013306,0.26167237758636475,0.1132793202996254,,,,,,,,,,,
890,0.1940625160932541,0.1940625160932541,MoE-sBOED,0.04983639717102051,56960,1.8400673866271973,1.3824461698532104,0.0008649354567751288,0.2634183168411255,0.11322467774152756,,,,,,,,,,,
891,0.18703123927116394,0.18703123927116394,MoE-sBOED,0.05054879188537598,57024,1.767296552658081,1.3826497793197632,0.0008823590469546616,0.2656744718551636,0.1131739616394043,,,,,,,,,,,
892,0.17249999940395355,0.17249999940395355,MoE-sBOED,0.05042314529418945,57088,1.7977526187896729,1.3832639455795288,0.0008057652157731354,0.26548251509666443,0.11318714171648026,,,,,,,,,,,
893,0.17531250417232513,0.17531250417232513,MoE-sBOED,0.04997873306274414,57152,1.770082950592041,1.3836543560028076,0.000825416820589453,0.26215115189552307,0.11323656141757965,,,,,,,,,,,
894,0.17578125,0.17578125,MoE-sBOED,0.05090832710266113,57216,1.7430477142333984,1.3839528560638428,0.0008545134332962334,0.258680522441864,0.11325652152299881,,,,,,,,,,,
895,0.17625001072883606,0.17625001072883606,MoE-sBOED,0.05042767524719238,57280,1.8036763668060303,1.3842300176620483,0.0009428783087059855,0.25714561343193054,0.11326348036527634,,,,,,,,,,,
896,0.17812499403953552,0.17812499403953552,MoE-sBOED,0.0497126579284668,57344,1.7788227796554565,1.384149432182312,0.0009506714413873851,0.25715896487236023,0.11331279575824738,,,,,,,,,,,
897,0.18937498331069946,0.18937498331069946,MoE-sBOED,0.04920768737792969,57408,1.8433616161346436,1.3841145038604736,0.00090520124649629,0.2561582922935486,0.11336672306060791,,,,,,,,,,,
898,0.18328125774860382,0.18328125774860382,MoE-sBOED,0.049486637115478516,57472,1.7452490329742432,1.3844894170761108,0.0009583765640854836,0.2545838952064514,0.11341049522161484,,,,,,,,,,,
899,0.15937501192092896,0.15937501192092896,MoE-sBOED,0.04992055892944336,57536,1.9132999181747437,1.3846592903137207,0.0010007387027144432,0.25344228744506836,0.11346022039651871,,,,,,,,,,,
900,0.17906248569488525,0.17906248569488525,MoE-sBOED,0.05033278465270996,57600,1.7873834371566772,1.3845185041427612,0.0011323357466608286,0.2532232403755188,0.11350783705711365,0.18773437499999998,0.07773437500000002,3,0.4624344371659941,0.0234375,0.015625,1,0.00046875,0.07773437500000002,0,diagnostic_only
901,0.1743749976158142,0.1743749976158142,MoE-sBOED,0.04668593406677246,57664,1.7119239568710327,1.3846248388290405,0.0012214521411806345,0.2536812424659729,0.1135067343711853,,,,,,,,,,,
902,0.18187499046325684,0.18187499046325684,MoE-sBOED,0.04781484603881836,57728,1.766593337059021,1.3845484256744385,0.0012397445971146226,0.25584864616394043,0.1134607270359993,,,,,,,,,,,
903,0.19593749940395355,0.19593749940395355,MoE-sBOED,0.049102783203125,57792,1.6451551914215088,1.3845176696777344,0.0012595514999702573,0.25715452432632446,0.1134052723646164,,,,,,,,,,,
904,0.1809374988079071,0.1809374988079071,MoE-sBOED,0.04984617233276367,57856,1.5961403846740723,1.3844881057739258,0.001191167626529932,0.2584274113178253,0.11334619671106339,,,,,,,,,,,
905,0.18046873807907104,0.18046873807907104,MoE-sBOED,0.04977703094482422,57920,1.738885760307312,1.3842151165008545,0.0011923310812562704,0.26309317350387573,0.113315150141716,,,,,,,,,,,
906,0.18046875298023224,0.18046875298023224,MoE-sBOED,0.05018043518066406,57984,1.7952903509140015,1.3840713500976562,0.0009824114385992289,0.26578766107559204,0.11328517645597458,,,,,,,,,,,
907,0.16499999165534973,0.16499999165534973,MoE-sBOED,0.0495915412902832,58048,1.7131328582763672,1.3841995000839233,0.0009800853440538049,0.26462239027023315,0.11323927342891693,,,,,,,,,,,
908,0.18000000715255737,0.18000000715255737,MoE-sBOED,0.050089120864868164,58112,1.7804492712020874,1.3839566707611084,0.0009917420102283359,0.2648778557777405,0.1131707951426506,,,,,,,,,,,
909,0.17531250417232513,0.17531250417232513,MoE-sBOED,0.04999876022338867,58176,1.7659587860107422,1.3842328786849976,0.000990346190519631,0.26157182455062866,0.1131020039319992,,,,,,,,,,,
910,0.1837500035762787,0.1837500035762787,MoE-sBOED,0.05068635940551758,58240,1.76513671875,1.3839458227157593,0.0010917361360043287,0.2593453824520111,0.11303804814815521,,,,,,,,,,,
911,0.20250000059604645,0.20250000059604645,MoE-sBOED,0.050121307373046875,58304,1.713500738143921,1.3838376998901367,0.001158630708232522,0.25823187828063965,0.11300929635763168,,,,,,,,,,,
912,0.1837499886751175,0.1837499886751175,MoE-sBOED,0.04984641075134277,58368,1.888486623764038,1.384120225906372,0.0010693290969356894,0.25949376821517944,0.11298443377017975,,,,,,,,,,,
913,0.16453126072883606,0.16453126072883606,MoE-sBOED,0.05091667175292969,58432,1.9632081985473633,1.3842277526855469,0.0010118314530700445,0.2615274488925934,0.1129346489906311,,,,,,,,,,,
914,0.15984374284744263,0.15984374284744263,MoE-sBOED,0.0509185791015625,58496,1.8656796216964722,1.3845062255859375,0.0010548675199970603,0.26284587383270264,0.11286746710538864,,,,,,,,,,,
915,0.17859375476837158,0.17859375476837158,MoE-sBOED,0.05009722709655762,58560,1.894060492515564,1.3843441009521484,0.0010054995073005557,0.25984472036361694,0.11281687766313553,,,,,,,,,,,
916,0.19640624523162842,0.19640624523162842,MoE-sBOED,0.051007747650146484,58624,2.0459063053131104,1.3834950923919678,0.0010624697897583246,0.25617000460624695,0.11273219436407089,,,,,,,,,,,
917,0.1720312535762787,0.1720312535762787,MoE-sBOED,0.050217628479003906,58688,1.9971612691879272,1.38397216796875,0.001099933055229485,0.2583061158657074,0.11258761584758759,,,,,,,,,,,
918,0.17250001430511475,0.17250001430511475,MoE-sBOED,0.04954409599304199,58752,2.098966598510742,1.3840173482894897,0.0012683183886110783,0.25882452726364136,0.11245361715555191,,,,,,,,,,,
919,0.18656250834465027,0.18656250834465027,MoE-sBOED,0.04976940155029297,58816,1.9495570659637451,1.3840831518173218,0.0012509154621511698,0.25680047273635864,0.1123853474855423,,,,,,,,,,,
920,0.1743749976158142,0.1743749976158142,MoE-sBOED,0.05023622512817383,58880,1.9908111095428467,1.3840073347091675,0.0013521459186449647,0.25460702180862427,0.11237231642007828,,,,,,,,,,,
921,0.19218750298023224,0.19218750298023224,MoE-sBOED,0.05016446113586426,58944,1.8353713750839233,1.3838164806365967,0.0016210534377023578,0.25659066438674927,0.11239692568778992,,,,,,,,,,,
922,0.19312499463558197,0.19312499463558197,MoE-sBOED,0.05061054229736328,59008,1.9146093130111694,1.3831599950790405,0.0018399336840957403,0.258604496717453,0.11244720220565796,,,,,,,,,,,
923,0.18421876430511475,0.18421876430511475,MoE-sBOED,0.050209760665893555,59072,1.849135398864746,1.3830385208129883,0.0018386832671239972,0.259005606174469,0.11248818784952164,,,,,,,,,,,
924,0.17109376192092896,0.17109376192092896,MoE-sBOED,0.04959845542907715,59136,1.7346677780151367,1.3827710151672363,0.0017935981741175056,0.2601569890975952,0.1124870553612709,,,,,,,,,,,
925,0.16875000298023224,0.16875000298023224,MoE-sBOED,0.05034351348876953,59200,1.8174927234649658,1.3834131956100464,0.0015672431327402592,0.25690025091171265,0.11245369166135788,0.1846875,0.06843750000000001,4,0.4468153546908602,0.03125,0.0,1,0.0,0.06843750000000001,0,diagnostic_only
926,0.1940625011920929,0.1940625011920929,MoE-sBOED,0.046769142150878906,59264,1.8857412338256836,1.3833774328231812,0.0014134988887235522,0.2551485002040863,0.11239226162433624,,,,,,,,,,,
927,0.1823437511920929,0.1823437511920929,MoE-sBOED,0.048269033432006836,59328,1.7993377447128296,1.3838698863983154,0.0013126052217558026,0.25523024797439575,0.11232347041368484,,,,,,,,,,,
928,0.18421873450279236,0.2045312374830246,MoE-sBOED,0.0503392219543457,59392,1.714079737663269,1.3831453323364258,0.0011916750809177756,0.25751563906669617,0.11226401478052139,,,,,,,,,,,
929,0.17765626311302185,0.17765626311302185,MoE-sBOED,0.04993414878845215,59456,1.7302956581115723,1.3838412761688232,0.001082062372006476,0.25997889041900635,0.11220341175794601,,,,,,,,,,,
930,0.1889062523841858,0.1889062523841858,MoE-sBOED,0.05037569999694824,59520,1.6165199279785156,1.383310079574585,0.0010818764567375183,0.26056164503097534,0.11215776950120926,,,,,,,,,,,
931,0.17624999582767487,0.17624999582767487,MoE-sBOED,0.05029129981994629,59584,1.6841691732406616,1.3832935094833374,0.0010139542864635587,0.2626599073410034,0.11210373044013977,,,,,,,,,,,
932,0.17671874165534973,0.17671874165534973,MoE-sBOED,0.05019974708557129,59648,1.7064952850341797,1.383084774017334,0.0009669858263805509,0.26583200693130493,0.1120552346110344,,,,,,,,,,,
933,0.1771875023841858,0.1771875023841858,MoE-sBOED,0.05030560493469238,59712,1.8549164533615112,1.3830198049545288,0.0009690980659797788,0.2670567035675049,0.11201369762420654,,,,,,,,,,,
934,0.18140624463558197,0.18140624463558197,MoE-sBOED,0.04941153526306152,59776,1.9630355834960938,1.3832811117172241,0.0011041995603591204,0.2643114924430847,0.11196529120206833,,,,,,,,,,,
935,0.17578125,0.19609375298023224,MoE-sBOED,0.050354957580566406,59840,1.9466924667358398,1.3834733963012695,0.0012134762946516275,0.2607640027999878,0.11193039268255234,,,,,,,,,,,
936,0.18468749523162842,0.18468749523162842,MoE-sBOED,0.04871654510498047,59904,1.953848123550415,1.3837718963623047,0.0013565011322498322,0.2574816942214966,0.11191390454769135,,,,,,,,,,,
937,0.1771875023841858,0.1771875023841858,MoE-sBOED,0.050168752670288086,59968,2.058763027191162,1.383853793144226,0.0014620976289734244,0.256828635931015,0.11188288033008575,,,,,,,,,,,
938,0.16640625894069672,0.16640625894069672,MoE-sBOED,0.049120187759399414,60032,1.8609952926635742,1.3842796087265015,0.0014478492084890604,0.25472983717918396,0.11185479164123535,,,,,,,,,,,
939,0.1678124964237213,0.1678124964237213,MoE-sBOED,0.049257516860961914,60096,1.961822509765625,1.38472318649292,0.0012403526343405247,0.2566859722137451,0.11183283478021622,,,,,,,,,,,
940,0.1692187488079071,0.1692187488079071,MoE-sBOED,0.050414323806762695,60160,1.928728461265564,1.3848378658294678,0.0011890976456925273,0.2576464116573334,0.11179705709218979,,,,,,,,,,,
941,0.18281251192092896,0.18281251192092896,MoE-sBOED,0.05011248588562012,60224,1.808624505996704,1.3846429586410522,0.0012355329236015677,0.25692853331565857,0.11178332567214966,,,,,,,,,,,
942,0.1809374988079071,0.1809374988079071,MoE-sBOED,0.0486905574798584,60288,1.626417875289917,1.3847062587738037,0.0012088610092177987,0.25665873289108276,0.11180884391069412,,,,,,,,,,,
943,0.19078125059604645,0.19078125059604645,MoE-sBOED,0.05009174346923828,60352,1.8513333797454834,1.3848340511322021,0.0013655162183567882,0.25942495465278625,0.11184991896152496,,,,,,,,,,,
944,0.1860937476158142,0.1860937476158142,MoE-sBOED,0.049733638763427734,60416,1.8276499509811401,1.384827971458435,0.001469968119636178,0.2600962519645691,0.11187867820262909,,,,,,,,,,,
945,0.17156249284744263,0.17156249284744263,MoE-sBOED,0.04989433288574219,60480,1.7559194564819336,1.3849653005599976,0.0014079270185902715,0.2599826455116272,0.11193015426397324,,,,,,,,,,,
946,0.1846875101327896,0.1846875101327896,MoE-sBOED,0.05001688003540039,60544,1.8277227878570557,1.3850860595703125,0.0012690580915659666,0.2588854432106018,0.11198525875806808,,,,,,,,,,,
947,0.1795312613248825,0.1795312613248825,MoE-sBOED,0.050772666931152344,60608,1.8035905361175537,1.3851841688156128,0.0012320615351200104,0.25759363174438477,0.1120297834277153,,,,,,,,,,,
948,0.1912499964237213,0.1912499964237213,MoE-sBOED,0.04992079734802246,60672,1.7688345909118652,1.3852081298828125,0.0012337543303146958,0.2569846510887146,0.1120714396238327,,,,,,,,,,,
949,0.17578125,0.17578125,MoE-sBOED,0.05023670196533203,60736,1.760082483291626,1.3853352069854736,0.001400476903654635,0.2542421221733093,0.11211387813091278,,,,,,,,,,,
950,0.17765626311302185,0.17765626311302185,MoE-sBOED,0.050049543380737305,60800,1.7083637714385986,1.3853836059570312,0.0015730193117633462,0.25126180052757263,0.11219953000545502,0.179765625,0.09476562500000002,7,1.0393988320935748,0.0546875,0.03125,1,0.0028125,0.09476562500000002,0,diagnostic_only
951,0.18796876072883606,0.18796876072883606,MoE-sBOED,0.04664897918701172,60864,1.7881336212158203,1.3853976726531982,0.0016724347369745374,0.2525661885738373,0.11229005455970764,,,,,,,,,,,
952,0.1912500113248825,0.1912500113248825,MoE-sBOED,0.04834413528442383,60928,1.7490177154541016,1.385255217552185,0.0014763014623895288,0.25569936633110046,0.11235979944467545,,,,,,,,,,,
953,0.18703125417232513,0.18703125417232513,MoE-sBOED,0.04975724220275879,60992,1.6461167335510254,1.3849618434906006,0.0013273317599669099,0.25849688053131104,0.11241959035396576,,,,,,,,,,,
954,0.1743750125169754,0.1743750125169754,MoE-sBOED,0.050188302993774414,61056,1.764636754989624,1.384896159172058,0.0014106713933870196,0.2583956718444824,0.11244170367717743,,,,,,,,,,,
955,0.18140625953674316,0.18140625953674316,MoE-sBOED,0.050588369369506836,61120,1.783054232597351,1.3848943710327148,0.001381412730552256,0.2610281705856323,0.1124160960316658,,,,,,,,,,,
956,0.1875,0.1875,MoE-sBOED,0.05043220520019531,61184,1.7832362651824951,1.3849689960479736,0.0012871721992269158,0.2609959840774536,0.11235878616571426,,,,,,,,,,,
957,0.17812499403953552,0.17812499403953552,MoE-sBOED,0.04976344108581543,61248,1.8213022947311401,1.3850845098495483,0.0012077445862814784,0.261425256729126,0.11233346164226532,,,,,,,,,,,
958,0.19734375178813934,0.19734375178813934,MoE-sBOED,0.05009937286376953,61312,1.7758393287658691,1.3850388526916504,0.0013497051550075412,0.2608635723590851,0.11235262453556061,,,,,,,,,,,
959,0.1889062523841858,0.1889062523841858,MoE-sBOED,0.049657583236694336,61376,1.8599599599838257,1.3850374221801758,0.001715047750622034,0.25901591777801514,0.11237852275371552,,,,,,,,,,,
960,0.17156249284744263,0.19187499582767487,MoE-sBOED,0.0503995418548584,61440,1.809181571006775,1.3850077390670776,0.002263096161186695,0.2572740912437439,0.11239518225193024,,,,,,,,,,,
961,0.17765626311302185,0.18390625715255737,MoE-sBOED,0.049574851989746094,61504,1.6819331645965576,1.3847894668579102,0.0028163441456854343,0.25660085678100586,0.1124083623290062,,,,,,,,,,,
962,0.19499999284744263,0.19499999284744263,MoE-sBOED,0.04604148864746094,61568,1.7900145053863525,1.3847936391830444,0.0030269972048699856,0.2589685916900635,0.11238022148609161,,,,,,,,,,,
963,0.18328124284744263,0.18328124284744263,MoE-sBOED,0.0458986759185791,61632,1.7074980735778809,1.384547233581543,0.002851308323442936,0.2591879963874817,0.11234467476606369,,,,,,,,,,,
964,0.18421874940395355,0.18421874940395355,MoE-sBOED,0.04589438438415527,61696,1.6895946264266968,1.3844783306121826,0.0023623225279152393,0.25750377774238586,0.11236102133989334,,,,,,,,,,,
965,0.17812499403953552,0.17812499403953552,MoE-sBOED,0.0458521842956543,61760,1.7630618810653687,1.384513258934021,0.0020489729940891266,0.25530344247817993,0.1123555600643158,,,,,,,,,,,
966,0.17109376192092896,0.17109376192092896,MoE-sBOED,0.04582476615905762,61824,1.6909043788909912,1.3845329284667969,0.0018949252553284168,0.25543320178985596,0.11233238875865936,,,,,,,,,,,
967,0.17015624046325684,0.17015624046325684,MoE-sBOED,0.04600071907043457,61888,1.7338945865631104,1.3846731185913086,0.001779584214091301,0.2548671066761017,0.1123235672712326,,,,,,,,,,,
968,0.19734375178813934,0.19734375178813934,MoE-sBOED,0.0458674430847168,61952,2.0317368507385254,1.3845857381820679,0.0017193888779729605,0.2583796977996826,0.11227115988731384,,,,,,,,,,,
969,0.19031250476837158,0.19031250476837158,MoE-sBOED,0.04598212242126465,62016,1.9358271360397339,1.3844883441925049,0.0019188637379556894,0.2541206479072571,0.11219542473554611,,,,,,,,,,,
970,0.17484375834465027,0.17484375834465027,MoE-sBOED,0.046047210693359375,62080,1.994310736656189,1.384423017501831,0.0021913100499659777,0.25428080558776855,0.11217567324638367,,,,,,,,,,,
971,0.17906251549720764,0.17906251549720764,MoE-sBOED,0.046039581298828125,62144,1.9880225658416748,1.3842840194702148,0.0022656188812106848,0.257426917552948,0.11216794699430466,,,,,,,,,,,
972,0.19828124344348907,0.19828124344348907,MoE-sBOED,0.04586029052734375,62208,2.003171682357788,1.3840751647949219,0.0021877840626984835,0.258122980594635,0.11216781288385391,,,,,,,,,,,
973,0.19171874225139618,0.19171874225139618,MoE-sBOED,0.04590868949890137,62272,2.172855854034424,1.384230136871338,0.002068655099719763,0.25512540340423584,0.11214575916528702,,,,,,,,,,,
974,0.18421876430511475,0.18421876430511475,MoE-sBOED,0.04597616195678711,62336,2.0416200160980225,1.3845418691635132,0.0019357787678018212,0.25484347343444824,0.1120598092675209,,,,,,,,,,,
975,0.18515625596046448,0.18515625596046448,MoE-sBOED,0.04603934288024902,62400,1.9886775016784668,1.3848212957382202,0.0019086864776909351,0.2550319731235504,0.11195965111255646,0.18374999999999997,0.0675,8,1.2491506878612337,0.0625,0.0,1,0.0,0.0675,0,diagnostic_only
976,0.19499999284744263,0.19499999284744263,MoE-sBOED,0.05260896682739258,62464,2.098238468170166,1.3849538564682007,0.0018469555070623755,0.2552242875099182,0.111862912774086,,,,,,,,,,,
977,0.17250001430511475,0.17250001430511475,MoE-sBOED,0.045964956283569336,62528,2.0626800060272217,1.3849843740463257,0.0019730227068066597,0.25599342584609985,0.11180150508880615,,,,,,,,,,,
978,0.17531250417232513,0.17531250417232513,MoE-sBOED,0.04590153694152832,62592,1.9849776029586792,1.385062575340271,0.002257701475173235,0.2555478811264038,0.1117619127035141,,,,,,,,,,,
979,0.1875,0.1875,MoE-sBOED,0.04598188400268555,62656,2.0198988914489746,1.3851135969161987,0.0025247728917747736,0.25458014011383057,0.11174002289772034,,,,,,,,,,,
980,0.17109374701976776,0.17109374701976776,MoE-sBOED,0.0459895133972168,62720,2.1716480255126953,1.3852100372314453,0.0026444995310157537,0.2525230348110199,0.11169041693210602,,,,,,,,,,,
981,0.1809374988079071,0.1809374988079071,MoE-sBOED,0.04591059684753418,62784,2.0439071655273438,1.385209321975708,0.0026038140058517456,0.25273388624191284,0.11158712953329086,,,,,,,,,,,
982,0.17531248927116394,0.17531248927116394,MoE-sBOED,0.04592108726501465,62848,2.0104265213012695,1.385025978088379,0.002457504393532872,0.2548150420188904,0.11144743114709854,,,,,,,,,,,
983,0.17484375834465027,0.17484375834465027,MoE-sBOED,0.04579949378967285,62912,1.965066909790039,1.3847424983978271,0.0022378447465598583,0.2584715485572815,0.11130626499652863,,,,,,,,,,,
984,0.17343750596046448,0.17343750596046448,MoE-sBOED,0.04599499702453613,62976,1.956385612487793,1.3844873905181885,0.0017799229826778173,0.25735366344451904,0.11122550815343857,,,,,,,,,,,
985,0.16171875596046448,0.16171875596046448,MoE-sBOED,0.04589438438415527,63040,1.8974655866622925,1.3842363357543945,0.0015479583526030183,0.25654757022857666,0.11116757988929749,,,,,,,,,,,
986,0.18656250834465027,0.18656250834465027,MoE-sBOED,0.04594230651855469,63104,1.8707730770111084,1.3839162588119507,0.001696092658676207,0.2571701109409332,0.11110251396894455,,,,,,,,,,,
987,0.1809374988079071,0.1809374988079071,MoE-sBOED,0.045873403549194336,63168,2.0510926246643066,1.383760690689087,0.0018413864308968186,0.2580931484699249,0.11105329543352127,,,,,,,,,,,
988,0.17390625178813934,0.17390625178813934,MoE-sBOED,0.04593157768249512,63232,1.9712508916854858,1.3837823867797852,0.0023774374276399612,0.2572115361690521,0.11099335551261902,,,,,,,,,,,
989,0.1875,0.1875,MoE-sBOED,0.045873403549194336,63296,1.9745692014694214,1.383873701095581,0.0025589477736502886,0.25477978587150574,0.11094830930233002,,,,,,,,,,,
990,0.17249999940395355,0.17249999940395355,MoE-sBOED,0.04599165916442871,63360,1.8901088237762451,1.3840022087097168,0.002687483560293913,0.25349611043930054,0.11095355451107025,,,,,,,,,,,
991,0.1912499964237213,0.1912499964237213,MoE-sBOED,0.04613089561462402,63424,1.9645999670028687,1.3838536739349365,0.0031721703708171844,0.2529485821723938,0.11104446649551392,,,,,,,,,,,
992,0.1795312464237213,0.1795312464237213,MoE-sBOED,0.04602837562561035,63488,1.9494394063949585,1.383608102798462,0.0035643428564071655,0.2529487609863281,0.11114958673715591,,,,,,,,,,,
993,0.17484375834465027,0.17484375834465027,MoE-sBOED,0.046018123626708984,63552,1.9717925786972046,1.3831889629364014,0.004036368802189827,0.2537180781364441,0.11126956343650818,,,,,,,,,,,
994,0.21281249821186066,0.21281249821186066,MoE-sBOED,0.045952796936035156,63616,1.9376201629638672,1.3826630115509033,0.004561114590615034,0.25637611746788025,0.11138441413640976,,,,,,,,,,,
995,0.18937499821186066,0.18937499821186066,MoE-sBOED,0.04597806930541992,63680,1.9116491079330444,1.3824466466903687,0.004376980010420084,0.257405161857605,0.11147080361843109,,,,,,,,,,,
996,0.1743749976158142,0.1743749976158142,MoE-sBOED,0.04598236083984375,63744,1.7936079502105713,1.3820724487304688,0.00395719800144434,0.257832407951355,0.11149754375219345,,,,,,,,,,,
997,0.19593749940395355,0.19593749940395355,MoE-sBOED,0.04614853858947754,63808,1.8472360372543335,1.3817024230957031,0.0034265825524926186,0.258083313703537,0.11150418967008591,,,,,,,,,,,
998,0.18843749165534973,0.18843749165534973,MoE-sBOED,0.04596447944641113,63872,1.8502380847930908,1.3813661336898804,0.003121019108220935,0.2589545249938965,0.11152052879333496,,,,,,,,,,,
999,0.17578125,0.17578125,MoE-sBOED,0.046025991439819336,63936,1.8620188236236572,1.3808584213256836,0.002758418908342719,0.26250651478767395,0.11146899312734604,,,,,,,,,,,
1000,0.17625001072883606,0.17625001072883606,MoE-sBOED,0.04605221748352051,64000,1.7887911796569824,1.3808526992797852,0.0024228866677731276,0.26320797204971313,0.11139063537120819,0.18328125,0.07015625,6,0.711427394892425,0.046875,0.0078125,1,0.000234375,0.07015625,0,diagnostic_only
