update,mean_train_u_ctrl,mean_train_control_cost,method,update_seconds,trajectories_sampled,policy_entropy,validation_mean_u_ctrl,validation_mean_mocu,validation_n_unique_sequences,validation_sequence_entropy,validation_unique_frac,validation_under_control_rate,validation_valid,validation_mean_shortfall,validation_checkpoint_score,validation_meets_unique_floor
1,0.15117187798023224,0.15117187798023224,DAD,0.24271512031555176,64,3.970423698425293,,,,,,,,,,
2,0.14484375715255737,0.14484375715255737,DAD,0.023261308670043945,128,3.9706153869628906,,,,,,,,,,
3,0.1662890613079071,0.1662890613079071,DAD,0.019797801971435547,192,3.970156192779541,,,,,,,,,,
4,0.1574999988079071,0.1574999988079071,DAD,0.020159244537353516,256,3.969304084777832,,,,,,,,,,
5,0.16277343034744263,0.16277343034744263,DAD,0.020500659942626953,320,3.9687013626098633,,,,,,,,,,
6,0.15785156190395355,0.15785156190395355,DAD,0.021681547164916992,384,3.9680631160736084,,,,,,,,,,
7,0.15398438274860382,0.15398438274860382,DAD,0.02493429183959961,448,3.967438220977783,,,,,,,,,,
8,0.14625000953674316,0.14625000953674316,DAD,0.02326059341430664,512,3.9666452407836914,,,,,,,,,,
9,0.15855470299720764,0.15855470299720764,DAD,0.02498149871826172,576,3.9658710956573486,,,,,,,,,,
10,0.15363281965255737,0.15363281965255737,DAD,0.019559144973754883,640,3.9651291370391846,,,,,,,,,,
11,0.1515234410762787,0.1515234410762787,DAD,0.02036452293395996,704,3.964585542678833,,,,,,,,,,
12,0.15468749403953552,0.15468749403953552,DAD,0.01799154281616211,768,3.9640283584594727,,,,,,,,,,
13,0.16734373569488525,0.16734373569488525,DAD,0.018178701400756836,832,3.963517665863037,,,,,,,,,,
14,0.1603125035762787,0.1603125035762787,DAD,0.019539356231689453,896,3.962888240814209,,,,,,,,,,
15,0.15574219822883606,0.15574219822883606,DAD,0.021646976470947266,960,3.9626286029815674,,,,,,,,,,
16,0.158203125,0.158203125,DAD,0.024760961532592773,1024,3.9623794555664062,,,,,,,,,,
17,0.17226563394069672,0.17226563394069672,DAD,0.023210525512695312,1088,3.9615955352783203,,,,,,,,,,
18,0.1553906351327896,0.1553906351327896,DAD,0.024592876434326172,1152,3.9611692428588867,,,,,,,,,,
19,0.14906248450279236,0.14906248450279236,DAD,0.02218770980834961,1216,3.9603781700134277,,,,,,,,,,
20,0.1596093773841858,0.1596093773841858,DAD,0.021053791046142578,1280,3.959662437438965,,,,,,,,,,
21,0.14835938811302185,0.14835938811302185,DAD,0.019030332565307617,1344,3.9590885639190674,,,,,,,,,,
22,0.1567968726158142,0.1567968726158142,DAD,0.01985454559326172,1408,3.958483934402466,,,,,,,,,,
23,0.1676953136920929,0.1676953136920929,DAD,0.022165775299072266,1472,3.9579858779907227,,,,,,,,,,
24,0.15785156190395355,0.15785156190395355,DAD,0.02257704734802246,1536,3.95770001411438,,,,,,,,,,
25,0.1501171886920929,0.1501171886920929,DAD,0.022974252700805664,1600,3.9572055339813232,0.15591796875,0.13115234374999998,2,0.6434915530192904,0.015625,0.125,0,0.00650390625,1000.88115234375,0
26,0.14343750476837158,0.14343750476837158,DAD,0.01837635040283203,1664,3.9566378593444824,,,,,,,,,,
27,0.16171875596046448,0.16171875596046448,DAD,0.018108129501342773,1728,3.956120491027832,,,,,,,,,,
28,0.14449219405651093,0.14449219405651093,DAD,0.01780843734741211,1792,3.955660820007324,,,,,,,,,,
29,0.15117187798023224,0.15117187798023224,DAD,0.017798662185668945,1856,3.9552860260009766,,,,,,,,,,
30,0.158203125,0.158203125,DAD,0.018120527267456055,1920,3.954777956008911,,,,,,,,,,
31,0.1480078101158142,0.1480078101158142,DAD,0.01901721954345703,1984,3.9537200927734375,,,,,,,,,,
32,0.16523437201976776,0.16523437201976776,DAD,0.018196582794189453,2048,3.95320463180542,,,,,,,,,,
33,0.16417968273162842,0.16417968273162842,DAD,0.01812434196472168,2112,3.952538251876831,,,,,,,,,,
34,0.158203125,0.158203125,DAD,0.02379298210144043,2176,3.9520316123962402,,,,,,,,,,
35,0.16382813453674316,0.16382813453674316,DAD,0.02213597297668457,2240,3.9518675804138184,,,,,,,,,,
36,0.14167968928813934,0.14167968928813934,DAD,0.024136066436767578,2304,3.9516894817352295,,,,,,,,,,
37,0.15574219822883606,0.15574219822883606,DAD,0.019008874893188477,2368,3.9514787197113037,,,,,,,,,,
38,0.14765626192092896,0.14765626192092896,DAD,0.01802968978881836,2432,3.9515607357025146,,,,,,,,,,
39,0.15468750894069672,0.15468750894069672,DAD,0.01829838752746582,2496,3.9515700340270996,,,,,,,,,,
40,0.16242188215255737,0.16242188215255737,DAD,0.021692276000976562,2560,3.951582908630371,,,,,,,,,,
41,0.16101562976837158,0.16101562976837158,DAD,0.0258028507232666,2624,3.951967239379883,,,,,,,,,,
42,0.15574218332767487,0.15574218332767487,DAD,0.021309375762939453,2688,3.951793670654297,,,,,,,,,,
43,0.15468749403953552,0.15468749403953552,DAD,0.017664670944213867,2752,3.951843500137329,,,,,,,,,,
44,0.15925781428813934,0.15925781428813934,DAD,0.018265247344970703,2816,3.951704740524292,,,,,,,,,,
45,0.1480078250169754,0.1480078250169754,DAD,0.01985478401184082,2880,3.951478958129883,,,,,,,,,,
46,0.1515234410762787,0.1515234410762787,DAD,0.02024531364440918,2944,3.95127010345459,,,,,,,,,,
47,0.15855470299720764,0.15855470299720764,DAD,0.01874256134033203,3008,3.9515647888183594,,,,,,,,,,
48,0.15046876668930054,0.15046876668930054,DAD,0.01994943618774414,3072,3.951221466064453,,,,,,,,,,
49,0.15187500417232513,0.15187500417232513,DAD,0.01987600326538086,3136,3.9511184692382812,,,,,,,,,,
50,0.14695312082767487,0.14695312082767487,DAD,0.018870830535888672,3200,3.9511094093322754,0.14554687500000002,0.056132812500000004,4,0.4468153546908602,0.03125,0.0234375,1,0.0010546875,0.056132812500000004,0
51,0.1603125035762787,0.1603125035762787,DAD,0.020653486251831055,3264,3.951003074645996,,,,,,,,,,
52,0.15046875178813934,0.15046875178813934,DAD,0.021392345428466797,3328,3.9507522583007812,,,,,,,,,,
53,0.15855468809604645,0.15855468809604645,DAD,0.01948380470275879,3392,3.95070219039917,,,,,,,,,,
54,0.16417968273162842,0.16417968273162842,DAD,0.019918441772460938,3456,3.950129508972168,,,,,,,,,,
55,0.15046875178813934,0.15046875178813934,DAD,0.020867347717285156,3520,3.9493348598480225,,,,,,,,,,
56,0.15433594584465027,0.15433594584465027,DAD,0.020715951919555664,3584,3.9487195014953613,,,,,,,,,,
57,0.1501171886920929,0.1501171886920929,DAD,0.0195620059967041,3648,3.9482154846191406,,,,,,,,,,
58,0.1515234410762787,0.1515234410762787,DAD,0.0187227725982666,3712,3.947381019592285,,,,,,,,,,
59,0.16207031905651093,0.16207031905651093,DAD,0.02031707763671875,3776,3.946913242340088,,,,,,,,,,
60,0.15855467319488525,0.15855467319488525,DAD,0.018162012100219727,3840,3.946157932281494,,,,,,,,,,
61,0.15363281965255737,0.15363281965255737,DAD,0.019415855407714844,3904,3.945753574371338,,,,,,,,,,
62,0.1508203148841858,0.1508203148841858,DAD,0.019843101501464844,3968,3.944986343383789,,,,,,,,,,
63,0.1480078101158142,0.1480078101158142,DAD,0.019110679626464844,4032,3.944387197494507,,,,,,,,,,
64,0.15433594584465027,0.15433594584465027,DAD,0.020873546600341797,4096,3.943765640258789,,,,,,,,,,
65,0.15714843571186066,0.15714843571186066,DAD,0.019864320755004883,4160,3.943103313446045,,,,,,,,,,
66,0.16734373569488525,0.16734373569488525,DAD,0.019138574600219727,4224,3.9420013427734375,,,,,,,,,,
67,0.16066405177116394,0.16066405177116394,DAD,0.017861604690551758,4288,3.9412713050842285,,,,,,,,,,
68,0.15328125655651093,0.15328125655651093,DAD,0.01885700225830078,4352,3.9405674934387207,,,,,,,,,,
69,0.15328125655651093,0.15328125655651093,DAD,0.018047332763671875,4416,3.93989634513855,,,,,,,,,,
70,0.14906251430511475,0.14906251430511475,DAD,0.018941164016723633,4480,3.939584732055664,,,,,,,,,,
71,0.16207030415534973,0.16207030415534973,DAD,0.019677162170410156,4544,3.9388041496276855,,,,,,,,,,
72,0.15117187798023224,0.15117187798023224,DAD,0.018210649490356445,4608,3.937821865081787,,,,,,,,,,
73,0.1560937464237213,0.1560937464237213,DAD,0.01900172233581543,4672,3.9371049404144287,,,,,,,,,,
74,0.16066406667232513,0.16066406667232513,DAD,0.017895221710205078,4736,3.9367456436157227,,,,,,,,,,
75,0.158203125,0.158203125,DAD,0.019073486328125,4800,3.936628818511963,0.15591796875000002,0.12744140625,4,1.1734095049564766,0.03125,0.140625,0,0.0059765625,1001.03369140625,0
76,0.15855468809604645,0.15855468809604645,DAD,0.018390417098999023,4864,3.936519145965576,,,,,,,,,,
77,0.14765626192092896,0.14765626192092896,DAD,0.0197296142578125,4928,3.936081647872925,,,,,,,,,,
78,0.15117186307907104,0.15117186307907104,DAD,0.02306962013244629,4992,3.9357683658599854,,,,,,,,,,
79,0.15046875178813934,0.15046875178813934,DAD,0.02511906623840332,5056,3.9357247352600098,,,,,,,,,,
80,0.15398438274860382,0.15398438274860382,DAD,0.022218704223632812,5120,3.935812473297119,,,,,,,,,,
81,0.15925779938697815,0.15925779938697815,DAD,0.022556066513061523,5184,3.935487747192383,,,,,,,,,,
82,0.14906249940395355,0.14906249940395355,DAD,0.024547815322875977,5248,3.9349727630615234,,,,,,,,,,
83,0.15222656726837158,0.15222656726837158,DAD,0.02203083038330078,5312,3.934823989868164,,,,,,,,,,
84,0.1567968726158142,0.1567968726158142,DAD,0.019210338592529297,5376,3.9345014095306396,,,,,,,,,,
85,0.1662890613079071,0.1662890613079071,DAD,0.02368474006652832,5440,3.934213161468506,,,,,,,,,,
86,0.16875000298023224,0.16875000298023224,DAD,0.022211790084838867,5504,3.9332051277160645,,,,,,,,,,
87,0.16312500834465027,0.16312500834465027,DAD,0.02088451385498047,5568,3.9332027435302734,,,,,,,,,,
88,0.15433594584465027,0.15433594584465027,DAD,0.02269768714904785,5632,3.9328532218933105,,,,,,,,,,
89,0.15257811546325684,0.15257811546325684,DAD,0.021228551864624023,5696,3.9322123527526855,,,,,,,,,,
90,0.16523438692092896,0.16523438692092896,DAD,0.018936634063720703,5760,3.932018756866455,,,,,,,,,,
91,0.14343750476837158,0.14343750476837158,DAD,0.018589019775390625,5824,3.9313924312591553,,,,,,,,,,
92,0.15468750894069672,0.15468750894069672,DAD,0.021580934524536133,5888,3.930917501449585,,,,,,,,,,
93,0.14625000953674316,0.14625000953674316,DAD,0.02145528793334961,5952,3.9302921295166016,,,,,,,,,,
94,0.14765624701976776,0.14765624701976776,DAD,0.02010965347290039,6016,3.9302468299865723,,,,,,,,,,
95,0.16417968273162842,0.16417968273162842,DAD,0.019068479537963867,6080,3.929483413696289,,,,,,,,,,
96,0.15996095538139343,0.15996095538139343,DAD,0.024863481521606445,6144,3.928684711456299,,,,,,,,,,
97,0.15996095538139343,0.15996095538139343,DAD,0.019989728927612305,6208,3.927814483642578,,,,,,,,,,
98,0.16382813453674316,0.16382813453674316,DAD,0.021842241287231445,6272,3.9269580841064453,,,,,,,,,,
99,0.15363281965255737,0.15363281965255737,DAD,0.01909804344177246,6336,3.925948143005371,,,,,,,,,,
100,0.15925781428813934,0.15925781428813934,DAD,0.02104330062866211,6400,3.9243321418762207,0.1437890625,0.04656250000000001,1,-0.0,0.0078125,0.015625,1,0.0003515624999999999,0.04656250000000001,0
101,0.16312500834465027,0.16312500834465027,DAD,0.019683122634887695,6464,3.9230144023895264,,,,,,,,,,
102,0.15222656726837158,0.15222656726837158,DAD,0.021532058715820312,6528,3.9217586517333984,,,,,,,,,,
103,0.1480078101158142,0.1480078101158142,DAD,0.02522110939025879,6592,3.9202218055725098,,,,,,,,,,
104,0.16101562976837158,0.16101562976837158,DAD,0.02275872230529785,6656,3.919206142425537,,,,,,,,,,
105,0.15644532442092896,0.15644532442092896,DAD,0.0190579891204834,6720,3.918001174926758,,,,,,,,,,
106,0.1560937464237213,0.1560937464237213,DAD,0.02003955841064453,6784,3.917752981185913,,,,,,,,,,
107,0.15046876668930054,0.15046876668930054,DAD,0.021322965621948242,6848,3.916391372680664,,,,,,,,,,
108,0.15363281965255737,0.15363281965255737,DAD,0.02445077896118164,6912,3.9155197143554688,,,,,,,,,,
109,0.16382813453674316,0.16382813453674316,DAD,0.021097898483276367,6976,3.9151201248168945,,,,,,,,,,
110,0.1589062511920929,0.1589062511920929,DAD,0.022352933883666992,7040,3.9148244857788086,,,,,,,,,,
111,0.1473046839237213,0.1473046839237213,DAD,0.020519733428955078,7104,3.9134418964385986,,,,,,,,,,
112,0.1655859351158142,0.1655859351158142,DAD,0.018959760665893555,7168,3.91324520111084,,,,,,,,,,
113,0.14414063096046448,0.14414063096046448,DAD,0.019960641860961914,7232,3.910930633544922,,,,,,,,,,
114,0.1515234410762787,0.1515234410762787,DAD,0.0190126895904541,7296,3.9100728034973145,,,,,,,,,,
115,0.15855470299720764,0.15855470299720764,DAD,0.019722461700439453,7360,3.9079110622406006,,,,,,,,,,
116,0.1574999988079071,0.1574999988079071,DAD,0.023092031478881836,7424,3.90632700920105,,,,,,,,,,
117,0.1515234410762787,0.1515234410762787,DAD,0.0216217041015625,7488,3.9049386978149414,,,,,,,,,,
118,0.1648828238248825,0.1648828238248825,DAD,0.02025127410888672,7552,3.903423309326172,,,,,,,,,,
119,0.1589062511920929,0.1589062511920929,DAD,0.021069049835205078,7616,3.9016783237457275,,,,,,,,,,
120,0.15644530951976776,0.15644530951976776,DAD,0.021692514419555664,7680,3.9007527828216553,,,,,,,,,,
121,0.1466015726327896,0.1466015726327896,DAD,0.022017240524291992,7744,3.8993470668792725,,,,,,,,,,
122,0.14695313572883606,0.14695313572883606,DAD,0.02103137969970703,7808,3.8993468284606934,,,,,,,,,,
123,0.14906249940395355,0.14906249940395355,DAD,0.018956899642944336,7872,3.899251937866211,,,,,,,,,,
124,0.15257811546325684,0.15257811546325684,DAD,0.019821882247924805,7936,3.899169683456421,,,,,,,,,,
125,0.15328124165534973,0.15328124165534973,DAD,0.021150588989257812,8000,3.9002957344055176,0.14484375000000002,0.0476171875,3,0.7282131607163008,0.0234375,0.015625,1,0.0003515624999999999,0.0476171875,0
126,0.15398436784744263,0.15398436784744263,DAD,0.020374536514282227,8064,3.899796962738037,,,,,,,,,,
127,0.15363281965255737,0.15363281965255737,DAD,0.021073341369628906,8128,3.9002885818481445,,,,,,,,,,
128,0.1603125035762787,0.1603125035762787,DAD,0.020025968551635742,8192,3.900033950805664,,,,,,,,,,
129,0.1567968726158142,0.1567968726158142,DAD,0.019205808639526367,8256,3.900217056274414,,,,,,,,,,
130,0.1515234410762787,0.1515234410762787,DAD,0.019711732864379883,8320,3.9002022743225098,,,,,,,,,,
131,0.14976562559604645,0.14976562559604645,DAD,0.019154787063598633,8384,3.9002604484558105,,,,,,,,,,
132,0.15925781428813934,0.15925781428813934,DAD,0.020008087158203125,8448,3.9004900455474854,,,,,,,,,,
133,0.15644532442092896,0.15644532442092896,DAD,0.017880916595458984,8512,3.900461196899414,,,,,,,,,,
134,0.16242188215255737,0.16242188215255737,DAD,0.02075982093811035,8576,3.900174617767334,,,,,,,,,,
135,0.1515234410762787,0.1515234410762787,DAD,0.020069360733032227,8640,3.899200916290283,,,,,,,,,,
136,0.15046875178813934,0.15046875178813934,DAD,0.019814252853393555,8704,3.8978190422058105,,,,,,,,,,
137,0.15996095538139343,0.15996095538139343,DAD,0.018973350524902344,8768,3.8966121673583984,,,,,,,,,,
138,0.15468749403953552,0.15468749403953552,DAD,0.020001649856567383,8832,3.895556926727295,,,,,,,,,,
139,0.15785156190395355,0.15785156190395355,DAD,0.01797342300415039,8896,3.8944754600524902,,,,,,,,,,
140,0.16171875596046448,0.16171875596046448,DAD,0.02095961570739746,8960,3.8934988975524902,,,,,,,,,,
141,0.14835938811302185,0.14835938811302185,DAD,0.01984095573425293,9024,3.8918960094451904,,,,,,,,,,
142,0.15398436784744263,0.15398436784744263,DAD,0.021355152130126953,9088,3.8909354209899902,,,,,,,,,,
143,0.15292969346046448,0.15292969346046448,DAD,0.01967597007751465,9152,3.8888673782348633,,,,,,,,,,
144,0.15222656726837158,0.15222656726837158,DAD,0.021991252899169922,9216,3.888096809387207,,,,,,,,,,
145,0.15433594584465027,0.15433594584465027,DAD,0.01795220375061035,9280,3.886899948120117,,,,,,,,,,
146,0.17156249284744263,0.17156249284744263,DAD,0.01896214485168457,9344,3.885686159133911,,,,,,,,,,
147,0.16136720776557922,0.16136720776557922,DAD,0.018908262252807617,9408,3.8853001594543457,,,,,,,,,,
148,0.15328124165534973,0.15328124165534973,DAD,0.02099609375,9472,3.8835296630859375,,,,,,,,,,
149,0.15925781428813934,0.15925781428813934,DAD,0.021008968353271484,9536,3.882833480834961,,,,,,,,,,
150,0.15257813036441803,0.15257813036441803,DAD,0.01884770393371582,9600,3.881700038909912,0.15169921875,0.15251953125,1,-0.0,0.0078125,0.1875,0,0.0084375,1001.52751953125,0
151,0.15046876668930054,0.15046876668930054,DAD,0.018764257431030273,9664,3.8806471824645996,,,,,,,,,,
152,0.15222656726837158,0.15222656726837158,DAD,0.021180152893066406,9728,3.8796253204345703,,,,,,,,,,
153,0.1560937464237213,0.1560937464237213,DAD,0.021764039993286133,9792,3.879077196121216,,,,,,,,,,
154,0.1473046839237213,0.1473046839237213,DAD,0.017946720123291016,9856,3.8783559799194336,,,,,,,,,,
155,0.15468749403953552,0.15468749403953552,DAD,0.020784616470336914,9920,3.877467632293701,,,,,,,,,,
156,0.16066406667232513,0.16066406667232513,DAD,0.01999521255493164,9984,3.876582145690918,,,,,,,,,,
157,0.1487109363079071,0.1487109363079071,DAD,0.018039941787719727,10048,3.8739867210388184,,,,,,,,,,
158,0.15117187798023224,0.15117187798023224,DAD,0.018901824951171875,10112,3.8735857009887695,,,,,,,,,,
159,0.14906251430511475,0.14906251430511475,DAD,0.0179443359375,10176,3.872614860534668,,,,,,,,,,
160,0.15363280475139618,0.15363280475139618,DAD,0.0209500789642334,10240,3.87137770652771,,,,,,,,,,
161,0.15785157680511475,0.15785157680511475,DAD,0.017955780029296875,10304,3.8698575496673584,,,,,,,,,,
162,0.15187500417232513,0.15187500417232513,DAD,0.017989158630371094,10368,3.867297649383545,,,,,,,,,,
163,0.15292969346046448,0.15292969346046448,DAD,0.022305965423583984,10432,3.8660778999328613,,,,,,,,,,
164,0.1508203148841858,0.1508203148841858,DAD,0.020244359970092773,10496,3.8624300956726074,,,,,,,,,,
165,0.15574219822883606,0.15574219822883606,DAD,0.018202543258666992,10560,3.8593311309814453,,,,,,,,,,
166,0.15117189288139343,0.15117189288139343,DAD,0.020929574966430664,10624,3.857567310333252,,,,,,,,,,
167,0.14625000953674316,0.14625000953674316,DAD,0.022375822067260742,10688,3.854752540588379,,,,,,,,,,
168,0.16417968273162842,0.16417968273162842,DAD,0.019598722457885742,10752,3.8526930809020996,,,,,,,,,,
169,0.1515234410762787,0.1515234410762787,DAD,0.022499799728393555,10816,3.8483777046203613,,,,,,,,,,
170,0.1560937464237213,0.1560937464237213,DAD,0.020269393920898438,10880,3.846580982208252,,,,,,,,,,
171,0.15574219822883606,0.15574219822883606,DAD,0.020267724990844727,10944,3.8443915843963623,,,,,,,,,,
172,0.14343750476837158,0.14343750476837158,DAD,0.02451801300048828,11008,3.8432259559631348,,,,,,,,,,
173,0.16875000298023224,0.16875000298023224,DAD,0.020064592361450195,11072,3.8407280445098877,,,,,,,,,,
174,0.15363281965255737,0.15363281965255737,DAD,0.01787590980529785,11136,3.836397171020508,,,,,,,,,,
175,0.1553906351327896,0.1553906351327896,DAD,0.017729759216308594,11200,3.8366968631744385,0.1434375,0.05500000000000001,3,0.21032903720377497,0.0234375,0.015625,1,0.0012304687500000002,0.05500000000000001,0
176,0.1589062511920929,0.1589062511920929,DAD,0.017873048782348633,11264,3.835233688354492,,,,,,,,,,
177,0.1589062511920929,0.1589062511920929,DAD,0.02011394500732422,11328,3.835667610168457,,,,,,,,,,
178,0.15785156190395355,0.15785156190395355,DAD,0.01966118812561035,11392,3.8351266384124756,,,,,,,,,,
179,0.16136719286441803,0.16136719286441803,DAD,0.01908564567565918,11456,3.8357629776000977,,,,,,,,,,
180,0.15503907203674316,0.15503907203674316,DAD,0.02274012565612793,11520,3.8330836296081543,,,,,,,,,,
181,0.15187500417232513,0.15187500417232513,DAD,0.02054738998413086,11584,3.8329763412475586,,,,,,,,,,
182,0.1567968875169754,0.1567968875169754,DAD,0.024491071701049805,11648,3.834214687347412,,,,,,,,,,
183,0.15468749403953552,0.15468749403953552,DAD,0.020190000534057617,11712,3.8337385654449463,,,,,,,,,,
184,0.14624999463558197,0.14624999463558197,DAD,0.02281641960144043,11776,3.8328001499176025,,,,,,,,,,
185,0.1515234410762787,0.1515234410762787,DAD,0.018170833587646484,11840,3.835343360900879,,,,,,,,,,
186,0.15187500417232513,0.15187500417232513,DAD,0.01994156837463379,11904,3.836085557937622,,,,,,,,,,
187,0.15222656726837158,0.15222656726837158,DAD,0.017833709716796875,11968,3.836390972137451,,,,,,,,,,
188,0.15292969346046448,0.15292969346046448,DAD,0.022763729095458984,12032,3.8352410793304443,,,,,,,,,,
189,0.1589062511920929,0.1589062511920929,DAD,0.019155502319335938,12096,3.83477783203125,,,,,,,,,,
190,0.15257813036441803,0.15257813036441803,DAD,0.022205352783203125,12160,3.8348331451416016,,,,,,,,,,
191,0.14976562559604645,0.14976562559604645,DAD,0.021148681640625,12224,3.8356165885925293,,,,,,,,,,
192,0.1480078101158142,0.1480078101158142,DAD,0.018562793731689453,12288,3.833139181137085,,,,,,,,,,
193,0.1480078101158142,0.1480078101158142,DAD,0.019616365432739258,12352,3.8355906009674072,,,,,,,,,,
194,0.14027345180511475,0.14027345180511475,DAD,0.020217180252075195,12416,3.833118438720703,,,,,,,,,,
195,0.1399218738079071,0.1399218738079071,DAD,0.018089771270751953,12480,3.8323917388916016,,,,,,,,,,
196,0.16066406667232513,0.16066406667232513,DAD,0.01973700523376465,12544,3.8312206268310547,,,,,,,,,,
197,0.15925782918930054,0.15925782918930054,DAD,0.01805710792541504,12608,3.8316397666931152,,,,,,,,,,
198,0.17050781846046448,0.17050781846046448,DAD,0.01972818374633789,12672,3.8281638622283936,,,,,,,,,,
199,0.1662890613079071,0.1662890613079071,DAD,0.018192052841186523,12736,3.8280813694000244,,,,,,,,,,
200,0.1603125035762787,0.1603125035762787,DAD,0.019779443740844727,12800,3.828108310699463,0.14431640625,0.04201171875,1,-0.0,0.0078125,0.0,1,0.0,0.04201171875,0
201,0.15468749403953552,0.15468749403953552,DAD,0.019840002059936523,12864,3.8249926567077637,,,,,,,,,,
202,0.14976564049720764,0.14976564049720764,DAD,0.021787643432617188,12928,3.8253283500671387,,,,,,,,,,
203,0.1567968726158142,0.1567968726158142,DAD,0.0223691463470459,12992,3.827045440673828,,,,,,,,,,
204,0.16734375059604645,0.16734375059604645,DAD,0.02239704132080078,13056,3.8266639709472656,,,,,,,,,,
205,0.1560937464237213,0.1560937464237213,DAD,0.024204492568969727,13120,3.8261070251464844,,,,,,,,,,
206,0.1494140625,0.1494140625,DAD,0.02306199073791504,13184,3.8283867835998535,,,,,,,,,,
207,0.13957031071186066,0.13957031071186066,DAD,0.022822856903076172,13248,3.826124668121338,,,,,,,,,,
208,0.15644532442092896,0.15644532442092896,DAD,0.019045114517211914,13312,3.827575206756592,,,,,,,,,,
209,0.14765626192092896,0.14765626192092896,DAD,0.02088475227355957,13376,3.8266639709472656,,,,,,,,,,
210,0.15785156190395355,0.15785156190395355,DAD,0.02106761932373047,13440,3.825575351715088,,,,,,,,,,
211,0.1589062511920929,0.1589062511920929,DAD,0.018918514251708984,13504,3.827022075653076,,,,,,,,,,
212,0.1589062511920929,0.1589062511920929,DAD,0.017947912216186523,13568,3.828674077987671,,,,,,,,,,
213,0.15433593094348907,0.15433593094348907,DAD,0.020776748657226562,13632,3.828514814376831,,,,,,,,,,
214,0.14097656309604645,0.14097656309604645,DAD,0.02124190330505371,13696,3.827908754348755,,,,,,,,,,
215,0.1560937464237213,0.1560937464237213,DAD,0.02011394500732422,13760,3.8254618644714355,,,,,,,,,,
216,0.14765626192092896,0.14765626192092896,DAD,0.021383047103881836,13824,3.831359386444092,,,,,,,,,,
217,0.15644532442092896,0.15644532442092896,DAD,0.01857471466064453,13888,3.8306117057800293,,,,,,,,,,
218,0.15046876668930054,0.15046876668930054,DAD,0.019600629806518555,13952,3.825101375579834,,,,,,,,,,
219,0.15222656726837158,0.15222656726837158,DAD,0.018993854522705078,14016,3.826385974884033,,,,,,,,,,
220,0.14343750476837158,0.14343750476837158,DAD,0.019795894622802734,14080,3.828136920928955,,,,,,,,,,
221,0.14695312082767487,0.14695312082767487,DAD,0.02079939842224121,14144,3.825965404510498,,,,,,,,,,
222,0.15503907203674316,0.15503907203674316,DAD,0.0200347900390625,14208,3.822129964828491,,,,,,,,,,
223,0.1494140625,0.1494140625,DAD,0.02209162712097168,14272,3.8271355628967285,,,,,,,,,,
224,0.15714845061302185,0.15714845061302185,DAD,0.019100666046142578,14336,3.828758716583252,,,,,,,,,,
225,0.158203125,0.158203125,DAD,0.0198516845703125,14400,3.8267648220062256,0.14958984375,0.15138671874999998,3,1.0089483765573213,0.0234375,0.1796875,0,0.00861328125,1001.44826171875,0
226,0.15996094048023224,0.15996094048023224,DAD,0.019675254821777344,14464,3.828268051147461,,,,,,,,,,
227,0.1567968875169754,0.1567968875169754,DAD,0.024419546127319336,14528,3.820767879486084,,,,,,,,,,
228,0.1487109363079071,0.1487109363079071,DAD,0.025496482849121094,14592,3.8282663822174072,,,,,,,,,,
229,0.14589843153953552,0.14589843153953552,DAD,0.024946928024291992,14656,3.8214144706726074,,,,,,,,,,
230,0.14414063096046448,0.14414063096046448,DAD,0.021880626678466797,14720,3.8230323791503906,,,,,,,,,,
231,0.14695313572883606,0.14695313572883606,DAD,0.02556467056274414,14784,3.8290624618530273,,,,,,,,,,
232,0.15433594584465027,0.15433594584465027,DAD,0.022046566009521484,14848,3.8289716243743896,,,,,,,,,,
233,0.15328124165534973,0.15328124165534973,DAD,0.021054506301879883,14912,3.8217365741729736,,,,,,,,,,
234,0.1480078101158142,0.1480078101158142,DAD,0.019106626510620117,14976,3.827979564666748,,,,,,,,,,
235,0.15925782918930054,0.15925782918930054,DAD,0.02271246910095215,15040,3.830563545227051,,,,,,,,,,
236,0.15046876668930054,0.15046876668930054,DAD,0.02495574951171875,15104,3.82774019241333,,,,,,,,,,
237,0.15187500417232513,0.15187500417232513,DAD,0.0228269100189209,15168,3.8288650512695312,,,,,,,,,,
238,0.15187501907348633,0.16398438811302185,DAD,0.024518251419067383,15232,3.831009864807129,,,,,,,,,,
239,0.16242188215255737,0.16242188215255737,DAD,0.019719839096069336,15296,3.8274765014648438,,,,,,,,,,
240,0.1596093773841858,0.1596093773841858,DAD,0.018023252487182617,15360,3.8396148681640625,,,,,,,,,,
241,0.15468750894069672,0.15468750894069672,DAD,0.01983165740966797,15424,3.835451602935791,,,,,,,,,,
242,0.16136719286441803,0.16136719286441803,DAD,0.01805853843688965,15488,3.8301761150360107,,,,,,,,,,
243,0.15539062023162842,0.15539062023162842,DAD,0.02086615562438965,15552,3.833904266357422,,,,,,,,,,
244,0.14906251430511475,0.14906251430511475,DAD,0.019079923629760742,15616,3.8324689865112305,,,,,,,,,,
245,0.15539062023162842,0.15539062023162842,DAD,0.021251678466796875,15680,3.82995867729187,,,,,,,,,,
246,0.1501171886920929,0.1501171886920929,DAD,0.021319150924682617,15744,3.82999849319458,,,,,,,,,,
247,0.15046873688697815,0.15046873688697815,DAD,0.020000696182250977,15808,3.831636428833008,,,,,,,,,,
248,0.15222656726837158,0.15222656726837158,DAD,0.022815465927124023,15872,3.833561658859253,,,,,,,,,,
249,0.15855468809604645,0.15855468809604645,DAD,0.018414974212646484,15936,3.8323092460632324,,,,,,,,,,
250,0.1501171886920929,0.1501171886920929,DAD,0.01963973045349121,16000,3.830761671066284,0.14572265625000003,0.12857421875,4,1.2394907913295654,0.03125,0.1484375,0,0.007031250000000001,1001.11294921875,0
251,0.15433594584465027,0.15433594584465027,DAD,0.01824164390563965,16064,3.835954427719116,,,,,,,,,,
252,0.16453126072883606,0.16453126072883606,DAD,0.021340370178222656,16128,3.829568862915039,,,,,,,,,,
253,0.1596093773841858,0.1596093773841858,DAD,0.02034449577331543,16192,3.8285598754882812,,,,,,,,,,
254,0.1413281261920929,0.1413281261920929,DAD,0.022110700607299805,16256,3.827989101409912,,,,,,,,,,
255,0.16312500834465027,0.16312500834465027,DAD,0.019637584686279297,16320,3.829745292663574,,,,,,,,,,
256,0.14519532024860382,0.14519532024860382,DAD,0.018207073211669922,16384,3.8319101333618164,,,,,,,,,,
257,0.15714845061302185,0.15714845061302185,DAD,0.01799178123474121,16448,3.8306403160095215,,,,,,,,,,
258,0.1560937613248825,0.1560937613248825,DAD,0.018229246139526367,16512,3.8281362056732178,,,,,,,,,,
259,0.15363281965255737,0.15363281965255737,DAD,0.0180356502532959,16576,3.8267650604248047,,,,,,,,,,
260,0.14765626192092896,0.14765626192092896,DAD,0.018537044525146484,16640,3.8268752098083496,,,,,,,,,,
261,0.1567968726158142,0.1567968726158142,DAD,0.01977062225341797,16704,3.8252968788146973,,,,,,,,,,
262,0.16453126072883606,0.16453126072883606,DAD,0.019919633865356445,16768,3.826038360595703,,,,,,,,,,
263,0.158203125,0.158203125,DAD,0.019073009490966797,16832,3.822618246078491,,,,,,,,,,
264,0.16101562976837158,0.16101562976837158,DAD,0.01901388168334961,16896,3.8193366527557373,,,,,,,,,,
265,0.158203125,0.158203125,DAD,0.019002676010131836,16960,3.825924873352051,,,,,,,,,,
266,0.13781249523162842,0.13781249523162842,DAD,0.019664764404296875,17024,3.8240747451782227,,,,,,,,,,
267,0.1560937613248825,0.1560937613248825,DAD,0.01823258399963379,17088,3.825843334197998,,,,,,,,,,
268,0.15539062023162842,0.15539062023162842,DAD,0.022814035415649414,17152,3.833387613296509,,,,,,,,,,
269,0.15046873688697815,0.15046873688697815,DAD,0.021183013916015625,17216,3.8295042514801025,,,,,,,,,,
270,0.15925782918930054,0.15925782918930054,DAD,0.019591331481933594,17280,3.834315776824951,,,,,,,,,,
271,0.15363281965255737,0.15363281965255737,DAD,0.02000880241394043,17344,3.8279471397399902,,,,,,,,,,
272,0.158203125,0.158203125,DAD,0.01897430419921875,17408,3.8283567428588867,,,,,,,,,,
273,0.15574219822883606,0.15574219822883606,DAD,0.019827604293823242,17472,3.8236546516418457,,,,,,,,,,
274,0.1567968726158142,0.1567968726158142,DAD,0.019152402877807617,17536,3.822274684906006,,,,,,,,,,
275,0.14976562559604645,0.14976562559604645,DAD,0.01782083511352539,17600,3.818882465362549,0.15328124999999998,0.14296875,4,0.7991566460487247,0.03125,0.1640625,0,0.00755859375,1001.28359375,0
276,0.15574219822883606,0.15574219822883606,DAD,0.01770782470703125,17664,3.8172245025634766,,,,,,,,,,
277,0.15644530951976776,0.15644530951976776,DAD,0.01779794692993164,17728,3.8140358924865723,,,,,,,,,,
278,0.16066406667232513,0.16066406667232513,DAD,0.017452239990234375,17792,3.813180923461914,,,,,,,,,,
279,0.16417968273162842,0.16417968273162842,DAD,0.017499208450317383,17856,3.8129076957702637,,,,,,,,,,
280,0.15925781428813934,0.15925781428813934,DAD,0.01808786392211914,17920,3.8088877201080322,,,,,,,,,,
281,0.1494140625,0.1494140625,DAD,0.01853489875793457,17984,3.8120710849761963,,,,,,,,,,
282,0.1494140625,0.1494140625,DAD,0.020229101181030273,18048,3.812014579772949,,,,,,,,,,
283,0.1574999988079071,0.1574999988079071,DAD,0.01744365692138672,18112,3.8092002868652344,,,,,,,,,,
284,0.15714845061302185,0.15714845061302185,DAD,0.020219087600708008,18176,3.808797597885132,,,,,,,,,,
285,0.14484375715255737,0.14484375715255737,DAD,0.01902151107788086,18240,3.80631947517395,,,,,,,,,,
286,0.158203125,0.158203125,DAD,0.019921302795410156,18304,3.8088459968566895,,,,,,,,,,
287,0.1567968726158142,0.1567968726158142,DAD,0.018805503845214844,18368,3.803257942199707,,,,,,,,,,
288,0.15714843571186066,0.15714843571186066,DAD,0.01748824119567871,18432,3.806932210922241,,,,,,,,,,
289,0.17121094465255737,0.17121094465255737,DAD,0.018785715103149414,18496,3.8041131496429443,,,,,,,,,,
290,0.15222656726837158,0.15222656726837158,DAD,0.017513275146484375,18560,3.8015453815460205,,,,,,,,,,
291,0.1589062511920929,0.1589062511920929,DAD,0.017939090728759766,18624,3.8063957691192627,,,,,,,,,,
292,0.15046876668930054,0.15046876668930054,DAD,0.017481565475463867,18688,3.8010735511779785,,,,,,,,,,
293,0.14449219405651093,0.14449219405651093,DAD,0.017800569534301758,18752,3.8059895038604736,,,,,,,,,,
294,0.15855468809604645,0.15855468809604645,DAD,0.020575523376464844,18816,3.8085741996765137,,,,,,,,,,
295,0.1648828089237213,0.1648828089237213,DAD,0.017786264419555664,18880,3.8100545406341553,,,,,,,,,,
296,0.14906249940395355,0.14906249940395355,DAD,0.019170045852661133,18944,3.808143377304077,,,,,,,,,,
297,0.1480078101158142,0.1480078101158142,DAD,0.019118070602416992,19008,3.8090341091156006,,,,,,,,,,
298,0.15468749403953552,0.15468749403953552,DAD,0.020290136337280273,19072,3.812136173248291,,,,,,,,,,
299,0.15855468809604645,0.15855468809604645,DAD,0.017470598220825195,19136,3.807131767272949,,,,,,,,,,
300,0.16207031905651093,0.16207031905651093,DAD,0.01746225357055664,19200,3.8117728233337402,0.1409765625,0.048828125,2,0.18920898053816695,0.015625,0.03125,1,0.0007031250000000001,0.048828125,0
301,0.15855470299720764,0.15855470299720764,DAD,0.01784205436706543,19264,3.8122410774230957,,,,,,,,,,
302,0.15996094048023224,0.15996094048023224,DAD,0.01746344566345215,19328,3.8139266967773438,,,,,,,,,,
303,0.16242186725139618,0.16242186725139618,DAD,0.017482280731201172,19392,3.812037944793701,,,,,,,,,,
304,0.15292969346046448,0.15292969346046448,DAD,0.01742863655090332,19456,3.8136463165283203,,,,,,,,,,
305,0.1574999988079071,0.1574999988079071,DAD,0.017542123794555664,19520,3.8094286918640137,,,,,,,,,,
306,0.16136719286441803,0.16136719286441803,DAD,0.01900792121887207,19584,3.807994842529297,,,,,,,,,,
307,0.15503907203674316,0.15503907203674316,DAD,0.019867420196533203,19648,3.8134803771972656,,,,,,,,,,
308,0.16066406667232513,0.16066406667232513,DAD,0.01792001724243164,19712,3.8098583221435547,,,,,,,,,,
309,0.15187500417232513,0.15187500417232513,DAD,0.018851280212402344,19776,3.8107736110687256,,,,,,,,,,
310,0.15257811546325684,0.15257811546325684,DAD,0.020221471786499023,19840,3.8142733573913574,,,,,,,,,,
311,0.17156249284744263,0.17156249284744263,DAD,0.017832279205322266,19904,3.8244104385375977,,,,,,,,,,
312,0.1560937464237213,0.1560937464237213,DAD,0.0187833309173584,19968,3.8244895935058594,,,,,,,,,,
313,0.15925782918930054,0.15925782918930054,DAD,0.01760101318359375,20032,3.825261116027832,,,,,,,,,,
314,0.1501171886920929,0.1501171886920929,DAD,0.020766258239746094,20096,3.828083038330078,,,,,,,,,,
315,0.15292969346046448,0.15292969346046448,DAD,0.01755070686340332,20160,3.833986520767212,,,,,,,,,,
316,0.14906251430511475,0.14906251430511475,DAD,0.017437458038330078,20224,3.833571434020996,,,,,,,,,,
317,0.15574219822883606,0.15574219822883606,DAD,0.017431259155273438,20288,3.835695505142212,,,,,,,,,,
318,0.16382813453674316,0.16382813453674316,DAD,0.018038272857666016,20352,3.838980197906494,,,,,,,,,,
319,0.15363281965255737,0.15363281965255737,DAD,0.017566442489624023,20416,3.8395652770996094,,,,,,,,,,
320,0.16171875596046448,0.16171875596046448,DAD,0.020667076110839844,20480,3.848891258239746,,,,,,,,,,
321,0.158203125,0.158203125,DAD,0.017441511154174805,20544,3.8449647426605225,,,,,,,,,,
322,0.1589062511920929,0.1589062511920929,DAD,0.017882108688354492,20608,3.8438334465026855,,,,,,,,,,
323,0.15503907203674316,0.15503907203674316,DAD,0.017559289932250977,20672,3.850372076034546,,,,,,,,,,
324,0.1662890613079071,0.1662890613079071,DAD,0.017454147338867188,20736,3.846867561340332,,,,,,,,,,
325,0.15574219822883606,0.15574219822883606,DAD,0.017442941665649414,20800,3.8513002395629883,0.15486328125,0.15392578125,7,1.536932396377676,0.0546875,0.1875,0,0.00826171875,1001.52892578125,0
326,0.15328124165534973,0.15328124165534973,DAD,0.017793655395507812,20864,3.863260269165039,,,,,,,,,,
327,0.1582031399011612,0.1582031399011612,DAD,0.0174868106842041,20928,3.856152057647705,,,,,,,,,,
328,0.1515234410762787,0.1515234410762787,DAD,0.019497156143188477,20992,3.848853588104248,,,,,,,,,,
329,0.16066406667232513,0.16066406667232513,DAD,0.019809484481811523,21056,3.855152130126953,,,,,,,,,,
330,0.1560937464237213,0.1560937464237213,DAD,0.017406225204467773,21120,3.8525590896606445,,,,,,,,,,
331,0.1574999988079071,0.1574999988079071,DAD,0.019223928451538086,21184,3.8571324348449707,,,,,,,,,,
332,0.16242188215255737,0.16242188215255737,DAD,0.026468515396118164,21248,3.855375289916992,,,,,,,,,,
333,0.16207031905651093,0.16207031905651093,DAD,0.01948094367980957,21312,3.861196279525757,,,,,,,,,,
334,0.158203125,0.158203125,DAD,0.017577648162841797,21376,3.856996536254883,,,,,,,,,,
335,0.1494140625,0.1494140625,DAD,0.017828941345214844,21440,3.8522262573242188,,,,,,,,,,
336,0.1501171886920929,0.1501171886920929,DAD,0.01754927635192871,21504,3.8482911586761475,,,,,,,,,,
337,0.16171875596046448,0.16171875596046448,DAD,0.018819570541381836,21568,3.8491616249084473,,,,,,,,,,
338,0.15117187798023224,0.15117187798023224,DAD,0.020979881286621094,21632,3.844172477722168,,,,,,,,,,
339,0.16523437201976776,0.16523437201976776,DAD,0.01761603355407715,21696,3.8481802940368652,,,,,,,,,,
340,0.14835938811302185,0.14835938811302185,DAD,0.017600059509277344,21760,3.845874309539795,,,,,,,,,,
341,0.1494140625,0.1494140625,DAD,0.017643451690673828,21824,3.8436498641967773,,,,,,,,,,
342,0.1560937464237213,0.1560937464237213,DAD,0.017859458923339844,21888,3.8476994037628174,,,,,,,,,,
343,0.1567968726158142,0.1567968726158142,DAD,0.017865419387817383,21952,3.846066474914551,,,,,,,,,,
344,0.15292969346046448,0.15292969346046448,DAD,0.0175020694732666,22016,3.841182231903076,,,,,,,,,,
345,0.14449217915534973,0.14449217915534973,DAD,0.017487049102783203,22080,3.825786590576172,,,,,,,,,,
346,0.15433594584465027,0.15433594584465027,DAD,0.0175626277923584,22144,3.843477725982666,,,,,,,,,,
347,0.15292969346046448,0.15292969346046448,DAD,0.017755508422851562,22208,3.838322639465332,,,,,,,,,,
348,0.15117187798023224,0.15117187798023224,DAD,0.017519474029541016,22272,3.829552173614502,,,,,,,,,,
349,0.16312500834465027,0.16312500834465027,DAD,0.017578601837158203,22336,3.8301801681518555,,,,,,,,,,
350,0.15503905713558197,0.15503905713558197,DAD,0.017420530319213867,22400,3.824951648712158,0.15416015625,0.11337890625000001,9,1.5851358935738766,0.0703125,0.140625,0,0.004746093750000001,1001.01962890625,0
351,0.1560937464237213,0.1560937464237213,DAD,0.019021987915039062,22464,3.8226490020751953,,,,,,,,,,
352,0.15187498927116394,0.15187498927116394,DAD,0.01980113983154297,22528,3.8227972984313965,,,,,,,,,,
353,0.15539062023162842,0.15539062023162842,DAD,0.018844127655029297,22592,3.8146109580993652,,,,,,,,,,
354,0.1603125035762787,0.1603125035762787,DAD,0.017527341842651367,22656,3.8217251300811768,,,,,,,,,,
355,0.1560937464237213,0.1560937464237213,DAD,0.017422914505004883,22720,3.8172054290771484,,,,,,,,,,
356,0.16101562976837158,0.16101562976837158,DAD,0.018125057220458984,22784,3.8281145095825195,,,,,,,,,,
357,0.1603125035762787,0.1603125035762787,DAD,0.020801067352294922,22848,3.811138153076172,,,,,,,,,,
358,0.1589062660932541,0.1589062660932541,DAD,0.01738452911376953,22912,3.8150887489318848,,,,,,,,,,
359,0.15785157680511475,0.15785157680511475,DAD,0.017658710479736328,22976,3.824429512023926,,,,,,,,,,
360,0.15574219822883606,0.15574219822883606,DAD,0.017632484436035156,23040,3.8181283473968506,,,,,,,,,,
361,0.15117187798023224,0.15117187798023224,DAD,0.017871856689453125,23104,3.8175406455993652,,,,,,,,,,
362,0.1567968726158142,0.1567968726158142,DAD,0.017479658126831055,23168,3.828869581222534,,,,,,,,,,
363,0.16277344524860382,0.16277344524860382,DAD,0.017444372177124023,23232,3.825045108795166,,,,,,,,,,
364,0.15539062023162842,0.15539062023162842,DAD,0.01749253273010254,23296,3.8305885791778564,,,,,,,,,,
365,0.15328124165534973,0.15328124165534973,DAD,0.01741933822631836,23360,3.8270301818847656,,,,,,,,,,
366,0.15328124165534973,0.15328124165534973,DAD,0.017650365829467773,23424,3.824434280395508,,,,,,,,,,
367,0.14906249940395355,0.14906249940395355,DAD,0.018146991729736328,23488,3.820340156555176,,,,,,,,,,
368,0.16136719286441803,0.16136719286441803,DAD,0.017884016036987305,23552,3.819960117340088,,,,,,,,,,
369,0.15644532442092896,0.15644532442092896,DAD,0.021130084991455078,23616,3.8266868591308594,,,,,,,,,,
370,0.1648828238248825,0.1648828238248825,DAD,0.01797175407409668,23680,3.8246827125549316,,,,,,,,,,
371,0.1427343785762787,0.1427343785762787,DAD,0.017541170120239258,23744,3.8164749145507812,,,,,,,,,,
372,0.15222656726837158,0.15222656726837158,DAD,0.01883244514465332,23808,3.8217945098876953,,,,,,,,,,
373,0.15785157680511475,0.15785157680511475,DAD,0.017580747604370117,23872,3.8213486671447754,,,,,,,,,,
374,0.15363280475139618,0.15363280475139618,DAD,0.017409801483154297,23936,3.822173595428467,,,,,,,,,,
375,0.15292969346046448,0.15292969346046448,DAD,0.017569780349731445,24000,3.820075035095215,0.149765625,0.09375,8,1.4121164217233557,0.0625,0.09375,0,0.0036914062500000002,1000.53125,0
376,0.1567968726158142,0.1567968726158142,DAD,0.017615079879760742,24064,3.8138318061828613,,,,,,,,,,
377,0.15328124165534973,0.15328124165534973,DAD,0.017760038375854492,24128,3.813753604888916,,,,,,,,,,
378,0.14765626192092896,0.14765626192092896,DAD,0.017552852630615234,24192,3.8098931312561035,,,,,,,,,,
379,0.15574219822883606,0.15574219822883606,DAD,0.017615795135498047,24256,3.8198962211608887,,,,,,,,,,
380,0.16066405177116394,0.16066405177116394,DAD,0.020449399948120117,24320,3.810368299484253,,,,,,,,,,
381,0.1515234410762787,0.1515234410762787,DAD,0.017449378967285156,24384,3.811988353729248,,,,,,,,,,
382,0.15187500417232513,0.15187500417232513,DAD,0.017445087432861328,24448,3.8156137466430664,,,,,,,,,,
383,0.16277344524860382,0.16277344524860382,DAD,0.017512083053588867,24512,3.8216471672058105,,,,,,,,,,
384,0.16101562976837158,0.16101562976837158,DAD,0.019249439239501953,24576,3.8287296295166016,,,,,,,,,,
385,0.15363281965255737,0.15363281965255737,DAD,0.017642498016357422,24640,3.8288497924804688,,,,,,,,,,
386,0.14835938811302185,0.14835938811302185,DAD,0.02087092399597168,24704,3.8219668865203857,,,,,,,,,,
387,0.14765624701976776,0.14765624701976776,DAD,0.017546892166137695,24768,3.834580898284912,,,,,,,,,,
388,0.15574219822883606,0.15574219822883606,DAD,0.017408370971679688,24832,3.837393045425415,,,,,,,,,,
389,0.16101562976837158,0.16101562976837158,DAD,0.0177457332611084,24896,3.8441147804260254,,,,,,,,,,
390,0.1567968726158142,0.1567968726158142,DAD,0.019689083099365234,24960,3.8497543334960938,,,,,,,,,,
391,0.16347655653953552,0.16347655653953552,DAD,0.020430803298950195,25024,3.8568239212036133,,,,,,,,,,
392,0.1582031399011612,0.1582031399011612,DAD,0.01756119728088379,25088,3.846235752105713,,,,,,,,,,
393,0.1582031399011612,0.1582031399011612,DAD,0.017488479614257812,25152,3.850961208343506,,,,,,,,,,
394,0.14695313572883606,0.14695313572883606,DAD,0.018009662628173828,25216,3.8516921997070312,,,,,,,,,,
395,0.1508203148841858,0.1508203148841858,DAD,0.017412424087524414,25280,3.8511557579040527,,,,,,,,,,
396,0.15046875178813934,0.15046875178813934,DAD,0.021022319793701172,25344,3.8491621017456055,,,,,,,,,,
397,0.15398438274860382,0.15398438274860382,DAD,0.01738905906677246,25408,3.85028338432312,,,,,,,,,,
398,0.15714845061302185,0.15714845061302185,DAD,0.01758408546447754,25472,3.858123302459717,,,,,,,,,,
399,0.16347657144069672,0.16347657144069672,DAD,0.017915964126586914,25536,3.84580659866333,,,,,,,,,,
400,0.16312499344348907,0.16312499344348907,DAD,0.01993274688720703,25600,3.840224266052246,0.15205078125,0.13314453125,4,1.0038853752804533,0.03125,0.1484375,0,0.0068554687500000005,1001.11751953125,0
401,0.14906248450279236,0.14906248450279236,DAD,0.017663240432739258,25664,3.8487133979797363,,,,,,,,,,
402,0.1575000137090683,0.1575000137090683,DAD,0.021285057067871094,25728,3.854781150817871,,,,,,,,,,
403,0.15468749403953552,0.15468749403953552,DAD,0.017525911331176758,25792,3.8464431762695312,,,,,,,,,,
404,0.16136717796325684,0.16136717796325684,DAD,0.01762700080871582,25856,3.8610801696777344,,,,,,,,,,
405,0.15925782918930054,0.15925782918930054,DAD,0.017428159713745117,25920,3.854707717895508,,,,,,,,,,
406,0.15925782918930054,0.15925782918930054,DAD,0.017760038375854492,25984,3.854780673980713,,,,,,,,,,
407,0.15714845061302185,0.15714845061302185,DAD,0.01797199249267578,26048,3.8472542762756348,,,,,,,,,,
408,0.1427343785762787,0.1427343785762787,DAD,0.018132448196411133,26112,3.8524434566497803,,,,,,,,,,
409,0.15855468809604645,0.15855468809604645,DAD,0.01987314224243164,26176,3.865447521209717,,,,,,,,,,
410,0.1427343785762787,0.1427343785762787,DAD,0.01743006706237793,26240,3.8604228496551514,,,,,,,,,,
411,0.15363281965255737,0.15363281965255737,DAD,0.01788949966430664,26304,3.859110116958618,,,,,,,,,,
412,0.15187500417232513,0.15187500417232513,DAD,0.017473697662353516,26368,3.8541126251220703,,,,,,,,,,
413,0.16382811963558197,0.16382811963558197,DAD,0.017484664916992188,26432,3.864412307739258,,,,,,,,,,
414,0.1508203148841858,0.1508203148841858,DAD,0.017795085906982422,26496,3.8532607555389404,,,,,,,,,,
415,0.1560937613248825,0.1560937613248825,DAD,0.01786518096923828,26560,3.8504343032836914,,,,,,,,,,
416,0.14589843153953552,0.14589843153953552,DAD,0.018804550170898438,26624,3.8529365062713623,,,,,,,,,,
417,0.14027345180511475,0.14027345180511475,DAD,0.020168304443359375,26688,3.849802017211914,,,,,,,,,,
418,0.15046875178813934,0.15046875178813934,DAD,0.017553329467773438,26752,3.8471322059631348,,,,,,,,,,
419,0.15328124165534973,0.15328124165534973,DAD,0.01750493049621582,26816,3.8495264053344727,,,,,,,,,,
420,0.14976562559604645,0.14976562559604645,DAD,0.017471790313720703,26880,3.8495497703552246,,,,,,,,,,
421,0.16523437201976776,0.16523437201976776,DAD,0.01898503303527832,26944,3.8427906036376953,,,,,,,,,,
422,0.15328125655651093,0.15328125655651093,DAD,0.019742488861083984,27008,3.835512638092041,,,,,,,,,,
423,0.16382813453674316,0.16382813453674316,DAD,0.017427921295166016,27072,3.848430871963501,,,,,,,,,,
424,0.14484375715255737,0.14484375715255737,DAD,0.01753401756286621,27136,3.8485207557678223,,,,,,,,,,
425,0.1392187476158142,0.1392187476158142,DAD,0.017433643341064453,27200,3.8338515758514404,0.14853515625,0.15189453125,6,1.0738717446562966,0.046875,0.1953125,0,0.00861328125,1001.60501953125,0
426,0.13816405832767487,0.13816405832767487,DAD,0.017675161361694336,27264,3.8457608222961426,,,,,,,,,,
427,0.1596093773841858,0.1596093773841858,DAD,0.01750802993774414,27328,3.8327653408050537,,,,,,,,,,
428,0.15503905713558197,0.15503905713558197,DAD,0.01750040054321289,27392,3.8327460289001465,,,,,,,,,,
429,0.15292969346046448,0.15292969346046448,DAD,0.01746845245361328,27456,3.841637134552002,,,,,,,,,,
430,0.15855468809604645,0.15855468809604645,DAD,0.017902612686157227,27520,3.831125259399414,,,,,,,,,,
431,0.15433594584465027,0.15433594584465027,DAD,0.01749110221862793,27584,3.834137439727783,,,,,,,,,,
432,0.15468749403953552,0.17031249403953552,DAD,0.017484664916992188,27648,3.843552827835083,,,,,,,,,,
433,0.15855470299720764,0.15855470299720764,DAD,0.01741170883178711,27712,3.8384652137756348,,,,,,,,,,
434,0.15292969346046448,0.15292969346046448,DAD,0.017569303512573242,27776,3.8327744007110596,,,,,,,,,,
435,0.15363281965255737,0.15363281965255737,DAD,0.017634868621826172,27840,3.8261945247650146,,,,,,,,,,
436,0.15398436784744263,0.15398436784744263,DAD,0.017859697341918945,27904,3.8358330726623535,,,,,,,,,,
437,0.14695313572883606,0.14695313572883606,DAD,0.017424345016479492,27968,3.836890697479248,,,,,,,,,,
438,0.1575000137090683,0.1575000137090683,DAD,0.017908573150634766,28032,3.8421335220336914,,,,,,,,,,
439,0.15468749403953552,0.15468749403953552,DAD,0.02104663848876953,28096,3.829904556274414,,,,,,,,,,
440,0.15257813036441803,0.15257813036441803,DAD,0.017459630966186523,28160,3.832874059677124,,,,,,,,,,
441,0.15046875178813934,0.15046875178813934,DAD,0.01871943473815918,28224,3.8396661281585693,,,,,,,,,,
442,0.15117187798023224,0.15117187798023224,DAD,0.017540931701660156,28288,3.825833797454834,,,,,,,,,,
443,0.1473046839237213,0.1473046839237213,DAD,0.017452001571655273,28352,3.832254409790039,,,,,,,,,,
444,0.15855467319488525,0.15855467319488525,DAD,0.017508268356323242,28416,3.840916872024536,,,,,,,,,,
445,0.15785156190395355,0.15785156190395355,DAD,0.01751089096069336,28480,3.8358287811279297,,,,,,,,,,
446,0.15433594584465027,0.15433594584465027,DAD,0.017447710037231445,28544,3.8420705795288086,,,,,,,,,,
447,0.14308594167232513,0.14308594167232513,DAD,0.017696857452392578,28608,3.841494083404541,,,,,,,,,,
448,0.15539062023162842,0.15539062023162842,DAD,0.01750326156616211,28672,3.833019256591797,,,,,,,,,,
449,0.15363281965255737,0.15363281965255737,DAD,0.0174410343170166,28736,3.8277571201324463,,,,,,,,,,
450,0.15187498927116394,0.15187498927116394,DAD,0.017404556274414062,28800,3.8306102752685547,0.15205078125000002,0.13529296875000002,6,1.332213739465751,0.046875,0.1875,0,0.006679687500000001,1001.51029296875,0
451,0.16101562976837158,0.16101562976837158,DAD,0.01763439178466797,28864,3.8396034240722656,,,,,,,,,,
452,0.1494140625,0.1494140625,DAD,0.017698287963867188,28928,3.8359856605529785,,,,,,,,,,
453,0.1567968875169754,0.1567968875169754,DAD,0.017439842224121094,28992,3.8381834030151367,,,,,,,,,,
454,0.15644532442092896,0.15644532442092896,DAD,0.017687082290649414,29056,3.8351359367370605,,,,,,,,,,
455,0.14906249940395355,0.14906249940395355,DAD,0.01758742332458496,29120,3.8336400985717773,,,,,,,,,,
456,0.14976564049720764,0.14976564049720764,DAD,0.017470836639404297,29184,3.8427491188049316,,,,,,,,,,
457,0.16066406667232513,0.16066406667232513,DAD,0.017397165298461914,29248,3.844736099243164,,,,,,,,,,
458,0.1603125035762787,0.1603125035762787,DAD,0.017439603805541992,29312,3.851799488067627,,,,,,,,,,
459,0.15539062023162842,0.15539062023162842,DAD,0.017454862594604492,29376,3.8467674255371094,,,,,,,,,,
460,0.1603125035762787,0.1603125035762787,DAD,0.01775527000427246,29440,3.8479371070861816,,,,,,,,,,
461,0.16066405177116394,0.16066405177116394,DAD,0.017517805099487305,29504,3.8541250228881836,,,,,,,,,,
462,0.15187500417232513,0.15187500417232513,DAD,0.017463207244873047,29568,3.8573503494262695,,,,,,,,,,
463,0.15222656726837158,0.15222656726837158,DAD,0.017760038375854492,29632,3.852667808532715,,,,,,,,,,
464,0.16136719286441803,0.16136719286441803,DAD,0.018698692321777344,29696,3.8609235286712646,,,,,,,,,,
465,0.1589062511920929,0.1589062511920929,DAD,0.01759028434753418,29760,3.860976457595825,,,,,,,,,,
466,0.1574999988079071,0.1574999988079071,DAD,0.017495393753051758,29824,3.8553273677825928,,,,,,,,,,
467,0.1508203148841858,0.1508203148841858,DAD,0.01807856559753418,29888,3.85209321975708,,,,,,,,,,
468,0.15574218332767487,0.15574218332767487,DAD,0.017731428146362305,29952,3.862370491027832,,,,,,,,,,
469,0.1603125035762787,0.1603125035762787,DAD,0.02063775062561035,30016,3.861107110977173,,,,,,,,,,
470,0.15714845061302185,0.15714845061302185,DAD,0.017914295196533203,30080,3.8563692569732666,,,,,,,,,,
471,0.15363281965255737,0.15363281965255737,DAD,0.018040895462036133,30144,3.85819149017334,,,,,,,,,,
472,0.15574219822883606,0.15574219822883606,DAD,0.01759171485900879,30208,3.8532192707061768,,,,,,,,,,
473,0.14660155773162842,0.14660155773162842,DAD,0.01753687858581543,30272,3.8623251914978027,,,,,,,,,,
474,0.15925781428813934,0.15925781428813934,DAD,0.021268367767333984,30336,3.861478328704834,,,,,,,,,,
475,0.16207031905651093,0.16207031905651093,DAD,0.01749277114868164,30400,3.859004497528076,0.14501953125,0.09095703124999999,3,0.8531649169454707,0.0234375,0.078125,0,0.00404296875,1000.37220703125,0
476,0.15855470299720764,0.15855470299720764,DAD,0.017951488494873047,30464,3.8647823333740234,,,,,,,,,,
477,0.1567968726158142,0.1567968726158142,DAD,0.017636775970458984,30528,3.8534202575683594,,,,,,,,,,
478,0.14695313572883606,0.14695313572883606,DAD,0.017516374588012695,30592,3.8561367988586426,,,,,,,,,,
479,0.15398436784744263,0.15398436784744263,DAD,0.017436504364013672,30656,3.859546422958374,,,,,,,,,,
480,0.15117187798023224,0.15117187798023224,DAD,0.017437458038330078,30720,3.858825922012329,,,,,,,,,,
481,0.15117187798023224,0.15117187798023224,DAD,0.018046140670776367,30784,3.8585031032562256,,,,,,,,,,
482,0.1603125035762787,0.1603125035762787,DAD,0.017493724822998047,30848,3.860783338546753,,,,,,,,,,
483,0.16417968273162842,0.16417968273162842,DAD,0.01814746856689453,30912,3.858241558074951,,,,,,,,,,
484,0.1560937464237213,0.1560937464237213,DAD,0.01763439178466797,30976,3.8726985454559326,,,,,,,,,,
485,0.15046875178813934,0.15046875178813934,DAD,0.019197463989257812,31040,3.854735851287842,,,,,,,,,,
486,0.14589844644069672,0.14589844644069672,DAD,0.018650293350219727,31104,3.8621370792388916,,,,,,,,,,
487,0.16312500834465027,0.16312500834465027,DAD,0.017396211624145508,31168,3.870692729949951,,,,,,,,,,
488,0.1596093773841858,0.1596093773841858,DAD,0.01746082305908203,31232,3.8668248653411865,,,,,,,,,,
489,0.15925781428813934,0.15925781428813934,DAD,0.01919078826904297,31296,3.8685996532440186,,,,,,,,,,
490,0.16664063930511475,0.16664063930511475,DAD,0.020689010620117188,31360,3.859018564224243,,,,,,,,,,
491,0.13886719942092896,0.15097656846046448,DAD,0.018735170364379883,31424,3.859023332595825,,,,,,,,,,
492,0.15328124165534973,0.15328124165534973,DAD,0.01747727394104004,31488,3.8560664653778076,,,,,,,,,,
493,0.15785156190395355,0.15785156190395355,DAD,0.01750779151916504,31552,3.8647875785827637,,,,,,,,,,
494,0.15328124165534973,0.15328124165534973,DAD,0.019785165786743164,31616,3.8623921871185303,,,,,,,,,,
495,0.14835937321186066,0.14835937321186066,DAD,0.020108461380004883,31680,3.859743595123291,,,,,,,,,,
496,0.1553906351327896,0.1553906351327896,DAD,0.019637584686279297,31744,3.8559203147888184,,,,,,,,,,
497,0.14906251430511475,0.14906251430511475,DAD,0.01877284049987793,31808,3.858099937438965,,,,,,,,,,
498,0.16101562976837158,0.16101562976837158,DAD,0.020611286163330078,31872,3.848665952682495,,,,,,,,,,
499,0.15785156190395355,0.15785156190395355,DAD,0.01749420166015625,31936,3.8548269271850586,,,,,,,,,,
500,0.15363281965255737,0.15363281965255737,DAD,0.018073081970214844,32000,3.8468775749206543,0.1451953125,0.0981640625,3,0.9121020565291684,0.0234375,0.078125,0,0.0047460937499999994,1000.3794140625,0
501,0.158203125,0.158203125,DAD,0.017571449279785156,32064,3.846123695373535,,,,,,,,,,
502,0.1567968875169754,0.1567968875169754,DAD,0.020873546600341797,32128,3.8481104373931885,,,,,,,,,,
503,0.15398438274860382,0.15398438274860382,DAD,0.01743483543395996,32192,3.8480286598205566,,,,,,,,,,
504,0.16136719286441803,0.16136719286441803,DAD,0.01748514175415039,32256,3.851598024368286,,,,,,,,,,
505,0.16453124582767487,0.16453124582767487,DAD,0.017464637756347656,32320,3.8519601821899414,,,,,,,,,,
506,0.15785156190395355,0.15785156190395355,DAD,0.01741957664489746,32384,3.8430747985839844,,,,,,,,,,
507,0.1589062511920929,0.1589062511920929,DAD,0.017461538314819336,32448,3.849480390548706,,,,,,,,,,
508,0.15574218332767487,0.15574218332767487,DAD,0.017413616180419922,32512,3.8464481830596924,,,,,,,,,,
509,0.15433593094348907,0.15433593094348907,DAD,0.01761913299560547,32576,3.8409688472747803,,,,,,,,,,
510,0.15257811546325684,0.15257811546325684,DAD,0.017750978469848633,32640,3.835348606109619,,,,,,,,,,
511,0.14835938811302185,0.14835938811302185,DAD,0.017751693725585938,32704,3.838813304901123,,,,,,,,,,
512,0.16453126072883606,0.16453126072883606,DAD,0.017776966094970703,32768,3.8297672271728516,,,,,,,,,,
513,0.1567968726158142,0.1567968726158142,DAD,0.01821446418762207,32832,3.8309850692749023,,,,,,,,,,
514,0.15574218332767487,0.15574218332767487,DAD,0.02064681053161621,32896,3.8317999839782715,,,,,,,,,,
515,0.14906251430511475,0.14906251430511475,DAD,0.017909765243530273,32960,3.836862325668335,,,,,,,,,,
516,0.15539062023162842,0.15539062023162842,DAD,0.018091201782226562,33024,3.828155994415283,,,,,,,,,,
517,0.1494140625,0.1494140625,DAD,0.01765275001525879,33088,3.8267598152160645,,,,,,,,,,
518,0.1494140625,0.1494140625,DAD,0.018730640411376953,33152,3.831158399581909,,,,,,,,,,
519,0.15046876668930054,0.15046876668930054,DAD,0.018516063690185547,33216,3.831603765487671,,,,,,,,,,
520,0.16734376549720764,0.16734376549720764,DAD,0.01905059814453125,33280,3.827636241912842,,,,,,,,,,
521,0.1603125035762787,0.1603125035762787,DAD,0.020333290100097656,33344,3.8257765769958496,,,,,,,,,,
522,0.1487109363079071,0.1487109363079071,DAD,0.01779460906982422,33408,3.8296115398406982,,,,,,,,,,
523,0.15363281965255737,0.15363281965255737,DAD,0.019623517990112305,33472,3.8235416412353516,,,,,,,,,,
524,0.1560937464237213,0.1560937464237213,DAD,0.01830148696899414,33536,3.8258767127990723,,,,,,,,,,
525,0.15714843571186066,0.15714843571186066,DAD,0.02111220359802246,33600,3.827660083770752,0.1490625,0.1045703125,6,1.440712741751843,0.046875,0.0859375,0,0.004921875,1000.4639453125,0
526,0.15503905713558197,0.15503905713558197,DAD,0.02003002166748047,33664,3.8226590156555176,,,,,,,,,,
527,0.1603125035762787,0.1603125035762787,DAD,0.01907658576965332,33728,3.81645131111145,,,,,,,,,,
528,0.16136717796325684,0.16136717796325684,DAD,0.017732858657836914,33792,3.825063943862915,,,,,,,,,,
529,0.1603125035762787,0.1603125035762787,DAD,0.018147706985473633,33856,3.8183412551879883,,,,,,,,,,
530,0.14378905296325684,0.14378905296325684,DAD,0.01812887191772461,33920,3.8161282539367676,,,,,,,,,,
531,0.15292967855930328,0.15292967855930328,DAD,0.01800704002380371,33984,3.8182594776153564,,,,,,,,,,
532,0.1494140625,0.1494140625,DAD,0.0176544189453125,34048,3.824643611907959,,,,,,,,,,
533,0.15398436784744263,0.15398436784744263,DAD,0.017766952514648438,34112,3.823240280151367,,,,,,,,,,
534,0.16593749821186066,0.16593749821186066,DAD,0.021506071090698242,34176,3.844578266143799,,,,,,,,,,
535,0.15855470299720764,0.15855470299720764,DAD,0.017806053161621094,34240,3.837721824645996,,,,,,,,,,
536,0.15785154700279236,0.15785154700279236,DAD,0.01773834228515625,34304,3.8285560607910156,,,,,,,,,,
537,0.14695312082767487,0.14695312082767487,DAD,0.01773810386657715,34368,3.8326969146728516,,,,,,,,,,
538,0.15187500417232513,0.15187500417232513,DAD,0.018387317657470703,34432,3.8439016342163086,,,,,,,,,,
539,0.15996092557907104,0.15996092557907104,DAD,0.017791748046875,34496,3.841665744781494,,,,,,,,,,
540,0.16171875596046448,0.16171875596046448,DAD,0.017644405364990234,34560,3.828944206237793,,,,,,,,,,
541,0.15257813036441803,0.15257813036441803,DAD,0.017659664154052734,34624,3.8478899002075195,,,,,,,,,,
542,0.14906251430511475,0.14906251430511475,DAD,0.01786947250366211,34688,3.8378329277038574,,,,,,,,,,
543,0.1589062511920929,0.1589062511920929,DAD,0.017775297164916992,34752,3.82415771484375,,,,,,,,,,
544,0.14835937321186066,0.14835937321186066,DAD,0.01775336265563965,34816,3.8299050331115723,,,,,,,,,,
545,0.16593751311302185,0.16593751311302185,DAD,0.021324634552001953,34880,3.8348464965820312,,,,,,,,,,
546,0.158203125,0.158203125,DAD,0.01818990707397461,34944,3.8461191654205322,,,,,,,,,,
547,0.14976564049720764,0.14976564049720764,DAD,0.01835918426513672,35008,3.8418047428131104,,,,,,,,,,
548,0.15257811546325684,0.15257811546325684,DAD,0.018043041229248047,35072,3.8283843994140625,,,,,,,,,,
549,0.1392187476158142,0.1392187476158142,DAD,0.021439313888549805,35136,3.8333044052124023,,,,,,,,,,
550,0.15539062023162842,0.15539062023162842,DAD,0.019598007202148438,35200,3.8357033729553223,0.1434375,0.041132812500000004,5,1.119129680002574,0.0390625,0.0,1,0.0,0.041132812500000004,0
551,0.1487109363079071,0.1487109363079071,DAD,0.01807427406311035,35264,3.841569662094116,,,,,,,,,,
552,0.15363281965255737,0.15363281965255737,DAD,0.019055604934692383,35328,3.8399910926818848,,,,,,,,,,
553,0.140625,0.140625,DAD,0.017912626266479492,35392,3.8399810791015625,,,,,,,,,,
554,0.16277344524860382,0.16277344524860382,DAD,0.021196365356445312,35456,3.840311050415039,,,,,,,,,,
555,0.15996094048023224,0.15996094048023224,DAD,0.017637014389038086,35520,3.8442540168762207,,,,,,,,,,
556,0.16277344524860382,0.16277344524860382,DAD,0.017639875411987305,35584,3.839111328125,,,,,,,,,,
557,0.15644532442092896,0.15644532442092896,DAD,0.017749547958374023,35648,3.8516745567321777,,,,,,,,,,
558,0.16136719286441803,0.16136719286441803,DAD,0.018178701400756836,35712,3.838007926940918,,,,,,,,,,
559,0.15187498927116394,0.15187498927116394,DAD,0.017808198928833008,35776,3.8416757583618164,,,,,,,,,,
560,0.1501171886920929,0.1501171886920929,DAD,0.017697572708129883,35840,3.852390766143799,,,,,,,,,,
561,0.15714843571186066,0.15714843571186066,DAD,0.0179440975189209,35904,3.850841760635376,,,,,,,,,,
562,0.1582031399011612,0.1582031399011612,DAD,0.01784205436706543,35968,3.8496479988098145,,,,,,,,,,
563,0.1494140625,0.1494140625,DAD,0.017657995223999023,36032,3.849123001098633,,,,,,,,,,
564,0.15117187798023224,0.15117187798023224,DAD,0.017720460891723633,36096,3.8378357887268066,,,,,,,,,,
565,0.1560937464237213,0.1560937464237213,DAD,0.017720699310302734,36160,3.846743583679199,,,,,,,,,,
566,0.15398436784744263,0.15398436784744263,DAD,0.01775360107421875,36224,3.8447885513305664,,,,,,,,,,
567,0.1648828089237213,0.1648828089237213,DAD,0.017651796340942383,36288,3.840829849243164,,,,,,,,,,
568,0.1603125035762787,0.1603125035762787,DAD,0.017955541610717773,36352,3.8414671421051025,,,,,,,,,,
569,0.16171875596046448,0.16171875596046448,DAD,0.017714262008666992,36416,3.8344998359680176,,,,,,,,,,
570,0.1487109363079071,0.1487109363079071,DAD,0.0177309513092041,36480,3.8204004764556885,,,,,,,,,,
571,0.16066406667232513,0.16066406667232513,DAD,0.017725706100463867,36544,3.8261828422546387,,,,,,,,,,
572,0.15785156190395355,0.15785156190395355,DAD,0.01776599884033203,36608,3.8178582191467285,,,,,,,,,,
573,0.15398436784744263,0.15398436784744263,DAD,0.018226146697998047,36672,3.8376822471618652,,,,,,,,,,
574,0.1560937464237213,0.1560937464237213,DAD,0.01794576644897461,36736,3.8255467414855957,,,,,,,,,,
575,0.15046875178813934,0.15046875178813934,DAD,0.017967700958251953,36800,3.8294143676757812,0.14308593750000004,0.040781250000000005,4,1.1793641483836164,0.03125,0.0,1,0.0,0.040781250000000005,0
576,0.1560937464237213,0.1560937464237213,DAD,0.01862049102783203,36864,3.826298713684082,,,,,,,,,,
577,0.1574999988079071,0.1574999988079071,DAD,0.0178678035736084,36928,3.8335561752319336,,,,,,,,,,
578,0.158203125,0.158203125,DAD,0.01772332191467285,36992,3.8315587043762207,,,,,,,,,,
579,0.15433593094348907,0.15433593094348907,DAD,0.017775774002075195,37056,3.8299033641815186,,,,,,,,,,
580,0.15714843571186066,0.15714843571186066,DAD,0.01781153678894043,37120,3.8456268310546875,,,,,,,,,,
581,0.1494140625,0.1494140625,DAD,0.01772928237915039,37184,3.8372254371643066,,,,,,,,,,
582,0.1603125035762787,0.1603125035762787,DAD,0.022146224975585938,37248,3.8366103172302246,,,,,,,,,,
583,0.1515234410762787,0.1515234410762787,DAD,0.017719268798828125,37312,3.8492584228515625,,,,,,,,,,
584,0.1553906351327896,0.1553906351327896,DAD,0.017789125442504883,37376,3.8329734802246094,,,,,,,,,,
585,0.15363281965255737,0.15363281965255737,DAD,0.017683029174804688,37440,3.852295398712158,,,,,,,,,,
586,0.15539062023162842,0.15539062023162842,DAD,0.01922321319580078,37504,3.8506088256835938,,,,,,,,,,
587,0.1501171886920929,0.1501171886920929,DAD,0.019571542739868164,37568,3.8455820083618164,,,,,,,,,,
588,0.16312500834465027,0.16312500834465027,DAD,0.018143653869628906,37632,3.852541446685791,,,,,,,,,,
589,0.16242188215255737,0.16242188215255737,DAD,0.017879724502563477,37696,3.84778094291687,,,,,,,,,,
590,0.15996094048023224,0.15996094048023224,DAD,0.01764655113220215,37760,3.8513004779815674,,,,,,,,,,
591,0.15398438274860382,0.15398438274860382,DAD,0.01825571060180664,37824,3.8540244102478027,,,,,,,,,,
592,0.15187498927116394,0.15187498927116394,DAD,0.017678499221801758,37888,3.851780414581299,,,,,,,,,,
593,0.15187500417232513,0.15187500417232513,DAD,0.01809072494506836,37952,3.8595755100250244,,,,,,,,,,
594,0.15363281965255737,0.15363281965255737,DAD,0.018149614334106445,38016,3.861602783203125,,,,,,,,,,
595,0.14554688334465027,0.14554688334465027,DAD,0.01798844337463379,38080,3.848050594329834,,,,,,,,,,
596,0.1560937613248825,0.1560937613248825,DAD,0.01865100860595703,38144,3.853527307510376,,,,,,,,,,
597,0.15468749403953552,0.15468749403953552,DAD,0.017878055572509766,38208,3.85176944732666,,,,,,,,,,
598,0.1574999988079071,0.1574999988079071,DAD,0.018214941024780273,38272,3.8546195030212402,,,,,,,,,,
599,0.15328125655651093,0.15328125655651093,DAD,0.017945051193237305,38336,3.8615517616271973,,,,,,,,,,
600,0.1596093773841858,0.1596093773841858,DAD,0.02003788948059082,38400,3.8565030097961426,0.1578515625,0.16355468750000002,4,0.9984739154939537,0.03125,0.1484375,0,0.00931640625,1001.1479296875,0
601,0.1473046839237213,0.1473046839237213,DAD,0.01785898208618164,38464,3.855243682861328,,,,,,,,,,
602,0.15468749403953552,0.15468749403953552,DAD,0.017795801162719727,38528,3.8600411415100098,,,,,,,,,,
603,0.1567968726158142,0.1567968726158142,DAD,0.018017292022705078,38592,3.8600969314575195,,,,,,,,,,
604,0.1494140625,0.1494140625,DAD,0.017916440963745117,38656,3.8573737144470215,,,,,,,,,,
605,0.15714843571186066,0.15714843571186066,DAD,0.017963647842407227,38720,3.8683512210845947,,,,,,,,,,
606,0.1567968726158142,0.1567968726158142,DAD,0.017978668212890625,38784,3.863560199737549,,,,,,,,,,
607,0.14976562559604645,0.14976562559604645,DAD,0.01780223846435547,38848,3.863961696624756,,,,,,,,,,
608,0.1501171886920929,0.1501171886920929,DAD,0.01771259307861328,38912,3.8666133880615234,,,,,,,,,,
609,0.15046876668930054,0.15046876668930054,DAD,0.017780780792236328,38976,3.854985237121582,,,,,,,,,,
610,0.1648828238248825,0.1648828238248825,DAD,0.018240690231323242,39040,3.8633975982666016,,,,,,,,,,
611,0.15046875178813934,0.15046875178813934,DAD,0.01764059066772461,39104,3.857938289642334,,,,,,,,,,
612,0.15398436784744263,0.15398436784744263,DAD,0.01780080795288086,39168,3.860454797744751,,,,,,,,,,
613,0.16207030415534973,0.16207030415534973,DAD,0.017795085906982422,39232,3.8648765087127686,,,,,,,,,,
614,0.15187501907348633,0.15187501907348633,DAD,0.01785588264465332,39296,3.8666064739227295,,,,,,,,,,
615,0.15925779938697815,0.15925779938697815,DAD,0.017916440963745117,39360,3.8658833503723145,,,,,,,,,,
616,0.15363281965255737,0.15363281965255737,DAD,0.019535541534423828,39424,3.8664746284484863,,,,,,,,,,
617,0.16734375059604645,0.16734375059604645,DAD,0.018231868743896484,39488,3.8725500106811523,,,,,,,,,,
618,0.15222656726837158,0.15222656726837158,DAD,0.020235538482666016,39552,3.875532865524292,,,,,,,,,,
619,0.14695313572883606,0.14695313572883606,DAD,0.017461061477661133,39616,3.8668971061706543,,,,,,,,,,
620,0.14484375715255737,0.14484375715255737,DAD,0.01757526397705078,39680,3.8668031692504883,,,,,,,,,,
621,0.15292969346046448,0.15292969346046448,DAD,0.0174868106842041,39744,3.8868253231048584,,,,,,,,,,
622,0.16453126072883606,0.16453126072883606,DAD,0.018094539642333984,39808,3.8707752227783203,,,,,,,,,,
623,0.15785156190395355,0.15785156190395355,DAD,0.017838001251220703,39872,3.883892297744751,,,,,,,,,,
624,0.16347655653953552,0.16347655653953552,DAD,0.017409563064575195,39936,3.885793447494507,,,,,,,,,,
625,0.14343750476837158,0.14343750476837158,DAD,0.017802953720092773,40000,3.873656749725342,0.14396484375000002,0.04673828125,5,1.4361486301629012,0.0390625,0.015625,1,0.0003515625,0.04673828125,0
626,0.14976564049720764,0.14976564049720764,DAD,0.017625808715820312,40064,3.877476215362549,,,,,,,,,,
627,0.1473046839237213,0.1473046839237213,DAD,0.017451763153076172,40128,3.8670454025268555,,,,,,,,,,
628,0.1589062511920929,0.1589062511920929,DAD,0.01743626594543457,40192,3.8601951599121094,,,,,,,,,,
629,0.16101562976837158,0.16101562976837158,DAD,0.017782926559448242,40256,3.858206033706665,,,,,,,,,,
630,0.1560937464237213,0.1560937464237213,DAD,0.01748180389404297,40320,3.8613579273223877,,,,,,,,,,
631,0.15222656726837158,0.15222656726837158,DAD,0.017899513244628906,40384,3.8655028343200684,,,,,,,,,,
632,0.1596093773841858,0.1596093773841858,DAD,0.017499446868896484,40448,3.8462960720062256,,,,,,,,,,
633,0.15257813036441803,0.15257813036441803,DAD,0.017487287521362305,40512,3.8503434658050537,,,,,,,,,,
634,0.1560937464237213,0.1560937464237213,DAD,0.017429113388061523,40576,3.851600170135498,,,,,,,,,,
635,0.14519533514976501,0.14519533514976501,DAD,0.017514705657958984,40640,3.842801570892334,,,,,,,,,,
636,0.15257811546325684,0.15257811546325684,DAD,0.01783442497253418,40704,3.8535590171813965,,,,,,,,,,
637,0.15468749403953552,0.15468749403953552,DAD,0.01758861541748047,40768,3.8375024795532227,,,,,,,,,,
638,0.16453126072883606,0.16453126072883606,DAD,0.01747417449951172,40832,3.843076705932617,,,,,,,,,,
639,0.1494140625,0.1494140625,DAD,0.017448902130126953,40896,3.837869644165039,,,,,,,,,,
640,0.1515234410762787,0.1515234410762787,DAD,0.01747608184814453,40960,3.831864833831787,,,,,,,,,,
641,0.15503907203674316,0.15503907203674316,DAD,0.017845869064331055,41024,3.84243106842041,,,,,,,,,,
642,0.1574999988079071,0.1574999988079071,DAD,0.01759648323059082,41088,3.8254098892211914,,,,,,,,,,
643,0.158203125,0.158203125,DAD,0.017765283584594727,41152,3.8190274238586426,,,,,,,,,,
644,0.14449219405651093,0.14449219405651093,DAD,0.017627477645874023,41216,3.831880569458008,,,,,,,,,,
645,0.15574219822883606,0.15574219822883606,DAD,0.01786947250366211,41280,3.8429813385009766,,,,,,,,,,
646,0.16523438692092896,0.16523438692092896,DAD,0.017609596252441406,41344,3.839430570602417,,,,,,,,,,
647,0.15328127145767212,0.15328127145767212,DAD,0.017891645431518555,41408,3.852846145629883,,,,,,,,,,
648,0.15996092557907104,0.15996092557907104,DAD,0.017395973205566406,41472,3.8529462814331055,,,,,,,,,,
649,0.15292969346046448,0.15292969346046448,DAD,0.018592357635498047,41536,3.8472676277160645,,,,,,,,,,
650,0.15292967855930328,0.15292967855930328,DAD,0.019923925399780273,41600,3.859126329421997,0.1546875,0.16019531250000002,5,1.1215438692400395,0.0390625,0.1640625,0,0.009140625000000001,1001.3008203125,0
651,0.14449219405651093,0.14449219405651093,DAD,0.01786947250366211,41664,3.8506932258605957,,,,,,,,,,
652,0.16242188215255737,0.16242188215255737,DAD,0.01744556427001953,41728,3.8561837673187256,,,,,,,,,,
653,0.14519530534744263,0.14519530534744263,DAD,0.01749587059020996,41792,3.856672763824463,,,,,,,,,,
654,0.15363281965255737,0.15363281965255737,DAD,0.017822980880737305,41856,3.8728957176208496,,,,,,,,,,
655,0.15292969346046448,0.15292969346046448,DAD,0.01741623878479004,41920,3.856694221496582,,,,,,,,,,
656,0.16734373569488525,0.16734373569488525,DAD,0.01740264892578125,41984,3.877760648727417,,,,,,,,,,
657,0.15433594584465027,0.15433594584465027,DAD,0.017543554306030273,42048,3.8720555305480957,,,,,,,,,,
658,0.1582031399011612,0.1582031399011612,DAD,0.017791032791137695,42112,3.8812613487243652,,,,,,,,,,
659,0.15363281965255737,0.15363281965255737,DAD,0.01757335662841797,42176,3.87813401222229,,,,,,,,,,
660,0.16101562976837158,0.16101562976837158,DAD,0.01753067970275879,42240,3.874497890472412,,,,,,,,,,
661,0.15644532442092896,0.15644532442092896,DAD,0.017430543899536133,42304,3.8696863651275635,,,,,,,,,,
662,0.15328125655651093,0.15328125655651093,DAD,0.01770186424255371,42368,3.871824026107788,,,,,,,,,,
663,0.1560937464237213,0.1560937464237213,DAD,0.017560482025146484,42432,3.876681327819824,,,,,,,,,,
664,0.16066408157348633,0.16066408157348633,DAD,0.017865419387817383,42496,3.8587827682495117,,,,,,,,,,
665,0.16242188215255737,0.16242188215255737,DAD,0.01781940460205078,42560,3.8717520236968994,,,,,,,,,,
666,0.15222656726837158,0.15222656726837158,DAD,0.020450592041015625,42624,3.8631653785705566,,,,,,,,,,
667,0.14835937321186066,0.14835937321186066,DAD,0.017519235610961914,42688,3.850543975830078,,,,,,,,,,
668,0.15046875178813934,0.15046875178813934,DAD,0.017443180084228516,42752,3.8657641410827637,,,,,,,,,,
669,0.1567968726158142,0.1567968726158142,DAD,0.017417192459106445,42816,3.875110626220703,,,,,,,,,,
670,0.1574999988079071,0.1574999988079071,DAD,0.017446279525756836,42880,3.877175807952881,,,,,,,,,,
671,0.158203125,0.158203125,DAD,0.01746821403503418,42944,3.862755537033081,,,,,,,,,,
672,0.15363281965255737,0.15363281965255737,DAD,0.01789259910583496,43008,3.879053831100464,,,,,,,,,,
673,0.15785156190395355,0.15785156190395355,DAD,0.017940759658813477,43072,3.8710451126098633,,,,,,,,,,
674,0.15468750894069672,0.15468750894069672,DAD,0.017749786376953125,43136,3.8799962997436523,,,,,,,,,,
675,0.15046875178813934,0.15046875178813934,DAD,0.017516136169433594,43200,3.8739304542541504,0.15626953125000004,0.16724609375,4,0.6147239468756011,0.03125,0.1484375,0,0.00984375,1001.15162109375,0
676,0.1487109363079071,0.1487109363079071,DAD,0.017887115478515625,43264,3.8758528232574463,,,,,,,,,,
677,0.1480078250169754,0.1480078250169754,DAD,0.017627239227294922,43328,3.888500690460205,,,,,,,,,,
678,0.15222656726837158,0.15222656726837158,DAD,0.017764806747436523,43392,3.888770341873169,,,,,,,,,,
679,0.15644532442092896,0.15644532442092896,DAD,0.017513036727905273,43456,3.886491060256958,,,,,,,,,,
680,0.16171875596046448,0.16171875596046448,DAD,0.017531633377075195,43520,3.889601230621338,,,,,,,,,,
681,0.15046876668930054,0.15046876668930054,DAD,0.017565488815307617,43584,3.8965930938720703,,,,,,,,,,
682,0.15187498927116394,0.15187498927116394,DAD,0.0174405574798584,43648,3.9005792140960693,,,,,,,,,,
683,0.15292969346046448,0.15292969346046448,DAD,0.017891645431518555,43712,3.8905344009399414,,,,,,,,,,
684,0.15539062023162842,0.15539062023162842,DAD,0.017789125442504883,43776,3.8981270790100098,,,,,,,,,,
685,0.14484375715255737,0.14484375715255737,DAD,0.017459630966186523,43840,3.8977677822113037,,,,,,,,,,
686,0.1466015726327896,0.1466015726327896,DAD,0.017419815063476562,43904,3.9041662216186523,,,,,,,,,,
687,0.1501171886920929,0.1501171886920929,DAD,0.017613887786865234,43968,3.908700704574585,,,,,,,,,,
688,0.15222656726837158,0.15222656726837158,DAD,0.01750946044921875,44032,3.8947694301605225,,,,,,,,,,
689,0.15292967855930328,0.15292967855930328,DAD,0.01740741729736328,44096,3.906921863555908,,,,,,,,,,
690,0.15714843571186066,0.15714843571186066,DAD,0.017445802688598633,44160,3.8991522789001465,,,,,,,,,,
691,0.15328124165534973,0.15328124165534973,DAD,0.01758265495300293,44224,3.904794692993164,,,,,,,,,,
692,0.1603125035762787,0.1603125035762787,DAD,0.017485380172729492,44288,3.9002392292022705,,,,,,,,,,
693,0.15468749403953552,0.15468749403953552,DAD,0.017426729202270508,44352,3.892399787902832,,,,,,,,,,
694,0.15644530951976776,0.15644530951976776,DAD,0.01775360107421875,44416,3.904160261154175,,,,,,,,,,
695,0.1399218738079071,0.1399218738079071,DAD,0.01745319366455078,44480,3.889451503753662,,,,,,,,,,
696,0.16066408157348633,0.16066408157348633,DAD,0.01752924919128418,44544,3.904686450958252,,,,,,,,,,
697,0.15503907203674316,0.15503907203674316,DAD,0.017477989196777344,44608,3.904477119445801,,,,,,,,,,
698,0.15433594584465027,0.15433594584465027,DAD,0.017437458038330078,44672,3.910602569580078,,,,,,,,,,
699,0.15855470299720764,0.15855470299720764,DAD,0.01755547523498535,44736,3.897526741027832,,,,,,,,,,
700,0.14589844644069672,0.14589844644069672,DAD,0.01755070686340332,44800,3.8931732177734375,0.15503906250000002,0.1607421875,3,0.7623054778343961,0.0234375,0.1484375,0,0.00931640625,1001.1451171875,0
701,0.16066408157348633,0.16066408157348633,DAD,0.017913341522216797,44864,3.9102816581726074,,,,,,,,,,
702,0.15363281965255737,0.15363281965255737,DAD,0.017611980438232422,44928,3.9116694927215576,,,,,,,,,,
703,0.1399218738079071,0.1399218738079071,DAD,0.017803192138671875,44992,3.9074740409851074,,,,,,,,,,
704,0.16207031905651093,0.16207031905651093,DAD,0.0190885066986084,45056,3.908383846282959,,,,,,,,,,
705,0.15468749403953552,0.15468749403953552,DAD,0.017643451690673828,45120,3.905088424682617,,,,,,,,,,
706,0.1589062511920929,0.1589062511920929,DAD,0.017444849014282227,45184,3.9059643745422363,,,,,,,,,,
707,0.1501171886920929,0.1501171886920929,DAD,0.017973661422729492,45248,3.908540725708008,,,,,,,,,,
708,0.15328124165534973,0.15328124165534973,DAD,0.017673492431640625,45312,3.904405355453491,,,,,,,,,,
709,0.16207030415534973,0.16207030415534973,DAD,0.017618417739868164,45376,3.9047718048095703,,,,,,,,,,
710,0.1560937613248825,0.1560937613248825,DAD,0.017902612686157227,45440,3.9199273586273193,,,,,,,,,,
711,0.15714845061302185,0.15714845061302185,DAD,0.019176483154296875,45504,3.9073433876037598,,,,,,,,,,
712,0.16101562976837158,0.16101562976837158,DAD,0.017633676528930664,45568,3.9021811485290527,,,,,,,,,,
713,0.15328124165534973,0.15328124165534973,DAD,0.017426013946533203,45632,3.9022011756896973,,,,,,,,,,
714,0.1676953136920929,0.1676953136920929,DAD,0.017520427703857422,45696,3.897348165512085,,,,,,,,,,
715,0.140625,0.140625,DAD,0.017566680908203125,45760,3.8864030838012695,,,,,,,,,,
716,0.16382811963558197,0.16382811963558197,DAD,0.020147323608398438,45824,3.9008054733276367,,,,,,,,,,
717,0.16312499344348907,0.16312499344348907,DAD,0.017526626586914062,45888,3.8897833824157715,,,,,,,,,,
718,0.1385156363248825,0.1385156363248825,DAD,0.018102645874023438,45952,3.9016494750976562,,,,,,,,,,
719,0.1480078250169754,0.1480078250169754,DAD,0.018789291381835938,46016,3.887573719024658,,,,,,,,,,
720,0.15117186307907104,0.15117186307907104,DAD,0.01758885383605957,46080,3.8742010593414307,,,,,,,,,,
721,0.14484375715255737,0.14484375715255737,DAD,0.019621610641479492,46144,3.8936800956726074,,,,,,,,,,
722,0.15539062023162842,0.15539062023162842,DAD,0.01761484146118164,46208,3.8776752948760986,,,,,,,,,,
723,0.16874998807907104,0.16874998807907104,DAD,0.0181734561920166,46272,3.8756203651428223,,,,,,,,,,
724,0.15468749403953552,0.15468749403953552,DAD,0.017854928970336914,46336,3.879268169403076,,,,,,,,,,
725,0.16136719286441803,0.16136719286441803,DAD,0.01752328872680664,46400,3.8773844242095947,0.15644531250000004,0.15785156250000001,5,0.8955064398563899,0.0390625,0.140625,0,0.00896484375,1001.0641015625,0
726,0.15925781428813934,0.15925781428813934,DAD,0.017596006393432617,46464,3.8758769035339355,,,,,,,,,,
727,0.1501171886920929,0.1501171886920929,DAD,0.01777172088623047,46528,3.871880531311035,,,,,,,,,,
728,0.14906251430511475,0.14906251430511475,DAD,0.018107175827026367,46592,3.8548789024353027,,,,,,,,,,
729,0.1589062511920929,0.1589062511920929,DAD,0.018815994262695312,46656,3.8545753955841064,,,,,,,,,,
730,0.1494140625,0.1494140625,DAD,0.01792168617248535,46720,3.840649127960205,,,,,,,,,,
731,0.1487109363079071,0.1487109363079071,DAD,0.017890214920043945,46784,3.8513801097869873,,,,,,,,,,
732,0.14554688334465027,0.14554688334465027,DAD,0.01995706558227539,46848,3.8473503589630127,,,,,,,,,,
733,0.15785157680511475,0.15785157680511475,DAD,0.01764369010925293,46912,3.8348093032836914,,,,,,,,,,
734,0.15714845061302185,0.15714845061302185,DAD,0.017533302307128906,46976,3.837132692337036,,,,,,,,,,
735,0.15222656726837158,0.15222656726837158,DAD,0.020980119705200195,47040,3.834012031555176,,,,,,,,,,
736,0.16136720776557922,0.16136720776557922,DAD,0.017940521240234375,47104,3.843266487121582,,,,,,,,,,
737,0.1574999988079071,0.1574999988079071,DAD,0.01779460906982422,47168,3.848374843597412,,,,,,,,,,
738,0.1648828089237213,0.1648828089237213,DAD,0.017541885375976562,47232,3.8504865169525146,,,,,,,,,,
739,0.1515234410762787,0.1515234410762787,DAD,0.01799607276916504,47296,3.844667673110962,,,,,,,,,,
740,0.1603125035762787,0.1603125035762787,DAD,0.017742395401000977,47360,3.8564627170562744,,,,,,,,,,
741,0.1501171886920929,0.1501171886920929,DAD,0.0175783634185791,47424,3.8673648834228516,,,,,,,,,,
742,0.16277343034744263,0.16277343034744263,DAD,0.019398927688598633,47488,3.8463335037231445,,,,,,,,,,
743,0.16136719286441803,0.16136719286441803,DAD,0.01791214942932129,47552,3.865922212600708,,,,,,,,,,
744,0.16312500834465027,0.16312500834465027,DAD,0.017810583114624023,47616,3.8819780349731445,,,,,,,,,,
745,0.1567968726158142,0.1567968726158142,DAD,0.020790815353393555,47680,3.8635494709014893,,,,,,,,,,
746,0.16066408157348633,0.16066408157348633,DAD,0.017961978912353516,47744,3.8706014156341553,,,,,,,,,,
747,0.1589062511920929,0.1589062511920929,DAD,0.019608736038208008,47808,3.8745408058166504,,,,,,,,,,
748,0.15328125655651093,0.15328125655651093,DAD,0.01796579360961914,47872,3.8803391456604004,,,,,,,,,,
749,0.15292969346046448,0.15292969346046448,DAD,0.017702817916870117,47936,3.864100456237793,,,,,,,,,,
750,0.16171875596046448,0.16171875596046448,DAD,0.0179903507232666,48000,3.8815417289733887,0.1546875,0.1553125,8,1.369090946282215,0.0625,0.1328125,0,0.00896484375,1000.9834375,0
751,0.1487109363079071,0.1487109363079071,DAD,0.017859935760498047,48064,3.8809187412261963,,,,,,,,,,
752,0.16804687678813934,0.16804687678813934,DAD,0.01887035369873047,48128,3.877142906188965,,,,,,,,,,
753,0.15503907203674316,0.15503907203674316,DAD,0.01764965057373047,48192,3.8753416538238525,,,,,,,,,,
754,0.15433594584465027,0.15433594584465027,DAD,0.01927018165588379,48256,3.8850154876708984,,,,,,,,,,
755,0.1560937464237213,0.1560937464237213,DAD,0.01788640022277832,48320,3.8830556869506836,,,,,,,,,,
756,0.15222656726837158,0.15222656726837158,DAD,0.01748061180114746,48384,3.8888919353485107,,,,,,,,,,
757,0.15539062023162842,0.15539062023162842,DAD,0.02104043960571289,48448,3.869739055633545,,,,,,,,,,
758,0.16277343034744263,0.16277343034744263,DAD,0.019200801849365234,48512,3.9012715816497803,,,,,,,,,,
759,0.16453126072883606,0.16453126072883606,DAD,0.01810622215270996,48576,3.877322196960449,,,,,,,,,,
760,0.15468749403953552,0.15468749403953552,DAD,0.017763376235961914,48640,3.8746509552001953,,,,,,,,,,
761,0.15539062023162842,0.15539062023162842,DAD,0.01773524284362793,48704,3.8899319171905518,,,,,,,,,,
762,0.15328125655651093,0.15328125655651093,DAD,0.017841815948486328,48768,3.8770596981048584,,,,,,,,,,
763,0.15292969346046448,0.15292969346046448,DAD,0.01766061782836914,48832,3.874577045440674,,,,,,,,,,
764,0.1480078250169754,0.1480078250169754,DAD,0.01772451400756836,48896,3.8705477714538574,,,,,,,,,,
765,0.14695312082767487,0.14695312082767487,DAD,0.01747751235961914,48960,3.882359504699707,,,,,,,,,,
766,0.15257813036441803,0.15257813036441803,DAD,0.01760101318359375,49024,3.870513677597046,,,,,,,,,,
767,0.1596093773841858,0.1596093773841858,DAD,0.017441749572753906,49088,3.876831531524658,,,,,,,,,,
768,0.15503907203674316,0.15503907203674316,DAD,0.017951011657714844,49152,3.8730180263519287,,,,,,,,,,
769,0.1501171886920929,0.1501171886920929,DAD,0.01752471923828125,49216,3.873481035232544,,,,,,,,,,
770,0.15046875178813934,0.15046875178813934,DAD,0.018659591674804688,49280,3.8740415573120117,,,,,,,,,,
771,0.15644532442092896,0.15644532442092896,DAD,0.017465829849243164,49344,3.8698716163635254,,,,,,,,,,
772,0.15292969346046448,0.15292969346046448,DAD,0.019116878509521484,49408,3.8703231811523438,,,,,,,,,,
773,0.14624999463558197,0.14624999463558197,DAD,0.01761150360107422,49472,3.8680663108825684,,,,,,,,,,
774,0.14765626192092896,0.14765626192092896,DAD,0.017426490783691406,49536,3.874673366546631,,,,,,,,,,
775,0.15257813036441803,0.15257813036441803,DAD,0.01754927635192871,49600,3.8616719245910645,0.15310546875000003,0.17521484375,6,1.0423156023098779,0.046875,0.171875,0,0.01072265625,1001.39396484375,0
776,0.15328124165534973,0.15328124165534973,DAD,0.0178835391998291,49664,3.882997512817383,,,,,,,,,,
777,0.14589844644069672,0.14589844644069672,DAD,0.01739335060119629,49728,3.8738179206848145,,,,,,,,,,
778,0.15398436784744263,0.15398436784744263,DAD,0.017520427703857422,49792,3.875436544418335,,,,,,,,,,
779,0.1487109363079071,0.1487109363079071,DAD,0.017393112182617188,49856,3.875253200531006,,,,,,,,,,
780,0.1480078101158142,0.1480078101158142,DAD,0.021152496337890625,49920,3.875096082687378,,,,,,,,,,
781,0.1501171886920929,0.1501171886920929,DAD,0.01751112937927246,49984,3.871983766555786,,,,,,,,,,
782,0.15468750894069672,0.15468750894069672,DAD,0.01746058464050293,50048,3.8879218101501465,,,,,,,,,,
783,0.15398438274860382,0.15398438274860382,DAD,0.017866134643554688,50112,3.890787363052368,,,,,,,,,,
784,0.1501171886920929,0.1501171886920929,DAD,0.02118849754333496,50176,3.879908323287964,,,,,,,,,,
785,0.1574999988079071,0.1574999988079071,DAD,0.017896413803100586,50240,3.8644204139709473,,,,,,,,,,
786,0.16101562976837158,0.16101562976837158,DAD,0.018687963485717773,50304,3.871572971343994,,,,,,,,,,
787,0.14765626192092896,0.14765626192092896,DAD,0.01877737045288086,50368,3.863926649093628,,,,,,,,,,
788,0.15398438274860382,0.15398438274860382,DAD,0.01755690574645996,50432,3.8620572090148926,,,,,,,,,,
789,0.1487109363079071,0.1487109363079071,DAD,0.02103137969970703,50496,3.8768858909606934,,,,,,,,,,
790,0.14589843153953552,0.14589843153953552,DAD,0.01876997947692871,50560,3.873311996459961,,,,,,,,,,
791,0.15328124165534973,0.15328124165534973,DAD,0.01750802993774414,50624,3.8771066665649414,,,,,,,,,,
792,0.16101562976837158,0.16101562976837158,DAD,0.017403364181518555,50688,3.884824275970459,,,,,,,,,,
793,0.15644532442092896,0.15644532442092896,DAD,0.017403364181518555,50752,3.8618154525756836,,,,,,,,,,
794,0.14695312082767487,0.14695312082767487,DAD,0.01761484146118164,50816,3.8816871643066406,,,,,,,,,,
795,0.1560937464237213,0.1560937464237213,DAD,0.017349958419799805,50880,3.8708457946777344,,,,,,,,,,
796,0.15714843571186066,0.15714843571186066,DAD,0.017678260803222656,50944,3.8836257457733154,,,,,,,,,,
797,0.15117187798023224,0.15117187798023224,DAD,0.017768383026123047,51008,3.8820672035217285,,,,,,,,,,
798,0.15644532442092896,0.15644532442092896,DAD,0.01755213737487793,51072,3.8783211708068848,,,,,,,,,,
799,0.16734375059604645,0.16734375059604645,DAD,0.017511367797851562,51136,3.880730152130127,,,,,,,,,,
800,0.1560937464237213,0.1560937464237213,DAD,0.020612478256225586,51200,3.8813700675964355,0.1508203125,0.171953125,4,0.7463495688896112,0.03125,0.1796875,0,0.010546875,1001.468828125,0
801,0.15468749403953552,0.15468749403953552,DAD,0.01804327964782715,51264,3.89363169670105,,,,,,,,,,
802,0.1603125035762787,0.1603125035762787,DAD,0.017892122268676758,51328,3.871067762374878,,,,,,,,,,
803,0.158203125,0.158203125,DAD,0.02100968360900879,51392,3.8685927391052246,,,,,,,,,,
804,0.1487109363079071,0.1487109363079071,DAD,0.017389297485351562,51456,3.881314754486084,,,,,,,,,,
805,0.1589062511920929,0.1589062511920929,DAD,0.017461299896240234,51520,3.8851797580718994,,,,,,,,,,
806,0.14695312082767487,0.14695312082767487,DAD,0.01742863655090332,51584,3.887371778488159,,,,,,,,,,
807,0.14238281548023224,0.14238281548023224,DAD,0.01789259910583496,51648,3.8837838172912598,,,,,,,,,,
808,0.1473046839237213,0.1473046839237213,DAD,0.01744699478149414,51712,3.893732786178589,,,,,,,,,,
809,0.15925781428813934,0.15925781428813934,DAD,0.017558813095092773,51776,3.8917150497436523,,,,,,,,,,
810,0.15539062023162842,0.15539062023162842,DAD,0.017502784729003906,51840,3.9006385803222656,,,,,,,,,,
811,0.1676953136920929,0.1676953136920929,DAD,0.017426729202270508,51904,3.8897032737731934,,,,,,,,,,
812,0.15539062023162842,0.15539062023162842,DAD,0.017405271530151367,51968,3.912506580352783,,,,,,,,,,
813,0.16101562976837158,0.16101562976837158,DAD,0.018044471740722656,52032,3.876016855239868,,,,,,,,,,
814,0.1515234410762787,0.1515234410762787,DAD,0.019145488739013672,52096,3.898261070251465,,,,,,,,,,
815,0.1515234410762787,0.1515234410762787,DAD,0.017881155014038086,52160,3.8923234939575195,,,,,,,,,,
816,0.1427343636751175,0.1427343636751175,DAD,0.01740288734436035,52224,3.887765407562256,,,,,,,,,,
817,0.15398436784744263,0.15398436784744263,DAD,0.01757526397705078,52288,3.889084815979004,,,,,,,,,,
818,0.15433594584465027,0.15433594584465027,DAD,0.021698713302612305,52352,3.8855621814727783,,,,,,,,,,
819,0.14835938811302185,0.14835938811302185,DAD,0.01749420166015625,52416,3.8797857761383057,,,,,,,,,,
820,0.14449219405651093,0.14449219405651093,DAD,0.01789569854736328,52480,3.8741400241851807,,,,,,,,,,
821,0.15398436784744263,0.15398436784744263,DAD,0.017391443252563477,52544,3.8847665786743164,,,,,,,,,,
822,0.15503907203674316,0.15503907203674316,DAD,0.017409086227416992,52608,3.894192695617676,,,,,,,,,,
823,0.15925782918930054,0.15925782918930054,DAD,0.0175321102142334,52672,3.892061948776245,,,,,,,,,,
824,0.1574999988079071,0.1574999988079071,DAD,0.020788908004760742,52736,3.8949270248413086,,,,,,,,,,
825,0.15855468809604645,0.15855468809604645,DAD,0.017969131469726562,52800,3.899376630783081,0.1473046875,0.132890625,6,1.2379316049213855,0.046875,0.140625,0,0.0073828125000000005,1001.039140625,0
826,0.15996094048023224,0.15996094048023224,DAD,0.018775224685668945,52864,3.9037928581237793,,,,,,,,,,
827,0.15785156190395355,0.15785156190395355,DAD,0.02110457420349121,52928,3.8931241035461426,,,,,,,,,,
828,0.15363281965255737,0.15363281965255737,DAD,0.017872333526611328,52992,3.905968427658081,,,,,,,,,,
829,0.158203125,0.158203125,DAD,0.01778244972229004,53056,3.8787341117858887,,,,,,,,,,
830,0.1480078101158142,0.15660156309604645,DAD,0.017621517181396484,53120,3.891469717025757,,,,,,,,,,
831,0.16312500834465027,0.16312500834465027,DAD,0.021557331085205078,53184,3.874645233154297,,,,,,,,,,
832,0.15539062023162842,0.15539062023162842,DAD,0.017416715621948242,53248,3.8886961936950684,,,,,,,,,,
833,0.15855467319488525,0.15855467319488525,DAD,0.017527341842651367,53312,3.9025192260742188,,,,,,,,,,
834,0.1596093773841858,0.1596093773841858,DAD,0.019390106201171875,53376,3.8850598335266113,,,,,,,,,,
835,0.15257813036441803,0.15257813036441803,DAD,0.0176849365234375,53440,3.8860535621643066,,,,,,,,,,
836,0.16382813453674316,0.16382813453674316,DAD,0.01752781867980957,53504,3.8802430629730225,,,,,,,,,,
837,0.15222656726837158,0.15222656726837158,DAD,0.02104640007019043,53568,3.8821310997009277,,,,,,,,,,
838,0.15328124165534973,0.15328124165534973,DAD,0.018794536590576172,53632,3.889897108078003,,,,,,,,,,
839,0.1501171886920929,0.1501171886920929,DAD,0.01741480827331543,53696,3.8669209480285645,,,,,,,,,,
840,0.158203125,0.158203125,DAD,0.017419099807739258,53760,3.888406753540039,,,,,,,,,,
841,0.1508203148841858,0.1508203148841858,DAD,0.017412185668945312,53824,3.8755335807800293,,,,,,,,,,
842,0.15714843571186066,0.15714843571186066,DAD,0.01763296127319336,53888,3.8770699501037598,,,,,,,,,,
843,0.14589844644069672,0.14589844644069672,DAD,0.017438173294067383,53952,3.8938989639282227,,,,,,,,,,
844,0.1508203148841858,0.1508203148841858,DAD,0.017398595809936523,54016,3.8780055046081543,,,,,,,,,,
845,0.1501171886920929,0.1501171886920929,DAD,0.018029451370239258,54080,3.878687858581543,,,,,,,,,,
846,0.16242188215255737,0.16242188215255737,DAD,0.017484664916992188,54144,3.8588955402374268,,,,,,,,,,
847,0.14765626192092896,0.14765626192092896,DAD,0.020552873611450195,54208,3.871347427368164,,,,,,,,,,
848,0.14695313572883606,0.14695313572883606,DAD,0.017459392547607422,54272,3.862123489379883,,,,,,,,,,
849,0.16101562976837158,0.16101562976837158,DAD,0.01783299446105957,54336,3.854602098464966,,,,,,,,,,
850,0.15398438274860382,0.15398438274860382,DAD,0.01757073402404785,54400,3.8568289279937744,0.15240234375,0.17841796875,5,0.8622915788826993,0.0390625,0.2109375,0,0.01072265625,1001.78779296875,0
851,0.1560937464237213,0.1560937464237213,DAD,0.01759648323059082,54464,3.8421220779418945,,,,,,,,,,
852,0.1508203148841858,0.1508203148841858,DAD,0.017467737197875977,54528,3.845210313796997,,,,,,,,,,
853,0.14976562559604645,0.14976562559604645,DAD,0.019173860549926758,54592,3.8595492839813232,,,,,,,,,,
854,0.1641796976327896,0.1641796976327896,DAD,0.018501996994018555,54656,3.8495795726776123,,,,,,,,,,
855,0.14695313572883606,0.14695313572883606,DAD,0.017996788024902344,54720,3.850426435470581,,,,,,,,,,
856,0.14976562559604645,0.14976562559604645,DAD,0.02113056182861328,54784,3.8641388416290283,,,,,,,,,,
857,0.1508203148841858,0.1508203148841858,DAD,0.02133655548095703,54848,3.86519193649292,,,,,,,,,,
858,0.1494140774011612,0.1494140774011612,DAD,0.020706653594970703,54912,3.8538455963134766,,,,,,,,,,
859,0.1515234410762787,0.1515234410762787,DAD,0.019829273223876953,54976,3.8415675163269043,,,,,,,,,,
860,0.15503905713558197,0.15503905713558197,DAD,0.02276444435119629,55040,3.857985496520996,,,,,,,,,,
861,0.1567968726158142,0.1567968726158142,DAD,0.018479347229003906,55104,3.8562803268432617,,,,,,,,,,
862,0.16171875596046448,0.16171875596046448,DAD,0.019655466079711914,55168,3.8663885593414307,,,,,,,,,,
863,0.14414063096046448,0.14414063096046448,DAD,0.02112746238708496,55232,3.8683388233184814,,,,,,,,,,
864,0.1501171886920929,0.1501171886920929,DAD,0.019745349884033203,55296,3.872793436050415,,,,,,,,,,
865,0.15257813036441803,0.15257813036441803,DAD,0.019159317016601562,55360,3.875436782836914,,,,,,,,,,
866,0.15855470299720764,0.15855470299720764,DAD,0.01889348030090332,55424,3.880831241607666,,,,,,,,,,
867,0.15117189288139343,0.15117189288139343,DAD,0.019032955169677734,55488,3.869157314300537,,,,,,,,,,
868,0.14906251430511475,0.14906251430511475,DAD,0.019796371459960938,55552,3.884434223175049,,,,,,,,,,
869,0.16066406667232513,0.16066406667232513,DAD,0.023128032684326172,55616,3.8833351135253906,,,,,,,,,,
870,0.14976562559604645,0.14976562559604645,DAD,0.019533872604370117,55680,3.88468074798584,,,,,,,,,,
871,0.1553906351327896,0.1553906351327896,DAD,0.019367218017578125,55744,3.891352653503418,,,,,,,,,,
872,0.15714845061302185,0.15714845061302185,DAD,0.01893901824951172,55808,3.9025847911834717,,,,,,,,,,
873,0.14624999463558197,0.14624999463558197,DAD,0.0188446044921875,55872,3.9105677604675293,,,,,,,,,,
874,0.1669921875,0.1669921875,DAD,0.019811153411865234,55936,3.8870739936828613,,,,,,,,,,
875,0.15117187798023224,0.15117187798023224,DAD,0.021994829177856445,56000,3.884352684020996,0.1529296875,0.1625390625,4,0.5107364230204934,0.03125,0.1875,0,0.009316406250000001,1001.5375390625,0
876,0.15539062023162842,0.15539062023162842,DAD,0.01996612548828125,56064,3.884483814239502,,,,,,,,,,
877,0.15363281965255737,0.15363281965255737,DAD,0.021364688873291016,56128,3.897573709487915,,,,,,,,,,
878,0.16066406667232513,0.16066406667232513,DAD,0.02050328254699707,56192,3.8912253379821777,,,,,,,,,,
879,0.16101562976837158,0.16101562976837158,DAD,0.018031835556030273,56256,3.883678913116455,,,,,,,,,,
880,0.15574219822883606,0.15574219822883606,DAD,0.020915985107421875,56320,3.902256965637207,,,,,,,,,,
881,0.15222656726837158,0.15222656726837158,DAD,0.01782965660095215,56384,3.902890920639038,,,,,,,,,,
882,0.1603125035762787,0.1603125035762787,DAD,0.017891407012939453,56448,3.8836617469787598,,,,,,,,,,
883,0.1413281261920929,0.1413281261920929,DAD,0.02006387710571289,56512,3.8838870525360107,,,,,,,,,,
884,0.1473046839237213,0.1473046839237213,DAD,0.018219470977783203,56576,3.8993406295776367,,,,,,,,,,
885,0.15433594584465027,0.15433594584465027,DAD,0.01973891258239746,56640,3.890301465988159,,,,,,,,,,
886,0.14765626192092896,0.14765626192092896,DAD,0.018262147903442383,56704,3.875988006591797,,,,,,,,,,
887,0.15363281965255737,0.15363281965255737,DAD,0.018828153610229492,56768,3.8953375816345215,,,,,,,,,,
888,0.15363281965255737,0.15363281965255737,DAD,0.019782543182373047,56832,3.898819923400879,,,,,,,,,,
889,0.16593749821186066,0.16593749821186066,DAD,0.019873380661010742,56896,3.8961358070373535,,,,,,,,,,
890,0.1473046839237213,0.1473046839237213,DAD,0.019191980361938477,56960,3.8901453018188477,,,,,,,,,,
891,0.15363281965255737,0.15363281965255737,DAD,0.02208542823791504,57024,3.898638963699341,,,,,,,,,,
892,0.1494140625,0.1494140625,DAD,0.02057671546936035,57088,3.8936681747436523,,,,,,,,,,
893,0.15433594584465027,0.15433594584465027,DAD,0.018168926239013672,57152,3.8934786319732666,,,,,,,,,,
894,0.15714845061302185,0.15714845061302185,DAD,0.018373727798461914,57216,3.9062628746032715,,,,,,,,,,
895,0.15996094048023224,0.15996094048023224,DAD,0.0211331844329834,57280,3.894822359085083,,,,,,,,,,
896,0.1480078101158142,0.1480078101158142,DAD,0.019513845443725586,57344,3.897662401199341,,,,,,,,,,
897,0.15644530951976776,0.15644530951976776,DAD,0.02269768714904785,57408,3.899636745452881,,,,,,,,,,
898,0.15503907203674316,0.15503907203674316,DAD,0.01989269256591797,57472,3.8832130432128906,,,,,,,,,,
899,0.15644532442092896,0.15644532442092896,DAD,0.01826620101928711,57536,3.8977537155151367,,,,,,,,,,
900,0.15046875178813934,0.15046875178813934,DAD,0.018293380737304688,57600,3.894087076187134,0.14765625000000004,0.06937499999999999,6,1.2340271980770323,0.046875,0.046875,1,0.00193359375,0.06937499999999999,0
901,0.158203125,0.158203125,DAD,0.01790642738342285,57664,3.886234760284424,,,,,,,,,,
902,0.15328125655651093,0.15328125655651093,DAD,0.019292593002319336,57728,3.871595859527588,,,,,,,,,,
903,0.15363281965255737,0.15363281965255737,DAD,0.01947784423828125,57792,3.889702796936035,,,,,,,,,,
904,0.1574999988079071,0.1574999988079071,DAD,0.017872095108032227,57856,3.8876051902770996,,,,,,,,,,
905,0.14625000953674316,0.14625000953674316,DAD,0.02173781394958496,57920,3.8822529315948486,,,,,,,,,,
906,0.1515234410762787,0.1515234410762787,DAD,0.02484726905822754,57984,3.884873867034912,,,,,,,,,,
907,0.15222656726837158,0.15222656726837158,DAD,0.01883673667907715,58048,3.8779783248901367,,,,,,,,,,
908,0.15503907203674316,0.15503907203674316,DAD,0.019324779510498047,58112,3.9044933319091797,,,,,,,,,,
909,0.14449217915534973,0.14449217915534973,DAD,0.01957106590270996,58176,3.8655619621276855,,,,,,,,,,
910,0.15046875178813934,0.15046875178813934,DAD,0.019793272018432617,58240,3.8793234825134277,,,,,,,,,,
911,0.14765626192092896,0.14765626192092896,DAD,0.0190732479095459,58304,3.888880729675293,,,,,,,,,,
912,0.15996094048023224,0.15996094048023224,DAD,0.01877140998840332,58368,3.880601406097412,,,,,,,,,,
913,0.1466015726327896,0.1466015726327896,DAD,0.017546892166137695,58432,3.8695855140686035,,,,,,,,,,
914,0.15398438274860382,0.15398438274860382,DAD,0.017685413360595703,58496,3.8715384006500244,,,,,,,,,,
915,0.15785154700279236,0.15785154700279236,DAD,0.017572641372680664,58560,3.8681411743164062,,,,,,,,,,
916,0.15996094048023224,0.15996094048023224,DAD,0.017412900924682617,58624,3.864238977432251,,,,,,,,,,
917,0.1427343785762787,0.1427343785762787,DAD,0.020442724227905273,58688,3.8698477745056152,,,,,,,,,,
918,0.15468750894069672,0.15468750894069672,DAD,0.017929553985595703,58752,3.868593215942383,,,,,,,,,,
919,0.14695312082767487,0.14695312082767487,DAD,0.017374753952026367,58816,3.883533000946045,,,,,,,,,,
920,0.15328127145767212,0.15328127145767212,DAD,0.01967334747314453,58880,3.8657002449035645,,,,,,,,,,
921,0.15117186307907104,0.15117186307907104,DAD,0.020409345626831055,58944,3.8747055530548096,,,,,,,,,,
922,0.15539062023162842,0.15539062023162842,DAD,0.018723011016845703,59008,3.8734958171844482,,,,,,,,,,
923,0.16382813453674316,0.16382813453674316,DAD,0.017467498779296875,59072,3.885618209838867,,,,,,,,,,
924,0.15046875178813934,0.15046875178813934,DAD,0.018052101135253906,59136,3.873434543609619,,,,,,,,,,
925,0.1501171886920929,0.1501171886920929,DAD,0.017717838287353516,59200,3.8714451789855957,0.1490625,0.075859375,5,1.1740192404440077,0.0390625,0.0625,0,0.00228515625,1000.200859375,0
926,0.16242188215255737,0.16242188215255737,DAD,0.01765131950378418,59264,3.8718791007995605,,,,,,,,,,
927,0.15785156190395355,0.15785156190395355,DAD,0.01744246482849121,59328,3.884993076324463,,,,,,,,,,
928,0.15714845061302185,0.15714845061302185,DAD,0.01764845848083496,59392,3.885402202606201,,,,,,,,,,
929,0.1567968726158142,0.1567968726158142,DAD,0.01781916618347168,59456,3.874030590057373,,,,,,,,,,
930,0.1567968726158142,0.1567968726158142,DAD,0.017423391342163086,59520,3.897679090499878,,,,,,,,,,
931,0.15046875178813934,0.15046875178813934,DAD,0.021084070205688477,59584,3.87764573097229,,,,,,,,,,
932,0.1480078101158142,0.1480078101158142,DAD,0.01791214942932129,59648,3.886111259460449,,,,,,,,,,
933,0.1596093773841858,0.1596093773841858,DAD,0.018744230270385742,59712,3.888396739959717,,,,,,,,,,
934,0.16312500834465027,0.16312500834465027,DAD,0.0178682804107666,59776,3.8788342475891113,,,,,,,,,,
935,0.1560937464237213,0.1560937464237213,DAD,0.017594099044799805,59840,3.8786797523498535,,,,,,,,,,
936,0.15117189288139343,0.15117189288139343,DAD,0.01802682876586914,59904,3.8792614936828613,,,,,,,,,,
937,0.15292969346046448,0.15292969346046448,DAD,0.02083754539489746,59968,3.855274200439453,,,,,,,,,,
938,0.14976562559604645,0.14976562559604645,DAD,0.01877760887145996,60032,3.8865866661071777,,,,,,,,,,
939,0.1567968726158142,0.1567968726158142,DAD,0.0174405574798584,60096,3.892359972000122,,,,,,,,,,
940,0.14484375715255737,0.14484375715255737,DAD,0.017560243606567383,60160,3.8864564895629883,,,,,,,,,,
941,0.15574219822883606,0.15574219822883606,DAD,0.01741647720336914,60224,3.886101722717285,,,,,,,,,,
942,0.1508203148841858,0.1508203148841858,DAD,0.017461776733398438,60288,3.8583004474639893,,,,,,,,,,
943,0.15644530951976776,0.15644530951976776,DAD,0.017518997192382812,60352,3.8686838150024414,,,,,,,,,,
944,0.14695313572883606,0.14695313572883606,DAD,0.01775503158569336,60416,3.880765199661255,,,,,,,,,,
945,0.16171875596046448,0.16171875596046448,DAD,0.017873287200927734,60480,3.8695430755615234,,,,,,,,,,
946,0.15292969346046448,0.15292969346046448,DAD,0.017980575561523438,60544,3.872767448425293,,,,,,,,,,
947,0.16382813453674316,0.16382813453674316,DAD,0.01766681671142578,60608,3.874948263168335,,,,,,,,,,
948,0.15187500417232513,0.15187500417232513,DAD,0.017917156219482422,60672,3.86032772064209,,,,,,,,,,
949,0.1560937464237213,0.1560937464237213,DAD,0.017538785934448242,60736,3.8641738891601562,,,,,,,,,,
950,0.1603125035762787,0.1603125035762787,DAD,0.017529010772705078,60800,3.8621935844421387,0.1451953125,0.053046875,4,1.026505107349144,0.03125,0.03125,1,0.0007031250000000001,0.053046875,0
951,0.14976562559604645,0.14976562559604645,DAD,0.017800331115722656,60864,3.860905885696411,,,,,,,,,,
952,0.1560937464237213,0.1560937464237213,DAD,0.017458677291870117,60928,3.87095308303833,,,,,,,,,,
953,0.15398436784744263,0.15398436784744263,DAD,0.01762223243713379,60992,3.851233959197998,,,,,,,,,,
954,0.15398436784744263,0.15398436784744263,DAD,0.021179914474487305,61056,3.8546037673950195,,,,,,,,,,
955,0.16101562976837158,0.16101562976837158,DAD,0.0174560546875,61120,3.840602397918701,,,,,,,,,,
956,0.16453126072883606,0.16453126072883606,DAD,0.017381906509399414,61184,3.872387170791626,,,,,,,,,,
957,0.14589843153953552,0.14589843153953552,DAD,0.017368555068969727,61248,3.865708112716675,,,,,,,,,,
958,0.16875001788139343,0.16875001788139343,DAD,0.017899274826049805,61312,3.865567922592163,,,,,,,,,,
959,0.14835937321186066,0.14835937321186066,DAD,0.018066883087158203,61376,3.8662941455841064,,,,,,,,,,
960,0.1494140625,0.1494140625,DAD,0.017592430114746094,61440,3.871730327606201,,,,,,,,,,
961,0.15996094048023224,0.15996094048023224,DAD,0.01747584342956543,61504,3.8701510429382324,,,,,,,,,,
962,0.1480078101158142,0.1480078101158142,DAD,0.017658233642578125,61568,3.878278970718384,,,,,,,,,,
963,0.15187500417232513,0.15187500417232513,DAD,0.018936634063720703,61632,3.8867549896240234,,,,,,,,,,
964,0.1596093773841858,0.1596093773841858,DAD,0.017758607864379883,61696,3.871361255645752,,,,,,,,,,
965,0.1589062511920929,0.1589062511920929,DAD,0.01761174201965332,61760,3.8815009593963623,,,,,,,,,,
966,0.1596093773841858,0.1596093773841858,DAD,0.0175168514251709,61824,3.880171537399292,,,,,,,,,,
967,0.15574219822883606,0.15574219822883606,DAD,0.017560958862304688,61888,3.865199089050293,,,,,,,,,,
968,0.1480078101158142,0.1480078101158142,DAD,0.017488718032836914,61952,3.8783886432647705,,,,,,,,,,
969,0.15644530951976776,0.15644530951976776,DAD,0.01743912696838379,62016,3.8945260047912598,,,,,,,,,,
970,0.16312500834465027,0.16312500834465027,DAD,0.01745462417602539,62080,3.8841497898101807,,,,,,,,,,
971,0.15574219822883606,0.15574219822883606,DAD,0.02134561538696289,62144,3.895630121231079,,,,,,,,,,
972,0.15468749403953552,0.15468749403953552,DAD,0.017452478408813477,62208,3.884854793548584,,,,,,,,,,
973,0.1515234410762787,0.1515234410762787,DAD,0.017871618270874023,62272,3.894339084625244,,,,,,,,,,
974,0.15328124165534973,0.15328124165534973,DAD,0.017472267150878906,62336,3.8918986320495605,,,,,,,,,,
975,0.15785156190395355,0.15785156190395355,DAD,0.017424345016479492,62400,3.8848466873168945,0.14712890625000002,0.05498046875000001,3,0.6626835420524494,0.0234375,0.03125,1,0.0007031250000000002,0.05498046875000001,0
976,0.15539062023162842,0.15539062023162842,DAD,0.018878698348999023,62464,3.8922438621520996,,,,,,,,,,
977,0.16242188215255737,0.16242188215255737,DAD,0.017759323120117188,62528,3.891132354736328,,,,,,,,,,
978,0.15046875178813934,0.15046875178813934,DAD,0.0175628662109375,62592,3.888585090637207,,,,,,,,,,
979,0.14695312082767487,0.14695312082767487,DAD,0.017869949340820312,62656,3.890775680541992,,,,,,,,,,
980,0.15574219822883606,0.15574219822883606,DAD,0.01798248291015625,62720,3.8928117752075195,,,,,,,,,,
981,0.15925781428813934,0.15925781428813934,DAD,0.019934892654418945,62784,3.876296043395996,,,,,,,,,,
982,0.15855468809604645,0.15855468809604645,DAD,0.021721601486206055,62848,3.9045188426971436,,,,,,,,,,
983,0.158203125,0.158203125,DAD,0.017683029174804688,62912,3.882025957107544,,,,,,,,,,
984,0.15925781428813934,0.15925781428813934,DAD,0.01755809783935547,62976,3.875476360321045,,,,,,,,,,
985,0.14976562559604645,0.14976562559604645,DAD,0.01824188232421875,63040,3.8998332023620605,,,,,,,,,,
986,0.14343750476837158,0.14343750476837158,DAD,0.01934528350830078,63104,3.884713649749756,,,,,,,,,,
987,0.1560937613248825,0.1560937613248825,DAD,0.019385337829589844,63168,3.891947031021118,,,,,,,,,,
988,0.16171875596046448,0.16171875596046448,DAD,0.019351959228515625,63232,3.902930498123169,,,,,,,,,,
989,0.14554688334465027,0.14554688334465027,DAD,0.01765275001525879,63296,3.9000511169433594,,,,,,,,,,
990,0.16136719286441803,0.16136719286441803,DAD,0.018147945404052734,63360,3.8828232288360596,,,,,,,,,,
991,0.15257811546325684,0.15257811546325684,DAD,0.017704486846923828,63424,3.872824192047119,,,,,,,,,,
992,0.1560937464237213,0.1560937464237213,DAD,0.017605304718017578,63488,3.8925416469573975,,,,,,,,,,
993,0.16242188215255737,0.16242188215255737,DAD,0.017523527145385742,63552,3.8783810138702393,,,,,,,,,,
994,0.13886719942092896,0.13886719942092896,DAD,0.017699241638183594,63616,3.884523391723633,,,,,,,,,,
995,0.15082032978534698,0.15082032978534698,DAD,0.017552852630615234,63680,3.86614990234375,,,,,,,,,,
996,0.1487109363079071,0.1487109363079071,DAD,0.01765894889831543,63744,3.88382887840271,,,,,,,,,,
997,0.15257813036441803,0.15257813036441803,DAD,0.0175631046295166,63808,3.903884172439575,,,,,,,,,,
998,0.1515234410762787,0.1515234410762787,DAD,0.018112659454345703,63872,3.8702502250671387,,,,,,,,,,
999,0.1567968726158142,0.1567968726158142,DAD,0.017626285552978516,63936,3.8635363578796387,,,,,,,,,,
1000,0.14589844644069672,0.14589844644069672,DAD,0.019615650177001953,64000,3.8753998279571533,0.14185546875,0.03955078125,6,1.4921383276611095,0.046875,0.0,1,0.0,0.03955078125,0
