system,seed,epoch,train_mean_u_ctrl,validation_mean_u_ctrl,validation_safety,best_validation_mean_u_ctrl,policy_entropy,entropy_t1,entropy_t2,entropy_t3,entropy_coefficient,gradient_norm,gradient_norm_max,policy_gradient_norm,policy_gradient_norm_max,clipping_events,advantage_mean,advantage_std,unique_sequences,dominant_sequence,dominant_sequence_fraction,terminal_cost_unique_count,terminal_cost_modal_fraction,terminal_cost_tied_fraction,potential_telescope_max_error,loss
ieee5,303,0,0.8769230769230771,0.9333333333333335,1.0,0.9333333333333335,3.3649749755859375,3.399794340133667,3.365110158920288,3.330019474029541,0.01,0.1723094108913626,0.46266970038414,0.1723094162132059,0.4626697301864624,0,-0.14431139464991596,0.2393899204561281,52,23 10 26,0.019230769230769232,3.2857142857142856,0.5178571428571429,0.8035714285714286,0.0,-1.379526243678161
ieee5,303,1,0.8615384615384615,,,0.9333333333333335,3.3646483421325684,3.399782657623291,3.3646163940429688,3.3295466899871826,0.00998496993987976,0.08582898415625095,0.12705643475055695,0.08582898415625095,0.12705643475055695,0,-0.007908461042321645,0.12242510049517968,52,9 0 27,0.019230769230769232,3.7142857142857144,0.48214285714285715,0.8392857142857143,0.0,-0.19163168966770172
ieee5,303,2,0.8711538461538461,,,0.9333333333333335,3.364128589630127,3.3997790813446045,3.363834857940674,3.328773021697998,0.00996993987975952,0.09531673682587487,0.13359130918979645,0.0953167352293219,0.13359129428863525,0,0.0030059372701753792,0.12602815833779327,52,22 2 13,0.019230769230769232,3.5714285714285716,0.42857142857142855,0.8035714285714286,0.0,-0.10847539241824831
ieee5,303,3,0.8557692307692307,,,0.9333333333333335,3.3635215759277344,3.3997721672058105,3.362914800643921,3.3278775215148926,0.009954909819639278,0.10525400244763919,0.16683106124401093,0.1052540045763765,0.16683106124401093,0,0.005668923061770888,0.11893456148372983,52,12 5 15,0.019230769230769232,4.0,0.375,0.6964285714285714,0.0,-0.04972035863569805
ieee5,303,4,0.894230769230769,,,0.9333333333333335,3.363201379776001,3.399766683578491,3.3624823093414307,3.3273558616638184,0.009939879759519038,0.08806677801268441,0.1692679524421692,0.08806677694831576,0.169267937541008,0,-0.00956536829023837,0.10226840794972136,52,14 15 5,0.019230769230769232,3.142857142857143,0.4642857142857143,0.8392857142857143,0.0,-0.15623011546475546
ieee5,303,5,0.8807692307692309,0.8916666666666666,1.0,0.8916666666666666,3.3629515171051025,3.3997597694396973,3.3620998859405518,3.326995611190796,0.009924849699398799,0.08673280051776341,0.1257888525724411,0.08673280051776341,0.1257888525724411,0,-0.0025446306530144424,0.10355553903054288,52,3 24 23,0.019230769230769232,3.7142857142857144,0.42857142857142855,0.7857142857142857,0.0,-0.1099183303969247
ieee5,303,6,0.8634615384615384,,,0.8916666666666666,3.3627116680145264,3.399763822555542,3.361705780029297,3.3266654014587402,0.009909819639278557,0.11469484333481107,0.22172512114048004,0.11469484333481107,0.22172512114048004,0,0.00411002100400555,0.12081626157775036,52,12 14 24,0.019230769230769232,3.5714285714285716,0.42857142857142855,0.8392857142857143,0.0,-0.03577149127210889
ieee5,303,7,0.8634615384615383,,,0.8916666666666666,3.3617396354675293,3.3997573852539062,3.360323190689087,3.3251383304595947,0.009894789579158316,0.10650943060006414,0.1822531372308731,0.10650943060006414,0.1822531372308731,0,0.002575124458347161,0.12151106986394192,52,12 16 26,0.019230769230769232,3.4285714285714284,0.5178571428571429,0.8214285714285714,0.0,-0.1564999744296074
ieee5,303,8,0.8442307692307692,,,0.8916666666666666,3.3599023818969727,3.399750232696533,3.357412099838257,3.3225440979003906,0.009879759519038077,0.12180980880345617,0.20232635736465454,0.12180980827127184,0.20232634246349335,0,0.010261185348589117,0.13406648614710467,52,4 2 7,0.019230769230769232,3.857142857142857,0.39285714285714285,0.8214285714285714,0.0,0.0402781931417329
ieee5,303,9,0.8346153846153844,,,0.8916666666666666,3.359257698059082,3.3997387886047363,3.356441020965576,3.321591854095459,0.009864729458917835,0.1082473588841302,0.12307112663984299,0.10824736101286751,0.12307112663984299,0,-0.01078871186921158,0.12166557507086712,52,7 9 20,0.019230769230769232,4.285714285714286,0.4107142857142857,0.6607142857142857,0.0,-0.22281748162848608
ieee5,303,10,0.8730769230769232,0.8583333333333333,1.0,0.8583333333333333,3.3599846363067627,3.399738073348999,3.3576745986938477,3.3225393295288086,0.009849699398797596,0.09869129104273659,0.14612112939357758,0.09869129210710526,0.14612112939357758,0,-0.003514666772949008,0.10913541718123287,52,12 6 27,0.019230769230769232,4.0,0.42857142857142855,0.7321428571428571,0.0,-0.1373656349522727
ieee5,303,11,0.846153846153846,,,0.8583333333333333,3.360452890396118,3.399733304977417,3.358447551727295,3.323176383972168,0.009834669338677354,0.10258213749953679,0.13695186376571655,0.10258213430643082,0.13695186376571655,0,0.0002140826993406965,0.1262371612428091,51,27 18 12,0.038461538461538464,3.857142857142857,0.48214285714285715,0.7321428571428571,0.0,-0.1382621271269662
ieee5,303,12,0.8576923076923075,,,0.8583333333333333,3.3608100414276123,3.3997385501861572,3.3588309288024902,3.3238606452941895,0.009819639278557115,0.08238524171922888,0.12347599118947983,0.08238524225141321,0.12347599118947983,0,-0.0035457749797317842,0.11863715290544637,52,23 26 15,0.019230769230769232,3.4285714285714284,0.5357142857142857,0.8214285714285714,0.0,-0.12912675951208388
ieee5,303,13,0.8596153846153847,,,0.8583333333333333,3.361220121383667,3.3997368812561035,3.359398365020752,3.3245251178741455,0.009804609218436873,0.09509958007505961,0.1505153775215149,0.09509958007505961,0.1505153775215149,0,0.007138619700876566,0.11497475145643535,52,14 4 28,0.019230769230769232,3.5714285714285716,0.5,0.8214285714285714,0.0,-0.010509236582687922
ieee5,303,14,0.8384615384615384,,,0.8583333333333333,3.361196994781494,3.399735450744629,3.359424352645874,3.324430227279663,0.009789579158316634,0.11578441837004252,0.2181812971830368,0.11578441624130521,0.2181812822818756,0,0.0019049451758082097,0.12658716293292702,52,27 4 0,0.019230769230769232,3.7142857142857144,0.48214285714285715,0.7857142857142857,0.0,0.046074784227779934
ieee5,303,15,0.8480769230769231,0.8916666666666667,1.0,0.8583333333333333,3.360520601272583,3.3997254371643066,3.358320951461792,3.3235156536102295,0.009774549098196392,0.12526387401989528,0.20022012293338776,0.12526387934173858,0.20022012293338776,0,0.0016147962037044077,0.13551705530016608,52,14 23 24,0.019230769230769232,3.5714285714285716,0.42857142857142855,0.8392857142857143,0.0,0.007664550627980914
ieee5,303,16,0.8615384615384615,,,0.8583333333333333,3.36108660697937,3.3997251987457275,3.3592896461486816,3.3242459297180176,0.009759519038076153,0.09887495903032166,0.15391583740711212,0.09887495849813734,0.15391583740711212,0,-0.005580149734249482,0.12144030793801379,52,8 17 9,0.019230769230769232,3.5714285714285716,0.48214285714285715,0.8214285714285714,0.0,-0.2184623564992632
ieee5,303,17,0.8673076923076923,,,0.8583333333333333,3.3614189624786377,3.399735450744629,3.359816551208496,3.324704885482788,0.009744488977955911,0.0950375986950738,0.1689731776714325,0.09503760295254844,0.1689731925725937,0,0.007870786971090218,0.11292050454315906,52,2 28 18,0.019230769230769232,3.4285714285714284,0.4642857142857143,0.7321428571428571,0.0,0.021884770265647342
ieee5,303,18,0.8403846153846153,,,0.8583333333333333,3.3603527545928955,3.3997230529785156,3.358304500579834,3.323030948638916,0.009729458917835672,0.10686893654721123,0.14110685884952545,0.1068689376115799,0.14110685884952545,0,0.0012333883653179957,0.13021633903579954,52,27 23 15,0.019230769230769232,3.857142857142857,0.4642857142857143,0.7678571428571429,0.0,-0.029654402817998613
ieee5,303,19,0.8673076923076923,,,0.8583333333333333,3.3589024543762207,3.399705410003662,3.3559341430664062,3.321068048477173,0.009714428857715432,0.11713260518653053,0.19142155349254608,0.11713260199342455,0.19142155349254608,0,-0.004019063409382047,0.12894574019767502,52,9 8 13,0.019230769230769232,3.857142857142857,0.4107142857142857,0.6964285714285714,0.0,-0.09355262773377555
ieee5,303,20,0.8499999999999999,0.9083333333333333,1.0,0.8583333333333333,3.358600378036499,3.399678945541382,3.355602264404297,3.320521354675293,0.009699398797595191,0.11036088211195809,0.14754074811935425,0.11036088104758944,0.14754074811935425,0,-0.003987477528146253,0.11658132773079477,52,5 8 0,0.019230769230769232,3.857142857142857,0.44642857142857145,0.6785714285714286,0.0,-0.10709987367902483
ieee5,303,21,0.8057692307692309,,,0.8583333333333333,3.358834981918335,3.3996481895446777,3.3559515476226807,3.320906400680542,0.00968436873747495,0.12642425511564528,0.17851153016090393,0.12642425511564528,0.17851153016090393,0,0.016641650026520856,0.13855758822385553,52,3 25 26,0.019230769230769232,4.0,0.4107142857142857,0.75,0.0,0.10716620087623596
ieee5,303,22,0.846153846153846,,,0.8583333333333333,3.358708381652832,3.399639368057251,3.3556532859802246,3.3208329677581787,0.00966933867735471,0.11414777487516403,0.13304853439331055,0.11414777274642672,0.13304853439331055,0,-0.010514776795529403,0.13346899660194356,52,22 3 19,0.019230769230769232,3.4285714285714284,0.5,0.8035714285714286,0.0,-0.2179887103182929
ieee5,303,23,0.8500000000000001,,,0.8583333333333333,3.358595132827759,3.399648427963257,3.355548620223999,3.320589542388916,0.00965430861723447,0.1279321163892746,0.22421488165855408,0.12793211851801192,0.22421488165855408,0,-0.0009715102093580824,0.13781950725754144,52,6 18 27,0.019230769230769232,3.857142857142857,0.42857142857142855,0.8035714285714286,0.0,-0.07228501992566246
ieee5,303,24,0.8403846153846154,,,0.8583333333333333,3.358494758605957,3.3996739387512207,3.3554458618164062,3.3203656673431396,0.00963927855711423,0.1142938562801906,0.1388888657093048,0.11429385521582194,0.1388888657093048,0,-0.0020203897192214546,0.1279883872055875,52,1 28 27,0.019230769230769232,4.571428571428571,0.375,0.5714285714285714,0.0,-0.10212840884923935
ieee5,303,25,0.851923076923077,0.9833333333333334,1.0,0.8583333333333333,3.357485294342041,3.3996870517730713,3.3538527488708496,3.3189165592193604,0.009624248496993988,0.10126752672450882,0.12917371094226837,0.10126752778887749,0.12917371094226837,0,0.00316466403623613,0.12028014446944814,52,26 9 16,0.019230769230769232,3.7142857142857144,0.5,0.75,0.0,-0.016307901058878218
ieee5,303,26,0.851923076923077,,,0.8583333333333333,3.35718035697937,3.3996806144714355,3.353109836578369,3.3187506198883057,0.009609218436873748,0.11802448545183454,0.18454328179359436,0.1180244865162032,0.18454328179359436,0,-0.004186142128534042,0.13596679939738066,52,2 17 1,0.019230769230769232,3.5714285714285716,0.4107142857142857,0.8035714285714286,0.0,-0.0979990011879376
ieee5,303,27,0.8653846153846152,,,0.8583333333333333,3.3565709590911865,3.3996758460998535,3.3524389266967773,3.317596197128296,0.009594188376753507,0.09319647614445005,0.14881981909275055,0.09319647614445005,0.14881981909275055,0,0.00022993603264554762,0.11713685125376867,52,13 17 14,0.019230769230769232,2.857142857142857,0.5892857142857143,0.875,0.0,-0.11592852962868554
ieee5,303,28,0.8634615384615384,,,0.8583333333333333,3.3544323444366455,3.399674415588379,3.349151134490967,3.3144707679748535,0.009579158316633266,0.11646678298711777,0.18828430771827698,0.11646678511585508,0.18828432261943817,0,-0.0002409072879415292,0.1229263843072783,52,21 1 10,0.019230769230769232,4.0,0.4642857142857143,0.7142857142857143,0.0,-0.09407381606953484
ieee5,303,29,0.8846153846153846,,,0.8583333333333333,3.354646682739258,3.3996760845184326,3.349689245223999,3.314574956893921,0.009564128256513026,0.08752642731581416,0.11764417588710785,0.08752642731581416,0.11764417588710785,0,-0.013435137529785816,0.10600543409572992,52,2 20 12,0.019230769230769232,3.7142857142857144,0.44642857142857145,0.8035714285714286,0.0,-0.23206957748958043
ieee5,303,30,0.8653846153846154,0.9166666666666669,1.0,0.8583333333333333,3.356454610824585,3.3996758460998535,3.3521854877471924,3.317502021789551,0.009549098196392786,0.0935425992522921,0.1127622127532959,0.09354259818792343,0.1127622127532959,0,0.007042860840626348,0.10744307754376554,52,12 28 13,0.019230769230769232,3.7142857142857144,0.4642857142857143,0.8214285714285714,0.0,-0.07771101806844984
ieee5,303,31,0.8538461538461539,,,0.8583333333333333,3.3567779064178467,3.3996798992156982,3.3526461124420166,3.318007469177246,0.009534068136272545,0.10071918261902672,0.1610056310892105,0.10071918261902672,0.1610056310892105,0,0.011378647049871059,0.11399451113279477,52,3 6 24,0.019230769230769232,3.142857142857143,0.48214285714285715,0.8928571428571429,0.0,0.09192560187407903
ieee5,303,32,0.8711538461538463,,,0.8583333333333333,3.356605052947998,3.399684429168701,3.3525147438049316,3.3176164627075195,0.009519038076152304,0.10529043419020516,0.1829763501882553,0.10529043525457382,0.1829763501882553,0,-0.004547832999378443,0.11679586457282028,52,7 22 25,0.019230769230769232,3.857142857142857,0.42857142857142855,0.6607142857142857,0.0,-0.11210013606718608
ieee5,303,33,0.8730769230769231,,,0.8583333333333333,3.3562943935394287,3.3996729850769043,3.3520736694335938,3.3171370029449463,0.009504008016032064,0.09146333858370781,0.11654555052518845,0.09146333911589213,0.11654555797576904,0,-0.00662197874715695,0.108726165857983,52,21 12 13,0.019230769230769232,3.4285714285714284,0.4642857142857143,0.8392857142857143,0.0,-0.19520749364580428
ieee5,303,34,0.8365384615384617,,,0.8583333333333333,3.3547205924987793,3.3996546268463135,3.3495333194732666,3.314974069595337,0.009488977955911825,0.11442748350756508,0.1824556440114975,0.11442748350756508,0.1824556440114975,0,0.010658544936002446,0.1267959614832908,52,23 4 28,0.019230769230769232,4.0,0.39285714285714285,0.7678571428571429,0.0,0.0170825400522777
ieee5,303,35,0.8596153846153847,0.8833333333333334,1.0,0.8583333333333333,3.3548381328582764,3.3996450901031494,3.3501713275909424,3.3146984577178955,0.009473947895791583,0.11891822729791914,0.22461123764514923,0.11891822516918182,0.22461122274398804,0,0.003454234289865081,0.13435575051945628,51,21 22 23,0.038461538461538464,3.5714285714285716,0.5178571428571429,0.8035714285714286,0.0,-0.06502005564314979
ieee5,303,36,0.8596153846153846,,,0.8583333333333333,3.3535640239715576,3.399627923965454,3.347853183746338,3.3132104873657227,0.009458917835671344,0.10165089102728027,0.11921417713165283,0.10165089262383324,0.11921416968107224,0,-0.008816924680454226,0.12289495036698116,52,20 0 6,0.019230769230769232,3.5714285714285716,0.5178571428571429,0.7678571428571429,0.0,-0.23272834079606192
ieee5,303,37,0.8634615384615384,,,0.8583333333333333,3.352545738220215,3.3996214866638184,3.3465561866760254,3.3114607334136963,0.009443887775551102,0.10520899349025317,0.15363219380378723,0.10520899136151586,0.15363219380378723,0,0.0035776875895233108,0.11313415047348135,52,0 17 20,0.019230769230769232,3.857142857142857,0.42857142857142855,0.75,0.0,-0.039004137473446984
ieee5,303,38,0.8807692307692307,,,0.8583333333333333,3.3505139350891113,3.3996129035949707,3.3431904315948486,3.308739185333252,0.009428857715430863,0.10557681854282107,0.12974104285240173,0.10557682067155838,0.12974105775356293,0,-0.0069706118038783856,0.12174265897357767,52,22 10 27,0.019230769230769232,3.7142857142857144,0.5178571428571429,0.7321428571428571,0.0,-0.18294037133455276
ieee5,303,39,0.8711538461538461,,,0.8583333333333333,3.3476903438568115,3.3996076583862305,3.338456869125366,3.3050074577331543,0.009413827655310621,0.10041994508355856,0.17167991399765015,0.10041994175740651,0.17167991399765015,0,-0.0018163047095115941,0.12621547127332708,52,23 18 12,0.019230769230769232,3.2857142857142856,0.5535714285714286,0.8392857142857143,0.0,-0.12087564596108027
ieee5,303,40,0.8807692307692309,0.875,1.0,0.8583333333333333,3.3464393615722656,3.3996126651763916,3.337331533432007,3.302373170852661,0.009398797595190382,0.12026966256754738,0.16768385469913483,0.12026966256754738,0.16768385469913483,0,-0.00019394302328761952,0.12385780488406299,52,22 7 29,0.019230769230769232,3.5714285714285716,0.44642857142857145,0.7857142857142857,0.0,-0.10252555779048375
ieee5,303,41,0.8480769230769231,,,0.8583333333333333,3.3439221382141113,3.399596691131592,3.3333334922790527,3.2988369464874268,0.00938376753507014,0.122943001134055,0.151107057929039,0.12294300432716097,0.151107057929039,0,0.006772220636216493,0.12631133956889717,52,7 26 15,0.019230769230769232,4.142857142857143,0.42857142857142855,0.625,0.0,-0.03064813358443124
ieee5,303,42,0.8615384615384616,,,0.8583333333333333,3.3441059589385986,3.3995554447174072,3.333346128463745,3.2994160652160645,0.009368737474949899,0.11879005070243563,0.15957780182361603,0.11879005176680428,0.15957780182361603,0,0.0005046292566336119,0.12357231555978387,52,3 8 6,0.019230769230769232,3.857142857142857,0.42857142857142855,0.6964285714285714,0.0,-0.09975883151803698
ieee5,303,43,0.8480769230769228,,,0.8583333333333333,3.342883348464966,3.399531364440918,3.331237554550171,3.297881603240967,0.00935370741482966,0.11170849842684609,0.14214050769805908,0.11170849842684609,0.14214050769805908,0,-0.0008560924655354868,0.11135497564167508,52,17 8 6,0.019230769230769232,3.7142857142857144,0.4642857142857143,0.7321428571428571,0.0,-0.11649451511246818
ieee5,303,44,0.8769230769230769,,,0.8583333333333333,3.338658332824707,3.3995141983032227,3.3256378173828125,3.2908220291137695,0.00933867735470942,0.11891611239739827,0.2302955538034439,0.11891611452613558,0.2302955538034439,0,-0.0035179764695035722,0.11535802152895838,52,29 9 8,0.019230769230769232,3.7142857142857144,0.44642857142857145,0.7857142857142857,0.0,-0.1288977073771613
ieee5,303,45,0.8519230769230769,0.8916666666666666,1.0,0.8583333333333333,3.3378355503082275,3.3995072841644287,3.3243937492370605,3.2896063327789307,0.009323647294589179,0.11433805844613484,0.14476975798606873,0.11433805738176618,0.14476975798606873,0,0.011569571654455593,0.10919078169823723,52,4 15 6,0.019230769230769232,3.857142857142857,0.39285714285714285,0.7678571428571429,0.0,0.02865245725427355
ieee5,303,46,0.8615384615384616,,,0.8583333333333333,3.3260529041290283,3.3995070457458496,3.3065545558929443,3.2720961570739746,0.009308617234468937,0.15367730600493296,0.24952919781208038,0.1536773070693016,0.24952919781208038,0,-0.005125317319582861,0.12850185923682464,52,10 3 16,0.019230769230769232,4.0,0.39285714285714285,0.6785714285714286,0.0,-0.10565711664302009
ieee5,303,47,0.8423076923076922,,,0.8583333333333333,3.3224830627441406,3.39949893951416,3.2987239360809326,3.2692272663116455,0.009293587174348698,0.14803626175437654,0.1928577721118927,0.14803626388311386,0.1928577721118927,0,0.005017011139828425,0.12955120322896732,52,2 13 28,0.019230769230769232,4.428571428571429,0.4107142857142857,0.6607142857142857,0.0,-0.0075494881187166485
ieee5,303,48,0.8211538461538459,,,0.8583333333333333,3.320152521133423,3.3994791507720947,3.2952382564544678,3.2657406330108643,0.009278557114228458,0.1435671906386103,0.18498565256595612,0.1435671906386103,0.18498565256595612,0,0.0037050233502388718,0.12025808517599691,52,13 11 16,0.019230769230769232,3.5714285714285716,0.44642857142857145,0.8571428571428571,0.0,-0.11461526155471802
ieee5,303,49,0.8692307692307691,,,0.8583333333333333,3.315453052520752,3.3994734287261963,3.2909634113311768,3.255922555923462,0.009263527054108217,0.13656181416341237,0.20055991411209106,0.13656181629214967,0.20055991411209106,0,-0.014774709151914487,0.12097723920925872,52,0 11 29,0.019230769230769232,3.7142857142857144,0.44642857142857145,0.7857142857142857,0.0,-0.2090254979474204
ieee5,303,50,0.894230769230769,0.875,1.0,0.8583333333333333,3.298692464828491,3.3994691371917725,3.2637548446655273,3.2328529357910156,0.009248496993987975,0.12002092599868774,0.1717599630355835,0.12002092812742506,0.1717599630355835,0,0.00031686212885408447,0.10556832653646354,51,21 16 22,0.038461538461538464,3.0,0.625,0.8214285714285714,0.0,-0.10960931969540459
ieee5,303,51,0.8788461538461539,,,0.8583333333333333,3.2708492279052734,3.3994596004486084,3.222919464111328,3.190169334411621,0.009233466933867736,0.15006805211305618,0.20672820508480072,0.1500680489199502,0.20672820508480072,0,0.004183970003745903,0.11748982666098959,52,8 2 6,0.019230769230769232,3.4285714285714284,0.4642857142857143,0.8035714285714286,0.0,-0.09949515547071185
ieee5,303,52,0.8788461538461539,,,0.8583333333333333,3.2628517150878906,3.399458169937134,3.2106640338897705,3.178431272506714,0.009218436873747496,0.17203630294118608,0.26715287566185,0.1720363050699234,0.26715287566185,0,-0.01266955786671203,0.11379339027653874,52,12 13 5,0.019230769230769232,3.142857142857143,0.5714285714285714,0.8571428571428571,0.0,-0.2715673585023199
ieee5,303,53,0.8846153846153845,,,0.8583333333333333,3.264043092727661,3.3994622230529785,3.2156286239624023,3.1770365238189697,0.009203406813627255,0.15439066823039735,0.23724742233753204,0.15439066929476603,0.23724743723869324,0,0.004011287595718526,0.11939232851840939,52,16 13 27,0.019230769230769232,3.5714285714285716,0.48214285714285715,0.7678571428571429,0.0,-0.03643368184566498
ieee5,303,54,0.8711538461538463,,,0.8583333333333333,3.2520363330841064,3.399463653564453,3.1923258304595947,3.1643192768096924,0.009188376753507014,0.18323101103305817,0.2521252930164337,0.18323101209742682,0.2521252930164337,0,0.0037261281999795195,0.12022829763863585,52,18 7 14,0.019230769230769232,3.5714285714285716,0.44642857142857145,0.8392857142857143,0.0,-0.0754341259598732
ieee5,303,55,0.8634615384615384,0.8833333333333334,1.0,0.8583333333333333,3.2244811058044434,3.3994638919830322,3.1405534744262695,3.1334266662597656,0.009173346693386774,0.17616944227899825,0.3158998191356659,0.17616944015026093,0.3158998191356659,0,0.009642702867635168,0.1181812976369554,51,8 16 7,0.038461538461538464,3.7142857142857144,0.4107142857142857,0.75,0.0,0.05197030199425561
ieee5,303,56,0.8576923076923078,,,0.8583333333333333,3.195645570755005,3.399472236633301,3.0956342220306396,3.091829776763916,0.009158316633266534,0.1678588432925088,0.23899543285369873,0.1678588411637715,0.23899541795253754,0,-0.00737074467066962,0.12553621155098507,52,16 0 20,0.019230769230769232,3.7142857142857144,0.42857142857142855,0.8214285714285714,0.0,-0.20383998113019125
ieee5,303,57,0.8288461538461539,,,0.8583333333333333,3.243659734725952,3.3994839191436768,3.1706032752990723,3.1608920097351074,0.009143286573146293,0.17267332438911712,0.2616524398326874,0.17267332119601114,0.2616524398326874,0,0.004112229754145329,0.1288422142082145,52,24 11 22,0.019230769230769232,3.5714285714285716,0.44642857142857145,0.8035714285714286,0.0,-0.09552788840872901
ieee5,303,58,0.851923076923077,,,0.8583333333333333,3.2827019691467285,3.399510383605957,3.232938528060913,3.2156565189361572,0.009128256513026052,0.13528293264763697,0.18872971832752228,0.1352829315832683,0.18872971832752228,0,-0.005482267803297593,0.1109637919509881,52,7 6 3,0.019230769230769232,3.857142857142857,0.44642857142857145,0.6964285714285714,0.0,-0.11557202679770333
ieee5,303,59,0.8346153846153848,,,0.8583333333333333,3.3196332454681396,3.399528980255127,3.293870210647583,3.2655012607574463,0.009113226452905812,0.15933010514293397,0.2743828296661377,0.15933010940040862,0.2743828594684601,0,0.0017929186937041008,0.1348675458774646,51,6 4 13,0.038461538461538464,4.0,0.4642857142857143,0.6964285714285714,0.0,-0.029257775417396
ieee5,303,60,0.8596153846153844,0.8999999999999999,1.0,0.8583333333333333,3.3386218547821045,3.3995394706726074,3.325439453125,3.2908854484558105,0.00909819639278557,0.11095112668616432,0.1568422168493271,0.11095112562179565,0.1568422168493271,0,-0.0011696953263778526,0.12378091915623768,52,24 0 17,0.019230769230769232,3.5714285714285716,0.44642857142857145,0.8392857142857143,0.0,-0.07396769736494337
ieee5,303,61,0.8615384615384615,,,0.8583333333333333,3.348020076751709,3.3995649814605713,3.338139772415161,3.3063547611236572,0.009083166332665331,0.11461216317755836,0.18804365396499634,0.11461216317755836,0.18804365396499634,0,0.0059308943085712735,0.12664917265748019,52,11 12 8,0.019230769230769232,3.5714285714285716,0.4107142857142857,0.8392857142857143,0.0,0.041336504476411004
ieee5,303,62,0.8884615384615382,,,0.8583333333333333,3.353776216506958,3.3995771408081055,3.348160982131958,3.313588857650757,0.00906813627254509,0.10156544723681041,0.14528991281986237,0.10156544617244176,0.14528991281986237,0,-0.00443723147327546,0.1134895762252878,52,23 21 27,0.019230769230769232,3.2857142857142856,0.5178571428571429,0.8571428571428571,0.0,-0.16375900592122758
ieee5,303,63,0.8519230769230768,,,0.8583333333333333,3.3539977073669434,3.399585723876953,3.3485589027404785,3.313847541809082,0.00905310621242485,0.11331131628581456,0.1471630185842514,0.11331131947892052,0.1471630185842514,0,-0.000852974454084268,0.13129600517731219,52,22 10 14,0.019230769230769232,3.7142857142857144,0.42857142857142855,0.7857142857142857,0.0,-0.15524364901440485
ieee5,303,64,0.8538461538461538,,,0.8583333333333333,3.353161096572876,3.3995935916900635,3.346817970275879,3.3130719661712646,0.009038076152304609,0.09314593513097082,0.1331969052553177,0.09314593513097082,0.1331969052553177,0,-0.001663723996338936,0.10642342986941575,52,5 6 11,0.019230769230769232,3.4285714285714284,0.4642857142857143,0.8392857142857143,0.0,-0.1664458747420992
ieee5,303,65,0.8673076923076922,0.8999999999999999,1.0,0.8583333333333333,3.3526368141174316,3.39959716796875,3.3456602096557617,3.312652826309204,0.00902304609218437,0.09456287963049752,0.13068650662899017,0.0945628790983132,0.13068649172782898,0,0.0009024102406468815,0.10763920023176676,52,9 1 27,0.019230769230769232,3.2857142857142856,0.5,0.8392857142857143,0.0,-0.06976573275668281
ieee5,303,66,0.8500000000000001,,,0.8583333333333333,3.3527557849884033,3.39959454536438,3.3466362953186035,3.312035083770752,0.009008016032064128,0.11739047403846468,0.15927352011203766,0.11739047297409602,0.15927352011203766,0,0.004272147439993345,0.13088394077607934,52,28 0 13,0.019230769230769232,4.0,0.48214285714285715,0.7142857142857143,0.0,-0.0411820901291711
ieee5,303,67,0.8730769230769231,,,0.8583333333333333,3.352050304412842,3.3996057510375977,3.346479654312134,3.310065269470215,0.008992985971943888,0.09261120217187065,0.14174847304821014,0.0926112032362393,0.14174847304821014,0,-0.01061603906027113,0.12187598407112232,51,7 29 8,0.038461538461538464,3.4285714285714284,0.5,0.8392857142857143,0.0,-0.20575645991734096
ieee5,303,68,0.8692307692307691,,,0.8583333333333333,3.34785532951355,3.399613857269287,3.338750123977661,3.305201530456543,0.008977955911823647,0.10340433833854538,0.1417902559041977,0.10340433780636106,0.1417902559041977,0,0.007303723523644014,0.11924425459889267,52,11 21 22,0.019230769230769232,3.857142857142857,0.4107142857142857,0.6607142857142857,0.0,-0.017259061336517334
ieee5,303,69,0.8403846153846154,,,0.8583333333333333,3.344738721847534,3.3996126651763916,3.333474636077881,3.3011293411254883,0.008962925851703408,0.12336484768560954,0.174507737159729,0.12336484449250358,0.174507737159729,0,0.0013139503649794138,0.12628093835339343,52,15 27 26,0.019230769230769232,3.5714285714285716,0.4107142857142857,0.875,0.0,-0.04002663280282702
ieee5,303,70,0.8538461538461538,0.8999999999999999,1.0,0.8583333333333333,3.339993953704834,3.3995912075042725,3.327009677886963,3.2933809757232666,0.008947895791583168,0.11766640203339714,0.15826629102230072,0.11766640203339714,0.15826629102230072,0,0.0021410359320445703,0.12088615070986301,52,9 21 12,0.019230769230769232,3.5714285714285716,0.5178571428571429,0.8035714285714286,0.0,-0.06722538811819893
ieee5,303,71,0.8788461538461539,,,0.8583333333333333,3.3322181701660156,3.399571418762207,3.3131306171417236,3.283952474594116,0.008932865731462927,0.1039683169552258,0.2143906056880951,0.10396831908396312,0.2143906205892563,0,-0.002272005434721135,0.09643475307058641,52,6 28 9,0.019230769230769232,3.4285714285714284,0.5,0.7321428571428571,0.0,-0.06379873837743487
ieee5,303,72,0.8480769230769231,,,0.8583333333333333,3.3351874351501465,3.3995513916015625,3.32008957862854,3.285921573638916,0.008917835671342685,0.12118735696588244,0.17556726932525635,0.12118735590151378,0.17556726932525635,0,0.003788050089497119,0.12186741070450129,52,13 26 6,0.019230769230769232,4.285714285714286,0.4107142857142857,0.6785714285714286,0.0,-0.11500121014458793
ieee5,303,73,0.8384615384615386,,,0.8583333333333333,3.336855411529541,3.3995275497436523,3.3220438957214355,3.288994789123535,0.008902805611222446,0.11857447347470693,0.17512638866901398,0.11857447560344424,0.17512638866901398,0,-0.0013084599497513128,0.12772840133041677,52,0 29 13,0.019230769230769232,3.2857142857142856,0.5714285714285714,0.7857142857142857,0.0,-0.02045176603964397
ieee5,303,74,0.8692307692307693,,,0.8583333333333333,3.334895610809326,3.3995132446289062,3.319486141204834,3.285686492919922,0.008887775551102204,0.12556476252419607,0.19500987231731415,0.1255647646529334,0.19500987231731415,0,-0.00105709471524908,0.12669460360296517,52,20 9 24,0.019230769230769232,3.4285714285714284,0.42857142857142855,0.7857142857142857,0.0,-0.08335184625216893
ieee5,303,75,0.8615384615384616,0.8916666666666666,1.0,0.8583333333333333,3.3343029022216797,3.399510622024536,3.3183822631835938,3.2850162982940674,0.008872745490981963,0.11473214413438525,0.1421002447605133,0.11473214307001658,0.1421002447605133,0,-5.234362414250007e-05,0.1195477771586772,52,8 28 24,0.019230769230769232,4.0,0.44642857142857145,0.6964285714285714,0.0,-0.02738784466470991
ieee5,303,76,0.8557692307692307,,,0.8583333333333333,3.334613561630249,3.3995091915130615,3.319223642349243,3.285106658935547,0.008857715430861723,0.14201412137065614,0.18526005744934082,0.14201412243502481,0.18526005744934082,0,0.0013997075864328789,0.13695519440202347,52,6 14 2,0.019230769230769232,3.7142857142857144,0.48214285714285715,0.7321428571428571,0.0,-0.01910959609917232
ieee5,303,77,0.8365384615384615,,,0.8583333333333333,3.335325241088867,3.399496555328369,3.319718360900879,3.286761999130249,0.008842685370741484,0.1440229011433465,0.20553964376449585,0.14402290327208384,0.20553965866565704,0,-0.000626925330904599,0.13604782202311022,52,16 18 27,0.019230769230769232,3.7142857142857144,0.4107142857142857,0.7857142857142857,0.0,-0.05815768774066653
ieee5,303,78,0.8576923076923075,,,0.8583333333333333,3.330430746078491,3.3994672298431396,3.3130545616149902,3.2787702083587646,0.008827655310621242,0.12004795085106577,0.16864508390426636,0.12004795031888145,0.16864508390426636,0,-0.0040348593969471176,0.13279069106965377,52,16 18 2,0.019230769230769232,3.4285714285714284,0.5357142857142857,0.8392857142857143,0.0,-0.16298336003507888
ieee5,303,79,0.8653846153846154,,,0.8583333333333333,3.330296516418457,3.399437189102173,3.3133504390716553,3.278101921081543,0.008812625250501001,0.12652388427938735,0.2845388948917389,0.1265238778931754,0.2845388650894165,0,-0.000637245149566577,0.1259849645698633,52,24 6 15,0.019230769230769232,3.4285714285714284,0.4642857142857143,0.8035714285714286,0.0,0.02219571386064802
ieee5,303,80,0.8673076923076922,0.8916666666666666,1.0,0.8583333333333333,3.328561544418335,3.3994321823120117,3.310180902481079,3.276071071624756,0.008797595190380762,0.10157368438584465,0.12846198678016663,0.10157368438584465,0.12846198678016663,0,0.00620017036383685,0.10367876542169589,52,8 3 11,0.019230769230769232,3.4285714285714284,0.42857142857142855,0.8392857142857143,0.0,-0.09869800082274846
ieee5,303,81,0.8846153846153845,,,0.8583333333333333,3.32539963722229,3.3994295597076416,3.303952932357788,3.2728168964385986,0.008782565130260522,0.11900796209062849,0.15093010663986206,0.11900796209062849,0.15093010663986206,0,-0.01052935102108257,0.11479814924290027,52,2 22 9,0.019230769230769232,3.5714285714285716,0.5535714285714286,0.7678571428571429,0.0,-0.21389427993978774
ieee5,303,82,0.8673076923076922,,,0.8583333333333333,3.3267455101013184,3.3994245529174805,3.306349039077759,3.2744622230529785,0.00876753507014028,0.1203411908021995,0.17517967522144318,0.12034118760909353,0.17517967522144318,0,0.008214831611929605,0.11200154505178467,52,7 16 4,0.019230769230769232,3.857142857142857,0.4642857142857143,0.75,0.0,-0.025995169367109026
ieee5,303,83,0.8519230769230769,,,0.8583333333333333,3.3289031982421875,3.399416923522949,3.313060760498047,3.2742321491241455,0.00875250501002004,0.11657384250845228,0.17972710728645325,0.11657384144408363,0.17972710728645325,0,-0.0017451300966338469,0.11473651878302224,52,3 15 6,0.019230769230769232,4.285714285714286,0.375,0.6428571428571429,0.0,-0.06441640534571239
ieee5,303,84,0.8519230769230769,,,0.8583333333333333,3.334120988845825,3.3994243144989014,3.321943759918213,3.2809956073760986,0.0087374749498998,0.12565524131059647,0.1753104031085968,0.12565524131059647,0.1753104031085968,0,0.003453801283075546,0.1245539416189639,52,23 3 8,0.019230769230769232,3.4285714285714284,0.4642857142857143,0.8214285714285714,0.0,0.008263360176767622
ieee5,303,85,0.8500000000000001,0.8999999999999999,1.0,0.8583333333333333,3.33514404296875,3.3994202613830566,3.31906795501709,3.2869436740875244,0.00872244488977956,0.11222505037273679,0.13590101897716522,0.11222505143710546,0.13590101897716522,0,-0.0037711978119869646,0.1178434929084413,52,7 21 5,0.019230769230769232,3.5714285714285716,0.5,0.7678571428571429,0.0,-0.10768221531595502
ieee5,303,86,0.8326923076923076,,,0.8583333333333333,3.3259990215301514,3.399404764175415,3.3061130046844482,3.27247953414917,0.008707414829659319,0.15867019764014653,0.24943280220031738,0.15867020402635848,0.24943281710147858,0,0.008825217299790192,0.13583397794670396,52,15 17 18,0.019230769230769232,3.7142857142857144,0.39285714285714285,0.8214285714285714,0.0,0.039999283850193024
ieee5,303,87,0.8346153846153844,,,0.8583333333333333,3.322794198989868,3.399394989013672,3.3029062747955322,3.2660813331604004,0.00869238476953908,0.13708630417074477,0.18800827860832214,0.13708629991327012,0.18800826370716095,0,-0.007757095823762938,0.132536551737069,52,24 13 12,0.019230769230769232,4.0,0.44642857142857145,0.7678571428571429,0.0,-0.25914786543164936
ieee5,303,88,0.8461538461538461,,,0.8583333333333333,3.3045921325683594,3.3993799686431885,3.273348331451416,3.2410471439361572,0.008677354709418838,0.14701512562377111,0.17559705674648285,0.1470151266881398,0.17559705674648285,0,-0.00044401616861040774,0.13329789118556565,52,22 24 8,0.019230769230769232,4.0,0.39285714285714285,0.6785714285714286,0.0,-0.05762575886079243
ieee5,303,89,0.8538461538461539,,,0.8583333333333333,3.275324583053589,3.3993723392486572,3.2255747318267822,3.2010257244110107,0.008662324649298598,0.14884350023099355,0.19343158602714539,0.14884349703788757,0.19343158602714539,0,-0.0008212263480975077,0.11494152115140448,52,5 9 7,0.019230769230769232,3.857142857142857,0.42857142857142855,0.75,0.0,-0.10015108010598592
ieee5,303,90,0.8307692307692308,0.8999999999999999,1.0,0.8583333333333333,3.272785186767578,3.399369478225708,3.2269845008850098,3.1920013427734375,0.008647294589178357,0.17330408202750341,0.2644931375980377,0.17330408628497804,0.2644931375980377,0,0.0040194053704348896,0.13529565159238824,51,8 9 1,0.038461538461538464,3.7142857142857144,0.42857142857142855,0.8035714285714286,0.0,-0.0908381992152759
ieee5,303,91,0.8365384615384615,,,0.8583333333333333,3.286386251449585,3.399369716644287,3.2453672885894775,3.214420795440674,0.008632264529058116,0.14011901723487036,0.16948826611042023,0.14011901510613306,0.16948826611042023,0,-0.0005899605054694873,0.12629445088743393,51,25 12 8,0.038461538461538464,4.142857142857143,0.35714285714285715,0.6964285714285714,0.0,-0.10303718490259987
ieee5,303,92,0.8519230769230769,,,0.8583333333333333,3.280313730239868,3.3993732929229736,3.2379629611968994,3.2036051750183105,0.008617234468937876,0.15454125510794775,0.19551390409469604,0.15454125723668508,0.19551390409469604,0,-0.002196242817892478,0.12475179892040826,52,24 19 12,0.019230769230769232,3.7142857142857144,0.44642857142857145,0.7857142857142857,0.0,-0.09770716301032475
ieee5,303,93,0.8826923076923077,,,0.8583333333333333,3.272944688796997,3.3993782997131348,3.2269234657287598,3.192533016204834,0.008602204408817635,0.12949811880077636,0.18031759560108185,0.12949811880077636,0.18031759560108185,0,-0.003192696242387263,0.11223037901987117,52,6 16 2,0.019230769230769232,3.5714285714285716,0.5892857142857143,0.7142857142857143,0.0,-0.10816736838647298
ieee5,303,94,0.8384615384615385,,,0.8583333333333333,3.277977466583252,3.3993847370147705,3.2366526126861572,3.1978960037231445,0.008587174348697395,0.1603687150137765,0.24190525710582733,0.1603687150137765,0.24190527200698853,0,0.002582239749384686,0.13233230034665366,52,24 29 15,0.019230769230769232,3.7142857142857144,0.44642857142857145,0.8035714285714286,0.0,-0.06877350275005613
ieee5,303,95,0.8788461538461539,0.9166666666666666,1.0,0.8583333333333333,3.252789258956909,3.399383544921875,3.1979787349700928,3.1610047817230225,0.008572144288577156,0.17967945763042995,0.2241005152463913,0.17967945230858667,0.2241005003452301,0,-0.0008415521297138184,0.13336293155413095,52,9 7 27,0.019230769230769232,3.4285714285714284,0.5178571428571429,0.75,0.0,-0.04015071051461356
ieee5,303,96,0.8788461538461537,,,0.8583333333333333,3.248502016067505,3.399386405944824,3.1844258308410645,3.1616933345794678,0.008557114228456914,0.16833808379513876,0.22858646512031555,0.16833808166640146,0.22858646512031555,0,-0.00395647661599259,0.1218329278841255,52,2 8 24,0.019230769230769232,3.857142857142857,0.4642857142857143,0.7321428571428571,0.0,-0.16638016807181494
ieee5,303,97,0.8788461538461539,,,0.8583333333333333,3.248350143432617,3.3993775844573975,3.185124635696411,3.1605477333068848,0.008542084168336673,0.1472966628415244,0.23980265855789185,0.1472966649702617,0.23980267345905304,0,0.0015133193004518175,0.10507603151577988,52,6 15 21,0.019230769230769232,3.4285714285714284,0.4642857142857143,0.8214285714285714,0.0,-0.07599928975105286
ieee5,303,98,0.8730769230769229,,,0.8583333333333333,3.250011444091797,3.3993704319000244,3.1812937259674072,3.16936993598938,0.008527054108216433,0.13868621736764908,0.21646276116371155,0.1386862141745431,0.21646276116371155,0,0.0003078431338788225,0.11081419846440321,52,9 1 7,0.019230769230769232,3.7142857142857144,0.375,0.8035714285714286,0.0,-0.09655369073152542
ieee5,303,99,0.8519230769230768,,,0.8583333333333333,3.248990297317505,3.3993725776672363,3.1828465461730957,3.164750576019287,0.008512024048096192,0.1674175922359739,0.22481638193130493,0.16741759330034256,0.22481638193130493,0,0.0029144316660956694,0.11718258362690179,52,5 4 22,0.019230769230769232,4.0,0.48214285714285715,0.7321428571428571,0.0,-0.06983523602996554
ieee5,303,100,0.8365384615384616,0.9250000000000002,1.0,0.8583333333333333,3.2589375972747803,3.3993735313415527,3.2085561752319336,3.168882131576538,0.008496993987975952,0.18816172012260982,0.27193698287010193,0.18816171799387252,0.27193698287010193,0,0.0003805003557667638,0.13869888891716936,52,27 28 9,0.019230769230769232,4.142857142857143,0.375,0.6785714285714286,0.0,-0.08968468649046761
ieee5,303,101,0.8384615384615385,,,0.8583333333333333,3.2408030033111572,3.3993735313415527,3.173501491546631,3.149533987045288,0.008481963927855711,0.1810782253742218,0.22493530809879303,0.1810782253742218,0.22493530809879303,0,0.00474152652560196,0.1343682733067754,52,5 10 19,0.019230769230769232,3.857142857142857,0.44642857142857145,0.6607142857142857,0.0,-0.04780647265059607
ieee5,303,102,0.8596153846153847,,,0.8583333333333333,3.2135820388793945,3.399369955062866,3.1179111003875732,3.1234655380249023,0.008466933867735471,0.1942915597132274,0.27685660123825073,0.1942915575844901,0.27685660123825073,0,-0.00882048280730557,0.11899215397615415,52,0 21 16,0.019230769230769232,3.857142857142857,0.4107142857142857,0.7857142857142857,0.0,-0.20132514089345932
ieee5,303,103,0.8749999999999999,,,0.8583333333333333,3.217013359069824,3.3993568420410156,3.1448400020599365,3.1068434715270996,0.008451903807615232,0.14878698119095393,0.19113469123840332,0.14878698012658528,0.19113470613956451,0,-0.00029565558697168645,0.11893032657252434,52,12 22 11,0.019230769230769232,3.5714285714285716,0.44642857142857145,0.8571428571428571,0.0,-0.12108928497348513
ieee5,303,104,0.8673076923076922,,,0.8583333333333333,3.2152769565582275,3.399345636367798,3.138557195663452,3.107926845550537,0.00843687374749499,0.1809771763426917,0.28544074296951294,0.18097717421395437,0.28544074296951294,0,0.002299274729851347,0.1360777738798151,52,9 6 0,0.019230769230769232,3.4285714285714284,0.5178571428571429,0.8214285714285714,0.0,-0.12242590316704341
ieee5,303,105,0.8326923076923076,0.8999999999999999,1.0,0.8583333333333333,3.199228525161743,3.3993418216705322,3.110684871673584,3.0876595973968506,0.00842184368737475,0.16370238257305963,0.22406922280788422,0.163702378315585,0.22406920790672302,0,0.0029562520436369455,0.12634057259097195,51,8 16 20,0.038461538461538464,3.857142857142857,0.4107142857142857,0.6964285714285714,0.0,-0.013539721923215049
ieee5,303,106,0.8788461538461539,,,0.8583333333333333,3.2091877460479736,3.39935302734375,3.1250696182250977,3.1031405925750732,0.00840681362725451,0.14811817875930242,0.20634569227695465,0.14811817769493377,0.20634569227695465,0,-0.001183033532400329,0.10995923299350086,52,8 26 22,0.019230769230769232,3.5714285714285716,0.4642857142857143,0.8214285714285714,0.0,-0.12351957282849721
ieee5,303,107,0.8519230769230769,,,0.8583333333333333,3.1993486881256104,3.399345874786377,3.101487636566162,3.097212553024292,0.008391783567134268,0.15955560175435884,0.24790358543395996,0.15955560175435884,0.24790358543395996,0,-0.0016581162434214582,0.1205318113229423,52,28 7 10,0.019230769230769232,3.857142857142857,0.42857142857142855,0.7857142857142857,0.0,-0.136624099952834
ieee5,303,108,0.8499999999999999,,,0.8583333333333333,3.226605176925659,3.3993289470672607,3.1486940383911133,3.131791830062866,0.008376753507014027,0.16478322446346283,0.23922541737556458,0.16478322446346283,0.23922541737556458,0,-0.0018033703896575249,0.12091152912319239,52,8 16 10,0.019230769230769232,3.7142857142857144,0.42857142857142855,0.7857142857142857,0.0,-0.09728377631732396
ieee5,303,109,0.875,,,0.8583333333333333,3.2444190979003906,3.3993215560913086,3.173213005065918,3.1607229709625244,0.008361723446893787,0.17079369510923112,0.29255494475364685,0.17079369510923112,0.29255494475364685,0,0.0002145092092597714,0.11428102542769701,52,6 12 7,0.019230769230769232,3.4285714285714284,0.5535714285714286,0.7321428571428571,0.0,-0.06929659098386765
ieee5,303,110,0.8576923076923075,0.9166666666666666,1.0,0.8583333333333333,3.2755284309387207,3.3993184566497803,3.227564811706543,3.1997008323669434,0.008346693386773548,0.14146734508020536,0.21961209177970886,0.14146734508020536,0.21961209177970886,0,0.0016867910655072103,0.11714308119641265,52,26 19 23,0.019230769230769232,3.5714285714285716,0.4642857142857143,0.8035714285714286,0.0,-0.07733381965330668
ieee5,303,111,0.8596153846153847,,,0.8583333333333333,3.2828705310821533,3.3993239402770996,3.237548828125,3.2117397785186768,0.008331663326653306,0.14959080889821053,0.27123382687568665,0.14959080623728888,0.27123382687568665,0,0.00546446971846028,0.12420792856882432,51,12 7 0,0.038461538461538464,3.857142857142857,0.4642857142857143,0.7321428571428571,0.0,-0.03630915284156799
ieee5,303,112,0.8596153846153846,,,0.8583333333333333,3.3052191734313965,3.3993377685546875,3.267613410949707,3.248706340789795,0.008316633266533067,0.1298582532576152,0.1680518239736557,0.1298582532576152,0.1680518239736557,0,-0.007135000912687526,0.12577395595811838,52,28 22 16,0.019230769230769232,4.285714285714286,0.35714285714285715,0.625,0.0,-0.11299728495734078
ieee5,303,113,0.8538461538461539,,,0.8583333333333333,3.303313732147217,3.399325132369995,3.2593984603881836,3.251217842102051,0.008301603206412825,0.16183791841779435,0.3043750524520874,0.16183791948216303,0.3043750524520874,0,0.00040113890113738866,0.13780102560895566,52,8 26 17,0.019230769230769232,3.7142857142857144,0.44642857142857145,0.8035714285714286,0.0,-0.08309320573295866
ieee5,303,114,0.8865384615384613,,,0.8583333333333333,3.321556568145752,3.399291515350342,3.2954022884368896,3.26997709274292,0.008286573146292586,0.11259256888713155,0.2431444674730301,0.11259256995150022,0.2431444674730301,0,0.00304319780284109,0.11166526583586527,52,13 4 2,0.019230769230769232,3.142857142857143,0.5357142857142857,0.8214285714285714,0.0,-0.09042322422776904
ieee5,303,115,0.8730769230769231,0.8833333333333334,1.0,0.8583333333333333,3.309779644012451,3.39925479888916,3.27553129196167,3.2545526027679443,0.008271543086172345,0.12899315037897655,0.20559875667095184,0.12899315250771387,0.20559875667095184,0,-0.0013667686412540765,0.12171602700593108,52,22 8 13,0.019230769230769232,3.5714285714285716,0.5357142857142857,0.7142857142857143,0.0,-0.08793845453432628
ieee5,303,116,0.8865384615384616,,,0.8583333333333333,3.2951362133026123,3.3992083072662354,3.255159616470337,3.231041431427002,0.008256513026052103,0.13716580718755722,0.17585121095180511,0.13716580931629455,0.17585121095180511,0,-0.005296854198184939,0.12523434051320267,51,18 6 27,0.038461538461538464,3.7142857142857144,0.5,0.7321428571428571,0.0,-0.1178281062415668
ieee5,303,117,0.8249999999999998,,,0.8583333333333333,3.285705089569092,3.399176597595215,3.2438952922821045,3.214042901992798,0.008241482965931864,0.15314639040402003,0.2967040240764618,0.15314638827528274,0.2967039942741394,0,0.02035242865811317,0.1153980569418756,52,16 22 8,0.019230769230769232,4.0,0.4642857142857143,0.7321428571428571,0.0,0.19155823439359665
ieee5,303,118,0.8442307692307692,,,0.8583333333333333,3.29746413230896,3.3991951942443848,3.2594807147979736,3.2337183952331543,0.008226452905811624,0.14110818718160903,0.18977700173854828,0.14110819143908365,0.18977700173854828,0,-0.010992628593857471,0.12862844068283338,52,13 23 2,0.019230769230769232,3.5714285714285716,0.5178571428571429,0.7678571428571429,0.0,-0.2425274731857436
ieee5,303,119,0.8307692307692307,,,0.8583333333333333,3.3172826766967773,3.3992066383361816,3.2963674068450928,3.256274700164795,0.008211422845691383,0.12299151505742754,0.17371401190757751,0.12299151718616486,0.17371401190757751,0,-0.007161743712248818,0.12719233944379646,52,16 22 18,0.019230769230769232,3.7142857142857144,0.44642857142857145,0.8035714285714286,0.0,-0.1759742104581424
ieee5,303,120,0.8615384615384616,0.8833333333333334,1.0,0.8583333333333333,3.3222672939300537,3.3991987705230713,3.3013360500335693,3.2662675380706787,0.008196392785571143,0.1318894401192665,0.2829311788082123,0.1318894401192665,0.2829311788082123,0,0.005984618135978683,0.1238203150059686,52,25 19 27,0.019230769230769232,3.7142857142857144,0.35714285714285715,0.7678571428571429,0.0,0.04251952362912042
ieee5,303,121,0.8788461538461536,,,0.8583333333333333,3.3236773014068604,3.3991949558258057,3.300734043121338,3.2711024284362793,0.008181362725450902,0.09337361050503594,0.12373584508895874,0.0933736115694046,0.12373585253953934,0,-0.00875822567076494,0.10217524348554012,52,29 27 10,0.019230769230769232,3.857142857142857,0.4642857142857143,0.7321428571428571,0.0,-0.17264973585094726
ieee5,303,122,0.8538461538461538,,,0.8583333333333333,3.318956136703491,3.3991851806640625,3.294687509536743,3.2629950046539307,0.00816633266533066,0.12284424155950546,0.17847643792629242,0.12284423943076815,0.17847642302513123,0,0.007614140340592712,0.12321365291530065,52,23 25 29,0.019230769230769232,3.7142857142857144,0.4107142857142857,0.7321428571428571,0.0,0.003253620650087084
ieee5,303,123,0.8192307692307692,,,0.8583333333333333,3.3175086975097656,3.3991661071777344,3.2906851768493652,3.2626748085021973,0.008151302605210421,0.11981278551476342,0.16171428561210632,0.11981278445039477,0.16171428561210632,0,-0.0038816898394053658,0.11916782527125858,52,27 11 6,0.019230769230769232,4.0,0.4642857142857143,0.75,0.0,-0.1744149135691779
ieee5,303,124,0.8326923076923077,,,0.8583333333333333,3.3290271759033203,3.3991804122924805,3.3116769790649414,3.2762231826782227,0.008136272545090181,0.11366443123136248,0.16608549654483795,0.11366443336009979,0.16608551144599915,0,0.004924808969148076,0.12878919255468968,51,1 16 2,0.038461538461538464,4.0,0.3392857142857143,0.75,0.0,-0.032120946262563975
ieee5,303,125,0.8634615384615384,0.8833333333333334,1.0,0.8583333333333333,3.3368687629699707,3.3992178440093994,3.3235554695129395,3.2878336906433105,0.00812124248496994,0.11541411599942616,0.1755925416946411,0.11541411599942616,0.1755925565958023,0,0.002949003470488466,0.12413579759084714,52,7 24 27,0.019230769230769232,4.142857142857143,0.3392857142857143,0.6607142857142857,0.0,-0.04665918116058622
ieee5,303,126,0.8500000000000001,,,0.8583333333333333,3.337857723236084,3.399230718612671,3.324547290802002,3.2897958755493164,0.008106212424849699,0.12576198045696532,0.19924254715442657,0.12576198684317724,0.19924256205558777,0,-0.0023903593089646446,0.1316699368414104,52,18 21 23,0.019230769230769232,3.857142857142857,0.4107142857142857,0.7678571428571429,0.0,-0.1392708122730255
ieee5,303,127,0.8480769230769231,,,0.8583333333333333,3.3384923934936523,3.39923095703125,3.3223588466644287,3.293887138366699,0.008091182364729459,0.12020479781287056,0.2576238512992859,0.12020479674850192,0.2576238512992859,0,0.008281278997086562,0.11993667128584831,52,9 13 29,0.019230769230769232,3.857142857142857,0.48214285714285715,0.7321428571428571,0.0,0.09953229874372482
ieee5,303,128,0.8826923076923077,,,0.8583333333333333,3.333359956741333,3.3992133140563965,3.314373254776001,3.286491870880127,0.00807615230460922,0.11434280340160642,0.19105921685695648,0.1143428065947124,0.19105923175811768,0,-0.020074196392670274,0.11625778942848032,52,13 18 4,0.019230769230769232,3.4285714285714284,0.4642857142857143,0.8392857142857143,0.0,-0.3274042797940118
ieee5,303,129,0.8384615384615384,,,0.8583333333333333,3.326538562774658,3.399203300476074,3.304159641265869,3.2762529850006104,0.008061122244488978,0.11067382565566472,0.13412782549858093,0.11067382512348038,0.13412781059741974,0,0.012168029753061442,0.12650166799593468,52,3 0 27,0.019230769230769232,3.7142857142857144,0.4642857142857143,0.7857142857142857,0.0,0.013280274612562997
ieee5,303,130,0.8884615384615384,0.8999999999999999,1.0,0.8583333333333333,3.325207471847534,3.399193286895752,3.306776285171509,3.2696533203125,0.008046092184368739,0.11792721013937678,0.1901843398809433,0.11792720960719245,0.1901843398809433,0,-0.008420150921805404,0.11817128067219455,52,0 8 7,0.019230769230769232,3.4285714285714284,0.48214285714285715,0.8035714285714286,0.0,-0.12970303956951415
ieee5,303,131,0.8865384615384616,,,0.8583333333333333,3.3164007663726807,3.3991801738739014,3.2837419509887695,3.266279458999634,0.008031062124248497,0.1165578014084271,0.2596704959869385,0.11655779981187411,0.2596704959869385,0,-0.0008323018533141854,0.10605019535191314,52,10 3 26,0.019230769230769232,3.5714285714285716,0.44642857142857145,0.7857142857142857,0.0,-0.09357676016432899
ieee5,303,132,0.8230769230769232,,,0.8583333333333333,3.315541982650757,3.3991711139678955,3.2876100540161133,3.25984525680542,0.008016032064128258,0.13783666065761022,0.21690434217453003,0.13783665746450424,0.21690434217453003,0,0.013941143565506745,0.12286435165053049,51,17 12 19,0.038461538461538464,4.285714285714286,0.3392857142857143,0.6785714285714286,0.0,0.08948059380054474
ieee5,303,133,0.8596153846153847,,,0.8583333333333333,3.3095617294311523,3.3991661071777344,3.276841402053833,3.252678155899048,0.008001002004008016,0.12349395879677363,0.2056605964899063,0.12349395879677363,0.2056605964899063,0,-0.0016831826584306187,0.11402150872195747,52,10 22 24,0.019230769230769232,3.2857142857142856,0.5178571428571429,0.8035714285714286,0.0,-0.08247932259525571
ieee5,303,134,0.8384615384615384,,,0.8583333333333333,3.3108863830566406,3.3991634845733643,3.2829813957214355,3.250513792037964,0.007985971943887775,0.1159464567899704,0.1594208925962448,0.11594645785433906,0.1594208925962448,0,0.0001577672978433279,0.11967061591831515,52,8 6 16,0.019230769230769232,4.142857142857143,0.4107142857142857,0.7678571428571429,0.0,-0.02728689355509622
ieee5,303,135,0.8500000000000001,0.8833333333333334,1.0,0.8583333333333333,3.302499294281006,3.399160623550415,3.269702434539795,3.2386364936828613,0.007970941883767535,0.13704521634749003,0.2401600182056427,0.13704521528312139,0.2401600182056427,0,-0.001531807822175324,0.11663809354924609,52,0 6 1,0.019230769230769232,4.142857142857143,0.4107142857142857,0.6428571428571429,0.0,-0.050145959215504785
ieee5,303,136,0.851923076923077,,,0.8583333333333333,3.2806103229522705,3.399127960205078,3.2319772243499756,3.210726022720337,0.007955911823647296,0.1332748947399003,0.23419594764709473,0.1332748947399003,0.23419593274593353,0,0.001611358609247523,0.1155925514520428,52,9 27 22,0.019230769230769232,3.857142857142857,0.5,0.6964285714285714,0.0,-0.07986396976879664
ieee5,303,137,0.8826923076923077,,,0.8583333333333333,3.290766477584839,3.3990931510925293,3.256666421890259,3.216539144515991,0.007940881763527054,0.11108129844069481,0.17062009871006012,0.11108129737632615,0.17062009871006012,0,-0.014728331199596422,0.10774250443969667,52,1 13 4,0.019230769230769232,3.4285714285714284,0.5178571428571429,0.8214285714285714,0.0,-0.26653829855578287
ieee5,303,138,0.8576923076923078,,,0.8583333333333333,3.2807929515838623,3.3990581035614014,3.228191375732422,3.2151293754577637,0.007925851703406815,0.1320590153336525,0.1848069131374359,0.13205901320491517,0.18480689823627472,0,0.012287296265220413,0.11366901927152921,52,29 14 6,0.019230769230769232,3.857142857142857,0.44642857142857145,0.75,0.0,0.02163250425032207
ieee5,303,139,0.8384615384615386,,,0.8583333333333333,3.297250509262085,3.399050235748291,3.2613284587860107,3.2313718795776367,0.007910821643286573,0.14363863744906016,0.16790194809436798,0.14363864064216614,0.16790194809436798,0,0.005436655993645008,0.12924754221488705,52,20 27 17,0.019230769230769232,3.7142857142857144,0.4642857142857143,0.8035714285714286,0.0,0.020864886896950856
ieee5,303,140,0.8615384615384615,0.875,1.0,0.8583333333333333,3.3140625953674316,3.3990590572357178,3.287855386734009,3.255275249481201,0.007895791583166332,0.11055143177509308,0.1321786344051361,0.11055143337164607,0.1321786493062973,0,-0.013777490535106223,0.11163723638780781,52,2 29 26,0.019230769230769232,3.857142857142857,0.42857142857142855,0.8035714285714286,0.0,-0.26017762614148005
ieee5,303,141,0.8384615384615386,,,0.8583333333333333,3.318159341812134,3.3990514278411865,3.2913708686828613,3.2640559673309326,0.00788076152304609,0.12414438064609255,0.18150164186954498,0.12414438064609255,0.18150164186954498,0,0.01701938833754796,0.11999924689417088,52,15 11 24,0.019230769230769232,3.4285714285714284,0.48214285714285715,0.8214285714285714,0.0,0.1859582258122308
ieee5,303,142,0.8634615384615386,,,0.8583333333333333,3.322479724884033,3.3990490436553955,3.2990078926086426,3.269380807876587,0.007865731462925851,0.1334014737180301,0.20512992143630981,0.13340147265366145,0.20512992143630981,0,-0.004137038015939582,0.12470845701128616,52,2 25 15,0.019230769230769232,3.7142857142857144,0.42857142857142855,0.6964285714285714,0.0,-0.0865007649574961
ieee5,303,143,0.8576923076923078,,,0.8583333333333333,3.332379102706909,3.3990702629089355,3.314072847366333,3.283994197845459,0.007850701402805612,0.09659482911229134,0.13582743704319,0.09659482964447566,0.13582743704319,0,-0.004388552427721711,0.10489295660859208,51,6 23 19,0.038461538461538464,3.5714285714285716,0.48214285714285715,0.8035714285714286,0.0,-0.10366650032145637
ieee5,303,144,0.8711538461538461,,,0.8583333333333333,3.3357670307159424,3.3990819454193115,3.319851875305176,3.2883665561676025,0.00783567134268537,0.11171907931566238,0.13908453285694122,0.11171908038003105,0.13908453285694122,0,-0.012621462761531942,0.11782999283116419,52,16 4 5,0.019230769230769232,3.4285714285714284,0.5178571428571429,0.8392857142857143,0.0,-0.2857550159096718
ieee5,303,145,0.8134615384615385,0.8833333333333334,1.0,0.8583333333333333,3.3332481384277344,3.399076223373413,3.315798759460449,3.2848689556121826,0.00782064128256513,0.11265635383980614,0.15659651160240173,0.1126563527754375,0.15659651160240173,0,0.024956012905861896,0.11493945201914507,52,27 2 20,0.019230769230769232,3.857142857142857,0.48214285714285715,0.6607142857142857,0.0,0.16116359297718322
ieee5,303,146,0.8596153846153846,,,0.8583333333333333,3.335176944732666,3.399075984954834,3.320915460586548,3.2855401039123535,0.00780561122244489,0.13175005785056523,0.1560431569814682,0.1317500557218279,0.1560431569814682,0,-0.012781684893595342,0.13401800482132983,52,6 21 19,0.019230769230769232,4.142857142857143,0.375,0.6964285714285714,0.0,-0.1935996828334672
ieee5,303,147,0.8557692307692306,,,0.8583333333333333,3.3313605785369873,3.3990607261657715,3.3168299198150635,3.2781918048858643,0.007790581162324649,0.09572104045322963,0.12263420969247818,0.09572104045322963,0.12263420969247818,0,-0.0089131708507641,0.11065522914315049,52,28 17 25,0.019230769230769232,3.7142857142857144,0.44642857142857145,0.8214285714285714,0.0,-0.19481330258505686
ieee5,303,148,0.8846153846153845,,,0.8583333333333333,3.331038236618042,3.3990378379821777,3.3131344318389893,3.28094220161438,0.007775551102204409,0.0929476868893419,0.13221564888954163,0.09294768742152623,0.13221564888954163,0,-0.002244081446126354,0.1032510569405109,52,8 20 2,0.019230769230769232,3.4285714285714284,0.5,0.7857142857142857,0.0,-0.08620276195662362
ieee5,303,149,0.8557692307692306,,,0.8583333333333333,3.334217071533203,3.3990321159362793,3.317141056060791,3.286477565765381,0.007760521042084168,0.10970117630703109,0.1488504558801651,0.10970117630703109,0.1488504558801651,0,0.004579910076035258,0.1261068668189482,52,13 9 8,0.019230769230769232,3.2857142857142856,0.5,0.8571428571428571,0.0,-0.028929425137383596
ieee5,303,150,0.8923076923076922,0.8833333333333334,1.0,0.8583333333333333,3.3374273777008057,3.399031162261963,3.322578191757202,3.2906720638275146,0.0077454909819639275,0.105082953614848,0.15690168738365173,0.10508295255047935,0.15690167248249054,0,-0.0034177678843172123,0.11130930701284429,52,7 1 15,0.019230769230769232,3.5714285714285716,0.4642857142857143,0.7857142857142857,0.0,-0.09960767201014928
ieee5,303,151,0.848076923076923,,,0.8583333333333333,3.3354218006134033,3.3990132808685303,3.318812847137451,3.2884392738342285,0.007730460921843687,0.10543293133378029,0.16552966833114624,0.10543293186596461,0.16552966833114624,0,0.009447923955471756,0.11996500941007601,52,27 6 1,0.019230769230769232,3.5714285714285716,0.44642857142857145,0.8214285714285714,0.0,-0.029178022273949215
ieee5,303,152,0.871153846153846,,,0.8583333333333333,3.334254026412964,3.3989930152893066,3.317962646484375,3.2858059406280518,0.007715430861723447,0.09612975588866643,0.15132679045200348,0.09612975429211344,0.15132679045200348,0,-0.0024769134067285517,0.12018526999652747,51,23 25 22,0.038461538461538464,4.0,0.44642857142857145,0.7678571428571429,0.0,-0.10565055800335747
ieee5,303,153,0.8788461538461537,,,0.8583333333333333,3.3275763988494873,3.3989763259887695,3.305570125579834,3.278181791305542,0.007700400801603207,0.09579044633678027,0.1298018991947174,0.09579044740114893,0.1298018991947174,0,-0.0011355300398113637,0.10294321093012745,52,16 11 13,0.019230769230769232,3.2857142857142856,0.4642857142857143,0.875,0.0,-0.09666209029299873
ieee5,303,154,0.8615384615384616,,,0.8583333333333333,3.323707342147827,3.3989744186401367,3.300703287124634,3.2714433670043945,0.007685370741482967,0.11873771675995418,0.18523837625980377,0.11873771569558553,0.18523837625980377,0,-0.0010485217879669597,0.1306249313161601,52,27 7 21,0.019230769230769232,3.5714285714285716,0.42857142857142855,0.7857142857142857,0.0,-0.08130042680672236
ieee5,303,155,0.8692307692307693,0.8916666666666666,1.0,0.8583333333333333,3.3222484588623047,3.3989903926849365,3.30226731300354,3.265486478805542,0.007670340681362726,0.12478098273277283,0.17791730165481567,0.1247809859258788,0.17791731655597687,0,-0.0010961477426882573,0.1271090932802213,52,6 2 13,0.019230769230769232,3.857142857142857,0.4107142857142857,0.75,0.0,-0.08817048370838165
ieee5,303,156,0.8480769230769233,,,0.8583333333333333,3.3222827911376953,3.3990044593811035,3.3009512424468994,3.2668914794921875,0.007655310621242485,0.10512922917093549,0.14696714282035828,0.10512922810656684,0.14696714282035828,0,0.008714946764834726,0.11475016542113123,52,10 22 20,0.019230769230769232,3.5714285714285716,0.48214285714285715,0.7678571428571429,0.0,0.02900001938853945
ieee5,303,157,0.8653846153846155,,,0.8583333333333333,3.3182990550994873,3.3989932537078857,3.288285970687866,3.2676174640655518,0.007640280561122245,0.13044423290661403,0.25596940517425537,0.1304442286491394,0.255969375371933,0,0.0005139841724975178,0.12090144672176228,50,5 7 23,0.038461538461538464,3.4285714285714284,0.5357142857142857,0.7678571428571429,0.0,0.005842071558747973
ieee5,303,158,0.8692307692307691,,,0.8583333333333333,3.3166370391845703,3.3989648818969727,3.2885615825653076,3.2623863220214844,0.007625250501002005,0.12572376962218965,0.19673067331314087,0.12572377068655832,0.19673067331314087,0,-0.011456962352475295,0.12919854279604934,52,22 10 21,0.019230769230769232,3.7142857142857144,0.42857142857142855,0.7857142857142857,0.0,-0.20902077215058462
ieee5,303,159,0.8403846153846153,,,0.8583333333333333,3.305394411087036,3.3989460468292236,3.270887613296509,3.2463502883911133,0.007610220440881763,0.10615302409444537,0.1418442577123642,0.1061530230300767,0.1418442577123642,0,0.0029716954494898138,0.11496204348812201,52,10 1 21,0.019230769230769232,3.7142857142857144,0.42857142857142855,0.7857142857142857,0.0,-0.04678194437708173
ieee5,303,160,0.8365384615384615,0.8916666666666666,1.0,0.8583333333333333,3.297260046005249,3.3989453315734863,3.258452892303467,3.2343809604644775,0.007595190380761523,0.11466237476893834,0.15108489990234375,0.11466237476893834,0.15108491480350494,0,0.0037000670563429594,0.11200813858821088,52,29 28 10,0.019230769230769232,3.4285714285714284,0.42857142857142855,0.8571428571428571,0.0,-0.06880888289638928
ieee5,303,161,0.8826923076923076,,,0.8583333333333333,3.2686805725097656,3.398967742919922,3.20904541015625,3.198028802871704,0.0075801603206412825,0.13047033016170775,0.15506510436534882,0.13047032803297043,0.15506508946418762,0,-0.007318335920270049,0.10536666982377145,51,6 17 21,0.038461538461538464,3.5714285714285716,0.44642857142857145,0.8392857142857143,0.0,-0.19747603578226908
ieee5,303,162,0.8961538461538462,,,0.8583333333333333,3.2738025188446045,3.3990092277526855,3.2178895473480225,3.2045087814331055,0.007565130260521043,0.1177488916686603,0.15484082698822021,0.11774889060429164,0.15484081208705902,0,0.004401482133499275,0.09613919851639341,51,22 21 26,0.038461538461538464,3.142857142857143,0.5535714285714286,0.8571428571428571,0.0,-0.03293226765734809
ieee5,303,163,0.8596153846153846,,,0.8583333333333333,3.2291407585144043,3.399026393890381,3.1313705444335938,3.157027006149292,0.007550100200400802,0.1601873434015683,0.23021994531154633,0.1601873434015683,0.23021994531154633,0,-0.0013220995449675964,0.11563091241043483,52,17 25 27,0.019230769230769232,3.5714285714285716,0.42857142857142855,0.8035714285714286,0.0,-0.12506192922592163
ieee5,303,164,0.8326923076923077,,,0.8583333333333333,3.198202133178711,3.399041175842285,3.1015396118164062,3.094025135040283,0.007535070140280561,0.19500471757990973,0.2816825807094574,0.19500470906496048,0.281682550907135,0,0.022597541477387913,0.12137182749298452,52,3 2 29,0.019230769230769232,3.2857142857142856,0.5357142857142857,0.8571428571428571,0.0,0.274593710899353
ieee5,303,165,0.8596153846153847,0.8500000000000001,1.0,0.8500000000000001,3.2768115997314453,3.399085760116577,3.2278783321380615,3.203470468521118,0.007520040080160321,0.15497791873557226,0.19243842363357544,0.1549779208643096,0.19243842363357544,0,-0.02167734709515711,0.13358985830210418,52,19 21 11,0.019230769230769232,3.857142857142857,0.4107142857142857,0.7678571428571429,0.0,-0.23779525927134923
ieee5,303,166,0.8826923076923077,,,0.8500000000000001,3.30564284324646,3.399113655090332,3.273902416229248,3.243913412094116,0.007505010020040081,0.13660680609089987,0.27057939767837524,0.13660680502653122,0.27057939767837524,0,-0.0031568151417349535,0.11591151305143355,52,18 1 22,0.019230769230769232,3.4285714285714284,0.5714285714285714,0.75,0.0,-0.0586464660508292
ieee5,303,167,0.8846153846153845,,,0.8500000000000001,3.313852071762085,3.399123191833496,3.2858009338378906,3.2566328048706055,0.007489979959919839,0.09819443577102252,0.1528962254524231,0.09819443417446953,0.1528962254524231,0,-0.00019906537804322748,0.09999561511528504,52,11 6 18,0.019230769230769232,3.4285714285714284,0.5,0.8035714285714286,0.0,-0.11601787379809789
ieee5,303,168,0.8500000000000001,,,0.8500000000000001,3.31258487701416,3.399103879928589,3.2861719131469727,3.2524797916412354,0.007474949899799599,0.1254710012248584,0.1538880467414856,0.1254709990961211,0.1538880467414856,0,0.013558236209344333,0.1262038355488551,52,25 16 24,0.019230769230769232,4.0,0.375,0.7678571428571429,0.0,0.10740548691579274
ieee5,303,169,0.8673076923076922,,,0.8500000000000001,3.310981273651123,3.3990845680236816,3.2868192195892334,3.247039318084717,0.007459919839679359,0.11362557858228683,0.1737326830625534,0.11362557858228683,0.1737326830625534,0,-0.006630720430761217,0.12131508907600246,52,12 1 6,0.019230769230769232,3.857142857142857,0.4642857142857143,0.7321428571428571,0.0,-0.11401928322655815
ieee5,303,170,0.8288461538461538,0.8583333333333334,1.0,0.8500000000000001,3.3032922744750977,3.3990836143493652,3.271470308303833,3.239321231842041,0.007444889779559118,0.1438655076282365,0.15562212467193604,0.14386550869260514,0.15562212467193604,0,0.007381333485962107,0.1369851534524502,52,28 12 1,0.019230769230769232,4.285714285714286,0.375,0.7321428571428571,0.0,-0.0009542820709092277
ieee5,303,171,0.8673076923076922,,,0.8500000000000001,3.3080968856811523,3.3990793228149414,3.2787232398986816,3.246487617492676,0.007429859719438879,0.12462622778756278,0.20471711456775665,0.12462622565882546,0.20471711456775665,0,-0.009864184338277062,0.11624279927922052,52,3 16 4,0.019230769230769232,3.857142857142857,0.35714285714285715,0.7321428571428571,0.0,-0.15698054219995225
ieee5,303,172,0.8788461538461536,,,0.8500000000000001,3.305558443069458,3.399075984954834,3.271980047225952,3.2456202507019043,0.007414829659318637,0.10937725752592087,0.17697878181934357,0.10937725752592087,0.17697878181934357,0,-0.0054083735717890356,0.10707406434409152,52,27 7 6,0.019230769230769232,3.142857142857143,0.5,0.8928571428571429,0.0,-0.08105316758155823
ieee5,303,173,0.8192307692307691,,,0.8500000000000001,3.3045997619628906,3.399078845977783,3.269531011581421,3.245189666748047,0.007399799599198397,0.14679174657378877,0.250742644071579,0.14679173805883952,0.2507426142692566,0,0.016022132696189847,0.1445747249531796,52,17 5 27,0.019230769230769232,3.5714285714285716,0.42857142857142855,0.7321428571428571,0.0,0.04912419191428593
ieee5,303,174,0.8711538461538463,,,0.8500000000000001,3.3025779724121094,3.3990468978881836,3.269263744354248,3.2394216060638428,0.0073847695390781565,0.1470375806093216,0.19490225613117218,0.14703757954495295,0.19490225613117218,0,-0.0087330793388761,0.1362135484963597,52,12 13 16,0.019230769230769232,3.857142857142857,0.44642857142857145,0.7321428571428571,0.0,-0.15207846143415996
ieee5,303,175,0.8615384615384616,0.8916666666666666,1.0,0.8500000000000001,3.295776844024658,3.3990259170532227,3.2586984634399414,3.2296063899993896,0.007369739478957915,0.12395945830004555,0.22648176550865173,0.12395945883222989,0.22648176550865173,0,0.002354843569404553,0.12019397247891718,52,12 3 5,0.019230769230769232,3.142857142857143,0.48214285714285715,0.8571428571428571,0.0,-0.04285051780087607
ieee5,303,176,0.8480769230769231,,,0.8500000000000001,3.3065202236175537,3.398998737335205,3.2701590061187744,3.2504022121429443,0.007354709418837675,0.143020932163511,0.20126335322856903,0.1430209300347737,0.20126335322856903,0,0.0030438657491826094,0.14506115679450113,51,12 26 5,0.038461538461538464,3.7142857142857144,0.44642857142857145,0.6964285714285714,0.0,-0.030117503234318325
ieee5,303,177,0.848076923076923,,,0.8500000000000001,3.2896385192871094,3.3989710807800293,3.2434067726135254,3.2265372276306152,0.007339679358717435,0.13693931911672866,0.18420131504535675,0.13693931592362268,0.18420130014419556,0,-0.0092763990127983,0.12105564400474339,52,26 9 4,0.019230769230769232,3.857142857142857,0.375,0.8571428571428571,0.0,-0.19428447846855437
ieee5,303,178,0.8288461538461538,,,0.8500000000000001,3.260586977005005,3.3989362716674805,3.2008347511291504,3.18198823928833,0.007324649298597195,0.15820180944034032,0.2096308469772339,0.1582018147621836,0.20963086187839508,0,0.008377073601318093,0.12795561660548027,52,15 16 27,0.019230769230769232,3.4285714285714284,0.5178571428571429,0.8035714285714286,0.0,-0.048502348363399506
ieee5,303,179,0.8615384615384616,,,0.8500000000000001,3.2148361206054688,3.398895025253296,3.1325721740722656,3.1130411624908447,0.007309619238476954,0.14777523172753199,0.23860998451709747,0.14777523172753199,0.23860999941825867,0,-0.0037669860086260508,0.11433612007274484,52,2 22 16,0.019230769230769232,3.7142857142857144,0.48214285714285715,0.75,0.0,-0.10439087131193706
ieee5,303,180,0.8769230769230769,0.8833333333333333,1.0,0.8500000000000001,3.2012407779693604,3.398876190185547,3.113685369491577,3.0911600589752197,0.007294589178356713,0.15875107156378881,0.22170035541057587,0.15875107688563211,0.22170035541057587,0,-0.008341410233137699,0.11530663979138076,51,2 25 29,0.038461538461538464,3.7142857142857144,0.42857142857142855,0.75,0.0,-0.12461921253374644
ieee5,303,181,0.8807692307692309,,,0.8500000000000001,3.1669938564300537,3.398864984512329,3.032938241958618,3.0691773891448975,0.007279559118236474,0.18795601172106607,0.35605451464653015,0.18795600639922277,0.35605448484420776,0,0.006273620988045318,0.12204441108735387,51,15 16 5,0.038461538461538464,3.5714285714285716,0.42857142857142855,0.7678571428571429,0.0,0.08298707114798683
ieee5,303,182,0.8730769230769231,,,0.8500000000000001,3.2497763633728027,3.398878335952759,3.178133487701416,3.1723179817199707,0.007264529058116233,0.12611734654222215,0.24354149401187897,0.12611734973532812,0.24354152381420135,0,0.00012957239792180748,0.11303313221024686,52,6 11 7,0.019230769230769232,3.7142857142857144,0.44642857142857145,0.8035714285714286,0.0,-0.08775706802095685
ieee5,303,183,0.8365384615384615,,,0.8500000000000001,3.270211935043335,3.3988759517669678,3.2091827392578125,3.2025773525238037,0.007249498997995992,0.13311002616371428,0.17748089134693146,0.13311002829245158,0.17748089134693146,0,-0.0026139940332191493,0.1237625410538446,52,6 18 27,0.019230769230769232,3.7142857142857144,0.48214285714285715,0.7678571428571429,0.0,-0.1203938467161996
ieee5,303,184,0.8730769230769229,,,0.8500000000000001,3.2925024032592773,3.398880958557129,3.2584621906280518,3.2201638221740723,0.007234468937875751,0.13753082071031844,0.22164466977119446,0.13753081858158112,0.22164465487003326,0,0.004595480268247998,0.1201703818947168,52,10 16 26,0.019230769230769232,3.5714285714285716,0.4642857142857143,0.75,0.0,0.009512888533728463
ieee5,303,185,0.8711538461538461,0.8999999999999999,1.0,0.8500000000000001,3.29154372215271,3.3988864421844482,3.2437846660614014,3.2319602966308594,0.0072194388777555105,0.11117735957460743,0.15645688772201538,0.11117735957460743,0.15645688772201538,0,-0.008158817152994184,0.11982188945088573,52,28 27 24,0.019230769230769232,3.4285714285714284,0.4642857142857143,0.875,0.0,-0.15860124358109065
ieee5,303,186,0.8769230769230768,,,0.8500000000000001,3.306969165802002,3.398893117904663,3.275468111038208,3.2465460300445557,0.007204408817635271,0.09873977888907705,0.15212586522102356,0.09873977888907705,0.15212585031986237,0,0.001140831826398006,0.10577472842893258,52,25 23 26,0.019230769230769232,3.0,0.5357142857142857,0.875,0.0,-0.10747033357620239
ieee5,303,187,0.8365384615384616,,,0.8500000000000001,3.309053897857666,3.3989057540893555,3.2751684188842773,3.253086566925049,0.0071893787575150305,0.1247187608054706,0.1696920096874237,0.12471875974110194,0.1696920096874237,0,0.013462666171387984,0.13001290224488188,52,6 13 21,0.019230769230769232,4.0,0.5,0.7142857142857143,0.0,0.051826288657529015
ieee5,303,188,0.8326923076923076,,,0.8500000000000001,3.320556163787842,3.398913860321045,3.2965359687805176,3.2662179470062256,0.00717434869739479,0.12293396890163422,0.1728568971157074,0.12293397209474019,0.1728569120168686,0,-0.004846192726220649,0.13009338769046302,52,21 16 9,0.019230769230769232,4.0,0.4107142857142857,0.75,0.0,-0.19883596471377782
ieee5,303,189,0.8615384615384616,,,0.8500000000000001,3.3216967582702637,3.3989076614379883,3.3042080402374268,3.2619752883911133,0.00715931863727455,0.12416913679667882,0.21308991312980652,0.12416913892541613,0.21308991312980652,0,0.0006384503100819599,0.12105542165282156,52,26 0 29,0.019230769230769232,3.4285714285714284,0.4642857142857143,0.8392857142857143,0.0,-0.0427200293966702
ieee5,303,190,0.8538461538461538,0.8999999999999999,1.0,0.8500000000000001,3.307971954345703,3.3988969326019287,3.2765443325042725,3.2484753131866455,0.007144288577154309,0.11576100758143834,0.14388500154018402,0.11576100438833237,0.14388500154018402,0,-0.009462572584967487,0.12779735035968642,52,9 21 23,0.019230769230769232,3.7142857142857144,0.44642857142857145,0.7857142857142857,0.0,-0.1527969092130661
ieee5,303,191,0.8519230769230769,,,0.8500000000000001,3.3151307106018066,3.398895263671875,3.2914605140686035,3.255037546157837,0.007129258517034069,0.12457010469266347,0.1479320079088211,0.12457010469266347,0.1479320228099823,0,0.004077600207752907,0.12465291101761565,52,13 3 12,0.019230769230769232,4.142857142857143,0.39285714285714285,0.7321428571428571,0.0,-0.08986704051494598
ieee5,303,192,0.8769230769230768,,,0.8500000000000001,3.3040716648101807,3.3988873958587646,3.2700161933898926,3.2433114051818848,0.007114228456913827,0.1056843421288899,0.16292783617973328,0.10568434319325856,0.16292785108089447,0,-0.004150580540926267,0.11821925350135883,52,26 16 9,0.019230769230769232,3.2857142857142856,0.42857142857142855,0.9285714285714286,0.0,-0.16413890144654683
ieee5,303,193,0.8269230769230769,,,0.8500000000000001,3.2951581478118896,3.3988749980926514,3.2528295516967773,3.2337701320648193,0.007099198396793587,0.12108781720910754,0.2460794895887375,0.12108781720910754,0.2460794895887375,0,0.013199401320889592,0.10887499207956611,52,15 11 19,0.019230769230769232,3.857142857142857,0.42857142857142855,0.7678571428571429,0.0,0.08161707648209163
ieee5,303,194,0.8730769230769232,,,0.8500000000000001,3.2911243438720703,3.398867130279541,3.2477951049804688,3.226710796356201,0.007084168336673346,0.11723833531141281,0.1731930673122406,0.11723833744015012,0.1731930673122406,0,-0.012553270055482594,0.11617411985551183,52,15 13 27,0.019230769230769232,3.857142857142857,0.44642857142857145,0.6964285714285714,0.0,-0.19038051260369165
ieee5,303,195,0.855769230769231,0.8999999999999999,1.0,0.8500000000000001,3.2960290908813477,3.3988547325134277,3.2510781288146973,3.238154888153076,0.007069138276553107,0.11731339139597756,0.19629745185375214,0.1173133882028716,0.19629743695259094,0,0.005547049012070952,0.11136128012312661,52,15 7 16,0.019230769230769232,4.285714285714286,0.4107142857142857,0.5892857142857143,0.0,0.01944670400449208
ieee5,303,196,0.8865384615384614,,,0.8500000000000001,3.305764675140381,3.3988308906555176,3.2742576599121094,3.2442052364349365,0.007054108216432866,0.11687763194952693,0.18743380904197693,0.11687762822423663,0.18743379414081573,0,-0.0030177280065030432,0.11568410334099147,52,14 12 1,0.019230769230769232,3.2857142857142856,0.5,0.8392857142857143,0.0,-0.06735396598066602
ieee5,303,197,0.8711538461538463,,,0.8500000000000001,3.3056225776672363,3.3988118171691895,3.2727954387664795,3.245260000228882,0.007039078156312626,0.10358102938958577,0.11876732110977173,0.10358102406774249,0.11876730620861053,0,0.004268733361431469,0.11737002118417326,52,11 6 22,0.019230769230769232,3.5714285714285716,0.48214285714285715,0.8214285714285714,0.0,-0.033967770636081696
ieee5,303,198,0.8692307692307691,,,0.8500000000000001,3.3149962425231934,3.398803234100342,3.2878873348236084,3.258298635482788,0.0070240480961923845,0.10469844192266464,0.13246165215969086,0.10469843766519002,0.13246165215969086,0,-0.001030783554037603,0.11127330346645314,51,0 1 22,0.038461538461538464,3.4285714285714284,0.48214285714285715,0.8214285714285714,0.0,-0.09333081543445587
ieee5,303,199,0.8384615384615384,,,0.8500000000000001,3.2988297939300537,3.3987841606140137,3.2606685161590576,3.23703670501709,0.007009018036072144,0.13214138682399476,0.2028270959854126,0.13214138788836344,0.2028271108865738,0,0.005105092091700778,0.12285521573732536,52,2 5 27,0.019230769230769232,3.857142857142857,0.48214285714285715,0.7678571428571429,0.0,-0.03603449889591762
ieee5,303,200,0.8615384615384616,0.8999999999999999,1.0,0.8500000000000001,3.305577516555786,3.3987672328948975,3.2762258052825928,3.2417399883270264,0.006993987975951903,0.12260175602776664,0.18423809111118317,0.12260175283466067,0.18423807621002197,0,-0.0047026673833338115,0.11847943841612694,52,13 16 19,0.019230769230769232,4.0,0.4107142857142857,0.7321428571428571,0.0,-0.11659494893891471
ieee5,303,201,0.8730769230769231,,,0.8500000000000001,3.28131365776062,3.3987531661987305,3.2295820713043213,3.215606451034546,0.006978957915831663,0.11873395102364677,0.15099841356277466,0.11873395102364677,0.15099841356277466,0,-0.003381750987430748,0.11798770316490854,51,10 16 13,0.038461538461538464,3.4285714285714284,0.4642857142857143,0.8392857142857143,0.0,-0.14235364965030126
ieee5,303,202,0.8692307692307693,,,0.8500000000000001,3.288759708404541,3.3987338542938232,3.2472479343414307,3.22029709815979,0.006963927855711423,0.11629946636302131,0.1445937156677246,0.11629946636302131,0.1445937156677246,0,0.0006911167248080557,0.12514218838237254,52,13 17 7,0.019230769230769232,3.4285714285714284,0.48214285714285715,0.8035714285714286,0.0,-0.06421000616891044
ieee5,303,203,0.8634615384615384,,,0.8500000000000001,3.2806386947631836,3.398723840713501,3.231675386428833,3.211516857147217,0.006948897795591182,0.12547762851629937,0.1883571743965149,0.12547762585537775,0.1883571594953537,0,0.0014522798970014823,0.1150920093955912,52,4 13 23,0.019230769230769232,3.4285714285714284,0.4642857142857143,0.8035714285714286,0.0,-0.018887202654566084
ieee5,303,204,0.8499999999999999,,,0.8500000000000001,3.281177043914795,3.398731231689453,3.234490394592285,3.210310220718384,0.006933867735470943,0.12694974137204035,0.1976906806230545,0.12694974217031682,0.1976906806230545,0,0.0024227163029046585,0.12783346285012015,52,21 13 7,0.019230769230769232,3.5714285714285716,0.5,0.8214285714285714,0.0,-0.13569770327636174
ieee5,303,205,0.8615384615384615,0.8999999999999999,1.0,0.8500000000000001,3.293964147567749,3.398731231689453,3.247577428817749,3.2355833053588867,0.006918837675350702,0.11792695309434618,0.17909345030784607,0.11792694883687156,0.17909345030784607,0,-0.006853804780313602,0.12277137517349539,52,0 29 16,0.019230769230769232,4.0,0.42857142857142855,0.7321428571428571,0.0,-0.14594274652855738
ieee5,303,206,0.8480769230769231,,,0.8500000000000001,3.2936792373657227,3.3987209796905518,3.2570669651031494,3.225250005722046,0.006903807615230461,0.13181835998381888,0.2523774802684784,0.1318183605160032,0.2523774802684784,0,0.004425070087353771,0.12562554117642438,52,14 4 22,0.019230769230769232,3.857142857142857,0.44642857142857145,0.75,0.0,0.008326908307416099
ieee5,303,207,0.8596153846153846,,,0.8500000000000001,3.3015661239624023,3.398712396621704,3.2666268348693848,3.239358425140381,0.00688877755511022,0.12291383370757103,0.16431394219398499,0.12291383583630834,0.16431394219398499,0,-0.004339020161961134,0.12683203669980628,52,4 5 12,0.019230769230769232,3.7142857142857144,0.48214285714285715,0.7857142857142857,0.0,-0.09529918219361987
ieee5,303,208,0.8653846153846154,,,0.8500000000000001,3.3151676654815674,3.398711919784546,3.287275791168213,3.2595138549804688,0.00687374749498998,0.11674217241150993,0.23848722875118256,0.11674217454024724,0.23848722875118256,0,0.005610591559581315,0.11694502873310236,52,7 1 5,0.019230769230769232,3.7142857142857144,0.39285714285714285,0.7857142857142857,0.0,-0.0523193712745394
ieee5,303,209,0.8730769230769229,,,0.8500000000000001,3.318209409713745,3.398710012435913,3.2906978130340576,3.265219211578369,0.00685871743486974,0.10102772819144386,0.12799236178398132,0.10102773032018117,0.12799236178398132,0,-0.003452823139153994,0.11824601136791768,52,27 8 17,0.019230769230769232,3.5714285714285716,0.4107142857142857,0.8392857142857143,0.0,-0.12937993024076735
ieee5,303,210,0.8865384615384614,0.8999999999999999,1.0,0.8500000000000001,3.316335916519165,3.398698568344116,3.2889926433563232,3.2613160610198975,0.006843687374749499,0.09952056195054736,0.13390345871448517,0.09952055875744138,0.13390344381332397,0,0.003779096188596808,0.10422033371807277,51,23 11 12,0.038461538461538464,3.142857142857143,0.48214285714285715,0.8392857142857143,0.0,-0.04626864194869995
ieee5,303,211,0.8653846153846154,,,0.8500000000000001,3.316457986831665,3.398690938949585,3.2904675006866455,3.2602145671844482,0.0068286573146292585,0.11347105354070663,0.12354975193738937,0.11347105566944395,0.12354975193738937,0,-0.0071334108316267915,0.12233442922089899,51,26 16 29,0.038461538461538464,3.7142857142857144,0.4107142857142857,0.7857142857142857,0.0,-0.12570710160902568
ieee5,303,212,0.8596153846153847,,,0.8500000000000001,3.313354015350342,3.3986754417419434,3.282663106918335,3.2587239742279053,0.006813627254509018,0.12054631007569176,0.19059349596500397,0.12054630901132311,0.19059349596500397,0,0.008474230443915496,0.11279707595091976,52,27 7 8,0.019230769230769232,4.0,0.39285714285714285,0.7142857142857143,0.0,0.04263695435864585
ieee5,303,213,0.8461538461538461,,,0.8500000000000001,3.3174688816070557,3.398672342300415,3.2909817695617676,3.2627511024475098,0.0067985971943887785,0.10737706295081548,0.16930925846099854,0.10737706295081548,0.16930925846099854,0,0.0011214338099727263,0.11797683069236098,52,14 4 28,0.019230769230769232,3.5714285714285716,0.42857142857142855,0.7321428571428571,0.0,-0.04400068415062768
ieee5,303,214,0.851923076923077,,,0.8500000000000001,3.314927816390991,3.3986663818359375,3.291055917739868,3.255063056945801,0.006783567134268538,0.11842644214630127,0.15438726544380188,0.11842644321066993,0.15438728034496307,0,-0.002750505124612783,0.1225855385051533,52,17 2 29,0.019230769230769232,3.857142857142857,0.375,0.75,0.0,-0.0944415692772184
ieee5,303,215,0.8923076923076921,0.8999999999999999,1.0,0.8500000000000001,3.303699254989624,3.3986551761627197,3.267709255218506,3.24473237991333,0.006768537074148297,0.10787502569811684,0.14225633442401886,0.1078750267624855,0.14225633442401886,0,-0.010206743407672128,0.11265912339152051,52,1 7 21,0.019230769230769232,3.142857142857143,0.5178571428571429,0.8928571428571429,0.0,-0.15052522612469538
ieee5,303,216,0.8442307692307693,,,0.8500000000000001,3.3077778816223145,3.3986470699310303,3.2772390842437744,3.2474477291107178,0.006753507014028056,0.13911885235990798,0.2242620587348938,0.13911885235990798,0.224262073636055,0,0.014133629398062252,0.12819491549818185,52,20 29 13,0.019230769230769232,3.7142857142857144,0.39285714285714285,0.875,0.0,0.040052754538399835
ieee5,303,217,0.8269230769230769,,,0.8500000000000001,3.307981014251709,3.3986294269561768,3.2795629501342773,3.2457516193389893,0.006738476953907816,0.1323018308196749,0.15382511913776398,0.13230183401278087,0.15382511913776398,0,-0.00574201476187087,0.14487026465591157,52,8 11 27,0.019230769230769232,3.7142857142857144,0.4107142857142857,0.7857142857142857,0.0,-0.14345400674002512
ieee5,303,218,0.8634615384615383,,,0.8500000000000001,3.3031554222106934,3.398597240447998,3.2700796127319336,3.2407901287078857,0.0067234468937875744,0.101393389914717,0.13523301482200623,0.10139338778597969,0.13523301482200623,0,-0.0036458089396966477,0.1059060637489487,51,14 4 13,0.038461538461538464,3.5714285714285716,0.42857142857142855,0.8035714285714286,0.0,-0.05122716086251395
ieee5,303,219,0.8826923076923076,,,0.8500000000000001,3.304002523422241,3.3985726833343506,3.269482135772705,3.2439537048339844,0.006708416833667335,0.10863651867423739,0.15999461710453033,0.10863651441676277,0.15999460220336914,0,0.003168267945651538,0.11084890640005544,52,27 7 24,0.019230769230769232,3.142857142857143,0.4642857142857143,0.9285714285714286,0.0,-0.004208567951406751
ieee5,303,220,0.8403846153846153,0.8999999999999999,1.0,0.8500000000000001,3.3095977306365967,3.3985671997070312,3.277778148651123,3.2524478435516357,0.006693386773547094,0.1189397584114756,0.18466684222221375,0.1189397584114756,0.18466684222221375,0,0.009095306529511267,0.1189545497917404,52,28 6 15,0.019230769230769232,3.857142857142857,0.5178571428571429,0.6964285714285714,0.0,0.041112806648015976
ieee5,303,221,0.8807692307692307,,,0.8500000000000001,3.3065998554229736,3.398575782775879,3.2697243690490723,3.251500129699707,0.006678356713426854,0.1174636110663414,0.16466405987739563,0.11746360893760409,0.16466405987739563,0,-0.014859574049926149,0.11907595354316917,52,26 7 15,0.019230769230769232,3.4285714285714284,0.48214285714285715,0.8214285714285714,0.0,-0.2678296129618372
ieee5,303,222,0.875,,,0.8500000000000001,3.3121447563171387,3.398587703704834,3.286052942276001,3.251793384552002,0.006663326653306614,0.10787662331547056,0.14892524480819702,0.10787662810512952,0.14892525970935822,0,0.004610203054303734,0.11871085981819594,52,8 26 29,0.019230769230769232,4.0,0.42857142857142855,0.7321428571428571,0.0,-0.04473757211651121
ieee5,303,223,0.871153846153846,,,0.8500000000000001,3.3011555671691895,3.398595094680786,3.2724609375,3.2324106693267822,0.006648296593186373,0.11125199390309197,0.1608690768480301,0.11125199283872332,0.1608690768480301,0,0.0025842635301299966,0.12035087495648145,52,10 15 6,0.019230769230769232,3.7142857142857144,0.42857142857142855,0.7857142857142857,0.0,-0.06331591095243182
ieee5,303,224,0.8499999999999999,,,0.8500000000000001,3.294957160949707,3.398594856262207,3.256925106048584,3.2293505668640137,0.0066332665330661325,0.12316326051950455,0.2154923379421234,0.12316326584134783,0.2154923379421234,0,0.0018134746306504195,0.12029191119516375,52,10 25 19,0.019230769230769232,4.0,0.42857142857142855,0.6785714285714286,0.0,-0.045002697833946774
ieee5,303,225,0.875,0.8916666666666666,1.0,0.8500000000000001,3.283210277557373,3.398606538772583,3.2349600791931152,3.2160634994506836,0.006618236472945892,0.14568731401647841,0.2868988811969757,0.14568731508084706,0.2868988811969757,0,-5.135026115637559e-05,0.13127518287213352,52,21 15 6,0.019230769230769232,3.5714285714285716,0.4642857142857143,0.8392857142857143,0.0,-0.03935114826474871
ieee5,303,226,0.8480769230769231,,,0.8500000000000001,3.2643635272979736,3.39861798286438,3.208096981048584,3.1863744258880615,0.006603206412825651,0.12725490438086645,0.19834797084331512,0.12725490438086645,0.19834798574447632,0,-0.0020358328564235796,0.10935910421556769,52,18 8 15,0.019230769230769232,3.2857142857142856,0.48214285714285715,0.8571428571428571,0.0,-0.10855934875352043
ieee5,303,227,0.8596153846153846,,,0.8500000000000001,3.239135265350342,3.3986012935638428,3.1646764278411865,3.154128074645996,0.00658817635270541,0.1328649457011904,0.22373457252979279,0.13286494463682175,0.22373457252979279,0,-0.0003861392525812754,0.10709590480272871,52,27 23 6,0.019230769230769232,4.0,0.42857142857142855,0.6428571428571429,0.0,-0.09541828398193632
ieee5,303,228,0.8442307692307691,,,0.8500000000000001,3.1914494037628174,3.398585796356201,3.0810678005218506,3.0946943759918213,0.006573146292585171,0.13718785771301814,0.18288326263427734,0.13718785771301814,0.18288326263427734,0,0.0019261034635397105,0.11585685781712499,51,3 15 6,0.038461538461538464,3.5714285714285716,0.5,0.8035714285714286,0.0,-0.06781653527702604
ieee5,303,229,0.8807692307692307,,,0.8500000000000001,3.1542601585388184,3.398571252822876,3.022019863128662,3.0421881675720215,0.00655811623246493,0.15804599544831685,0.2443034052848816,0.15804599119084223,0.2443033754825592,0,-0.003984315759855515,0.11750480996392731,52,27 6 20,0.019230769230769232,3.142857142857143,0.5178571428571429,0.8214285714285714,0.0,-0.03406470588275364
ieee5,303,230,0.8596153846153847,0.8833333333333333,1.0,0.8500000000000001,3.0779054164886475,3.398559331893921,2.8060355186462402,3.0291223526000977,0.00654308617234469,0.19045088120869227,0.22811299562454224,0.19045087907995498,0.22811299562454224,0,0.001108444828647547,0.12411727310498784,52,0 15 6,0.019230769230769232,4.142857142857143,0.4642857142857143,0.6785714285714286,0.0,-0.0892244465649128
ieee5,303,231,0.8634615384615384,,,0.8500000000000001,3.14571213722229,3.3985486030578613,3.006943941116333,3.0316431522369385,0.0065280561122244484,0.14795766983713424,0.23413939774036407,0.14795767090150289,0.23413939774036407,0,-0.002371897061283772,0.104010026490853,52,28 14 6,0.019230769230769232,3.4285714285714284,0.48214285714285715,0.7857142857142857,0.0,-0.09485069236585073
ieee5,303,232,0.8615384615384614,,,0.8500000000000001,3.088139057159424,3.398540496826172,2.869555950164795,2.996320962905884,0.006513026052104208,0.1742773311478751,0.27657651901245117,0.1742773332766124,0.27657651901245117,0,4.300876305653499e-05,0.11759245935494547,51,6 22 15,0.038461538461538464,3.5714285714285716,0.5,0.7321428571428571,0.0,-0.0875317778970514
ieee5,303,233,0.846153846153846,,,0.8500000000000001,3.0148682594299316,3.3985393047332764,2.6907503604888916,2.955314874649048,0.006497995991983968,0.21096867322921753,0.27807605266571045,0.2109686689717429,0.27807605266571045,0,0.0030932962679519104,0.12866468619689472,51,24 6 18,0.038461538461538464,4.0,0.4107142857142857,0.6785714285714286,0.0,-0.030555597373417447
ieee5,303,234,0.8730769230769231,,,0.8500000000000001,3.084804058074951,3.3985352516174316,2.8794467449188232,2.9764301776885986,0.006482965931863727,0.19493832545621054,0.23830874264240265,0.19493832332747324,0.23830874264240265,0,-0.004183512986995853,0.11675528261047495,52,17 7 22,0.019230769230769232,3.7142857142857144,0.4107142857142857,0.75,0.0,-0.10052115150860377
ieee5,303,235,0.8288461538461538,0.8833333333333333,1.0,0.8500000000000001,3.0327000617980957,3.3985142707824707,2.8163070678710938,2.8832781314849854,0.006467935871743487,0.17974930150168283,0.26296231150627136,0.1797492993729455,0.26296231150627136,0,0.015381595567585183,0.1307347850636039,51,21 6 16,0.038461538461538464,3.857142857142857,0.44642857142857145,0.7678571428571429,0.0,0.043650801692690165
ieee5,303,236,0.8557692307692307,,,0.8500000000000001,3.007411003112793,3.3984932899475098,2.765047550201416,2.858691692352295,0.006452905811623246,0.17524632598672593,0.2983751893043518,0.17524632492235728,0.2983751893043518,0,-0.0027008752087847544,0.11781354725523628,50,2 6 1,0.038461538461538464,3.4285714285714284,0.4642857142857143,0.8392857142857143,0.0,-0.17193728578942163
ieee5,303,237,0.8442307692307691,,,0.8500000000000001,2.9696943759918213,3.398493766784668,2.6735308170318604,2.8370585441589355,0.0064378757515030065,0.17240512371063232,0.23624010384082794,0.172405121581895,0.23624008893966675,0,-0.004337686617733338,0.1326538662413208,52,26 22 8,0.019230769230769232,3.7142857142857144,0.39285714285714285,0.8571428571428571,0.0,-0.16073921535696303
ieee5,303,238,0.8788461538461539,,,0.8500000000000001,3.050088405609131,3.398512125015259,2.848994016647339,2.9027585983276367,0.006422845691382766,0.17068474207605636,0.3605489730834961,0.17068474207605636,0.3605489730834961,0,-0.0029180941458504936,0.11762660628455039,52,13 11 16,0.019230769230769232,3.7142857142857144,0.4642857142857143,0.75,0.0,-0.07560560745852334
ieee5,303,239,0.8134615384615385,,,0.8500000000000001,3.0854740142822266,3.3985378742218018,2.8804266452789307,2.9774587154388428,0.006407815631262526,0.21290780816759383,0.32187187671661377,0.21290781242506845,0.32187187671661377,0,0.0018465863719869119,0.13957338611940295,51,15 6 16,0.038461538461538464,3.857142857142857,0.48214285714285715,0.75,0.0,-0.06690437187041555
ieee5,303,240,0.848076923076923,0.8833333333333333,1.0,0.8500000000000001,3.18041729927063,3.3985581398010254,3.0954720973968506,3.0472211837768555,0.006392785571142285,0.17835225803511484,0.24800333380699158,0.17835226016385214,0.24800333380699158,0,0.0015590164380577894,0.1257070398738453,52,28 16 6,0.019230769230769232,3.857142857142857,0.39285714285714285,0.8035714285714286,0.0,-0.08207066782883235
ieee5,303,241,0.8500000000000001,,,0.8500000000000001,3.1923999786376953,3.3985543251037598,3.0884509086608887,3.0901944637298584,0.006377755511022044,0.14103356110198156,0.19495795667171478,0.14103356216635024,0.19495795667171478,0,-0.006226187894264093,0.11264535307270336,52,6 13 10,0.019230769230769232,3.7142857142857144,0.5,0.75,0.0,-0.12450039599622999
ieee5,303,242,0.8692307692307693,,,0.8500000000000001,3.2152040004730225,3.398559093475342,3.1174726486206055,3.129580497741699,0.006362725450901804,0.1544941088982991,0.23975501954555511,0.15449410676956177,0.2397550344467163,0,2.2997712501539634e-05,0.12250519408422142,52,17 5 22,0.019230769230769232,4.0,0.4107142857142857,0.6428571428571429,0.0,0.029434352048805783
ieee5,303,243,0.8500000000000001,,,0.8500000000000001,3.200092077255249,3.398569345474243,3.09140944480896,3.1102981567382812,0.006347695390781563,0.15544500946998596,0.27145782113075256,0.15544501266309194,0.27145782113075256,0,0.006471774433381283,0.12423672181387989,52,9 29 25,0.019230769230769232,3.857142857142857,0.44642857142857145,0.7678571428571429,0.0,-0.03565458048667226
ieee5,303,244,0.8730769230769232,,,0.8500000000000001,3.229712724685669,3.39857816696167,3.158832550048828,3.1317265033721924,0.0063326653306613225,0.1781275144645146,0.2931857109069824,0.17812751872198923,0.2931857109069824,0,-0.009480964170786766,0.1277637388575537,52,10 21 1,0.019230769230769232,4.142857142857143,0.44642857142857145,0.6785714285714286,0.0,-0.12422667177660125
ieee5,303,245,0.8923076923076922,0.8916666666666666,1.0,0.8500000000000001,3.2127857208251953,3.398576498031616,3.1375231742858887,3.1022582054138184,0.006317635270541082,0.13114886305161885,0.20805293321609497,0.13114886518035615,0.20805293321609497,0,0.0038049845069718477,0.10044772568493932,52,21 18 6,0.019230769230769232,3.4285714285714284,0.5,0.7678571428571429,0.0,0.032803354518754144
ieee5,303,246,0.8326923076923076,,,0.8500000000000001,3.239025592803955,3.3985629081726074,3.1500661373138428,3.1684489250183105,0.006302605210420842,0.138397892670972,0.20373018085956573,0.138397892670972,0.20373019576072693,0,-0.0002471440194103007,0.1285418817906752,52,13 11 6,0.019230769230769232,4.142857142857143,0.42857142857142855,0.6964285714285714,0.0,-0.10445437686783927
ieee5,303,247,0.8557692307692307,,,0.8500000000000001,3.242702007293701,3.398547887802124,3.1802420616149902,3.1493170261383057,0.006287575150300602,0.14705304588590348,0.1669536679983139,0.1470530480146408,0.1669536828994751,0,0.003988128012189498,0.12648599525802207,52,4 8 26,0.019230769230769232,3.857142857142857,0.42857142857142855,0.7678571428571429,0.0,-0.049610680767468045
ieee5,303,248,0.8749999999999999,,,0.8500000000000001,3.259906530380249,3.398531436920166,3.19345760345459,3.187730312347412,0.0062725450901803615,0.11901430892092842,0.15742267668247223,0.11901430679219109,0.15742267668247223,0,-0.005474561646294136,0.11261657124951491,52,17 14 15,0.019230769230769232,3.4285714285714284,0.5,0.8035714285714286,0.0,-0.051832857940878184
ieee5,303,249,0.8788461538461537,,,0.8500000000000001,3.2836358547210693,3.3985376358032227,3.2371747493743896,3.215196132659912,0.00625751503006012,0.11070963953222547,0.17350289225578308,0.11070963740348816,0.17350289225578308,0,0.0032648795436566267,0.11540792939727433,52,7 11 1,0.019230769230769232,3.4285714285714284,0.4642857142857143,0.8035714285714286,0.0,-0.012131196047578539
ieee5,303,250,0.8942307692307693,0.8666666666666667,1.0,0.8500000000000001,3.297109842300415,3.3985354900360107,3.2616937160491943,3.2310993671417236,0.00624248496993988,0.11007442751101085,0.1412554532289505,0.1100744264466422,0.1412554532289505,0,-0.009996790647094782,0.10487816902133744,52,24 29 12,0.019230769230769232,3.142857142857143,0.4642857142857143,0.9107142857142857,0.0,-0.20101333728858403
ieee5,303,251,0.8500000000000001,,,0.8500000000000001,3.287024974822998,3.39852237701416,3.24953293800354,3.2130191326141357,0.00622745490981964,0.11708830935614449,0.16801244020462036,0.11708831042051315,0.16801244020462036,0,0.013633288801289521,0.11236156518792167,52,25 7 26,0.019230769230769232,4.0,0.44642857142857145,0.7142857142857143,0.0,0.06215574273041317
ieee5,303,252,0.8403846153846153,,,0.8500000000000001,3.290949821472168,3.398507595062256,3.2485287189483643,3.225813388824463,0.0062124248496994,0.1286617038505418,0.16776952147483826,0.1286617017218045,0.16776952147483826,0,-0.01039393073341881,0.12997512400326355,52,6 7 26,0.019230769230769232,4.142857142857143,0.4642857142857143,0.6607142857142857,0.0,-0.19513951667717525
ieee5,303,253,0.8499999999999999,,,0.8500000000000001,3.2586801052093506,3.3984830379486084,3.2009713649749756,3.1765875816345215,0.006197394789579158,0.11250376062733787,0.1551784873008728,0.11250376275607518,0.1551784873008728,0,0.002176284610938567,0.11818839287519066,52,16 28 18,0.019230769230769232,4.0,0.4642857142857143,0.7142857142857143,0.0,-0.045345794941697805
ieee5,303,254,0.8384615384615384,,,0.8500000000000001,3.2264060974121094,3.3984744548797607,3.162058115005493,3.118685483932495,0.006182364729458918,0.17779865648065293,0.30369606614112854,0.17779865435191564,0.30369606614112854,0,0.007049098825798585,0.13431994881432946,52,19 13 11,0.019230769230769232,4.0,0.39285714285714285,0.7857142857142857,0.0,-0.10673046112060547
ieee5,303,255,0.8769230769230769,0.8916666666666666,1.0,0.8500000000000001,3.1646671295166016,3.398468017578125,3.0439207553863525,3.051612377166748,0.006167334669338678,0.1564439513853618,0.3079865574836731,0.1564439513853618,0.3079865574836731,0,-0.005982899196589222,0.1053042093910315,52,24 23 6,0.019230769230769232,3.5714285714285716,0.4642857142857143,0.7857142857142857,0.0,-0.07716268726757594
ieee5,303,256,0.8307692307692308,,,0.8500000000000001,3.1132006645202637,3.39847731590271,2.9755539894104004,2.9655706882476807,0.006152304609218438,0.18940868973731995,0.33190393447875977,0.18940868760858262,0.33190393447875977,0,0.008818128685771417,0.12863933085121193,52,11 6 16,0.019230769230769232,4.142857142857143,0.39285714285714285,0.6607142857142857,0.0,0.018754135285105025
ieee5,303,257,0.8538461538461538,,,0.8500000000000001,3.086160898208618,3.3984854221343994,2.9275245666503906,2.9324722290039062,0.006137274549098197,0.17474937492183276,0.3147123456001282,0.1747493770505701,0.31471237540245056,0,-0.00029036071366415574,0.11206936039671844,52,12 23 16,0.019230769230769232,3.7142857142857144,0.42857142857142855,0.7321428571428571,0.0,-0.040150128837142675
ieee5,303,258,0.8557692307692307,,,0.8500000000000001,3.0221433639526367,3.3984997272491455,2.804185628890991,2.8637449741363525,0.006122244488977956,0.21117240829127176,0.37756675481796265,0.21117241148437774,0.37756675481796265,0,-0.004184762235336865,0.12452774446917114,51,9 6 7,0.038461538461538464,3.857142857142857,0.39285714285714285,0.7321428571428571,0.0,-0.063298371221338
ieee5,303,259,0.8442307692307692,,,0.8500000000000001,3.1059489250183105,3.3985202312469482,2.945052146911621,2.974274158477783,0.0061072144288577155,0.15877966263464519,0.25660404562950134,0.15877966157027654,0.25660404562950134,0,0.0009231473489377934,0.12044458556967574,52,25 8 27,0.019230769230769232,4.0,0.44642857142857145,0.7678571428571429,0.0,-0.07677325446690832
ieee5,303,260,0.8326923076923077,0.9083333333333332,1.0,0.8500000000000001,3.0905048847198486,3.3985326290130615,2.885401487350464,2.9875807762145996,0.006092184368737476,0.19142758420535497,0.2417847067117691,0.191427581012249,0.2417846918106079,0,0.008886538732510347,0.13475323286339602,51,10 6 7,0.038461538461538464,3.857142857142857,0.35714285714285715,0.7321428571428571,0.0,0.01910296455025673
ieee5,303,261,0.8826923076923077,,,0.8500000000000001,3.1459808349609375,3.3985555171966553,3.029585123062134,3.0098023414611816,0.006077154308617235,0.16779071518353053,0.21574588119983673,0.16779071944100515,0.21574589610099792,0,-0.011485228395590989,0.1192721325578164,52,1 3 12,0.019230769230769232,3.5714285714285716,0.5,0.6964285714285714,0.0,-0.15909014216491155
ieee5,303,262,0.878846153846154,,,0.8500000000000001,3.1519293785095215,3.398587465286255,3.0346486568450928,3.022552967071533,0.006062124248496994,0.17245672856058394,0.22710129618644714,0.17245672536747797,0.22710129618644714,0,0.004434489089852342,0.12420492553299742,51,17 6 29,0.038461538461538464,3.2857142857142856,0.48214285714285715,0.8392857142857143,0.0,-0.012215392930167062
ieee5,303,263,0.8615384615384615,,,0.8500000000000001,3.170990228652954,3.398611307144165,3.0980496406555176,3.016309976577759,0.006047094188376754,0.16625770500728063,0.2656997740268707,0.1662577028785433,0.26569974422454834,0,-0.006318229572990766,0.11930941531524784,52,29 17 15,0.019230769230769232,3.857142857142857,0.4642857142857143,0.75,0.0,-0.1513358418430601
ieee5,303,264,0.8269230769230769,,,0.8500000000000001,3.1354551315307617,3.3986196517944336,3.001046895980835,3.0066990852355957,0.006032064128256513,0.21889390902859823,0.39788180589675903,0.21889391115733556,0.3978818356990814,0,0.005996231240435288,0.13795000262474796,52,17 18 25,0.019230769230769232,3.857142857142857,0.42857142857142855,0.8214285714285714,0.0,-0.007081446903092521
ieee5,303,265,0.8596153846153847,0.9083333333333332,1.0,0.8500000000000001,3.176442861557007,3.398639440536499,3.0907435417175293,3.039945125579834,0.006017034068136274,0.13601605274847575,0.1850624829530716,0.13601605487721308,0.1850624978542328,0,-0.009690218103619723,0.09467342664360179,52,15 6 16,0.019230769230769232,3.7142857142857144,0.48214285714285715,0.7857142857142857,0.0,-0.16230586916208267
ieee5,303,266,0.8519230769230768,,,0.8500000000000001,3.1177914142608643,3.3986332416534424,2.9718947410583496,2.9828476905822754,0.006002004008016032,0.15927584043570928,0.19198501110076904,0.15927584043570928,0.19198499619960785,0,0.006898804030452783,0.1206922767941008,52,15 16 7,0.019230769230769232,3.857142857142857,0.39285714285714285,0.7857142857142857,0.0,-0.0003159668828759875
ieee5,303,267,0.8384615384615384,,,0.8500000000000001,3.1906678676605225,3.398627758026123,3.0943408012390137,3.0790345668792725,0.005986973947895792,0.1530838363936969,0.1749878078699112,0.15308383532932826,0.1749878078699112,0,0.00045503477164087456,0.1352982164687553,51,25 29 6,0.038461538461538464,3.857142857142857,0.42857142857142855,0.7857142857142857,0.0,-0.07648139766284398
ieee5,303,268,0.8538461538461538,,,0.8500000000000001,3.2158572673797607,3.398618221282959,3.1280224323272705,3.120932102203369,0.005971943887775551,0.15981496976954596,0.22383631765842438,0.15981497189828328,0.22383631765842438,0,0.0027629263125933134,0.12406145702291575,52,22 28 18,0.019230769230769232,3.5714285714285716,0.4107142857142857,0.8571428571428571,0.0,-0.07431846590978759
ieee5,303,269,0.8692307692307693,,,0.8500000000000001,3.1990373134613037,3.3985888957977295,3.1212081909179688,3.077314615249634,0.00595691382765531,0.14403904122965677,0.21325935423374176,0.14403904229402542,0.21325935423374176,0,-0.003919708466408058,0.11598332303677159,52,8 25 6,0.019230769230769232,3.5714285714285716,0.48214285714285715,0.7857142857142857,0.0,-0.08828190235154969
ieee5,303,270,0.8557692307692307,0.8500000000000001,1.0,0.8500000000000001,3.183350086212158,3.398569345474243,3.1033785343170166,3.0481009483337402,0.0059418837675350705,0.17099382409027644,0.2792467772960663,0.17099382196153914,0.2792467474937439,0,-0.0027471713076990386,0.1232095273562536,52,29 9 3,0.019230769230769232,3.857142857142857,0.44642857142857145,0.7857142857142857,0.0,-0.11218992940017156
ieee5,303,271,0.8538461538461537,,,0.8500000000000001,3.210345983505249,3.398564338684082,3.1324803829193115,3.099992513656616,0.00592685370741483,0.1480056984083993,0.21155932545661926,0.14800569947276795,0.21155932545661926,0,-0.0048788856141842325,0.1296007313471298,51,12 15 6,0.038461538461538464,3.7142857142857144,0.4107142857142857,0.8214285714285714,0.0,-0.13618652735437667
ieee5,303,272,0.851923076923077,,,0.8500000000000001,3.24157977104187,3.398554801940918,3.1868772506713867,3.1393074989318848,0.0059118236472945895,0.1409101699079786,0.19868026673793793,0.14091017310108458,0.19868026673793793,0,0.0028509610475829015,0.127375405443935,52,29 20 11,0.019230769230769232,3.5714285714285716,0.48214285714285715,0.8392857142857143,0.0,-0.054577648639678955
ieee5,303,273,0.8673076923076923,,,0.8500000000000001,3.210737705230713,3.3985443115234375,3.1329870223999023,3.100681781768799,0.005896793587174349,0.14910507308585302,0.19012512266635895,0.1491050741502217,0.19012512266635895,0,0.005858196660903139,0.11511472525736818,52,13 18 15,0.019230769230769232,4.0,0.4107142857142857,0.6785714285714286,0.0,-0.03809001137103353
ieee5,303,274,0.8365384615384616,,,0.8500000000000001,3.179532766342163,3.398510217666626,3.06410551071167,3.075981378555298,0.005881763527054108,0.19147290928023203,0.2760383188724518,0.19147290289402008,0.2760382890701294,0,0.00025225993102559674,0.12627142128509755,52,11 4 6,0.019230769230769232,3.857142857142857,0.48214285714285715,0.7678571428571429,0.0,-0.023567990000758852
ieee5,303,275,0.8653846153846152,0.9083333333333332,1.0,0.8500000000000001,3.166337013244629,3.3984720706939697,3.037681818008423,3.062856912612915,0.005866733466933868,0.17481887340545654,0.263200581073761,0.1748188797916685,0.263200581073761,0,-0.006328495953661891,0.12599185738393306,51,10 13 16,0.038461538461538464,3.857142857142857,0.4107142857142857,0.7857142857142857,0.0,-0.13223126477428845
ieee5,303,276,0.8961538461538461,,,0.8500000000000001,3.187074661254883,3.398440361022949,3.088179349899292,3.074603796005249,0.005851703406813628,0.1483134382537433,0.2450181245803833,0.14831343718937465,0.2450181245803833,0,0.002692338516890931,0.11173535293998284,52,22 25 11,0.019230769230769232,3.4285714285714284,0.5178571428571429,0.7857142857142857,0.0,-0.04130374959536961
ieee5,303,277,0.8576923076923078,,,0.8500000000000001,3.2048842906951904,3.3984057903289795,3.1136739253997803,3.102572441101074,0.005836673346693386,0.1587669157556125,0.2320326566696167,0.1587669136268752,0.2320326566696167,0,-0.0007859736707849571,0.1190382059805607,52,23 26 22,0.019230769230769232,3.7142857142857144,0.42857142857142855,0.7857142857142857,0.0,-0.15774864916290557
ieee5,303,278,0.8576923076923078,,,0.8500000000000001,3.1683294773101807,3.3983635902404785,3.0756795406341553,3.0309462547302246,0.005821643286573146,0.14223662657397135,0.20547232031822205,0.14223662976707732,0.20547233521938324,0,0.0006494439036871952,0.11437203904941715,52,1 0 2,0.019230769230769232,3.5714285714285716,0.39285714285714285,0.9107142857142857,0.0,0.024195346449102675
ieee5,303,279,0.8269230769230769,,,0.8500000000000001,3.1803646087646484,3.398341178894043,3.061673641204834,3.0810790061950684,0.005806613226452906,0.13503907727343695,0.1730445772409439,0.13503907727343695,0.1730445772409439,0,0.01922000461378887,0.1192535058823201,52,28 16 3,0.019230769230769232,3.857142857142857,0.44642857142857145,0.7678571428571429,0.0,0.14066605057035172
ieee5,303,280,0.8576923076923074,0.9083333333333332,1.0,0.8500000000000001,3.1038811206817627,3.398310422897339,2.9344189167022705,2.978914737701416,0.005791583166332666,0.16692012867757253,0.22567714750766754,0.16692012867757253,0.22567714750766754,0,-0.02142250465336614,0.11916086319087912,52,27 0 6,0.019230769230769232,3.2857142857142856,0.48214285714285715,0.8571428571428571,0.0,-0.30872888969523565
ieee5,303,281,0.8096153846153847,,,0.8500000000000001,3.1262471675872803,3.3982999324798584,2.9960596561431885,2.984382152557373,0.005776553106212425,0.21045041935784475,0.26490411162376404,0.21045041935784475,0.26490411162376404,0,0.022660117430160217,0.13915656619448166,52,1 28 6,0.019230769230769232,3.857142857142857,0.44642857142857145,0.7857142857142857,0.0,0.2296253474695342
ieee5,303,282,0.8807692307692305,,,0.8500000000000001,3.1098711490631104,3.3983278274536133,2.9455113410949707,2.985774040222168,0.005761523046092184,0.1468271166086197,0.21892553567886353,0.14682711341551372,0.21892553567886353,0,-0.02124039937133113,0.11233564046044887,51,20 16 29,0.038461538461538464,3.5714285714285716,0.44642857142857145,0.8392857142857143,0.0,-0.2606685965188912
ieee5,303,283,0.8615384615384615,,,0.8500000000000001,3.109652280807495,3.398350238800049,2.931746006011963,2.9988603591918945,0.005746492985971944,0.16550586372613907,0.23012714087963104,0.16550586372613907,0.23012714087963104,0,0.0023755527710398803,0.12324533027501579,52,18 3 6,0.019230769230769232,3.857142857142857,0.4107142857142857,0.75,0.0,-0.028643067393984114
ieee5,303,284,0.8788461538461539,,,0.8500000000000001,3.1257753372192383,3.3983583450317383,2.9533963203430176,3.025571584701538,0.005731462925851704,0.1782263485448701,0.2444705069065094,0.1782263464161328,0.2444705069065094,0,-0.007406376798126775,0.12204027543145016,52,1 11 19,0.019230769230769232,3.5714285714285716,0.5,0.7857142857142857,0.0,-0.17979319180761064
ieee5,303,285,0.8653846153846152,0.9083333333333332,1.0,0.8500000000000001,3.014051675796509,3.3983206748962402,2.7869391441345215,2.8568952083587646,0.005716432865731463,0.1755490249821118,0.2652634084224701,0.1755490249821118,0.2652634084224701,0,0.0037220511943675005,0.10608087092576028,50,20 6 16,0.057692307692307696,3.5714285714285716,0.5178571428571429,0.7857142857142857,0.0,-0.08124429040721484
ieee5,303,286,0.8807692307692307,,,0.8500000000000001,2.9731645584106445,3.3982901573181152,2.7151899337768555,2.806013345718384,0.005701402805611222,0.15458269736596517,0.24552342295646667,0.15458269736596517,0.24552342295646667,0,0.004526028248409812,0.10969156546185384,52,3 13 22,0.019230769230769232,3.5714285714285716,0.5178571428571429,0.7857142857142857,0.0,-0.011131085455417633
ieee5,303,287,0.8519230769230769,,,0.8500000000000001,2.958014488220215,3.398263454437256,2.748321533203125,2.7274580001831055,0.005686372745490982,0.2092912080032485,0.2812082767486572,0.20929120481014252,0.2812082767486572,0,-0.0041651899496523235,0.11860530633030052,52,27 29 3,0.019230769230769232,4.0,0.48214285714285715,0.7321428571428571,0.0,-0.12710404608930861
ieee5,303,288,0.8826923076923077,,,0.8500000000000001,2.899441719055176,3.3982503414154053,2.584778308868408,2.715296506881714,0.005671342685370741,0.16439029361520494,0.301432728767395,0.16439029574394226,0.301432728767395,0,0.0017519368825910182,0.09598626779790385,52,13 16 6,0.019230769230769232,3.2857142857142856,0.5357142857142857,0.7678571428571429,0.0,-0.020856411329337528
ieee5,303,289,0.8634615384615384,,,0.8500000000000001,2.9165024757385254,3.3982222080230713,2.6590723991394043,2.692213535308838,0.005656312625250502,0.20278205616133554,0.3009302318096161,0.20278205935444152,0.3009302318096161,0,0.0019055983687464434,0.11724750665707664,51,25 16 6,0.038461538461538464,3.7142857142857144,0.44642857142857145,0.7857142857142857,0.0,-0.040456511612449376
ieee5,303,290,0.8538461538461537,0.9083333333333332,1.0,0.8500000000000001,2.9508650302886963,3.3982021808624268,2.730912685394287,2.723480463027954,0.00564128256513026,0.18169380511556352,0.2767423093318939,0.18169380724430084,0.2767423093318939,0,-0.003680269932374358,0.11391145709864609,52,8 21 29,0.019230769230769232,3.4285714285714284,0.4642857142857143,0.8571428571428571,0.0,-0.06944959930011205
ieee5,303,291,0.8596153846153847,,,0.8500000000000001,2.9754927158355713,3.3981831073760986,2.7839269638061523,2.7443668842315674,0.00562625250501002,0.22270021055425918,0.4438699185848236,0.22270020629678453,0.4438698887825012,0,0.009011727715215575,0.1197891407957329,52,21 28 26,0.019230769230769232,3.7142857142857144,0.44642857142857145,0.8214285714285714,0.0,0.032733125878231864
ieee5,303,292,0.8846153846153845,,,0.8500000000000001,3.041069984436035,3.398184299468994,2.882072925567627,2.842954158782959,0.0056112224448897794,0.14657356590032578,0.2028106451034546,0.1465735680290631,0.2028106451034546,0,-0.009892148968692008,0.10258896776675637,51,16 6 13,0.038461538461538464,3.5714285714285716,0.5892857142857143,0.7321428571428571,0.0,-0.1415665458355631
ieee5,303,293,0.8365384615384616,,,0.8500000000000001,3.031221628189087,3.3982014656066895,2.8779146671295166,2.8175480365753174,0.005596192384769538,0.2683366196496146,0.3941131830215454,0.26833660900592804,0.3941131830215454,0,0.01130555745644065,0.1369554195773612,52,11 3 25,0.019230769230769232,3.857142857142857,0.42857142857142855,0.75,0.0,0.15229117338146483
ieee5,303,294,0.8596153846153844,,,0.8500000000000001,3.081355094909668,3.3982391357421875,2.8989064693450928,2.9469199180603027,0.0055811623246492985,0.15338713462863648,0.2073202133178711,0.15338713782174246,0.2073202133178711,0,-0.012751242853342913,0.11779551366736911,52,24 27 11,0.019230769230769232,3.857142857142857,0.4107142857142857,0.7857142857142857,0.0,-0.17281944464359963
ieee5,303,295,0.8826923076923076,0.9083333333333332,1.0,0.8500000000000001,3.1565985679626465,3.3982772827148438,3.0202794075012207,3.051239013671875,0.005566132264529058,0.16926430272204535,0.26559165120124817,0.16926430804388864,0.26559165120124817,0,0.0006072983210637736,0.12506779132869025,52,10 3 6,0.019230769230769232,3.5714285714285716,0.44642857142857145,0.8571428571428571,0.0,-0.09105714038014412
ieee5,303,296,0.8711538461538463,,,0.8500000000000001,3.205570697784424,3.3982930183410645,3.117994785308838,3.100424289703369,0.005551102204408818,0.14565725943871907,0.2687547504901886,0.14565725943871907,0.2687547504901886,0,0.004171422514795827,0.11061738191372693,52,22 3 18,0.019230769230769232,3.7142857142857144,0.4642857142857143,0.7678571428571429,0.0,-0.0047082677483558655
ieee5,303,297,0.8711538461538461,,,0.8500000000000001,3.24033260345459,3.3983030319213867,3.1731743812561035,3.1495213508605957,0.005536072144288577,0.1363511330315045,0.2926022410392761,0.13635112664529256,0.29260221123695374,0,-0.003404581646184222,0.10606250810226547,52,7 3 16,0.019230769230769232,3.7142857142857144,0.42857142857142855,0.7142857142857143,0.0,-0.08437346454177584
ieee5,303,298,0.8461538461538461,,,0.8500000000000001,3.213634490966797,3.3983073234558105,3.109499931335449,3.1330959796905518,0.005521042084168336,0.18971151007073267,0.2927331328392029,0.18971151219946997,0.2927331328392029,0,0.004440226610033558,0.13510402684944825,52,0 10 29,0.019230769230769232,4.142857142857143,0.39285714285714285,0.6428571428571429,0.0,-0.013279078262192863
ieee5,303,299,0.875,,,0.8500000000000001,3.236699342727661,3.3982934951782227,3.158107280731201,3.1536974906921387,0.005506012024048096,0.15076789685658046,0.21036498248577118,0.15076789898531778,0.21036498248577118,0,-0.003546372230630368,0.12989443043890472,52,22 27 8,0.019230769230769232,3.857142857142857,0.48214285714285715,0.7321428571428571,0.0,-0.05978804560644286
ieee5,303,300,0.8365384615384615,0.8666666666666667,1.0,0.8500000000000001,3.205251932144165,3.398289680480957,3.103672504425049,3.1137924194335938,0.005490981963927856,0.15188212905611312,0.18993280827999115,0.15188213012048177,0.18993279337882996,0,0.01391061244962307,0.12904771296461692,52,27 3 21,0.019230769230769232,4.142857142857143,0.39285714285714285,0.75,0.0,0.11499950236507825
ieee5,303,301,0.8596153846153846,,,0.8500000000000001,3.266359329223633,3.398279905319214,3.2174952030181885,3.183302640914917,0.005475951903807614,0.13418003810303553,0.18662139773368835,0.1341800359742982,0.18662139773368835,0,-0.01034609959102594,0.11913513782586889,52,11 25 9,0.019230769230769232,4.0,0.42857142857142855,0.6428571428571429,0.0,-0.11588516405650548
ieee5,303,302,0.8711538461538461,,,0.8500000000000001,3.211294174194336,3.398261070251465,3.1002261638641357,3.135394811630249,0.005460921843687374,0.13990088871547154,0.2200341522693634,0.13990088658673422,0.2200341522693634,0,-0.008599169870229581,0.11323192754419686,52,26 16 17,0.019230769230769232,3.4285714285714284,0.4642857142857143,0.8392857142857143,0.0,-0.16673578109060014
ieee5,303,303,0.8596153846153846,,,0.8500000000000001,3.237499713897705,3.3982503414154053,3.1563405990600586,3.1579084396362305,0.005445891783567134,0.1298221658383097,0.17376744747161865,0.1298221637095724,0.17376744747161865,0,0.005894930048200946,0.11436218193372463,52,20 29 13,0.019230769230769232,3.5714285714285716,0.5,0.7678571428571429,0.0,-0.042531516402959824
ieee5,303,304,0.8788461538461537,,,0.8500000000000001,3.2642133235931396,3.3982348442077637,3.210805654525757,3.183600902557373,0.005430861723446894,0.11506756395101547,0.14589403569698334,0.11506756395101547,0.14589403569698334,0,0.003051793155184266,0.10801692018438264,52,23 18 27,0.019230769230769232,3.2857142857142856,0.5357142857142857,0.8392857142857143,0.0,-0.06776381922619683
ieee5,303,305,0.8538461538461537,0.8666666666666667,1.0,0.8500000000000001,3.2668988704681396,3.39821457862854,3.215275287628174,3.1872076988220215,0.0054158316633266534,0.145414228950228,0.19218246638774872,0.14541422575712204,0.19218246638774872,0,0.0013812384209953821,0.1352716103246499,51,4 2 18,0.038461538461538464,3.857142857142857,0.48214285714285715,0.7142857142857143,0.0,-0.03895410682473864
ieee5,303,306,0.8423076923076922,,,0.8500000000000001,3.2604575157165527,3.3981919288635254,3.208240270614624,3.174940824508667,0.005400801603206413,0.11532042494841985,0.18216551840305328,0.11532042494841985,0.1821655035018921,0,0.005283608352049039,0.11173338029044697,52,12 6 5,0.019230769230769232,3.857142857142857,0.4107142857142857,0.7857142857142857,0.0,-0.0034897923469543457
ieee5,303,307,0.8500000000000001,,,0.8500000000000001,3.2055282592773438,3.3981618881225586,3.088421106338501,3.1300013065338135,0.005385771543086173,0.17036575824022293,0.33107131719589233,0.17036575930459158,0.33107131719589233,0,-0.008524857783833375,0.11492923853412203,52,21 12 29,0.019230769230769232,3.857142857142857,0.44642857142857145,0.7678571428571429,0.0,-0.11914158452834402
ieee5,303,308,0.8903846153846152,,,0.8500000000000001,3.206929922103882,3.3981359004974365,3.1027650833129883,3.1198885440826416,0.005370741482965933,0.10992996022105217,0.15222835540771484,0.10992996341415814,0.15222835540771484,0,-0.0022635314923648434,0.09623670765529721,52,22 13 10,0.019230769230769232,3.142857142857143,0.5357142857142857,0.8392857142857143,0.0,-0.07397602711405073
ieee5,303,309,0.8653846153846152,,,0.8500000000000001,3.2476232051849365,3.3981058597564697,3.182694435119629,3.1620686054229736,0.005355711422845692,0.1371492339032037,0.18954117596149445,0.137149234435388,0.18954117596149445,0,0.0013985845815533628,0.11968921976857168,52,19 27 8,0.019230769230769232,3.4285714285714284,0.48214285714285715,0.8214285714285714,0.0,-0.14412599482706615
ieee5,303,310,0.8634615384615384,0.8666666666666667,1.0,0.8500000000000001,3.237349033355713,3.3980472087860107,3.174311399459839,3.1396877765655518,0.005340681362725451,0.13180844166449138,0.16813576221466064,0.13180844060012273,0.16813576221466064,0,-0.0019381269454382933,0.11774555472486617,52,5 16 28,0.019230769230769232,4.142857142857143,0.42857142857142855,0.7142857142857143,0.0,-0.11736173874565534
ieee5,303,311,0.8807692307692309,,,0.8500000000000001,3.2131235599517822,3.3979852199554443,3.134310722351074,3.1070749759674072,0.0053256513026052115,0.13539730225290572,0.2309209257364273,0.13539730331727437,0.2309209406375885,0,0.004234792691512177,0.11594040369533914,52,11 5 13,0.019230769230769232,3.4285714285714284,0.5535714285714286,0.75,0.0,0.047039845160075595
ieee5,303,312,0.8576923076923078,,,0.8500000000000001,3.20873761177063,3.397932291030884,3.124521493911743,3.103759288787842,0.00531062124248497,0.14109737213168824,0.1561824232339859,0.14109737213168824,0.1561824232339859,0,0.010209282629567986,0.1238713190314427,52,2 29 25,0.019230769230769232,3.4285714285714284,0.42857142857142855,0.8928571428571429,0.0,0.07562403380870819
ieee5,303,313,0.8884615384615385,,,0.8500000000000001,3.1293418407440186,3.3978841304779053,2.965517997741699,3.0246243476867676,0.00529559118236473,0.15399097544806345,0.22236154973506927,0.15399097331932612,0.22236154973506927,0,-0.018020460059723027,0.12075680593870884,52,16 6 1,0.019230769230769232,3.4285714285714284,0.5357142857142857,0.7678571428571429,0.0,-0.24610098717468126
ieee5,303,314,0.8749999999999999,,,0.8500000000000001,3.1433584690093994,3.3978500366210938,3.0224740505218506,3.0097508430480957,0.005280561122244489,0.1546371015054839,0.25188568234443665,0.1546371073595115,0.25188568234443665,0,0.0042337518489847965,0.11263497510656371,52,23 17 26,0.019230769230769232,3.142857142857143,0.48214285714285715,0.8571428571428571,0.0,-0.01493180010999952
ieee5,303,315,0.8596153846153847,0.8666666666666667,1.0,0.8500000000000001,3.0927670001983643,3.3978209495544434,2.926676034927368,2.9538040161132812,0.005265531062124249,0.18072992456810816,0.29549238085746765,0.18072992456810816,0.29549238085746765,0,0.006140690548188734,0.12534218566390531,52,5 18 26,0.019230769230769232,3.857142857142857,0.42857142857142855,0.75,0.0,0.005495450326374599
ieee5,303,316,0.855769230769231,,,0.8500000000000001,3.067498207092285,3.3978121280670166,2.86130690574646,2.943375825881958,0.005250501002004009,0.14888315967151097,0.2158879190683365,0.14888315967151097,0.2158879190683365,0,-0.004615678989256804,0.1217072753460026,51,15 6 16,0.038461538461538464,4.0,0.44642857142857145,0.7142857142857143,0.0,-0.10489435068198613
ieee5,303,317,0.8442307692307691,,,0.8500000000000001,3.1202914714813232,3.3978116512298584,2.950352907180786,3.0127103328704834,0.005235470941883768,0.20672019783939635,0.4096775949001312,0.20672020316123962,0.4096776247024536,0,0.009504700419851221,0.11487485263323534,52,6 1 12,0.019230769230769232,3.4285714285714284,0.44642857142857145,0.8392857142857143,0.0,0.11459095031023026
ieee5,303,318,0.8576923076923075,,,0.8500000000000001,3.161210775375366,3.3978471755981445,3.0314319133758545,3.054352045059204,0.0052204408817635274,0.14704158582857677,0.20613685250282288,0.1470415879573141,0.20613685250282288,0,-0.00899645616300404,0.11528572549452432,52,0 10 16,0.019230769230769232,3.7142857142857144,0.42857142857142855,0.8392857142857143,0.0,-0.1473474060850484
ieee5,303,319,0.8749999999999999,,,0.8500000000000001,3.1955883502960205,3.397871732711792,3.0930113792419434,3.0958809852600098,0.005205410821643287,0.14810126381261007,0.2679126262664795,0.1481012680700847,0.2679126262664795,0,-0.0044171178983211015,0.12740615409143238,52,26 7 29,0.019230769230769232,3.2857142857142856,0.5,0.8214285714285714,0.0,-0.17806329524942807
ieee5,303,320,0.8538461538461537,0.8666666666666667,1.0,0.8500000000000001,3.1796019077301025,3.3978753089904785,3.0649614334106445,3.075968027114868,0.005190380761523046,0.14765467920473643,0.21532970666885376,0.1476546823978424,0.21532970666885376,0,0.008010880878338447,0.12018661581329537,52,20 3 6,0.019230769230769232,3.5714285714285716,0.44642857142857145,0.8392857142857143,0.0,0.11570028747831072
ieee5,303,321,0.8769230769230769,,,0.8500000000000001,3.177889585494995,3.397874355316162,3.0595898628234863,3.0762057304382324,0.005175350701402805,0.1598659764443125,0.23601388931274414,0.15986597750868117,0.23601390421390533,0,0.0006530822418146551,0.11635964430955688,52,7 3 26,0.019230769230769232,3.5714285714285716,0.44642857142857145,0.7321428571428571,0.0,-0.017205051545585905
ieee5,303,322,0.8442307692307693,,,0.8500000000000001,3.194404125213623,3.397844076156616,3.10504150390625,3.080326557159424,0.005160320641282566,0.1927115565964154,0.39633065462112427,0.1927115587251527,0.39633065462112427,0,0.005272861516389709,0.133859610443256,52,24 2 20,0.019230769230769232,3.5714285714285716,0.375,0.9285714285714286,0.0,-0.018047522753477097
ieee5,303,323,0.8038461538461538,,,0.8500000000000001,3.1989502906799316,3.3978257179260254,3.1011617183685303,3.09786319732666,0.005145290581162325,0.14701535552740097,0.2049984186887741,0.14701535499521665,0.2049984186887741,0,-0.0016913649160414934,0.13229390184976203,52,9 3 16,0.019230769230769232,3.857142857142857,0.42857142857142855,0.7857142857142857,0.0,-0.10822947163666997
ieee5,303,324,0.8730769230769231,,,0.8500000000000001,3.162463426589966,3.3978304862976074,3.0328874588012695,3.0566725730895996,0.005130260521042085,0.1345682559268815,0.19612042605876923,0.1345682591199875,0.19612041115760803,0,-0.015074674711705973,0.11066729807844623,52,17 24 6,0.019230769230769232,3.5714285714285716,0.48214285714285715,0.8214285714285714,0.0,-0.1892787026507514
ieee5,303,325,0.848076923076923,0.8666666666666667,1.0,0.8500000000000001,3.200650453567505,3.3978474140167236,3.103745460510254,3.100358009338379,0.005115230460921843,0.15134992556912558,0.19403325021266937,0.15134992450475693,0.19403325021266937,0,0.011460403105817162,0.1253811578474745,52,9 10 29,0.019230769230769232,4.142857142857143,0.39285714285714285,0.75,0.0,0.077103676540511
ieee5,303,326,0.8480769230769231,,,0.8500000000000001,3.2093405723571777,3.3978662490844727,3.1151669025421143,3.1149890422821045,0.005100200400801604,0.14414824651820318,0.2595645487308502,0.14414824651820318,0.2595645487308502,0,-0.000911401602654503,0.1244404222474144,52,2 6 26,0.019230769230769232,3.857142857142857,0.4642857142857143,0.75,0.0,-0.020950751645224436
ieee5,303,327,0.8576923076923075,,,0.8500000000000001,3.2374415397644043,3.3978779315948486,3.1696102619171143,3.144836187362671,0.005085170340681363,0.13262446969747543,0.1908155232667923,0.13262446969747543,0.1908155232667923,0,0.0018696314834344846,0.11779223464231656,52,28 16 8,0.019230769230769232,3.7142857142857144,0.44642857142857145,0.75,0.0,-0.003638054643358503
ieee5,303,328,0.8711538461538461,,,0.8500000000000001,3.250379800796509,3.3978679180145264,3.1792192459106445,3.174050807952881,0.005070140280561122,0.13890730376754487,0.1803613305091858,0.13890730163880757,0.1803613305091858,0,-0.008840560897414643,0.12023383141008534,52,21 20 7,0.019230769230769232,3.7142857142857144,0.5,0.75,0.0,-0.1847593209573201
ieee5,303,329,0.8653846153846154,,,0.8500000000000001,3.2620604038238525,3.3978397846221924,3.2136693000793457,3.1746721267700195,0.0050551102204408815,0.13646959513425827,0.22133448719978333,0.13646959406988962,0.22133448719978333,0,0.0028178903605574025,0.12854742511088207,52,8 0 18,0.019230769230769232,3.4285714285714284,0.5,0.8571428571428571,0.0,0.001337650098970958
ieee5,303,330,0.8288461538461538,0.8666666666666667,1.0,0.8500000000000001,3.255586624145508,3.3978352546691895,3.1939587593078613,3.174964427947998,0.005040080160320641,0.14253859434809005,0.17912691831588745,0.142538597541196,0.17912691831588745,0,0.006441149036758221,0.12883227402187275,52,7 29 8,0.019230769230769232,3.857142857142857,0.44642857142857145,0.7321428571428571,0.0,0.05165811521666391
ieee5,303,331,0.8384615384615385,,,0.8500000000000001,3.2599546909332275,3.397852897644043,3.1970458030700684,3.1849658489227295,0.0050250501002004015,0.12495984030621392,0.16254639625549316,0.12495983711310796,0.16254638135433197,0,0.003156909325088446,0.1246189294497102,52,17 27 26,0.019230769230769232,4.0,0.4107142857142857,0.75,0.0,0.019808643630572727
ieee5,303,332,0.8423076923076922,,,0.8500000000000001,3.2703683376312256,3.397857904434204,3.2189717292785645,3.194274663925171,0.005010020040080161,0.13770366779395513,0.18487852811813354,0.13770366992269242,0.18487852811813354,0,-0.0037217139694033763,0.12005582605524692,52,2 11 28,0.019230769230769232,4.142857142857143,0.4107142857142857,0.6964285714285714,0.0,-0.06175908925277846
ieee5,303,333,0.8538461538461538,,,0.8500000000000001,3.268021821975708,3.3978559970855713,3.2109410762786865,3.195268154144287,0.00499498997995992,0.12984535417386464,0.18307040631771088,0.12984535204512732,0.18307040631771088,0,-0.0012897650997799176,0.1204759522969272,52,10 11 16,0.019230769230769232,3.857142857142857,0.4107142857142857,0.6964285714285714,0.0,-0.0541951847927911
ieee5,303,334,0.8653846153846152,,,0.8500000000000001,3.276280403137207,3.397831916809082,3.234152317047119,3.196857213973999,0.004979959919839679,0.11249923067433494,0.15563617646694183,0.11249922535249166,0.15563617646694183,0,-0.0005010085162491753,0.11097001149670771,52,4 26 10,0.019230769230769232,3.5714285714285716,0.48214285714285715,0.7857142857142857,0.0,-0.026313409209251404
ieee5,303,335,0.8711538461538461,0.8666666666666667,1.0,0.8500000000000001,3.279937982559204,3.397796392440796,3.23746395111084,3.2045516967773438,0.00496492985971944,0.13368878726448333,0.16248926520347595,0.133688785135746,0.16248925030231476,0,-0.00401225510554818,0.13464089672209384,52,29 12 6,0.019230769230769232,3.7142857142857144,0.44642857142857145,0.7678571428571429,0.0,-0.081096101552248
ieee5,303,336,0.855769230769231,,,0.8500000000000001,3.272735118865967,3.3977715969085693,3.213846445083618,3.206587076187134,0.004949899799599198,0.14188421304736817,0.18757891654968262,0.14188421411173685,0.1875789314508438,0,0.0027798373395433794,0.1357453231464725,52,25 16 7,0.019230769230769232,3.857142857142857,0.4642857142857143,0.7142857142857143,0.0,0.05223185515829495
ieee5,303,337,0.8788461538461537,,,0.8500000000000001,3.2618067264556885,3.397738456726074,3.1949172019958496,3.1927645206451416,0.004934869739478958,0.1143372149339744,0.22313810884952545,0.1143372149339744,0.22313810884952545,0,-0.0022821008214333025,0.10787613254414877,52,11 2 16,0.019230769230769232,3.4285714285714284,0.5,0.8214285714285714,0.0,-0.053294193531785695
ieee5,303,338,0.8769230769230769,,,0.8500000000000001,3.269435405731201,3.397700786590576,3.2056655883789062,3.204939603805542,0.004919839679358717,0.10617393255233765,0.15368393063545227,0.10617393468107496,0.15368393063545227,0,0.0023459066399552217,0.11229402530764158,51,4 16 8,0.038461538461538464,3.4285714285714284,0.42857142857142855,0.8392857142857143,0.0,-0.029905027576855252
ieee5,303,339,0.8538461538461537,,,0.8500000000000001,3.264413356781006,3.3976798057556152,3.2107603549957275,3.184800863265991,0.004904809619238477,0.11180812971932548,0.15228384733200073,0.11180812971932548,0.15228384733200073,0,-7.909683224100333e-05,0.11602691984651542,51,25 16 2,0.038461538461538464,3.7142857142857144,0.48214285714285715,0.7678571428571429,0.0,-0.061078248279435296
ieee5,303,340,0.8769230769230769,0.8666666666666667,1.0,0.8500000000000001,3.2376534938812256,3.3976664543151855,3.1533455848693848,3.161947011947632,0.004889779559118237,0.10732339535440717,0.1595752239227295,0.10732339641877583,0.1595752239227295,0,-0.011224568570749117,0.11301102011989377,52,12 13 0,0.019230769230769232,3.4285714285714284,0.5178571428571429,0.8214285714285714,0.0,-0.18849920853972435
ieee5,303,341,0.8711538461538461,,,0.8500000000000001,3.248910665512085,3.397664785385132,3.1940298080444336,3.155036687850952,0.004874749498997996,0.1523271980030196,0.20234689116477966,0.15232719587428228,0.20234689116477966,0,0.009883719102407876,0.13426750894318637,52,9 6 2,0.019230769230769232,3.2857142857142856,0.5,0.8214285714285714,0.0,0.07981396040746144
ieee5,303,342,0.8307692307692307,,,0.8500000000000001,3.2322194576263428,3.3976640701293945,3.1677067279815674,3.1312875747680664,0.0048597194388777555,0.1345007781471525,0.19430051743984222,0.13450077495404653,0.19430050253868103,0,0.00475185876712203,0.12438255307471606,52,7 3 2,0.019230769230769232,4.285714285714286,0.375,0.7142857142857143,0.0,0.032686643834624975
ieee5,303,343,0.8461538461538461,,,0.8500000000000001,3.21474552154541,3.3976757526397705,3.126085042953491,3.120476245880127,0.004844689378757515,0.179362776024001,0.2923632860183716,0.17936278028147562,0.2923632860183716,0,0.0023668306664778637,0.1370426603708844,51,29 5 6,0.038461538461538464,4.0,0.4107142857142857,0.75,0.0,-0.03331476024218968
ieee5,303,344,0.8442307692307692,,,0.8500000000000001,3.225987672805786,3.3977062702178955,3.1468300819396973,3.1334269046783447,0.004829659318637274,0.16255906330687658,0.23532706499099731,0.16255905904940196,0.23532706499099731,0,-0.004317908619458859,0.13415955420960654,52,1 20 9,0.019230769230769232,4.285714285714286,0.39285714285714285,0.6964285714285714,0.0,-0.10464512450354439
ieee5,303,345,0.8884615384615382,0.8666666666666667,1.0,0.8500000000000001,3.2415454387664795,3.397735357284546,3.166295051574707,3.160606622695923,0.004814629258517034,0.11007221362420491,0.16647280752658844,0.11007221575294222,0.16647282242774963,0,-0.0010771617593351179,0.10621490540675384,52,9 6 26,0.019230769230769232,3.2857142857142856,0.5,0.8392857142857143,0.0,-0.02984140334384782
ieee5,303,346,0.8461538461538461,,,0.8500000000000001,3.253354787826538,3.397744655609131,3.193936824798584,3.1683809757232666,0.004799599198396794,0.13753774442843028,0.22770145535469055,0.1375377412353243,0.22770142555236816,0,0.007593026850372553,0.10771527962389238,52,20 16 7,0.019230769230769232,3.7142857142857144,0.44642857142857145,0.7857142857142857,0.0,0.08889322195734296
ieee5,303,347,0.8634615384615384,,,0.8500000000000001,3.263939619064331,3.3977367877960205,3.2036402225494385,3.1904428005218506,0.004784569138276553,0.12299022610698428,0.14577458798885345,0.12299022717135293,0.14577458798885345,0,-0.012463115030326523,0.11660819050309386,52,14 7 0,0.019230769230769232,3.5714285714285716,0.5,0.8035714285714286,0.0,-0.20591638556548528
ieee5,303,348,0.8480769230769231,,,0.8500000000000001,3.2546863555908203,3.3977274894714355,3.1839981079101562,3.182333469390869,0.004769539078156313,0.11512905678578786,0.16927756369113922,0.11512905785015651,0.16927757859230042,0,0.008209306934776787,0.1139355714196936,52,14 26 22,0.019230769230769232,3.4285714285714284,0.4642857142857143,0.8214285714285714,0.0,0.034042537212371826
ieee5,303,349,0.8980769230769229,,,0.8500000000000001,3.25150203704834,3.3977131843566895,3.180234670639038,3.1765573024749756,0.004754509018036071,0.10495387975658689,0.21434126794338226,0.10495387762784958,0.21434125304222107,0,-0.012789297695585096,0.09713173581323419,52,8 15 3,0.019230769230769232,3.4285714285714284,0.44642857142857145,0.8035714285714286,0.0,-0.16732215402381762
ieee5,303,350,0.875,0.8666666666666667,1.0,0.8500000000000001,3.268199920654297,3.3977038860321045,3.215543508529663,3.191352605819702,0.004739478957915832,0.13683516745056426,0.21773847937583923,0.13683516745056426,0.21773847937583923,0,0.0025628590094409166,0.1229690836984688,52,11 12 28,0.019230769230769232,3.7142857142857144,0.44642857142857145,0.8214285714285714,0.0,-0.09225764444896153
ieee5,303,351,0.8711538461538461,,,0.8500000000000001,3.2662670612335205,3.3976922035217285,3.200956106185913,3.2001521587371826,0.004724448897795591,0.12790359450238092,0.2158121019601822,0.12790359343801225,0.2158121019601822,0,-0.002034018764299197,0.11522938859306996,51,15 16 19,0.038461538461538464,3.7142857142857144,0.4642857142857143,0.7857142857142857,0.0,-0.06130104565194675
ieee5,303,352,0.8634615384615383,,,0.8500000000000001,3.2533605098724365,3.397677421569824,3.189192295074463,3.173210620880127,0.00470941883767535,0.11425870444093432,0.14465871453285217,0.11425870444093432,0.14465871453285217,0,0.007405892177932681,0.11594757370987072,51,20 2 13,0.038461538461538464,4.0,0.42857142857142855,0.7321428571428571,0.0,-0.009529364960534232
ieee5,303,353,0.8788461538461539,,,0.8500000000000001,3.269003391265869,3.397649049758911,3.206814765930176,3.202548027038574,0.00469438877755511,0.09805979845779282,0.19588640332221985,0.09805979739342417,0.19588640332221985,0,0.005857350962917105,0.09359605356462347,52,4 6 13,0.019230769230769232,3.7142857142857144,0.4642857142857143,0.6964285714285714,0.0,0.09142869923795972
ieee5,303,354,0.8596153846153846,,,0.8500000000000001,3.2717716693878174,3.397632360458374,3.2168352603912354,3.200847625732422,0.004679358717434869,0.11639808118343353,0.16601094603538513,0.1163980843765395,0.16601096093654633,0,-0.015195249680590887,0.10619654841818642,52,19 1 16,0.019230769230769232,3.4285714285714284,0.4642857142857143,0.875,0.0,-0.207397494997297
ieee5,303,355,0.8999999999999999,0.8666666666666667,1.0,0.8500000000000001,3.2627668380737305,3.3976423740386963,3.2018988132476807,3.1887598037719727,0.0046643286573146295,0.11591217241116933,0.16983291506767273,0.11591217347553798,0.16983292996883392,0,0.004333319873694563,0.10249410113908783,52,17 13 6,0.019230769230769232,3.4285714285714284,0.48214285714285715,0.8035714285714286,0.0,0.00938522070646286
ieee5,303,356,0.8711538461538461,,,0.8500000000000001,3.2715840339660645,3.397660732269287,3.2216875553131104,3.1954052448272705,0.004649298597194389,0.13247888961008616,0.15861812233924866,0.13247888854571752,0.15861812233924866,0,-0.001032989240439537,0.1270663218790981,52,21 6 3,0.019230769230769232,3.857142857142857,0.44642857142857145,0.75,0.0,-0.06295102408954076
ieee5,303,357,0.8365384615384616,,,0.8500000000000001,3.2814955711364746,3.3976593017578125,3.2249107360839844,3.2219159603118896,0.004634268537074148,0.16362216430050985,0.2817387580871582,0.16362216217177256,0.2817387282848358,0,0.012489654293928582,0.14133998253060054,52,28 16 23,0.019230769230769232,3.5714285714285716,0.44642857142857145,0.8392857142857143,0.0,0.027993334191186086
ieee5,303,358,0.8788461538461537,,,0.8500000000000001,3.289824962615967,3.3976387977600098,3.244554281234741,3.2272822856903076,0.004619238476953907,0.1334865199668067,0.18588091433048248,0.1334865199668067,0.18588091433048248,0,-0.004389902914856345,0.12155370334725528,52,7 4 10,0.019230769230769232,3.4285714285714284,0.5,0.7142857142857143,0.0,-0.060532583722046444
ieee5,303,359,0.8596153846153847,,,0.8500000000000001,3.3077430725097656,3.397634744644165,3.280879020690918,3.2447152137756348,0.004604208416833668,0.12324732861348561,0.20055998861789703,0.12324733074222292,0.20055998861789703,0,0.0010010958291017092,0.12197709705541893,52,1 10 13,0.019230769230769232,4.285714285714286,0.39285714285714285,0.625,0.0,-0.021160719650132314
ieee5,303,360,0.8538461538461538,0.8666666666666667,1.0,0.8500000000000001,3.296496629714966,3.3976221084594727,3.2522530555725098,3.239614963531494,0.004589178356713426,0.13486105629376002,0.1646519899368286,0.13486105097191675,0.1646519899368286,0,-0.0058473613148985,0.12246361921520303,52,8 17 20,0.019230769230769232,3.857142857142857,0.42857142857142855,0.8035714285714286,0.0,-0.16261741518974304
ieee5,303,361,0.8634615384615383,,,0.8500000000000001,3.309044361114502,3.397606372833252,3.281503200531006,3.2480227947235107,0.004574148296593187,0.10805091634392738,0.1437198370695114,0.108050922197955,0.1437198370695114,0,0.0012269498816189857,0.12674248412572905,52,15 17 26,0.019230769230769232,3.7142857142857144,0.5,0.7857142857142857,0.0,-0.030180675642830983
ieee5,303,362,0.8576923076923074,,,0.8500000000000001,3.3126752376556396,3.397596836090088,3.2809319496154785,3.2594971656799316,0.004559118236472946,0.1297395665730749,0.1849704384803772,0.12973956763744354,0.1849704384803772,0,0.0013122130991317905,0.12770742282747952,52,7 22 20,0.019230769230769232,4.0,0.4107142857142857,0.75,0.0,-0.038594464638403485
ieee5,303,363,0.8942307692307693,,,0.8500000000000001,3.3166511058807373,3.3976023197174072,3.2880749702453613,3.264275074005127,0.004544088176352705,0.09970899671316147,0.14982585608959198,0.09970899884189878,0.14982587099075317,0,-0.003777351084863767,0.10356022509320449,52,15 25 26,0.019230769230769232,3.0,0.5,0.875,0.0,-0.038909083498375754
ieee5,303,364,0.8384615384615384,,,0.8500000000000001,3.3190855979919434,3.3976049423217773,3.292747735977173,3.266901731491089,0.004529058116232465,0.11405717794384275,0.19692102074623108,0.11405717581510544,0.19692102074623108,0,0.006262565257762058,0.11292473885694214,52,11 18 7,0.019230769230769232,3.4285714285714284,0.48214285714285715,0.875,0.0,0.015892661043575833
ieee5,303,365,0.8730769230769233,0.8916666666666666,1.0,0.8500000000000001,3.322514772415161,3.3975906372070312,3.2951250076293945,3.2748289108276367,0.004514028056112225,0.11049225181341171,0.1810121238231659,0.11049225394214902,0.1810121238231659,0,0.0038439063735915204,0.12131776153156383,52,7 8 17,0.019230769230769232,3.7142857142857144,0.4642857142857143,0.7857142857142857,0.0,0.0662121671651091
ieee5,303,366,0.8653846153846154,,,0.8500000000000001,3.323883533477783,3.3975603580474854,3.298999547958374,3.275090456008911,0.0044989979959919844,0.13438978791236877,0.21499021351337433,0.13438978791236877,0.21499021351337433,0,-0.0063285950320557905,0.12606847115600808,52,25 0 2,0.019230769230769232,3.857142857142857,0.42857142857142855,0.6964285714285714,0.0,-0.08265519993645805
ieee5,303,367,0.8499999999999999,,,0.8500000000000001,3.3247320652008057,3.3975374698638916,3.298816204071045,3.2778425216674805,0.004483967935871745,0.12314271235040256,0.1684967577457428,0.12314271447913987,0.1684967577457428,0,-0.0004374581375696625,0.12933831744176477,52,16 11 17,0.019230769230769232,3.2857142857142856,0.48214285714285715,0.8214285714285714,0.0,-0.14922221962894713
ieee5,303,368,0.8500000000000001,,,0.8500000000000001,3.3216264247894287,3.397503137588501,3.298400640487671,3.2689759731292725,0.0044689378757515035,0.12284202767269951,0.21999241411685944,0.12284202767269951,0.21999241411685944,0,-0.0009348335174413827,0.12941312458503934,52,13 27 24,0.019230769230769232,3.4285714285714284,0.48214285714285715,0.8571428571428571,0.0,-0.10705389933926719
ieee5,303,369,0.8769230769230768,,,0.8500000000000001,3.3197882175445557,3.3974668979644775,3.294254779815674,3.2676405906677246,0.004453907815631263,0.10261272372944015,0.14387166500091553,0.10261272426162447,0.14387166500091553,0,-0.003493215440987394,0.11438825685892433,52,5 11 6,0.019230769230769232,3.2857142857142856,0.5178571428571429,0.8214285714285714,0.0,-0.1279451506478446
ieee5,303,370,0.8788461538461539,0.8916666666666666,1.0,0.8500000000000001,3.323491096496582,3.3974368572235107,3.300532102584839,3.272505044937134,0.004438877755511023,0.12252067668097359,0.1547098308801651,0.12252067455223628,0.1547098308801651,0,-0.004114214521205912,0.12423915396913603,52,5 8 13,0.019230769230769232,3.142857142857143,0.4642857142857143,0.8392857142857143,0.0,-0.0666539796761104
ieee5,303,371,0.8769230769230768,,,0.8500000000000001,3.3219120502471924,3.3974263668060303,3.2980194091796875,3.2702889442443848,0.004423847695390781,0.10639759366001401,0.16402044892311096,0.1063975915312767,0.16402044892311096,0,0.004654245831681272,0.11999807077803341,52,10 11 5,0.019230769230769232,3.4285714285714284,0.5,0.7678571428571429,0.0,-0.01249025176678385
ieee5,303,372,0.8634615384615386,,,0.8500000000000001,3.326146125793457,3.397421360015869,3.30362868309021,3.277388095855713,0.004408817635270541,0.10818543178694588,0.16242380440235138,0.10818543285131454,0.16242380440235138,0,0.005523619040524444,0.11352031279295738,52,16 23 11,0.019230769230769232,4.0,0.4642857142857143,0.6964285714285714,0.0,0.004642595137868609
ieee5,303,373,0.8634615384615386,,,0.8500000000000001,3.3275115489959717,3.3974251747131348,3.3074984550476074,3.277611255645752,0.004393787575150301,0.1248119877917426,0.17059797048568726,0.1248119877917426,0.17059797048568726,0,0.0019859412882047203,0.12400479940862974,52,25 8 16,0.019230769230769232,3.7142857142857144,0.4642857142857143,0.75,0.0,-0.04532679170370102
ieee5,303,374,0.8961538461538462,,,0.8500000000000001,3.3289458751678467,3.397408962249756,3.309746742248535,3.2796812057495117,0.004378757515030061,0.09587008080312184,0.14665500819683075,0.09587008186749049,0.14665500819683075,0,-0.015231409440765184,0.10735234557307885,52,1 23 0,0.019230769230769232,3.7142857142857144,0.5178571428571429,0.75,0.0,-0.219255160008158
ieee5,303,375,0.8711538461538461,0.8666666666666667,1.0,0.8500000000000001,3.328089714050293,3.397395133972168,3.308946371078491,3.277928352355957,0.00436372745490982,0.12290107937795776,0.1796470731496811,0.12290107937795776,0.1796470731496811,0,0.00779872114967125,0.1215231253050059,52,19 12 8,0.019230769230769232,3.2857142857142856,0.5178571428571429,0.8571428571428571,0.0,-0.012169267982244492
ieee5,303,376,0.8615384615384616,,,0.8500000000000001,3.3318865299224854,3.3974103927612305,3.315382719039917,3.2828638553619385,0.004348697394789579,0.10568178657974515,0.1874278485774994,0.1056817855153765,0.1874278485774994,0,0.0028967309671525773,0.11636513847142393,52,16 29 2,0.019230769230769232,3.7142857142857144,0.39285714285714285,0.8392857142857143,0.0,-0.03610333800315857
ieee5,303,377,0.8596153846153847,,,0.8500000000000001,3.3312182426452637,3.3974201679229736,3.312164068222046,3.2840707302093506,0.004333667334669339,0.12575228831597737,0.19815652072429657,0.12575228725160872,0.19815652072429657,0,0.002666433126880572,0.128926100816665,51,17 21 16,0.038461538461538464,4.142857142857143,0.4107142857142857,0.7142857142857143,0.0,-0.0429652173604284
ieee5,303,378,0.8538461538461538,,,0.8500000000000001,3.3268206119537354,3.3974199295043945,3.3055787086486816,3.2774620056152344,0.004318637274549099,0.10685656805123601,0.1384200155735016,0.10685656858342034,0.1384200155735016,0,0.00043982993632268446,0.11985491107038673,52,8 17 6,0.019230769230769232,4.142857142857143,0.4107142857142857,0.7321428571428571,0.0,-0.056478872895240784
ieee5,303,379,0.9096153846153846,,,0.8500000000000001,3.3291425704956055,3.397409677505493,3.3130033016204834,3.2770140171051025,0.004303607214428858,0.06504244077950716,0.10425775498151779,0.06504244250910622,0.10425775498151779,0,-0.008533491005297177,0.08780077385748018,52,16 29 6,0.019230769230769232,3.0,0.6785714285714286,0.8214285714285714,0.0,-0.12828142195940018
ieee5,303,380,0.8423076923076922,0.875,1.0,0.8500000000000001,3.3217756748199463,3.3973894119262695,3.3003382682800293,3.2675998210906982,0.004288577154308617,0.1084007950765746,0.13603195548057556,0.1084007950765746,0.13603195548057556,0,0.010016917600296438,0.11814635496113046,52,4 17 12,0.019230769230769232,3.5714285714285716,0.44642857142857145,0.7857142857142857,0.0,-0.005706489618335452
ieee5,303,381,0.8730769230769231,,,0.8500000000000001,3.3208014965057373,3.3973629474639893,3.3002400398254395,3.264800548553467,0.004273547094188377,0.08573610761335917,0.12027502059936523,0.08573610761335917,0.12027502059936523,0,-0.010683124984587686,0.10517206100702008,52,23 10 13,0.019230769230769232,3.7142857142857144,0.48214285714285715,0.7857142857142857,0.0,-0.1483769060245582
ieee5,303,382,0.8403846153846153,,,0.8500000000000001,3.312279224395752,3.397348165512085,3.2820863723754883,3.2574026584625244,0.004258517034068137,0.1163925432733127,0.13396796584129333,0.11639254540205002,0.13396796584129333,0,0.005893001288103943,0.12932569461247412,52,16 11 25,0.019230769230769232,3.7142857142857144,0.44642857142857145,0.7678571428571429,0.0,-0.015253507665225438
ieee5,303,383,0.8576923076923075,,,0.8500000000000001,3.3151745796203613,3.3973309993743896,3.2915239334106445,3.2566685676574707,0.004243486973947897,0.1175205542572907,0.23239797353744507,0.11752055532165936,0.23239798843860626,0,0.006881055977338782,0.12255075716582883,52,4 22 1,0.019230769230769232,3.7142857142857144,0.4107142857142857,0.6785714285714286,0.0,0.02068727197391646
ieee5,303,384,0.8634615384615386,,,0.8500000000000001,3.311771869659424,3.3973264694213867,3.2845890522003174,3.25339937210083,0.004228456913827655,0.11072718298860959,0.22556070983409882,0.11072718458516258,0.22556070983409882,0,0.001437055654465579,0.11352568337475966,52,8 19 10,0.019230769230769232,3.5714285714285716,0.5357142857142857,0.7321428571428571,0.0,0.10441463919622558
ieee5,303,385,0.8846153846153846,0.8916666666666666,1.0,0.8500000000000001,3.3096110820770264,3.3973164558410645,3.282498598098755,3.2490172386169434,0.004213426853707415,0.1104100016610963,0.16554337739944458,0.11041000059672765,0.16554337739944458,0,-0.010828998851558516,0.12218569279248642,52,21 16 29,0.019230769230769232,3.5714285714285716,0.5178571428571429,0.7857142857142857,0.0,-0.22479549103549548
ieee5,303,386,0.8788461538461537,,,0.8500000000000001,3.308297872543335,3.397303342819214,3.280944347381592,3.2466466426849365,0.004198396793587174,0.10907291088785444,0.16208484768867493,0.10907291088785444,0.16208484768867493,0,-0.0018748167673878085,0.11437747642067073,52,18 21 26,0.019230769230769232,3.7142857142857144,0.4107142857142857,0.7857142857142857,0.0,-0.07761189820511001
ieee5,303,387,0.846153846153846,,,0.8500000000000001,3.3018646240234375,3.39728045463562,3.2663419246673584,3.2419722080230713,0.004183366733466933,0.13917605685336248,0.19793009757995605,0.13917605685336248,0.19793009757995605,0,0.012301968338970955,0.1302674153363077,52,9 21 1,0.019230769230769232,4.142857142857143,0.42857142857142855,0.6785714285714286,0.0,0.09765193930694036
ieee5,303,388,0.8173076923076922,,,0.8500000000000001,3.309715747833252,3.3972675800323486,3.2791197299957275,3.252760171890259,0.004168336673346693,0.13494594182286943,0.17409683763980865,0.13494593969413213,0.17409683763980865,0,-0.002133269006243119,0.12823802909112106,52,16 6 9,0.019230769230769232,4.0,0.42857142857142855,0.75,0.0,-0.1207062623330525
ieee5,303,389,0.8326923076923075,,,0.8500000000000001,3.3103959560394287,3.397273063659668,3.2794647216796875,3.254450798034668,0.004153306613226453,0.11253124475479126,0.16648094356060028,0.11253124475479126,0.16648095846176147,0,0.008128607342279373,0.1200149134249226,52,28 4 22,0.019230769230769232,4.142857142857143,0.4107142857142857,0.7142857142857143,0.0,0.027889794004814967
ieee5,303,390,0.8461538461538461,0.8916666666666666,1.0,0.8500000000000001,3.315791130065918,3.397258758544922,3.287710666656494,3.262404203414917,0.0041382765531062125,0.11912107786961965,0.17500504851341248,0.11912107574088233,0.17500504851341248,0,0.0013395385780873208,0.12219464125245744,52,6 16 10,0.019230769230769232,3.857142857142857,0.375,0.8392857142857143,0.0,0.047186506646020074
ieee5,303,391,0.8634615384615384,,,0.8500000000000001,3.323145866394043,3.3972461223602295,3.303896903991699,3.2682948112487793,0.004123246492985973,0.10867452621459961,0.1414080709218979,0.10867452727896827,0.1414080709218979,0,-0.016014603432267904,0.12281695855881637,52,11 20 18,0.019230769230769232,3.5714285714285716,0.5,0.8035714285714286,0.0,-0.2536980988723891
ieee5,303,392,0.8326923076923076,,,0.8500000000000001,3.316985607147217,3.3972482681274414,3.2880163192749023,3.2656924724578857,0.004108216432865732,0.1207377559372357,0.16431023180484772,0.1207377559372357,0.16431021690368652,0,0.00504564623742436,0.11995972634978433,52,13 6 18,0.019230769230769232,3.7142857142857144,0.42857142857142855,0.8035714285714286,0.0,-0.07177580786602837
ieee5,303,393,0.8846153846153846,,,0.8500000000000001,3.315798282623291,3.3972413539886475,3.286978006362915,3.2631750106811523,0.004093186372745491,0.10891338331358773,0.15101779997348785,0.10891338331358773,0.15101779997348785,0,-0.006403288432361128,0.1205313103022206,52,14 12 16,0.019230769230769232,3.4285714285714284,0.5,0.8214285714285714,0.0,-0.14856105617114476
ieee5,303,394,0.8865384615384616,,,0.8500000000000001,3.3188636302948,3.3972373008728027,3.2967019081115723,3.262653112411499,0.004078156312625251,0.10859522542783193,0.1766025274991989,0.10859522117035729,0.1766025274991989,0,0.0004778593832340378,0.124959209887569,52,24 11 27,0.019230769230769232,3.4285714285714284,0.5,0.7678571428571429,0.0,0.0035815324102129254
ieee5,303,395,0.8692307692307691,0.8916666666666666,1.0,0.8500000000000001,3.3088417053222656,3.397216320037842,3.2785656452178955,3.250743865966797,0.004063126252505009,0.1363805958202907,0.3550662696361542,0.13638059262718474,0.3550662696361542,0,0.0018811013030174833,0.11277967106572456,52,19 29 1,0.019230769230769232,3.7142857142857144,0.48214285714285715,0.75,0.0,0.026252796607358114
ieee5,303,396,0.8423076923076924,,,0.8500000000000001,3.318479061126709,3.3972291946411133,3.2981936931610107,3.260014533996582,0.004048096192384769,0.12767278190170014,0.1830856055021286,0.12767277977296285,0.1830856055021286,0,0.0005221465387596533,0.13752413144325887,52,17 9 16,0.019230769230769232,4.0,0.42857142857142855,0.7857142857142857,0.0,-0.054928491690329144
ieee5,303,397,0.8480769230769231,,,0.8500000000000001,3.3193602561950684,3.3972599506378174,3.2914278507232666,3.269392728805542,0.004033066132264529,0.11610408872365952,0.15169943869113922,0.1161040865949222,0.15169943869113922,0,0.004726458233422958,0.12726369589052886,52,28 22 2,0.019230769230769232,4.0,0.4107142857142857,0.75,0.0,0.056017281753676276
ieee5,303,398,0.8730769230769232,,,0.8500000000000001,3.317979097366333,3.397277355194092,3.291996955871582,3.264662265777588,0.004018036072144289,0.1022649056145123,0.20209117233753204,0.10226490667888097,0.20209118723869324,0,-0.0017455616930069833,0.10788042396384206,52,19 8 3,0.019230769230769232,3.2857142857142856,0.4642857142857143,0.7678571428571429,0.0,0.021194831069026674
ieee5,303,399,0.8403846153846153,,,0.8500000000000001,3.320171356201172,3.3972907066345215,3.2964987754821777,3.2667250633239746,0.004003006012024048,0.14621003078562872,0.2710364758968353,0.14621003078562872,0.2710364758968353,0,0.0057030145007257275,0.14285719672836092,52,18 3 11,0.019230769230769232,4.0,0.4107142857142857,0.7678571428571429,0.0,0.06499740694250379
ieee5,303,400,0.8365384615384615,0.8916666666666666,1.0,0.8500000000000001,3.325930118560791,3.397325038909912,3.3052899837493896,3.275174140930176,0.003987975951903807,0.1077692380973271,0.13972130417823792,0.10776923916169576,0.13972130417823792,0,-0.0048164275000230055,0.12925765506981451,52,29 16 24,0.019230769230769232,4.142857142857143,0.42857142857142855,0.7142857142857143,0.0,-0.05161436540739877
ieee5,303,401,0.8711538461538461,,,0.8500000000000001,3.325493812561035,3.397334098815918,3.3049988746643066,3.274148464202881,0.003972945891783567,0.08554721410785403,0.11007644236087799,0.08554721304348537,0.11007644236087799,0,-0.004698376063830578,0.10581441181084605,52,24 16 13,0.019230769230769232,3.5714285714285716,0.48214285714285715,0.8035714285714286,0.0,-0.11998241075447627
ieee5,303,402,0.8557692307692307,,,0.8500000000000001,3.3261187076568604,3.397350788116455,3.3064522743225098,3.2745535373687744,0.003957915831663327,0.110930150108678,0.15345506370067596,0.11093014797994069,0.15345504879951477,0,0.003266772662755102,0.11452297125790888,52,6 23 1,0.019230769230769232,3.7142857142857144,0.44642857142857145,0.7678571428571429,0.0,0.02315164570297514
ieee5,303,403,0.875,,,0.8500000000000001,3.3235747814178467,3.39737868309021,3.3005130290985107,3.2728335857391357,0.003942885771543086,0.10748135298490524,0.17209559679031372,0.10748135511364255,0.17209559679031372,0,-0.008802122006622644,0.1164331241150074,52,2 29 16,0.019230769230769232,3.142857142857143,0.5357142857142857,0.875,0.0,-0.17535802668758801
ieee5,303,404,0.8634615384615386,,,0.8500000000000001,3.326003313064575,3.3973755836486816,3.303366184234619,3.2772676944732666,0.003927855711422845,0.1093500554561615,0.17313933372497559,0.10935005758489881,0.17313934862613678,0,0.0034947167020548545,0.12048970804938511,52,26 27 9,0.019230769230769232,3.5714285714285716,0.42857142857142855,0.8392857142857143,0.0,-0.06373974574463707
ieee5,303,405,0.8269230769230768,0.8916666666666666,1.0,0.8500000000000001,3.3248579502105713,3.3973541259765625,3.3026139736175537,3.274606466293335,0.003912825651302605,0.09008023887872696,0.15683439373970032,0.0900802415396486,0.15683439373970032,0,0.0102868415773488,0.11575031700357945,51,1 16 5,0.038461538461538464,3.2857142857142856,0.48214285714285715,0.875,0.0,0.06083305925130844
ieee5,303,406,0.8576923076923078,,,0.8500000000000001,3.3232569694519043,3.397338628768921,3.302718162536621,3.2697131633758545,0.0038977955911823647,0.10648401613746371,0.16290982067584991,0.10648401666964803,0.16290982067584991,0,-0.0010905033693863796,0.12394262906261952,52,28 13 29,0.019230769230769232,3.4285714285714284,0.48214285714285715,0.8035714285714286,0.0,-0.03222872849021639
ieee5,303,407,0.8961538461538462,,,0.8500000000000001,3.3202497959136963,3.397301197052002,3.2967746257781982,3.2666735649108887,0.0038827655310621247,0.11092538918767657,0.21370145678520203,0.1109253881233079,0.21370144188404083,0,-0.007678813372667019,0.111834562734974,52,24 28 13,0.019230769230769232,3.4285714285714284,0.5178571428571429,0.7857142857142857,0.0,-0.10769096708723477
ieee5,303,408,0.8442307692307692,,,0.8500000000000001,3.3174712657928467,3.397273063659668,3.293285846710205,3.261854887008667,0.0038677354709418833,0.11331083519118172,0.15578816831111908,0.11331083625555038,0.15578816831111908,0,0.01239014071269104,0.12113625314202432,52,20 7 16,0.019230769230769232,4.0,0.4107142857142857,0.7321428571428571,0.0,0.026516099061284746
ieee5,303,409,0.8269230769230769,,,0.8500000000000001,3.3136699199676514,3.3972361087799072,3.2867114543914795,3.2570619583129883,0.003852705410821643,0.15260925995452063,0.20982150733470917,0.15260925782578333,0.20982150733470917,0,-0.0016419890856083769,0.1469708968643451,52,5 11 22,0.019230769230769232,4.285714285714286,0.35714285714285715,0.6428571428571429,0.0,-0.0697368745292936
ieee5,303,410,0.8596153846153847,0.8916666666666666,1.0,0.8500000000000001,3.3022491931915283,3.397207498550415,3.2657594680786133,3.243781089782715,0.003837675350701403,0.1279506736568042,0.28248533606529236,0.12795067418898856,0.28248533606529236,0,-0.003530037052069719,0.12720285154788927,52,29 12 27,0.019230769230769232,3.2857142857142856,0.5357142857142857,0.8571428571428571,0.0,-0.039136829120772224
ieee5,303,411,0.8634615384615384,,,0.8500000000000001,3.30546498298645,3.397183895111084,3.273669719696045,3.24554181098938,0.0038226452905811615,0.11720201373100281,0.16330434381961823,0.1172020116022655,0.16330432891845703,0,-0.005581806207863757,0.1292713863661506,52,4 8 3,0.019230769230769232,3.4285714285714284,0.5,0.7857142857142857,0.0,-0.08073743539197105
ieee5,303,412,0.8557692307692307,,,0.8500000000000001,3.3052496910095215,3.397157907485962,3.2683768272399902,3.2502145767211914,0.0038076152304609215,0.12009648552962712,0.15184900164604187,0.12009649085147041,0.15184901654720306,0,0.005422338142614955,0.12393226611336591,52,21 19 2,0.019230769230769232,4.0,0.4107142857142857,0.6785714285714286,0.0,0.003228747418948582
ieee5,303,413,0.8269230769230769,,,0.8500000000000001,3.3128349781036377,3.3971545696258545,3.2874410152435303,3.25390887260437,0.003792585170340681,0.13363548474652426,0.1813952922821045,0.1336354836821556,0.1813952922821045,0,-0.007040907270633257,0.12847956727982499,52,6 1 17,0.019230769230769232,3.857142857142857,0.42857142857142855,0.7678571428571429,0.0,-0.1270683849496501
ieee5,303,414,0.8499999999999999,,,0.8500000000000001,3.295764684677124,3.397127866744995,3.25723934173584,3.2329258918762207,0.003777555110220441,0.12118829467466899,0.17322146892547607,0.12118829148156303,0.17322146892547607,0,0.003305304835801228,0.13082924462013812,52,16 22 18,0.019230769230769232,3.857142857142857,0.44642857142857145,0.8035714285714286,0.0,-0.016001787036657333
ieee5,303,415,0.8403846153846156,0.8916666666666666,1.0,0.8500000000000001,3.2820935249328613,3.3970999717712402,3.232396125793457,3.2167842388153076,0.0037625250501002005,0.11748987649168287,0.16463054716587067,0.11748987755605153,0.16463054716587067,0,0.0025984800349061307,0.12682295681118255,52,0 13 17,0.019230769230769232,4.142857142857143,0.4107142857142857,0.6428571428571429,0.0,0.02274442038365773
ieee5,303,416,0.8269230769230768,,,0.8500000000000001,3.293299674987793,3.397064685821533,3.2609071731567383,3.221926689147949,0.0037474949899799605,0.11490349844098091,0.2262682020664215,0.1149034963122436,0.22626818716526031,0,0.006175604917538853,0.11483505794156701,52,12 28 26,0.019230769230769232,3.4285714285714284,0.42857142857142855,0.8571428571428571,0.0,0.022917859256267548
ieee5,303,417,0.8673076923076923,,,0.8500000000000001,3.276254892349243,3.397047758102417,3.2131805419921875,3.2185354232788086,0.00373246492985972,0.13861525590930665,0.22751420736312866,0.13861525803804398,0.22751420736312866,0,-0.008990135222959977,0.13260156322576586,51,23 7 11,0.038461538461538464,4.285714285714286,0.42857142857142855,0.5892857142857143,0.0,-0.10612777088369642
ieee5,303,418,0.8865384615384614,,,0.8500000000000001,3.259225368499756,3.3970251083374023,3.1942012310028076,3.186450958251953,0.00371743486973948,0.11220594123005867,0.15280024707317352,0.11220594123005867,0.15280023217201233,0,-0.0012988919445958275,0.11273895751672128,52,7 25 24,0.019230769230769232,3.2857142857142856,0.5178571428571429,0.8035714285714286,0.0,-0.017968058586120605
ieee5,303,419,0.8615384615384616,,,0.8500000000000001,3.2505390644073486,3.397002696990967,3.174400568008423,3.180213689804077,0.0037024048096192387,0.1592262882207121,0.2751404941082001,0.1592262898172651,0.27514052391052246,0,0.010708421571717527,0.13405158931586,52,13 27 19,0.019230769230769232,3.4285714285714284,0.5178571428571429,0.8035714285714286,0.0,0.18681467643805913
ieee5,303,420,0.8557692307692305,0.8916666666666666,1.0,0.8500000000000001,3.269967794418335,3.396986722946167,3.2185769081115723,3.1943397521972656,0.0036873747494989982,0.11527997255325317,0.1635010838508606,0.11527996829577855,0.1635010689496994,0,-0.007459119177208497,0.12018792558435105,52,27 16 17,0.019230769230769232,3.4285714285714284,0.42857142857142855,0.8928571428571429,0.0,-0.07802036191735949
ieee5,303,421,0.8326923076923076,,,0.8500000000000001,3.2816758155822754,3.397000789642334,3.227191686630249,3.2208356857299805,0.003672344689378758,0.1079879030585289,0.12900346517562866,0.10798790518726621,0.12900346517562866,0,-0.005932605888049763,0.11371566495451046,52,10 11 24,0.019230769230769232,4.142857142857143,0.44642857142857145,0.7321428571428571,0.0,-0.1444424002298287
ieee5,303,422,0.8730769230769231,,,0.8500000000000001,3.289121150970459,3.3970448970794678,3.2412753105163574,3.22904372215271,0.003657314629258517,0.10185066397700991,0.13443343341350555,0.10185066610574722,0.13443344831466675,0,0.004985559418296011,0.10069909104105643,52,16 11 2,0.019230769230769232,3.7142857142857144,0.48214285714285715,0.6785714285714286,0.0,0.0068139614803450444
ieee5,303,423,0.8615384615384616,,,0.8500000000000001,3.2949061393737793,3.3970730304718018,3.2606611251831055,3.2269845008850098,0.003642284569138277,0.12530816878591264,0.22887958586215973,0.12530817091464996,0.22887958586215973,0,-0.0005031278750930841,0.12276585227629509,52,23 8 11,0.019230769230769232,3.5714285714285716,0.5357142857142857,0.7321428571428571,0.0,-0.029814000640596663
ieee5,303,424,0.8730769230769232,,,0.8500000000000001,3.274569272994995,3.397071361541748,3.2167208194732666,3.2099153995513916,0.0036272545090180364,0.14129708813769476,0.24405373632907867,0.14129709026643208,0.24405372142791748,0,0.000497201717315385,0.12555467078309046,52,22 1 10,0.019230769230769232,3.857142857142857,0.4642857142857143,0.7321428571428571,0.0,-0.054657921727214544
ieee5,303,425,0.851923076923077,0.8916666666666666,1.0,0.8500000000000001,3.2532575130462646,3.397078514099121,3.1825978755950928,3.180095672607422,0.0036122244488977964,0.14418918320110866,0.2812710702419281,0.14418918107237136,0.2812710702419281,0,0.006813859262575324,0.12790434644513485,52,4 9 8,0.019230769230769232,3.7142857142857144,0.44642857142857145,0.7678571428571429,0.0,0.10808729486806053
ieee5,303,426,0.8730769230769231,,,0.8500000000000001,3.2573049068450928,3.3970930576324463,3.1905035972595215,3.1843180656433105,0.003597194388777556,0.11891415608780724,0.14835235476493835,0.11891415928091321,0.14835236966609955,0,-0.008589304397061754,0.11112882025325158,52,15 16 24,0.019230769230769232,3.7142857142857144,0.5178571428571429,0.6607142857142857,0.0,-0.1127163554940905
ieee5,303,427,0.8692307692307693,,,0.8500000000000001,3.2647171020507812,3.3970911502838135,3.2079696655273438,3.1890909671783447,0.0035821643286573146,0.10800162915672575,0.13560032844543457,0.10800162383488246,0.13560031354427338,0,0.00024254435601715857,0.11728591042416464,52,8 28 18,0.019230769230769232,3.5714285714285716,0.48214285714285715,0.7857142857142857,0.0,-0.030953354069164822
ieee5,303,428,0.8538461538461538,,,0.8500000000000001,3.264549493789673,3.3970746994018555,3.2022433280944824,3.194329261779785,0.0035671342685370745,0.14070250413247518,0.17288629710674286,0.14070250519684382,0.17288629710674286,0,0.0005339410317202027,0.1254032954604772,52,17 22 20,0.019230769230769232,4.142857142857143,0.375,0.7321428571428571,0.0,-0.10807952071939196
ieee5,303,429,0.8365384615384616,,,0.8500000000000001,3.240676164627075,3.3970422744750977,3.1576991081237793,3.1672868728637695,0.003552104208416834,0.1446732101695878,0.24257826805114746,0.14467321229832514,0.24257828295230865,0,0.00615746594625167,0.12327460416273835,52,1 20 26,0.019230769230769232,3.857142857142857,0.44642857142857145,0.75,0.0,-0.03847918659448624
ieee5,303,430,0.8826923076923077,0.8916666666666666,1.0,0.8500000000000001,3.232090950012207,3.397000312805176,3.1386587619781494,3.160613536834717,0.0035370741482965927,0.13237516156264714,0.17152166366577148,0.13237516475575312,0.17152166366577148,0,-0.00755007661288031,0.10822914961307006,52,22 14 4,0.019230769230769232,3.5714285714285716,0.48214285714285715,0.7678571428571429,0.0,-0.08772791815655571
ieee5,303,431,0.8923076923076922,,,0.8500000000000001,3.1960105895996094,3.396951913833618,3.0803921222686768,3.110687494277954,0.0035220440881763527,0.11964546889066696,0.16804994642734528,0.11964546889066696,0.16804994642734528,0,-0.013417777762067718,0.10858324001349148,52,2 25 16,0.019230769230769232,3.2857142857142856,0.5357142857142857,0.7857142857142857,0.0,-0.1813524833747319
ieee5,303,432,0.8692307692307693,,,0.8500000000000001,3.1691038608551025,3.396937847137451,3.035325765609741,3.075047731399536,0.0035070140280561123,0.15548396216971533,0.20140518248081207,0.155483963234084,0.20140518248081207,0,0.015153152899494251,0.12459571188920622,52,7 3 18,0.019230769230769232,4.0,0.4642857142857143,0.75,0.0,0.05645085232598441
ieee5,303,433,0.8519230769230769,,,0.8500000000000001,3.1258134841918945,3.3969104290008545,2.941316843032837,3.039212465286255,0.0034919839679358722,0.19439474173954555,0.25700539350509644,0.19439474173954555,0.25700539350509644,0,0.006051420820697855,0.13513199872078244,52,5 2 3,0.019230769230769232,4.285714285714286,0.39285714285714285,0.625,0.0,0.048304876046521325
ieee5,303,434,0.846153846153846,,,0.8500000000000001,3.202632427215576,3.396907329559326,3.0903520584106445,3.1206376552581787,0.003476953907815632,0.12762415941272462,0.16044360399246216,0.12762415515525,0.16044360399246216,0,-0.002242344055468073,0.11712846129454343,52,16 5 11,0.019230769230769232,3.857142857142857,0.42857142857142855,0.7142857142857143,0.0,-0.01951367940221514
ieee5,303,435,0.8730769230769229,0.8916666666666666,1.0,0.8500000000000001,3.1957316398620605,3.396923303604126,3.0797102451324463,3.1105618476867676,0.003461923847695391,0.11566862144640513,0.1544685959815979,0.1156686225107738,0.1544686108827591,0,-0.004438935223823557,0.11459195727219114,52,19 16 8,0.019230769230769232,3.4285714285714284,0.5178571428571429,0.8035714285714286,0.0,-0.06409691646695137
ieee5,303,436,0.8249999999999998,,,0.8500000000000001,3.196546792984009,3.3969316482543945,3.093775510787964,3.0989339351654053,0.0034468937875751504,0.13004956075123378,0.17516465485095978,0.13004956075123378,0.17516465485095978,0,0.0011812702018337755,0.11500661817872569,52,2 11 1,0.019230769230769232,4.142857142857143,0.39285714285714285,0.7321428571428571,0.0,-0.06858346611261368
ieee5,303,437,0.8192307692307692,,,0.8500000000000001,3.1833741664886475,3.3969297409057617,3.0690667629241943,3.084125518798828,0.0034318637274549104,0.1673955491610936,0.2083839625120163,0.1673955480967249,0.2083839625120163,0,0.003600684370702276,0.1271537550482118,52,21 25 18,0.019230769230769232,4.0,0.48214285714285715,0.6964285714285714,0.0,-0.009750361421278544
ieee5,303,438,0.8634615384615383,,,0.8500000000000001,3.2025392055511475,3.3969130516052246,3.1053786277770996,3.1053266525268555,0.003416833667334669,0.13952240454299109,0.24224695563316345,0.13952240454299109,0.24224695563316345,0,0.0008981169711870069,0.123365262745432,52,26 10 3,0.019230769230769232,3.4285714285714284,0.5,0.8035714285714286,0.0,-0.02356921775000436
ieee5,303,439,0.8307692307692307,,,0.8500000000000001,3.222440242767334,3.3968961238861084,3.146578073501587,3.1238462924957275,0.0034018036072144286,0.11933345454079765,0.16709919273853302,0.11933345347642899,0.16709919273853302,0,0.0021878014130589482,0.11477905825418473,52,12 6 15,0.019230769230769232,3.4285714285714284,0.44642857142857145,0.8214285714285714,0.0,-0.004434702119656971
ieee5,303,440,0.8769230769230769,0.8916666666666666,1.0,0.8500000000000001,3.188398838043213,3.3968732357025146,3.071768045425415,3.096555233001709,0.0033867735470941886,0.14553898785795485,0.19664694368839264,0.14553898466484888,0.19664694368839264,0,-0.00804447129709073,0.12023600327351834,52,15 29 13,0.019230769230769232,3.7142857142857144,0.44642857142857145,0.7857142857142857,0.0,-0.09174485717500959
ieee5,303,441,0.8711538461538463,,,0.8500000000000001,3.218339204788208,3.396869421005249,3.1197316646575928,3.138416290283203,0.003371743486973948,0.13291319566113607,0.18657729029655457,0.1329131924680301,0.18657729029655457,0,-0.0025875264814553354,0.12011296401894427,52,2 17 16,0.019230769230769232,3.857142857142857,0.44642857142857145,0.75,0.0,-0.06683704895632607
ieee5,303,442,0.8307692307692308,,,0.8500000000000001,3.2408740520477295,3.3968758583068848,3.1677165031433105,3.1580305099487305,0.003356713426853708,0.14820183387824468,0.18872776627540588,0.1482018306851387,0.18872776627540588,0,0.0062974111105387025,0.14333828654508501,52,4 18 11,0.019230769230769232,4.285714285714286,0.42857142857142855,0.6071428571428571,0.0,0.023131769682679857
ieee5,303,443,0.8769230769230768,,,0.8500000000000001,3.2047297954559326,3.3968679904937744,3.120810031890869,3.096510648727417,0.0033416833667334668,0.15566456530775344,0.2605544924736023,0.15566456956522806,0.2605545222759247,0,-0.004611698498662848,0.11656829732213693,52,29 10 6,0.019230769230769232,3.2857142857142856,0.44642857142857145,0.8928571428571429,0.0,-0.07405800691672734
ieee5,303,444,0.8769230769230769,,,0.8500000000000001,3.185276508331299,3.3968358039855957,3.047285795211792,3.1117067337036133,0.0033266533066132267,0.15096180992467062,0.22614949941635132,0.15096181631088257,0.22614949941635132,0,0.006277056391459505,0.116606798023714,51,18 28 17,0.038461538461538464,3.857142857142857,0.4107142857142857,0.6785714285714286,0.0,0.03692070288317544
ieee5,303,445,0.8346153846153848,0.8916666666666666,1.0,0.8500000000000001,3.1913950443267822,3.3967628479003906,3.0714352130889893,3.105987787246704,0.0033116232464929863,0.14240889889853342,0.18086208403110504,0.1424088967697961,0.18086208403110504,0,0.0044768993035317044,0.13226202709265997,52,8 27 4,0.019230769230769232,3.7142857142857144,0.48214285714285715,0.7321428571428571,0.0,0.0056830548814364844
ieee5,303,446,0.8384615384615384,,,0.8500000000000001,3.1920931339263916,3.3966915607452393,3.075413227081299,3.1041738986968994,0.003296593186372745,0.14474777983767645,0.1937510073184967,0.14474777983767645,0.1937510073184967,0,-0.004633369197388395,0.13156759732076695,52,4 0 8,0.019230769230769232,4.0,0.4107142857142857,0.75,0.0,-0.14324708708695003
ieee5,303,447,0.8576923076923075,,,0.8500000000000001,3.138911485671997,3.3966152667999268,2.9906041622161865,3.0295164585113525,0.003281563126252505,0.13206073748213903,0.1833990514278412,0.13206073748213903,0.1833990514278412,0,-0.010660125336681422,0.11425920395794449,52,29 25 6,0.019230769230769232,3.7142857142857144,0.4642857142857143,0.7678571428571429,0.0,-0.127783882564732
ieee5,303,448,0.8596153846153846,,,0.8500000000000001,3.139880895614624,3.396575927734375,3.000967502593994,3.022099494934082,0.0032665330661322644,0.17957831280572073,0.27757540345191956,0.17957831493445806,0.27757540345191956,0,0.011187572547127135,0.1315279990383125,52,13 15 16,0.019230769230769232,3.5714285714285716,0.44642857142857145,0.7857142857142857,0.0,0.09019911555307251
ieee5,303,449,0.8384615384615384,,,0.8500000000000001,3.209594249725342,3.396592855453491,3.1059114933013916,3.126278877258301,0.0032515030060120244,0.128675534256867,0.17604133486747742,0.1286755363856043,0.17604133486747742,0,-0.0005270358389959886,0.11878104877148293,52,24 9 1,0.019230769230769232,3.4285714285714284,0.5,0.875,0.0,-0.08138238425765719
ieee5,303,450,0.8365384615384615,0.8916666666666666,1.0,0.8500000000000001,3.2160563468933105,3.3966293334960938,3.109449625015259,3.142090082168579,0.003236472945891784,0.1389158261673791,0.18611934781074524,0.1389158261673791,0.18611934781074524,0,-0.007288289014608241,0.11745572758277202,52,11 12 17,0.019230769230769232,4.285714285714286,0.4107142857142857,0.6785714285714286,0.0,-0.11663286121828216
ieee5,303,451,0.8673076923076922,,,0.8500000000000001,3.2182130813598633,3.396650552749634,3.118098020553589,3.139890432357788,0.0032214428857715426,0.12295664421149663,0.20895911753177643,0.12295664634023394,0.20895911753177643,0,0.00194000570067706,0.11326487907715325,51,15 16 24,0.038461538461538464,3.4285714285714284,0.44642857142857145,0.8035714285714286,0.0,-0.04420332530779498
ieee5,303,452,0.8615384615384615,,,0.8500000000000001,3.1946537494659424,3.3966472148895264,3.0729854106903076,3.114328145980835,0.0032064128256513026,0.18380177978958404,0.309759259223938,0.1838017734033721,0.3097592294216156,0,-0.006960103409185719,0.13312377128531194,52,27 10 17,0.019230769230769232,3.7142857142857144,0.42857142857142855,0.8035714285714286,0.0,-0.05729818211070129
ieee5,303,453,0.8365384615384616,,,0.8500000000000001,3.2278642654418945,3.3966636657714844,3.136991262435913,3.1499383449554443,0.003191382765531062,0.13179971809898103,0.17719648778438568,0.13179971597024373,0.17719648778438568,0,0.01621173278265185,0.12648179689431638,50,7 26 6,0.038461538461538464,4.142857142857143,0.39285714285714285,0.6785714285714286,0.0,0.16256845024015223
ieee5,303,454,0.8653846153846152,,,0.8500000000000001,3.237941026687622,3.396707773208618,3.159026622772217,3.1580891609191895,0.003176352705410821,0.12879601759569986,0.15168842673301697,0.12879602078880584,0.15168842673301697,0,-0.006571015952011714,0.12235631426309962,52,27 16 13,0.019230769230769232,4.0,0.4107142857142857,0.7321428571428571,0.0,-0.12774054679487432
ieee5,303,455,0.8365384615384616,0.8916666666666666,1.0,0.8500000000000001,3.2495949268341064,3.396728038787842,3.1787145137786865,3.173342704772949,0.0031613226452905808,0.14289240113326482,0.18179909884929657,0.1428923990045275,0.18179908394813538,0,0.011505526436779361,0.12834296658001926,52,20 27 26,0.019230769230769232,4.142857142857143,0.44642857142857145,0.6785714285714286,0.0,0.1454278983707939
ieee5,303,456,0.8307692307692307,,,0.8500000000000001,3.261277675628662,3.3967413902282715,3.204690456390381,3.1824018955230713,0.0031462925851703408,0.10346624255180359,0.14477595686912537,0.10346623935869761,0.14477595686912537,0,-0.013762171308581646,0.11135671547822287,52,17 18 15,0.019230769230769232,3.5714285714285716,0.48214285714285715,0.8214285714285714,0.0,-0.15552316765700067
ieee5,303,457,0.8846153846153846,,,0.8500000000000001,3.266486644744873,3.3967599868774414,3.214841365814209,3.187859058380127,0.0031312625250501003,0.1141446733048984,0.15895818173885345,0.11414466904742378,0.15895818173885345,0,-0.004011328041087836,0.10542427471211524,52,28 25 2,0.019230769230769232,3.2857142857142856,0.5178571428571429,0.875,0.0,-0.1077772466731923
ieee5,303,458,0.8480769230769231,,,0.8500000000000001,3.254669666290283,3.39676570892334,3.1835756301879883,3.1836678981781006,0.0031162324649298603,0.13086312477077758,0.17508842051029205,0.13086312264204025,0.17508840560913086,0,0.00504450229849541,0.12514245329602725,52,21 18 16,0.019230769230769232,4.0,0.4107142857142857,0.6964285714285714,0.0,0.00843695258455617
ieee5,303,459,0.8692307692307691,,,0.8500000000000001,3.246166944503784,3.396754026412964,3.160839557647705,3.1809048652648926,0.003101202404809619,0.13416153086083277,0.19293200969696045,0.13416153086083277,0.19293200969696045,0,-0.0001958637641599545,0.11859281769727012,52,15 29 12,0.019230769230769232,3.5714285714285716,0.39285714285714285,0.75,0.0,-0.016482805567128316
ieee5,303,460,0.8653846153846154,0.8916666666666666,1.0,0.8500000000000001,3.2536492347717285,3.396742105484009,3.1785049438476562,3.1857011318206787,0.0030861723446893785,0.14914207054036005,0.23808389902114868,0.14914207373346602,0.23808389902114868,0,-0.007448888424103363,0.12341339502680806,52,13 29 27,0.019230769230769232,4.0,0.42857142857142855,0.7142857142857143,0.0,-0.09104390123060771
ieee5,303,461,0.8365384615384616,,,0.8500000000000001,3.2598958015441895,3.39668869972229,3.200259208679199,3.1827392578125,0.0030711422845691384,0.1448442648564066,0.21830108761787415,0.1448442701782499,0.21830110251903534,0,0.016615708946259335,0.13547304182300032,52,2 25 16,0.019230769230769232,4.0,0.42857142857142855,0.75,0.0,0.16567298131329672
ieee5,303,462,0.8538461538461537,,,0.8500000000000001,3.268261194229126,3.396641969680786,3.2167813777923584,3.191359519958496,0.003056112224448897,0.10450023625578199,0.1829172819852829,0.10450023412704468,0.1829172670841217,0,-0.0068582306759288674,0.10932048402655162,52,17 6 27,0.019230769230769232,3.7142857142857144,0.48214285714285715,0.7678571428571429,0.0,-0.11489395956907954
ieee5,303,463,0.8346153846153848,,,0.8500000000000001,3.2722222805023193,3.3966448307037354,3.2230381965637207,3.196983814239502,0.0030410821643286567,0.1373870415346963,0.17450056970119476,0.1373870468565396,0.17450056970119476,0,0.0029692937208053013,0.13484730025963373,52,23 6 1,0.019230769230769232,4.0,0.44642857142857145,0.6964285714285714,0.0,0.019943106387342726
ieee5,303,464,0.851923076923077,,,0.8500000000000001,3.2725064754486084,3.396651268005371,3.221343994140625,3.199523687362671,0.0030260521042084166,0.11861171307308334,0.24086524546146393,0.11861171094434601,0.24086523056030273,0,0.004375545128893394,0.11781541065192362,52,18 4 9,0.019230769230769232,3.2857142857142856,0.44642857142857145,0.8392857142857143,0.0,0.06826081100319113
ieee5,303,465,0.8596153846153846,0.8916666666666666,1.0,0.8500000000000001,3.2817556858062744,3.396651268005371,3.240200996398926,3.20841383934021,0.003011022044088176,0.12610579494919097,0.165571928024292,0.12610579494919097,0.165571928024292,0,-0.008670735463965684,0.12229472136702083,52,3 26 22,0.019230769230769232,4.0,0.375,0.7142857142857143,0.0,-0.08901916870049068
ieee5,303,466,0.8596153846153846,,,0.8500000000000001,3.26739501953125,3.3966660499572754,3.2039613723754883,3.2015581130981445,0.002995991983967936,0.11544636424098696,0.17432472109794617,0.11544636743409294,0.17432472109794617,0,0.002736339023193488,0.12150020992875231,52,27 11 10,0.019230769230769232,3.7142857142857144,0.48214285714285715,0.6964285714285714,0.0,0.01851164922118187
ieee5,303,467,0.8211538461538462,,,0.8500000000000001,3.2799012660980225,3.3966803550720215,3.238600254058838,3.2044243812561035,0.002980961923847695,0.12883039776768004,0.1691306084394455,0.128830400960786,0.1691306084394455,0,0.00673135426432754,0.12464054709480042,52,28 27 26,0.019230769230769232,3.857142857142857,0.375,0.7321428571428571,0.0,0.045206843476210325
ieee5,303,468,0.8615384615384615,,,0.8500000000000001,3.2644777297973633,3.39666485786438,3.205170154571533,3.1915979385375977,0.002965931863727455,0.10809113723891121,0.13604260981082916,0.10809113670672689,0.13604260981082916,0,-0.012597257217678886,0.11685562198369531,51,13 1 16,0.038461538461538464,3.4285714285714284,0.5,0.8214285714285714,0.0,-0.1567844578198024
ieee5,303,469,0.8499999999999999,,,0.8500000000000001,3.2774715423583984,3.396670341491699,3.2321078777313232,3.203636407852173,0.0029509018036072143,0.1088753810950688,0.13096347451210022,0.1088753810950688,0.13096347451210022,0,0.0039005565654056575,0.11526308997065411,52,27 25 13,0.019230769230769232,4.0,0.42857142857142855,0.75,0.0,-0.03316211806876319
ieee5,303,470,0.8730769230769231,0.8916666666666666,1.0,0.8500000000000001,3.2633941173553467,3.3966755867004395,3.1988070011138916,3.194700002670288,0.002935871743486973,0.1148171957050051,0.16625918447971344,0.11481719889811107,0.16625919938087463,0,-0.007905739001356639,0.11297683439591269,52,10 16 3,0.019230769230769232,3.5714285714285716,0.48214285714285715,0.8035714285714286,0.0,-0.14518241371427262
ieee5,303,471,0.8653846153846154,,,0.8500000000000001,3.281834602355957,3.3966691493988037,3.2337403297424316,3.2150938510894775,0.002920841683366733,0.11863244963543755,0.19247561693191528,0.1186324485710689,0.19247561693191528,0,0.005901122940346026,0.11640195085370736,52,8 3 14,0.019230769230769232,3.7142857142857144,0.48214285714285715,0.75,0.0,0.04641854124409812
ieee5,303,472,0.8749999999999999,,,0.8500000000000001,3.283411979675293,3.3966598510742188,3.2337045669555664,3.2198712825775146,0.002905811623246494,0.10639345113720212,0.13809655606746674,0.10639345007283348,0.13809655606746674,0,-0.0018200896089323438,0.11488130760621706,52,1 13 11,0.019230769230769232,3.4285714285714284,0.5178571428571429,0.7857142857142857,0.0,-0.05221681083951678
ieee5,303,473,0.8403846153846153,,,0.8500000000000001,3.2881829738616943,3.3966569900512695,3.2496604919433594,3.218230962753296,0.0028907815631262525,0.13087582162448338,0.16353003680706024,0.13087582162448338,0.16353003680706024,0,0.0019897004016316854,0.12485225903022262,52,25 16 23,0.019230769230769232,3.4285714285714284,0.44642857142857145,0.8928571428571429,0.0,-0.04949481785297394
ieee5,303,474,0.8903846153846154,,,0.8500000000000001,3.285670757293701,3.3966658115386963,3.2441747188568115,3.216172218322754,0.002875751503006012,0.12719799418534553,0.2667876183986664,0.1271979920566082,0.2667876183986664,0,-0.00683768487159306,0.11372410806344421,52,4 18 17,0.019230769230769232,3.142857142857143,0.48214285714285715,0.8392857142857143,0.0,-0.04561366779463632
ieee5,303,475,0.8730769230769231,0.8916666666666666,1.0,0.8500000000000001,3.289138078689575,3.396684408187866,3.2473645210266113,3.22336483001709,0.002860721442885772,0.12275368613856179,0.1850886344909668,0.12275368613856179,0.1850886344909668,0,0.009119335886610385,0.12437117942036391,51,9 6 1,0.038461538461538464,3.7142857142857144,0.42857142857142855,0.8035714285714286,0.0,0.09614449526582446
ieee5,303,476,0.875,,,0.8500000000000001,3.294947624206543,3.3967061042785645,3.2559521198272705,3.2321856021881104,0.0028456913827655315,0.11145321492637907,0.1687580943107605,0.11145321386201042,0.1687580943107605,0,-5.3523932225429096e-05,0.11152010971901993,52,7 20 3,0.019230769230769232,4.0,0.4642857142857143,0.7142857142857143,0.0,-0.022823220917156765
ieee5,303,477,0.846153846153846,,,0.8500000000000001,3.291802406311035,3.3967132568359375,3.2507684230804443,3.2279255390167236,0.0028306613226452915,0.10854463811431612,0.1391424536705017,0.10854463811431612,0.1391424536705017,0,0.0015289250295609236,0.12197385895415586,52,26 1 14,0.019230769230769232,3.2857142857142856,0.4642857142857143,0.8928571428571429,0.0,-0.005034007132053375
ieee5,303,478,0.8538461538461537,,,0.8500000000000001,3.2842187881469727,3.396711587905884,3.2394168376922607,3.2165286540985107,0.00281563126252505,0.13534563247646605,0.25372087955474854,0.1353456260902541,0.25372084975242615,0,-0.0053401253692125185,0.12607419618571264,52,22 2 10,0.019230769230769232,3.2857142857142856,0.5714285714285714,0.7857142857142857,0.0,-0.011580088308879308
ieee5,303,479,0.8538461538461539,,,0.8500000000000001,3.280109167098999,3.396700382232666,3.2345783710479736,3.2090489864349365,0.00280060120240481,0.12741548834102495,0.1638682335615158,0.12741548993757792,0.1638682335615158,0,0.008870818168641282,0.12606331269889998,52,2 3 19,0.019230769230769232,3.7142857142857144,0.4107142857142857,0.8214285714285714,0.0,0.04910697255815778
ieee5,303,480,0.8596153846153846,0.8916666666666666,1.0,0.8500000000000001,3.277400255203247,3.396692991256714,3.2253079414367676,3.210200071334839,0.0027855711422845697,0.1324487647839955,0.1953079253435135,0.1324487669127328,0.1953079253435135,0,-0.006921534748891225,0.1211655478536781,52,20 11 15,0.019230769230769232,3.5714285714285716,0.4107142857142857,0.7857142857142857,0.0,-0.0871289415018899
ieee5,303,481,0.9019230769230769,,,0.8500000000000001,3.26511287689209,3.3966832160949707,3.201888084411621,3.1967661380767822,0.0027705410821643284,0.13621783469404494,0.31185200810432434,0.13621783150093897,0.31185200810432434,0,-0.007160028545233497,0.09438719916132943,52,28 6 15,0.019230769230769232,2.857142857142857,0.5178571428571429,0.9107142857142857,0.0,-0.09596998005041055
ieee5,303,482,0.8634615384615384,,,0.8500000000000001,3.2640066146850586,3.396690607070923,3.201521396636963,3.1938083171844482,0.0027555110220440883,0.14010349661111832,0.21297219395637512,0.14010349767548697,0.21297219395637512,0,0.0008331959341795972,0.12452786729630562,52,22 28 14,0.019230769230769232,3.4285714285714284,0.48214285714285715,0.875,0.0,-0.07406660488673619
ieee5,303,483,0.8711538461538461,,,0.8500000000000001,3.261888265609741,3.396700143814087,3.2068912982940674,3.1820740699768066,0.002740480961923848,0.1538763546517917,0.4051941931247711,0.15387635571616037,0.4051941931247711,0,0.0013019436871847855,0.11013434951442602,52,16 14 13,0.019230769230769232,3.4285714285714284,0.4642857142857143,0.8035714285714286,0.0,0.019950355802263533
ieee5,303,484,0.8711538461538461,,,0.8500000000000001,3.281402349472046,3.396697759628296,3.2361936569213867,3.2113161087036133,0.002725450901803608,0.11585095897316933,0.19547051191329956,0.11585095950535365,0.19547051191329956,0,0.0028983934439915735,0.1124509877768728,52,22 15 25,0.019230769230769232,3.0,0.5357142857142857,0.8214285714285714,0.0,0.05271458945104054
ieee5,303,485,0.8519230769230769,0.8916666666666666,1.0,0.8500000000000001,3.279513120651245,3.3967056274414062,3.2301740646362305,3.211660623550415,0.0027104208416833674,0.12325376697949,0.1666482388973236,0.12325376591512135,0.16664822399616241,0,0.004604358835002551,0.12402135423490102,52,15 2 22,0.019230769230769232,3.7142857142857144,0.42857142857142855,0.8214285714285714,0.0,0.04262210748025349
ieee5,303,486,0.8365384615384617,,,0.8500000000000001,3.290170907974243,3.3967385292053223,3.249967336654663,3.223806858062744,0.002695390781563126,0.14566838954176223,0.2384583204984665,0.14566838528428758,0.2384583055973053,0,0.0077852860379677554,0.12374484107383396,52,24 8 12,0.019230769230769232,3.7142857142857144,0.44642857142857145,0.7678571428571429,0.0,0.09974093309470586
ieee5,303,487,0.8500000000000001,,,0.8500000000000001,3.3081181049346924,3.3967955112457275,3.2797200679779053,3.2478392124176025,0.002680360721442886,0.12961408495903015,0.17450329661369324,0.12961408283029283,0.17450329661369324,0,-0.012701473198831081,0.12498585603006339,52,11 6 1,0.019230769230769232,4.428571428571429,0.375,0.6785714285714286,0.0,-0.15126086558614457
ieee5,303,488,0.8519230769230769,,,0.8500000000000001,3.3133599758148193,3.3968286514282227,3.2857465744018555,3.2575032711029053,0.002665330661322646,0.09798566571303777,0.14007453620433807,0.0979856646486691,0.14007453620433807,0,0.00426532004852421,0.11545862520319325,52,2 18 7,0.019230769230769232,3.2857142857142856,0.5714285714285714,0.8571428571428571,0.0,-0.04006815196147987
ieee5,303,489,0.8615384615384615,,,0.8500000000000001,3.318281888961792,3.3968608379364014,3.2936923503875732,3.264293670654297,0.0026503006012024047,0.12546595185995102,0.17391912639141083,0.12546595398868834,0.17391912639141083,0,-0.004639627212712254,0.12600129712173794,52,21 8 4,0.019230769230769232,3.2857142857142856,0.5,0.8392857142857143,0.0,-0.016209678990500315
ieee5,303,490,0.8961538461538461,0.8916666666666666,1.0,0.8500000000000001,3.320452928543091,3.396895408630371,3.2953691482543945,3.2690954208374023,0.002635270541082164,0.10281728633812495,0.12007151544094086,0.10281728420938764,0.12007151544094086,0,-0.01089016115740658,0.1058862493742025,51,9 11 27,0.038461538461538464,3.2857142857142856,0.5535714285714286,0.8035714285714286,0.0,-0.13502109769199575
ieee5,303,491,0.8442307692307692,,,0.8500000000000001,3.3215136528015137,3.396918773651123,3.297285795211792,3.2703371047973633,0.002620240480961924,0.11388406263930458,0.1821167916059494,0.11388406370367322,0.1821167916059494,0,0.012766804187916793,0.12504978592067847,52,29 6 21,0.019230769230769232,3.4285714285714284,0.4642857142857143,0.8571428571428571,0.0,0.06547768414020538
ieee5,303,492,0.8557692307692306,,,0.8500000000000001,3.3172404766082764,3.396914005279541,3.2881710529327393,3.2666361331939697,0.0026052104208416837,0.10521782136389188,0.13783691823482513,0.10521782136389188,0.13783691823482513,0,-0.00036434001790789457,0.11599974467080541,52,19 24 20,0.019230769230769232,3.5714285714285716,0.42857142857142855,0.8928571428571429,0.0,-0.013533346088869231
ieee5,303,493,0.8692307692307693,,,0.8500000000000001,3.3201329708099365,3.3969180583953857,3.2982499599456787,3.2652316093444824,0.0025901803607214437,0.11769296867506844,0.14085270464420319,0.11769296761069979,0.14085270464420319,0,-0.0008048757870430843,0.11991661450189461,52,27 16 22,0.019230769230769232,4.142857142857143,0.42857142857142855,0.6964285714285714,0.0,-0.05960097323570933
ieee5,303,494,0.8269230769230771,,,0.8500000000000001,3.314579963684082,3.396902322769165,3.283792018890381,3.263044595718384,0.0025751503006012024,0.14579781783478601,0.2037029266357422,0.14579781783478601,0.2037029266357422,0,0.013438065070658922,0.1260945413289491,52,24 7 18,0.019230769230769232,3.857142857142857,0.4642857142857143,0.7142857142857143,0.0,0.20672917339418614
ieee5,303,495,0.8557692307692307,0.8916666666666666,1.0,0.8500000000000001,3.32035231590271,3.396899700164795,3.2946114540100098,3.2695469856262207,0.002560120240480962,0.106417929487569,0.15212808549404144,0.106417929487569,0.15212808549404144,0,-0.018003125930240806,0.10777094050456872,52,8 20 14,0.019230769230769232,3.5714285714285716,0.4642857142857143,0.8035714285714286,0.0,-0.20083932551954473
ieee5,303,496,0.8653846153846154,,,0.8500000000000001,3.321392297744751,3.396881341934204,3.297250509262085,3.270045280456543,0.002545090180360722,0.12552457515682494,0.2044888436794281,0.12552457728556224,0.2044888585805893,0,0.00392901315801562,0.13289191709707757,52,5 14 24,0.019230769230769232,3.857142857142857,0.48214285714285715,0.7142857142857143,0.0,0.003933474953685488
ieee5,303,497,0.8211538461538462,,,0.8500000000000001,3.323474645614624,3.3968706130981445,3.2987210750579834,3.274832248687744,0.0025300601202404805,0.15485511826617376,0.2527170181274414,0.15485511613743647,0.252716988325119,0,0.008476744319733161,0.14388000269143916,52,19 1 17,0.019230769230769232,4.285714285714286,0.375,0.6428571428571429,0.0,0.06387230115277427
ieee5,303,498,0.8442307692307692,,,0.8500000000000001,3.323683023452759,3.3968663215637207,3.2961690425872803,3.2780134677886963,0.00251503006012024,0.14663666699613845,0.19611622393131256,0.1466366701892444,0.19611623883247375,0,-0.0007300017168745399,0.13814119828379692,52,8 16 20,0.019230769230769232,3.857142857142857,0.4642857142857143,0.6785714285714286,0.0,0.036203457840851376
ieee5,303,499,0.8480769230769231,0.8916666666666666,1.0,0.8500000000000001,3.323779344558716,3.396912097930908,3.298809289932251,3.2756173610687256,0.0025,0.10844423781548228,0.16915424168109894,0.10844423781548228,0.16915425658226013,0,0.0031766497380046462,0.11436046387713229,52,7 5 22,0.019230769230769232,3.142857142857143,0.5535714285714286,0.8035714285714286,0.0,0.01716074320886816
