update,mean_train_u_ctrl,mean_train_control_cost,method,update_seconds,trajectories_sampled,policy_entropy,router_entropy,expert_redundancy,max_expert_usage,expert_residual_scale,validation_mean_u_ctrl,validation_mean_mocu,validation_n_unique_sequences,validation_sequence_entropy,validation_unique_frac,validation_under_control_rate,validation_valid,validation_mean_shortfall,validation_checkpoint_score,validation_meets_unique_floor,moe_adaptivity_constraint
1,0.2198437601327896,0.2198437601327896,MoE-sBOED,0.2905261516571045,64,3.381694793701172,1.3853816986083984,0.1356734037399292,0.26298296451568604,0.11925335228443146,,,,,,,,,,,
2,0.2006250023841858,0.2068749964237213,MoE-sBOED,0.052344322204589844,128,3.3793301582336426,1.3861438035964966,0.025209765881299973,0.25465771555900574,0.11933096498250961,,,,,,,,,,,
3,0.21140626072883606,0.21140626072883606,MoE-sBOED,0.05793619155883789,192,3.375882625579834,1.3859977722167969,0.014624662697315216,0.25856831669807434,0.11934403330087662,,,,,,,,,,,
4,0.21421875059604645,0.21421875059604645,MoE-sBOED,0.04892373085021973,256,3.3714022636413574,1.3859517574310303,0.011291064321994781,0.25733399391174316,0.11937437206506729,,,,,,,,,,,
5,0.21937498450279236,0.21937498450279236,MoE-sBOED,0.04572558403015137,320,3.3653104305267334,1.3861432075500488,0.01089804619550705,0.25309252738952637,0.11946357786655426,,,,,,,,,,,
6,0.2029687464237213,0.2029687464237213,MoE-sBOED,0.050301313400268555,384,3.355597496032715,1.3860975503921509,0.0013755878899246454,0.253470242023468,0.11957231163978577,,,,,,,,,,,
7,0.21421873569488525,0.21421873569488525,MoE-sBOED,0.04580426216125488,448,3.3404932022094727,1.3860855102539062,0.0024685910902917385,0.2569679617881775,0.11969884485006332,,,,,,,,,,,
8,0.20343750715255737,0.20343750715255737,MoE-sBOED,0.04583930969238281,512,3.317922830581665,1.3861377239227295,0.003545640967786312,0.2550879716873169,0.11984876543283463,,,,,,,,,,,
9,0.2175000011920929,0.2175000011920929,MoE-sBOED,0.04551243782043457,576,3.286346912384033,1.3862318992614746,0.0050866929814219475,0.25181061029434204,0.12000687420368195,,,,,,,,,,,
10,0.21375000476837158,0.21375000476837158,MoE-sBOED,0.05190229415893555,640,3.2390143871307373,1.3861463069915771,0.008495429530739784,0.25681978464126587,0.12016823142766953,,,,,,,,,,,
11,0.22171874344348907,0.23734372854232788,MoE-sBOED,0.0698251724243164,704,3.181656837463379,1.3860831260681152,0.01102234236896038,0.25859716534614563,0.1203460693359375,,,,,,,,,,,
12,0.20015625655651093,0.20015625655651093,MoE-sBOED,0.05194234848022461,768,3.127687931060791,1.3849235773086548,0.010525419376790524,0.2727149724960327,0.12053632736206055,,,,,,,,,,,
13,0.20109376311302185,0.20109376311302185,MoE-sBOED,0.051763057708740234,832,3.0573441982269287,1.381725788116455,0.010397409088909626,0.29196467995643616,0.12073376029729843,,,,,,,,,,,
14,0.20156249403953552,0.20156249403953552,MoE-sBOED,0.04805159568786621,896,2.948500633239746,1.3808728456497192,0.010431826114654541,0.29572370648384094,0.12093952298164368,,,,,,,,,,,
15,0.2043749988079071,0.2043749988079071,MoE-sBOED,0.04700803756713867,960,2.820279121398926,1.3779958486557007,0.011061753146350384,0.30667465925216675,0.1211538016796112,,,,,,,,,,,
16,0.2006250023841858,0.2006250023841858,MoE-sBOED,0.05479311943054199,1024,2.662209987640381,1.374847412109375,0.012048888020217419,0.3171054720878601,0.12137085944414139,,,,,,,,,,,
17,0.18843750655651093,0.18843750655651093,MoE-sBOED,0.04758262634277344,1088,2.5413784980773926,1.3820183277130127,0.01363141369074583,0.2904422879219055,0.12156813591718674,,,,,,,,,,,
18,0.1954687535762787,0.1954687535762787,MoE-sBOED,0.053566694259643555,1152,2.424321174621582,1.3845431804656982,0.01587173342704773,0.27511265873908997,0.12173334509134293,,,,,,,,,,,
19,0.19500000774860382,0.19500000774860382,MoE-sBOED,0.04767465591430664,1216,2.29148006439209,1.383313775062561,0.0172355268150568,0.28188395500183105,0.12188887596130371,,,,,,,,,,,
20,0.1926562488079071,0.1926562488079071,MoE-sBOED,0.051155805587768555,1280,2.1356325149536133,1.383134365081787,0.01817677915096283,0.28431186079978943,0.12204559892416,,,,,,,,,,,
21,0.17531250417232513,0.17531250417232513,MoE-sBOED,0.05338931083679199,1344,2.0585360527038574,1.384422779083252,0.01584000699222088,0.26682305335998535,0.12215137481689453,,,,,,,,,,,
22,0.1640625,0.1640625,MoE-sBOED,0.04960036277770996,1408,2.032135486602783,1.3847686052322388,0.013247683644294739,0.2679832875728607,0.12225090712308884,,,,,,,,,,,
23,0.1940625011920929,0.1940625011920929,MoE-sBOED,0.05230402946472168,1472,2.024895668029785,1.3825557231903076,0.011062204837799072,0.28735995292663574,0.12234419584274292,,,,,,,,,,,
24,0.18703125417232513,0.18703125417232513,MoE-sBOED,0.05276298522949219,1536,2.041097640991211,1.3822448253631592,0.009209398180246353,0.28786665201187134,0.12239742279052734,,,,,,,,,,,
25,0.18328124284744263,0.18328124284744263,MoE-sBOED,0.04875493049621582,1600,1.9413435459136963,1.3803433179855347,0.00875811092555523,0.2966472804546356,0.12247606366872787,0.1828125,0.06656250000000001,1,-0.0,0.0078125,0.0,1,0.0,0.06656250000000001,0,diagnostic_only
26,0.17484374344348907,0.17484374344348907,MoE-sBOED,0.04356741905212402,1664,1.8481789827346802,1.3791558742523193,0.008799426257610321,0.3009747862815857,0.12254038453102112,,,,,,,,,,,
27,0.18187500536441803,0.18187500536441803,MoE-sBOED,0.051428794860839844,1728,1.8135221004486084,1.3767980337142944,0.00695449486374855,0.30154624581336975,0.12259934097528458,,,,,,,,,,,
28,0.18703125417232513,0.18703125417232513,MoE-sBOED,0.04373335838317871,1792,1.8599514961242676,1.3757644891738892,0.004124349914491177,0.29902786016464233,0.12258956581354141,,,,,,,,,,,
29,0.1612500101327896,0.1612500101327896,MoE-sBOED,0.044205665588378906,1856,1.8460277318954468,1.3795303106307983,0.002271848265081644,0.29202231764793396,0.1225975975394249,,,,,,,,,,,
30,0.1771875023841858,0.1771875023841858,MoE-sBOED,0.04379773139953613,1920,1.668915033340454,1.3841259479522705,0.0018785670399665833,0.27065348625183105,0.12264521420001984,,,,,,,,,,,
31,0.17671875655651093,0.17671875655651093,MoE-sBOED,0.04383969306945801,1984,1.594947099685669,1.3853715658187866,0.002111179521307349,0.26666709780693054,0.12265590578317642,,,,,,,,,,,
32,0.16828125715255737,0.16828125715255737,MoE-sBOED,0.04375720024108887,2048,1.5968010425567627,1.3841547966003418,0.0021082235034555197,0.27690011262893677,0.12269208580255508,,,,,,,,,,,
33,0.1912499964237213,0.1912499964237213,MoE-sBOED,0.04587912559509277,2112,1.6779663562774658,1.383310079574585,0.001680321409367025,0.2723081409931183,0.12269442528486252,,,,,,,,,,,
34,0.18984375894069672,0.18984375894069672,MoE-sBOED,0.0680699348449707,2176,1.8106229305267334,1.3825256824493408,0.003165443893522024,0.281157910823822,0.12267382442951202,,,,,,,,,,,
35,0.1837500035762787,0.1837500035762787,MoE-sBOED,0.05975842475891113,2240,1.9283336400985718,1.383418083190918,0.005359220318496227,0.27877163887023926,0.1226644292473793,,,,,,,,,,,
36,0.17671874165534973,0.17671874165534973,MoE-sBOED,0.049108266830444336,2304,1.9828743934631348,1.3848090171813965,0.004745166748762131,0.27054184675216675,0.12266405671834946,,,,,,,,,,,
37,0.1706250011920929,0.1706250011920929,MoE-sBOED,0.0573735237121582,2368,2.059398651123047,1.385656476020813,0.0032365121878683567,0.2638241648674011,0.12270404398441315,,,,,,,,,,,
38,0.1720312535762787,0.1720312535762787,MoE-sBOED,0.050650835037231445,2432,2.1435210704803467,1.3849942684173584,0.0024014823138713837,0.26650822162628174,0.12272268533706665,,,,,,,,,,,
39,0.18703125417232513,0.18703125417232513,MoE-sBOED,0.052176713943481445,2496,2.1125574111938477,1.3835068941116333,0.0023894396144896746,0.27506524324417114,0.12269465625286102,,,,,,,,,,,
40,0.15843752026557922,0.15843752026557922,MoE-sBOED,0.04671835899353027,2560,2.1941065788269043,1.382583737373352,0.002904073800891638,0.2821408212184906,0.12266243249177933,,,,,,,,,,,
41,0.18843749165534973,0.18843749165534973,MoE-sBOED,0.04821610450744629,2624,2.15535831451416,1.3839489221572876,0.0036510571371763945,0.27152788639068604,0.12267183512449265,,,,,,,,,,,
42,0.18656250834465027,0.18656250834465027,MoE-sBOED,0.04340529441833496,2688,1.9345066547393799,1.3844090700149536,0.004505224525928497,0.26537981629371643,0.12271126359701157,,,,,,,,,,,
43,0.18046876788139343,0.18046876788139343,MoE-sBOED,0.04480791091918945,2752,2.0025579929351807,1.384194016456604,0.00430973619222641,0.26558947563171387,0.12270326912403107,,,,,,,,,,,
44,0.1743749976158142,0.1743749976158142,MoE-sBOED,0.04432177543640137,2816,2.068559408187866,1.382883906364441,0.0033290795981884003,0.27332597970962524,0.12264394015073776,,,,,,,,,,,
45,0.18328124284744263,0.18328124284744263,MoE-sBOED,0.043951988220214844,2880,2.060698986053467,1.38275146484375,0.003051615785807371,0.27358490228652954,0.12261778116226196,,,,,,,,,,,
46,0.17249999940395355,0.17249999940395355,MoE-sBOED,0.04400038719177246,2944,1.9033830165863037,1.3834549188613892,0.002970375120639801,0.2698410153388977,0.12261191755533218,,,,,,,,,,,
47,0.16734375059604645,0.16734375059604645,MoE-sBOED,0.04401111602783203,3008,1.8348318338394165,1.3840177059173584,0.002291346900165081,0.26485201716423035,0.12261055409908295,,,,,,,,,,,
48,0.19921875,0.19921875,MoE-sBOED,0.04362225532531738,3072,1.9904230833053589,1.3844811916351318,0.001365102594718337,0.2619108557701111,0.1226053386926651,,,,,,,,,,,
49,0.18796874582767487,0.18796874582767487,MoE-sBOED,0.0440061092376709,3136,1.912581443786621,1.3845077753067017,0.0012874843087047338,0.26354438066482544,0.12260307371616364,,,,,,,,,,,
50,0.1795312464237213,0.1795312464237213,MoE-sBOED,0.04483795166015625,3200,1.6865739822387695,1.384398102760315,0.001241561258211732,0.2683682441711426,0.122596375644207,0.181171875,0.06492187500000002,1,-0.0,0.0078125,0.0,1,0.0,0.06492187500000002,0,diagnostic_only
51,0.16874998807907104,0.16874998807907104,MoE-sBOED,0.04855465888977051,3264,1.6257991790771484,1.3847523927688599,0.0008487742743454874,0.26698577404022217,0.12257812917232513,,,,,,,,,,,
52,0.18703125417232513,0.18703125417232513,MoE-sBOED,0.05056905746459961,3328,1.7262452840805054,1.3854436874389648,0.000688029162120074,0.25285571813583374,0.12258222699165344,,,,,,,,,,,
53,0.1654687523841858,0.1654687523841858,MoE-sBOED,0.043996334075927734,3392,1.7823352813720703,1.3854002952575684,0.00046926626237109303,0.25363972783088684,0.12258397787809372,,,,,,,,,,,
54,0.17625001072883606,0.17625001072883606,MoE-sBOED,0.04572296142578125,3456,1.7322022914886475,1.384883165359497,0.0008444766863249242,0.2639472484588623,0.12255027145147324,,,,,,,,,,,
55,0.17296874523162842,0.17296874523162842,MoE-sBOED,0.04524660110473633,3520,1.6616528034210205,1.3830747604370117,0.001375421299599111,0.27789098024368286,0.12251210957765579,,,,,,,,,,,
56,0.18187500536441803,0.18187500536441803,MoE-sBOED,0.050337791442871094,3584,1.6803257465362549,1.3821873664855957,0.0018530709203332663,0.28237369656562805,0.12250685691833496,,,,,,,,,,,
57,0.17859375476837158,0.17859375476837158,MoE-sBOED,0.048094987869262695,3648,1.8805551528930664,1.3821141719818115,0.0018268299754709005,0.28005877137184143,0.12248878180980682,,,,,,,,,,,
58,0.17531250417232513,0.17531250417232513,MoE-sBOED,0.05026388168334961,3712,2.129157543182373,1.3827296495437622,0.001106885145418346,0.27394571900367737,0.12246011197566986,,,,,,,,,,,
59,0.15515625476837158,0.15515625476837158,MoE-sBOED,0.050122737884521484,3776,2.2284467220306396,1.3834022283554077,0.002949885092675686,0.26896360516548157,0.12244148552417755,,,,,,,,,,,
60,0.1912500113248825,0.1912500113248825,MoE-sBOED,0.04265189170837402,3840,2.223545551300049,1.3845553398132324,0.0014636085834354162,0.2626967430114746,0.12245093286037445,,,,,,,,,,,
61,0.1743749976158142,0.1743749976158142,MoE-sBOED,0.045049428939819336,3904,2.1691699028015137,1.3852932453155518,0.0023144162259995937,0.25574854016304016,0.12245749682188034,,,,,,,,,,,
62,0.1809374988079071,0.1809374988079071,MoE-sBOED,0.0447235107421875,3968,2.0743331909179688,1.3852262496948242,0.0018644549418240786,0.26039016246795654,0.12246469408273697,,,,,,,,,,,
63,0.15703123807907104,0.15703123807907104,MoE-sBOED,0.06151127815246582,4032,1.9302382469177246,1.3831357955932617,0.002655354095622897,0.27772271633148193,0.12248633801937103,,,,,,,,,,,
64,0.16968750953674316,0.16968750953674316,MoE-sBOED,0.05210757255554199,4096,1.9376204013824463,1.3820302486419678,0.0017680886667221785,0.2836062014102936,0.12250547111034393,,,,,,,,,,,
65,0.16875000298023224,0.16875000298023224,MoE-sBOED,0.05029463768005371,4160,1.9998366832733154,1.3820984363555908,0.001228837762027979,0.2797871232032776,0.12248978018760681,,,,,,,,,,,
66,0.19171875715255737,0.19171875715255737,MoE-sBOED,0.04775810241699219,4224,2.2698540687561035,1.381224513053894,0.001364462892524898,0.281552791595459,0.12241159379482269,,,,,,,,,,,
67,0.1926562488079071,0.1926562488079071,MoE-sBOED,0.04926013946533203,4288,2.2478294372558594,1.3754887580871582,0.0008750539273023605,0.30560967326164246,0.12232556939125061,,,,,,,,,,,
68,0.1743749976158142,0.1743749976158142,MoE-sBOED,0.048738956451416016,4352,2.1090245246887207,1.3736344575881958,0.00022971152793616056,0.31448614597320557,0.12227364629507065,,,,,,,,,,,
69,0.1823437511920929,0.1823437511920929,MoE-sBOED,0.047274112701416016,4416,2.104081630706787,1.3764736652374268,0.00040844251634553075,0.3034861385822296,0.12224080413579941,,,,,,,,,,,
70,0.16734375059604645,0.16734375059604645,MoE-sBOED,0.046404123306274414,4480,1.9362337589263916,1.3813433647155762,0.0009793707868084311,0.2852926552295685,0.12224559485912323,,,,,,,,,,,
71,0.1823437511920929,0.1823437511920929,MoE-sBOED,0.04684782028198242,4544,1.9132741689682007,1.3840059041976929,0.0009320261888206005,0.26569944620132446,0.12225405871868134,,,,,,,,,,,
72,0.17531250417232513,0.17531250417232513,MoE-sBOED,0.04694628715515137,4608,1.9140644073486328,1.384779930114746,0.0005731885903514922,0.25430041551589966,0.12227387726306915,,,,,,,,,,,
73,0.18187499046325684,0.18187499046325684,MoE-sBOED,0.04589581489562988,4672,1.8064897060394287,1.3838938474655151,0.0003993287682533264,0.2647319734096527,0.12229914963245392,,,,,,,,,,,
74,0.19031250476837158,0.19031250476837158,MoE-sBOED,0.0449979305267334,4736,1.665111780166626,1.3818049430847168,0.0006319051026366651,0.2756127715110779,0.12234149873256683,,,,,,,,,,,
75,0.17765626311302185,0.17765626311302185,MoE-sBOED,0.04429435729980469,4800,1.5930089950561523,1.3789738416671753,0.00025376625126227736,0.2908199429512024,0.12241313606500626,0.1809375,0.06468750000000001,4,0.5789177797179678,0.03125,0.0,1,0.0,0.06468750000000001,0,diagnostic_only
76,0.17578125,0.17578125,MoE-sBOED,0.04091906547546387,4864,1.6014342308044434,1.3756414651870728,0.00040154572343453765,0.30428940057754517,0.12248363345861435,,,,,,,,,,,
77,0.17015625536441803,0.17015625536441803,MoE-sBOED,0.041290283203125,4928,1.638625144958496,1.3750150203704834,0.00021146591461729258,0.30622899532318115,0.12250582873821259,,,,,,,,,,,
78,0.16312500834465027,0.16312500834465027,MoE-sBOED,0.04429268836975098,4992,1.7766284942626953,1.3777997493743896,0.000146037113154307,0.2967694103717804,0.12250842899084091,,,,,,,,,,,
79,0.1823437511920929,0.1823437511920929,MoE-sBOED,0.04494142532348633,5056,1.7395007610321045,1.3799389600753784,0.0002414315822534263,0.2867380678653717,0.12249482423067093,,,,,,,,,,,
80,0.1809374988079071,0.1809374988079071,MoE-sBOED,0.045294761657714844,5120,1.9771735668182373,1.3833216428756714,0.00024205600493587554,0.2619610130786896,0.12242479622364044,,,,,,,,,,,
81,0.16640624403953552,0.16640624403953552,MoE-sBOED,0.04658699035644531,5184,1.9226981401443481,1.3834805488586426,0.00028103310614824295,0.2636805772781372,0.1223895475268364,,,,,,,,,,,
82,0.17531248927116394,0.17531248927116394,MoE-sBOED,0.04747295379638672,5248,1.78787362575531,1.3831827640533447,0.0004020502674393356,0.2636958658695221,0.12234944850206375,,,,,,,,,,,
83,0.17390626668930054,0.17390626668930054,MoE-sBOED,0.04830789566040039,5312,1.8162869215011597,1.3821332454681396,0.0005862893303856254,0.26788923144340515,0.12227946519851685,,,,,,,,,,,
84,0.1809375137090683,0.1809375137090683,MoE-sBOED,0.044318199157714844,5376,1.8732266426086426,1.3814091682434082,0.0010858611203730106,0.2717040777206421,0.12223037332296371,,,,,,,,,,,
85,0.17484375834465027,0.17484375834465027,MoE-sBOED,0.044724464416503906,5440,1.7382277250289917,1.3808671236038208,0.0008785928948782384,0.2778056263923645,0.12220484763383865,,,,,,,,,,,
86,0.17156249284744263,0.17156249284744263,MoE-sBOED,0.04199099540710449,5504,1.7210750579833984,1.3812577724456787,0.0009810745250433683,0.2746349573135376,0.1221805140376091,,,,,,,,,,,
87,0.17671875655651093,0.17671875655651093,MoE-sBOED,0.04331564903259277,5568,1.8276118040084839,1.3824825286865234,0.0007010117988102138,0.2640332579612732,0.12216463685035706,,,,,,,,,,,
88,0.19078126549720764,0.19078126549720764,MoE-sBOED,0.0445866584777832,5632,1.8253118991851807,1.383188009262085,0.0010162938851863146,0.259197473526001,0.12214671075344086,,,,,,,,,,,
89,0.18796876072883606,0.18796876072883606,MoE-sBOED,0.044507741928100586,5696,1.7868599891662598,1.3840826749801636,0.0004318073333706707,0.25822892785072327,0.1221490278840065,,,,,,,,,,,
90,0.17624999582767487,0.17624999582767487,MoE-sBOED,0.04548835754394531,5760,1.7901713848114014,1.384605884552002,0.0004946523113176227,0.2598038911819458,0.1221785917878151,,,,,,,,,,,
91,0.16453126072883606,0.16453126072883606,MoE-sBOED,0.04491090774536133,5824,1.7417938709259033,1.3844282627105713,0.00043520121835172176,0.2587805986404419,0.12221943587064743,,,,,,,,,,,
92,0.1743749976158142,0.1743749976158142,MoE-sBOED,0.04770398139953613,5888,1.7537291049957275,1.383991003036499,0.0004841501358896494,0.2614310383796692,0.12225760519504547,,,,,,,,,,,
93,0.19171875715255737,0.19171875715255737,MoE-sBOED,0.04367876052856445,5952,1.579463243484497,1.3830676078796387,0.00046532900887541473,0.27430063486099243,0.12230978906154633,,,,,,,,,,,
94,0.1795312464237213,0.1795312464237213,MoE-sBOED,0.04623126983642578,6016,1.5313670635223389,1.381490707397461,0.0004570090677589178,0.28201648592948914,0.12234843522310257,,,,,,,,,,,
95,0.18468749523162842,0.18468749523162842,MoE-sBOED,0.048766136169433594,6080,1.5706921815872192,1.3804492950439453,0.0004241208080202341,0.28723737597465515,0.12240184843540192,,,,,,,,,,,
96,0.17296874523162842,0.17296874523162842,MoE-sBOED,0.04621696472167969,6144,1.5227136611938477,1.3796138763427734,0.00033807684667408466,0.2916855216026306,0.12244458496570587,,,,,,,,,,,
97,0.18328125774860382,0.18328125774860382,MoE-sBOED,0.047806739807128906,6208,1.6326074600219727,1.3830246925354004,0.00030564088956452906,0.27210643887519836,0.1223965659737587,,,,,,,,,,,
98,0.18328125774860382,0.18328125774860382,MoE-sBOED,0.04610919952392578,6272,1.732182264328003,1.3839144706726074,0.0002546006580814719,0.26099565625190735,0.12229081988334656,,,,,,,,,,,
99,0.17156249284744263,0.17156249284744263,MoE-sBOED,0.04535174369812012,6336,1.7740488052368164,1.381666898727417,0.00016911367129068822,0.2753499448299408,0.1221923753619194,,,,,,,,,,,
100,0.1729687601327896,0.1729687601327896,MoE-sBOED,0.045423030853271484,6400,1.8148057460784912,1.3800854682922363,0.0002895267680287361,0.27920928597450256,0.12214043736457825,0.183046875,0.066796875,2,0.3111291548118492,0.015625,0.0,1,0.0,0.066796875,0,diagnostic_only
101,0.16734375059604645,0.16734375059604645,MoE-sBOED,0.04049253463745117,6464,1.7239809036254883,1.3790953159332275,0.000659181852824986,0.28273916244506836,0.12211127579212189,,,,,,,,,,,
102,0.18843750655651093,0.18843750655651093,MoE-sBOED,0.04149889945983887,6528,1.802144169807434,1.3797056674957275,0.0006528762169182301,0.28036779165267944,0.12210096418857574,,,,,,,,,,,
103,0.17531250417232513,0.17531250417232513,MoE-sBOED,0.04482412338256836,6592,1.7957689762115479,1.3806730508804321,0.0004730253713205457,0.27724695205688477,0.12209607660770416,,,,,,,,,,,
104,0.1860937476158142,0.1860937476158142,MoE-sBOED,0.04573392868041992,6656,1.779541254043579,1.3822368383407593,0.0005426588468253613,0.2643168270587921,0.12207774072885513,,,,,,,,,,,
105,0.19031250476837158,0.19031250476837158,MoE-sBOED,0.05358242988586426,6720,1.7777681350708008,1.3826653957366943,0.0007868015673011541,0.27249062061309814,0.12205534428358078,,,,,,,,,,,
106,0.1837500035762787,0.1837500035762787,MoE-sBOED,0.04277992248535156,6784,1.6932239532470703,1.3818066120147705,0.00044391240226104856,0.28173550963401794,0.12203055620193481,,,,,,,,,,,
107,0.1860937476158142,0.1860937476158142,MoE-sBOED,0.04530620574951172,6848,1.770481824874878,1.3810853958129883,0.0005622924072667956,0.28465911746025085,0.12200401723384857,,,,,,,,,,,
108,0.17531248927116394,0.17531248927116394,MoE-sBOED,0.03903913497924805,6912,1.6541473865509033,1.380138874053955,0.0005613724933937192,0.28961122035980225,0.1219722330570221,,,,,,,,,,,
109,0.1720312535762787,0.1720312535762787,MoE-sBOED,0.03903317451477051,6976,1.6407263278961182,1.3771722316741943,0.00035961251705884933,0.30069106817245483,0.12191884964704514,,,,,,,,,,,
110,0.1678124964237213,0.1678124964237213,MoE-sBOED,0.03896331787109375,7040,1.6743230819702148,1.3735952377319336,0.00041935264016501606,0.311426043510437,0.1218646988272667,,,,,,,,,,,
111,0.17390625178813934,0.17390625178813934,MoE-sBOED,0.038980960845947266,7104,1.7019462585449219,1.3726589679718018,0.00044179451651871204,0.3129643201828003,0.12183219939470291,,,,,,,,,,,
112,0.16640625894069672,0.16640625894069672,MoE-sBOED,0.03896975517272949,7168,1.7176055908203125,1.3759125471115112,0.0004246675525791943,0.3035135269165039,0.12181179225444794,,,,,,,,,,,
113,0.1771875023841858,0.1771875023841858,MoE-sBOED,0.03905034065246582,7232,1.811638355255127,1.3802111148834229,0.0006841624854132533,0.28694671392440796,0.12179429084062576,,,,,,,,,,,
114,0.18562501668930054,0.18562501668930054,MoE-sBOED,0.03895115852355957,7296,1.7933003902435303,1.3819465637207031,0.0004206742160022259,0.2799720764160156,0.12178628146648407,,,,,,,,,,,
115,0.18187499046325684,0.18187499046325684,MoE-sBOED,0.03901028633117676,7360,1.78879976272583,1.3834474086761475,0.000499585410580039,0.27111712098121643,0.12178262323141098,,,,,,,,,,,
116,0.1837500035762787,0.1837500035762787,MoE-sBOED,0.03891134262084961,7424,1.8264468908309937,1.3843648433685303,0.0005227233632467687,0.26278960704803467,0.12177413702011108,,,,,,,,,,,
117,0.17671874165534973,0.17671874165534973,MoE-sBOED,0.038916587829589844,7488,1.799295425415039,1.3848488330841064,0.0006118533201515675,0.2569342851638794,0.12176422029733658,,,,,,,,,,,
118,0.18328125774860382,0.18328125774860382,MoE-sBOED,0.03896975517272949,7552,1.7415227890014648,1.3851524591445923,0.0005325895617716014,0.25682926177978516,0.1217585951089859,,,,,,,,,,,
119,0.17015625536441803,0.17015625536441803,MoE-sBOED,0.03896450996398926,7616,1.7087790966033936,1.3851795196533203,0.00037447240902110934,0.25744619965553284,0.12174651771783829,,,,,,,,,,,
120,0.17109374701976776,0.17109374701976776,MoE-sBOED,0.038901329040527344,7680,1.76215398311615,1.3849406242370605,0.000361309212166816,0.25968262553215027,0.1217234879732132,,,,,,,,,,,
121,0.1860937476158142,0.1860937476158142,MoE-sBOED,0.038892269134521484,7744,1.9844350814819336,1.3846995830535889,0.0006936348509043455,0.25828462839126587,0.12169915437698364,,,,,,,,,,,
122,0.20671874284744263,0.20671874284744263,MoE-sBOED,0.03890824317932129,7808,2.136648178100586,1.384423017501831,0.0005404800176620483,0.2626821994781494,0.1217036172747612,,,,,,,,,,,
123,0.1889062523841858,0.1889062523841858,MoE-sBOED,0.039006948471069336,7872,2.2238552570343018,1.3843576908111572,0.0005432413890957832,0.26413866877555847,0.12171989679336548,,,,,,,,,,,
124,0.17390623688697815,0.17390623688697815,MoE-sBOED,0.03890585899353027,7936,2.105635166168213,1.38443922996521,0.0003350557235535234,0.2625572979450226,0.12172026187181473,,,,,,,,,,,
125,0.16500000655651093,0.16500000655651093,MoE-sBOED,0.03894400596618652,8000,2.1207284927368164,1.384678840637207,0.0005281787598505616,0.26285529136657715,0.1216958537697792,0.1828125,0.06656250000000001,2,0.045688389073983635,0.015625,0.0,1,0.0,0.06656250000000001,0,diagnostic_only
126,0.17624999582767487,0.17624999582767487,MoE-sBOED,0.03932595252990723,8064,1.9198135137557983,1.3847633600234985,0.00041864439845085144,0.25928425788879395,0.12168102711439133,,,,,,,,,,,
127,0.18796874582767487,0.18796874582767487,MoE-sBOED,0.03901362419128418,8128,1.9786375761032104,1.3846737146377563,0.00031254830537363887,0.25926244258880615,0.12165547162294388,,,,,,,,,,,
128,0.1837500035762787,0.1837500035762787,MoE-sBOED,0.03896617889404297,8192,1.8885798454284668,1.384317398071289,0.000470281665911898,0.2589646875858307,0.12163763493299484,,,,,,,,,,,
129,0.17531250417232513,0.17531250417232513,MoE-sBOED,0.038893699645996094,8256,1.8557608127593994,1.3839786052703857,0.00044443842489272356,0.26283758878707886,0.12162710726261139,,,,,,,,,,,
130,0.1875,0.1875,MoE-sBOED,0.038988351821899414,8320,1.9604274034500122,1.3837306499481201,0.0004117504577152431,0.26382556557655334,0.12161257863044739,,,,,,,,,,,
131,0.18046875298023224,0.18046875298023224,MoE-sBOED,0.03900337219238281,8384,1.8279821872711182,1.383634328842163,0.0003211455186828971,0.263392835855484,0.12160789221525192,,,,,,,,,,,
132,0.19453123211860657,0.19453123211860657,MoE-sBOED,0.038936614990234375,8448,1.853414535522461,1.3840656280517578,0.0009176060557365417,0.2576923966407776,0.12160422652959824,,,,,,,,,,,
133,0.18515625596046448,0.18515625596046448,MoE-sBOED,0.03888106346130371,8512,1.6842783689498901,1.3841605186462402,0.0012339543318375945,0.2571612298488617,0.12160566449165344,,,,,,,,,,,
134,0.16874998807907104,0.16874998807907104,MoE-sBOED,0.038899898529052734,8576,1.6305878162384033,1.3843250274658203,0.001661056187003851,0.26184171438217163,0.1216040849685669,,,,,,,,,,,
135,0.18703125417232513,0.18703125417232513,MoE-sBOED,0.0390477180480957,8640,1.661507487297058,1.3843281269073486,0.0013743112795054913,0.26511746644973755,0.12160160392522812,,,,,,,,,,,
136,0.17390625178813934,0.17390625178813934,MoE-sBOED,0.03926444053649902,8704,1.6572942733764648,1.3843350410461426,0.0006729699671268463,0.2624651789665222,0.12159698456525803,,,,,,,,,,,
137,0.18796876072883606,0.18796876072883606,MoE-sBOED,0.03885841369628906,8768,1.6835664510726929,1.384462594985962,0.0010736137628555298,0.25535473227500916,0.12159528583288193,,,,,,,,,,,
138,0.17671874165534973,0.17671874165534973,MoE-sBOED,0.03914165496826172,8832,1.7537214756011963,1.3844308853149414,0.0013883968349546194,0.2547617554664612,0.12160318344831467,,,,,,,,,,,
139,0.17531250417232513,0.17531250417232513,MoE-sBOED,0.03897261619567871,8896,1.7599875926971436,1.384451150894165,0.0006700918893329799,0.2549229860305786,0.12159094959497452,,,,,,,,,,,
140,0.18281251192092896,0.18281251192092896,MoE-sBOED,0.0388948917388916,8960,1.8057456016540527,1.3844873905181885,0.0010450567351654172,0.25608545541763306,0.12156378477811813,,,,,,,,,,,
141,0.16828125715255737,0.16828125715255737,MoE-sBOED,0.03900790214538574,9024,1.8179280757904053,1.3846824169158936,0.0015723747201263905,0.2537740468978882,0.12156441807746887,,,,,,,,,,,
142,0.1823437511920929,0.1823437511920929,MoE-sBOED,0.039017438888549805,9088,1.8053319454193115,1.3848198652267456,0.001233092276379466,0.2574215829372406,0.12158218026161194,,,,,,,,,,,
143,0.1720312535762787,0.1720312535762787,MoE-sBOED,0.038869380950927734,9152,1.7759499549865723,1.3847339153289795,0.0006502046016976237,0.258842408657074,0.12158694118261337,,,,,,,,,,,
144,0.16640624403953552,0.16640624403953552,MoE-sBOED,0.0390324592590332,9216,1.796482801437378,1.3838863372802734,0.0013375298585742712,0.2680693566799164,0.12163228541612625,,,,,,,,,,,
145,0.15796875953674316,0.15796875953674316,MoE-sBOED,0.03889775276184082,9280,1.8223860263824463,1.382171869277954,0.00225444370880723,0.2790958285331726,0.12170398980379105,,,,,,,,,,,
146,0.1795312464237213,0.1795312464237213,MoE-sBOED,0.03908538818359375,9344,1.9744000434875488,1.3824185132980347,0.0017297535669058561,0.2746015787124634,0.12172076851129532,,,,,,,,,,,
147,0.18562500178813934,0.18562500178813934,MoE-sBOED,0.03903484344482422,9408,2.0285873413085938,1.3822914361953735,0.0007466140086762607,0.2778053283691406,0.12167713791131973,,,,,,,,,,,
148,0.1743749976158142,0.1743749976158142,MoE-sBOED,0.03888106346130371,9472,2.0524730682373047,1.379509687423706,0.0007173065096139908,0.29550421237945557,0.12162851542234421,,,,,,,,,,,
149,0.17906250059604645,0.17906250059604645,MoE-sBOED,0.038973093032836914,9536,1.8427585363388062,1.3755589723587036,0.0004938816418871284,0.3108213245868683,0.12162118405103683,,,,,,,,,,,
150,0.17156249284744263,0.17156249284744263,MoE-sBOED,0.03895425796508789,9600,1.8112456798553467,1.3778259754180908,0.001009779516607523,0.30362725257873535,0.12161780893802643,0.18796874999999996,0.17328125,1,-0.0,0.0078125,0.1484375,0,0.008671875,1001.15765625,0,diagnostic_only
151,0.16124999523162842,0.16124999523162842,MoE-sBOED,0.03927731513977051,9664,1.7389533519744873,1.3834733963012695,0.0011422410607337952,0.2789669632911682,0.12162355333566666,,,,,,,,,,,
152,0.18562500178813934,0.18562500178813934,MoE-sBOED,0.03895115852355957,9728,1.893269658088684,1.3856687545776367,0.001315809553489089,0.2580510973930359,0.12165430188179016,,,,,,,,,,,
153,0.18937501311302185,0.18937501311302185,MoE-sBOED,0.03901505470275879,9792,1.9147326946258545,1.3841569423675537,0.0034034482669085264,0.2649983763694763,0.1216660588979721,,,,,,,,,,,
154,0.18984375894069672,0.18984375894069672,MoE-sBOED,0.03890490531921387,9856,1.962223768234253,1.3819663524627686,0.0020632592495530844,0.2699483036994934,0.12168548256158829,,,,,,,,,,,
155,0.1889062523841858,0.1889062523841858,MoE-sBOED,0.03892374038696289,9920,2.0123026371002197,1.380981683731079,0.0039065624587237835,0.27518776059150696,0.12173730880022049,,,,,,,,,,,
156,0.17015624046325684,0.17015624046325684,MoE-sBOED,0.039047956466674805,9984,1.853393793106079,1.3790041208267212,0.0011933331843465567,0.28964149951934814,0.12181511521339417,,,,,,,,,,,
157,0.17578125,0.17578125,MoE-sBOED,0.03889584541320801,10048,1.8411078453063965,1.3766896724700928,0.0016157635254785419,0.30088233947753906,0.12189280241727829,,,,,,,,,,,
158,0.17156249284744263,0.17156249284744263,MoE-sBOED,0.03902792930603027,10112,1.6519651412963867,1.3733065128326416,0.000568695948459208,0.3108937740325928,0.12194233387708664,,,,,,,,,,,
159,0.17296874523162842,0.17296874523162842,MoE-sBOED,0.038872480392456055,10176,1.6138715744018555,1.3741909265518188,0.00038535133353434503,0.30865219235420227,0.12200424820184708,,,,,,,,,,,
160,0.18187500536441803,0.18187500536441803,MoE-sBOED,0.03911185264587402,10240,1.5847448110580444,1.3766224384307861,0.00045040890108793974,0.30071523785591125,0.12203381210565567,,,,,,,,,,,
161,0.18421876430511475,0.18421876430511475,MoE-sBOED,0.03891420364379883,10304,1.6167845726013184,1.38052499294281,0.00017775699961930513,0.28818097710609436,0.12206216156482697,,,,,,,,,,,
162,0.18328124284744263,0.18328124284744263,MoE-sBOED,0.03892254829406738,10368,1.5640554428100586,1.3811005353927612,0.0002906474401243031,0.28935399651527405,0.1221684142947197,,,,,,,,,,,
163,0.18562500178813934,0.18562500178813934,MoE-sBOED,0.03893113136291504,10432,1.574892520904541,1.3820226192474365,0.0005772936274297535,0.28639641404151917,0.12223618477582932,,,,,,,,,,,
164,0.19687500596046448,0.19687500596046448,MoE-sBOED,0.03891634941101074,10496,1.6218993663787842,1.3830024003982544,0.0009409417398273945,0.26924648880958557,0.12219775468111038,,,,,,,,,,,
165,0.16312500834465027,0.16312500834465027,MoE-sBOED,0.03892374038696289,10560,1.605144739151001,1.373110055923462,0.001317168353125453,0.3180369436740875,0.12206986546516418,,,,,,,,,,,
166,0.1809374988079071,0.1809374988079071,MoE-sBOED,0.03895235061645508,10624,1.6981635093688965,1.3607834577560425,0.0007250190246850252,0.34641194343566895,0.12195760756731033,,,,,,,,,,,
167,0.1912500113248825,0.1912500113248825,MoE-sBOED,0.03903675079345703,10688,1.6884251832962036,1.3587018251419067,0.001139977015554905,0.35021546483039856,0.12187333405017853,,,,,,,,,,,
168,0.1823437511920929,0.1823437511920929,MoE-sBOED,0.03887653350830078,10752,1.7190706729888916,1.3661748170852661,0.0015620499616488814,0.33358824253082275,0.12181396782398224,,,,,,,,,,,
169,0.17859375476837158,0.17859375476837158,MoE-sBOED,0.03888130187988281,10816,1.6208891868591309,1.3740043640136719,0.0006814479711465538,0.3138151466846466,0.12177193909883499,,,,,,,,,,,
170,0.1654687523841858,0.1654687523841858,MoE-sBOED,0.03887820243835449,10880,1.6638386249542236,1.3796926736831665,0.001454747631214559,0.2924547791481018,0.12174417078495026,,,,,,,,,,,
171,0.1978124976158142,0.1978124976158142,MoE-sBOED,0.038997650146484375,10944,1.7284531593322754,1.3830268383026123,0.002494588727131486,0.27315306663513184,0.12173258513212204,,,,,,,,,,,
172,0.18468749523162842,0.18468749523162842,MoE-sBOED,0.03895258903503418,11008,1.7221537828445435,1.3843755722045898,0.0009805349400267005,0.26324865221977234,0.12173207849264145,,,,,,,,,,,
173,0.16828125715255737,0.16828125715255737,MoE-sBOED,0.038919687271118164,11072,1.5530860424041748,1.384607195854187,0.0012568477541208267,0.268650084733963,0.12173771858215332,,,,,,,,,,,
174,0.1640625,0.1640625,MoE-sBOED,0.038921356201171875,11136,1.4724764823913574,1.3846546411514282,0.0020966921001672745,0.2701183259487152,0.1217493787407875,,,,,,,,,,,
175,0.17249999940395355,0.17249999940395355,MoE-sBOED,0.03898048400878906,11200,1.4864410161972046,1.3849154710769653,0.0009350039763376117,0.26761433482170105,0.12176836282014847,0.178359375,0.062109375,3,0.3961715400338129,0.0234375,0.0,1,0.0,0.062109375,0,diagnostic_only
176,0.18984375894069672,0.18984375894069672,MoE-sBOED,0.03931689262390137,11264,1.3719931840896606,1.3853189945220947,0.0004142594407312572,0.2610449194908142,0.12178127467632294,,,,,,,,,,,
177,0.18843749165534973,0.18843749165534973,MoE-sBOED,0.03910350799560547,11328,1.409879446029663,1.3855650424957275,0.0003704370465129614,0.26170772314071655,0.12178783863782883,,,,,,,,,,,
178,0.1678124964237213,0.1678124964237213,MoE-sBOED,0.039182186126708984,11392,1.407609462738037,1.385554313659668,0.0005802635569125414,0.26302194595336914,0.12177275866270065,,,,,,,,,,,
179,0.18562501668930054,0.18562501668930054,MoE-sBOED,0.03904557228088379,11456,1.599477767944336,1.3857793807983398,0.0004615096841007471,0.2599605619907379,0.12176302075386047,,,,,,,,,,,
180,0.17671874165534973,0.17671874165534973,MoE-sBOED,0.03887796401977539,11520,1.4362964630126953,1.3856056928634644,0.0005141568835824728,0.2603992819786072,0.1218101903796196,,,,,,,,,,,
181,0.20109376311302185,0.20109376311302185,MoE-sBOED,0.038970232009887695,11584,1.5228750705718994,1.3849942684173584,0.0011499247048050165,0.26622503995895386,0.12184957414865494,,,,,,,,,,,
182,0.17625001072883606,0.17625001072883606,MoE-sBOED,0.03948211669921875,11648,1.548018455505371,1.3844339847564697,0.0012391010532155633,0.26715198159217834,0.12184297293424606,,,,,,,,,,,
183,0.19921875,0.19921875,MoE-sBOED,0.03922724723815918,11712,1.724105715751648,1.3845264911651611,0.0010773591930046678,0.2624370753765106,0.12181022018194199,,,,,,,,,,,
184,0.18843750655651093,0.18843750655651093,MoE-sBOED,0.0392155647277832,11776,1.7572894096374512,1.3844342231750488,0.0006878233980387449,0.26366329193115234,0.12180224061012268,,,,,,,,,,,
185,0.19078125059604645,0.19078125059604645,MoE-sBOED,0.03926587104797363,11840,1.6710669994354248,1.3844159841537476,0.0006813366780988872,0.2636680603027344,0.12183406949043274,,,,,,,,,,,
186,0.16078124940395355,0.16078124940395355,MoE-sBOED,0.03908491134643555,11904,1.6188418865203857,1.3835855722427368,0.0006994462455622852,0.27359113097190857,0.12190969288349152,,,,,,,,,,,
187,0.1940625011920929,0.1940625011920929,MoE-sBOED,0.04037737846374512,11968,1.649134635925293,1.3831157684326172,0.000578235019929707,0.2740340530872345,0.12195530533790588,,,,,,,,,,,
188,0.18046873807907104,0.18046873807907104,MoE-sBOED,0.04042959213256836,12032,1.6220182180404663,1.3828407526016235,0.00030770557350479066,0.26853370666503906,0.12195225805044174,,,,,,,,,,,
189,0.1743749976158142,0.1743749976158142,MoE-sBOED,0.03901553153991699,12096,1.6472223997116089,1.3825623989105225,0.00021033115626778454,0.276183545589447,0.12193471193313599,,,,,,,,,,,
190,0.1889062523841858,0.1889062523841858,MoE-sBOED,0.03911852836608887,12160,1.685174584388733,1.3827314376831055,0.00038037117337808013,0.27744925022125244,0.12192517518997192,,,,,,,,,,,
191,0.17531250417232513,0.17531250417232513,MoE-sBOED,0.03921866416931152,12224,1.7307872772216797,1.3831262588500977,0.00045356189366430044,0.2775007486343384,0.12191317975521088,,,,,,,,,,,
192,0.17859375476837158,0.17859375476837158,MoE-sBOED,0.03907203674316406,12288,1.7575592994689941,1.3834255933761597,0.00028373385430313647,0.276565819978714,0.12190637737512589,,,,,,,,,,,
193,0.17812499403953552,0.17812499403953552,MoE-sBOED,0.039121389389038086,12352,1.7952144145965576,1.3834707736968994,0.0002747393155004829,0.27640122175216675,0.12188787013292313,,,,,,,,,,,
194,0.17531251907348633,0.17531251907348633,MoE-sBOED,0.03913235664367676,12416,1.7944360971450806,1.3841276168823242,0.00024630397092550993,0.2717042863368988,0.12187779694795609,,,,,,,,,,,
195,0.17859375476837158,0.17859375476837158,MoE-sBOED,0.03917074203491211,12480,1.864715576171875,1.3850209712982178,0.0002851752797141671,0.26227250695228577,0.1218927726149559,,,,,,,,,,,
196,0.1795312464237213,0.1795312464237213,MoE-sBOED,0.03923749923706055,12544,1.857299566268921,1.3852572441101074,0.000506143260281533,0.2592576742172241,0.12189716845750809,,,,,,,,,,,
197,0.1678124964237213,0.1678124964237213,MoE-sBOED,0.039175987243652344,12608,1.680788516998291,1.385246992111206,0.000681141740642488,0.26011189818382263,0.12190582603216171,,,,,,,,,,,
198,0.18515625596046448,0.18515625596046448,MoE-sBOED,0.03931450843811035,12672,1.8433635234832764,1.3851642608642578,0.0004752508830279112,0.2612738013267517,0.12189563363790512,,,,,,,,,,,
199,0.17343750596046448,0.17343750596046448,MoE-sBOED,0.03903317451477051,12736,1.6334929466247559,1.3842918872833252,0.0004388275265228003,0.2688637971878052,0.12189013510942459,,,,,,,,,,,
200,0.16593749821186066,0.16593749821186066,MoE-sBOED,0.03907918930053711,12800,1.6728203296661377,1.3840217590332031,0.0011228702496737242,0.27000558376312256,0.12186881899833679,0.18046875,0.06421874999999999,3,0.8869583719396376,0.0234375,0.0,1,0.0,0.06421874999999999,0,diagnostic_only
201,0.17671875655651093,0.17671875655651093,MoE-sBOED,0.03930830955505371,12864,1.7590728998184204,1.3836395740509033,0.001426586415618658,0.2713201940059662,0.12183091044425964,,,,,,,,,,,
202,0.17156250774860382,0.17781250178813934,MoE-sBOED,0.039137840270996094,12928,1.6601409912109375,1.3835753202438354,0.0006831001373939216,0.2726544141769409,0.12180450558662415,,,,,,,,,,,
203,0.17578125,0.17578125,MoE-sBOED,0.03903985023498535,12992,1.623155117034912,1.3841948509216309,0.0012042077723890543,0.2689296305179596,0.1217769905924797,,,,,,,,,,,
204,0.1912499964237213,0.1912499964237213,MoE-sBOED,0.039084672927856445,13056,1.727020502090454,1.3853039741516113,0.0009189655538648367,0.25846925377845764,0.12175395339727402,,,,,,,,,,,
205,0.1875,0.1875,MoE-sBOED,0.03895282745361328,13120,1.602272391319275,1.385615348815918,0.000912332150619477,0.2554532289505005,0.12175333499908447,,,,,,,,,,,
206,0.16218748688697815,0.16218748688697815,MoE-sBOED,0.03914141654968262,13184,1.4103405475616455,1.3857500553131104,0.0005499415565282106,0.25267067551612854,0.121750108897686,,,,,,,,,,,
207,0.18281249701976776,0.18281249701976776,MoE-sBOED,0.03912544250488281,13248,1.6032769680023193,1.385764479637146,0.0006456314004026353,0.2545475661754608,0.12173241376876831,,,,,,,,,,,
208,0.1978124976158142,0.1978124976158142,MoE-sBOED,0.03920340538024902,13312,1.7766399383544922,1.385667085647583,0.00102856510784477,0.25644955039024353,0.1216990128159523,,,,,,,,,,,
209,0.1720312535762787,0.1720312535762787,MoE-sBOED,0.03908801078796387,13376,1.705082654953003,1.3856070041656494,0.0011122808791697025,0.2554275393486023,0.121671661734581,,,,,,,,,,,
210,0.19218750298023224,0.19218750298023224,MoE-sBOED,0.03903007507324219,13440,1.7216633558273315,1.385628581047058,0.001132853445596993,0.25805795192718506,0.12166169285774231,,,,,,,,,,,
211,0.1771875023841858,0.1771875023841858,MoE-sBOED,0.03903675079345703,13504,1.602792739868164,1.385615587234497,0.001243107602931559,0.2602575123310089,0.12165668606758118,,,,,,,,,,,
212,0.17625001072883606,0.17625001072883606,MoE-sBOED,0.03931927680969238,13568,1.616331934928894,1.3856627941131592,0.0005411499878391623,0.2596944570541382,0.12164977192878723,,,,,,,,,,,
213,0.17109374701976776,0.17109374701976776,MoE-sBOED,0.03911542892456055,13632,1.545183777809143,1.385642170906067,0.0006229301798157394,0.2595241069793701,0.1216488629579544,,,,,,,,,,,
214,0.14812499284744263,0.14812499284744263,MoE-sBOED,0.03904128074645996,13696,1.4260109663009644,1.3855891227722168,0.0006080272141844034,0.26102739572525024,0.12164347618818283,,,,,,,,,,,
215,0.1720312535762787,0.1720312535762787,MoE-sBOED,0.03899884223937988,13760,1.5582385063171387,1.3855998516082764,0.0008262544870376587,0.26102036237716675,0.12165331095457077,,,,,,,,,,,
216,0.18515625596046448,0.18515625596046448,MoE-sBOED,0.03912067413330078,13824,1.6541749238967896,1.385619044303894,0.0008008335717022419,0.2595880627632141,0.12165363878011703,,,,,,,,,,,
217,0.1706250011920929,0.1706250011920929,MoE-sBOED,0.03896737098693848,13888,1.7279709577560425,1.3856772184371948,0.00033477897522971034,0.2574005424976349,0.12163842469453812,,,,,,,,,,,
218,0.17671874165534973,0.17671874165534973,MoE-sBOED,0.03916192054748535,13952,1.6593111753463745,1.3857486248016357,0.0006279264925979078,0.25584983825683594,0.12162797898054123,,,,,,,,,,,
219,0.17578125,0.17578125,MoE-sBOED,0.03911471366882324,14016,1.6276395320892334,1.385822057723999,0.0008531076600775123,0.2534864544868469,0.12162098288536072,,,,,,,,,,,
220,0.16171875596046448,0.16171875596046448,MoE-sBOED,0.039119720458984375,14080,1.5699485540390015,1.3858455419540405,0.0008056233637034893,0.25209134817123413,0.12161968648433685,,,,,,,,,,,
221,0.16734375059604645,0.16734375059604645,MoE-sBOED,0.03903341293334961,14144,1.6348358392715454,1.3858133554458618,0.0003643810632638633,0.2526036202907562,0.12161191552877426,,,,,,,,,,,
222,0.16828125715255737,0.16828125715255737,MoE-sBOED,0.03904080390930176,14208,1.498732566833496,1.3856849670410156,0.00014059024397283792,0.25700271129608154,0.12160352617502213,,,,,,,,,,,
223,0.1720312535762787,0.1720312535762787,MoE-sBOED,0.03914999961853027,14272,1.5622082948684692,1.3855878114700317,0.0003680569934658706,0.2585287392139435,0.12160169333219528,,,,,,,,,,,
224,0.16687500476837158,0.16687500476837158,MoE-sBOED,0.03905677795410156,14336,1.5622751712799072,1.3854265213012695,0.0005441054236143827,0.2592877149581909,0.12157869338989258,,,,,,,,,,,
225,0.1823437511920929,0.1823437511920929,MoE-sBOED,0.039060115814208984,14400,1.566692590713501,1.3853182792663574,0.0006385379238054156,0.25828415155410767,0.12156492471694946,0.18093750000000003,0.06468750000000001,3,0.42386643141349134,0.0234375,0.0,1,0.0,0.06468750000000001,0,diagnostic_only
226,0.1837500035762787,0.1837500035762787,MoE-sBOED,0.039284467697143555,14464,1.5152848958969116,1.3851611614227295,0.0009705176344141364,0.2570878267288208,0.12155869603157043,,,,,,,,,,,
227,0.1720312535762787,0.1720312535762787,MoE-sBOED,0.03918719291687012,14528,1.4594438076019287,1.3851516246795654,0.000920033548027277,0.25858956575393677,0.12154421210289001,,,,,,,,,,,
228,0.20015624165534973,0.20015624165534973,MoE-sBOED,0.039018869400024414,14592,1.648756980895996,1.3850245475769043,0.0006215395987965167,0.2612466812133789,0.12152357399463654,,,,,,,,,,,
229,0.1823437511920929,0.1823437511920929,MoE-sBOED,0.03908371925354004,14656,1.640820026397705,1.385062575340271,0.0005152325611561537,0.2622451186180115,0.12150087207555771,,,,,,,,,,,
230,0.1809374988079071,0.1809374988079071,MoE-sBOED,0.038958072662353516,14720,1.6335440874099731,1.3851701021194458,0.0007733198581263423,0.26067012548446655,0.12148062139749527,,,,,,,,,,,
231,0.17765626311302185,0.17765626311302185,MoE-sBOED,0.038949012756347656,14784,1.8554264307022095,1.3851799964904785,0.0010385923087596893,0.2590100169181824,0.12145427614450455,,,,,,,,,,,
232,0.18421874940395355,0.18421874940395355,MoE-sBOED,0.039543867111206055,14848,1.9015557765960693,1.385074257850647,0.0009993684943765402,0.25711673498153687,0.12143191695213318,,,,,,,,,,,
233,0.16593749821186066,0.16593749821186066,MoE-sBOED,0.03912234306335449,14912,1.928560733795166,1.3849637508392334,0.0007266978500410914,0.25593847036361694,0.12141765654087067,,,,,,,,,,,
234,0.18281251192092896,0.18281251192092896,MoE-sBOED,0.03910708427429199,14976,1.8632512092590332,1.3848743438720703,0.0010437513701617718,0.2588210701942444,0.12141914665699005,,,,,,,,,,,
235,0.16124999523162842,0.16124999523162842,MoE-sBOED,0.03907012939453125,15040,1.7144156694412231,1.3849384784698486,0.002086083171889186,0.2607901692390442,0.1214664876461029,,,,,,,,,,,
236,0.17249999940395355,0.17249999940395355,MoE-sBOED,0.03907918930053711,15104,1.6690623760223389,1.384873390197754,0.00249880226328969,0.25906941294670105,0.12153246253728867,,,,,,,,,,,
237,0.18937499821186066,0.18937499821186066,MoE-sBOED,0.039163827896118164,15168,1.639080286026001,1.383894443511963,0.0020716346334666014,0.2701184153556824,0.12163297832012177,,,,,,,,,,,
238,0.18187499046325684,0.18187499046325684,MoE-sBOED,0.03917717933654785,15232,1.6169296503067017,1.3821793794631958,0.0017080905381590128,0.283005952835083,0.12175831198692322,,,,,,,,,,,
239,0.17484375834465027,0.17484375834465027,MoE-sBOED,0.039022207260131836,15296,1.4413518905639648,1.3807103633880615,0.001504780724644661,0.28842294216156006,0.12184561789035797,,,,,,,,,,,
240,0.18328124284744263,0.18328124284744263,MoE-sBOED,0.03898477554321289,15360,1.6224743127822876,1.3811702728271484,0.0012486523482948542,0.27856868505477905,0.12183326482772827,,,,,,,,,,,
241,0.1771875023841858,0.1771875023841858,MoE-sBOED,0.03903675079345703,15424,1.699784755706787,1.3818070888519287,0.0008094698423519731,0.27301159501075745,0.12179934233427048,,,,,,,,,,,
242,0.18843750655651093,0.18843750655651093,MoE-sBOED,0.03909873962402344,15488,1.687556266784668,1.3824645280838013,0.0005688798264600337,0.27720725536346436,0.12183671444654465,,,,,,,,,,,
243,0.1720312386751175,0.1720312386751175,MoE-sBOED,0.039201974868774414,15552,1.6684045791625977,1.3829984664916992,0.00046558177564293146,0.27874308824539185,0.12186325341463089,,,,,,,,,,,
244,0.1743750125169754,0.1743750125169754,MoE-sBOED,0.03915548324584961,15616,1.7515206336975098,1.3841662406921387,0.00037770543713122606,0.2700577974319458,0.12180287390947342,,,,,,,,,,,
245,0.1771875023841858,0.1771875023841858,MoE-sBOED,0.039071083068847656,15680,1.8845158815383911,1.3847460746765137,0.00027642861823551357,0.2622319161891937,0.12175344675779343,,,,,,,,,,,
246,0.1809375137090683,0.1809375137090683,MoE-sBOED,0.03918790817260742,15744,1.7666149139404297,1.384253978729248,0.00021770950115751475,0.26230961084365845,0.121750608086586,,,,,,,,,,,
247,0.16593751311302185,0.16593751311302185,MoE-sBOED,0.039041757583618164,15808,1.890993356704712,1.3842670917510986,0.0003532188420649618,0.2609127163887024,0.12175881862640381,,,,,,,,,,,
248,0.17859375476837158,0.17859375476837158,MoE-sBOED,0.03909587860107422,15872,1.9462697505950928,1.3846452236175537,0.00042667402885854244,0.26042208075523376,0.1217726618051529,,,,,,,,,,,
249,0.16218750178813934,0.16218750178813934,MoE-sBOED,0.039171457290649414,15936,1.9233877658843994,1.3849647045135498,0.000462451484054327,0.25511452555656433,0.12169954925775528,,,,,,,,,,,
250,0.18796874582767487,0.18796874582767487,MoE-sBOED,0.03924846649169922,16000,2.084317207336426,1.3849544525146484,0.0005163982277736068,0.2559673488140106,0.12166951596736908,0.179296875,0.06617187500000002,1,-0.0,0.0078125,0.0078125,1,0.000234375,0.06617187500000002,0,diagnostic_only
251,0.1889062523841858,0.1889062523841858,MoE-sBOED,0.03921794891357422,16064,2.1081480979919434,1.385007619857788,0.0007333364337682724,0.2552962303161621,0.12173439562320709,,,,,,,,,,,
252,0.17906248569488525,0.17906248569488525,MoE-sBOED,0.0391230583190918,16128,2.029648780822754,1.3844494819641113,0.0009120850590988994,0.2611519992351532,0.12182430177927017,,,,,,,,,,,
253,0.17812499403953552,0.17812499403953552,MoE-sBOED,0.039099693298339844,16192,1.9796257019042969,1.3837451934814453,0.000816710467915982,0.25975537300109863,0.12182293087244034,,,,,,,,,,,
254,0.1771875023841858,0.1771875023841858,MoE-sBOED,0.0391240119934082,16256,1.8535656929016113,1.3831171989440918,0.0007590418681502342,0.26708710193634033,0.12181828916072845,,,,,,,,,,,
255,0.1795312464237213,0.1795312464237213,MoE-sBOED,0.03915071487426758,16320,1.7845532894134521,1.3827661275863647,0.0009460478904657066,0.26998668909072876,0.12187883257865906,,,,,,,,,,,
256,0.1795312464237213,0.1795312464237213,MoE-sBOED,0.03905797004699707,16384,1.7722700834274292,1.3827282190322876,0.0011480783578008413,0.2709178328514099,0.12199416756629944,,,,,,,,,,,
257,0.17671874165534973,0.17671874165534973,MoE-sBOED,0.03903007507324219,16448,1.771499514579773,1.3833091259002686,0.0009035842958837748,0.2690999507904053,0.12199573218822479,,,,,,,,,,,
258,0.18000000715255737,0.18000000715255737,MoE-sBOED,0.03908896446228027,16512,1.847782850265503,1.3837862014770508,0.0006574769504368305,0.26684918999671936,0.12200140953063965,,,,,,,,,,,
259,0.17343750596046448,0.17343750596046448,MoE-sBOED,0.03910636901855469,16576,1.8630467653274536,1.3842458724975586,0.0007680943235754967,0.2619782090187073,0.12198060005903244,,,,,,,,,,,
260,0.1692187488079071,0.1692187488079071,MoE-sBOED,0.039002418518066406,16640,1.7634625434875488,1.383974552154541,0.000718459952622652,0.26103663444519043,0.12190268188714981,,,,,,,,,,,
261,0.18000000715255737,0.18000000715255737,MoE-sBOED,0.039119720458984375,16704,1.8433036804199219,1.38318932056427,0.0006310549797490239,0.2689884901046753,0.12181106954813004,,,,,,,,,,,
262,0.1720312535762787,0.1720312535762787,MoE-sBOED,0.039105892181396484,16768,1.8588099479675293,1.3818025588989258,0.0004144050762988627,0.27386778593063354,0.1217186227440834,,,,,,,,,,,
263,0.18421876430511475,0.18421876430511475,MoE-sBOED,0.03925347328186035,16832,1.9068291187286377,1.3811689615249634,0.000458295427961275,0.2751534581184387,0.12164054065942764,,,,,,,,,,,
264,0.18843749165534973,0.18843749165534973,MoE-sBOED,0.03929734230041504,16896,1.9662177562713623,1.3809970617294312,0.000691432214807719,0.27780666947364807,0.12158450484275818,,,,,,,,,,,
265,0.18187499046325684,0.18187499046325684,MoE-sBOED,0.03902149200439453,16960,1.8765337467193604,1.3806978464126587,0.0009520268067717552,0.27236732840538025,0.12154936790466309,,,,,,,,,,,
266,0.17765626311302185,0.17765626311302185,MoE-sBOED,0.03898501396179199,17024,1.7483677864074707,1.3809030055999756,0.001480087055824697,0.27272987365722656,0.12153047323226929,,,,,,,,,,,
267,0.17296874523162842,0.18390625715255737,MoE-sBOED,0.039171457290649414,17088,1.6292208433151245,1.3812294006347656,0.0013499100459739566,0.2745044231414795,0.1215207427740097,,,,,,,,,,,
268,0.18984374403953552,0.18984374403953552,MoE-sBOED,0.03918933868408203,17152,1.5975940227508545,1.3815929889678955,0.0008530983468517661,0.2736579477787018,0.12151001393795013,,,,,,,,,,,
269,0.1795312464237213,0.1795312464237213,MoE-sBOED,0.03908419609069824,17216,1.4596219062805176,1.3811655044555664,0.0009481995366513729,0.27953535318374634,0.12151139229536057,,,,,,,,,,,
270,0.19312500953674316,0.19312500953674316,MoE-sBOED,0.039052724838256836,17280,1.5641205310821533,1.381551742553711,0.00038610570481978357,0.2778145968914032,0.12152627855539322,,,,,,,,,,,
271,0.18843749165534973,0.18843749165534973,MoE-sBOED,0.03903961181640625,17344,1.3570612668991089,1.3812401294708252,0.0009266164852306247,0.28167781233787537,0.12153085321187973,,,,,,,,,,,
272,0.18703125417232513,0.18703125417232513,MoE-sBOED,0.03895974159240723,17408,1.4671624898910522,1.3817028999328613,0.0008573620580136776,0.27804529666900635,0.12151329219341278,,,,,,,,,,,
273,0.16312500834465027,0.16312500834465027,MoE-sBOED,0.03895378112792969,17472,1.3485548496246338,1.3825738430023193,0.0005279977922327816,0.2702004015445709,0.12149512022733688,,,,,,,,,,,
274,0.1912499964237213,0.1912499964237213,MoE-sBOED,0.0389401912689209,17536,1.5055735111236572,1.3829349279403687,0.00031888316152617335,0.26147228479385376,0.12144254893064499,,,,,,,,,,,
275,0.1706250011920929,0.1706250011920929,MoE-sBOED,0.03904104232788086,17600,1.474522590637207,1.3823678493499756,0.00026356137823313475,0.26193374395370483,0.12136621028184891,0.18234375,0.06609375,2,0.34520662539160074,0.015625,0.0,1,0.0,0.06609375,0,diagnostic_only
276,0.1860937476158142,0.1860937476158142,MoE-sBOED,0.03935980796813965,17664,1.5290203094482422,1.3816125392913818,0.0003351921623107046,0.2624264657497406,0.12130110710859299,,,,,,,,,,,
277,0.19359375536441803,0.19359375536441803,MoE-sBOED,0.039077043533325195,17728,1.5269941091537476,1.3810683488845825,0.000535091501660645,0.26375576853752136,0.12126822024583817,,,,,,,,,,,
278,0.18000000715255737,0.18000000715255737,MoE-sBOED,0.03912162780761719,17792,1.6239309310913086,1.380563497543335,0.0005896054208278656,0.26245731115341187,0.12125734239816666,,,,,,,,,,,
279,0.18187499046325684,0.18187499046325684,MoE-sBOED,0.039208412170410156,17856,1.6088383197784424,1.3807704448699951,0.00044212309876456857,0.260345458984375,0.12125258892774582,,,,,,,,,,,
280,0.1860937625169754,0.1860937625169754,MoE-sBOED,0.03917050361633301,17920,1.646841287612915,1.380272626876831,0.00034575251629576087,0.2601584196090698,0.12122657150030136,,,,,,,,,,,
281,0.17531250417232513,0.17531250417232513,MoE-sBOED,0.0391688346862793,17984,1.8316659927368164,1.3812263011932373,0.0003088876255787909,0.25566598773002625,0.12119050323963165,,,,,,,,,,,
282,0.20625001192092896,0.20625001192092896,MoE-sBOED,0.03907656669616699,18048,1.9840484857559204,1.3814634084701538,0.00036442637792788446,0.2537038326263428,0.12117034941911697,,,,,,,,,,,
283,0.1640624850988388,0.1640624850988388,MoE-sBOED,0.03909039497375488,18112,1.7715799808502197,1.3801074028015137,0.0004665449960157275,0.2619710862636566,0.12116515636444092,,,,,,,,,,,
284,0.16500000655651093,0.16500000655651093,MoE-sBOED,0.0390472412109375,18176,1.8013403415679932,1.3803553581237793,0.00047513272147625685,0.2590700387954712,0.12117782980203629,,,,,,,,,,,
285,0.17578125,0.17578125,MoE-sBOED,0.039025306701660156,18240,1.6506969928741455,1.3796215057373047,0.0004816856235265732,0.2638052701950073,0.12120469659566879,,,,,,,,,,,
286,0.1860937476158142,0.1860937476158142,MoE-sBOED,0.039073944091796875,18304,1.8640837669372559,1.3803770542144775,0.0008051564800553024,0.2566330134868622,0.12122268974781036,,,,,,,,,,,
287,0.1912499964237213,0.1912499964237213,MoE-sBOED,0.039168596267700195,18368,1.7635130882263184,1.3797487020492554,0.0011031202739104629,0.26055261492729187,0.1212243139743805,,,,,,,,,,,
288,0.17624999582767487,0.17624999582767487,MoE-sBOED,0.039052486419677734,18432,1.6583173274993896,1.3795511722564697,0.0010543623939156532,0.2659488320350647,0.12123594433069229,,,,,,,,,,,
289,0.17671874165534973,0.17671874165534973,MoE-sBOED,0.039002180099487305,18496,1.6533050537109375,1.3796770572662354,0.0008883119444362819,0.2674798369407654,0.1212371364235878,,,,,,,,,,,
290,0.19359374046325684,0.19359374046325684,MoE-sBOED,0.040114402770996094,18560,1.7432661056518555,1.3806726932525635,0.0007006970117799938,0.262529194355011,0.12122879922389984,,,,,,,,,,,
291,0.16687500476837158,0.16687500476837158,MoE-sBOED,0.039209842681884766,18624,1.7534337043762207,1.380577802658081,0.0006865893374197185,0.25817251205444336,0.12119629234075546,,,,,,,,,,,
292,0.17249999940395355,0.17249999940395355,MoE-sBOED,0.03905439376831055,18688,1.9055986404418945,1.380179524421692,0.0006394233787432313,0.2571355998516083,0.12115523219108582,,,,,,,,,,,
293,0.18421874940395355,0.18421874940395355,MoE-sBOED,0.03903055191040039,18752,1.7559443712234497,1.3783137798309326,0.0009586612577550113,0.26858261227607727,0.12115174531936646,,,,,,,,,,,
294,0.18796874582767487,0.18796874582767487,MoE-sBOED,0.03897690773010254,18816,1.643300175666809,1.3783122301101685,0.0007963348180055618,0.2733463943004608,0.12116015702486038,,,,,,,,,,,
295,0.19171875715255737,0.19171875715255737,MoE-sBOED,0.039257049560546875,18880,1.872071623802185,1.380908489227295,0.0010747741907835007,0.26493245363235474,0.12114792317152023,,,,,,,,,,,
296,0.18187502026557922,0.18187502026557922,MoE-sBOED,0.03913426399230957,18944,1.7006993293762207,1.3783938884735107,0.0014032552717253566,0.2747412919998169,0.1211225688457489,,,,,,,,,,,
297,0.17578125,0.17578125,MoE-sBOED,0.03910470008850098,19008,1.7685208320617676,1.3787199258804321,0.0014367805561050773,0.26790207624435425,0.12113314867019653,,,,,,,,,,,
298,0.17999999225139618,0.17999999225139618,MoE-sBOED,0.03904986381530762,19072,1.7581005096435547,1.3795444965362549,0.0012285759439691901,0.26107197999954224,0.12117502838373184,,,,,,,,,,,
299,0.17156249284744263,0.17156249284744263,MoE-sBOED,0.040032148361206055,19136,1.8006620407104492,1.3804482221603394,0.0011671194806694984,0.25451982021331787,0.1212155818939209,,,,,,,,,,,
300,0.1875,0.1875,MoE-sBOED,0.039232492446899414,19200,1.7110605239868164,1.3809549808502197,0.0010275294771417975,0.2546716630458832,0.12125927209854126,0.18187499999999998,0.06562500000000002,2,0.553588324436276,0.015625,0.0,1,0.0,0.06562500000000002,0,diagnostic_only
301,0.19312499463558197,0.19312499463558197,MoE-sBOED,0.03912472724914551,19264,1.702871561050415,1.382007122039795,0.0011312599526718259,0.25863057374954224,0.12129543721675873,,,,,,,,,,,
302,0.19734375178813934,0.19734375178813934,MoE-sBOED,0.03917837142944336,19328,1.8527436256408691,1.3821911811828613,0.0014554006047546864,0.2623380124568939,0.12132719904184341,,,,,,,,,,,
303,0.17859375476837158,0.17859375476837158,MoE-sBOED,0.03937363624572754,19392,1.6930744647979736,1.3811838626861572,0.0011744836810976267,0.2595025897026062,0.12135402858257294,,,,,,,,,,,
304,0.18562501668930054,0.18562501668930054,MoE-sBOED,0.039182186126708984,19456,1.6989866495132446,1.380913257598877,0.0007831716211512685,0.2575284242630005,0.12137684226036072,,,,,,,,,,,
305,0.1743749976158142,0.1743749976158142,MoE-sBOED,0.03911590576171875,19520,1.8189197778701782,1.380651593208313,0.0007581824320368469,0.2547737956047058,0.12137439846992493,,,,,,,,,,,
306,0.18656250834465027,0.18656250834465027,MoE-sBOED,0.03963351249694824,19584,1.7946622371673584,1.379514455795288,0.0007814242853783071,0.25409337878227234,0.1213512197136879,,,,,,,,,,,
307,0.1706250011920929,0.1706250011920929,MoE-sBOED,0.04191398620605469,19648,1.7928329706192017,1.3800500631332397,0.0019583485554903746,0.2518107295036316,0.12134866416454315,,,,,,,,,,,
308,0.17671875655651093,0.17671875655651093,MoE-sBOED,0.03893280029296875,19712,1.947727918624878,1.3807859420776367,0.0021423054859042168,0.25344812870025635,0.12135748565196991,,,,,,,,,,,
309,0.1771875023841858,0.1771875023841858,MoE-sBOED,0.038880109786987305,19776,1.9655002355575562,1.381293773651123,0.0019026175141334534,0.2573687434196472,0.12138017266988754,,,,,,,,,,,
310,0.1940625011920929,0.1940625011920929,MoE-sBOED,0.03886818885803223,19840,1.9368362426757812,1.381526231765747,0.0018484623869881034,0.2615029215812683,0.12142730504274368,,,,,,,,,,,
311,0.1889062523841858,0.1889062523841858,MoE-sBOED,0.03902935981750488,19904,1.8760592937469482,1.3813406229019165,0.0017903180560097098,0.26489555835723877,0.12147924304008484,,,,,,,,,,,
312,0.17765626311302185,0.17765626311302185,MoE-sBOED,0.03897523880004883,19968,1.8655250072479248,1.381280541419983,0.0014075106009840965,0.26752567291259766,0.12154660373926163,,,,,,,,,,,
313,0.1926562488079071,0.1926562488079071,MoE-sBOED,0.03900718688964844,20032,1.828744649887085,1.381583333015442,0.0015721737872809172,0.2674969434738159,0.12158959358930588,,,,,,,,,,,
314,0.19687500596046448,0.19687500596046448,MoE-sBOED,0.03912234306335449,20096,2.0299110412597656,1.382420539855957,0.0014028307050466537,0.26363110542297363,0.12156727910041809,,,,,,,,,,,
315,0.17906248569488525,0.17906248569488525,MoE-sBOED,0.039902448654174805,20160,2.039306640625,1.3824982643127441,0.0017077515367418528,0.2608919143676758,0.12155770510435104,,,,,,,,,,,
316,0.1809374988079071,0.1809374988079071,MoE-sBOED,0.040418386459350586,20224,1.9961122274398804,1.3821666240692139,0.002463161712512374,0.2594640851020813,0.12161461263895035,,,,,,,,,,,
317,0.19499999284744263,0.19499999284744263,MoE-sBOED,0.03899264335632324,20288,1.8941576480865479,1.3822963237762451,0.003015119582414627,0.25982844829559326,0.12171075493097305,,,,,,,,,,,
318,0.1692187488079071,0.1692187488079071,MoE-sBOED,0.0389556884765625,20352,1.973737359046936,1.3827381134033203,0.003004370955750346,0.25905847549438477,0.12174954265356064,,,,,,,,,,,
319,0.17625001072883606,0.17625001072883606,MoE-sBOED,0.03920745849609375,20416,1.9232470989227295,1.3830137252807617,0.0031359302811324596,0.2574589252471924,0.1217433288693428,,,,,,,,,,,
320,0.1743749976158142,0.1743749976158142,MoE-sBOED,0.03900265693664551,20480,1.7671788930892944,1.3826749324798584,0.003160674823448062,0.2582976520061493,0.12176563590765,,,,,,,,,,,
321,0.1940625011920929,0.1940625011920929,MoE-sBOED,0.03887796401977539,20544,1.9033050537109375,1.383298397064209,0.0027186113875359297,0.25986629724502563,0.12177437543869019,,,,,,,,,,,
322,0.18281249701976776,0.18281249701976776,MoE-sBOED,0.03890085220336914,20608,1.7695854902267456,1.3835318088531494,0.002828974975273013,0.258317232131958,0.12175155431032181,,,,,,,,,,,
323,0.17671874165534973,0.17671874165534973,MoE-sBOED,0.03889179229736328,20672,1.823722004890442,1.3837964534759521,0.0030727030243724585,0.25618577003479004,0.12174448370933533,,,,,,,,,,,
324,0.1575000137090683,0.1575000137090683,MoE-sBOED,0.039228200912475586,20736,1.9618358612060547,1.3834030628204346,0.003523403313010931,0.25522172451019287,0.12170834094285965,,,,,,,,,,,
325,0.17531250417232513,0.17531250417232513,MoE-sBOED,0.03884124755859375,20800,2.0296366214752197,1.3832632303237915,0.00443844310939312,0.25483182072639465,0.1216924637556076,0.18117187499999998,0.06492187500000002,3,0.5597895354472247,0.0234375,0.0,1,0.0,0.06492187500000002,0,diagnostic_only
326,0.1823437511920929,0.1823437511920929,MoE-sBOED,0.03951692581176758,20864,1.9587550163269043,1.3829127550125122,0.0050067598931491375,0.256746768951416,0.12172404676675797,,,,,,,,,,,
327,0.1603125035762787,0.1603125035762787,MoE-sBOED,0.039113759994506836,20928,1.9458441734313965,1.3827751874923706,0.004167862236499786,0.2600766718387604,0.12175839394330978,,,,,,,,,,,
328,0.19453126192092896,0.19453126192092896,MoE-sBOED,0.03900480270385742,20992,2.0824151039123535,1.38284170627594,0.0034084755461663008,0.2606149911880493,0.1217816174030304,,,,,,,,,,,
329,0.18281251192092896,0.18281251192092896,MoE-sBOED,0.038983821868896484,21056,2.2816085815429688,1.3826267719268799,0.00328047014772892,0.26220861077308655,0.12178747355937958,,,,,,,,,,,
330,0.18796876072883606,0.18796876072883606,MoE-sBOED,0.03910040855407715,21120,2.3225650787353516,1.3827261924743652,0.002580732572823763,0.2637748718261719,0.12178930640220642,,,,,,,,,,,
331,0.1875,0.1875,MoE-sBOED,0.03910422325134277,21184,2.3184361457824707,1.3826396465301514,0.0025074759032577276,0.26501959562301636,0.12178541719913483,,,,,,,,,,,
332,0.17156249284744263,0.17156249284744263,MoE-sBOED,0.03904318809509277,21248,2.215498924255371,1.3823800086975098,0.0018774757627397776,0.266823410987854,0.12181311845779419,,,,,,,,,,,
333,0.17765626311302185,0.17765626311302185,MoE-sBOED,0.039194345474243164,21312,2.103428602218628,1.3825770616531372,0.0014419688377529383,0.2669391632080078,0.12187064439058304,,,,,,,,,,,
334,0.17671875655651093,0.17671875655651093,MoE-sBOED,0.03911900520324707,21376,1.8235383033752441,1.3821494579315186,0.0009756299550645053,0.26854443550109863,0.12192470580339432,,,,,,,,,,,
335,0.1875,0.1875,MoE-sBOED,0.03910088539123535,21440,1.8396579027175903,1.3824459314346313,0.001047151512466371,0.26778334379196167,0.12198927253484726,,,,,,,,,,,
336,0.18656250834465027,0.18656250834465027,MoE-sBOED,0.03950190544128418,21504,1.792801856994629,1.3821437358856201,0.0014943613205105066,0.2705025374889374,0.12210050970315933,,,,,,,,,,,
337,0.1889062523841858,0.1889062523841858,MoE-sBOED,0.0391383171081543,21568,1.8267085552215576,1.381584644317627,0.002592496108263731,0.27308961749076843,0.12220205366611481,,,,,,,,,,,
338,0.1912499964237213,0.1912499964237213,MoE-sBOED,0.039418935775756836,21632,1.8961260318756104,1.381155252456665,0.0039922199212014675,0.27231431007385254,0.12227373570203781,,,,,,,,,,,
339,0.16453126072883606,0.16453126072883606,MoE-sBOED,0.0392613410949707,21696,1.8640252351760864,1.3800783157348633,0.005335365887731314,0.2721851170063019,0.12234112620353699,,,,,,,,,,,
340,0.18515625596046448,0.18515625596046448,MoE-sBOED,0.038991689682006836,21760,2.1033830642700195,1.378377914428711,0.0070685287937521935,0.28491517901420593,0.12241936475038528,,,,,,,,,,,
341,0.18140624463558197,0.18140624463558197,MoE-sBOED,0.03917527198791504,21824,2.037407398223877,1.3784639835357666,0.0070647140964865685,0.2827104330062866,0.1224730908870697,,,,,,,,,,,
342,0.17671874165534973,0.17671874165534973,MoE-sBOED,0.03907060623168945,21888,1.8330366611480713,1.3805928230285645,0.006871427875012159,0.2802331745624542,0.12251563370227814,,,,,,,,,,,
343,0.1743749976158142,0.1743749976158142,MoE-sBOED,0.03904128074645996,21952,1.6777105331420898,1.3782728910446167,0.005882974714040756,0.2971547245979309,0.12260711193084717,,,,,,,,,,,
344,0.17906248569488525,0.17906248569488525,MoE-sBOED,0.03908348083496094,22016,1.5672345161437988,1.3747496604919434,0.0045747822150588036,0.3065687119960785,0.12266343832015991,,,,,,,,,,,
345,0.17390625178813934,0.17390625178813934,MoE-sBOED,0.039060354232788086,22080,1.7060458660125732,1.376058578491211,0.003585138823837042,0.29823753237724304,0.12265057861804962,,,,,,,,,,,
346,0.1678125113248825,0.1678125113248825,MoE-sBOED,0.0391385555267334,22144,1.7609738111495972,1.3773295879364014,0.003235430223867297,0.2855079770088196,0.12258804589509964,,,,,,,,,,,
347,0.1860937625169754,0.1860937625169754,MoE-sBOED,0.03890872001647949,22208,1.7733186483383179,1.3792366981506348,0.0031462337356060743,0.27948856353759766,0.12260642647743225,,,,,,,,,,,
348,0.18421874940395355,0.18421874940395355,MoE-sBOED,0.03888440132141113,22272,1.6917753219604492,1.3806322813034058,0.0033985308837145567,0.28126823902130127,0.12271878123283386,,,,,,,,,,,
349,0.17390623688697815,0.17390623688697815,MoE-sBOED,0.039354801177978516,22336,1.80720853805542,1.3816394805908203,0.0038548398297280073,0.28089600801467896,0.12280336022377014,,,,,,,,,,,
350,0.17906250059604645,0.17906250059604645,MoE-sBOED,0.03892254829406738,22400,1.7836308479309082,1.382278561592102,0.0037100210320204496,0.2766337990760803,0.12281280755996704,0.182109375,0.06585937500000001,2,0.32850263572607236,0.015625,0.0,1,0.0,0.06585937500000001,0,diagnostic_only
351,0.18562500178813934,0.18562500178813934,MoE-sBOED,0.03933835029602051,22464,1.975062370300293,1.382574200630188,0.0036603081971406937,0.26658594608306885,0.12266477197408676,,,,,,,,,,,
352,0.16734375059604645,0.16734375059604645,MoE-sBOED,0.03911113739013672,22528,1.8770933151245117,1.3811180591583252,0.003539077937602997,0.27909669280052185,0.12247968465089798,,,,,,,,,,,
353,0.18562498688697815,0.18562498688697815,MoE-sBOED,0.03896331787109375,22592,1.8436174392700195,1.380852222442627,0.00304621085524559,0.2742149233818054,0.12242245674133301,,,,,,,,,,,
354,0.1640625,0.1640625,MoE-sBOED,0.03900957107543945,22656,1.7968404293060303,1.380173683166504,0.0026403216179460287,0.2725517749786377,0.12237907946109772,,,,,,,,,,,
355,0.19453126192092896,0.19453126192092896,MoE-sBOED,0.03893613815307617,22720,1.622926950454712,1.379654884338379,0.0017747709061950445,0.27174970507621765,0.12234866619110107,,,,,,,,,,,
356,0.1706250011920929,0.1706250011920929,MoE-sBOED,0.038982391357421875,22784,1.5635340213775635,1.3804980516433716,0.0013717466499656439,0.27290070056915283,0.12232468277215958,,,,,,,,,,,
357,0.16499999165534973,0.16499999165534973,MoE-sBOED,0.038942575454711914,22848,1.5548255443572998,1.3811442852020264,0.001131572644226253,0.26912450790405273,0.12228965014219284,,,,,,,,,,,
358,0.1795312464237213,0.1795312464237213,MoE-sBOED,0.03898501396179199,22912,1.6058241128921509,1.3815686702728271,0.001314925728365779,0.26987794041633606,0.12226112931966782,,,,,,,,,,,
359,0.1860937476158142,0.1860937476158142,MoE-sBOED,0.03887438774108887,22976,1.5188789367675781,1.3805787563323975,0.0012117070145905018,0.2803677022457123,0.1222366988658905,,,,,,,,,,,
360,0.1603125035762787,0.1603125035762787,MoE-sBOED,0.03909015655517578,23040,1.563196063041687,1.376012921333313,0.0014406058471649885,0.3007161021232605,0.12216558307409286,,,,,,,,,,,
361,0.16359375417232513,0.16359375417232513,MoE-sBOED,0.039192914962768555,23104,1.4480165243148804,1.3725156784057617,0.0013942569494247437,0.311334490776062,0.12211094796657562,,,,,,,,,,,
362,0.17484374344348907,0.17484374344348907,MoE-sBOED,0.03908801078796387,23168,1.569443702697754,1.3746603727340698,0.001932845450937748,0.3031116724014282,0.12210436910390854,,,,,,,,,,,
363,0.18000000715255737,0.18000000715255737,MoE-sBOED,0.0390629768371582,23232,1.489128828048706,1.3748668432235718,0.0027780819218605757,0.3003891706466675,0.12206479161977768,,,,,,,,,,,
364,0.16500000655651093,0.16500000655651093,MoE-sBOED,0.039063453674316406,23296,1.527207374572754,1.3757597208023071,0.002500594826415181,0.2979862689971924,0.12198290228843689,,,,,,,,,,,
365,0.16828125715255737,0.16828125715255737,MoE-sBOED,0.038899898529052734,23360,1.5257458686828613,1.377819299697876,0.0021282536908984184,0.29057055711746216,0.12189984321594238,,,,,,,,,,,
366,0.1603125035762787,0.1603125035762787,MoE-sBOED,0.03917360305786133,23424,1.6189079284667969,1.3803232908248901,0.002105879131704569,0.2770414352416992,0.12180157750844955,,,,,,,,,,,
367,0.17109376192092896,0.17109376192092896,MoE-sBOED,0.03908562660217285,23488,1.651404619216919,1.381622552871704,0.002447810024023056,0.2647404372692108,0.12169267237186432,,,,,,,,,,,
368,0.18281251192092896,0.18281251192092896,MoE-sBOED,0.03887438774108887,23552,1.7030423879623413,1.3819661140441895,0.0034572433214634657,0.26669904589653015,0.1216052994132042,,,,,,,,,,,
369,0.20250000059604645,0.20250000059604645,MoE-sBOED,0.038961172103881836,23616,1.6716349124908447,1.3821007013320923,0.003412582678720355,0.26634615659713745,0.1215471401810646,,,,,,,,,,,
370,0.18468749523162842,0.18468749523162842,MoE-sBOED,0.03891491889953613,23680,1.662583827972412,1.382236361503601,0.00366402231156826,0.2668091058731079,0.12151414901018143,,,,,,,,,,,
371,0.18187500536441803,0.18187500536441803,MoE-sBOED,0.03902482986450195,23744,1.6599738597869873,1.3825836181640625,0.003780331462621689,0.2655603587627411,0.12145891785621643,,,,,,,,,,,
372,0.18703123927116394,0.18703123927116394,MoE-sBOED,0.03899669647216797,23808,1.720151424407959,1.3828203678131104,0.004086442291736603,0.263901025056839,0.12140364199876785,,,,,,,,,,,
373,0.1875,0.1875,MoE-sBOED,0.03897404670715332,23872,1.6406455039978027,1.382731318473816,0.003842328442260623,0.26253703236579895,0.12135668098926544,,,,,,,,,,,
374,0.17109376192092896,0.17109376192092896,MoE-sBOED,0.03898978233337402,23936,1.6661862134933472,1.3829262256622314,0.0032126016449183226,0.26156139373779297,0.1213197261095047,,,,,,,,,,,
375,0.18796874582767487,0.18796874582767487,MoE-sBOED,0.03907442092895508,24000,1.7268040180206299,1.3829580545425415,0.002428681356832385,0.2606998682022095,0.12129869312047958,0.185625,0.17640625,2,0.08048483706800685,0.015625,0.1328125,0,0.009375000000000001,1001.00453125,0,diagnostic_only
376,0.18515624105930328,0.18515624105930328,MoE-sBOED,0.039371490478515625,24064,1.7408390045166016,1.3827183246612549,0.0022921632044017315,0.2612553536891937,0.12127683311700821,,,,,,,,,,,
377,0.1729687750339508,0.1729687750339508,MoE-sBOED,0.03904151916503906,24128,1.6414648294448853,1.3824713230133057,0.0022026612423360348,0.260031521320343,0.12126586586236954,,,,,,,,,,,
378,0.17859375476837158,0.17859375476837158,MoE-sBOED,0.039133548736572266,24192,1.7178950309753418,1.3824502229690552,0.0020810856949537992,0.2613566517829895,0.12126365303993225,,,,,,,,,,,
379,0.18421874940395355,0.18421874940395355,MoE-sBOED,0.03891396522521973,24256,1.707329511642456,1.382363200187683,0.0019808076322078705,0.260240375995636,0.12126168608665466,,,,,,,,,,,
380,0.19875000417232513,0.19875000417232513,MoE-sBOED,0.0389556884765625,24320,1.8035032749176025,1.3826884031295776,0.002057436853647232,0.2588612139225006,0.12124799937009811,,,,,,,,,,,
381,0.15140625834465027,0.15140625834465027,MoE-sBOED,0.038835763931274414,24384,1.5906862020492554,1.382791519165039,0.0020699938759207726,0.25801360607147217,0.12125009298324585,,,,,,,,,,,
382,0.17531250417232513,0.17531250417232513,MoE-sBOED,0.03890490531921387,24448,1.6209625005722046,1.3825931549072266,0.002333452459424734,0.2561657428741455,0.12125804275274277,,,,,,,,,,,
383,0.18000000715255737,0.18000000715255737,MoE-sBOED,0.03905510902404785,24512,1.442699670791626,1.3814910650253296,0.001589479623362422,0.2671051621437073,0.12123668938875198,,,,,,,,,,,
384,0.1823437511920929,0.1823437511920929,MoE-sBOED,0.03934311866760254,24576,1.554124355316162,1.3818321228027344,0.0010214480571448803,0.2677428722381592,0.12117259204387665,,,,,,,,,,,
385,0.16218750178813934,0.16218750178813934,MoE-sBOED,0.03902482986450195,24640,1.6187688112258911,1.382275938987732,0.0012788288295269012,0.26587095856666565,0.12112080305814743,,,,,,,,,,,
386,0.1720312535762787,0.1720312535762787,MoE-sBOED,0.03901243209838867,24704,1.5270581245422363,1.3822402954101562,0.001582580036483705,0.26417142152786255,0.12110589444637299,,,,,,,,,,,
387,0.17015625536441803,0.17015625536441803,MoE-sBOED,0.038925886154174805,24768,1.602820634841919,1.3825335502624512,0.0024181955959647894,0.2597694993019104,0.12108827382326126,,,,,,,,,,,
388,0.1678124964237213,0.1678124964237213,MoE-sBOED,0.039148569107055664,24832,1.5555005073547363,1.3819599151611328,0.002722163451835513,0.2632964849472046,0.1210242360830307,,,,,,,,,,,
389,0.18468749523162842,0.18468749523162842,MoE-sBOED,0.039118051528930664,24896,1.7322924137115479,1.3825643062591553,0.003160471562296152,0.25769203901290894,0.12099137902259827,,,,,,,,,,,
390,0.1692187488079071,0.1692187488079071,MoE-sBOED,0.03905653953552246,24960,1.8349947929382324,1.3833283185958862,0.002482679206877947,0.25374066829681396,0.12100106477737427,,,,,,,,,,,
391,0.17671874165534973,0.17671874165534973,MoE-sBOED,0.038837432861328125,25024,1.7688584327697754,1.3832008838653564,0.0020147429313510656,0.2575116455554962,0.12101423740386963,,,,,,,,,,,
392,0.16171875596046448,0.16171875596046448,MoE-sBOED,0.03899860382080078,25088,1.8314032554626465,1.3836008310317993,0.002585534006357193,0.26237183809280396,0.12103250622749329,,,,,,,,,,,
393,0.18000000715255737,0.18000000715255737,MoE-sBOED,0.03899264335632324,25152,1.9425885677337646,1.3832073211669922,0.002161053940653801,0.2672092914581299,0.12107104808092117,,,,,,,,,,,
394,0.1795312464237213,0.1795312464237213,MoE-sBOED,0.03895902633666992,25216,1.9731855392456055,1.3826873302459717,0.0014258850133046508,0.2740456461906433,0.12116007506847382,,,,,,,,,,,
395,0.1823437511920929,0.1823437511920929,MoE-sBOED,0.03888082504272461,25280,1.9160261154174805,1.3823719024658203,0.0014862397219985723,0.2780095338821411,0.12122980505228043,,,,,,,,,,,
396,0.17625001072883606,0.17625001072883606,MoE-sBOED,0.03911590576171875,25344,1.9200899600982666,1.3825676441192627,0.0012885527685284615,0.2771204113960266,0.12124834954738617,,,,,,,,,,,
397,0.16640624403953552,0.16640624403953552,MoE-sBOED,0.038865089416503906,25408,1.8905647993087769,1.3826767206192017,0.001005323720164597,0.27486473321914673,0.12122383713722229,,,,,,,,,,,
398,0.16078126430511475,0.16078126430511475,MoE-sBOED,0.03888893127441406,25472,1.8612099885940552,1.3828668594360352,0.001121410634368658,0.27169284224510193,0.12118077278137207,,,,,,,,,,,
399,0.1706250011920929,0.17687499523162842,MoE-sBOED,0.03892374038696289,25536,1.8532341718673706,1.3831746578216553,0.0013239455875009298,0.2655857801437378,0.12108387798070908,,,,,,,,,,,
400,0.18281251192092896,0.18906250596046448,MoE-sBOED,0.038934946060180664,25600,1.913012146949768,1.3827834129333496,0.001540635945275426,0.2727101147174835,0.12099256366491318,0.18093749999999997,0.0975,4,0.8682231214238182,0.03125,0.046875,1,0.0028125,0.0975,0,diagnostic_only
401,0.17859375476837158,0.17859375476837158,MoE-sBOED,0.0392460823059082,25664,1.8497023582458496,1.3812143802642822,0.0018796245567500591,0.28309041261672974,0.12090452015399933,,,,,,,,,,,
402,0.1743749976158142,0.1743749976158142,MoE-sBOED,0.038904428482055664,25728,1.8283259868621826,1.3800387382507324,0.002091954695060849,0.28803783655166626,0.12081540375947952,,,,,,,,,,,
403,0.19078125059604645,0.19078125059604645,MoE-sBOED,0.03912997245788574,25792,1.8155648708343506,1.3793816566467285,0.002470089588314295,0.28818413615226746,0.12074613571166992,,,,,,,,,,,
404,0.18046876788139343,0.18046876788139343,MoE-sBOED,0.039093971252441406,25856,1.6579848527908325,1.379319429397583,0.0024878899566829205,0.2865656614303589,0.12069381028413773,,,,,,,,,,,
405,0.19546876847743988,0.19546876847743988,MoE-sBOED,0.03908705711364746,25920,1.769454836845398,1.3805748224258423,0.0020471299067139626,0.28073954582214355,0.12063273042440414,,,,,,,,,,,
406,0.18843750655651093,0.18843750655651093,MoE-sBOED,0.03896331787109375,25984,1.6998357772827148,1.3813997507095337,0.002575335092842579,0.27451053261756897,0.12056811898946762,,,,,,,,,,,
407,0.1823437511920929,0.1823437511920929,MoE-sBOED,0.039114952087402344,26048,1.7433042526245117,1.3825352191925049,0.003321151016280055,0.26810917258262634,0.12051378935575485,,,,,,,,,,,
408,0.1743749976158142,0.1743749976158142,MoE-sBOED,0.03898978233337402,26112,1.6899309158325195,1.3825794458389282,0.004920617211610079,0.26196521520614624,0.1204906478524208,,,,,,,,,,,
409,0.18421874940395355,0.18421874940395355,MoE-sBOED,0.03895115852355957,26176,1.6614090204238892,1.3827908039093018,0.00481570465490222,0.26018252968788147,0.12049250304698944,,,,,,,,,,,
410,0.17812499403953552,0.17812499403953552,MoE-sBOED,0.03899669647216797,26240,1.7130733728408813,1.3830097913742065,0.004725951701402664,0.2599940299987793,0.12050262093544006,,,,,,,,,,,
411,0.16968750953674316,0.16968750953674316,MoE-sBOED,0.038958072662353516,26304,1.694908857345581,1.3832924365997314,0.004447117447853088,0.2580687403678894,0.12053970992565155,,,,,,,,,,,
412,0.1743749976158142,0.1743749976158142,MoE-sBOED,0.03890252113342285,26368,1.8122966289520264,1.3835426568984985,0.004732154309749603,0.2542741596698761,0.12057343125343323,,,,,,,,,,,
413,0.18328125774860382,0.18328125774860382,MoE-sBOED,0.03900861740112305,26432,1.7350678443908691,1.3834314346313477,0.004587194882333279,0.2562078833580017,0.12059983611106873,,,,,,,,,,,
414,0.18281251192092896,0.18281251192092896,MoE-sBOED,0.038947343826293945,26496,1.8467798233032227,1.3834021091461182,0.004548247903585434,0.25783446431159973,0.12060896307229996,,,,,,,,,,,
415,0.18515625596046448,0.18515625596046448,MoE-sBOED,0.03904151916503906,26560,1.866865873336792,1.3835633993148804,0.00370412552729249,0.2605779767036438,0.12059760093688965,,,,,,,,,,,
416,0.18187500536441803,0.18187500536441803,MoE-sBOED,0.038954734802246094,26624,1.9850674867630005,1.3832955360412598,0.0034792101942002773,0.26115334033966064,0.12056167423725128,,,,,,,,,,,
417,0.18656249344348907,0.18656249344348907,MoE-sBOED,0.03888845443725586,26688,2.0027148723602295,1.3833825588226318,0.004315749742090702,0.2622346580028534,0.1205156147480011,,,,,,,,,,,
418,0.17812499403953552,0.17812499403953552,MoE-sBOED,0.03903532028198242,26752,2.0959572792053223,1.3831816911697388,0.005765772890299559,0.26232099533081055,0.12049595266580582,,,,,,,,,,,
419,0.16874998807907104,0.16874998807907104,MoE-sBOED,0.038924217224121094,26816,2.156209707260132,1.3830013275146484,0.005609217099845409,0.2638617157936096,0.1205228716135025,,,,,,,,,,,
420,0.18421874940395355,0.18421874940395355,MoE-sBOED,0.03896331787109375,26880,2.1418251991271973,1.3827699422836304,0.006926102098077536,0.2624933421611786,0.12058016657829285,,,,,,,,,,,
421,0.1875,0.1875,MoE-sBOED,0.0388798713684082,26944,2.1338422298431396,1.3829118013381958,0.006398222874850035,0.2609020173549652,0.12063479423522949,,,,,,,,,,,
422,0.18281251192092896,0.18281251192092896,MoE-sBOED,0.03905439376831055,27008,2.0761590003967285,1.3828694820404053,0.005953838583081961,0.263577938079834,0.12070482969284058,,,,,,,,,,,
423,0.1771875023841858,0.1771875023841858,MoE-sBOED,0.03887128829956055,27072,2.066967487335205,1.3825466632843018,0.005227833054959774,0.2678385376930237,0.1207929328083992,,,,,,,,,,,
424,0.17156250774860382,0.17156250774860382,MoE-sBOED,0.039212942123413086,27136,2.028359889984131,1.3824697732925415,0.004506941884756088,0.268591970205307,0.12085727602243423,,,,,,,,,,,
425,0.17812500894069672,0.17812500894069672,MoE-sBOED,0.03909921646118164,27200,1.8275368213653564,1.382493257522583,0.004935502540320158,0.2683192193508148,0.12090478092432022,0.1875,0.11265625000000001,3,0.810547129622188,0.0234375,0.0625,0,0.0035156250000000005,1000.23765625,0,diagnostic_only
426,0.16218748688697815,0.16218748688697815,MoE-sBOED,0.039313554763793945,27264,1.755233883857727,1.3828611373901367,0.004253813996911049,0.2654685974121094,0.1209353506565094,,,,,,,,,,,
427,0.17156250774860382,0.17156250774860382,MoE-sBOED,0.03885030746459961,27328,1.8566950559616089,1.3830838203430176,0.0032745208591222763,0.26135891675949097,0.12092664837837219,,,,,,,,,,,
428,0.18328124284744263,0.18328124284744263,MoE-sBOED,0.038958072662353516,27392,1.9104292392730713,1.3832237720489502,0.002861162181943655,0.2608305811882019,0.12085510790348053,,,,,,,,,,,
429,0.17015625536441803,0.17015625536441803,MoE-sBOED,0.0390474796295166,27456,1.8413716554641724,1.3832991123199463,0.0021468116901814938,0.26172327995300293,0.12072492390871048,,,,,,,,,,,
430,0.18515625596046448,0.19609373807907104,MoE-sBOED,0.03935956954956055,27520,1.973712682723999,1.3834033012390137,0.0018796424847096205,0.2627771496772766,0.12064041942358017,,,,,,,,,,,
431,0.18000000715255737,0.20500001311302185,MoE-sBOED,0.039133310317993164,27584,1.7797279357910156,1.383418083190918,0.002053573029115796,0.26254406571388245,0.12062095105648041,,,,,,,,,,,
432,0.18796874582767487,0.18796874582767487,MoE-sBOED,0.0391080379486084,27648,1.81148362159729,1.3837075233459473,0.0019485827069729567,0.2622787356376648,0.12061145901679993,,,,,,,,,,,
433,0.1706250011920929,0.1706250011920929,MoE-sBOED,0.03902149200439453,27712,1.7318521738052368,1.383779525756836,0.0023128383327275515,0.2607007324695587,0.12063038349151611,,,,,,,,,,,
434,0.17578125,0.17578125,MoE-sBOED,0.03898882865905762,27776,1.6763858795166016,1.3839647769927979,0.0018454620148986578,0.25960418581962585,0.12065690755844116,,,,,,,,,,,
435,0.1654687523841858,0.1654687523841858,MoE-sBOED,0.03894996643066406,27840,1.6700339317321777,1.384097933769226,0.0012773008784279227,0.2576977610588074,0.12064817547798157,,,,,,,,,,,
436,0.1837500035762787,0.1837500035762787,MoE-sBOED,0.038979291915893555,27904,1.8044891357421875,1.3841533660888672,0.0016819232841953635,0.2563609182834625,0.12059351056814194,,,,,,,,,,,
437,0.1574999988079071,0.1574999988079071,MoE-sBOED,0.03896188735961914,27968,1.6714963912963867,1.3842060565948486,0.0020723785273730755,0.25442495942115784,0.12056536227464676,,,,,,,,,,,
438,0.18703126907348633,0.18703126907348633,MoE-sBOED,0.038988351821899414,28032,1.8361234664916992,1.3840941190719604,0.0023074112832546234,0.2558937668800354,0.12058872729539871,,,,,,,,,,,
439,0.1889062523841858,0.1889062523841858,MoE-sBOED,0.03896021842956543,28096,1.787484884262085,1.3840994834899902,0.0015134457498788834,0.25608712434768677,0.12057815492153168,,,,,,,,,,,
440,0.18140625953674316,0.18140625953674316,MoE-sBOED,0.038945913314819336,28160,1.8701350688934326,1.3841443061828613,0.001366788404993713,0.2552396059036255,0.12051435559988022,,,,,,,,,,,
441,0.17671874165534973,0.17671874165534973,MoE-sBOED,0.038915157318115234,28224,1.9170072078704834,1.3840913772583008,0.0013209208846092224,0.25480982661247253,0.12046762555837631,,,,,,,,,,,
442,0.17343750596046448,0.17343750596046448,MoE-sBOED,0.03897237777709961,28288,1.7979933023452759,1.38419771194458,0.0013977474300190806,0.25366953015327454,0.12046541273593903,,,,,,,,,,,
443,0.1771875023841858,0.1771875023841858,MoE-sBOED,0.0389256477355957,28352,1.897660732269287,1.3841900825500488,0.001505057094618678,0.2544293701648712,0.12042451649904251,,,,,,,,,,,
444,0.1823437511920929,0.1823437511920929,MoE-sBOED,0.038958072662353516,28416,1.9055495262145996,1.3841609954833984,0.001857351278886199,0.25430047512054443,0.1203736662864685,,,,,,,,,,,
445,0.1889062523841858,0.1889062523841858,MoE-sBOED,0.03934502601623535,28480,1.8448001146316528,1.3842110633850098,0.0021475886460393667,0.2545209527015686,0.12036126106977463,,,,,,,,,,,
446,0.17015627026557922,0.17015627026557922,MoE-sBOED,0.0393218994140625,28544,1.7196385860443115,1.3841884136199951,0.0016290866769850254,0.2541775703430176,0.12034288793802261,,,,,,,,,,,
447,0.1743749976158142,0.1743749976158142,MoE-sBOED,0.039127349853515625,28608,1.7391718626022339,1.3840057849884033,0.0011371797882020473,0.2534698247909546,0.12032950669527054,,,,,,,,,,,
448,0.1589062511920929,0.1589062511920929,MoE-sBOED,0.039041757583618164,28672,1.6406047344207764,1.3840018510818481,0.0008547683246433735,0.25357094407081604,0.1203552633523941,,,,,,,,,,,
449,0.1706250011920929,0.1706250011920929,MoE-sBOED,0.03900623321533203,28736,1.6181221008300781,1.384007453918457,0.0008599210414104164,0.25269338488578796,0.12034811079502106,,,,,,,,,,,
450,0.18187500536441803,0.18187500536441803,MoE-sBOED,0.03904080390930176,28800,1.6984167098999023,1.3841761350631714,0.0006958986632525921,0.2510875463485718,0.12031154334545135,0.182109375,0.06898437500000001,3,0.5655001340169628,0.0234375,0.0078125,1,0.000234375,0.06898437500000001,0,diagnostic_only
451,0.16968750953674316,0.16968750953674316,MoE-sBOED,0.039339303970336914,28864,1.4691786766052246,1.3839738368988037,0.0009163771173916757,0.2572019398212433,0.12028521299362183,,,,,,,,,,,
452,0.1889062523841858,0.1889062523841858,MoE-sBOED,0.03898954391479492,28928,1.6202739477157593,1.3839043378829956,0.0009644351666793227,0.2587694227695465,0.12021733820438385,,,,,,,,,,,
453,0.17250001430511475,0.17250001430511475,MoE-sBOED,0.039061546325683594,28992,1.5337724685668945,1.3837172985076904,0.0008733272552490234,0.26235270500183105,0.12016186118125916,,,,,,,,,,,
454,0.15796875953674316,0.15796875953674316,MoE-sBOED,0.03895378112792969,29056,1.4523957967758179,1.3835248947143555,0.0009786299197003245,0.26243525743484497,0.12015523761510849,,,,,,,,,,,
455,0.1823437511920929,0.1823437511920929,MoE-sBOED,0.039025306701660156,29120,1.435861349105835,1.3835474252700806,0.0007615913636982441,0.2633776366710663,0.12015515565872192,,,,,,,,,,,
456,0.18656249344348907,0.18656249344348907,MoE-sBOED,0.038986921310424805,29184,1.6152926683425903,1.3842297792434692,0.0006315273931249976,0.254638671875,0.12018275260925293,,,,,,,,,,,
457,0.17671875655651093,0.17671875655651093,MoE-sBOED,0.03901505470275879,29248,1.57286536693573,1.384339451789856,0.0009023553575389087,0.2541353702545166,0.12023326009511948,,,,,,,,,,,
458,0.1743749976158142,0.1743749976158142,MoE-sBOED,0.03904414176940918,29312,1.5604863166809082,1.3843305110931396,0.0010070023126900196,0.25424104928970337,0.12026496231555939,,,,,,,,,,,
459,0.19312500953674316,0.19312500953674316,MoE-sBOED,0.038870811462402344,29376,1.7552982568740845,1.384227991104126,0.0010996219934895635,0.2560983896255493,0.12027092278003693,,,,,,,,,,,
460,0.17156250774860382,0.17156250774860382,MoE-sBOED,0.03894209861755371,29440,1.6350572109222412,1.3843051195144653,0.0010669867042452097,0.2553943395614624,0.12030017375946045,,,,,,,,,,,
461,0.17343750596046448,0.17343750596046448,MoE-sBOED,0.038872480392456055,29504,1.598332166671753,1.3842837810516357,0.001049624988809228,0.2542760968208313,0.12035299837589264,,,,,,,,,,,
462,0.18421874940395355,0.18421874940395355,MoE-sBOED,0.03893232345581055,29568,1.6342815160751343,1.3841400146484375,0.0009718967485241592,0.25533074140548706,0.12040301412343979,,,,,,,,,,,
463,0.16875000298023224,0.16875000298023224,MoE-sBOED,0.03895092010498047,29632,1.636403203010559,1.383882999420166,0.0007746051996946335,0.25871992111206055,0.12045080214738846,,,,,,,,,,,
464,0.19359375536441803,0.19359375536441803,MoE-sBOED,0.03891777992248535,29696,1.717125415802002,1.3840198516845703,0.000555621343664825,0.2584507465362549,0.12048576027154922,,,,,,,,,,,
465,0.15421876311302185,0.15421876311302185,MoE-sBOED,0.039018869400024414,29760,1.603753685951233,1.3834102153778076,0.000982463825494051,0.26328882575035095,0.12055671215057373,,,,,,,,,,,
466,0.1720312535762787,0.1720312535762787,MoE-sBOED,0.038927316665649414,29824,1.761839509010315,1.3830041885375977,0.0011800070060417056,0.266493558883667,0.12062452733516693,,,,,,,,,,,
467,0.17625001072883606,0.17625001072883606,MoE-sBOED,0.03905916213989258,29888,1.8559777736663818,1.3828699588775635,0.001243357197381556,0.26799678802490234,0.12066442519426346,,,,,,,,,,,
468,0.18140624463558197,0.18140624463558197,MoE-sBOED,0.0391080379486084,29952,1.755241870880127,1.382454514503479,0.0013638876844197512,0.26898378133773804,0.12071684747934341,,,,,,,,,,,
469,0.1837500035762787,0.1837500035762787,MoE-sBOED,0.03899073600769043,30016,1.7610242366790771,1.3821046352386475,0.0015694054309278727,0.2685532569885254,0.12075068801641464,,,,,,,,,,,
470,0.18000000715255737,0.18000000715255737,MoE-sBOED,0.03893589973449707,30080,1.891311526298523,1.3816431760787964,0.0019362651510164142,0.2658539414405823,0.12071668356657028,,,,,,,,,,,
471,0.18468749523162842,0.18468749523162842,MoE-sBOED,0.03888893127441406,30144,1.8277348279953003,1.3817564249038696,0.002074808580800891,0.2717893719673157,0.12064693123102188,,,,,,,,,,,
472,0.1626562476158142,0.1626562476158142,MoE-sBOED,0.0392148494720459,30208,1.9455044269561768,1.3811050653457642,0.002007700502872467,0.2763902246952057,0.12060177326202393,,,,,,,,,,,
473,0.18328124284744263,0.18328124284744263,MoE-sBOED,0.03905510902404785,30272,1.9054772853851318,1.3816325664520264,0.00233380775898695,0.276299387216568,0.12058834731578827,,,,,,,,,,,
474,0.1978124976158142,0.1978124976158142,MoE-sBOED,0.03899574279785156,30336,1.801651954650879,1.3817464113235474,0.0038693209644407034,0.27768194675445557,0.12059327214956284,,,,,,,,,,,
475,0.1706250011920929,0.1706250011920929,MoE-sBOED,0.03898954391479492,30400,1.8427221775054932,1.38157057762146,0.005431623198091984,0.2794013023376465,0.12060175091028214,0.181875,0.1,2,0.5151961421767727,0.015625,0.0390625,1,0.003046875,0.1,0,diagnostic_only
476,0.16968750953674316,0.16968750953674316,MoE-sBOED,0.03917574882507324,30464,2.126580238342285,1.3820326328277588,0.005074686370790005,0.27496418356895447,0.1205853819847107,,,,,,,,,,,
477,0.1860937476158142,0.1860937476158142,MoE-sBOED,0.038961172103881836,30528,2.22689151763916,1.3831045627593994,0.003426475217565894,0.2689749598503113,0.12058183550834656,,,,,,,,,,,
478,0.17906250059604645,0.17906250059604645,MoE-sBOED,0.03897595405578613,30592,2.1560797691345215,1.383817195892334,0.0019218125380575657,0.2627750039100647,0.1206192821264267,,,,,,,,,,,
479,0.16875000298023224,0.16875000298023224,MoE-sBOED,0.03888297080993652,30656,2.0648794174194336,1.3843564987182617,0.0012194941518828273,0.2635442614555359,0.12070931494235992,,,,,,,,,,,
480,0.16828125715255737,0.16828125715255737,MoE-sBOED,0.039006948471069336,30720,2.0036253929138184,1.3846209049224854,0.0013701601419597864,0.2628207802772522,0.12075797468423843,,,,,,,,,,,
481,0.17859375476837158,0.17859375476837158,MoE-sBOED,0.03886103630065918,30784,1.9056729078292847,1.3845689296722412,0.002149282954633236,0.26107096672058105,0.12076346576213837,,,,,,,,,,,
482,0.1589062511920929,0.1589062511920929,MoE-sBOED,0.038947343826293945,30848,1.875738263130188,1.384022831916809,0.002746260492131114,0.2633420526981354,0.12074918299913406,,,,,,,,,,,
483,0.17484375834465027,0.17484375834465027,MoE-sBOED,0.03893613815307617,30912,1.8158698081970215,1.3827083110809326,0.003616415662690997,0.27570444345474243,0.12070120126008987,,,,,,,,,,,
484,0.17390625178813934,0.17390625178813934,MoE-sBOED,0.03924965858459473,30976,1.7926064729690552,1.3796985149383545,0.003994964994490147,0.29027628898620605,0.1206069067120552,,,,,,,,,,,
485,0.17859375476837158,0.17859375476837158,MoE-sBOED,0.038873910903930664,31040,1.6741654872894287,1.3783153295516968,0.0038377102464437485,0.2931210398674011,0.12058713287115097,,,,,,,,,,,
486,0.17484375834465027,0.17484375834465027,MoE-sBOED,0.03890681266784668,31104,1.657015323638916,1.3785896301269531,0.0035066669806838036,0.28961989283561707,0.12054458260536194,,,,,,,,,,,
487,0.17531250417232513,0.17531250417232513,MoE-sBOED,0.03888297080993652,31168,1.719651222229004,1.3795255422592163,0.002985327271744609,0.28323066234588623,0.12048470973968506,,,,,,,,,,,
488,0.17671875655651093,0.17671875655651093,MoE-sBOED,0.0389251708984375,31232,1.7151880264282227,1.3799824714660645,0.0027064396999776363,0.27892714738845825,0.12044399231672287,,,,,,,,,,,
489,0.16875000298023224,0.16875000298023224,MoE-sBOED,0.03900957107543945,31296,1.8484582901000977,1.3798537254333496,0.0021257952321320772,0.28009510040283203,0.12041154503822327,,,,,,,,,,,
490,0.17906250059604645,0.17906250059604645,MoE-sBOED,0.03884768486022949,31360,1.907179355621338,1.379821538925171,0.0019528245320543647,0.2772800922393799,0.1203329861164093,,,,,,,,,,,
491,0.17812500894069672,0.17812500894069672,MoE-sBOED,0.03892970085144043,31424,2.1072494983673096,1.3804155588150024,0.0018041415605694056,0.2729244828224182,0.12027348577976227,,,,,,,,,,,
492,0.1837500035762787,0.1837500035762787,MoE-sBOED,0.038999080657958984,31488,2.092386245727539,1.3811578750610352,0.0014471551403403282,0.26913926005363464,0.12025321274995804,,,,,,,,,,,
493,0.18187500536441803,0.18187500536441803,MoE-sBOED,0.039335012435913086,31552,2.012012004852295,1.3819336891174316,0.0013124136021360755,0.266478568315506,0.12026771903038025,,,,,,,,,,,
494,0.18515625596046448,0.18515625596046448,MoE-sBOED,0.03906607627868652,31616,2.1694698333740234,1.3828351497650146,0.0014608853962272406,0.26555973291397095,0.12033214420080185,,,,,,,,,,,
495,0.17249999940395355,0.17249999940395355,MoE-sBOED,0.03893899917602539,31680,2.1183345317840576,1.383547067642212,0.0018839212134480476,0.2626872956752777,0.12043295055627823,,,,,,,,,,,
496,0.19078125059604645,0.19078125059604645,MoE-sBOED,0.03905630111694336,31744,2.0452632904052734,1.383870244026184,0.002437204122543335,0.25936466455459595,0.12053362280130386,,,,,,,,,,,
497,0.17109374701976776,0.17109374701976776,MoE-sBOED,0.03902292251586914,31808,1.915168285369873,1.3839179277420044,0.0026748913805931807,0.25649428367614746,0.12060196697711945,,,,,,,,,,,
498,0.18046876788139343,0.18046876788139343,MoE-sBOED,0.03898787498474121,31872,1.9842023849487305,1.3840751647949219,0.0027381684631109238,0.2549315094947815,0.12064159661531448,,,,,,,,,,,
499,0.1809374988079071,0.1809374988079071,MoE-sBOED,0.03901028633117676,31936,1.970513105392456,1.3840190172195435,0.0024739177897572517,0.2528778612613678,0.12061268091201782,,,,,,,,,,,
500,0.16078126430511475,0.16078126430511475,MoE-sBOED,0.039002418518066406,32000,2.095357894897461,1.384096622467041,0.0025382644962519407,0.25416457653045654,0.1205255463719368,0.1809375,0.1303125,2,0.6920481450620646,0.015625,0.0703125,0,0.005859375,1000.3334375,0,diagnostic_only
501,0.18187499046325684,0.18187499046325684,MoE-sBOED,0.03920459747314453,32064,2.1612274646759033,1.3839616775512695,0.0023067842703312635,0.2599920332431793,0.120423823595047,,,,,,,,,,,
502,0.17015624046325684,0.17015624046325684,MoE-sBOED,0.03901171684265137,32128,2.1828508377075195,1.383866786956787,0.0021687818225473166,0.26414915919303894,0.12035194784402847,,,,,,,,,,,
503,0.17812499403953552,0.17812499403953552,MoE-sBOED,0.039018869400024414,32192,2.0597546100616455,1.3837900161743164,0.002549721160903573,0.2636646330356598,0.12036789208650589,,,,,,,,,,,
504,0.17812499403953552,0.17812499403953552,MoE-sBOED,0.038967132568359375,32256,1.9454760551452637,1.3838268518447876,0.0029511302709579468,0.2613045275211334,0.12038931250572205,,,,,,,,,,,
505,0.17625001072883606,0.17625001072883606,MoE-sBOED,0.03892660140991211,32320,1.963334083557129,1.383899450302124,0.002945101587101817,0.26144182682037354,0.12037253379821777,,,,,,,,,,,
506,0.17531250417232513,0.17531250417232513,MoE-sBOED,0.03896832466125488,32384,1.932746410369873,1.3838112354278564,0.0026458357460796833,0.264303982257843,0.12032858282327652,,,,,,,,,,,
507,0.1706250011920929,0.1706250011920929,MoE-sBOED,0.039140939712524414,32448,1.8000526428222656,1.383711576461792,0.0024473562370985746,0.26622697710990906,0.12033002078533173,,,,,,,,,,,
508,0.18187500536441803,0.18187500536441803,MoE-sBOED,0.039031028747558594,32512,1.8706915378570557,1.3837833404541016,0.0028417506255209446,0.2644861936569214,0.12042070180177689,,,,,,,,,,,
509,0.1743749976158142,0.1743749976158142,MoE-sBOED,0.03904366493225098,32576,1.8360416889190674,1.3837461471557617,0.0028612043242901564,0.26352447271347046,0.12043540179729462,,,,,,,,,,,
510,0.1706250011920929,0.1706250011920929,MoE-sBOED,0.03907942771911621,32640,1.9522784948349,1.3837425708770752,0.0027366704307496548,0.2656102180480957,0.12039488554000854,,,,,,,,,,,
511,0.1837500035762787,0.1837500035762787,MoE-sBOED,0.03887224197387695,32704,1.9236042499542236,1.3835996389389038,0.002623140811920166,0.26847925782203674,0.12035886943340302,,,,,,,,,,,
512,0.17765626311302185,0.17765626311302185,MoE-sBOED,0.038988351821899414,32768,2.103989601135254,1.383296251296997,0.0033334651961922646,0.2731037735939026,0.12030543386936188,,,,,,,,,,,
513,0.18468749523162842,0.18468749523162842,MoE-sBOED,0.03892707824707031,32832,1.948103904724121,1.383205771446228,0.0037119972985237837,0.27348437905311584,0.1202787309885025,,,,,,,,,,,
514,0.17531250417232513,0.17531250417232513,MoE-sBOED,0.038947343826293945,32896,2.0152177810668945,1.383375644683838,0.004038008861243725,0.27179208397865295,0.12027712911367416,,,,,,,,,,,
515,0.18796874582767487,0.18796874582767487,MoE-sBOED,0.038893938064575195,32960,1.9986076354980469,1.3836784362792969,0.0036548650823533535,0.2687535881996155,0.12025395780801773,,,,,,,,,,,
516,0.1626562476158142,0.1626562476158142,MoE-sBOED,0.03892326354980469,33024,1.7836649417877197,1.3839073181152344,0.003354119835421443,0.26330018043518066,0.12026962637901306,,,,,,,,,,,
517,0.17390625178813934,0.17390625178813934,MoE-sBOED,0.039006710052490234,33088,1.912060022354126,1.3840975761413574,0.003191371913999319,0.2617790102958679,0.12027028203010559,,,,,,,,,,,
518,0.1823437511920929,0.1823437511920929,MoE-sBOED,0.03885293006896973,33152,1.939994215965271,1.3842573165893555,0.003220096928998828,0.2588164210319519,0.12027594447135925,,,,,,,,,,,
519,0.17249999940395355,0.17249999940395355,MoE-sBOED,0.03888583183288574,33216,1.9297471046447754,1.3841632604599,0.0033433735370635986,0.2583443522453308,0.12028328329324722,,,,,,,,,,,
520,0.17671875655651093,0.17671875655651093,MoE-sBOED,0.03892827033996582,33280,1.8101704120635986,1.383983850479126,0.003245888976380229,0.25753286480903625,0.12027549743652344,,,,,,,,,,,
521,0.1743749976158142,0.1743749976158142,MoE-sBOED,0.03887510299682617,33344,1.766459345817566,1.3837310075759888,0.00354552548378706,0.2567696273326874,0.12022588402032852,,,,,,,,,,,
522,0.18515625596046448,0.18515625596046448,MoE-sBOED,0.03895688056945801,33408,1.8391804695129395,1.3840348720550537,0.0034774381201714277,0.2598720192909241,0.12012790888547897,,,,,,,,,,,
523,0.17859375476837158,0.17859375476837158,MoE-sBOED,0.03890562057495117,33472,1.7447426319122314,1.3838472366333008,0.0031415256671607494,0.26048043370246887,0.12005627900362015,,,,,,,,,,,
524,0.1603125035762787,0.1603125035762787,MoE-sBOED,0.03899812698364258,33536,1.770155906677246,1.3839610815048218,0.0031813737004995346,0.2610158324241638,0.12000463157892227,,,,,,,,,,,
525,0.1823437511920929,0.1823437511920929,MoE-sBOED,0.03899979591369629,33600,1.766534447669983,1.3839187622070312,0.003352976171299815,0.2607729136943817,0.11995527893304825,0.1828125,0.06656250000000001,1,-0.0,0.0078125,0.0,1,0.0,0.06656250000000001,0,diagnostic_only
526,0.1837500035762787,0.1837500035762787,MoE-sBOED,0.0391387939453125,33664,1.871048927307129,1.3843387365341187,0.0032829444389790297,0.26075220108032227,0.11991310864686966,,,,,,,,,,,
527,0.1809374988079071,0.1809374988079071,MoE-sBOED,0.03897595405578613,33728,1.8108845949172974,1.3844066858291626,0.00286600599065423,0.259713351726532,0.11990360915660858,,,,,,,,,,,
528,0.1860937476158142,0.1860937476158142,MoE-sBOED,0.038964271545410156,33792,1.9528398513793945,1.3845573663711548,0.0024634869769215584,0.2587290406227112,0.11989127099514008,,,,,,,,,,,
529,0.18796876072883606,0.18796876072883606,MoE-sBOED,0.03884482383728027,33856,2.030189275741577,1.3845652341842651,0.002310814568772912,0.25779789686203003,0.1198888048529625,,,,,,,,,,,
530,0.18937501311302185,0.18937501311302185,MoE-sBOED,0.0389409065246582,33920,1.871138095855713,1.3844643831253052,0.0025293054059147835,0.2557128071784973,0.11992834508419037,,,,,,,,,,,
531,0.1912499964237213,0.1912499964237213,MoE-sBOED,0.03900432586669922,33984,1.6728520393371582,1.3840105533599854,0.0032669405918568373,0.254406213760376,0.11998392641544342,,,,,,,,,,,
532,0.1678124964237213,0.1678124964237213,MoE-sBOED,0.03896164894104004,34048,1.852422833442688,1.3843566179275513,0.0030296072363853455,0.2522166669368744,0.12000831216573715,,,,,,,,,,,
533,0.16500000655651093,0.16500000655651093,MoE-sBOED,0.038962602615356445,34112,1.8458844423294067,1.384575605392456,0.0026870467700064182,0.2520676255226135,0.12001083791255951,,,,,,,,,,,
534,0.1626562476158142,0.1626562476158142,MoE-sBOED,0.0388944149017334,34176,1.7334867715835571,1.3841536045074463,0.002923703519627452,0.25216343998908997,0.12000894546508789,,,,,,,,,,,
535,0.1809374988079071,0.1809374988079071,MoE-sBOED,0.038948774337768555,34240,1.8395048379898071,1.3843450546264648,0.0032807551324367523,0.2514108121395111,0.12001669406890869,,,,,,,,,,,
536,0.18796876072883606,0.18796876072883606,MoE-sBOED,0.038947105407714844,34304,1.7629022598266602,1.384270191192627,0.0030400753021240234,0.2517533302307129,0.12005074322223663,,,,,,,,,,,
537,0.15656250715255737,0.15656250715255737,MoE-sBOED,0.0391080379486084,34368,1.7977145910263062,1.3841121196746826,0.002932293340563774,0.2535712718963623,0.12013403326272964,,,,,,,,,,,
538,0.19171875715255737,0.19171875715255737,MoE-sBOED,0.0389399528503418,34432,1.8234541416168213,1.38334059715271,0.0031886803917586803,0.257362961769104,0.12025117129087448,,,,,,,,,,,
539,0.17671874165534973,0.17671874165534973,MoE-sBOED,0.03892207145690918,34496,1.6715922355651855,1.3813457489013672,0.003338843584060669,0.26547902822494507,0.12033435702323914,,,,,,,,,,,
540,0.16453126072883606,0.16453126072883606,MoE-sBOED,0.038910627365112305,34560,1.7964868545532227,1.3822245597839355,0.004153436049818993,0.26049479842185974,0.12035194039344788,,,,,,,,,,,
541,0.1743749976158142,0.1743749976158142,MoE-sBOED,0.039049386978149414,34624,1.849313497543335,1.3822083473205566,0.00443603191524744,0.2577741742134094,0.1203617975115776,,,,,,,,,,,
542,0.17859375476837158,0.17859375476837158,MoE-sBOED,0.038919687271118164,34688,1.7602729797363281,1.3820030689239502,0.005166021175682545,0.2612958252429962,0.12042053043842316,,,,,,,,,,,
543,0.1875,0.1875,MoE-sBOED,0.038983821868896484,34752,1.7669079303741455,1.3816344738006592,0.004460708238184452,0.2629091739654541,0.12046344578266144,,,,,,,,,,,
544,0.17812499403953552,0.17812499403953552,MoE-sBOED,0.03885030746459961,34816,1.7314693927764893,1.3809764385223389,0.003205136861652136,0.26625049114227295,0.12046478688716888,,,,,,,,,,,
545,0.17578125,0.17578125,MoE-sBOED,0.03883481025695801,34880,1.6101703643798828,1.3806633949279785,0.0029567847959697247,0.2691560685634613,0.1204400509595871,,,,,,,,,,,
546,0.18046873807907104,0.18046873807907104,MoE-sBOED,0.038979291915893555,34944,1.6043061017990112,1.3817462921142578,0.003295824397355318,0.2675935626029968,0.12042920291423798,,,,,,,,,,,
547,0.16453126072883606,0.16453126072883606,MoE-sBOED,0.03905439376831055,35008,1.5946705341339111,1.3822431564331055,0.0031024031341075897,0.2677246928215027,0.12041325867176056,,,,,,,,,,,
548,0.18796876072883606,0.18796876072883606,MoE-sBOED,0.03885984420776367,35072,1.679844617843628,1.3830571174621582,0.0025109972339123487,0.2630845904350281,0.1203789934515953,,,,,,,,,,,
549,0.18796876072883606,0.18796876072883606,MoE-sBOED,0.038889169692993164,35136,1.6501028537750244,1.383710265159607,0.0020748514216393232,0.2579144835472107,0.12032325565814972,,,,,,,,,,,
550,0.17999999225139618,0.17999999225139618,MoE-sBOED,0.03896617889404297,35200,1.84754478931427,1.384408950805664,0.0016906711971387267,0.2600524425506592,0.1202722042798996,0.18140625,0.11125000000000002,3,0.7446039960534035,0.0234375,0.0625,0,0.003984375,1000.23625,0,diagnostic_only
551,0.18562500178813934,0.18562500178813934,MoE-sBOED,0.03928351402282715,35264,1.8199396133422852,1.3841019868850708,0.0016734562814235687,0.26130157709121704,0.1202237457036972,,,,,,,,,,,
552,0.17015624046325684,0.17015624046325684,MoE-sBOED,0.03902792930603027,35328,1.8316582441329956,1.3838887214660645,0.0019454172579571605,0.2642533779144287,0.12016936391592026,,,,,,,,,,,
553,0.1560937464237213,0.1560937464237213,MoE-sBOED,0.03911161422729492,35392,1.8712354898452759,1.3839386701583862,0.0028389464132487774,0.2652304768562317,0.12013177573680878,,,,,,,,,,,
554,0.16593751311302185,0.16593751311302185,MoE-sBOED,0.038971900939941406,35456,1.862502098083496,1.3839207887649536,0.0032310415990650654,0.2638825476169586,0.12011406570672989,,,,,,,,,,,
555,0.16359373927116394,0.16359373927116394,MoE-sBOED,0.038861751556396484,35520,1.881041169166565,1.3839776515960693,0.0033239172771573067,0.2649803161621094,0.12010078132152557,,,,,,,,,,,
556,0.17531250417232513,0.17531250417232513,MoE-sBOED,0.03902435302734375,35584,1.945305585861206,1.383872628211975,0.003969887737184763,0.26580217480659485,0.1200689971446991,,,,,,,,,,,
557,0.17484374344348907,0.17484374344348907,MoE-sBOED,0.038936614990234375,35648,1.974266767501831,1.383943796157837,0.005528533365577459,0.26608771085739136,0.12004539370536804,,,,,,,,,,,
558,0.17859375476837158,0.17859375476837158,MoE-sBOED,0.03919386863708496,35712,1.9942889213562012,1.3839845657348633,0.005200687330216169,0.26510563492774963,0.12003009021282196,,,,,,,,,,,
559,0.17671874165534973,0.17671874165534973,MoE-sBOED,0.038849592208862305,35776,1.7663995027542114,1.3841345310211182,0.002800337038934231,0.2629135549068451,0.12002260237932205,,,,,,,,,,,
560,0.17578125,0.17578125,MoE-sBOED,0.03889012336730957,35840,1.875697374343872,1.384192705154419,0.0020754216238856316,0.2627853453159332,0.12001119554042816,,,,,,,,,,,
561,0.19359374046325684,0.19359374046325684,MoE-sBOED,0.03893566131591797,35904,1.7651275396347046,1.3842780590057373,0.0013250823831185699,0.26102548837661743,0.11999974399805069,,,,,,,,,,,
562,0.18140625953674316,0.18140625953674316,MoE-sBOED,0.039061546325683594,35968,1.8559064865112305,1.3844082355499268,0.001709305914118886,0.2609100341796875,0.11997610330581665,,,,,,,,,,,
563,0.17109376192092896,0.17109376192092896,MoE-sBOED,0.039052486419677734,36032,1.7343230247497559,1.384429693222046,0.0016605228884145617,0.26187658309936523,0.1199522316455841,,,,,,,,,,,
564,0.1823437511920929,0.1823437511920929,MoE-sBOED,0.03903913497924805,36096,1.7798092365264893,1.3844072818756104,0.0016146714333444834,0.2622879445552826,0.11990655958652496,,,,,,,,,,,
565,0.18140625953674316,0.18140625953674316,MoE-sBOED,0.03893446922302246,36160,1.7846896648406982,1.3843817710876465,0.0014483443228527904,0.263374388217926,0.11985629796981812,,,,,,,,,,,
566,0.1889062523841858,0.1889062523841858,MoE-sBOED,0.03895115852355957,36224,1.7707771062850952,1.384469747543335,0.001347844023257494,0.26501792669296265,0.11982747912406921,,,,,,,,,,,
567,0.18421876430511475,0.18421876430511475,MoE-sBOED,0.03899741172790527,36288,1.9840319156646729,1.3847382068634033,0.0015252468874678016,0.2614854574203491,0.11981070786714554,,,,,,,,,,,
568,0.18703125417232513,0.18703125417232513,MoE-sBOED,0.03883481025695801,36352,1.8507611751556396,1.3846536874771118,0.0011518641840666533,0.2646521329879761,0.11978282779455185,,,,,,,,,,,
569,0.17109376192092896,0.17109376192092896,MoE-sBOED,0.03886675834655762,36416,1.7492139339447021,1.3847236633300781,0.001665034331381321,0.26347464323043823,0.11977703869342804,,,,,,,,,,,
570,0.17625001072883606,0.17625001072883606,MoE-sBOED,0.038980960845947266,36480,1.703568696975708,1.384820580482483,0.0022115004248917103,0.26316288113594055,0.11976980417966843,,,,,,,,,,,
571,0.17625001072883606,0.17625001072883606,MoE-sBOED,0.038927555084228516,36544,1.6802765130996704,1.3848930597305298,0.002101134043186903,0.26226431131362915,0.1197582334280014,,,,,,,,,,,
572,0.18562498688697815,0.18562498688697815,MoE-sBOED,0.03893733024597168,36608,1.7671129703521729,1.3849291801452637,0.0018083424074575305,0.261925607919693,0.11973003298044205,,,,,,,,,,,
573,0.17625001072883606,0.17625001072883606,MoE-sBOED,0.03898286819458008,36672,1.784862756729126,1.384896993637085,0.0015590330585837364,0.2626418471336365,0.11969994008541107,,,,,,,,,,,
574,0.17390625178813934,0.17390625178813934,MoE-sBOED,0.03883504867553711,36736,1.705552101135254,1.3848768472671509,0.0015986589714884758,0.26344966888427734,0.11968719214200974,,,,,,,,,,,
575,0.18656249344348907,0.18656249344348907,MoE-sBOED,0.039089202880859375,36800,1.7608776092529297,1.3850864171981812,0.001483760541304946,0.26222771406173706,0.11968034505844116,0.18093749999999997,0.06781250000000001,4,1.2964351881184357,0.03125,0.0078125,1,0.000234375,0.06781250000000001,0,diagnostic_only
576,0.1589062511920929,0.1589062511920929,MoE-sBOED,0.0391390323638916,36864,1.6982786655426025,1.3851245641708374,0.0014090401818975806,0.2615080177783966,0.11966267228126526,,,,,,,,,,,
577,0.19171875715255737,0.19171875715255737,MoE-sBOED,0.03899097442626953,36928,1.6295883655548096,1.385084629058838,0.0013683149591088295,0.2613828778266907,0.11965637654066086,,,,,,,,,,,
578,0.18468749523162842,0.18468749523162842,MoE-sBOED,0.03900480270385742,36992,1.7227051258087158,1.3852663040161133,0.001316781621426344,0.25720518827438354,0.11967696994543076,,,,,,,,,,,
579,0.19218748807907104,0.19218748807907104,MoE-sBOED,0.03911781311035156,37056,1.7432063817977905,1.3853204250335693,0.0011939728865399957,0.2553640604019165,0.11970166116952896,,,,,,,,,,,
580,0.17249999940395355,0.17249999940395355,MoE-sBOED,0.03916001319885254,37120,1.681720495223999,1.385399341583252,0.0011225008638575673,0.25446853041648865,0.11972768604755402,,,,,,,,,,,
581,0.1692187488079071,0.1692187488079071,MoE-sBOED,0.03907489776611328,37184,1.775550127029419,1.3854384422302246,0.0011354521848261356,0.25615569949150085,0.11973340064287186,,,,,,,,,,,
582,0.16875000298023224,0.16875000298023224,MoE-sBOED,0.03911852836608887,37248,1.8801984786987305,1.3854115009307861,0.0010495847091078758,0.2567029297351837,0.11972839385271072,,,,,,,,,,,
583,0.17859375476837158,0.17859375476837158,MoE-sBOED,0.03896450996398926,37312,1.945870280265808,1.3853754997253418,0.0010743308812379837,0.2558152377605438,0.11972542852163315,,,,,,,,,,,
584,0.18187500536441803,0.18187500536441803,MoE-sBOED,0.038948774337768555,37376,1.9649256467819214,1.3855257034301758,0.0009649106650613248,0.25464025139808655,0.11974389851093292,,,,,,,,,,,
585,0.16500000655651093,0.16500000655651093,MoE-sBOED,0.040009498596191406,37440,1.8563765287399292,1.3855547904968262,0.000717917166184634,0.25516277551651,0.1197572574019432,,,,,,,,,,,
586,0.17625001072883606,0.17625001072883606,MoE-sBOED,0.03905153274536133,37504,1.9175622463226318,1.3854422569274902,0.0008167845662683249,0.2573696970939636,0.11975378543138504,,,,,,,,,,,
587,0.1912499964237213,0.1912499964237213,MoE-sBOED,0.03905010223388672,37568,2.046086311340332,1.3852758407592773,0.0009234728058800101,0.2589879333972931,0.11974082142114639,,,,,,,,,,,
588,0.18515625596046448,0.19140625,MoE-sBOED,0.03895378112792969,37632,2.0916504859924316,1.3854126930236816,0.0009310786845162511,0.2573818266391754,0.11973419040441513,,,,,,,,,,,
589,0.1692187637090683,0.1692187637090683,MoE-sBOED,0.039185523986816406,37696,1.9757109880447388,1.3855037689208984,0.0008043155539780855,0.2567063868045807,0.11976088583469391,,,,,,,,,,,
590,0.1626562476158142,0.1626562476158142,MoE-sBOED,0.03923964500427246,37760,1.8176630735397339,1.3855525255203247,0.0007518482743762434,0.25847163796424866,0.11976731568574905,,,,,,,,,,,
591,0.16968750953674316,0.16968750953674316,MoE-sBOED,0.039021968841552734,37824,1.9836233854293823,1.3856582641601562,0.0007942200172692537,0.256725549697876,0.11974594742059708,,,,,,,,,,,
592,0.1771875023841858,0.1771875023841858,MoE-sBOED,0.03906536102294922,37888,1.9662795066833496,1.3853217363357544,0.0009273315663449466,0.2604905068874359,0.11967654526233673,,,,,,,,,,,
593,0.1875,0.1875,MoE-sBOED,0.03904008865356445,37952,1.918182611465454,1.3851702213287354,0.0007158126682043076,0.26210537552833557,0.11960889399051666,,,,,,,,,,,
594,0.18281251192092896,0.18281251192092896,MoE-sBOED,0.039125919342041016,38016,1.8870354890823364,1.3852206468582153,0.0004835518775507808,0.2601272463798523,0.11956830322742462,,,,,,,,,,,
595,0.17906251549720764,0.17906251549720764,MoE-sBOED,0.038938045501708984,38080,1.8451039791107178,1.3853036165237427,0.0005050345789641142,0.258225679397583,0.11954179406166077,,,,,,,,,,,
596,0.17765624821186066,0.17765624821186066,MoE-sBOED,0.03892636299133301,38144,1.8892796039581299,1.3853099346160889,0.0005556587129831314,0.26044178009033203,0.11951684206724167,,,,,,,,,,,
597,0.18187500536441803,0.18187500536441803,MoE-sBOED,0.03892827033996582,38208,1.8596899509429932,1.3851475715637207,0.0006863893941044807,0.26189324259757996,0.11949726939201355,,,,,,,,,,,
598,0.17812500894069672,0.17812500894069672,MoE-sBOED,0.03902411460876465,38272,1.8954780101776123,1.3851176500320435,0.0006868398049846292,0.26311177015304565,0.11948535591363907,,,,,,,,,,,
599,0.18656250834465027,0.18656250834465027,MoE-sBOED,0.039086103439331055,38336,1.9443094730377197,1.3851701021194458,0.0008011114550754428,0.262296199798584,0.11948288977146149,,,,,,,,,,,
600,0.1903124898672104,0.1903124898672104,MoE-sBOED,0.03912711143493652,38400,1.9184412956237793,1.385324239730835,0.0008920253021642566,0.2627377510070801,0.11950957030057907,0.19078125,0.10500000000000001,4,1.1490292527902475,0.03125,0.046875,1,0.0025781249999999997,0.10500000000000001,0,diagnostic_only
601,0.1706250011920929,0.1706250011920929,MoE-sBOED,0.04013252258300781,38464,1.8128604888916016,1.3854966163635254,0.0010120581137016416,0.26062116026878357,0.11957045644521713,,,,,,,,,,,
602,0.1692187488079071,0.1692187488079071,MoE-sBOED,0.04037833213806152,38528,1.8306334018707275,1.3856630325317383,0.0007722483715042472,0.25862979888916016,0.11960213631391525,,,,,,,,,,,
603,0.17343750596046448,0.17343750596046448,MoE-sBOED,0.03910660743713379,38592,1.8654838800430298,1.3854796886444092,0.001056723645888269,0.2606368660926819,0.11958079040050507,,,,,,,,,,,
604,0.18187500536441803,0.18187500536441803,MoE-sBOED,0.03909707069396973,38656,1.841034173965454,1.3852745294570923,0.001499641570262611,0.2638654410839081,0.11953668296337128,,,,,,,,,,,
605,0.16828125715255737,0.16828125715255737,MoE-sBOED,0.038994789123535156,38720,1.8168857097625732,1.3851395845413208,0.0017402530647814274,0.2644210457801819,0.11950452625751495,,,,,,,,,,,
606,0.16968750953674316,0.16968750953674316,MoE-sBOED,0.03913521766662598,38784,1.7310945987701416,1.3851560354232788,0.0018696989864110947,0.2632102966308594,0.1194722056388855,,,,,,,,,,,
607,0.18046875298023224,0.18046875298023224,MoE-sBOED,0.03901195526123047,38848,1.832964539527893,1.385153889656067,0.0021185479126870632,0.2630404233932495,0.11944492906332016,,,,,,,,,,,
608,0.19359375536441803,0.19359375536441803,MoE-sBOED,0.038956403732299805,38912,1.8848963975906372,1.3851313591003418,0.002833874663338065,0.26311349868774414,0.11941832304000854,,,,,,,,,,,
609,0.17765626311302185,0.17765626311302185,MoE-sBOED,0.03899407386779785,38976,1.8710007667541504,1.3850256204605103,0.0026961711701005697,0.2640341520309448,0.1194000244140625,,,,,,,,,,,
610,0.18140625953674316,0.18140625953674316,MoE-sBOED,0.038973093032836914,39040,1.9370112419128418,1.3850948810577393,0.0027305856347084045,0.2638053596019745,0.11939118802547455,,,,,,,,,,,
611,0.18046876788139343,0.18046876788139343,MoE-sBOED,0.039142608642578125,39104,1.975222110748291,1.3852357864379883,0.0023869704455137253,0.26176077127456665,0.11938082426786423,,,,,,,,,,,
612,0.17484375834465027,0.17484375834465027,MoE-sBOED,0.03899407386779785,39168,1.9826291799545288,1.38529634475708,0.0017041763057932258,0.2602793872356415,0.11936071515083313,,,,,,,,,,,
613,0.16968750953674316,0.16968750953674316,MoE-sBOED,0.03902101516723633,39232,1.8393940925598145,1.3853014707565308,0.0013052586000412703,0.2590119242668152,0.11932729929685593,,,,,,,,,,,
614,0.17296874523162842,0.17296874523162842,MoE-sBOED,0.038938045501708984,39296,1.956099271774292,1.385267734527588,0.001219482161104679,0.25895529985427856,0.1193002313375473,,,,,,,,,,,
615,0.18843750655651093,0.18843750655651093,MoE-sBOED,0.038992881774902344,39360,1.9943938255310059,1.3853461742401123,0.00115676480345428,0.25793325901031494,0.11928398162126541,,,,,,,,,,,
616,0.17906250059604645,0.17906250059604645,MoE-sBOED,0.03894400596618652,39424,1.8803330659866333,1.3853548765182495,0.0010181706165894866,0.2569984495639801,0.1193012073636055,,,,,,,,,,,
617,0.16875001788139343,0.16875001788139343,MoE-sBOED,0.03891277313232422,39488,1.7987697124481201,1.3853507041931152,0.0009676094050519168,0.2572553753852844,0.11934246867895126,,,,,,,,,,,
618,0.1743749976158142,0.1743749976158142,MoE-sBOED,0.03901386260986328,39552,1.7035186290740967,1.3851873874664307,0.0008494312642142177,0.25994962453842163,0.11937473714351654,,,,,,,,,,,
619,0.18703125417232513,0.18703125417232513,MoE-sBOED,0.038890838623046875,39616,1.7223448753356934,1.3850297927856445,0.0006954687414690852,0.2616399824619293,0.11939001828432083,,,,,,,,,,,
620,0.1771875023841858,0.1771875023841858,MoE-sBOED,0.03896594047546387,39680,1.8062045574188232,1.385070562362671,0.0005666065262630582,0.26176080107688904,0.1193980872631073,,,,,,,,,,,
621,0.1692187488079071,0.1692187488079071,MoE-sBOED,0.03896617889404297,39744,1.6830638647079468,1.3847904205322266,0.0005738849868066609,0.26456645131111145,0.1194082573056221,,,,,,,,,,,
622,0.1626562476158142,0.1626562476158142,MoE-sBOED,0.03903913497924805,39808,1.6495599746704102,1.3847062587738037,0.0007859516772441566,0.2663867771625519,0.11941090226173401,,,,,,,,,,,
623,0.18703125417232513,0.18703125417232513,MoE-sBOED,0.03938770294189453,39872,1.8046455383300781,1.3845057487487793,0.0008048826712183654,0.2660068869590759,0.11942432075738907,,,,,,,,,,,
624,0.19078126549720764,0.19078126549720764,MoE-sBOED,0.03896737098693848,39936,1.7729655504226685,1.3843549489974976,0.001066897064447403,0.26767054200172424,0.1194503903388977,,,,,,,,,,,
625,0.19078125059604645,0.19078125059604645,MoE-sBOED,0.039038658142089844,40000,1.698183298110962,1.38418447971344,0.0011836765334010124,0.2694746255874634,0.1194799393415451,0.18351562500000002,0.11335937500000001,6,1.0179208954031125,0.046875,0.0625,0,0.003984375,1000.238359375,0,diagnostic_only
626,0.19593749940395355,0.19593749940395355,MoE-sBOED,0.03934741020202637,40064,1.8544623851776123,1.3845109939575195,0.001479697646573186,0.26497435569763184,0.11947733908891678,,,,,,,,,,,
627,0.17906250059604645,0.17906250059604645,MoE-sBOED,0.03896641731262207,40128,1.7353789806365967,1.3843934535980225,0.001853087916970253,0.2668110728263855,0.11944400519132614,,,,,,,,,,,
628,0.17625001072883606,0.17625001072883606,MoE-sBOED,0.0391392707824707,40192,1.7814745903015137,1.3847724199295044,0.0021295391488820314,0.26220014691352844,0.11940176039934158,,,,,,,,,,,
629,0.17250001430511475,0.17250001430511475,MoE-sBOED,0.038954973220825195,40256,1.7878806591033936,1.3850257396697998,0.00230904808267951,0.25661057233810425,0.1193913072347641,,,,,,,,,,,
630,0.1678124964237213,0.1678124964237213,MoE-sBOED,0.0391077995300293,40320,1.7207627296447754,1.3850011825561523,0.0028031475376337767,0.2592662572860718,0.11941134929656982,,,,,,,,,,,
631,0.16734375059604645,0.16734375059604645,MoE-sBOED,0.03892636299133301,40384,1.7188979387283325,1.3850312232971191,0.002113786991685629,0.258127897977829,0.1194206103682518,,,,,,,,,,,
632,0.1860937476158142,0.1860937476158142,MoE-sBOED,0.03931760787963867,40448,1.753326654434204,1.3852369785308838,0.0018430249765515327,0.2548169791698456,0.11941443383693695,,,,,,,,,,,
633,0.1823437511920929,0.1823437511920929,MoE-sBOED,0.039125680923461914,40512,1.8639246225357056,1.385143756866455,0.0020468058064579964,0.25503870844841003,0.1194072812795639,,,,,,,,,,,
634,0.17484375834465027,0.17484375834465027,MoE-sBOED,0.038957834243774414,40576,1.7035534381866455,1.3851133584976196,0.0017173904925584793,0.2577427923679352,0.11940532177686691,,,,,,,,,,,
635,0.16687500476837158,0.16687500476837158,MoE-sBOED,0.03892707824707031,40640,1.6970555782318115,1.3853540420532227,0.0017635066760703921,0.2561239004135132,0.11939534544944763,,,,,,,,,,,
636,0.17156249284744263,0.17156249284744263,MoE-sBOED,0.038942575454711914,40704,1.617424488067627,1.3854310512542725,0.0021065601613372564,0.25528061389923096,0.11939435452222824,,,,,,,,,,,
637,0.1771875023841858,0.1771875023841858,MoE-sBOED,0.039016008377075195,40768,1.4964799880981445,1.3853307962417603,0.0019256500527262688,0.25590819120407104,0.119416743516922,,,,,,,,,,,
638,0.18937501311302185,0.18937501311302185,MoE-sBOED,0.039080142974853516,40832,1.6204326152801514,1.3853323459625244,0.0016167974099516869,0.2598177194595337,0.11946553736925125,,,,,,,,,,,
639,0.17343749105930328,0.17343749105930328,MoE-sBOED,0.03905892372131348,40896,1.5486352443695068,1.385361671447754,0.0013956836191937327,0.2604497969150543,0.11952158063650131,,,,,,,,,,,
640,0.17296874523162842,0.17296874523162842,MoE-sBOED,0.039078474044799805,40960,1.5943567752838135,1.3854596614837646,0.0014530997723340988,0.2573899030685425,0.11954662948846817,,,,,,,,,,,
641,0.1692187488079071,0.1692187488079071,MoE-sBOED,0.03900933265686035,41024,1.6999812126159668,1.3855547904968262,0.001832744455896318,0.25789231061935425,0.11954774707555771,,,,,,,,,,,
642,0.17765624821186066,0.17765624821186066,MoE-sBOED,0.03898906707763672,41088,1.7875845432281494,1.3851464986801147,0.0023814067244529724,0.2643214464187622,0.1195279061794281,,,,,,,,,,,
643,0.15843749046325684,0.15843749046325684,MoE-sBOED,0.039086103439331055,41152,1.7438627481460571,1.384700894355774,0.0024289030116051435,0.2685508728027344,0.11951907724142075,,,,,,,,,,,
644,0.1823437511920929,0.1823437511920929,MoE-sBOED,0.03905963897705078,41216,1.7766811847686768,1.3846713304519653,0.0027209825348109007,0.2696550488471985,0.11951128393411636,,,,,,,,,,,
645,0.1692187488079071,0.1692187488079071,MoE-sBOED,0.03893303871154785,41280,1.8067882061004639,1.384444236755371,0.0028119459748268127,0.27172064781188965,0.1194729134440422,,,,,,,,,,,
646,0.17390625178813934,0.17390625178813934,MoE-sBOED,0.03889632225036621,41344,1.768735647201538,1.3847882747650146,0.002504468197003007,0.26796624064445496,0.11949605494737625,,,,,,,,,,,
647,0.18421874940395355,0.18421874940395355,MoE-sBOED,0.038934946060180664,41408,1.7550690174102783,1.3851375579833984,0.0031863150652498007,0.26138225197792053,0.11955971270799637,,,,,,,,,,,
648,0.1771875023841858,0.1771875023841858,MoE-sBOED,0.03898954391479492,41472,1.7446575164794922,1.3854632377624512,0.0060466742143034935,0.25934553146362305,0.11960411816835403,,,,,,,,,,,
649,0.19593749940395355,0.19593749940395355,MoE-sBOED,0.03907060623168945,41536,1.72206711769104,1.3854236602783203,0.0038983705453574657,0.2625008523464203,0.11964884400367737,,,,,,,,,,,
650,0.17156249284744263,0.17156249284744263,MoE-sBOED,0.03898215293884277,41600,1.6951285600662231,1.3849210739135742,0.0027553108520805836,0.2685275077819824,0.11969991028308868,0.17624999999999996,0.06312500000000001,5,1.029344815532827,0.0390625,0.0078125,1,0.000234375,0.06312500000000001,0,diagnostic_only
651,0.1875,0.1875,MoE-sBOED,0.03938579559326172,41664,1.7581477165222168,1.3845391273498535,0.002070722635835409,0.27160391211509705,0.11973931640386581,,,,,,,,,,,
652,0.18703123927116394,0.18703123927116394,MoE-sBOED,0.03904867172241211,41728,1.6431517601013184,1.3842278718948364,0.0016923521179705858,0.2737644612789154,0.1197778731584549,,,,,,,,,,,
653,0.18328125774860382,0.18328125774860382,MoE-sBOED,0.039147138595581055,41792,1.6103882789611816,1.3842058181762695,0.0015964799094945192,0.2737348675727844,0.11978277564048767,,,,,,,,,,,
654,0.17671874165534973,0.17671874165534973,MoE-sBOED,0.039215087890625,41856,1.5930304527282715,1.3844473361968994,0.00124428141862154,0.271210253238678,0.11975324898958206,,,,,,,,,,,
655,0.17765624821186066,0.17765624821186066,MoE-sBOED,0.03894186019897461,41920,1.712976098060608,1.384622573852539,0.0009904782054945827,0.26898741722106934,0.11969337612390518,,,,,,,,,,,
656,0.1837500035762787,0.1837500035762787,MoE-sBOED,0.03915524482727051,41984,1.4496957063674927,1.3846521377563477,0.0009182784706354141,0.2679995894432068,0.11973882466554642,,,,,,,,,,,
657,0.1743750125169754,0.1743750125169754,MoE-sBOED,0.039002180099487305,42048,1.5519328117370605,1.384598970413208,0.0008672131225466728,0.27045363187789917,0.11982761323451996,,,,,,,,,,,
658,0.18000000715255737,0.18000000715255737,MoE-sBOED,0.03903651237487793,42112,1.5004945993423462,1.3845651149749756,0.0007412842242047191,0.27099180221557617,0.11980900913476944,,,,,,,,,,,
659,0.17765624821186066,0.17765624821186066,MoE-sBOED,0.03909587860107422,42176,1.650655746459961,1.3847452402114868,0.000620560662355274,0.26858270168304443,0.11971453577280045,,,,,,,,,,,
660,0.17296874523162842,0.17296874523162842,MoE-sBOED,0.03916525840759277,42240,1.5362613201141357,1.3845949172973633,0.0005633061518892646,0.2694251537322998,0.11968906223773956,,,,,,,,,,,
661,0.18000000715255737,0.18000000715255737,MoE-sBOED,0.040717363357543945,42304,1.6642018556594849,1.3846838474273682,0.0004756723064929247,0.2686840891838074,0.11965898424386978,,,,,,,,,,,
662,0.18046873807907104,0.18046873807907104,MoE-sBOED,0.03922462463378906,42368,1.5955082178115845,1.384582281112671,0.0005109220510348678,0.2649317979812622,0.11952847987413406,,,,,,,,,,,
663,0.15421874821186066,0.15421874821186066,MoE-sBOED,0.038880109786987305,42432,1.5944339036941528,1.3841595649719238,0.00047906232066452503,0.2664543688297272,0.11942014843225479,,,,,,,,,,,
664,0.18562500178813934,0.18562500178813934,MoE-sBOED,0.03910374641418457,42496,1.6115679740905762,1.3844681978225708,0.00045962267904542387,0.2647938132286072,0.11940371990203857,,,,,,,,,,,
665,0.16828125715255737,0.16828125715255737,MoE-sBOED,0.038962364196777344,42560,1.4674583673477173,1.3847568035125732,0.0005532305804081261,0.2620665431022644,0.11944776028394699,,,,,,,,,,,
666,0.17343750596046448,0.17343750596046448,MoE-sBOED,0.03898191452026367,42624,1.5205633640289307,1.3850544691085815,0.0005712829297408462,0.2616488039493561,0.11946507543325424,,,,,,,,,,,
667,0.1706250011920929,0.1706250011920929,MoE-sBOED,0.03897356986999512,42688,1.6110073328018188,1.3849762678146362,0.000683072954416275,0.26277774572372437,0.11937158554792404,,,,,,,,,,,
668,0.17671874165534973,0.17671874165534973,MoE-sBOED,0.03929567337036133,42752,1.5108706951141357,1.384842872619629,0.0007393871201202273,0.26687636971473694,0.1192697212100029,,,,,,,,,,,
669,0.16593749821186066,0.16593749821186066,MoE-sBOED,0.039023399353027344,42816,1.5675768852233887,1.3849501609802246,0.0006934319389984012,0.2649180591106415,0.11923066526651382,,,,,,,,,,,
670,0.19828125834465027,0.19828125834465027,MoE-sBOED,0.03902769088745117,42880,1.5194482803344727,1.3853554725646973,0.0006468383362516761,0.2621191740036011,0.11920396238565445,,,,,,,,,,,
671,0.1875,0.1875,MoE-sBOED,0.038912296295166016,42944,1.6226946115493774,1.3853027820587158,0.0006338431849144399,0.2626405358314514,0.11911383271217346,,,,,,,,,,,
672,0.20015625655651093,0.20015625655651093,MoE-sBOED,0.039000511169433594,43008,1.627470850944519,1.3851053714752197,0.0006933080730959773,0.26372596621513367,0.1190124973654747,,,,,,,,,,,
673,0.1692187488079071,0.1692187488079071,MoE-sBOED,0.03908514976501465,43072,1.5838264226913452,1.3850239515304565,0.0007588217849843204,0.26719141006469727,0.1189320832490921,,,,,,,,,,,
674,0.17625001072883606,0.17625001072883606,MoE-sBOED,0.04019355773925781,43136,1.597853183746338,1.3850281238555908,0.0007492395816370845,0.2660103440284729,0.11888166517019272,,,,,,,,,,,
675,0.16875001788139343,0.16875001788139343,MoE-sBOED,0.040476083755493164,43200,1.7624176740646362,1.3851913213729858,0.0008786274120211601,0.2621327042579651,0.1188693717122078,0.18703124999999998,0.11687499999999999,4,1.26447011954122,0.03125,0.0625,0,0.003984375,1000.241875,0,diagnostic_only
676,0.1771875023841858,0.1771875023841858,MoE-sBOED,0.039272308349609375,43264,1.7594934701919556,1.3856396675109863,0.0010009768884629011,0.25842034816741943,0.11890018731355667,,,,,,,,,,,
677,0.17625001072883606,0.17625001072883606,MoE-sBOED,0.03891324996948242,43328,1.7660574913024902,1.3858054876327515,0.0009203568915836513,0.2526455819606781,0.11897111684083939,,,,,,,,,,,
678,0.18281249701976776,0.18281249701976776,MoE-sBOED,0.03896927833557129,43392,1.8248792886734009,1.3858299255371094,0.0007523870444856584,0.2555573582649231,0.11906568706035614,,,,,,,,,,,
679,0.17625001072883606,0.17625001072883606,MoE-sBOED,0.039009809494018555,43456,1.6971118450164795,1.3858368396759033,0.0007136714411899447,0.25576460361480713,0.11913836002349854,,,,,,,,,,,
680,0.18796874582767487,0.18796874582767487,MoE-sBOED,0.03900504112243652,43520,1.8535504341125488,1.3857271671295166,0.000689237262122333,0.2572788596153259,0.11918114870786667,,,,,,,,,,,
681,0.1795312464237213,0.1795312464237213,MoE-sBOED,0.0392148494720459,43584,1.79088294506073,1.3856128454208374,0.0006961596081964672,0.25623130798339844,0.11923296749591827,,,,,,,,,,,
682,0.18656250834465027,0.18656250834465027,MoE-sBOED,0.03877568244934082,43648,1.6648732423782349,1.3855129480361938,0.0006654310855083168,0.2563461661338806,0.11924663931131363,,,,,,,,,,,
683,0.18187499046325684,0.18187499046325684,MoE-sBOED,0.03896188735961914,43712,1.8830598592758179,1.3852463960647583,0.0006901401793584228,0.25781452655792236,0.11922749131917953,,,,,,,,,,,
684,0.1860937476158142,0.1860937476158142,MoE-sBOED,0.038834571838378906,43776,1.6247568130493164,1.3850347995758057,0.000728451821487397,0.26404762268066406,0.11920775473117828,,,,,,,,,,,
685,0.1626562476158142,0.1626562476158142,MoE-sBOED,0.038973331451416016,43840,1.6839337348937988,1.3846529722213745,0.0009941721800714731,0.2670139670372009,0.11915438622236252,,,,,,,,,,,
686,0.17343750596046448,0.17343750596046448,MoE-sBOED,0.03892636299133301,43904,1.7607347965240479,1.3844974040985107,0.0011036577634513378,0.26874494552612305,0.1191338524222374,,,,,,,,,,,
687,0.18328124284744263,0.18328124284744263,MoE-sBOED,0.0388026237487793,43968,1.6935241222381592,1.384033441543579,0.0012037059059366584,0.273303359746933,0.1191607266664505,,,,,,,,,,,
688,0.1706250011920929,0.1706250011920929,MoE-sBOED,0.03891777992248535,44032,1.6298192739486694,1.383298397064209,0.0012575245928019285,0.27914127707481384,0.11925607919692993,,,,,,,,,,,
689,0.17390625178813934,0.17390625178813934,MoE-sBOED,0.03890514373779297,44096,1.6390972137451172,1.3817138671875,0.0011339392513036728,0.28673282265663147,0.11942039430141449,,,,,,,,,,,
690,0.16453126072883606,0.16453126072883606,MoE-sBOED,0.03911232948303223,44160,1.6249139308929443,1.3797006607055664,0.0013251665513962507,0.2966736853122711,0.11959197372198105,,,,,,,,,,,
691,0.17906250059604645,0.17906250059604645,MoE-sBOED,0.03879499435424805,44224,1.8914810419082642,1.3798576593399048,0.0015940278535708785,0.2941586375236511,0.1196516677737236,,,,,,,,,,,
692,0.1654687523841858,0.1654687523841858,MoE-sBOED,0.03890824317932129,44288,1.7121968269348145,1.3801841735839844,0.0012792127672582865,0.2933700680732727,0.11958979815244675,,,,,,,,,,,
693,0.18000000715255737,0.18000000715255737,MoE-sBOED,0.038851261138916016,44352,1.802903175354004,1.382643222808838,0.0014428909635171294,0.2818881869316101,0.11942929774522781,,,,,,,,,,,
694,0.17156249284744263,0.17156249284744263,MoE-sBOED,0.03880000114440918,44416,1.7870423793792725,1.383725643157959,0.001769508933648467,0.2715393304824829,0.11925353109836578,,,,,,,,,,,
695,0.1837500035762787,0.1837500035762787,MoE-sBOED,0.03876209259033203,44480,1.8091411590576172,1.38444185256958,0.001843455247581005,0.26481327414512634,0.119217649102211,,,,,,,,,,,
696,0.17109373211860657,0.17109373211860657,MoE-sBOED,0.03883552551269531,44544,1.7223173379898071,1.3846709728240967,0.0020125301089137793,0.2616595923900604,0.11920388042926788,,,,,,,,,,,
697,0.17671875655651093,0.17671875655651093,MoE-sBOED,0.038834333419799805,44608,1.7743005752563477,1.3847174644470215,0.002178286202251911,0.25930193066596985,0.11910512298345566,,,,,,,,,,,
698,0.17390625178813934,0.17390625178813934,MoE-sBOED,0.038863420486450195,44672,1.6842572689056396,1.385091781616211,0.001969187520444393,0.2587713301181793,0.11906328052282333,,,,,,,,,,,
699,0.1626562476158142,0.1626562476158142,MoE-sBOED,0.038971662521362305,44736,1.7224090099334717,1.3851414918899536,0.001937459921464324,0.25966519117355347,0.11907363682985306,,,,,,,,,,,
700,0.1889062523841858,0.1889062523841858,MoE-sBOED,0.03879356384277344,44800,1.7020988464355469,1.3851664066314697,0.001744196517392993,0.26100659370422363,0.11905691027641296,0.18,0.06687500000000002,4,0.7274263872268364,0.03125,0.0078125,1,0.000234375,0.06687500000000002,0,diagnostic_only
701,0.17765624821186066,0.17765624821186066,MoE-sBOED,0.03911161422729492,44864,1.677065372467041,1.3850605487823486,0.0015035150572657585,0.26534542441368103,0.11900974065065384,,,,,,,,,,,
702,0.17343750596046448,0.17343750596046448,MoE-sBOED,0.03884482383728027,44928,1.5998036861419678,1.3848910331726074,0.0014243596233427525,0.2680782675743103,0.11900188028812408,,,,,,,,,,,
703,0.16593751311302185,0.16593751311302185,MoE-sBOED,0.03896164894104004,44992,1.5938739776611328,1.38456130027771,0.0012580747716128826,0.27072417736053467,0.11898621171712875,,,,,,,,,,,
704,0.1720312535762787,0.1720312535762787,MoE-sBOED,0.03894662857055664,45056,1.556091070175171,1.3847320079803467,0.0010314027313143015,0.267179399728775,0.11891162395477295,,,,,,,,,,,
705,0.18562500178813934,0.18562500178813934,MoE-sBOED,0.0389094352722168,45120,1.6898835897445679,1.3846752643585205,0.0009018698474392295,0.2648678719997406,0.11883474141359329,,,,,,,,,,,
706,0.1823437511920929,0.1823437511920929,MoE-sBOED,0.038945674896240234,45184,1.7724720239639282,1.3844313621520996,0.000675477902404964,0.26480013132095337,0.11879850924015045,,,,,,,,,,,
707,0.17343749105930328,0.17343749105930328,MoE-sBOED,0.03889107704162598,45248,1.6632015705108643,1.3845056295394897,0.000626704073511064,0.26084116101264954,0.11876466870307922,,,,,,,,,,,
708,0.1603125035762787,0.1603125035762787,MoE-sBOED,0.03880810737609863,45312,1.7937986850738525,1.3840150833129883,0.0007502968655899167,0.2623523473739624,0.11870960891246796,,,,,,,,,,,
709,0.17578125,0.17578125,MoE-sBOED,0.0388340950012207,45376,1.7235662937164307,1.3844619989395142,0.0007605372811667621,0.26485511660575867,0.11867064982652664,,,,,,,,,,,
710,0.17249999940395355,0.17249999940395355,MoE-sBOED,0.038884878158569336,45440,1.6179245710372925,1.3843473196029663,0.000804578885436058,0.26346278190612793,0.11865704506635666,,,,,,,,,,,
711,0.18421874940395355,0.18421874940395355,MoE-sBOED,0.038977622985839844,45504,1.7796804904937744,1.3846855163574219,0.0007373734260909259,0.25930270552635193,0.11864341795444489,,,,,,,,,,,
712,0.18562500178813934,0.18562500178813934,MoE-sBOED,0.03885912895202637,45568,1.9415292739868164,1.3844220638275146,0.0008630715310573578,0.2597507834434509,0.11862733960151672,,,,,,,,,,,
713,0.1706250011920929,0.1706250011920929,MoE-sBOED,0.03879594802856445,45632,1.9155596494674683,1.3845338821411133,0.0007955360924825072,0.2575877010822296,0.11859865486621857,,,,,,,,,,,
714,0.1785937398672104,0.1785937398672104,MoE-sBOED,0.038913726806640625,45696,1.858774185180664,1.38490891456604,0.0007280459394678473,0.25915297865867615,0.11857421696186066,,,,,,,,,,,
715,0.18046875298023224,0.18046875298023224,MoE-sBOED,0.03885960578918457,45760,1.8358347415924072,1.3849124908447266,0.0007760619046166539,0.2598041892051697,0.11855700612068176,,,,,,,,,,,
716,0.17906250059604645,0.17906250059604645,MoE-sBOED,0.038788795471191406,45824,1.9833943843841553,1.3851619958877563,0.0007231803610920906,0.25588884949684143,0.11858745664358139,,,,,,,,,,,
717,0.17531248927116394,0.17531248927116394,MoE-sBOED,0.038845062255859375,45888,1.8987908363342285,1.3850643634796143,0.0007695357780903578,0.25643324851989746,0.11867652088403702,,,,,,,,,,,
718,0.17624999582767487,0.17624999582767487,MoE-sBOED,0.038855791091918945,45952,1.9997270107269287,1.3845268487930298,0.0008911180775612593,0.2603352665901184,0.11879464983940125,,,,,,,,,,,
719,0.1771875023841858,0.1771875023841858,MoE-sBOED,0.03888654708862305,46016,2.054290771484375,1.383643388748169,0.001279123011045158,0.26281797885894775,0.11889390647411346,,,,,,,,,,,
720,0.16875000298023224,0.16875000298023224,MoE-sBOED,0.03886842727661133,46080,2.0365259647369385,1.3832637071609497,0.0011899913661181927,0.2604113817214966,0.11892203241586685,,,,,,,,,,,
721,0.1626562625169754,0.1626562625169754,MoE-sBOED,0.038855552673339844,46144,1.8305460214614868,1.3820639848709106,0.001112449448555708,0.2626582384109497,0.11887966096401215,,,,,,,,,,,
722,0.17531250417232513,0.17531250417232513,MoE-sBOED,0.038787841796875,46208,1.8604674339294434,1.3823933601379395,0.0010467207757756114,0.25577253103256226,0.11881618201732635,,,,,,,,,,,
723,0.18281251192092896,0.18281251192092896,MoE-sBOED,0.03892397880554199,46272,1.7071905136108398,1.381438970565796,0.0008671339601278305,0.2600615918636322,0.11876817047595978,,,,,,,,,,,
724,0.16218750178813934,0.16218750178813934,MoE-sBOED,0.038709163665771484,46336,1.6919987201690674,1.3814871311187744,0.000978953205049038,0.25976884365081787,0.11872926354408264,,,,,,,,,,,
725,0.1720312535762787,0.1720312535762787,MoE-sBOED,0.03900480270385742,46400,1.7824348211288452,1.381397008895874,0.0010989217553287745,0.2580280900001526,0.11870534718036652,0.18375,0.11359375000000002,4,0.9539442027985009,0.03125,0.0625,0,0.003984375,1000.23859375,0,diagnostic_only
726,0.18562501668930054,0.18562501668930054,MoE-sBOED,0.03906607627868652,46464,1.8859806060791016,1.3822907209396362,0.0013396451249718666,0.25306209921836853,0.11868348717689514,,,,,,,,,,,
727,0.17578125,0.17578125,MoE-sBOED,0.03879833221435547,46528,1.868823766708374,1.3819425106048584,0.0014958595857024193,0.2532896101474762,0.1187584176659584,,,,,,,,,,,
728,0.1692187488079071,0.1692187488079071,MoE-sBOED,0.038773298263549805,46592,1.8490025997161865,1.380312442779541,0.0015357795637100935,0.2635852098464966,0.1189057007431984,,,,,,,,,,,
729,0.20015625655651093,0.20015625655651093,MoE-sBOED,0.03892254829406738,46656,1.833524227142334,1.3791148662567139,0.0014635151019319892,0.27012699842453003,0.11899928748607635,,,,,,,,,,,
730,0.18937499821186066,0.18937499821186066,MoE-sBOED,0.03882551193237305,46720,1.9240964651107788,1.3804206848144531,0.0013292091898620129,0.26541537046432495,0.11898898333311081,,,,,,,,,,,
731,0.1823437362909317,0.1823437362909317,MoE-sBOED,0.038842201232910156,46784,1.838503122329712,1.381378412246704,0.0010415272554382682,0.2622053027153015,0.11895845830440521,,,,,,,,,,,
732,0.17765624821186066,0.17765624821186066,MoE-sBOED,0.03895711898803711,46848,1.8734074831008911,1.3825875520706177,0.0009543858468532562,0.2568989396095276,0.11889565736055374,,,,,,,,,,,
733,0.18281249701976776,0.18281249701976776,MoE-sBOED,0.03885030746459961,46912,1.9779565334320068,1.3834775686264038,0.0009593962458893657,0.25951117277145386,0.11882909387350082,,,,,,,,,,,
734,0.17812500894069672,0.17812500894069672,MoE-sBOED,0.03888654708862305,46976,1.8890544176101685,1.3834161758422852,0.0009110073442570865,0.25946325063705444,0.11882548779249191,,,,,,,,,,,
735,0.16734376549720764,0.16734376549720764,MoE-sBOED,0.03885388374328613,47040,1.7439638376235962,1.383276343345642,0.0009345653816126287,0.2585184872150421,0.11886320263147354,,,,,,,,,,,
736,0.18937499821186066,0.18937499821186066,MoE-sBOED,0.03892874717712402,47104,1.7921900749206543,1.3835601806640625,0.0009954459965229034,0.25909608602523804,0.11897294223308563,,,,,,,,,,,
737,0.1823437511920929,0.1823437511920929,MoE-sBOED,0.03870415687561035,47168,1.726304054260254,1.3833818435668945,0.0010477796895429492,0.264935702085495,0.1190730631351471,,,,,,,,,,,
738,0.16687500476837158,0.16687500476837158,MoE-sBOED,0.03883194923400879,47232,1.7070162296295166,1.3830876350402832,0.0010210652835667133,0.2697007358074188,0.1191219687461853,,,,,,,,,,,
739,0.1795312464237213,0.1795312464237213,MoE-sBOED,0.03884124755859375,47296,1.7496287822723389,1.3833938837051392,0.0010806198697537184,0.2701335847377777,0.11910328269004822,,,,,,,,,,,
740,0.16875000298023224,0.16875000298023224,MoE-sBOED,0.038869380950927734,47360,1.7483234405517578,1.3836325407028198,0.0012101359898224473,0.2674903869628906,0.11899038404226303,,,,,,,,,,,
741,0.15656249225139618,0.15656249225139618,MoE-sBOED,0.03886842727661133,47424,1.7593286037445068,1.3840835094451904,0.0014549081679433584,0.2604060173034668,0.11884302645921707,,,,,,,,,,,
742,0.17765624821186066,0.17765624821186066,MoE-sBOED,0.03893709182739258,47488,1.8754310607910156,1.384621262550354,0.0018562430050224066,0.2554042935371399,0.1186433658003807,,,,,,,,,,,
743,0.18281251192092896,0.18281251192092896,MoE-sBOED,0.03881669044494629,47552,1.8747174739837646,1.384454369544983,0.002387827029451728,0.2591289281845093,0.11841786652803421,,,,,,,,,,,
744,0.17859375476837158,0.17859375476837158,MoE-sBOED,0.03889727592468262,47616,1.8860747814178467,1.3837714195251465,0.0033182576298713684,0.26293420791625977,0.11824335157871246,,,,,,,,,,,
745,0.18656250834465027,0.18656250834465027,MoE-sBOED,0.03904151916503906,47680,1.8345518112182617,1.3831137418746948,0.002604016335681081,0.2620140314102173,0.1181345283985138,,,,,,,,,,,
746,0.1720312535762787,0.1720312535762787,MoE-sBOED,0.0388336181640625,47744,1.7961748838424683,1.381933569908142,0.001515428302809596,0.2672474682331085,0.1180889755487442,,,,,,,,,,,
747,0.18562500178813934,0.18562500178813934,MoE-sBOED,0.03890085220336914,47808,1.8349069356918335,1.3806626796722412,0.0011668478837236762,0.2744215130805969,0.11807674169540405,,,,,,,,,,,
748,0.15843750536441803,0.15843750536441803,MoE-sBOED,0.03886866569519043,47872,1.7992401123046875,1.3797225952148438,0.0009247893467545509,0.2791394293308258,0.11807945370674133,,,,,,,,,,,
749,0.15656250715255737,0.15656250715255737,MoE-sBOED,0.03883695602416992,47936,1.762312650680542,1.3790500164031982,0.000839194399304688,0.28098249435424805,0.1180497258901596,,,,,,,,,,,
750,0.17390625178813934,0.17390625178813934,MoE-sBOED,0.0390162467956543,48000,1.9982318878173828,1.3794360160827637,0.0010080343345180154,0.2829906642436981,0.11798311769962311,0.19242187500000002,0.112890625,4,0.8637927049878835,0.03125,0.0390625,1,0.0032812500000000003,0.112890625,0,diagnostic_only
751,0.17859375476837158,0.17859375476837158,MoE-sBOED,0.04082822799682617,48064,2.11014461517334,1.3799588680267334,0.0011305060470476747,0.2819576859474182,0.11793836951255798,,,,,,,,,,,
752,0.18000000715255737,0.18000000715255737,MoE-sBOED,0.042138099670410156,48128,2.049184799194336,1.3809853792190552,0.0011618612334132195,0.2793123424053192,0.11793030053377151,,,,,,,,,,,
753,0.19593751430511475,0.19593751430511475,MoE-sBOED,0.04625272750854492,48192,2.154175043106079,1.3814579248428345,0.0016849500825628638,0.27558624744415283,0.11791729182004929,,,,,,,,,,,
754,0.16687500476837158,0.16687500476837158,MoE-sBOED,0.04557037353515625,48256,1.9447013139724731,1.3821076154708862,0.0018500415608286858,0.2736131250858307,0.11789321899414062,,,,,,,,,,,
755,0.16640624403953552,0.17734375596046448,MoE-sBOED,0.04627370834350586,48320,1.8184986114501953,1.3827217817306519,0.0011936225928366184,0.2718181908130646,0.11785798519849777,,,,,,,,,,,
756,0.17531251907348633,0.18156251311302185,MoE-sBOED,0.05285525321960449,48384,1.9245349168777466,1.3830244541168213,0.0012990711256861687,0.26975351572036743,0.11782332509756088,,,,,,,,,,,
757,0.18000000715255737,0.18000000715255737,MoE-sBOED,0.04820966720581055,48448,1.888129472732544,1.383564829826355,0.001243968727067113,0.2665240168571472,0.11780103296041489,,,,,,,,,,,
758,0.17578125,0.17578125,MoE-sBOED,0.04651904106140137,48512,1.88271164894104,1.3838317394256592,0.0012439806014299393,0.2621695399284363,0.11780450493097305,,,,,,,,,,,
759,0.16687500476837158,0.16687500476837158,MoE-sBOED,0.047273874282836914,48576,1.7694156169891357,1.3837084770202637,0.0013589182635769248,0.2603171169757843,0.11779098212718964,,,,,,,,,,,
760,0.17109374701976776,0.17109374701976776,MoE-sBOED,0.0513153076171875,48640,1.7366065979003906,1.3836477994918823,0.001862449455074966,0.25940215587615967,0.11776793003082275,,,,,,,,,,,
761,0.16640624403953552,0.16640624403953552,MoE-sBOED,0.04741382598876953,48704,1.6405158042907715,1.3834669589996338,0.0019992918241769075,0.2611020505428314,0.11778894066810608,,,,,,,,,,,
762,0.1889062523841858,0.1889062523841858,MoE-sBOED,0.04710245132446289,48768,1.7409684658050537,1.3836528062820435,0.0020641351584345102,0.2600734233856201,0.11781435459852219,,,,,,,,,,,
763,0.17484375834465027,0.17484375834465027,MoE-sBOED,0.04678511619567871,48832,1.510924220085144,1.3834047317504883,0.0018036350375041366,0.26085731387138367,0.1178290992975235,,,,,,,,,,,
764,0.17812499403953552,0.17812499403953552,MoE-sBOED,0.044913291931152344,48896,1.4550825357437134,1.3829765319824219,0.001634533517062664,0.2624799907207489,0.11785370856523514,,,,,,,,,,,
765,0.1795312464237213,0.1795312464237213,MoE-sBOED,0.04382920265197754,48960,1.3857574462890625,1.3827924728393555,0.0014006567653268576,0.26259350776672363,0.11790024489164352,,,,,,,,,,,
766,0.1837500035762787,0.1837500035762787,MoE-sBOED,0.04759955406188965,49024,1.3963086605072021,1.382847547531128,0.0010464274091646075,0.2615913152694702,0.11793816834688187,,,,,,,,,,,
767,0.20109376311302185,0.20109376311302185,MoE-sBOED,0.046334266662597656,49088,1.3745660781860352,1.3827499151229858,0.0007330725202336907,0.2632056474685669,0.1179625540971756,,,,,,,,,,,
768,0.1940625011920929,0.1940625011920929,MoE-sBOED,0.04545140266418457,49152,1.3673322200775146,1.382826328277588,0.0005824700347147882,0.26306015253067017,0.11793308705091476,,,,,,,,,,,
769,0.1926562488079071,0.1926562488079071,MoE-sBOED,0.04655098915100098,49216,1.4248595237731934,1.3834640979766846,0.0005226907087489963,0.26422175765037537,0.11790939420461655,,,,,,,,,,,
770,0.1809374988079071,0.1809374988079071,MoE-sBOED,0.04495978355407715,49280,1.4683588743209839,1.3840315341949463,0.0005807594279758632,0.268830269575119,0.11791249364614487,,,,,,,,,,,
771,0.17531248927116394,0.17531248927116394,MoE-sBOED,0.04654121398925781,49344,1.4503809213638306,1.3838930130004883,0.0006503358599729836,0.2721365690231323,0.11794918030500412,,,,,,,,,,,
772,0.17343750596046448,0.17343750596046448,MoE-sBOED,0.05198526382446289,49408,1.5826841592788696,1.3837244510650635,0.0007197721861302853,0.27289730310440063,0.11803904175758362,,,,,,,,,,,
773,0.18843749165534973,0.18843749165534973,MoE-sBOED,0.0496523380279541,49472,1.530792236328125,1.3836779594421387,0.0008798710769042373,0.26971080899238586,0.11808811128139496,,,,,,,,,,,
774,0.18984374403953552,0.18984374403953552,MoE-sBOED,0.047885894775390625,49536,1.5385677814483643,1.3838727474212646,0.001009914092719555,0.2645528018474579,0.11808284372091293,,,,,,,,,,,
775,0.16453124582767487,0.16453124582767487,MoE-sBOED,0.0460200309753418,49600,1.4747141599655151,1.3837809562683105,0.0009361970005556941,0.26070308685302734,0.11804836243391037,0.18140625,0.06515625,4,0.7656061811875114,0.03125,0.0,1,0.0,0.06515625,0,diagnostic_only
776,0.17531248927116394,0.17531248927116394,MoE-sBOED,0.04055476188659668,49664,1.6103132963180542,1.3838597536087036,0.0014781489735469222,0.2647257447242737,0.11799853295087814,,,,,,,,,,,
777,0.17765626311302185,0.19328126311302185,MoE-sBOED,0.04386115074157715,49728,1.3753774166107178,1.3838039636611938,0.0010542813688516617,0.2650927007198334,0.11801107972860336,,,,,,,,,,,
778,0.18421874940395355,0.18421874940395355,MoE-sBOED,0.04684782028198242,49792,1.5072283744812012,1.3838849067687988,0.0011386432452127337,0.266308069229126,0.11805494129657745,,,,,,,,,,,
779,0.17859375476837158,0.17859375476837158,MoE-sBOED,0.04714465141296387,49856,1.5156455039978027,1.383852481842041,0.0013619288802146912,0.267314076423645,0.11806774884462357,,,,,,,,,,,
780,0.17156250774860382,0.17156250774860382,MoE-sBOED,0.04771542549133301,49920,1.5591373443603516,1.3840372562408447,0.0011880623642355204,0.26585909724235535,0.11809336394071579,,,,,,,,,,,
781,0.17390625178813934,0.17390625178813934,MoE-sBOED,0.04800748825073242,49984,1.5710245370864868,1.3842973709106445,0.0009927189676091075,0.26014086604118347,0.11813481897115707,,,,,,,,,,,
782,0.17625001072883606,0.17625001072883606,MoE-sBOED,0.04593062400817871,50048,1.430955410003662,1.3843637704849243,0.0009516141144558787,0.257305383682251,0.1180972158908844,,,,,,,,,,,
783,0.17531250417232513,0.17531250417232513,MoE-sBOED,0.0468902587890625,50112,1.4520235061645508,1.384436845779419,0.00106584164313972,0.2560412287712097,0.11804541200399399,,,,,,,,,,,
784,0.15796875953674316,0.15796875953674316,MoE-sBOED,0.04696035385131836,50176,1.4032649993896484,1.3845375776290894,0.0010745550971478224,0.25710052251815796,0.11801984906196594,,,,,,,,,,,
785,0.18515625596046448,0.18515625596046448,MoE-sBOED,0.047644615173339844,50240,1.430401086807251,1.3846559524536133,0.001417944673448801,0.25775235891342163,0.11802699416875839,,,,,,,,,,,
786,0.1706250011920929,0.1706250011920929,MoE-sBOED,0.04499483108520508,50304,1.5142943859100342,1.3848052024841309,0.0012089286465197802,0.25706642866134644,0.11804448813199997,,,,,,,,,,,
787,0.17812499403953552,0.17812499403953552,MoE-sBOED,0.047289133071899414,50368,1.323793888092041,1.384714961051941,0.0011444767005741596,0.2577221393585205,0.11803588271141052,,,,,,,,,,,
788,0.17671874165534973,0.17671874165534973,MoE-sBOED,0.047102928161621094,50432,1.4883631467819214,1.3849806785583496,0.0010888355318456888,0.256646990776062,0.11799531430006027,,,,,,,,,,,
789,0.16734373569488525,0.16734373569488525,MoE-sBOED,0.048036813735961914,50496,1.517473816871643,1.3850970268249512,0.0012210982386022806,0.2546161413192749,0.11799797415733337,,,,,,,,,,,
790,0.17531248927116394,0.17531248927116394,MoE-sBOED,0.04688835144042969,50560,1.5540988445281982,1.3851929903030396,0.0012197335017845035,0.2563142478466034,0.1180201917886734,,,,,,,,,,,
791,0.17624999582767487,0.17624999582767487,MoE-sBOED,0.046684980392456055,50624,1.5923770666122437,1.3852680921554565,0.001300734467804432,0.25693729519844055,0.11800113320350647,,,,,,,,,,,
792,0.18656250834465027,0.18656250834465027,MoE-sBOED,0.04477953910827637,50688,1.7716387510299683,1.3853377103805542,0.0015604812651872635,0.25628235936164856,0.11798269301652908,,,,,,,,,,,
793,0.18562500178813934,0.18562500178813934,MoE-sBOED,0.04610443115234375,50752,1.6717252731323242,1.3853163719177246,0.0015339599922299385,0.2551143765449524,0.11790812015533447,,,,,,,,,,,
794,0.16312500834465027,0.16312500834465027,MoE-sBOED,0.04509782791137695,50816,1.7275941371917725,1.3853075504302979,0.001724076340906322,0.25276485085487366,0.11780701577663422,,,,,,,,,,,
795,0.17671875655651093,0.17671875655651093,MoE-sBOED,0.04777812957763672,50880,1.7243822813034058,1.3852760791778564,0.0023046459536999464,0.25405704975128174,0.11770565807819366,,,,,,,,,,,
796,0.16875000298023224,0.16875000298023224,MoE-sBOED,0.048505544662475586,50944,1.9382857084274292,1.3853247165679932,0.002350956667214632,0.2543340027332306,0.11758655309677124,,,,,,,,,,,
797,0.1640625,0.1640625,MoE-sBOED,0.04643535614013672,51008,1.909754991531372,1.3850432634353638,0.0028081617783755064,0.2553110420703888,0.11749308556318283,,,,,,,,,,,
798,0.17812499403953552,0.17812499403953552,MoE-sBOED,0.044824838638305664,51072,1.9395081996917725,1.3851158618927002,0.0022501107305288315,0.25667837262153625,0.11744966357946396,,,,,,,,,,,
799,0.16828125715255737,0.16828125715255737,MoE-sBOED,0.04610776901245117,51136,1.96242356300354,1.3850536346435547,0.0017095612129196525,0.25836867094039917,0.11739403754472733,,,,,,,,,,,
800,0.17765626311302185,0.17765626311302185,MoE-sBOED,0.04587197303771973,51200,1.9153861999511719,1.3850390911102295,0.0016558244824409485,0.25798606872558594,0.11733783781528473,0.18117187499999998,0.10710937499999999,3,0.7873379661428357,0.0234375,0.046875,1,0.00375,0.10710937499999999,0,diagnostic_only
801,0.1626562476158142,0.1626562476158142,MoE-sBOED,0.04102492332458496,51264,1.890483021736145,1.384983777999878,0.0014385581016540527,0.25773167610168457,0.11729195713996887,,,,,,,,,,,
802,0.16593749821186066,0.16593749821186066,MoE-sBOED,0.043313026428222656,51328,1.8558201789855957,1.3851375579833984,0.0013070250861346722,0.25677478313446045,0.11723877489566803,,,,,,,,,,,
803,0.17390625178813934,0.17390625178813934,MoE-sBOED,0.044690608978271484,51392,1.9194892644882202,1.3851075172424316,0.0013099567731842399,0.25714200735092163,0.11718650907278061,,,,,,,,,,,
804,0.17625001072883606,0.17625001072883606,MoE-sBOED,0.04694962501525879,51456,1.9114824533462524,1.3851535320281982,0.0011310155969113111,0.25820180773735046,0.11712325364351273,,,,,,,,,,,
805,0.1771875023841858,0.1771875023841858,MoE-sBOED,0.046076059341430664,51520,1.799201250076294,1.3851643800735474,0.0011193370446562767,0.2589509189128876,0.11706503480672836,,,,,,,,,,,
806,0.18000000715255737,0.18000000715255737,MoE-sBOED,0.04584240913391113,51584,1.684436559677124,1.3852481842041016,0.0007021076744422317,0.2586974501609802,0.11702442914247513,,,,,,,,,,,
807,0.17625001072883606,0.17625001072883606,MoE-sBOED,0.04492831230163574,51648,1.6798152923583984,1.3854111433029175,0.0005901624099351466,0.25654885172843933,0.11699996143579483,,,,,,,,,,,
808,0.18656250834465027,0.18656250834465027,MoE-sBOED,0.04628467559814453,51712,1.5614125728607178,1.3853509426116943,0.0007606450817547739,0.2553151845932007,0.11697237938642502,,,,,,,,,,,
809,0.18328124284744263,0.18328124284744263,MoE-sBOED,0.04680180549621582,51776,1.673727035522461,1.3853960037231445,0.0008824916440062225,0.2549607455730438,0.11693640798330307,,,,,,,,,,,
810,0.17765626311302185,0.17765626311302185,MoE-sBOED,0.04967927932739258,51840,1.5397528409957886,1.3852782249450684,0.0005429924931377172,0.2565162479877472,0.11689537018537521,,,,,,,,,,,
811,0.16453124582767487,0.16453124582767487,MoE-sBOED,0.0471799373626709,51904,1.7103899717330933,1.3851913213729858,0.00034695627982728183,0.258138507604599,0.11685480177402496,,,,,,,,,,,
812,0.16875000298023224,0.16875000298023224,MoE-sBOED,0.04880332946777344,51968,1.6103558540344238,1.3851858377456665,0.0002524062292650342,0.258908212184906,0.11685555428266525,,,,,,,,,,,
813,0.18140625953674316,0.18140625953674316,MoE-sBOED,0.04497814178466797,52032,1.60652494430542,1.3852410316467285,0.0002625795896165073,0.25807079672813416,0.11690322309732437,,,,,,,,,,,
814,0.18703123927116394,0.18703123927116394,MoE-sBOED,0.045105934143066406,52096,1.6966933012008667,1.3852288722991943,0.0003655894543044269,0.25779813528060913,0.11693105846643448,,,,,,,,,,,
815,0.18703125417232513,0.18703125417232513,MoE-sBOED,0.047005414962768555,52160,1.6101036071777344,1.3852663040161133,0.000549162330571562,0.25669416785240173,0.11695928126573563,,,,,,,,,,,
816,0.1771875023841858,0.1771875023841858,MoE-sBOED,0.04692482948303223,52224,1.5560061931610107,1.3851937055587769,0.0012626548996195197,0.25655603408813477,0.11699371039867401,,,,,,,,,,,
817,0.19312499463558197,0.19312499463558197,MoE-sBOED,0.04785346984863281,52288,1.5367754697799683,1.3853250741958618,0.001924706855788827,0.2555844783782959,0.11697721481323242,,,,,,,,,,,
818,0.1640625,0.1640625,MoE-sBOED,0.04718327522277832,52352,1.5003526210784912,1.385204792022705,0.0024927547201514244,0.25739210844039917,0.11694146692752838,,,,,,,,,,,
819,0.20671874284744263,0.20671874284744263,MoE-sBOED,0.04815340042114258,52416,1.6579241752624512,1.3854258060455322,0.0022457947488874197,0.2559417188167572,0.11690584570169449,,,,,,,,,,,
820,0.16078123450279236,0.16078123450279236,MoE-sBOED,0.04770636558532715,52480,1.6951062679290771,1.3850817680358887,0.0018119681626558304,0.2596365809440613,0.11688241362571716,,,,,,,,,,,
821,0.18046875298023224,0.18046875298023224,MoE-sBOED,0.04790949821472168,52544,1.6442925930023193,1.3852607011795044,0.001300380565226078,0.25739356875419617,0.11689586192369461,,,,,,,,,,,
822,0.16593751311302185,0.16593751311302185,MoE-sBOED,0.045935630798339844,52608,1.663873314857483,1.3851773738861084,0.001074363011866808,0.25766730308532715,0.11691919714212418,,,,,,,,,,,
823,0.1795312464237213,0.1795312464237213,MoE-sBOED,0.044777631759643555,52672,1.653009295463562,1.3852910995483398,0.0010789085645228624,0.2534880042076111,0.11697632074356079,,,,,,,,,,,
824,0.17015624046325684,0.17015624046325684,MoE-sBOED,0.04707765579223633,52736,1.616926670074463,1.3850655555725098,0.0012653333833441138,0.2523065507411957,0.11703604459762573,,,,,,,,,,,
825,0.1720312535762787,0.1720312535762787,MoE-sBOED,0.052258968353271484,52800,1.8100252151489258,1.3846023082733154,0.002417150652036071,0.25207871198654175,0.11707842350006104,0.18210937500000002,0.08695312500000002,8,1.1302820227723716,0.0625,0.046875,1,0.001640625,0.08695312500000002,0,diagnostic_only
826,0.17671874165534973,0.17671874165534973,MoE-sBOED,0.04117608070373535,52864,1.8827598094940186,1.3845340013504028,0.0022263024002313614,0.2539884150028229,0.11712813377380371,,,,,,,,,,,
827,0.16078124940395355,0.16078124940395355,MoE-sBOED,0.05075407028198242,52928,1.8682258129119873,1.3842933177947998,0.0017896660137921572,0.2547430992126465,0.11715998500585556,,,,,,,,,,,
828,0.17812499403953552,0.17812499403953552,MoE-sBOED,0.0465087890625,52992,1.823691964149475,1.3843133449554443,0.001576646463945508,0.2579410672187805,0.11720288544893265,,,,,,,,,,,
829,0.1706250011920929,0.1706250011920929,MoE-sBOED,0.04542040824890137,53056,1.840871810913086,1.3843368291854858,0.001586560858413577,0.26041585206985474,0.11725195497274399,,,,,,,,,,,
830,0.1678124964237213,0.1678124964237213,MoE-sBOED,0.04752969741821289,53120,1.8000762462615967,1.383512020111084,0.001587357372045517,0.2645908296108246,0.11729373782873154,,,,,,,,,,,
831,0.18281249701976776,0.18281249701976776,MoE-sBOED,0.04733014106750488,53184,1.7726399898529053,1.3832368850708008,0.00196589226834476,0.2699253559112549,0.11735817044973373,,,,,,,,,,,
832,0.2109375,0.2109375,MoE-sBOED,0.04550027847290039,53248,1.8287824392318726,1.3820176124572754,0.0020049891900271177,0.27865543961524963,0.11746782064437866,,,,,,,,,,,
833,0.17015625536441803,0.17015625536441803,MoE-sBOED,0.04623842239379883,53312,1.8677115440368652,1.3818899393081665,0.0017341243801638484,0.277465283870697,0.11748626828193665,,,,,,,,,,,
834,0.17343750596046448,0.17343750596046448,MoE-sBOED,0.05310773849487305,53376,1.7872216701507568,1.382159948348999,0.0016455709701403975,0.27471810579299927,0.11745727807283401,,,,,,,,,,,
835,0.16359375417232513,0.16359375417232513,MoE-sBOED,0.04783964157104492,53440,1.8322608470916748,1.3825066089630127,0.001837132847867906,0.2703920900821686,0.11744660884141922,,,,,,,,,,,
836,0.1940625011920929,0.1940625011920929,MoE-sBOED,0.04683971405029297,53504,1.7201435565948486,1.3829798698425293,0.0016203331761062145,0.2684377431869507,0.11742572486400604,,,,,,,,,,,
837,0.16828125715255737,0.16828125715255737,MoE-sBOED,0.04603314399719238,53568,1.6813081502914429,1.3835378885269165,0.001336079789325595,0.2621663212776184,0.11738259345293045,,,,,,,,,,,
838,0.16968750953674316,0.16968750953674316,MoE-sBOED,0.048027753829956055,53632,1.7810062170028687,1.3836123943328857,0.0012925846967846155,0.26343899965286255,0.11731681227684021,,,,,,,,,,,
839,0.17859375476837158,0.17859375476837158,MoE-sBOED,0.047179222106933594,53696,1.7969412803649902,1.382605791091919,0.0014163944870233536,0.2699022889137268,0.1172441616654396,,,,,,,,,,,
840,0.17484374344348907,0.17484374344348907,MoE-sBOED,0.05059218406677246,53760,1.8114798069000244,1.3820018768310547,0.0018478523707017303,0.27361860871315,0.11720592528581619,,,,,,,,,,,
841,0.17578125,0.17578125,MoE-sBOED,0.046942710876464844,53824,1.8735438585281372,1.3813297748565674,0.0026809265837073326,0.2749427556991577,0.1171826645731926,,,,,,,,,,,
842,0.1574999988079071,0.1574999988079071,MoE-sBOED,0.046266794204711914,53888,1.8243207931518555,1.3801631927490234,0.002530100755393505,0.27927500009536743,0.11715085059404373,,,,,,,,,,,
843,0.16453124582767487,0.16453124582767487,MoE-sBOED,0.046636343002319336,53952,1.866100549697876,1.3798861503601074,0.0027396338991820812,0.2789834141731262,0.11712318658828735,,,,,,,,,,,
844,0.16687500476837158,0.16687500476837158,MoE-sBOED,0.049477338790893555,54016,1.7717827558517456,1.3797378540039062,0.0028823534958064556,0.27999454736709595,0.11709786206483841,,,,,,,,,,,
845,0.18187502026557922,0.18187502026557922,MoE-sBOED,0.04745292663574219,54080,1.650888204574585,1.3798835277557373,0.002367406850680709,0.28259822726249695,0.11707979440689087,,,,,,,,,,,
846,0.17343750596046448,0.17343750596046448,MoE-sBOED,0.04865765571594238,54144,1.7390903234481812,1.3804298639297485,0.0018549403175711632,0.2783220410346985,0.11705950647592545,,,,,,,,,,,
847,0.18703125417232513,0.18703125417232513,MoE-sBOED,0.04643821716308594,54208,1.7525993585586548,1.3808395862579346,0.002314009703695774,0.27556943893432617,0.11703306436538696,,,,,,,,,,,
848,0.18562500178813934,0.18562500178813934,MoE-sBOED,0.04835057258605957,54272,1.753746509552002,1.3813848495483398,0.0028334874659776688,0.27226680517196655,0.11701179295778275,,,,,,,,,,,
849,0.17156250774860382,0.17156250774860382,MoE-sBOED,0.05048108100891113,54336,1.8105762004852295,1.3821336030960083,0.003213385120034218,0.26643508672714233,0.11702541261911392,,,,,,,,,,,
850,0.18328124284744263,0.18328124284744263,MoE-sBOED,0.04673123359680176,54400,1.8057307004928589,1.383345365524292,0.0036467015743255615,0.2616764008998871,0.11705327779054642,0.190078125,0.087109375,7,1.011077985793254,0.0546875,0.015625,1,0.001171875,0.087109375,0,diagnostic_only
851,0.1720312535762787,0.1720312535762787,MoE-sBOED,0.04086041450500488,54464,1.7434070110321045,1.3841806650161743,0.0037250532768666744,0.25619742274284363,0.117101289331913,,,,,,,,,,,
852,0.1589062511920929,0.1589062511920929,MoE-sBOED,0.041478633880615234,54528,1.725766658782959,1.3845127820968628,0.002890180330723524,0.2531288266181946,0.11714697629213333,,,,,,,,,,,
853,0.18468749523162842,0.18468749523162842,MoE-sBOED,0.04445457458496094,54592,1.7519137859344482,1.3844029903411865,0.0019872658886015415,0.25385820865631104,0.11724264174699783,,,,,,,,,,,
854,0.18281251192092896,0.18281251192092896,MoE-sBOED,0.04438900947570801,54656,1.5838921070098877,1.3834216594696045,0.0015269052237272263,0.26346468925476074,0.11738131940364838,,,,,,,,,,,
855,0.1795312464237213,0.1795312464237213,MoE-sBOED,0.044855356216430664,54720,1.539085865020752,1.3833982944488525,0.0016044116346165538,0.26499348878860474,0.11744838207960129,,,,,,,,,,,
856,0.17859375476837158,0.17859375476837158,MoE-sBOED,0.04392862319946289,54784,1.6049914360046387,1.3839106559753418,0.002372153103351593,0.2588953375816345,0.1174585372209549,,,,,,,,,,,
857,0.16687500476837158,0.16687500476837158,MoE-sBOED,0.04414010047912598,54848,1.6052350997924805,1.3838915824890137,0.0017874818295240402,0.2581467032432556,0.1174401342868805,,,,,,,,,,,
858,0.17296874523162842,0.17296874523162842,MoE-sBOED,0.044876813888549805,54912,1.5868685245513916,1.3843847513198853,0.001268827822059393,0.2600519061088562,0.11739503592252731,,,,,,,,,,,
859,0.17671875655651093,0.17671875655651093,MoE-sBOED,0.04406881332397461,54976,1.6691303253173828,1.3844205141067505,0.001612017280422151,0.2585577368736267,0.11734549701213837,,,,,,,,,,,
860,0.1743749976158142,0.1743749976158142,MoE-sBOED,0.04504871368408203,55040,1.7042202949523926,1.3844064474105835,0.002561187371611595,0.2557040750980377,0.1172882542014122,,,,,,,,,,,
861,0.16593749821186066,0.16593749821186066,MoE-sBOED,0.04439830780029297,55104,1.7965357303619385,1.3842358589172363,0.0033647059462964535,0.2548026442527771,0.11717819422483444,,,,,,,,,,,
862,0.16593749821186066,0.16593749821186066,MoE-sBOED,0.045488595962524414,55168,1.8944649696350098,1.3836259841918945,0.004078974481672049,0.2567394971847534,0.11705522239208221,,,,,,,,,,,
863,0.18796876072883606,0.18796876072883606,MoE-sBOED,0.04881691932678223,55232,1.792611837387085,1.3830863237380981,0.003718281863257289,0.26083076000213623,0.11692211776971817,,,,,,,,,,,
864,0.16734375059604645,0.16734375059604645,MoE-sBOED,0.04557609558105469,55296,1.909057855606079,1.3821645975112915,0.002823062939569354,0.26236647367477417,0.11678751558065414,,,,,,,,,,,
865,0.17859375476837158,0.17859375476837158,MoE-sBOED,0.0451815128326416,55360,1.8434689044952393,1.3812466859817505,0.002002707915380597,0.26941344141960144,0.11668035387992859,,,,,,,,,,,
866,0.18281248211860657,0.18281248211860657,MoE-sBOED,0.04365897178649902,55424,2.0113136768341064,1.380987286567688,0.0018353306222707033,0.26620692014694214,0.11659381538629532,,,,,,,,,,,
867,0.1875,0.1875,MoE-sBOED,0.04410219192504883,55488,1.9323078393936157,1.380615472793579,0.0013311597285792232,0.27254849672317505,0.11653449386358261,,,,,,,,,,,
868,0.16124999523162842,0.16124999523162842,MoE-sBOED,0.0441439151763916,55552,1.8612782955169678,1.3805639743804932,0.0013952146982774138,0.2747882902622223,0.1165100485086441,,,,,,,,,,,
869,0.17531250417232513,0.17531250417232513,MoE-sBOED,0.04498291015625,55616,1.8885102272033691,1.3802530765533447,0.0015544034540653229,0.27427345514297485,0.11650379747152328,,,,,,,,,,,
870,0.19359374046325684,0.19359374046325684,MoE-sBOED,0.04369091987609863,55680,1.954653024673462,1.3809893131256104,0.0011875065974891186,0.27214154601097107,0.11648667603731155,,,,,,,,,,,
871,0.1837500035762787,0.1837500035762787,MoE-sBOED,0.04413604736328125,55744,1.797541618347168,1.3814420700073242,0.0009777552913874388,0.27343201637268066,0.11645180732011795,,,,,,,,,,,
872,0.16875000298023224,0.16875000298023224,MoE-sBOED,0.04405951499938965,55808,1.727363109588623,1.3819352388381958,0.0009953309781849384,0.2697107493877411,0.11641138046979904,,,,,,,,,,,
873,0.16359375417232513,0.16359375417232513,MoE-sBOED,0.04374265670776367,55872,1.8696894645690918,1.3825278282165527,0.0013172103790566325,0.26009702682495117,0.11638357490301132,,,,,,,,,,,
874,0.1823437511920929,0.1823437511920929,MoE-sBOED,0.04383373260498047,55936,1.7948437929153442,1.382676601409912,0.001062176190316677,0.26106542348861694,0.11637004464864731,,,,,,,,,,,
875,0.16828125715255737,0.16828125715255737,MoE-sBOED,0.04422307014465332,56000,1.6093950271606445,1.3827368021011353,0.0010151099413633347,0.26511889696121216,0.11636374890804291,0.183046875,0.066796875,7,1.0009809440513466,0.0546875,0.0,1,0.0,0.066796875,0,diagnostic_only
876,0.1706250011920929,0.1706250011920929,MoE-sBOED,0.040827035903930664,56064,1.7127076387405396,1.3833487033843994,0.0008584539173170924,0.26338714361190796,0.11636757850646973,,,,,,,,,,,
877,0.18328124284744263,0.18328124284744263,MoE-sBOED,0.041481733322143555,56128,1.6286377906799316,1.3824635744094849,0.0007442489732056856,0.26733869314193726,0.11638332158327103,,,,,,,,,,,
878,0.1875,0.1875,MoE-sBOED,0.04363441467285156,56192,1.7157652378082275,1.3829522132873535,0.0010632188059389591,0.26215454936027527,0.1163884624838829,,,,,,,,,,,
879,0.18187500536441803,0.18187500536441803,MoE-sBOED,0.04361152648925781,56256,1.7178764343261719,1.383361577987671,0.0008816135814413428,0.2650057375431061,0.11637696623802185,,,,,,,,,,,
880,0.1692187488079071,0.1692187488079071,MoE-sBOED,0.04444241523742676,56320,1.6944143772125244,1.3834266662597656,0.0007396384608000517,0.265594482421875,0.11635185778141022,,,,,,,,,,,
881,0.17343750596046448,0.17343750596046448,MoE-sBOED,0.045563459396362305,56384,1.6092183589935303,1.3823236227035522,0.0007209992036223412,0.2704315781593323,0.11632320284843445,,,,,,,,,,,
882,0.16312500834465027,0.16312500834465027,MoE-sBOED,0.044446706771850586,56448,1.6383838653564453,1.3823482990264893,0.0007369666709564626,0.2707776129245758,0.11628860980272293,,,,,,,,,,,
883,0.17671874165534973,0.17671874165534973,MoE-sBOED,0.04450035095214844,56512,1.660043716430664,1.3821721076965332,0.0011607682099565864,0.27224546670913696,0.1162588894367218,,,,,,,,,,,
884,0.18843750655651093,0.18843750655651093,MoE-sBOED,0.04448866844177246,56576,1.7369575500488281,1.3820184469223022,0.0008259349269792438,0.2733158469200134,0.11624596267938614,,,,,,,,,,,
885,0.18046875298023224,0.18046875298023224,MoE-sBOED,0.04447031021118164,56640,1.6606320142745972,1.381295919418335,0.0009412583312951028,0.27447694540023804,0.11623390018939972,,,,,,,,,,,
886,0.1795312464237213,0.1795312464237213,MoE-sBOED,0.04419064521789551,56704,1.6901103258132935,1.3814173936843872,0.001030048239044845,0.2740075886249542,0.11620455980300903,,,,,,,,,,,
887,0.17296874523162842,0.17296874523162842,MoE-sBOED,0.04503488540649414,56768,1.7246345281600952,1.3819056749343872,0.0009993104031309485,0.27180057764053345,0.11614569276571274,,,,,,,,,,,
888,0.18140624463558197,0.18140624463558197,MoE-sBOED,0.04262995719909668,56832,1.8405413627624512,1.3821799755096436,0.001311041763983667,0.26608893275260925,0.11609380692243576,,,,,,,,,,,
889,0.16359373927116394,0.16359373927116394,MoE-sBOED,0.0442509651184082,56896,1.8635872602462769,1.3828257322311401,0.0012796581722795963,0.25946441292762756,0.11605675518512726,,,,,,,,,,,
890,0.20203125476837158,0.20203125476837158,MoE-sBOED,0.04402422904968262,56960,1.8349827527999878,1.382871389389038,0.001305185491219163,0.26636022329330444,0.11603828519582748,,,,,,,,,,,
891,0.17390625178813934,0.17390625178813934,MoE-sBOED,0.04412531852722168,57024,1.7819058895111084,1.3821812868118286,0.0011227898066863418,0.26260149478912354,0.11601334810256958,,,,,,,,,,,
892,0.18515625596046448,0.18515625596046448,MoE-sBOED,0.04358053207397461,57088,1.9737038612365723,1.3826823234558105,0.0013413232518360019,0.2539966404438019,0.11597739905118942,,,,,,,,,,,
893,0.1823437511920929,0.1823437511920929,MoE-sBOED,0.04343557357788086,57152,1.9335389137268066,1.382287621498108,0.0012463242746889591,0.25589102506637573,0.1159495934844017,,,,,,,,,,,
894,0.16640624403953552,0.16640624403953552,MoE-sBOED,0.04443502426147461,57216,1.8981907367706299,1.3825461864471436,0.0011668779188767076,0.25731992721557617,0.11594777554273605,,,,,,,,,,,
895,0.18421874940395355,0.18421874940395355,MoE-sBOED,0.044324398040771484,57280,1.9710638523101807,1.3816262483596802,0.0013930443674325943,0.2552865445613861,0.1159321591258049,,,,,,,,,,,
896,0.19078126549720764,0.19078126549720764,MoE-sBOED,0.04497218132019043,57344,2.039682626724243,1.3813929557800293,0.0014955683145672083,0.2547593414783478,0.11589682102203369,,,,,,,,,,,
897,0.1743749976158142,0.1743749976158142,MoE-sBOED,0.04493141174316406,57408,1.8481495380401611,1.381037950515747,0.0012685322435572743,0.2544894516468048,0.1158658042550087,,,,,,,,,,,
898,0.17578125,0.17578125,MoE-sBOED,0.04475235939025879,57472,1.972280740737915,1.380795955657959,0.0013935299357399344,0.2549818456172943,0.11585059016942978,,,,,,,,,,,
899,0.18046875298023224,0.18046875298023224,MoE-sBOED,0.043862342834472656,57536,1.8512752056121826,1.3813440799713135,0.000943470629863441,0.2536134719848633,0.11581834405660629,,,,,,,,,,,
900,0.19078125059604645,0.19078125059604645,MoE-sBOED,0.0438539981842041,57600,1.969614028930664,1.3810248374938965,0.000834789767395705,0.25284191966056824,0.11577685177326202,0.182109375,0.065859375,5,0.9666778810821871,0.0390625,0.0,1,0.0,0.065859375,0,diagnostic_only
901,0.17765626311302185,0.17765626311302185,MoE-sBOED,0.04062986373901367,57664,2.0442769527435303,1.3823058605194092,0.001058401889167726,0.255934476852417,0.11577589064836502,,,,,,,,,,,
902,0.18046876788139343,0.18046876788139343,MoE-sBOED,0.04211163520812988,57728,1.959639549255371,1.3815395832061768,0.0015256552724167705,0.25429409742355347,0.11579463630914688,,,,,,,,,,,
903,0.16593751311302185,0.16593751311302185,MoE-sBOED,0.04734635353088379,57792,2.0727477073669434,1.3815758228302002,0.002418180461972952,0.25687190890312195,0.11581254005432129,,,,,,,,,,,
904,0.1889062523841858,0.1889062523841858,MoE-sBOED,0.04415607452392578,57856,1.9633152484893799,1.3821489810943604,0.0023080292157828808,0.254152774810791,0.11582940071821213,,,,,,,,,,,
905,0.19218750298023224,0.19218750298023224,MoE-sBOED,0.04388880729675293,57920,2.0549135208129883,1.3817687034606934,0.002464238554239273,0.25743991136550903,0.11583659052848816,,,,,,,,,,,
906,0.1678124964237213,0.1678124964237213,MoE-sBOED,0.04398036003112793,57984,1.8911762237548828,1.3819421529769897,0.0018292436143383384,0.2567357122898102,0.11583352088928223,,,,,,,,,,,
907,0.17343749105930328,0.17343749105930328,MoE-sBOED,0.044467926025390625,58048,1.9417142868041992,1.3813111782073975,0.0016551142325624824,0.2564350962638855,0.11582718789577484,,,,,,,,,,,
908,0.17249999940395355,0.17249999940395355,MoE-sBOED,0.053456783294677734,58112,1.868931531906128,1.381685495376587,0.0016236032824963331,0.25354069471359253,0.1158209815621376,,,,,,,,,,,
909,0.17156249284744263,0.17156249284744263,MoE-sBOED,0.049147605895996094,58176,1.9015926122665405,1.3819351196289062,0.0014514699578285217,0.254422664642334,0.11581159383058548,,,,,,,,,,,
910,0.17812499403953552,0.17812499403953552,MoE-sBOED,0.04330945014953613,58240,1.983614444732666,1.3827588558197021,0.0012979296734556556,0.2567650079727173,0.11582042276859283,,,,,,,,,,,
911,0.17859375476837158,0.17859375476837158,MoE-sBOED,0.06336069107055664,58304,1.8377857208251953,1.3818984031677246,0.001019301125779748,0.2552679181098938,0.11584899574518204,,,,,,,,,,,
912,0.19218751788139343,0.19218751788139343,MoE-sBOED,0.045560359954833984,58368,1.8077688217163086,1.381932020187378,0.0007017015013843775,0.2620481848716736,0.11587297171354294,,,,,,,,,,,
913,0.18046876788139343,0.18046876788139343,MoE-sBOED,0.05314970016479492,58432,1.7803313732147217,1.3811192512512207,0.0009085324127227068,0.2602843642234802,0.11589664220809937,,,,,,,,,,,
914,0.1771875023841858,0.1771875023841858,MoE-sBOED,0.04271745681762695,58496,1.7338345050811768,1.38167405128479,0.0009577521122992039,0.26764413714408875,0.11592210829257965,,,,,,,,,,,
915,0.17015624046325684,0.17015624046325684,MoE-sBOED,0.044434547424316406,58560,1.980652093887329,1.3817691802978516,0.0013421080075204372,0.25790873169898987,0.11591386049985886,,,,,,,,,,,
916,0.17578125,0.17578125,MoE-sBOED,0.05214667320251465,58624,1.8124961853027344,1.3820087909698486,0.001303025521337986,0.26234573125839233,0.11588370054960251,,,,,,,,,,,
917,0.18468749523162842,0.18468749523162842,MoE-sBOED,0.05095243453979492,58688,1.9016194343566895,1.3806273937225342,0.0015333432238548994,0.25789350271224976,0.11586912721395493,,,,,,,,,,,
918,0.20015625655651093,0.20015625655651093,MoE-sBOED,0.04499053955078125,58752,1.849117398262024,1.381420373916626,0.001504934742115438,0.2597418427467346,0.11585111916065216,,,,,,,,,,,
919,0.18515624105930328,0.18515624105930328,MoE-sBOED,0.04407358169555664,58816,1.9955989122390747,1.3812289237976074,0.00208069384098053,0.26067042350769043,0.11581826955080032,,,,,,,,,,,
920,0.17390625178813934,0.17390625178813934,MoE-sBOED,0.04474472999572754,58880,1.9506089687347412,1.3817756175994873,0.0021508485078811646,0.26116013526916504,0.11579395830631256,,,,,,,,,,,
921,0.16312499344348907,0.16312499344348907,MoE-sBOED,0.04436659812927246,58944,1.873509168624878,1.382594108581543,0.0018058845307677984,0.2604348659515381,0.11577897518873215,,,,,,,,,,,
922,0.17390626668930054,0.17390626668930054,MoE-sBOED,0.04495096206665039,59008,1.882878065109253,1.3824702501296997,0.0014870878076180816,0.2605492174625397,0.11578278243541718,,,,,,,,,,,
923,0.17390625178813934,0.17390625178813934,MoE-sBOED,0.04474377632141113,59072,1.8086438179016113,1.3829929828643799,0.0012359486427158117,0.2578110694885254,0.11579924821853638,,,,,,,,,,,
924,0.17578125,0.17578125,MoE-sBOED,0.04373502731323242,59136,1.8319967985153198,1.3825925588607788,0.0011246460489928722,0.2582200765609741,0.11581818014383316,,,,,,,,,,,
925,0.1692187488079071,0.1692187488079071,MoE-sBOED,0.04442954063415527,59200,1.8826878070831299,1.3821241855621338,0.0012684169923886657,0.26137644052505493,0.11582891643047333,0.18375,0.0675,5,0.8061026742924805,0.0390625,0.0,1,0.0,0.0675,0,diagnostic_only
926,0.17859375476837158,0.17859375476837158,MoE-sBOED,0.040795326232910156,59264,1.8250324726104736,1.3830955028533936,0.0010789381340146065,0.2611282467842102,0.11582979559898376,,,,,,,,,,,
927,0.17765626311302185,0.17765626311302185,MoE-sBOED,0.04146432876586914,59328,1.8082740306854248,1.383101463317871,0.0011025723069906235,0.2602179944515228,0.11583205312490463,,,,,,,,,,,
928,0.1640625,0.1640625,MoE-sBOED,0.04416179656982422,59392,1.7843447923660278,1.3833589553833008,0.001153971767053008,0.26062920689582825,0.11582645773887634,,,,,,,,,,,
929,0.17625001072883606,0.17625001072883606,MoE-sBOED,0.0445408821105957,59456,1.8400347232818604,1.382730484008789,0.0010519679635763168,0.25981250405311584,0.11582103371620178,,,,,,,,,,,
930,0.17765624821186066,0.17765624821186066,MoE-sBOED,0.04470515251159668,59520,1.8222789764404297,1.3824286460876465,0.0011441945098340511,0.25791066884994507,0.1158452183008194,,,,,,,,,,,
931,0.19031250476837158,0.19031250476837158,MoE-sBOED,0.04452347755432129,59584,1.768600344657898,1.381772518157959,0.001007441314868629,0.2585839331150055,0.115887850522995,,,,,,,,,,,
932,0.17156249284744263,0.17156249284744263,MoE-sBOED,0.04393482208251953,59648,1.8297338485717773,1.3833059072494507,0.0011985576711595058,0.25628846883773804,0.11592219024896622,,,,,,,,,,,
933,0.16593751311302185,0.16593751311302185,MoE-sBOED,0.0443120002746582,59712,1.6072683334350586,1.3823952674865723,0.001187218353152275,0.2658553123474121,0.11594226211309433,,,,,,,,,,,
934,0.17765624821186066,0.17765624821186066,MoE-sBOED,0.044039249420166016,59776,1.5732638835906982,1.3829355239868164,0.0011635965202003717,0.26706036925315857,0.11593808233737946,,,,,,,,,,,
935,0.1837500035762787,0.1837500035762787,MoE-sBOED,0.04460763931274414,59840,1.7924301624298096,1.3827683925628662,0.001870678155682981,0.25818371772766113,0.1159253641963005,,,,,,,,,,,
936,0.16124999523162842,0.16124999523162842,MoE-sBOED,0.0439298152923584,59904,1.6531202793121338,1.3837735652923584,0.0018624316435307264,0.25869232416152954,0.11592479050159454,,,,,,,,,,,
937,0.1837500035762787,0.1837500035762787,MoE-sBOED,0.04474663734436035,59968,1.75514554977417,1.382277011871338,0.0019244479481130838,0.25851690769195557,0.11593998968601227,,,,,,,,,,,
938,0.17578125,0.17578125,MoE-sBOED,0.04384016990661621,60032,1.745913028717041,1.382999062538147,0.0016526775434613228,0.25746145844459534,0.11594054102897644,,,,,,,,,,,
939,0.1823437511920929,0.1823437511920929,MoE-sBOED,0.04410195350646973,60096,1.6795649528503418,1.3817564249038696,0.0014803459635004401,0.26210522651672363,0.11591982841491699,,,,,,,,,,,
940,0.17015627026557922,0.17015627026557922,MoE-sBOED,0.04392051696777344,60160,1.767224907875061,1.3819197416305542,0.001443500630557537,0.25676774978637695,0.11590209603309631,,,,,,,,,,,
941,0.17343750596046448,0.17343750596046448,MoE-sBOED,0.04350018501281738,60224,1.7224878072738647,1.3813421726226807,0.0014483293052762747,0.25747308135032654,0.11588553339242935,,,,,,,,,,,
942,0.19171875715255737,0.19171875715255737,MoE-sBOED,0.04440474510192871,60288,1.7501256465911865,1.3806703090667725,0.001524611609056592,0.2587752044200897,0.11585652083158493,,,,,,,,,,,
943,0.16171874105930328,0.16171874105930328,MoE-sBOED,0.04387664794921875,60352,1.7880582809448242,1.3805922269821167,0.0019854805432260036,0.2602781355381012,0.1158209815621376,,,,,,,,,,,
944,0.18703125417232513,0.18703125417232513,MoE-sBOED,0.04401516914367676,60416,1.7520054578781128,1.3809642791748047,0.0020575299859046936,0.26184770464897156,0.11579994112253189,,,,,,,,,,,
945,0.18562501668930054,0.18562501668930054,MoE-sBOED,0.04427456855773926,60480,1.7967133522033691,1.3814811706542969,0.002279418520629406,0.26238468289375305,0.11579927802085876,,,,,,,,,,,
946,0.16875000298023224,0.16875000298023224,MoE-sBOED,0.04474067687988281,60544,1.9038865566253662,1.381434679031372,0.002531439997255802,0.26311948895454407,0.11580923944711685,,,,,,,,,,,
947,0.17859375476837158,0.17859375476837158,MoE-sBOED,0.0438692569732666,60608,1.948349952697754,1.381417989730835,0.002478963229805231,0.26117226481437683,0.11582069844007492,,,,,,,,,,,
948,0.1720312535762787,0.1720312535762787,MoE-sBOED,0.043141841888427734,60672,1.9647393226623535,1.3811311721801758,0.003000579308718443,0.25967130064964294,0.11582476645708084,,,,,,,,,,,
949,0.19312499463558197,0.19312499463558197,MoE-sBOED,0.04407000541687012,60736,1.9320117235183716,1.381840705871582,0.0032001424115151167,0.2569000720977783,0.11582942306995392,,,,,,,,,,,
950,0.18937499821186066,0.18937499821186066,MoE-sBOED,0.04463052749633789,60800,2.0127694606781006,1.3820894956588745,0.0033194641582667828,0.25643736124038696,0.1158229261636734,0.18257812499999998,0.06632812500000002,3,0.5136301561418105,0.0234375,0.0,1,0.0,0.06632812500000002,0,diagnostic_only
951,0.18515625596046448,0.18515625596046448,MoE-sBOED,0.04056596755981445,60864,1.9077732563018799,1.381657600402832,0.002473315689712763,0.25422245264053345,0.11580265313386917,,,,,,,,,,,
952,0.19078125059604645,0.19078125059604645,MoE-sBOED,0.04151153564453125,60928,1.8196468353271484,1.3803482055664062,0.00204662187024951,0.2572728395462036,0.11580142378807068,,,,,,,,,,,
953,0.17531251907348633,0.17531251907348633,MoE-sBOED,0.043881893157958984,60992,1.679382562637329,1.3805265426635742,0.001512694638222456,0.26140427589416504,0.11579110473394394,,,,,,,,,,,
954,0.17578125,0.17578125,MoE-sBOED,0.043949127197265625,61056,1.8095592260360718,1.3802404403686523,0.0014172926312312484,0.2575339078903198,0.1157575398683548,,,,,,,,,,,
955,0.17765624821186066,0.17765624821186066,MoE-sBOED,0.04486989974975586,61120,1.7788562774658203,1.3790311813354492,0.001331539242528379,0.2571254074573517,0.11572817713022232,,,,,,,,,,,
956,0.1771875023841858,0.1771875023841858,MoE-sBOED,0.04390525817871094,61184,1.8168925046920776,1.3791821002960205,0.001466252375394106,0.25554391741752625,0.11570311337709427,,,,,,,,,,,
957,0.1678124964237213,0.1678124964237213,MoE-sBOED,0.04369378089904785,61248,1.7475464344024658,1.3787357807159424,0.0014601502334699035,0.2587664723396301,0.11568280309438705,,,,,,,,,,,
958,0.16734376549720764,0.16734376549720764,MoE-sBOED,0.04339742660522461,61312,1.8232707977294922,1.3805656433105469,0.0011566438479349017,0.25979405641555786,0.11568576097488403,,,,,,,,,,,
959,0.1537500023841858,0.1537500023841858,MoE-sBOED,0.044618844985961914,61376,1.7226711511611938,1.3788496255874634,0.0018804839346557856,0.2613013982772827,0.11568451672792435,,,,,,,,,,,
960,0.17296874523162842,0.17296874523162842,MoE-sBOED,0.04428887367248535,61440,1.7556536197662354,1.3804341554641724,0.0016567868879064918,0.25901228189468384,0.11568395048379898,,,,,,,,,,,
961,0.1589062511920929,0.1589062511920929,MoE-sBOED,0.04422283172607422,61504,1.8677752017974854,1.3813599348068237,0.002033367520198226,0.26063859462738037,0.11569806933403015,,,,,,,,,,,
962,0.18281251192092896,0.18281251192092896,MoE-sBOED,0.04497957229614258,61568,1.8179888725280762,1.3812611103057861,0.0012791678309440613,0.25431644916534424,0.11571776866912842,,,,,,,,,,,
963,0.17906250059604645,0.17906250059604645,MoE-sBOED,0.04418826103210449,61632,1.7568566799163818,1.3804652690887451,0.0010079811327159405,0.2537878751754761,0.115738146007061,,,,,,,,,,,
964,0.18562500178813934,0.18562500178813934,MoE-sBOED,0.044173479080200195,61696,1.777505874633789,1.3808397054672241,0.0008621615706942976,0.2549254298210144,0.11576015502214432,,,,,,,,,,,
965,0.18515625596046448,0.18515625596046448,MoE-sBOED,0.04399561882019043,61760,1.7649071216583252,1.381839394569397,0.0008392335730604827,0.25301235914230347,0.11576308310031891,,,,,,,,,,,
966,0.1678124964237213,0.1678124964237213,MoE-sBOED,0.043845176696777344,61824,1.7556118965148926,1.382340669631958,0.0007091640727594495,0.25536805391311646,0.11574817448854446,,,,,,,,,,,
967,0.16968749463558197,0.16968749463558197,MoE-sBOED,0.04419517517089844,61888,1.8157159090042114,1.3829386234283447,0.0007637664675712585,0.2572129964828491,0.115715891122818,,,,,,,,,,,
968,0.17812499403953552,0.17812499403953552,MoE-sBOED,0.0446019172668457,61952,1.9421494007110596,1.3833774328231812,0.0007510329014621675,0.2577897608280182,0.11568354070186615,,,,,,,,,,,
969,0.1729687601327896,0.1729687601327896,MoE-sBOED,0.04419684410095215,62016,1.9225208759307861,1.3830127716064453,0.0007899319170974195,0.2573726177215576,0.11567125469446182,,,,,,,,,,,
970,0.18000000715255737,0.18000000715255737,MoE-sBOED,0.04388260841369629,62080,1.8739107847213745,1.3827345371246338,0.001215532305650413,0.25584498047828674,0.11568068712949753,,,,,,,,,,,
971,0.18515625596046448,0.18515625596046448,MoE-sBOED,0.04475545883178711,62144,1.9665422439575195,1.3832188844680786,0.0014752147253602743,0.2569628357887268,0.1156775951385498,,,,,,,,,,,
972,0.16828125715255737,0.16828125715255737,MoE-sBOED,0.04455208778381348,62208,1.7353839874267578,1.3815678358078003,0.0014150131028145552,0.2583962380886078,0.11566001176834106,,,,,,,,,,,
973,0.19968749582767487,0.19968749582767487,MoE-sBOED,0.044390201568603516,62272,1.815819501876831,1.382155418395996,0.0010840808972716331,0.26033201813697815,0.1156422346830368,,,,,,,,,,,
974,0.1603125035762787,0.1603125035762787,MoE-sBOED,0.04372692108154297,62336,1.8055249452590942,1.382432222366333,0.0010650601470842957,0.25652459263801575,0.11564347892999649,,,,,,,,,,,
975,0.15703125298023224,0.15703125298023224,MoE-sBOED,0.0438847541809082,62400,1.6638214588165283,1.3816362619400024,0.0010324027389287949,0.2676211893558502,0.11565316468477249,0.18234374999999997,0.06609375,5,0.8642409553366136,0.0390625,0.0,1,0.0,0.06609375,0,diagnostic_only
976,0.17859375476837158,0.17859375476837158,MoE-sBOED,0.0408022403717041,62464,1.5800347328186035,1.3818517923355103,0.0009213174926117063,0.26999372243881226,0.11564399302005768,,,,,,,,,,,
977,0.16734376549720764,0.16734376549720764,MoE-sBOED,0.041443586349487305,62528,1.683509349822998,1.382404088973999,0.0013417471200227737,0.26221397519111633,0.11562386900186539,,,,,,,,,,,
978,0.1692187488079071,0.1692187488079071,MoE-sBOED,0.04364824295043945,62592,1.7831400632858276,1.38116455078125,0.00133392249699682,0.25561559200286865,0.1155729591846466,,,,,,,,,,,
979,0.16875000298023224,0.16875000298023224,MoE-sBOED,0.044912099838256836,62656,1.9096593856811523,1.3816869258880615,0.0013028571847826242,0.2594399154186249,0.11553097516298294,,,,,,,,,,,
980,0.1809374988079071,0.1809374988079071,MoE-sBOED,0.04379701614379883,62720,1.909578561782837,1.3798375129699707,0.0013599840458482504,0.26009637117385864,0.11550486087799072,,,,,,,,,,,
981,0.17765624821186066,0.17765624821186066,MoE-sBOED,0.04434466361999512,62784,2.015718936920166,1.3799042701721191,0.0016840873286128044,0.26247578859329224,0.11549633741378784,,,,,,,,,,,
982,0.18562500178813934,0.18562500178813934,MoE-sBOED,0.04383492469787598,62848,1.9825549125671387,1.3793257474899292,0.0014004677068442106,0.2600741386413574,0.11550422757863998,,,,,,,,,,,
983,0.17765624821186066,0.17765624821186066,MoE-sBOED,0.04482841491699219,62912,2.034297466278076,1.3793292045593262,0.0017726898659020662,0.25924330949783325,0.11550529301166534,,,,,,,,,,,
984,0.18562500178813934,0.18562500178813934,MoE-sBOED,0.04462599754333496,62976,1.960058331489563,1.3790066242218018,0.0015424040611833334,0.2558220326900482,0.11550221592187881,,,,,,,,,,,
985,0.16171875596046448,0.16171875596046448,MoE-sBOED,0.044541120529174805,63040,1.9718046188354492,1.3798861503601074,0.001646679826080799,0.2562372386455536,0.11548493802547455,,,,,,,,,,,
986,0.1875,0.1875,MoE-sBOED,0.04456663131713867,63104,2.0689311027526855,1.3802073001861572,0.0015146220102906227,0.2559373378753662,0.1154506728053093,,,,,,,,,,,
987,0.1912499964237213,0.1912499964237213,MoE-sBOED,0.044205665588378906,63168,2.0804600715637207,1.3802367448806763,0.0014988842885941267,0.25422167778015137,0.1154167428612709,,,,,,,,,,,
988,0.1860937476158142,0.1860937476158142,MoE-sBOED,0.044472455978393555,63232,2.241543769836426,1.3810598850250244,0.0016235338989645243,0.2571118474006653,0.1153961792588234,,,,,,,,,,,
989,0.17625001072883606,0.17625001072883606,MoE-sBOED,0.04423189163208008,63296,2.0639007091522217,1.3802440166473389,0.0013940281933173537,0.25410276651382446,0.11539480835199356,,,,,,,,,,,
990,0.17484375834465027,0.17484375834465027,MoE-sBOED,0.04469013214111328,63360,2.0961599349975586,1.3807222843170166,0.0013795275008305907,0.25439807772636414,0.11540506035089493,,,,,,,,,,,
991,0.17578125,0.17578125,MoE-sBOED,0.04479050636291504,63424,1.9865210056304932,1.3793385028839111,0.0014205299085006118,0.2533388137817383,0.11542046815156937,,,,,,,,,,,
992,0.17859375476837158,0.17859375476837158,MoE-sBOED,0.04414057731628418,63488,2.044717788696289,1.3804057836532593,0.0016162036918103695,0.2554623484611511,0.11545119434595108,,,,,,,,,,,
993,0.19031250476837158,0.19031250476837158,MoE-sBOED,0.04401040077209473,63552,1.9633467197418213,1.3804837465286255,0.0017475930508226156,0.254704087972641,0.11549148708581924,,,,,,,,,,,
994,0.20625001192092896,0.20625001192092896,MoE-sBOED,0.044202327728271484,63616,1.9298796653747559,1.3810451030731201,0.0014492342015728354,0.25448545813560486,0.11553728580474854,,,,,,,,,,,
995,0.18656249344348907,0.18656249344348907,MoE-sBOED,0.044966697692871094,63680,1.9178264141082764,1.3809417486190796,0.0016296756220981479,0.25452136993408203,0.11558211594820023,,,,,,,,,,,
996,0.1771875023841858,0.1771875023841858,MoE-sBOED,0.044312238693237305,63744,1.8698245286941528,1.3806527853012085,0.0014689348172396421,0.25176599621772766,0.11561665683984756,,,,,,,,,,,
997,0.15937501192092896,0.15937501192092896,MoE-sBOED,0.04421210289001465,63808,1.906251072883606,1.3814494609832764,0.0014011550229042768,0.2542319595813751,0.11563600599765778,,,,,,,,,,,
998,0.19312499463558197,0.19312499463558197,MoE-sBOED,0.04465746879577637,63872,1.9785280227661133,1.3797857761383057,0.0014973657671362162,0.2512367367744446,0.1156567707657814,,,,,,,,,,,
999,0.17343750596046448,0.17343750596046448,MoE-sBOED,0.04423642158508301,63936,2.0495593547821045,1.380448341369629,0.0013342106249183416,0.25389084219932556,0.11567088216543198,,,,,,,,,,,
1000,0.17390626668930054,0.17390626668930054,MoE-sBOED,0.04498648643493652,64000,1.999957799911499,1.3809093236923218,0.0011314613511785865,0.25324442982673645,0.11567098647356033,0.1809375,0.10609375,7,1.2198735219810013,0.0546875,0.0625,0,0.003515625,1000.23109375,0,diagnostic_only
