update,mean_train_u_ctrl,mean_train_control_cost,method,update_seconds,trajectories_sampled,policy_entropy,router_entropy,expert_redundancy,max_expert_usage,residual_scale,validation_mean_u_ctrl,validation_mean_mocu,validation_n_unique_sequences,validation_sequence_entropy,validation_unique_frac,validation_under_control_rate,validation_valid,validation_mean_shortfall,validation_checkpoint_score,validation_meets_unique_floor,moe_adaptivity_constraint
1,0.23109374940395355,0.23109374940395355,MoE-sBOED,0.2951691150665283,64,3.3658835887908936,1.384824275970459,0.0118446946144104,0.27092665433883667,0.11928703635931015,,,,,,,,,,,
2,0.21843750774860382,0.21843750774860382,MoE-sBOED,0.057042598724365234,128,3.365213394165039,1.3844550848007202,0.02071763016283512,0.2742789089679718,0.11939509958028793,,,,,,,,,,,
3,0.23390625417232513,0.23390625417232513,MoE-sBOED,0.048665523529052734,192,3.364222526550293,1.3837270736694336,0.03691724315285683,0.2804126739501953,0.11951480060815811,,,,,,,,,,,
4,0.22312499582767487,0.22312499582767487,MoE-sBOED,0.05037212371826172,256,3.3624045848846436,1.3809001445770264,0.05576806142926216,0.29501813650131226,0.11964432150125504,,,,,,,,,,,
5,0.2292187511920929,0.2292187511920929,MoE-sBOED,0.048087358474731445,320,3.3585450649261475,1.3755292892456055,0.07765758037567139,0.3142915666103363,0.119780994951725,,,,,,,,,,,
6,0.2240625023841858,0.2240625023841858,MoE-sBOED,0.04889941215515137,384,3.3515095710754395,1.3680431842803955,0.09564969688653946,0.3347723186016083,0.11992576718330383,,,,,,,,,,,
7,0.23250000178813934,0.23250000178813934,MoE-sBOED,0.0485997200012207,448,3.3430895805358887,1.3574209213256836,0.10824596881866455,0.35810184478759766,0.12007948756217957,,,,,,,,,,,
8,0.2109375,0.2109375,MoE-sBOED,0.04964590072631836,512,3.3201920986175537,1.3306530714035034,0.13382388651371002,0.40203428268432617,0.12024049460887909,,,,,,,,,,,
9,0.21796874701976776,0.22890625894069672,MoE-sBOED,0.04883003234863281,576,3.2886312007904053,1.2913486957550049,0.1561477929353714,0.4510173201560974,0.12040073424577713,,,,,,,,,,,
10,0.21796876192092896,0.21796876192092896,MoE-sBOED,0.05000472068786621,640,3.2289962768554688,1.2452619075775146,0.1810428649187088,0.4972735345363617,0.12056885659694672,,,,,,,,,,,
11,0.22218748927116394,0.22218748927116394,MoE-sBOED,0.04958367347717285,704,3.121973752975464,1.186597466468811,0.19380034506320953,0.54664146900177,0.1207476556301117,,,,,,,,,,,
12,0.2015625238418579,0.2015625238418579,MoE-sBOED,0.04953956604003906,768,3.0310771465301514,1.1824984550476074,0.18807286024093628,0.5498150587081909,0.12091886252164841,,,,,,,,,,,
13,0.20624999701976776,0.20624999701976776,MoE-sBOED,0.04955887794494629,832,2.955566167831421,1.2113734483718872,0.1831720471382141,0.5267244577407837,0.12107778340578079,,,,,,,,,,,
14,0.20484375953674316,0.20484375953674316,MoE-sBOED,0.04934811592102051,896,2.7878711223602295,1.2354811429977417,0.1802690327167511,0.5059735774993896,0.12123657763004303,,,,,,,,,,,
15,0.20484374463558197,0.20484374463558197,MoE-sBOED,0.04984879493713379,960,2.683201551437378,1.230452299118042,0.17688880860805511,0.5103682279586792,0.12136710435152054,,,,,,,,,,,
16,0.20624999701976776,0.20624999701976776,MoE-sBOED,0.049504756927490234,1024,2.490851879119873,1.2112077474594116,0.16647757589817047,0.5264595150947571,0.12151147425174713,,,,,,,,,,,
17,0.19453124701976776,0.19453124701976776,MoE-sBOED,0.0466153621673584,1088,2.4493908882141113,1.254157543182373,0.14815068244934082,0.48639199137687683,0.12159688025712967,,,,,,,,,,,
18,0.19828125834465027,0.19828125834465027,MoE-sBOED,0.04784202575683594,1152,2.3804948329925537,1.2899044752120972,0.1330564022064209,0.44773155450820923,0.12167596817016602,,,,,,,,,,,
19,0.19312500953674316,0.19312500953674316,MoE-sBOED,0.049829721450805664,1216,2.395587682723999,1.3189882040023804,0.12060213088989258,0.4104827344417572,0.12174659222364426,,,,,,,,,,,
20,0.1954687535762787,0.1954687535762787,MoE-sBOED,0.04958200454711914,1280,2.3642466068267822,1.3130507469177246,0.11256828904151917,0.4217115640640259,0.12185316532850266,,,,,,,,,,,
21,0.1889062523841858,0.1889062523841858,MoE-sBOED,0.050730228424072266,1344,2.1154749393463135,1.2752264738082886,0.10782823711633682,0.4673783481121063,0.12199621647596359,,,,,,,,,,,
22,0.17578125,0.17578125,MoE-sBOED,0.05006742477416992,1408,1.8502167463302612,1.2555519342422485,0.10262468457221985,0.48666438460350037,0.12209053337574005,,,,,,,,,,,
23,0.1978124976158142,0.1978124976158142,MoE-sBOED,0.04878592491149902,1472,1.9997279644012451,1.2770817279815674,0.09915810823440552,0.46334847807884216,0.12209147214889526,,,,,,,,,,,
24,0.18515625596046448,0.18515625596046448,MoE-sBOED,0.049288272857666016,1536,2.1094517707824707,1.3145555257797241,0.09563997387886047,0.41744253039360046,0.12206699699163437,,,,,,,,,,,
25,0.18937501311302185,0.18937501311302185,MoE-sBOED,0.049997806549072266,1600,2.1475329399108887,1.34024178981781,0.09105166792869568,0.3780180811882019,0.12207918614149094,0.18539062500000003,0.06914062500000001,1,-0.0,0.0078125,0.0,1,0.0,100.069140625,0,required
26,0.17156250774860382,0.17156250774860382,MoE-sBOED,0.04648470878601074,1664,2.028820276260376,1.3435219526290894,0.08925072103738785,0.3780388832092285,0.12212589383125305,,,,,,,,,,,
27,0.1837500035762787,0.1837500035762787,MoE-sBOED,0.04761099815368652,1728,2.0129740238189697,1.3500217199325562,0.08819801360368729,0.36941415071487427,0.12212824076414108,,,,,,,,,,,
28,0.1926562488079071,0.1926562488079071,MoE-sBOED,0.04909086227416992,1792,2.0261166095733643,1.353469729423523,0.08759994804859161,0.36390161514282227,0.12214519828557968,,,,,,,,,,,
29,0.1706250011920929,0.1706250011920929,MoE-sBOED,0.04995417594909668,1856,1.929570198059082,1.3473484516143799,0.08735278993844986,0.37553900480270386,0.12219826877117157,,,,,,,,,,,
30,0.18328124284744263,0.18328124284744263,MoE-sBOED,0.05005931854248047,1920,1.8243249654769897,1.3345026969909668,0.08641747385263443,0.3958430290222168,0.12226410955190659,,,,,,,,,,,
31,0.17906251549720764,0.17906251549720764,MoE-sBOED,0.049683570861816406,1984,1.6369271278381348,1.3105800151824951,0.08387325704097748,0.4278627634048462,0.12233918160200119,,,,,,,,,,,
32,0.17484375834465027,0.17484375834465027,MoE-sBOED,0.049696922302246094,2048,1.661838412284851,1.3035593032836914,0.0813136175274849,0.4356554448604584,0.12238536030054092,,,,,,,,,,,
33,0.1889062523841858,0.1889062523841858,MoE-sBOED,0.0490875244140625,2112,1.7467014789581299,1.3103876113891602,0.07854786515235901,0.4254857003688812,0.12238439172506332,,,,,,,,,,,
34,0.19218748807907104,0.19218748807907104,MoE-sBOED,0.04911041259765625,2176,1.9289312362670898,1.3136266469955444,0.07729843258857727,0.4183114469051361,0.12241128087043762,,,,,,,,,,,
35,0.18328125774860382,0.18328125774860382,MoE-sBOED,0.0495607852935791,2240,1.608154296875,1.2829735279083252,0.07734469324350357,0.45325157046318054,0.12247154116630554,,,,,,,,,,,
36,0.18281251192092896,0.18281251192092896,MoE-sBOED,0.049350738525390625,2304,1.8290680646896362,1.2845522165298462,0.0765426978468895,0.4472597539424896,0.12248373031616211,,,,,,,,,,,
37,0.1809374988079071,0.1809374988079071,MoE-sBOED,0.04959273338317871,2368,2.0286917686462402,1.3098236322402954,0.07406697422266006,0.4134349822998047,0.1224917322397232,,,,,,,,,,,
38,0.18515625596046448,0.18515625596046448,MoE-sBOED,0.048833370208740234,2432,1.960810899734497,1.3174116611480713,0.07405956089496613,0.40680307149887085,0.12251293659210205,,,,,,,,,,,
39,0.18281251192092896,0.18281251192092896,MoE-sBOED,0.049594879150390625,2496,2.057640552520752,1.3325629234313965,0.0733104720711708,0.3862224519252777,0.12250758707523346,,,,,,,,,,,
40,0.1626562625169754,0.1626562625169754,MoE-sBOED,0.04980182647705078,2560,1.956713080406189,1.3324536085128784,0.07428240776062012,0.3909350037574768,0.12254120409488678,,,,,,,,,,,
41,0.18796876072883606,0.18796876072883606,MoE-sBOED,0.04993128776550293,2624,2.054892063140869,1.3442156314849854,0.07423852384090424,0.3712255358695984,0.12258323282003403,,,,,,,,,,,
42,0.1875,0.1875,MoE-sBOED,0.04937863349914551,2688,1.9881889820098877,1.3452423810958862,0.07351032644510269,0.3721688687801361,0.12262199819087982,,,,,,,,,,,
43,0.18656250834465027,0.18656250834465027,MoE-sBOED,0.0495450496673584,2752,2.059330940246582,1.35662841796875,0.07029575854539871,0.3535270690917969,0.12260797619819641,,,,,,,,,,,
44,0.1795312613248825,0.1795312613248825,MoE-sBOED,0.0497899055480957,2816,1.9694370031356812,1.3625949621200562,0.06770887970924377,0.3400596082210541,0.12260214984416962,,,,,,,,,,,
45,0.18515625596046448,0.18515625596046448,MoE-sBOED,0.04923272132873535,2880,1.9407141208648682,1.3615443706512451,0.06881185621023178,0.34431636333465576,0.12261072546243668,,,,,,,,,,,
46,0.17390625178813934,0.17390625178813934,MoE-sBOED,0.049767255783081055,2944,2.1402523517608643,1.3698439598083496,0.0687708854675293,0.32282495498657227,0.12257023900747299,,,,,,,,,,,
47,0.17343750596046448,0.17343750596046448,MoE-sBOED,0.04998421669006348,3008,2.1987552642822266,1.3720979690551758,0.06848609447479248,0.31731200218200684,0.12254131585359573,,,,,,,,,,,
48,0.19968749582767487,0.19968749582767487,MoE-sBOED,0.05016303062438965,3072,2.5539379119873047,1.3791522979736328,0.06729497015476227,0.28980016708374023,0.12247786670923233,,,,,,,,,,,
49,0.19593748450279236,0.20218749344348907,MoE-sBOED,0.049588918685913086,3136,2.5634067058563232,1.380145788192749,0.06868264079093933,0.2873162627220154,0.12246028333902359,,,,,,,,,,,
50,0.1889062523841858,0.1889062523841858,MoE-sBOED,0.048857927322387695,3200,2.4115028381347656,1.377173900604248,0.07063053548336029,0.3059189021587372,0.12250103056430817,0.18421875,0.07421875,2,0.045688389073983635,0.015625,0.015625,1,0.0004687500000000002,100.07421875,0,required
51,0.1771875023841858,0.1771875023841858,MoE-sBOED,0.04635500907897949,3264,1.9738510847091675,1.3657252788543701,0.07447448372840881,0.33892595767974854,0.12257146835327148,,,,,,,,,,,
52,0.19874998927116394,0.19874998927116394,MoE-sBOED,0.0480649471282959,3328,1.9633896350860596,1.3600701093673706,0.07645324617624283,0.34859776496887207,0.12259610742330551,,,,,,,,,,,
53,0.17390625178813934,0.17390625178813934,MoE-sBOED,0.049327850341796875,3392,1.9437377452850342,1.3562378883361816,0.07755279541015625,0.3526114821434021,0.12260850518941879,,,,,,,,,,,
54,0.17812500894069672,0.17812500894069672,MoE-sBOED,0.04911637306213379,3456,1.8310620784759521,1.350498914718628,0.08010637015104294,0.36298179626464844,0.12267596274614334,,,,,,,,,,,
55,0.17249999940395355,0.17249999940395355,MoE-sBOED,0.04962468147277832,3520,1.7406551837921143,1.3498969078063965,0.08304543048143387,0.36376625299453735,0.12273051589727402,,,,,,,,,,,
56,0.18703125417232513,0.18703125417232513,MoE-sBOED,0.04932236671447754,3584,1.6580480337142944,1.3528811931610107,0.08398669213056564,0.3575165867805481,0.122782863676548,,,,,,,,,,,
57,0.17859375476837158,0.17859375476837158,MoE-sBOED,0.049593210220336914,3648,1.7639421224594116,1.361876368522644,0.08172694593667984,0.3341282606124878,0.122779980301857,,,,,,,,,,,
58,0.17906250059604645,0.17906250059604645,MoE-sBOED,0.04929780960083008,3712,2.0157299041748047,1.3688697814941406,0.077969990670681,0.30817797780036926,0.12272322922945023,,,,,,,,,,,
59,0.16171874105930328,0.16171874105930328,MoE-sBOED,0.049944162368774414,3776,1.9567649364471436,1.370403528213501,0.07609710842370987,0.30800092220306396,0.12273012846708298,,,,,,,,,,,
60,0.1889062523841858,0.1889062523841858,MoE-sBOED,0.04958534240722656,3840,1.9599428176879883,1.3716886043548584,0.07375424355268478,0.3116764724254608,0.12275826185941696,,,,,,,,,,,
61,0.1889062523841858,0.1889062523841858,MoE-sBOED,0.0495762825012207,3904,2.0508298873901367,1.3690986633300781,0.07064807415008545,0.3238104581832886,0.12279649823904037,,,,,,,,,,,
62,0.1837500035762787,0.1837500035762787,MoE-sBOED,0.0493168830871582,3968,2.0032901763916016,1.3594692945480347,0.07040932029485703,0.34682393074035645,0.12286156415939331,,,,,,,,,,,
63,0.15937499701976776,0.15937499701976776,MoE-sBOED,0.0493776798248291,4032,1.8200883865356445,1.3487290143966675,0.0720641240477562,0.3677273392677307,0.12293130159378052,,,,,,,,,,,
64,0.1743749976158142,0.1743749976158142,MoE-sBOED,0.049648284912109375,4096,2.060654640197754,1.360449194908142,0.06862207502126694,0.34373387694358826,0.12292870879173279,,,,,,,,,,,
65,0.17859375476837158,0.17859375476837158,MoE-sBOED,0.04901313781738281,4160,2.0324344635009766,1.3658876419067383,0.0663096085190773,0.32871192693710327,0.12291982024908066,,,,,,,,,,,
66,0.19968751072883606,0.19968751072883606,MoE-sBOED,0.04898548126220703,4224,2.1652870178222656,1.3703653812408447,0.06400995701551437,0.3153391182422638,0.12290646135807037,,,,,,,,,,,
67,0.19687500596046448,0.19687500596046448,MoE-sBOED,0.04944205284118652,4288,2.11677622795105,1.3685328960418701,0.06405574083328247,0.32479777932167053,0.12293392419815063,,,,,,,,,,,
68,0.17531248927116394,0.17531248927116394,MoE-sBOED,0.04919314384460449,4352,1.8828001022338867,1.3619582653045654,0.0661868005990982,0.3440514802932739,0.12297217547893524,,,,,,,,,,,
69,0.1795312613248825,0.1795312613248825,MoE-sBOED,0.049691200256347656,4416,2.060370922088623,1.3685972690582275,0.06350527703762054,0.32823649048805237,0.12297539412975311,,,,,,,,,,,
70,0.16828124225139618,0.16828124225139618,MoE-sBOED,0.04926133155822754,4480,1.9967288970947266,1.3708534240722656,0.06165425106883049,0.32229912281036377,0.12298280745744705,,,,,,,,,,,
71,0.19218748807907104,0.19218748807907104,MoE-sBOED,0.049573659896850586,4544,1.95475172996521,1.3724110126495361,0.06102610379457474,0.31815552711486816,0.12303639948368073,,,,,,,,,,,
72,0.17671874165534973,0.17671874165534973,MoE-sBOED,0.0487666130065918,4608,1.8983783721923828,1.3734188079833984,0.0600634403526783,0.3136916160583496,0.12307917326688766,,,,,,,,,,,
73,0.18281251192092896,0.18281251192092896,MoE-sBOED,0.049607038497924805,4672,1.9755691289901733,1.3765876293182373,0.05889733135700226,0.30362197756767273,0.12303698062896729,,,,,,,,,,,
74,0.19359374046325684,0.19359374046325684,MoE-sBOED,0.04900860786437988,4736,1.927473783493042,1.3706936836242676,0.059643812477588654,0.3254041075706482,0.12301673740148544,,,,,,,,,,,
75,0.17859375476837158,0.17859375476837158,MoE-sBOED,0.04936647415161133,4800,2.0364789962768555,1.3665317296981812,0.05938630551099777,0.33371829986572266,0.12297726422548294,0.18539062500000003,0.06914062500000001,1,-0.0,0.0078125,0.0,1,0.0,100.069140625,0,required
76,0.1743749976158142,0.1743749976158142,MoE-sBOED,0.04649543762207031,4864,2.2250044345855713,1.3672069311141968,0.05839541181921959,0.3284108638763428,0.1229187399148941,,,,,,,,,,,
77,0.17484375834465027,0.17484375834465027,MoE-sBOED,0.04758191108703613,4928,2.1722934246063232,1.3659147024154663,0.058777306228876114,0.3304952085018158,0.12288855761289597,,,,,,,,,,,
78,0.17624999582767487,0.17624999582767487,MoE-sBOED,0.04873800277709961,4992,2.2428481578826904,1.367872953414917,0.05947093293070793,0.32544565200805664,0.12284570187330246,,,,,,,,,,,
79,0.1978124976158142,0.1978124976158142,MoE-sBOED,0.04971170425415039,5056,2.186342239379883,1.3660218715667725,0.060092005878686905,0.3300963044166565,0.12285733222961426,,,,,,,,,,,
80,0.19078125059604645,0.19078125059604645,MoE-sBOED,0.05005335807800293,5120,2.127476692199707,1.3645877838134766,0.06025291979312897,0.33306607604026794,0.12288762629032135,,,,,,,,,,,
81,0.1720312535762787,0.1720312535762787,MoE-sBOED,0.04956650733947754,5184,1.8595457077026367,1.3585304021835327,0.062163274735212326,0.34768494963645935,0.12293548136949539,,,,,,,,,,,
82,0.18140625953674316,0.18140625953674316,MoE-sBOED,0.04985642433166504,5248,1.753567099571228,1.3515933752059937,0.06231415271759033,0.36282381415367126,0.12299025058746338,,,,,,,,,,,
83,0.1795312464237213,0.1795312464237213,MoE-sBOED,0.04954123497009277,5312,1.7638438940048218,1.3473749160766602,0.059550691395998,0.36931297183036804,0.12301913648843765,,,,,,,,,,,
84,0.18562500178813934,0.18562500178813934,MoE-sBOED,0.049776554107666016,5376,1.8512592315673828,1.3495264053344727,0.056103773415088654,0.36299794912338257,0.12300024926662445,,,,,,,,,,,
85,0.17906250059604645,0.17906250059604645,MoE-sBOED,0.04904913902282715,5440,1.735439658164978,1.346771001815796,0.055892977863550186,0.3696124255657196,0.12301095575094223,,,,,,,,,,,
86,0.16640624403953552,0.16640624403953552,MoE-sBOED,0.04976177215576172,5504,1.6999163627624512,1.3490785360336304,0.055599916726350784,0.36693525314331055,0.12300143390893936,,,,,,,,,,,
87,0.18281251192092896,0.18281251192092896,MoE-sBOED,0.04984426498413086,5568,1.7139568328857422,1.3524078130722046,0.05470488220453262,0.36087149381637573,0.12300287187099457,,,,,,,,,,,
88,0.19171874225139618,0.19171874225139618,MoE-sBOED,0.04918646812438965,5632,1.6595995426177979,1.3483829498291016,0.0553729422390461,0.37002623081207275,0.12303538620471954,,,,,,,,,,,
89,0.1912499964237213,0.1912499964237213,MoE-sBOED,0.04944348335266113,5696,1.7217367887496948,1.3411760330200195,0.056002113968133926,0.3815387189388275,0.1230611503124237,,,,,,,,,,,
90,0.1785937398672104,0.1785937398672104,MoE-sBOED,0.04916048049926758,5760,1.751879096031189,1.3404357433319092,0.05572021007537842,0.38250863552093506,0.12303397804498672,,,,,,,,,,,
91,0.1706250011920929,0.1706250011920929,MoE-sBOED,0.04913759231567383,5824,2.0181145668029785,1.3545421361923218,0.053550686687231064,0.3562791049480438,0.12294698506593704,,,,,,,,,,,
92,0.1809374988079071,0.1809374988079071,MoE-sBOED,0.04911613464355469,5888,2.164703130722046,1.3619532585144043,0.052099090069532394,0.3397756516933441,0.12288347631692886,,,,,,,,,,,
93,0.19875001907348633,0.19875001907348633,MoE-sBOED,0.04965972900390625,5952,2.086909532546997,1.3570547103881836,0.052110910415649414,0.3497440814971924,0.12290593236684799,,,,,,,,,,,
94,0.1823437511920929,0.1823437511920929,MoE-sBOED,0.04911303520202637,6016,1.8007858991622925,1.34183669090271,0.052654627710580826,0.37817829847335815,0.12296900153160095,,,,,,,,,,,
95,0.18796874582767487,0.18796874582767487,MoE-sBOED,0.04954814910888672,6080,1.8787788152694702,1.3370683193206787,0.05301198735833168,0.38029274344444275,0.12300959974527359,,,,,,,,,,,
96,0.18000000715255737,0.18000000715255737,MoE-sBOED,0.050167083740234375,6144,1.9791879653930664,1.3404043912887573,0.05260554701089859,0.37602564692497253,0.1230168417096138,,,,,,,,,,,
97,0.1875,0.1875,MoE-sBOED,0.049323081970214844,6208,2.1532464027404785,1.3511661291122437,0.05248918756842613,0.3532119393348694,0.12297233194112778,,,,,,,,,,,
98,0.1837500035762787,0.1837500035762787,MoE-sBOED,0.05032491683959961,6272,2.295107364654541,1.3585189580917358,0.05134735628962517,0.33309924602508545,0.12292836606502533,,,,,,,,,,,
99,0.17765624821186066,0.17765624821186066,MoE-sBOED,0.050167083740234375,6336,2.2871909141540527,1.3602503538131714,0.049022775143384933,0.3264438509941101,0.12290886789560318,,,,,,,,,,,
100,0.17531250417232513,0.17531250417232513,MoE-sBOED,0.04897665977478027,6400,2.2623910903930664,1.3610789775848389,0.047199148684740067,0.3252338767051697,0.12290297448635101,0.18703125,0.07703125000000002,7,0.6262371392933924,0.0546875,0.015625,1,0.0004687500000000002,100.07703125,0,required
101,0.17812499403953552,0.17812499403953552,MoE-sBOED,0.04636359214782715,6464,2.155750036239624,1.3612048625946045,0.04476818069815636,0.3235572278499603,0.12288495898246765,,,,,,,,,,,
102,0.1940625011920929,0.1940625011920929,MoE-sBOED,0.04790306091308594,6528,2.1739511489868164,1.362208604812622,0.04464926943182945,0.3270556330680847,0.12290824949741364,,,,,,,,,,,
103,0.18281249701976776,0.18281249701976776,MoE-sBOED,0.049513816833496094,6592,1.9098503589630127,1.3546724319458008,0.048108432441949844,0.35383182764053345,0.12300528585910797,,,,,,,,,,,
104,0.18703123927116394,0.18703123927116394,MoE-sBOED,0.049033403396606445,6656,1.7896994352340698,1.3466624021530151,0.05159197375178337,0.3719259202480316,0.12307441234588623,,,,,,,,,,,
105,0.1860937476158142,0.1860937476158142,MoE-sBOED,0.04887866973876953,6720,1.9451431035995483,1.3528850078582764,0.051924608647823334,0.36033177375793457,0.12306591868400574,,,,,,,,,,,
106,0.1875,0.1875,MoE-sBOED,0.04884696006774902,6784,2.147413969039917,1.3588526248931885,0.05100162699818611,0.34830260276794434,0.12301258742809296,,,,,,,,,,,
107,0.19359374046325684,0.19359374046325684,MoE-sBOED,0.049282073974609375,6848,2.2422595024108887,1.3634662628173828,0.04976300522685051,0.3387794494628906,0.1229880303144455,,,,,,,,,,,
108,0.17812499403953552,0.17812499403953552,MoE-sBOED,0.050414323806762695,6912,2.2078042030334473,1.3673608303070068,0.04821848124265671,0.3296927213668823,0.12295988947153091,,,,,,,,,,,
109,0.17156250774860382,0.17156250774860382,MoE-sBOED,0.04769086837768555,6976,2.3714194297790527,1.3726506233215332,0.04751411825418472,0.31357139348983765,0.12291134893894196,,,,,,,,,,,
110,0.17390625178813934,0.17390625178813934,MoE-sBOED,0.0494081974029541,7040,2.386312961578369,1.374498724937439,0.047697193920612335,0.3068110942840576,0.12289119511842728,,,,,,,,,,,
111,0.18515625596046448,0.18515625596046448,MoE-sBOED,0.04930734634399414,7104,2.168571949005127,1.3730545043945312,0.048179466277360916,0.3140081465244293,0.12292781472206116,,,,,,,,,,,
112,0.17343750596046448,0.17343750596046448,MoE-sBOED,0.04892921447753906,7168,2.058624267578125,1.3712780475616455,0.048312824219465256,0.32163453102111816,0.12297790497541428,,,,,,,,,,,
113,0.18000000715255737,0.18000000715255737,MoE-sBOED,0.049664974212646484,7232,1.978928565979004,1.3697268962860107,0.04775271937251091,0.32716187834739685,0.12298906594514847,,,,,,,,,,,
114,0.19171875715255737,0.19171875715255737,MoE-sBOED,0.04906153678894043,7296,2.0821871757507324,1.37007474899292,0.04547406733036041,0.32620105147361755,0.12295456975698471,,,,,,,,,,,
115,0.19734375178813934,0.19734375178813934,MoE-sBOED,0.04958701133728027,7360,2.0836048126220703,1.3706611394882202,0.0420190691947937,0.32465946674346924,0.12293172627687454,,,,,,,,,,,
116,0.18796876072883606,0.18796876072883606,MoE-sBOED,0.04925107955932617,7424,2.0157718658447266,1.3696503639221191,0.03978981077671051,0.32767635583877563,0.12295782566070557,,,,,,,,,,,
117,0.17859375476837158,0.17859375476837158,MoE-sBOED,0.04905080795288086,7488,1.9421260356903076,1.3692617416381836,0.03866010904312134,0.3287620544433594,0.12297772616147995,,,,,,,,,,,
118,0.1926562488079071,0.1926562488079071,MoE-sBOED,0.04921293258666992,7552,1.9177292585372925,1.3677453994750977,0.038414712995290756,0.3331543803215027,0.12298484146595001,,,,,,,,,,,
119,0.17249999940395355,0.17249999940395355,MoE-sBOED,0.057262420654296875,7616,1.8809962272644043,1.362473726272583,0.03869270160794258,0.34502047300338745,0.12298566102981567,,,,,,,,,,,
120,0.17812499403953552,0.17812499403953552,MoE-sBOED,0.05020713806152344,7680,1.8793210983276367,1.3594467639923096,0.038799919188022614,0.3510988652706146,0.12298442423343658,,,,,,,,,,,
121,0.1889062523841858,0.1889062523841858,MoE-sBOED,0.048774003982543945,7744,2.0767502784729004,1.3658802509307861,0.038150567561388016,0.3363140821456909,0.12294687330722809,,,,,,,,,,,
122,0.20390623807907104,0.20390623807907104,MoE-sBOED,0.048947811126708984,7808,2.257777690887451,1.3713363409042358,0.03757385537028313,0.32140374183654785,0.1228751540184021,,,,,,,,,,,
123,0.1926562488079071,0.1926562488079071,MoE-sBOED,0.04903006553649902,7872,2.3102545738220215,1.37264084815979,0.037081699818372726,0.3160897195339203,0.1228349506855011,,,,,,,,,,,
124,0.1837500035762787,0.1837500035762787,MoE-sBOED,0.04929327964782715,7936,2.1757354736328125,1.368902564048767,0.03713851049542427,0.32826197147369385,0.12287002801895142,,,,,,,,,,,
125,0.1706250011920929,0.1706250011920929,MoE-sBOED,0.04922342300415039,8000,2.0333526134490967,1.362919807434082,0.036873940378427505,0.34313714504241943,0.12294747680425644,0.18421875,0.07109375000000001,2,0.6615632381579821,0.015625,0.0078125,1,0.000234375,100.07109375,0,required
126,0.18328125774860382,0.18328125774860382,MoE-sBOED,0.04641532897949219,8064,1.8394584655761719,1.3560066223144531,0.03619297221302986,0.3569868505001068,0.12300600111484528,,,,,,,,,,,
127,0.18937501311302185,0.18937501311302185,MoE-sBOED,0.04735088348388672,8128,1.7843493223190308,1.3484420776367188,0.03642032667994499,0.3694363236427307,0.12307195365428925,,,,,,,,,,,
128,0.17812499403953552,0.17812499403953552,MoE-sBOED,0.04904890060424805,8192,1.7354997396469116,1.3423713445663452,0.037250179797410965,0.38063424825668335,0.12309050559997559,,,,,,,,,,,
129,0.17906250059604645,0.17906250059604645,MoE-sBOED,0.04945540428161621,8256,1.745826005935669,1.3437528610229492,0.03747253865003586,0.37683042883872986,0.12307228893041611,,,,,,,,,,,
130,0.18515625596046448,0.18515625596046448,MoE-sBOED,0.049352407455444336,8320,1.8200181722640991,1.348524570465088,0.03763456642627716,0.36825740337371826,0.12304705381393433,,,,,,,,,,,
131,0.1809374988079071,0.1809374988079071,MoE-sBOED,0.04902291297912598,8384,1.7612322568893433,1.3485263586044312,0.03794990852475166,0.3683469295501709,0.12303663045167923,,,,,,,,,,,
132,0.19359374046325684,0.19359374046325684,MoE-sBOED,0.05010485649108887,8448,1.8161218166351318,1.3521126508712769,0.038526568561792374,0.36294060945510864,0.12305984646081924,,,,,,,,,,,
133,0.1837500035762787,0.1837500035762787,MoE-sBOED,0.04927206039428711,8512,1.944187879562378,1.3572744131088257,0.038193993270397186,0.3522423207759857,0.1230415403842926,,,,,,,,,,,
134,0.17484372854232788,0.17484372854232788,MoE-sBOED,0.04933929443359375,8576,1.9900591373443604,1.3601806163787842,0.03788628429174423,0.3460164964199066,0.12302916496992111,,,,,,,,,,,
135,0.18843752145767212,0.18843752145767212,MoE-sBOED,0.04904818534851074,8640,2.173182249069214,1.365561842918396,0.03749416023492813,0.33415913581848145,0.12301232665777206,,,,,,,,,,,
136,0.18562500178813934,0.18562500178813934,MoE-sBOED,0.04950428009033203,8704,2.0455355644226074,1.3628919124603271,0.03827400505542755,0.3415566384792328,0.12301021814346313,,,,,,,,,,,
137,0.18937501311302185,0.18937501311302185,MoE-sBOED,0.049147844314575195,8768,1.9728615283966064,1.360675573348999,0.03898211568593979,0.34659096598625183,0.1230442002415657,,,,,,,,,,,
138,0.1846875101327896,0.1846875101327896,MoE-sBOED,0.0489811897277832,8832,1.9199416637420654,1.3551702499389648,0.04037695750594139,0.3561660647392273,0.12309301644563675,,,,,,,,,,,
139,0.1837500035762787,0.1837500035762787,MoE-sBOED,0.04999232292175293,8896,1.9687864780426025,1.3507766723632812,0.04196106269955635,0.3635900616645813,0.12311200797557831,,,,,,,,,,,
140,0.19359374046325684,0.19359374046325684,MoE-sBOED,0.04906940460205078,8960,1.9733617305755615,1.3512341976165771,0.04282407835125923,0.36080145835876465,0.12311702221632004,,,,,,,,,,,
141,0.17156249284744263,0.17156249284744263,MoE-sBOED,0.04933619499206543,9024,1.8142638206481934,1.346942663192749,0.04174882918596268,0.36962851881980896,0.1231524795293808,,,,,,,,,,,
142,0.18656250834465027,0.18656250834465027,MoE-sBOED,0.04878735542297363,9088,1.8592770099639893,1.347631812095642,0.04203138127923012,0.3663296103477478,0.1231888085603714,,,,,,,,,,,
143,0.1720312386751175,0.1720312386751175,MoE-sBOED,0.04930877685546875,9152,1.7087769508361816,1.3410346508026123,0.04085996001958847,0.37885087728500366,0.12320788949728012,,,,,,,,,,,
144,0.17109374701976776,0.17109374701976776,MoE-sBOED,0.04918813705444336,9216,1.7672119140625,1.3465077877044678,0.04172064736485481,0.3694878816604614,0.12319989502429962,,,,,,,,,,,
145,0.16312500834465027,0.16312500834465027,MoE-sBOED,0.0496976375579834,9280,1.826139211654663,1.3488162755966187,0.042044442147016525,0.36507904529571533,0.12321069836616516,,,,,,,,,,,
146,0.18140625953674316,0.18140625953674316,MoE-sBOED,0.04863381385803223,9344,1.8942384719848633,1.3486638069152832,0.04554785415530205,0.3614964485168457,0.12321289628744125,,,,,,,,,,,
147,0.1875,0.1875,MoE-sBOED,0.049607038497924805,9408,1.9460710287094116,1.3518213033676147,0.043899789452552795,0.35516756772994995,0.123201385140419,,,,,,,,,,,
148,0.17578125,0.17578125,MoE-sBOED,0.04897046089172363,9472,1.9746067523956299,1.3563207387924194,0.046263188123703,0.34335392713546753,0.1231878250837326,,,,,,,,,,,
149,0.1823437511920929,0.1823437511920929,MoE-sBOED,0.049155473709106445,9536,1.885787844657898,1.3579297065734863,0.04695998877286911,0.3414507806301117,0.12319820374250412,,,,,,,,,,,
150,0.17624999582767487,0.17624999582767487,MoE-sBOED,0.04945683479309082,9600,1.7231301069259644,1.353454351425171,0.04325167462229729,0.3537518382072449,0.12322688102722168,0.187734375,0.071484375,7,1.0049025257564699,0.0546875,0.0,1,0.0,100.071484375,0,required
151,0.1640625,0.1640625,MoE-sBOED,0.04633474349975586,9664,1.6697607040405273,1.3529266119003296,0.040960922837257385,0.3568682074546814,0.12321532517671585,,,,,,,,,,,
152,0.18843750655651093,0.18843750655651093,MoE-sBOED,0.04710507392883301,9728,1.8948696851730347,1.3593456745147705,0.04283517599105835,0.33805760741233826,0.12319476902484894,,,,,,,,,,,
153,0.19500000774860382,0.19500000774860382,MoE-sBOED,0.04888772964477539,9792,1.8331115245819092,1.3545176982879639,0.043956175446510315,0.34552738070487976,0.12320294976234436,,,,,,,,,,,
154,0.19078126549720764,0.19078126549720764,MoE-sBOED,0.04912757873535156,9856,1.9016573429107666,1.3526227474212646,0.0431605763733387,0.349200576543808,0.12320881336927414,,,,,,,,,,,
155,0.19078125059604645,0.19078125059604645,MoE-sBOED,0.04947376251220703,9920,1.8579163551330566,1.3489701747894287,0.04148859158158302,0.35775598883628845,0.12318693101406097,,,,,,,,,,,
156,0.17390623688697815,0.17390623688697815,MoE-sBOED,0.04913735389709473,9984,1.8351329565048218,1.346785545349121,0.041137468069791794,0.3625621795654297,0.12318102270364761,,,,,,,,,,,
157,0.1823437511920929,0.1823437511920929,MoE-sBOED,0.04906272888183594,10048,1.845602035522461,1.3472836017608643,0.03936260938644409,0.36175307631492615,0.12319052964448929,,,,,,,,,,,
158,0.17859375476837158,0.17859375476837158,MoE-sBOED,0.0493624210357666,10112,1.8225177526474,1.3416850566864014,0.04091959819197655,0.36670026183128357,0.12320594489574432,,,,,,,,,,,
159,0.18140625953674316,0.18140625953674316,MoE-sBOED,0.048517704010009766,10176,1.7792948484420776,1.342228651046753,0.0381770022213459,0.368122398853302,0.12321431189775467,,,,,,,,,,,
160,0.18421876430511475,0.18421876430511475,MoE-sBOED,0.04941534996032715,10240,1.6072847843170166,1.3383159637451172,0.03674173355102539,0.3790377080440521,0.12323261797428131,,,,,,,,,,,
161,0.19078125059604645,0.19078125059604645,MoE-sBOED,0.049089908599853516,10304,1.7990875244140625,1.347840666770935,0.03713731840252876,0.35609790682792664,0.12324226647615433,,,,,,,,,,,
162,0.18984374403953552,0.18984374403953552,MoE-sBOED,0.05014920234680176,10368,1.9066160917282104,1.3583039045333862,0.03676684573292732,0.3348177373409271,0.12321735918521881,,,,,,,,,,,
163,0.1875,0.1875,MoE-sBOED,0.04899716377258301,10432,1.9070714712142944,1.3642387390136719,0.03474434092640877,0.32585984468460083,0.12319361418485641,,,,,,,,,,,
164,0.19687500596046448,0.19687500596046448,MoE-sBOED,0.049243927001953125,10496,1.8995599746704102,1.3676471710205078,0.03219760209321976,0.319883793592453,0.12316273897886276,,,,,,,,,,,
165,0.17015625536441803,0.17015625536441803,MoE-sBOED,0.04916095733642578,10560,2.0278944969177246,1.3724554777145386,0.03194672241806984,0.30445265769958496,0.12312021851539612,,,,,,,,,,,
166,0.1926562488079071,0.1926562488079071,MoE-sBOED,0.04840421676635742,10624,2.1860556602478027,1.3759880065917969,0.032118432223796844,0.29118311405181885,0.12313097715377808,,,,,,,,,,,
167,0.19734376668930054,0.19734376668930054,MoE-sBOED,0.04963040351867676,10688,2.200681686401367,1.3775241374969482,0.0313907153904438,0.28844043612480164,0.12314648926258087,,,,,,,,,,,
168,0.19312500953674316,0.19312500953674316,MoE-sBOED,0.04881548881530762,10752,2.4424452781677246,1.3784011602401733,0.03549864515662193,0.27161937952041626,0.12315250933170319,,,,,,,,,,,
169,0.19078125059604645,0.19078125059604645,MoE-sBOED,0.048671722412109375,10816,2.177457571029663,1.3756256103515625,0.03363718092441559,0.2910394072532654,0.12320753931999207,,,,,,,,,,,
170,0.17390625178813934,0.17390625178813934,MoE-sBOED,0.04972362518310547,10880,2.08117938041687,1.372552752494812,0.033832572400569916,0.3020963966846466,0.12326958775520325,,,,,,,,,,,
171,0.20484375953674316,0.20484375953674316,MoE-sBOED,0.0498051643371582,10944,2.0268397331237793,1.3718355894088745,0.032748445868492126,0.3059212863445282,0.12330925464630127,,,,,,,,,,,
172,0.18703125417232513,0.18703125417232513,MoE-sBOED,0.0488889217376709,11008,2.2071094512939453,1.374108076095581,0.035254452377557755,0.29110226035118103,0.12332649528980255,,,,,,,,,,,
173,0.17531248927116394,0.17531248927116394,MoE-sBOED,0.04957222938537598,11072,1.94271981716156,1.3702609539031982,0.03337739035487175,0.30650898814201355,0.12338072061538696,,,,,,,,,,,
174,0.17343750596046448,0.17343750596046448,MoE-sBOED,0.049504756927490234,11136,1.8749537467956543,1.3688745498657227,0.032831236720085144,0.31063222885131836,0.12344904989004135,,,,,,,,,,,
175,0.18000000715255737,0.18000000715255737,MoE-sBOED,0.04940009117126465,11200,1.9676363468170166,1.3677842617034912,0.03643020614981651,0.30645591020584106,0.12349223345518112,0.18984374999999998,0.07359375000000001,8,1.6900011943042024,0.0625,0.0,1,0.0,100.07359375,0,required
176,0.19500002264976501,0.19500002264976501,MoE-sBOED,0.04639744758605957,11264,1.8150190114974976,1.3643258810043335,0.03541197627782822,0.3215518891811371,0.12353134155273438,,,,,,,,,,,
177,0.19218748807907104,0.19218748807907104,MoE-sBOED,0.047952890396118164,11328,1.9439637660980225,1.369952917098999,0.035100340843200684,0.3077954649925232,0.12352307140827179,,,,,,,,,,,
178,0.17625001072883606,0.17625001072883606,MoE-sBOED,0.049282073974609375,11392,2.0094478130340576,1.3702471256256104,0.034236498177051544,0.30628296732902527,0.12352141737937927,,,,,,,,,,,
179,0.1860937476158142,0.1860937476158142,MoE-sBOED,0.053811073303222656,11456,2.090153217315674,1.3731436729431152,0.032577455043792725,0.3001192808151245,0.12350712716579437,,,,,,,,,,,
180,0.1823437511920929,0.1823437511920929,MoE-sBOED,0.050870418548583984,11520,2.040661573410034,1.373166799545288,0.03020193800330162,0.3056623935699463,0.12348359078168869,,,,,,,,,,,
181,0.20531250536441803,0.20531250536441803,MoE-sBOED,0.04912829399108887,11584,1.8842353820800781,1.3703173398971558,0.029161788523197174,0.31648752093315125,0.12349869310855865,,,,,,,,,,,
182,0.17906251549720764,0.17906251549720764,MoE-sBOED,0.048352956771850586,11648,1.8100769519805908,1.3697593212127686,0.027893636375665665,0.3217064440250397,0.12347889691591263,,,,,,,,,,,
183,0.2071875035762787,0.2071875035762787,MoE-sBOED,0.04965043067932129,11712,2.0145134925842285,1.374656081199646,0.027145590633153915,0.3043770492076874,0.1234494000673294,,,,,,,,,,,
184,0.19312499463558197,0.19312499463558197,MoE-sBOED,0.04927420616149902,11776,1.960860013961792,1.373827338218689,0.027025576680898666,0.30720990896224976,0.12346969544887543,,,,,,,,,,,
185,0.1860937476158142,0.1860937476158142,MoE-sBOED,0.04954171180725098,11840,1.8773763179779053,1.3746545314788818,0.02606239542365074,0.3089100420475006,0.12345360219478607,,,,,,,,,,,
186,0.17250001430511475,0.17250001430511475,MoE-sBOED,0.04866647720336914,11904,1.9555480480194092,1.3753976821899414,0.025513580068945885,0.30648958683013916,0.12342266738414764,,,,,,,,,,,
187,0.19734375178813934,0.19734375178813934,MoE-sBOED,0.048818111419677734,11968,2.082843780517578,1.3749679327011108,0.025063643231987953,0.3059030771255493,0.12344098836183548,,,,,,,,,,,
188,0.18656250834465027,0.18656250834465027,MoE-sBOED,0.049535512924194336,12032,1.9134023189544678,1.3720415830612183,0.024792397394776344,0.3151790499687195,0.12346358597278595,,,,,,,,,,,
189,0.18328124284744263,0.18328124284744263,MoE-sBOED,0.049076080322265625,12096,1.9914296865463257,1.3713877201080322,0.026682846248149872,0.31380003690719604,0.1234537735581398,,,,,,,,,,,
190,0.20156249403953552,0.20156249403953552,MoE-sBOED,0.04969072341918945,12160,2.195575475692749,1.3733415603637695,0.025879429653286934,0.30947786569595337,0.12344343960285187,,,,,,,,,,,
191,0.18656249344348907,0.18656249344348907,MoE-sBOED,0.049193382263183594,12224,2.146052837371826,1.372127890586853,0.025515807792544365,0.3126569390296936,0.123454749584198,,,,,,,,,,,
192,0.17906250059604645,0.17906250059604645,MoE-sBOED,0.049767255783081055,12288,2.005197048187256,1.3684228658676147,0.024658918380737305,0.32396528124809265,0.12348341941833496,,,,,,,,,,,
193,0.18421873450279236,0.18421873450279236,MoE-sBOED,0.049370765686035156,12352,2.058622121810913,1.3666484355926514,0.025579502806067467,0.324954092502594,0.12350358068943024,,,,,,,,,,,
194,0.17578125,0.17578125,MoE-sBOED,0.04938793182373047,12416,2.1337971687316895,1.3653686046600342,0.02652832120656967,0.32367730140686035,0.1234782263636589,,,,,,,,,,,
195,0.18046875298023224,0.18046875298023224,MoE-sBOED,0.04907703399658203,12480,2.223316192626953,1.3665695190429688,0.024486280977725983,0.3206561803817749,0.12341806292533875,,,,,,,,,,,
196,0.18187499046325684,0.18187499046325684,MoE-sBOED,0.04927825927734375,12544,2.1827163696289062,1.366451621055603,0.024152010679244995,0.3214935064315796,0.12338950484991074,,,,,,,,,,,
197,0.17343750596046448,0.17343750596046448,MoE-sBOED,0.049094200134277344,12608,1.9388046264648438,1.3588228225708008,0.024638652801513672,0.34169670939445496,0.12344105541706085,,,,,,,,,,,
198,0.18703125417232513,0.18703125417232513,MoE-sBOED,0.049245357513427734,12672,1.9424948692321777,1.3572090864181519,0.028082741424441338,0.3411230444908142,0.1234835535287857,,,,,,,,,,,
199,0.17484375834465027,0.17484375834465027,MoE-sBOED,0.04926943778991699,12736,1.8993595838546753,1.3569191694259644,0.028977036476135254,0.3446992337703705,0.12350209057331085,,,,,,,,,,,
200,0.1706250011920929,0.1706250011920929,MoE-sBOED,0.050136566162109375,12800,1.8400793075561523,1.3573687076568604,0.029874200001358986,0.3429234027862549,0.12352010607719421,0.18539062500000003,0.072265625,6,0.9336129627181419,0.046875,0.0078125,1,0.000234375,100.072265625,0,required
201,0.17625001072883606,0.17625001072883606,MoE-sBOED,0.048294782638549805,12864,1.9025204181671143,1.3617002964019775,0.031167281791567802,0.33382365107536316,0.12351290136575699,,,,,,,,,,,
202,0.17531250417232513,0.17531250417232513,MoE-sBOED,0.0499882698059082,12928,1.9383397102355957,1.3645410537719727,0.03440641611814499,0.3232477903366089,0.12351236492395401,,,,,,,,,,,
203,0.1743749976158142,0.1743749976158142,MoE-sBOED,0.061325788497924805,12992,1.9611730575561523,1.367627501487732,0.034057874232530594,0.3190573453903198,0.1235148087143898,,,,,,,,,,,
204,0.19218750298023224,0.19218750298023224,MoE-sBOED,0.05269289016723633,13056,2.0576136112213135,1.3719819784164429,0.033547502011060715,0.3072935938835144,0.12352948635816574,,,,,,,,,,,
205,0.19171875715255737,0.19171875715255737,MoE-sBOED,0.04979753494262695,13120,1.9908561706542969,1.3728742599487305,0.03323090076446533,0.30709928274154663,0.1235506683588028,,,,,,,,,,,
206,0.17015625536441803,0.17015625536441803,MoE-sBOED,0.050079345703125,13184,1.8508081436157227,1.3713620901107788,0.031102634966373444,0.31374019384384155,0.12356371432542801,,,,,,,,,,,
207,0.18421874940395355,0.18421874940395355,MoE-sBOED,0.0501859188079834,13248,2.0219013690948486,1.374085783958435,0.032693058252334595,0.29921862483024597,0.12357667088508606,,,,,,,,,,,
208,0.20484375953674316,0.20484375953674316,MoE-sBOED,0.04884815216064453,13312,2.010399580001831,1.374481201171875,0.03344179317355156,0.29756760597229004,0.12358922511339188,,,,,,,,,,,
209,0.17671874165534973,0.17671874165534973,MoE-sBOED,0.049083709716796875,13376,1.9120938777923584,1.3736507892608643,0.03366674855351448,0.3004196584224701,0.12363460659980774,,,,,,,,,,,
210,0.19453124701976776,0.19453124701976776,MoE-sBOED,0.04894113540649414,13440,1.9678020477294922,1.3745582103729248,0.03615104407072067,0.2925107777118683,0.12365607917308807,,,,,,,,,,,
211,0.18140625953674316,0.18140625953674316,MoE-sBOED,0.04896998405456543,13504,2.0799856185913086,1.3774099349975586,0.03582246974110603,0.28234678506851196,0.12366700172424316,,,,,,,,,,,
212,0.18281251192092896,0.18281251192092896,MoE-sBOED,0.04925394058227539,13568,2.0010037422180176,1.3773492574691772,0.03583517298102379,0.2822990417480469,0.12370826303958893,,,,,,,,,,,
213,0.1743749976158142,0.1743749976158142,MoE-sBOED,0.04927635192871094,13632,2.014493227005005,1.3762753009796143,0.036443717777729034,0.2839333415031433,0.12373796105384827,,,,,,,,,,,
214,0.1603125035762787,0.1603125035762787,MoE-sBOED,0.050022125244140625,13696,1.8002341985702515,1.371752142906189,0.0361616387963295,0.30092334747314453,0.12377560138702393,,,,,,,,,,,
215,0.18000000715255737,0.18000000715255737,MoE-sBOED,0.04929471015930176,13760,1.8049263954162598,1.3666117191314697,0.03914106264710426,0.30881267786026,0.12382154911756516,,,,,,,,,,,
216,0.1860937625169754,0.1860937625169754,MoE-sBOED,0.04941844940185547,13824,1.9118080139160156,1.3646563291549683,0.042610786855220795,0.30388954281806946,0.12385798245668411,,,,,,,,,,,
217,0.17671875655651093,0.17671875655651093,MoE-sBOED,0.04953193664550781,13888,1.7463139295578003,1.3580806255340576,0.04292665794491768,0.3240356743335724,0.12390968203544617,,,,,,,,,,,
218,0.17812499403953552,0.17812499403953552,MoE-sBOED,0.04912114143371582,13952,1.7921890020370483,1.3547366857528687,0.047473128885030746,0.31703513860702515,0.12393271923065186,,,,,,,,,,,
219,0.18046873807907104,0.18046873807907104,MoE-sBOED,0.04981040954589844,14016,1.8026236295700073,1.3574060201644897,0.047514691948890686,0.3187287151813507,0.12389905005693436,,,,,,,,,,,
220,0.16453126072883606,0.16453126072883606,MoE-sBOED,0.04981732368469238,14080,1.7950624227523804,1.361694097518921,0.04269002750515938,0.318023681640625,0.1238340511918068,,,,,,,,,,,
221,0.17296874523162842,0.17296874523162842,MoE-sBOED,0.048760414123535156,14144,1.9489936828613281,1.365309715270996,0.045014798641204834,0.300979882478714,0.12379469722509384,,,,,,,,,,,
222,0.17250001430511475,0.17250001430511475,MoE-sBOED,0.04851841926574707,14208,1.850428819656372,1.3675849437713623,0.04345102235674858,0.2982746362686157,0.12381957471370697,,,,,,,,,,,
223,0.17531248927116394,0.17531248927116394,MoE-sBOED,0.04936480522155762,14272,2.001129150390625,1.370517611503601,0.04420074447989464,0.28375011682510376,0.12384478747844696,,,,,,,,,,,
224,0.1771875023841858,0.1771875023841858,MoE-sBOED,0.04852557182312012,14336,1.9964227676391602,1.3722093105316162,0.04276040568947792,0.28177744150161743,0.12383490055799484,,,,,,,,,,,
225,0.1875,0.1875,MoE-sBOED,0.04939627647399902,14400,1.9827842712402344,1.3746956586837769,0.037819549441337585,0.28745120763778687,0.12382254749536514,0.18375,0.07375000000000001,4,1.0771593182349715,0.03125,0.015625,1,0.00046875,100.07375,0,required
226,0.18984374403953552,0.18984374403953552,MoE-sBOED,0.04849886894226074,14464,1.9715808629989624,1.3746888637542725,0.0379953570663929,0.2848705053329468,0.12380542606115341,,,,,,,,,,,
227,0.1875000149011612,0.1875000149011612,MoE-sBOED,0.052702903747558594,14528,1.8544495105743408,1.3750423192977905,0.035701852291822433,0.28818708658218384,0.12380753457546234,,,,,,,,,,,
228,0.20109373331069946,0.20109373331069946,MoE-sBOED,0.04909992218017578,14592,2.036325454711914,1.374220848083496,0.04313411936163902,0.274789959192276,0.12380393594503403,,,,,,,,,,,
229,0.18328124284744263,0.18328124284744263,MoE-sBOED,0.053159475326538086,14656,2.0012879371643066,1.3753139972686768,0.039879102259874344,0.2792256474494934,0.12377789616584778,,,,,,,,,,,
230,0.18562501668930054,0.18562501668930054,MoE-sBOED,0.057299137115478516,14720,2.055701971054077,1.3751723766326904,0.040783464908599854,0.27558737993240356,0.12376278638839722,,,,,,,,,,,
231,0.18187499046325684,0.18187499046325684,MoE-sBOED,0.05097603797912598,14784,2.185265064239502,1.3754606246948242,0.045352671295404434,0.2687804102897644,0.12375609576702118,,,,,,,,,,,
232,0.19687500596046448,0.19687500596046448,MoE-sBOED,0.04930305480957031,14848,2.138357639312744,1.3756383657455444,0.043821241706609726,0.2712737023830414,0.12375224381685257,,,,,,,,,,,
233,0.16687500476837158,0.17781250178813934,MoE-sBOED,0.049411773681640625,14912,2.0622568130493164,1.3771486282348633,0.04413536563515663,0.2729662358760834,0.12379056215286255,,,,,,,,,,,
234,0.18703125417232513,0.18703125417232513,MoE-sBOED,0.04921221733093262,14976,2.0809736251831055,1.3760347366333008,0.04789687693119049,0.26625919342041016,0.12383197993040085,,,,,,,,,,,
235,0.1626562476158142,0.1626562476158142,MoE-sBOED,0.049712181091308594,15040,1.9894312620162964,1.3769958019256592,0.046341780573129654,0.2743787169456482,0.1238693818449974,,,,,,,,,,,
236,0.1795312464237213,0.1795312464237213,MoE-sBOED,0.050478458404541016,15104,1.9725408554077148,1.3754581212997437,0.05074214190244675,0.275649756193161,0.12391764670610428,,,,,,,,,,,
237,0.18843750655651093,0.18843750655651093,MoE-sBOED,0.04892110824584961,15168,2.1149961948394775,1.3761439323425293,0.057303622364997864,0.26587703824043274,0.12391748279333115,,,,,,,,,,,
238,0.18468749523162842,0.18468749523162842,MoE-sBOED,0.049268484115600586,15232,2.308809280395508,1.3752620220184326,0.06079796329140663,0.2595151662826538,0.12384618073701859,,,,,,,,,,,
239,0.1860937476158142,0.1860937476158142,MoE-sBOED,0.04844808578491211,15296,2.3757119178771973,1.3765506744384766,0.05785991623997688,0.2654001712799072,0.12376856803894043,,,,,,,,,,,
240,0.19640624523162842,0.19640624523162842,MoE-sBOED,0.04774332046508789,15360,2.3306784629821777,1.3781003952026367,0.055211517959833145,0.26754799485206604,0.12375600636005402,,,,,,,,,,,
241,0.18468749523162842,0.18468749523162842,MoE-sBOED,0.049349308013916016,15424,2.3507156372070312,1.3766987323760986,0.058485958725214005,0.2653758227825165,0.12380039691925049,,,,,,,,,,,
242,0.19734375178813934,0.19734375178813934,MoE-sBOED,0.049367666244506836,15488,2.129188060760498,1.3767236471176147,0.0576341412961483,0.26399505138397217,0.12387516349554062,,,,,,,,,,,
243,0.17765624821186066,0.17765624821186066,MoE-sBOED,0.04909658432006836,15552,2.0082790851593018,1.3781194686889648,0.05883519724011421,0.26819080114364624,0.12394944578409195,,,,,,,,,,,
244,0.17671875655651093,0.17671875655651093,MoE-sBOED,0.049037933349609375,15616,1.902232050895691,1.3779792785644531,0.0609777458012104,0.27669990062713623,0.12401851266622543,,,,,,,,,,,
245,0.1809374988079071,0.1809374988079071,MoE-sBOED,0.049791812896728516,15680,1.9439023733139038,1.373046875,0.06684413552284241,0.27206772565841675,0.12407048791646957,,,,,,,,,,,
246,0.1875000149011612,0.1875000149011612,MoE-sBOED,0.04887795448303223,15744,1.8926427364349365,1.3736343383789062,0.06940313428640366,0.2774439752101898,0.12411230802536011,,,,,,,,,,,
247,0.17249999940395355,0.17249999940395355,MoE-sBOED,0.048630475997924805,15808,1.7375792264938354,1.3720487356185913,0.06856613606214523,0.289241760969162,0.12418632209300995,,,,,,,,,,,
248,0.18281249701976776,0.18281249701976776,MoE-sBOED,0.04924130439758301,15872,1.7534453868865967,1.3709547519683838,0.07112179696559906,0.29616743326187134,0.12427032738924026,,,,,,,,,,,
249,0.16968750953674316,0.16968750953674316,MoE-sBOED,0.0484929084777832,15936,1.8129385709762573,1.3691439628601074,0.07506971806287766,0.29955965280532837,0.12432783842086792,,,,,,,,,,,
250,0.20015624165534973,0.20015624165534973,MoE-sBOED,0.04936838150024414,16000,1.9235539436340332,1.3691911697387695,0.07999876141548157,0.2927491068840027,0.12435192614793777,0.18304687500000003,0.07304687500000001,4,0.2643573903039521,0.03125,0.015625,1,0.00046875,100.073046875,0,required
251,0.19171875715255737,0.19171875715255737,MoE-sBOED,0.04627537727355957,16064,2.0225725173950195,1.371068000793457,0.08552956581115723,0.2828718423843384,0.12439475208520889,,,,,,,,,,,
252,0.1809374988079071,0.1809374988079071,MoE-sBOED,0.0469667911529541,16128,1.9903053045272827,1.3723599910736084,0.08954250067472458,0.27856090664863586,0.12443273514509201,,,,,,,,,,,
253,0.1926562488079071,0.1926562488079071,MoE-sBOED,0.049041032791137695,16192,1.9316449165344238,1.3732538223266602,0.09354421496391296,0.2802831530570984,0.12447500973939896,,,,,,,,,,,
254,0.18281251192092896,0.18281251192092896,MoE-sBOED,0.04892873764038086,16256,1.8741668462753296,1.3718295097351074,0.09732691198587418,0.28169476985931396,0.12453196942806244,,,,,,,,,,,
255,0.18281249701976776,0.18281249701976776,MoE-sBOED,0.0492250919342041,16320,1.6828335523605347,1.3732776641845703,0.09313773363828659,0.2976556718349457,0.12459173798561096,,,,,,,,,,,
256,0.1795312613248825,0.1795312613248825,MoE-sBOED,0.049214839935302734,16384,1.6973450183868408,1.37088942527771,0.09620732814073563,0.29339343309402466,0.12459789216518402,,,,,,,,,,,
257,0.17578125,0.17578125,MoE-sBOED,0.04938983917236328,16448,1.7668030261993408,1.3732575178146362,0.09262577444314957,0.29385972023010254,0.12454285472631454,,,,,,,,,,,
258,0.17812500894069672,0.17812500894069672,MoE-sBOED,0.04923057556152344,16512,1.8373794555664062,1.3728832006454468,0.09194137156009674,0.2825166583061218,0.12445621937513351,,,,,,,,,,,
259,0.17906250059604645,0.17906250059604645,MoE-sBOED,0.04911971092224121,16576,1.9335225820541382,1.3740193843841553,0.09219984710216522,0.275104284286499,0.12437894940376282,,,,,,,,,,,
260,0.1720312535762787,0.1720312535762787,MoE-sBOED,0.049146175384521484,16640,1.937955617904663,1.3762315511703491,0.08704829961061478,0.27949991822242737,0.12433276325464249,,,,,,,,,,,
261,0.1837500035762787,0.1837500035762787,MoE-sBOED,0.049410343170166016,16704,2.104686737060547,1.3762664794921875,0.09409578889608383,0.27037161588668823,0.12433099001646042,,,,,,,,,,,
262,0.17906250059604645,0.17906250059604645,MoE-sBOED,0.05008363723754883,16768,2.1445810794830322,1.3778629302978516,0.0925542414188385,0.2721230983734131,0.12429764121770859,,,,,,,,,,,
263,0.19921875,0.19921875,MoE-sBOED,0.0496211051940918,16832,2.1614818572998047,1.3791821002960205,0.0901256874203682,0.271877646446228,0.12426400929689407,,,,,,,,,,,
264,0.19078125059604645,0.19078125059604645,MoE-sBOED,0.04936099052429199,16896,2.146149158477783,1.3790044784545898,0.09024139493703842,0.26985815167427063,0.12426301091909409,,,,,,,,,,,
265,0.18937501311302185,0.18937501311302185,MoE-sBOED,0.04975533485412598,16960,2.1306896209716797,1.3789970874786377,0.0878274217247963,0.2713277339935303,0.1243334412574768,,,,,,,,,,,
266,0.17859375476837158,0.17859375476837158,MoE-sBOED,0.04917025566101074,17024,1.8585116863250732,1.3788751363754272,0.0828009694814682,0.28577643632888794,0.1244271993637085,,,,,,,,,,,
267,0.17578125,0.17578125,MoE-sBOED,0.04934573173522949,17088,1.818368911743164,1.376962423324585,0.08332832902669907,0.292102575302124,0.12448704242706299,,,,,,,,,,,
268,0.18843750655651093,0.18843750655651093,MoE-sBOED,0.049506187438964844,17152,1.646864891052246,1.375444769859314,0.07869374752044678,0.30044877529144287,0.12454136461019516,,,,,,,,,,,
269,0.18421873450279236,0.18421873450279236,MoE-sBOED,0.04958033561706543,17216,1.6509804725646973,1.3756883144378662,0.07731755077838898,0.2988976240158081,0.12454941123723984,,,,,,,,,,,
270,0.1926562637090683,0.1926562637090683,MoE-sBOED,0.048581600189208984,17280,1.7982295751571655,1.3776544332504272,0.07932540774345398,0.28587448596954346,0.12451036274433136,,,,,,,,,,,
271,0.19031250476837158,0.19031250476837158,MoE-sBOED,0.049088478088378906,17344,1.81358802318573,1.378670573234558,0.07661966234445572,0.2833530902862549,0.1244838610291481,,,,,,,,,,,
272,0.1926562488079071,0.1926562488079071,MoE-sBOED,0.04759716987609863,17408,1.7802319526672363,1.3765653371810913,0.07486323267221451,0.2843467891216278,0.12452926486730576,,,,,,,,,,,
273,0.1678124964237213,0.1678124964237213,MoE-sBOED,0.049179792404174805,17472,1.6553945541381836,1.3752435445785522,0.07085621356964111,0.2937560975551605,0.12460067868232727,,,,,,,,,,,
274,0.1954687535762787,0.1954687535762787,MoE-sBOED,0.04899454116821289,17536,1.754449725151062,1.3722286224365234,0.0719846859574318,0.2927526533603668,0.12466837465763092,,,,,,,,,,,
275,0.17249999940395355,0.17249999940395355,MoE-sBOED,0.049671173095703125,17600,1.6231961250305176,1.369884729385376,0.07057362049818039,0.3090422749519348,0.12473256140947342,0.17859375,0.06859375000000001,4,1.1094104113509262,0.03125,0.015625,1,0.00046875,100.06859375,0,required
276,0.18468749523162842,0.18468749523162842,MoE-sBOED,0.04625225067138672,17664,1.7391469478607178,1.3689688444137573,0.07420668005943298,0.30103543400764465,0.12475479394197464,,,,,,,,,,,
277,0.19687500596046448,0.19687500596046448,MoE-sBOED,0.04762554168701172,17728,1.923453688621521,1.3685243129730225,0.07506319135427475,0.28592967987060547,0.12468758970499039,,,,,,,,,,,
278,0.18421874940395355,0.18421874940395355,MoE-sBOED,0.04878640174865723,17792,1.7783607244491577,1.3712538480758667,0.06997908651828766,0.294933021068573,0.12464138865470886,,,,,,,,,,,
279,0.1823437511920929,0.1823437511920929,MoE-sBOED,0.04907703399658203,17856,1.9256789684295654,1.3730192184448242,0.07193375378847122,0.2827029824256897,0.12461027503013611,,,,,,,,,,,
280,0.19031250476837158,0.19031250476837158,MoE-sBOED,0.04928898811340332,17920,1.970629096031189,1.3747031688690186,0.07409832626581192,0.2763753831386566,0.12457876652479172,,,,,,,,,,,
281,0.18046875298023224,0.18046875298023224,MoE-sBOED,0.04915475845336914,17984,1.9874004125595093,1.377532958984375,0.07405410706996918,0.2746940851211548,0.12454427778720856,,,,,,,,,,,
282,0.2081250101327896,0.2081250101327896,MoE-sBOED,0.04943966865539551,18048,2.2012672424316406,1.3741180896759033,0.08072211593389511,0.2660539448261261,0.12448769062757492,,,,,,,,,,,
283,0.17249999940395355,0.17249999940395355,MoE-sBOED,0.0497126579284668,18112,2.064035415649414,1.37791109085083,0.07407224178314209,0.26926130056381226,0.12445734441280365,,,,,,,,,,,
284,0.17015625536441803,0.17015625536441803,MoE-sBOED,0.05002546310424805,18176,2.054262161254883,1.3766378164291382,0.07486151903867722,0.269304484128952,0.12448064237833023,,,,,,,,,,,
285,0.17906250059604645,0.17906250059604645,MoE-sBOED,0.04915022850036621,18240,1.9967849254608154,1.3754171133041382,0.07566817104816437,0.2701265215873718,0.12452343851327896,,,,,,,,,,,
286,0.19312500953674316,0.19312500953674316,MoE-sBOED,0.049518585205078125,18304,2.137408494949341,1.372602939605713,0.07902509719133377,0.2738637924194336,0.12454216182231903,,,,,,,,,,,
287,0.19499999284744263,0.19499999284744263,MoE-sBOED,0.04992175102233887,18368,2.0673584938049316,1.372718095779419,0.07637153565883636,0.27190256118774414,0.12459318339824677,,,,,,,,,,,
288,0.17624999582767487,0.17624999582767487,MoE-sBOED,0.049379825592041016,18432,1.947396993637085,1.3717150688171387,0.07840821892023087,0.27451634407043457,0.1246715784072876,,,,,,,,,,,
289,0.1771875023841858,0.1771875023841858,MoE-sBOED,0.04893612861633301,18496,2.023728847503662,1.3695335388183594,0.08435714244842529,0.26847171783447266,0.12470380961894989,,,,,,,,,,,
290,0.19218748807907104,0.19218748807907104,MoE-sBOED,0.0493161678314209,18560,2.07730770111084,1.3665974140167236,0.08807108551263809,0.2752429246902466,0.12470449507236481,,,,,,,,,,,
291,0.17390625178813934,0.17390625178813934,MoE-sBOED,0.048699140548706055,18624,2.0633127689361572,1.3698152303695679,0.08783336728811264,0.2713198661804199,0.1246955394744873,,,,,,,,,,,
292,0.18515625596046448,0.18515625596046448,MoE-sBOED,0.04935455322265625,18688,2.028292179107666,1.3712056875228882,0.08759164810180664,0.26379722356796265,0.12472642213106155,,,,,,,,,,,
293,0.18281249701976776,0.18281249701976776,MoE-sBOED,0.04947853088378906,18752,1.915435791015625,1.371748685836792,0.08392969518899918,0.27614960074424744,0.12475787848234177,,,,,,,,,,,
294,0.19734375178813934,0.19734375178813934,MoE-sBOED,0.04956650733947754,18816,1.9535659551620483,1.369006633758545,0.08809299021959305,0.27637362480163574,0.12479013949632645,,,,,,,,,,,
295,0.19640624523162842,0.19640624523162842,MoE-sBOED,0.04909777641296387,18880,1.9119614362716675,1.367855429649353,0.09006348997354507,0.281631737947464,0.12487272173166275,,,,,,,,,,,
296,0.1860937476158142,0.1860937476158142,MoE-sBOED,0.049622297286987305,18944,1.8444156646728516,1.369495153427124,0.08718536049127579,0.2907506823539734,0.12493308633565903,,,,,,,,,,,
297,0.18046875298023224,0.18046875298023224,MoE-sBOED,0.048505306243896484,19008,1.9211715459823608,1.3708785772323608,0.08682069927453995,0.29401490092277527,0.12493884563446045,,,,,,,,,,,
298,0.18187500536441803,0.18187500536441803,MoE-sBOED,0.04952645301818848,19072,1.8481554985046387,1.3705286979675293,0.08674556761980057,0.296663373708725,0.12494152784347534,,,,,,,,,,,
299,0.17343750596046448,0.17343750596046448,MoE-sBOED,0.048822879791259766,19136,1.912415862083435,1.3705265522003174,0.08431548625230789,0.3004538416862488,0.12494011223316193,,,,,,,,,,,
300,0.1889062523841858,0.1889062523841858,MoE-sBOED,0.04938387870788574,19200,1.883508563041687,1.3715105056762695,0.07939813286066055,0.305911123752594,0.12492857128381729,0.18796875,0.07484375000000001,3,0.5655001340169628,0.0234375,0.0078125,1,0.000234375,100.07484375,0,required
301,0.19312499463558197,0.19312499463558197,MoE-sBOED,0.04635143280029297,19264,2.137937545776367,1.3746848106384277,0.08467928320169449,0.29002460837364197,0.12485948950052261,,,,,,,,,,,
302,0.2006250023841858,0.2006250023841858,MoE-sBOED,0.04719829559326172,19328,2.1954288482666016,1.375219702720642,0.08365142345428467,0.28332048654556274,0.12481508404016495,,,,,,,,,,,
303,0.1837500035762787,0.1837500035762787,MoE-sBOED,0.04916739463806152,19392,2.129134178161621,1.3768393993377686,0.07746574282646179,0.2875966727733612,0.12482016533613205,,,,,,,,,,,
304,0.19968751072883606,0.19968751072883606,MoE-sBOED,0.04907941818237305,19456,2.1891350746154785,1.377005934715271,0.07880771905183792,0.28322553634643555,0.12479361891746521,,,,,,,,,,,
305,0.17671875655651093,0.17671875655651093,MoE-sBOED,0.04960322380065918,19520,2.1688144207000732,1.3782966136932373,0.07758356630802155,0.2852412164211273,0.12477011233568192,,,,,,,,,,,
306,0.19921875,0.19921875,MoE-sBOED,0.04914999008178711,19584,2.1893601417541504,1.3777048587799072,0.07999594509601593,0.2858881652355194,0.12477946281433105,,,,,,,,,,,
307,0.1809374988079071,0.1809374988079071,MoE-sBOED,0.049037933349609375,19648,1.9985768795013428,1.3765850067138672,0.07805179059505463,0.29748886823654175,0.12485572695732117,,,,,,,,,,,
308,0.18046875298023224,0.18046875298023224,MoE-sBOED,0.04967904090881348,19712,1.8958277702331543,1.3760137557983398,0.07780705392360687,0.3014887869358063,0.12490125000476837,,,,,,,,,,,
309,0.18140625953674316,0.18140625953674316,MoE-sBOED,0.04948616027832031,19776,1.7285850048065186,1.3736414909362793,0.07510226219892502,0.31016701459884644,0.12495405972003937,,,,,,,,,,,
310,0.19499999284744263,0.19499999284744263,MoE-sBOED,0.0494384765625,19840,1.802288293838501,1.3733246326446533,0.07593271881341934,0.31082117557525635,0.12496832758188248,,,,,,,,,,,
311,0.1954687535762787,0.1954687535762787,MoE-sBOED,0.04931354522705078,19904,1.843094825744629,1.3743019104003906,0.0745232105255127,0.30815815925598145,0.12492279708385468,,,,,,,,,,,
312,0.1795312464237213,0.1795312464237213,MoE-sBOED,0.04910087585449219,19968,1.9334101676940918,1.3749436140060425,0.07508138567209244,0.3030754327774048,0.12487562745809555,,,,,,,,,,,
313,0.19828125834465027,0.19828125834465027,MoE-sBOED,0.048499107360839844,20032,1.9349336624145508,1.3737764358520508,0.0737290158867836,0.3041083812713623,0.12488512694835663,,,,,,,,,,,
314,0.19687500596046448,0.19687500596046448,MoE-sBOED,0.04886054992675781,20096,1.8777084350585938,1.3740863800048828,0.07143379747867584,0.3028677701950073,0.12491530179977417,,,,,,,,,,,
315,0.1809374988079071,0.1809374988079071,MoE-sBOED,0.04905247688293457,20160,1.975071668624878,1.37412691116333,0.06891340762376785,0.29927927255630493,0.12489306926727295,,,,,,,,,,,
316,0.18515625596046448,0.18515625596046448,MoE-sBOED,0.048752784729003906,20224,2.144874095916748,1.3752721548080444,0.07258836925029755,0.2859606444835663,0.1248326450586319,,,,,,,,,,,
317,0.19640624523162842,0.19640624523162842,MoE-sBOED,0.04877591133117676,20288,2.1581382751464844,1.3756749629974365,0.07108426094055176,0.2826336622238159,0.12480924278497696,,,,,,,,,,,
318,0.17109376192092896,0.17109376192092896,MoE-sBOED,0.04944753646850586,20352,2.1986424922943115,1.37472665309906,0.07290088385343552,0.2776135802268982,0.12480966001749039,,,,,,,,,,,
319,0.18515625596046448,0.18515625596046448,MoE-sBOED,0.04944157600402832,20416,2.075603485107422,1.3749456405639648,0.06576380878686905,0.2865365147590637,0.12483841180801392,,,,,,,,,,,
320,0.1771875023841858,0.1771875023841858,MoE-sBOED,0.04912400245666504,20480,1.9040731191635132,1.3707542419433594,0.061966802924871445,0.30084285140037537,0.12491238117218018,,,,,,,,,,,
321,0.19968751072883606,0.19968751072883606,MoE-sBOED,0.04821419715881348,20544,1.929349660873413,1.3692525625228882,0.06732787936925888,0.29351234436035156,0.12497333437204361,,,,,,,,,,,
322,0.1875,0.1875,MoE-sBOED,0.049421072006225586,20608,1.8062419891357422,1.3661226034164429,0.06485679745674133,0.30541330575942993,0.12501463294029236,,,,,,,,,,,
323,0.1860937476158142,0.1860937476158142,MoE-sBOED,0.04839825630187988,20672,1.8517812490463257,1.3641602993011475,0.06545595079660416,0.30421149730682373,0.12504248321056366,,,,,,,,,,,
324,0.16828125715255737,0.16828125715255737,MoE-sBOED,0.04765772819519043,20736,1.8101372718811035,1.3614284992218018,0.06230555847287178,0.3152296543121338,0.12507091462612152,,,,,,,,,,,
325,0.17671874165534973,0.17671874165534973,MoE-sBOED,0.04893016815185547,20800,1.7993228435516357,1.3584520816802979,0.06461937725543976,0.3161075711250305,0.1251019835472107,0.187265625,0.071015625,6,1.2811038814262938,0.046875,0.0,1,0.0,100.071015625,0,required
326,0.18515624105930328,0.18515624105930328,MoE-sBOED,0.046312808990478516,20864,1.682198405265808,1.357273817062378,0.06384346634149551,0.32479599118232727,0.12515868246555328,,,,,,,,,,,
327,0.15984374284744263,0.15984374284744263,MoE-sBOED,0.04765677452087402,20928,1.7958052158355713,1.358266830444336,0.06558211892843246,0.31951630115509033,0.12513750791549683,,,,,,,,,,,
328,0.1978124976158142,0.1978124976158142,MoE-sBOED,0.0487675666809082,20992,1.8875612020492554,1.3596957921981812,0.069626584649086,0.3067024350166321,0.1250845342874527,,,,,,,,,,,
329,0.1860937476158142,0.1860937476158142,MoE-sBOED,0.048627614974975586,21056,1.8830006122589111,1.3598207235336304,0.06811438500881195,0.30668720602989197,0.12505879998207092,,,,,,,,,,,
330,0.18843749165534973,0.18843749165534973,MoE-sBOED,0.04918622970581055,21120,2.000838279724121,1.3624567985534668,0.0720696821808815,0.2946988046169281,0.12504999339580536,,,,,,,,,,,
331,0.18937501311302185,0.18937501311302185,MoE-sBOED,0.049126386642456055,21184,2.0300230979919434,1.3629367351531982,0.07127462327480316,0.2912600636482239,0.1250310242176056,,,,,,,,,,,
332,0.16875001788139343,0.16875001788139343,MoE-sBOED,0.05200076103210449,21248,1.9363899230957031,1.3585084676742554,0.06668831408023834,0.30839288234710693,0.12504033744335175,,,,,,,,,,,
333,0.17859375476837158,0.17859375476837158,MoE-sBOED,0.049066781997680664,21312,1.9249141216278076,1.3562368154525757,0.06939341127872467,0.30672961473464966,0.12508493661880493,,,,,,,,,,,
334,0.17859375476837158,0.17859375476837158,MoE-sBOED,0.049560546875,21376,1.8242366313934326,1.3512319326400757,0.06666234880685806,0.3199400305747986,0.12512114644050598,,,,,,,,,,,
335,0.19078125059604645,0.19078125059604645,MoE-sBOED,0.0483858585357666,21440,1.809239387512207,1.3519853353500366,0.06702617555856705,0.319195419549942,0.12518839538097382,,,,,,,,,,,
336,0.1912499964237213,0.1912499964237213,MoE-sBOED,0.049091339111328125,21504,1.893859624862671,1.3508248329162598,0.07642123848199844,0.3071986436843872,0.125248983502388,,,,,,,,,,,
337,0.19453126192092896,0.19453126192092896,MoE-sBOED,0.04967308044433594,21568,1.9211677312850952,1.3510758876800537,0.07364027947187424,0.30444708466529846,0.1252865493297577,,,,,,,,,,,
338,0.19593749940395355,0.19593749940395355,MoE-sBOED,0.049874067306518555,21632,1.864581823348999,1.348010778427124,0.07358119636774063,0.3044038712978363,0.12530052661895752,,,,,,,,,,,
339,0.17015627026557922,0.17015627026557922,MoE-sBOED,0.04905867576599121,21696,1.856369972229004,1.3535881042480469,0.06803561747074127,0.31518131494522095,0.12526935338974,,,,,,,,,,,
340,0.1860937476158142,0.1860937476158142,MoE-sBOED,0.049019575119018555,21760,2.156275510787964,1.3554344177246094,0.07755674421787262,0.27102088928222656,0.12523016333580017,,,,,,,,,,,
341,0.1889062523841858,0.1889062523841858,MoE-sBOED,0.049185752868652344,21824,2.1182212829589844,1.3554480075836182,0.07422659546136856,0.27210909128189087,0.1252257078886032,,,,,,,,,,,
342,0.1809374988079071,0.1809374988079071,MoE-sBOED,0.04984402656555176,21888,1.9453144073486328,1.3593337535858154,0.07042686641216278,0.2826767563819885,0.1252444088459015,,,,,,,,,,,
343,0.17812499403953552,0.17812499403953552,MoE-sBOED,0.04791092872619629,21952,2.146959066390991,1.349872350692749,0.07946370542049408,0.26006582379341125,0.12526674568653107,,,,,,,,,,,
344,0.18468749523162842,0.18468749523162842,MoE-sBOED,0.047989845275878906,22016,1.800961971282959,1.359308123588562,0.0674736425280571,0.29210028052330017,0.12532523274421692,,,,,,,,,,,
345,0.18046875298023224,0.18046875298023224,MoE-sBOED,0.049680233001708984,22080,1.822833776473999,1.3493878841400146,0.072367824614048,0.28455308079719543,0.1254177987575531,,,,,,,,,,,
346,0.1720312535762787,0.1720312535762787,MoE-sBOED,0.04924321174621582,22144,1.7456634044647217,1.353107213973999,0.07031232118606567,0.28960829973220825,0.12548388540744781,,,,,,,,,,,
347,0.1912499964237213,0.1912499964237213,MoE-sBOED,0.04934430122375488,22208,1.9859527349472046,1.346555471420288,0.08113265037536621,0.2614422142505646,0.1255103200674057,,,,,,,,,,,
348,0.18843750655651093,0.18843750655651093,MoE-sBOED,0.04961824417114258,22272,1.9940433502197266,1.3465917110443115,0.08028087019920349,0.26286280155181885,0.1255054473876953,,,,,,,,,,,
349,0.1809374988079071,0.1809374988079071,MoE-sBOED,0.04967808723449707,22336,2.1370670795440674,1.3477509021759033,0.08603473007678986,0.26616787910461426,0.12551364302635193,,,,,,,,,,,
350,0.18140625953674316,0.18140625953674316,MoE-sBOED,0.04887580871582031,22400,2.31943678855896,1.3518359661102295,0.09670267254114151,0.26593321561813354,0.12555919587612152,0.189609375,0.073359375,3,0.6638335101109748,0.0234375,0.0,1,0.0,100.073359375,0,required
351,0.19171875715255737,0.19171875715255737,MoE-sBOED,0.04647946357727051,22464,2.294797897338867,1.3483179807662964,0.10942479223012924,0.2719435691833496,0.12565907835960388,,,,,,,,,,,
352,0.1875,0.1875,MoE-sBOED,0.04692435264587402,22528,2.1091880798339844,1.3618199825286865,0.12077609449625015,0.2606775462627411,0.12586760520935059,,,,,,,,,,,
353,0.1940625011920929,0.1940625011920929,MoE-sBOED,0.047571659088134766,22592,2.1014461517333984,1.3507579565048218,0.14293928444385529,0.27417951822280884,0.1260581761598587,,,,,,,,,,,
354,0.1720312535762787,0.1720312535762787,MoE-sBOED,0.04986715316772461,22656,2.100238561630249,1.3502334356307983,0.14800354838371277,0.2694362998008728,0.12615162134170532,,,,,,,,,,,
355,0.2029687464237213,0.2029687464237213,MoE-sBOED,0.04932546615600586,22720,2.16894268989563,1.3435144424438477,0.1596815139055252,0.28156527876853943,0.12626861035823822,,,,,,,,,,,
356,0.17578125,0.17578125,MoE-sBOED,0.04924631118774414,22784,1.9768567085266113,1.347353458404541,0.16903667151927948,0.280579537153244,0.12647321820259094,,,,,,,,,,,
357,0.16968750953674316,0.16968750953674316,MoE-sBOED,0.049234867095947266,22848,2.0194432735443115,1.3451168537139893,0.1801770031452179,0.2782173156738281,0.12657837569713593,,,,,,,,,,,
358,0.18984374403953552,0.18984374403953552,MoE-sBOED,0.04943585395812988,22912,2.0653417110443115,1.3432434797286987,0.17735393345355988,0.2931629419326782,0.12654297053813934,,,,,,,,,,,
359,0.19031250476837158,0.19031250476837158,MoE-sBOED,0.04904985427856445,22976,2.137436628341675,1.3466670513153076,0.18361754715442657,0.3060852885246277,0.12653082609176636,,,,,,,,,,,
360,0.17015624046325684,0.17015624046325684,MoE-sBOED,0.049204111099243164,23040,2.083280563354492,1.3469336032867432,0.18436557054519653,0.3174222707748413,0.12658347189426422,,,,,,,,,,,
361,0.17015624046325684,0.17015624046325684,MoE-sBOED,0.04935860633850098,23104,1.930822730064392,1.350296974182129,0.17850163578987122,0.3173220753669739,0.1266867071390152,,,,,,,,,,,
362,0.17859375476837158,0.17859375476837158,MoE-sBOED,0.048903703689575195,23168,2.056661605834961,1.3456062078475952,0.17500150203704834,0.31666338443756104,0.12679752707481384,,,,,,,,,,,
363,0.18562501668930054,0.18562501668930054,MoE-sBOED,0.04902005195617676,23232,2.122486114501953,1.3443621397018433,0.1721436232328415,0.3133205473423004,0.12687337398529053,,,,,,,,,,,
364,0.1692187488079071,0.1692187488079071,MoE-sBOED,0.04878091812133789,23296,1.8952419757843018,1.3552179336547852,0.17109979689121246,0.30148980021476746,0.12696337699890137,,,,,,,,,,,
365,0.17671875655651093,0.17671875655651093,MoE-sBOED,0.04957723617553711,23360,1.646756649017334,1.3584421873092651,0.17410847544670105,0.2920159101486206,0.12710446119308472,,,,,,,,,,,
366,0.1692187488079071,0.1692187488079071,MoE-sBOED,0.049469947814941406,23424,1.607134222984314,1.3591833114624023,0.17578299343585968,0.28834354877471924,0.12720830738544464,,,,,,,,,,,
367,0.17015624046325684,0.17015624046325684,MoE-sBOED,0.049207210540771484,23488,1.5962111949920654,1.3626477718353271,0.1706913858652115,0.2870248556137085,0.12720029056072235,,,,,,,,,,,
368,0.18984374403953552,0.18984374403953552,MoE-sBOED,0.048911094665527344,23552,1.7395366430282593,1.3605064153671265,0.1668449193239212,0.2905072569847107,0.12718525528907776,,,,,,,,,,,
369,0.19968751072883606,0.19968751072883606,MoE-sBOED,0.049437522888183594,23616,1.7517638206481934,1.3548195362091064,0.1613747775554657,0.29841381311416626,0.12724953889846802,,,,,,,,,,,
370,0.1837500035762787,0.1837500035762787,MoE-sBOED,0.04910874366760254,23680,1.6806466579437256,1.3551466464996338,0.15301555395126343,0.298020601272583,0.1272597312927246,,,,,,,,,,,
371,0.18046875298023224,0.18046875298023224,MoE-sBOED,0.048645734786987305,23744,1.7803122997283936,1.3536418676376343,0.14409157633781433,0.2954515516757965,0.12721890211105347,,,,,,,,,,,
372,0.19171875715255737,0.19171875715255737,MoE-sBOED,0.04949474334716797,23808,1.7678321599960327,1.3568944931030273,0.1394648253917694,0.29245540499687195,0.12715214490890503,,,,,,,,,,,
373,0.18984374403953552,0.18984374403953552,MoE-sBOED,0.049234867095947266,23872,1.8818548917770386,1.357203483581543,0.1359984129667282,0.29437384009361267,0.12706127762794495,,,,,,,,,,,
374,0.17765626311302185,0.17765626311302185,MoE-sBOED,0.049100399017333984,23936,2.0085220336914062,1.3571453094482422,0.13422061502933502,0.299229234457016,0.12699860334396362,,,,,,,,,,,
375,0.19734375178813934,0.19734375178813934,MoE-sBOED,0.048797607421875,24000,2.0168776512145996,1.359370231628418,0.12985903024673462,0.2962661683559418,0.1269586831331253,0.187265625,0.07414062500000002,2,0.3111291548118492,0.015625,0.0078125,1,0.000234375,100.074140625,0,required
376,0.19312500953674316,0.19312500953674316,MoE-sBOED,0.046445608139038086,24064,2.0329244136810303,1.359074592590332,0.1291210949420929,0.29471033811569214,0.1269427090883255,,,,,,,,,,,
377,0.1771875023841858,0.1771875023841858,MoE-sBOED,0.047298431396484375,24128,2.0421500205993652,1.3612327575683594,0.130034938454628,0.29274100065231323,0.12696754932403564,,,,,,,,,,,
378,0.18046875298023224,0.18046875298023224,MoE-sBOED,0.04888296127319336,24192,2.1581006050109863,1.3643054962158203,0.13384486734867096,0.28699833154678345,0.12692908942699432,,,,,,,,,,,
379,0.1875,0.1875,MoE-sBOED,0.04919242858886719,24256,2.2924702167510986,1.3650944232940674,0.13498017191886902,0.28569459915161133,0.12688185274600983,,,,,,,,,,,
380,0.20203125476837158,0.20203125476837158,MoE-sBOED,0.04916739463806152,24320,2.473450183868408,1.3647656440734863,0.13619934022426605,0.2816985547542572,0.12685628235340118,,,,,,,,,,,
381,0.17296874523162842,0.17296874523162842,MoE-sBOED,0.049228668212890625,24384,2.4333126544952393,1.3677899837493896,0.13684307038784027,0.27758264541625977,0.12689673900604248,,,,,,,,,,,
382,0.19312499463558197,0.19312499463558197,MoE-sBOED,0.04931068420410156,24448,2.1817989349365234,1.3690999746322632,0.13257642090320587,0.2725915312767029,0.1270386427640915,,,,,,,,,,,
383,0.19312500953674316,0.19312500953674316,MoE-sBOED,0.0493464469909668,24512,1.9807970523834229,1.3671860694885254,0.1341739445924759,0.27733898162841797,0.1271955370903015,,,,,,,,,,,
384,0.1912499964237213,0.1912499964237213,MoE-sBOED,0.04928922653198242,24576,1.9858274459838867,1.3673032522201538,0.1329723745584488,0.2767089009284973,0.12730705738067627,,,,,,,,,,,
385,0.17531248927116394,0.17531248927116394,MoE-sBOED,0.04880023002624512,24640,2.370903968811035,1.3608312606811523,0.13031277060508728,0.2840689420700073,0.127348855137825,,,,,,,,,,,
386,0.18140625953674316,0.18140625953674316,MoE-sBOED,0.04865217208862305,24704,2.250065803527832,1.3664436340332031,0.13452191650867462,0.28136739134788513,0.12736505270004272,,,,,,,,,,,
387,0.18187499046325684,0.18187499046325684,MoE-sBOED,0.04889249801635742,24768,2.3027610778808594,1.3660653829574585,0.1353009045124054,0.28668349981307983,0.127372145652771,,,,,,,,,,,
388,0.17578125,0.17578125,MoE-sBOED,0.04902052879333496,24832,2.1296730041503906,1.3668956756591797,0.13200098276138306,0.28584200143814087,0.1273953765630722,,,,,,,,,,,
389,0.1912499964237213,0.1912499964237213,MoE-sBOED,0.04892539978027344,24896,2.1236765384674072,1.3633053302764893,0.13252997398376465,0.29364660382270813,0.1274859458208084,,,,,,,,,,,
390,0.1795312464237213,0.1795312464237213,MoE-sBOED,0.048847198486328125,24960,1.9413717985153198,1.3642572164535522,0.13794147968292236,0.29426103830337524,0.12765851616859436,,,,,,,,,,,
391,0.17625001072883606,0.17625001072883606,MoE-sBOED,0.04951310157775879,25024,1.7937228679656982,1.3619003295898438,0.14369697868824005,0.29208314418792725,0.1278858184814453,,,,,,,,,,,
392,0.1640625,0.1640625,MoE-sBOED,0.04901266098022461,25088,1.7372245788574219,1.362738013267517,0.14301154017448425,0.2926265597343445,0.12800279259681702,,,,,,,,,,,
393,0.17859375476837158,0.17859375476837158,MoE-sBOED,0.04961967468261719,25152,1.8302730321884155,1.356102705001831,0.13885588943958282,0.2966524362564087,0.12797941267490387,,,,,,,,,,,
394,0.1771875023841858,0.1771875023841858,MoE-sBOED,0.04896378517150879,25216,1.8126014471054077,1.359922170639038,0.14316192269325256,0.2912043035030365,0.12798458337783813,,,,,,,,,,,
395,0.1875,0.1875,MoE-sBOED,0.04914045333862305,25280,1.7824490070343018,1.3619216680526733,0.14008116722106934,0.28297024965286255,0.1280311495065689,,,,,,,,,,,
396,0.17812499403953552,0.17812499403953552,MoE-sBOED,0.049896240234375,25344,1.7690322399139404,1.3613256216049194,0.1395166963338852,0.2775302529335022,0.12804673612117767,,,,,,,,,,,
397,0.16875001788139343,0.16875001788139343,MoE-sBOED,0.048919677734375,25408,1.8461793661117554,1.3634393215179443,0.1395280361175537,0.2782242000102997,0.1280626654624939,,,,,,,,,,,
398,0.1626562476158142,0.1626562476158142,MoE-sBOED,0.04938149452209473,25472,1.9454654455184937,1.3653925657272339,0.14177019894123077,0.2791748046875,0.12811912596225739,,,,,,,,,,,
399,0.17906250059604645,0.17906250059604645,MoE-sBOED,0.04977726936340332,25536,1.900475263595581,1.36415696144104,0.14274099469184875,0.2818717360496521,0.1282041072845459,,,,,,,,,,,
400,0.18140625953674316,0.18140625953674316,MoE-sBOED,0.04881763458251953,25600,2.0879337787628174,1.357153296470642,0.1477080136537552,0.29451143741607666,0.1282322257757187,0.18609375,0.06984375000000001,3,0.8709704972571256,0.0234375,0.0,1,0.0,100.06984375,0,required
401,0.18468749523162842,0.18468749523162842,MoE-sBOED,0.04625344276428223,25664,1.8979047536849976,1.3622543811798096,0.15112267434597015,0.2898440361022949,0.12825925648212433,,,,,,,,,,,
402,0.1743749976158142,0.1743749976158142,MoE-sBOED,0.04746246337890625,25728,1.7678439617156982,1.3638737201690674,0.14873595535755157,0.2790977358818054,0.1283402293920517,,,,,,,,,,,
403,0.1875,0.1875,MoE-sBOED,0.04893326759338379,25792,1.8909209966659546,1.35885751247406,0.1474320888519287,0.28000009059906006,0.1284065991640091,,,,,,,,,,,
404,0.17859375476837158,0.17859375476837158,MoE-sBOED,0.04911661148071289,25856,1.749053955078125,1.3649009466171265,0.14540345966815948,0.27227938175201416,0.12847155332565308,,,,,,,,,,,
405,0.1926562637090683,0.1926562637090683,MoE-sBOED,0.049508094787597656,25920,1.795313835144043,1.3611831665039062,0.14433468878269196,0.2711854577064514,0.1285766065120697,,,,,,,,,,,
406,0.1875,0.1875,MoE-sBOED,0.04975128173828125,25984,1.6694583892822266,1.3657090663909912,0.1477917581796646,0.2638288140296936,0.1286909282207489,,,,,,,,,,,
407,0.18656250834465027,0.18656250834465027,MoE-sBOED,0.04855155944824219,26048,1.6487926244735718,1.3657125234603882,0.1485733538866043,0.2647401690483093,0.1287906914949417,,,,,,,,,,,
408,0.17390625178813934,0.17390625178813934,MoE-sBOED,0.048256635665893555,26112,1.5874743461608887,1.368436574935913,0.1508835107088089,0.2636249363422394,0.12878714501857758,,,,,,,,,,,
409,0.18937499821186066,0.18937499821186066,MoE-sBOED,0.048940420150756836,26176,1.6567529439926147,1.366085410118103,0.1489979773759842,0.27216821908950806,0.128723606467247,,,,,,,,,,,
410,0.17859375476837158,0.17859375476837158,MoE-sBOED,0.048691511154174805,26240,1.6855944395065308,1.3669421672821045,0.14802801609039307,0.27836835384368896,0.1286873072385788,,,,,,,,,,,
411,0.17390625178813934,0.17390625178813934,MoE-sBOED,0.04842734336853027,26304,1.7740561962127686,1.3661507368087769,0.14539480209350586,0.2856292724609375,0.1286592036485672,,,,,,,,,,,
412,0.17859375476837158,0.17859375476837158,MoE-sBOED,0.04964566230773926,26368,1.8492133617401123,1.3621749877929688,0.14095261693000793,0.2904912233352661,0.12866786122322083,,,,,,,,,,,
413,0.18703125417232513,0.18703125417232513,MoE-sBOED,0.04890131950378418,26432,1.843540072441101,1.3621189594268799,0.13639356195926666,0.2855769395828247,0.12869155406951904,,,,,,,,,,,
414,0.1875,0.1875,MoE-sBOED,0.04879403114318848,26496,1.7932995557785034,1.3620755672454834,0.13618572056293488,0.27866923809051514,0.1287042796611786,,,,,,,,,,,
415,0.18562501668930054,0.18562501668930054,MoE-sBOED,0.04949378967285156,26560,1.7790944576263428,1.3632707595825195,0.13394752144813538,0.2728097438812256,0.12871280312538147,,,,,,,,,,,
416,0.1823437511920929,0.1823437511920929,MoE-sBOED,0.04884529113769531,26624,1.842231273651123,1.3607490062713623,0.13029135763645172,0.2719436287879944,0.12868139147758484,,,,,,,,,,,
417,0.1875,0.1875,MoE-sBOED,0.04893803596496582,26688,1.9218645095825195,1.366917610168457,0.13544800877571106,0.276883065700531,0.12858055531978607,,,,,,,,,,,
418,0.17906251549720764,0.17906251549720764,MoE-sBOED,0.04954957962036133,26752,1.9479153156280518,1.3654961585998535,0.13140548765659332,0.278626412153244,0.12845999002456665,,,,,,,,,,,
419,0.1692187488079071,0.1692187488079071,MoE-sBOED,0.04912734031677246,26816,2.1323626041412354,1.359684705734253,0.12587016820907593,0.29542332887649536,0.1284346580505371,,,,,,,,,,,
420,0.17812500894069672,0.17812500894069672,MoE-sBOED,0.0490717887878418,26880,2.0615060329437256,1.3611844778060913,0.12968942523002625,0.29671192169189453,0.12848421931266785,,,,,,,,,,,
421,0.1912499964237213,0.1912499964237213,MoE-sBOED,0.04880094528198242,26944,2.0858726501464844,1.3589500188827515,0.12936758995056152,0.2954035997390747,0.12857957184314728,,,,,,,,,,,
422,0.18984375894069672,0.18984375894069672,MoE-sBOED,0.04943370819091797,27008,1.9545011520385742,1.3638461828231812,0.13127395510673523,0.28853610157966614,0.12862223386764526,,,,,,,,,,,
423,0.18468749523162842,0.18468749523162842,MoE-sBOED,0.04948925971984863,27072,1.9567899703979492,1.3619143962860107,0.1314438432455063,0.29428738355636597,0.1287280172109604,,,,,,,,,,,
424,0.17624999582767487,0.17624999582767487,MoE-sBOED,0.04916048049926758,27136,1.8241159915924072,1.3602244853973389,0.13160143792629242,0.2989647388458252,0.12883570790290833,,,,,,,,,,,
425,0.17484375834465027,0.17484375834465027,MoE-sBOED,0.04880833625793457,27200,1.7827953100204468,1.361101508140564,0.131710484623909,0.29989030957221985,0.12885572016239166,0.18656250000000002,0.07343750000000002,5,0.49152590101464066,0.0390625,0.0078125,1,0.000234375,100.0734375,0,required
426,0.16687500476837158,0.16687500476837158,MoE-sBOED,0.0464169979095459,27264,1.702967882156372,1.363127589225769,0.13344669342041016,0.2939634919166565,0.1288921982049942,,,,,,,,,,,
427,0.17906250059604645,0.17906250059604645,MoE-sBOED,0.04730367660522461,27328,1.6643755435943604,1.3625602722167969,0.1344437599182129,0.29253995418548584,0.128902867436409,,,,,,,,,,,
428,0.1860937476158142,0.1860937476158142,MoE-sBOED,0.0487370491027832,27392,1.7235254049301147,1.3596141338348389,0.13175150752067566,0.29414305090904236,0.12884770333766937,,,,,,,,,,,
429,0.17249999940395355,0.17249999940395355,MoE-sBOED,0.04882645606994629,27456,1.6293888092041016,1.365089774131775,0.13859347999095917,0.2843385934829712,0.1287335753440857,,,,,,,,,,,
430,0.1875,0.1875,MoE-sBOED,0.049454689025878906,27520,1.826582908630371,1.3580808639526367,0.13108430802822113,0.2993827760219574,0.1286407709121704,,,,,,,,,,,
431,0.1875,0.1875,MoE-sBOED,0.04947614669799805,27584,1.8671789169311523,1.3582204580307007,0.12869739532470703,0.3010913133621216,0.12859423458576202,,,,,,,,,,,
432,0.19312500953674316,0.19312500953674316,MoE-sBOED,0.04934406280517578,27648,1.948744297027588,1.3612060546875,0.12296981364488602,0.2977796792984009,0.12852975726127625,,,,,,,,,,,
433,0.17484374344348907,0.17484374344348907,MoE-sBOED,0.07475900650024414,27712,2.026411533355713,1.3613399267196655,0.12140214443206787,0.29338034987449646,0.12845824658870697,,,,,,,,,,,
434,0.1823437511920929,0.1823437511920929,MoE-sBOED,0.05549001693725586,27776,2.115492820739746,1.3619054555892944,0.11341337114572525,0.2946613132953644,0.12840551137924194,,,,,,,,,,,
435,0.17250001430511475,0.17250001430511475,MoE-sBOED,0.06298112869262695,27840,2.177445650100708,1.3643372058868408,0.11270121484994888,0.2949984669685364,0.12834686040878296,,,,,,,,,,,
436,0.19359374046325684,0.19359374046325684,MoE-sBOED,0.05193138122558594,27904,2.2678468227386475,1.363220453262329,0.10938949137926102,0.29636842012405396,0.12827306985855103,,,,,,,,,,,
437,0.1720312535762787,0.1720312535762787,MoE-sBOED,0.050478458404541016,27968,2.201179027557373,1.3669965267181396,0.11402177810668945,0.2913615107536316,0.12820808589458466,,,,,,,,,,,
438,0.19734375178813934,0.19734375178813934,MoE-sBOED,0.04890036582946777,28032,2.408085346221924,1.3662388324737549,0.10819873213768005,0.2917081117630005,0.12813891470432281,,,,,,,,,,,
439,0.19359375536441803,0.19359375536441803,MoE-sBOED,0.050214290618896484,28096,2.1982414722442627,1.368553876876831,0.10753784328699112,0.2838175892829895,0.1281750649213791,,,,,,,,,,,
440,0.18796874582767487,0.1942187398672104,MoE-sBOED,0.06307125091552734,28160,2.0273256301879883,1.3685377836227417,0.10914279520511627,0.27511709928512573,0.12830854952335358,,,,,,,,,,,
441,0.18656250834465027,0.18656250834465027,MoE-sBOED,0.053050994873046875,28224,1.9711641073226929,1.3688873052597046,0.11090467870235443,0.27054309844970703,0.1284169852733612,,,,,,,,,,,
442,0.17625001072883606,0.17625001072883606,MoE-sBOED,0.06571078300476074,28288,1.783124327659607,1.3693369626998901,0.10750257223844528,0.28678086400032043,0.1284821331501007,,,,,,,,,,,
443,0.18187500536441803,0.18187500536441803,MoE-sBOED,0.05069470405578613,28352,1.7600935697555542,1.3683421611785889,0.10663441568613052,0.2943893074989319,0.12849926948547363,,,,,,,,,,,
444,0.1837500035762787,0.1837500035762787,MoE-sBOED,0.05053877830505371,28416,1.864615797996521,1.3678646087646484,0.10455780476331711,0.29484823346138,0.12844164669513702,,,,,,,,,,,
445,0.1940625011920929,0.1940625011920929,MoE-sBOED,0.05010652542114258,28480,1.88296639919281,1.3696269989013672,0.10432253032922745,0.2995854318141937,0.12836705148220062,,,,,,,,,,,
446,0.17484375834465027,0.17484375834465027,MoE-sBOED,0.04931950569152832,28544,1.9536470174789429,1.3692195415496826,0.10299624502658844,0.29877105355262756,0.12834280729293823,,,,,,,,,,,
447,0.17859375476837158,0.17859375476837158,MoE-sBOED,0.048892974853515625,28608,1.9030332565307617,1.3698885440826416,0.10106309503316879,0.3004259467124939,0.1283779740333557,,,,,,,,,,,
448,0.16499999165534973,0.16499999165534973,MoE-sBOED,0.06431102752685547,28672,1.778968334197998,1.3706531524658203,0.10030131042003632,0.3014795184135437,0.12849272787570953,,,,,,,,,,,
449,0.17343750596046448,0.17343750596046448,MoE-sBOED,0.05555605888366699,28736,1.7613804340362549,1.369704246520996,0.10098597407341003,0.2995225191116333,0.12861181795597076,,,,,,,,,,,
450,0.1860937476158142,0.1860937476158142,MoE-sBOED,0.06374287605285645,28800,1.7785310745239258,1.3683154582977295,0.0985398069024086,0.3003078103065491,0.128733292222023,0.184921875,0.07179687500000001,2,0.045688389073983635,0.015625,0.0078125,1,0.000234375,100.071796875,0,required
451,0.16828125715255737,0.16828125715255737,MoE-sBOED,0.045993804931640625,28864,1.6276167631149292,1.3674132823944092,0.09649140387773514,0.30288463830947876,0.12883508205413818,,,,,,,,,,,
452,0.19453126192092896,0.19453126192092896,MoE-sBOED,0.04725837707519531,28928,1.6693098545074463,1.3681776523590088,0.09409449249505997,0.2936236262321472,0.12890297174453735,,,,,,,,,,,
453,0.17015625536441803,0.17015625536441803,MoE-sBOED,0.04904985427856445,28992,1.4956538677215576,1.3672335147857666,0.09202530980110168,0.30044829845428467,0.12896695733070374,,,,,,,,,,,
454,0.1654687523841858,0.1654687523841858,MoE-sBOED,0.04976201057434082,29056,1.5942986011505127,1.3674850463867188,0.0912797749042511,0.2976924777030945,0.12900999188423157,,,,,,,,,,,
455,0.1860937476158142,0.1860937476158142,MoE-sBOED,0.04886436462402344,29120,1.5883725881576538,1.3653247356414795,0.09108776599168777,0.3022409677505493,0.12900924682617188,,,,,,,,,,,
456,0.18843749165534973,0.18843749165534973,MoE-sBOED,0.04868960380554199,29184,1.7097333669662476,1.3641672134399414,0.09199713170528412,0.2937096953392029,0.12898194789886475,,,,,,,,,,,
457,0.18000000715255737,0.18000000715255737,MoE-sBOED,0.04942607879638672,29248,1.6247506141662598,1.3649758100509644,0.09275632351636887,0.30039405822753906,0.12898673117160797,,,,,,,,,,,
458,0.18046875298023224,0.18046875298023224,MoE-sBOED,0.04937124252319336,29312,1.6940209865570068,1.365753173828125,0.09240660071372986,0.29391512274742126,0.12901060283184052,,,,,,,,,,,
459,0.1964062601327896,0.1964062601327896,MoE-sBOED,0.04973316192626953,29376,1.7664170265197754,1.36684250831604,0.09233739972114563,0.2835942208766937,0.12900695204734802,,,,,,,,,,,
460,0.17343750596046448,0.17343750596046448,MoE-sBOED,0.049622535705566406,29440,1.6258848905563354,1.3678297996520996,0.0934453159570694,0.28357934951782227,0.12900158762931824,,,,,,,,,,,
461,0.1771875023841858,0.1771875023841858,MoE-sBOED,0.04688262939453125,29504,1.7699174880981445,1.3677709102630615,0.09399451315402985,0.2707068920135498,0.12899751961231232,,,,,,,,,,,
462,0.19453126192092896,0.19453126192092896,MoE-sBOED,0.04846787452697754,29568,1.8068594932556152,1.36589515209198,0.0958540067076683,0.27367275953292847,0.12899552285671234,,,,,,,,,,,
463,0.1743749976158142,0.1743749976158142,MoE-sBOED,0.048964500427246094,29632,1.722198486328125,1.3664329051971436,0.09578608721494675,0.26917070150375366,0.1289619356393814,,,,,,,,,,,
464,0.19453124701976776,0.19453124701976776,MoE-sBOED,0.04927468299865723,29696,1.9857534170150757,1.3627967834472656,0.09630928188562393,0.2650453448295593,0.12893961369991302,,,,,,,,,,,
465,0.16171875596046448,0.16171875596046448,MoE-sBOED,0.048393964767456055,29760,1.7863337993621826,1.3646628856658936,0.10187394171953201,0.27082836627960205,0.12893275916576385,,,,,,,,,,,
466,0.17859375476837158,0.17859375476837158,MoE-sBOED,0.0516209602355957,29824,1.9166682958602905,1.3602941036224365,0.10305774211883545,0.27307671308517456,0.12890535593032837,,,,,,,,,,,
467,0.17906250059604645,0.17906250059604645,MoE-sBOED,0.050536394119262695,29888,1.9534472227096558,1.3599838018417358,0.10315099358558655,0.27571335434913635,0.12882211804389954,,,,,,,,,,,
468,0.1837500035762787,0.1837500035762787,MoE-sBOED,0.04982328414916992,29952,2.038087844848633,1.3559796810150146,0.09810204058885574,0.27768731117248535,0.12877318263053894,,,,,,,,,,,
469,0.1875,0.1875,MoE-sBOED,0.050516366958618164,30016,1.9971320629119873,1.3576200008392334,0.10252629220485687,0.27344220876693726,0.128768652677536,,,,,,,,,,,
470,0.18703123927116394,0.18703123927116394,MoE-sBOED,0.04947972297668457,30080,1.9292612075805664,1.3578442335128784,0.10371635854244232,0.26937878131866455,0.12879285216331482,,,,,,,,,,,
471,0.1889062523841858,0.1889062523841858,MoE-sBOED,0.05682706832885742,30144,1.8746488094329834,1.3597676753997803,0.10589197278022766,0.2674473822116852,0.12884238362312317,,,,,,,,,,,
472,0.1678124964237213,0.1678124964237213,MoE-sBOED,0.062120914459228516,30208,1.9030027389526367,1.3614352941513062,0.10328638553619385,0.2665662467479706,0.12884686887264252,,,,,,,,,,,
473,0.18796876072883606,0.18796876072883606,MoE-sBOED,0.05022096633911133,30272,1.9797618389129639,1.3585634231567383,0.10435463488101959,0.27043116092681885,0.12882661819458008,,,,,,,,,,,
474,0.20203125476837158,0.20203125476837158,MoE-sBOED,0.04860043525695801,30336,1.9600012302398682,1.355597734451294,0.10383478552103043,0.2707698941230774,0.12887580692768097,,,,,,,,,,,
475,0.17859375476837158,0.17859375476837158,MoE-sBOED,0.04944586753845215,30400,1.9220161437988281,1.352129340171814,0.10579568892717361,0.27436721324920654,0.12895707786083221,0.185859375,0.07273437500000002,4,0.5804184348363723,0.03125,0.0078125,1,0.000234375,100.072734375,0,required
476,0.1771875023841858,0.1771875023841858,MoE-sBOED,0.0463869571685791,30464,2.0836410522460938,1.3472328186035156,0.1055716797709465,0.278258740901947,0.12895703315734863,,,,,,,,,,,
477,0.1889062523841858,0.1889062523841858,MoE-sBOED,0.04764223098754883,30528,2.1409363746643066,1.3464608192443848,0.10358721762895584,0.2779877185821533,0.1289224624633789,,,,,,,,,,,
478,0.17156249284744263,0.17156249284744263,MoE-sBOED,0.049147605895996094,30592,2.1921908855438232,1.3503148555755615,0.1052752286195755,0.2735857665538788,0.12886929512023926,,,,,,,,,,,
479,0.17296874523162842,0.17296874523162842,MoE-sBOED,0.049798011779785156,30656,2.122605323791504,1.353830099105835,0.10378469526767731,0.2702476382255554,0.12880508601665497,,,,,,,,,,,
480,0.18046876788139343,0.18046876788139343,MoE-sBOED,0.04822397232055664,30720,2.224719285964966,1.3529164791107178,0.09917647391557693,0.27132341265678406,0.12877850234508514,,,,,,,,,,,
481,0.18000000715255737,0.18000000715255737,MoE-sBOED,0.049551963806152344,30784,2.2288451194763184,1.3527816534042358,0.09982895851135254,0.27188563346862793,0.1288256198167801,,,,,,,,,,,
482,0.16828125715255737,0.16828125715255737,MoE-sBOED,0.048996925354003906,30848,2.065840005874634,1.3533748388290405,0.10372425615787506,0.2712973952293396,0.12893396615982056,,,,,,,,,,,
483,0.18046875298023224,0.18046875298023224,MoE-sBOED,0.04913043975830078,30912,2.174196243286133,1.3491606712341309,0.10220266878604889,0.27430039644241333,0.129050612449646,,,,,,,,,,,
484,0.17859375476837158,0.17859375476837158,MoE-sBOED,0.05151224136352539,30976,2.0416460037231445,1.3471959829330444,0.11020372807979584,0.2771783471107483,0.1291394680738449,,,,,,,,,,,
485,0.17578125,0.17578125,MoE-sBOED,0.06347918510437012,31040,2.108994722366333,1.3384196758270264,0.10679265856742859,0.2789170742034912,0.1292160153388977,,,,,,,,,,,
486,0.18140625953674316,0.18140625953674316,MoE-sBOED,0.050833702087402344,31104,2.1583633422851562,1.3345073461532593,0.10347044467926025,0.28051742911338806,0.12924359738826752,,,,,,,,,,,
487,0.18328124284744263,0.18328124284744263,MoE-sBOED,0.07457184791564941,31168,2.008174419403076,1.3360025882720947,0.10501257330179214,0.28355345129966736,0.12923941016197205,,,,,,,,,,,
488,0.18140624463558197,0.18140624463558197,MoE-sBOED,0.05073976516723633,31232,1.8582934141159058,1.3362945318222046,0.1065952405333519,0.28664618730545044,0.12925948202610016,,,,,,,,,,,
489,0.1720312535762787,0.1720312535762787,MoE-sBOED,0.04993581771850586,31296,2.0093026161193848,1.3286261558532715,0.09855353832244873,0.28126856684684753,0.12927991151809692,,,,,,,,,,,
490,0.18187499046325684,0.18187499046325684,MoE-sBOED,0.049311161041259766,31360,1.9618338346481323,1.3255615234375,0.10187602043151855,0.27408647537231445,0.12929457426071167,,,,,,,,,,,
491,0.18656249344348907,0.18656249344348907,MoE-sBOED,0.04956698417663574,31424,1.891758918762207,1.32477605342865,0.10089726001024246,0.27400606870651245,0.1292858123779297,,,,,,,,,,,
492,0.18703125417232513,0.18703125417232513,MoE-sBOED,0.049623727798461914,31488,2.0488359928131104,1.327319622039795,0.09616953879594803,0.27115464210510254,0.12929829955101013,,,,,,,,,,,
493,0.18000000715255737,0.18000000715255737,MoE-sBOED,0.049498558044433594,31552,2.0694587230682373,1.331162929534912,0.09634964913129807,0.2737305164337158,0.12931153178215027,,,,,,,,,,,
494,0.18843749165534973,0.18843749165534973,MoE-sBOED,0.05764961242675781,31616,2.1064653396606445,1.3332785367965698,0.09557615965604782,0.2743900418281555,0.12930317223072052,,,,,,,,,,,
495,0.17296874523162842,0.17296874523162842,MoE-sBOED,0.049538612365722656,31680,2.0652408599853516,1.3378088474273682,0.09612397104501724,0.2700514793395996,0.12927871942520142,,,,,,,,,,,
496,0.18843750655651093,0.18843750655651093,MoE-sBOED,0.04989218711853027,31744,2.1124227046966553,1.339310646057129,0.09507405757904053,0.27025431394577026,0.12924350798130035,,,,,,,,,,,
497,0.17249999940395355,0.17249999940395355,MoE-sBOED,0.049103736877441406,31808,1.960536003112793,1.3399204015731812,0.09712568670511246,0.2773950397968292,0.1292809396982193,,,,,,,,,,,
498,0.18562500178813934,0.18562500178813934,MoE-sBOED,0.04866743087768555,31872,1.9464010000228882,1.3343687057495117,0.09759455174207687,0.27716976404190063,0.12932470440864563,,,,,,,,,,,
499,0.18843750655651093,0.18843750655651093,MoE-sBOED,0.0497894287109375,31936,1.8600358963012695,1.330308198928833,0.10102616250514984,0.27199310064315796,0.1293918639421463,,,,,,,,,,,
500,0.1612500101327896,0.1612500101327896,MoE-sBOED,0.050411224365234375,32000,1.804572582244873,1.3314337730407715,0.10155582427978516,0.27426502108573914,0.12942765653133392,0.186328125,0.07320312500000001,2,0.3612835722709638,0.015625,0.0078125,1,0.000234375,100.073203125,0,required
501,0.17765624821186066,0.17765624821186066,MoE-sBOED,0.046245574951171875,32064,1.851999044418335,1.3311069011688232,0.10306394100189209,0.2677459716796875,0.12942296266555786,,,,,,,,,,,
502,0.1706250011920929,0.1706250011920929,MoE-sBOED,0.04741549491882324,32128,1.943530797958374,1.3336232900619507,0.1038149893283844,0.27079349756240845,0.129367396235466,,,,,,,,,,,
503,0.17859375476837158,0.17859375476837158,MoE-sBOED,0.049247026443481445,32192,2.0123958587646484,1.3351614475250244,0.10291485488414764,0.2720668911933899,0.12932132184505463,,,,,,,,,,,
504,0.17906250059604645,0.17906250059604645,MoE-sBOED,0.0489962100982666,32256,1.9661540985107422,1.340707540512085,0.10404012352228165,0.26468199491500854,0.1293593794107437,,,,,,,,,,,
505,0.1809374988079071,0.1809374988079071,MoE-sBOED,0.049114227294921875,32320,1.8852653503417969,1.341223955154419,0.10655750334262848,0.25875526666641235,0.12952816486358643,,,,,,,,,,,
506,0.18281251192092896,0.18281251192092896,MoE-sBOED,0.04858112335205078,32384,1.8409284353256226,1.3425172567367554,0.10701683908700943,0.26011794805526733,0.12967829406261444,,,,,,,,,,,
507,0.17484375834465027,0.17484375834465027,MoE-sBOED,0.048354148864746094,32448,1.8249619007110596,1.3453357219696045,0.11021576076745987,0.2621062994003296,0.12975628674030304,,,,,,,,,,,
508,0.18140625953674316,0.18140625953674316,MoE-sBOED,0.04940438270568848,32512,1.8144197463989258,1.3437765836715698,0.11084529012441635,0.2604976296424866,0.12984783947467804,,,,,,,,,,,
509,0.1795312464237213,0.1795312464237213,MoE-sBOED,0.04944109916687012,32576,1.7317702770233154,1.3448588848114014,0.11264872550964355,0.2612832486629486,0.1299373209476471,,,,,,,,,,,
510,0.17765624821186066,0.17765624821186066,MoE-sBOED,0.04973936080932617,32640,1.707959532737732,1.3432185649871826,0.11359577625989914,0.26306766271591187,0.13002939522266388,,,,,,,,,,,
511,0.18843749165534973,0.18843749165534973,MoE-sBOED,0.04910445213317871,32704,1.766884207725525,1.3399871587753296,0.11441097408533096,0.2667572498321533,0.13014912605285645,,,,,,,,,,,
512,0.18328124284744263,0.18328124284744263,MoE-sBOED,0.04986977577209473,32768,1.739978551864624,1.3388484716415405,0.11477705091238022,0.26600390672683716,0.13023672997951508,,,,,,,,,,,
513,0.18656250834465027,0.18656250834465027,MoE-sBOED,0.04893183708190918,32832,1.6474274396896362,1.3470438718795776,0.11954709142446518,0.2666245698928833,0.1302521973848343,,,,,,,,,,,
514,0.1785937398672104,0.1785937398672104,MoE-sBOED,0.04847145080566406,32896,1.9283103942871094,1.3429460525512695,0.11476787179708481,0.27487218379974365,0.13020701706409454,,,,,,,,,,,
515,0.19078126549720764,0.19078126549720764,MoE-sBOED,0.04972410202026367,32960,2.0306432247161865,1.3464674949645996,0.11248265206813812,0.2722577750682831,0.13022053241729736,,,,,,,,,,,
516,0.16640624403953552,0.16640624403953552,MoE-sBOED,0.04910755157470703,33024,1.817978858947754,1.3523029088974,0.11889670044183731,0.27763646841049194,0.13038799166679382,,,,,,,,,,,
517,0.1720312535762787,0.1720312535762787,MoE-sBOED,0.049428462982177734,33088,1.7257812023162842,1.3538663387298584,0.1193835586309433,0.2832905650138855,0.13048741221427917,,,,,,,,,,,
518,0.18187500536441803,0.18187500536441803,MoE-sBOED,0.04891014099121094,33152,1.8728173971176147,1.3483169078826904,0.11249823123216629,0.2804020643234253,0.1305416375398636,,,,,,,,,,,
519,0.17578125,0.17578125,MoE-sBOED,0.04909563064575195,33216,1.8983769416809082,1.3502025604248047,0.11188308149576187,0.2835257947444916,0.1305728405714035,,,,,,,,,,,
520,0.17859375476837158,0.17859375476837158,MoE-sBOED,0.04879331588745117,33280,1.8216700553894043,1.3510831594467163,0.11210513114929199,0.28976523876190186,0.13062222301959991,,,,,,,,,,,
521,0.1795312464237213,0.1795312464237213,MoE-sBOED,0.049280643463134766,33344,1.7868613004684448,1.3506563901901245,0.11317270249128342,0.29493606090545654,0.13069020211696625,,,,,,,,,,,
522,0.18937501311302185,0.18937501311302185,MoE-sBOED,0.048880577087402344,33408,1.847125768661499,1.3526625633239746,0.10995440930128098,0.29632118344306946,0.13076233863830566,,,,,,,,,,,
523,0.18187500536441803,0.18187500536441803,MoE-sBOED,0.04912972450256348,33472,1.7613632678985596,1.354349136352539,0.11198340356349945,0.30118468403816223,0.13083003461360931,,,,,,,,,,,
524,0.1654687523841858,0.1654687523841858,MoE-sBOED,0.04763174057006836,33536,1.9232070446014404,1.3551065921783447,0.1075618639588356,0.3009403944015503,0.13081374764442444,,,,,,,,,,,
525,0.1823437511920929,0.1823437511920929,MoE-sBOED,0.04915976524353027,33600,1.937849998474121,1.3567203283309937,0.10687009245157242,0.29862233996391296,0.13072457909584045,0.19078125,0.07765625000000001,6,1.320415676963898,0.046875,0.0078125,1,0.000234375,100.07765625,0,required
526,0.18703125417232513,0.18703125417232513,MoE-sBOED,0.046157121658325195,33664,2.2137417793273926,1.3571003675460815,0.09740709513425827,0.28530973196029663,0.13063335418701172,,,,,,,,,,,
527,0.1940625011920929,0.1940625011920929,MoE-sBOED,0.047069549560546875,33728,2.133864402770996,1.358384370803833,0.10372985154390335,0.28527188301086426,0.13064247369766235,,,,,,,,,,,
528,0.18984374403953552,0.18984374403953552,MoE-sBOED,0.04877066612243652,33792,2.03908109664917,1.357863426208496,0.10373499244451523,0.28925034403800964,0.13073325157165527,,,,,,,,,,,
529,0.18703123927116394,0.18703123927116394,MoE-sBOED,0.049191951751708984,33856,1.8929790258407593,1.3574912548065186,0.10794951766729355,0.29821544885635376,0.13080766797065735,,,,,,,,,,,
530,0.19499999284744263,0.19499999284744263,MoE-sBOED,0.04915356636047363,33920,1.9065361022949219,1.3546597957611084,0.10785353183746338,0.30198177695274353,0.13088935613632202,,,,,,,,,,,
531,0.1889062523841858,0.1889062523841858,MoE-sBOED,0.04973554611206055,33984,1.7185897827148438,1.352734923362732,0.11448854953050613,0.31645360589027405,0.13092127442359924,,,,,,,,,,,
532,0.16593749821186066,0.16593749821186066,MoE-sBOED,0.04994392395019531,34048,1.90651535987854,1.3512227535247803,0.10907912999391556,0.3106187582015991,0.13090771436691284,,,,,,,,,,,
533,0.1706250011920929,0.1706250011920929,MoE-sBOED,0.04911017417907715,34112,1.8580596446990967,1.3481687307357788,0.1101282611489296,0.32220256328582764,0.13091668486595154,,,,,,,,,,,
534,0.1626562476158142,0.1626562476158142,MoE-sBOED,0.04892754554748535,34176,1.8051645755767822,1.3467636108398438,0.1140119805932045,0.32840561866760254,0.13091804087162018,,,,,,,,,,,
535,0.1823437511920929,0.1823437511920929,MoE-sBOED,0.04870915412902832,34240,1.9748401641845703,1.3488948345184326,0.10929761081933975,0.31528976559638977,0.1309211552143097,,,,,,,,,,,
536,0.19593749940395355,0.19593749940395355,MoE-sBOED,0.04837608337402344,34304,1.9815492630004883,1.3491606712341309,0.10693484544754028,0.31387412548065186,0.13094551861286163,,,,,,,,,,,
537,0.16640624403953552,0.16640624403953552,MoE-sBOED,0.04971122741699219,34368,1.6838982105255127,1.348315954208374,0.11646641790866852,0.3266618251800537,0.13097283244132996,,,,,,,,,,,
538,0.19640624523162842,0.19640624523162842,MoE-sBOED,0.05008435249328613,34432,1.819922924041748,1.3539131879806519,0.1082044169306755,0.30628126859664917,0.13099771738052368,,,,,,,,,,,
539,0.17906250059604645,0.17906250059604645,MoE-sBOED,0.04961657524108887,34496,1.6612977981567383,1.3583507537841797,0.1122952550649643,0.30480533838272095,0.13101579248905182,,,,,,,,,,,
540,0.17156249284744263,0.17156249284744263,MoE-sBOED,0.04958152770996094,34560,1.6211824417114258,1.3600672483444214,0.11196652799844742,0.29847604036331177,0.13101978600025177,,,,,,,,,,,
541,0.1809374988079071,0.1809374988079071,MoE-sBOED,0.04961037635803223,34624,1.612955093383789,1.3616083860397339,0.11271760612726212,0.2920974791049957,0.13108500838279724,,,,,,,,,,,
542,0.17671875655651093,0.17671875655651093,MoE-sBOED,0.04967546463012695,34688,1.5596126317977905,1.3624258041381836,0.11264295130968094,0.2895561456680298,0.13115008175373077,,,,,,,,,,,
543,0.1889062523841858,0.1889062523841858,MoE-sBOED,0.049047231674194336,34752,1.7832553386688232,1.364672064781189,0.10761089622974396,0.2821359634399414,0.13116542994976044,,,,,,,,,,,
544,0.1809374988079071,0.1809374988079071,MoE-sBOED,0.04891824722290039,34816,1.8371832370758057,1.365274429321289,0.10519822686910629,0.2798588275909424,0.13114240765571594,,,,,,,,,,,
545,0.17906248569488525,0.17906248569488525,MoE-sBOED,0.04889822006225586,34880,1.6992425918579102,1.3663809299468994,0.10839009284973145,0.2841813266277313,0.13110393285751343,,,,,,,,,,,
546,0.1823437511920929,0.1823437511920929,MoE-sBOED,0.04845571517944336,34944,1.8513896465301514,1.3669604063034058,0.10670964419841766,0.28208014369010925,0.13105176389217377,,,,,,,,,,,
547,0.16640624403953552,0.16640624403953552,MoE-sBOED,0.049314260482788086,35008,1.8022688627243042,1.3670289516448975,0.10887065529823303,0.2893858551979065,0.13101112842559814,,,,,,,,,,,
548,0.19500000774860382,0.19500000774860382,MoE-sBOED,0.04905366897583008,35072,2.000051736831665,1.3669376373291016,0.10541413724422455,0.28864121437072754,0.1309751719236374,,,,,,,,,,,
549,0.19499999284744263,0.19499999284744263,MoE-sBOED,0.04899430274963379,35136,2.007593870162964,1.368735671043396,0.10304302722215652,0.2870175540447235,0.1309211105108261,,,,,,,,,,,
550,0.18140625953674316,0.18140625953674316,MoE-sBOED,0.049315452575683594,35200,2.118532657623291,1.369705080986023,0.10085131973028183,0.2833433747291565,0.13088582456111908,0.19031250000000002,0.07718749999999999,10,1.0580272679473595,0.078125,0.0078125,1,0.000234375,100.0771875,0,required
551,0.18843750655651093,0.18843750655651093,MoE-sBOED,0.04635810852050781,35264,2.108656883239746,1.3698539733886719,0.10082878172397614,0.2833530306816101,0.13086062669754028,,,,,,,,,,,
552,0.17671874165534973,0.17671874165534973,MoE-sBOED,0.04714012145996094,35328,2.091452121734619,1.3706029653549194,0.10077878087759018,0.28220829367637634,0.13085542619228363,,,,,,,,,,,
553,0.16218751668930054,0.16218751668930054,MoE-sBOED,0.04910850524902344,35392,1.9902117252349854,1.3706797361373901,0.10180108994245529,0.28291305899620056,0.1308867335319519,,,,,,,,,,,
554,0.17578125,0.17578125,MoE-sBOED,0.04950571060180664,35456,2.046982765197754,1.369931697845459,0.10237298160791397,0.28382202982902527,0.13089177012443542,,,,,,,,,,,
555,0.17015625536441803,0.17015625536441803,MoE-sBOED,0.04893994331359863,35520,2.001753330230713,1.3699349164962769,0.10066922008991241,0.27800458669662476,0.13094903528690338,,,,,,,,,,,
556,0.1809374988079071,0.1809374988079071,MoE-sBOED,0.04891061782836914,35584,1.9945485591888428,1.369899034500122,0.10179897397756577,0.2739163637161255,0.13103973865509033,,,,,,,,,,,
557,0.17812499403953552,0.17812499403953552,MoE-sBOED,0.04943490028381348,35648,1.8576349020004272,1.3698740005493164,0.10415235161781311,0.2725251317024231,0.13114388287067413,,,,,,,,,,,
558,0.18328124284744263,0.18328124284744263,MoE-sBOED,0.04952049255371094,35712,1.8794969320297241,1.3696136474609375,0.10158339142799377,0.2679924964904785,0.1312105357646942,,,,,,,,,,,
559,0.18046873807907104,0.18046873807907104,MoE-sBOED,0.04885578155517578,35776,2.0028295516967773,1.3700298070907593,0.09641364216804504,0.26913607120513916,0.13119706511497498,,,,,,,,,,,
560,0.18421874940395355,0.18421874940395355,MoE-sBOED,0.04836845397949219,35840,1.9013007879257202,1.3688573837280273,0.09870622307062149,0.2759116590023041,0.13120843470096588,,,,,,,,,,,
561,0.18984374403953552,0.18984374403953552,MoE-sBOED,0.0490877628326416,35904,1.905449628829956,1.3685572147369385,0.09839566797018051,0.2812497019767761,0.13121196627616882,,,,,,,,,,,
562,0.1875,0.1875,MoE-sBOED,0.04958057403564453,35968,1.9617112874984741,1.367773413658142,0.09508410841226578,0.2816406488418579,0.13120178878307343,,,,,,,,,,,
563,0.17812499403953552,0.17812499403953552,MoE-sBOED,0.04964447021484375,36032,1.7834887504577637,1.3675060272216797,0.10065110772848129,0.2851065397262573,0.1312171071767807,,,,,,,,,,,
564,0.18984374403953552,0.18984374403953552,MoE-sBOED,0.0489654541015625,36096,1.846814513206482,1.3667104244232178,0.09930894523859024,0.2763180434703827,0.13124676048755646,,,,,,,,,,,
565,0.18515624105930328,0.18515624105930328,MoE-sBOED,0.04878807067871094,36160,2.042295455932617,1.3672637939453125,0.09172148257493973,0.27477139234542847,0.13123880326747894,,,,,,,,,,,
566,0.19640624523162842,0.19640624523162842,MoE-sBOED,0.04942464828491211,36224,1.908659815788269,1.3676848411560059,0.09557268768548965,0.2832846939563751,0.13121503591537476,,,,,,,,,,,
567,0.18656250834465027,0.18656250834465027,MoE-sBOED,0.04879617691040039,36288,2.1616311073303223,1.369138240814209,0.08962632715702057,0.2830813229084015,0.13124939799308777,,,,,,,,,,,
568,0.1926562488079071,0.1926562488079071,MoE-sBOED,0.048383474349975586,36352,1.9518821239471436,1.3675696849822998,0.09482836723327637,0.2860710620880127,0.13122840225696564,,,,,,,,,,,
569,0.17343750596046448,0.17343750596046448,MoE-sBOED,0.04941082000732422,36416,1.967018485069275,1.3688254356384277,0.091117262840271,0.2866308093070984,0.1312192976474762,,,,,,,,,,,
570,0.17531250417232513,0.17531250417232513,MoE-sBOED,0.04905343055725098,36480,1.872476577758789,1.3685944080352783,0.09336524456739426,0.28496450185775757,0.131225124001503,,,,,,,,,,,
571,0.18515625596046448,0.18515625596046448,MoE-sBOED,0.04891085624694824,36544,2.0697388648986816,1.370504379272461,0.08752743899822235,0.2800809144973755,0.131162628531456,,,,,,,,,,,
572,0.19453124701976776,0.19453124701976776,MoE-sBOED,0.04923844337463379,36608,2.0494093894958496,1.37186861038208,0.08714118599891663,0.2778202295303345,0.1310644894838333,,,,,,,,,,,
573,0.17531248927116394,0.17531248927116394,MoE-sBOED,0.04909157752990723,36672,2.0946669578552246,1.372922420501709,0.08405401557683945,0.2725302577018738,0.1310342401266098,,,,,,,,,,,
574,0.17624999582767487,0.17624999582767487,MoE-sBOED,0.04981875419616699,36736,2.0531492233276367,1.373201608657837,0.0857103168964386,0.26717570424079895,0.1310759335756302,,,,,,,,,,,
575,0.19171875715255737,0.19171875715255737,MoE-sBOED,0.049936532974243164,36800,2.141742467880249,1.3741867542266846,0.08576688915491104,0.2643146216869354,0.13112638890743256,0.191953125,0.092109375,5,0.7606987794647636,0.0390625,0.0234375,1,0.00140625,100.092109375,0,required
576,0.16500000655651093,0.16500000655651093,MoE-sBOED,0.046253204345703125,36864,1.9852142333984375,1.373836874961853,0.08663488924503326,0.2602962851524353,0.13112911581993103,,,,,,,,,,,
577,0.19453124701976776,0.19453124701976776,MoE-sBOED,0.04695868492126465,36928,2.0951366424560547,1.3732837438583374,0.08250673860311508,0.2554998993873596,0.1311391443014145,,,,,,,,,,,
578,0.19078125059604645,0.19078125059604645,MoE-sBOED,0.04855084419250488,36992,2.0080182552337646,1.3721603155136108,0.08601628243923187,0.2612229883670807,0.1311628371477127,,,,,,,,,,,
579,0.19921875,0.19921875,MoE-sBOED,0.04896998405456543,37056,1.9749865531921387,1.372786521911621,0.08744309097528458,0.26041480898857117,0.13117194175720215,,,,,,,,,,,
580,0.1809374988079071,0.1809374988079071,MoE-sBOED,0.048923492431640625,37120,1.8063825368881226,1.3713420629501343,0.08948288857936859,0.27136871218681335,0.1311967521905899,,,,,,,,,,,
581,0.18046876788139343,0.18046876788139343,MoE-sBOED,0.04918217658996582,37184,1.9099156856536865,1.3722906112670898,0.08622071892023087,0.2628885507583618,0.13117149472236633,,,,,,,,,,,
582,0.17156249284744263,0.17156249284744263,MoE-sBOED,0.04868459701538086,37248,2.007617950439453,1.3731521368026733,0.08384011685848236,0.25845271348953247,0.1310807168483734,,,,,,,,,,,
583,0.1837500035762787,0.1837500035762787,MoE-sBOED,0.049089670181274414,37312,2.0090126991271973,1.3731508255004883,0.08396591246128082,0.2630133628845215,0.13098680973052979,,,,,,,,,,,
584,0.18656249344348907,0.18656249344348907,MoE-sBOED,0.04946398735046387,37376,2.0986621379852295,1.3721234798431396,0.07853064686059952,0.2614681124687195,0.13096608221530914,,,,,,,,,,,
585,0.18421874940395355,0.18421874940395355,MoE-sBOED,0.04950380325317383,37440,1.87425696849823,1.3733279705047607,0.08477025479078293,0.2685379981994629,0.13107094168663025,,,,,,,,,,,
586,0.1795312464237213,0.1795312464237213,MoE-sBOED,0.051007986068725586,37504,1.9115098714828491,1.3751561641693115,0.08518163114786148,0.26289886236190796,0.13115237653255463,,,,,,,,,,,
587,0.1978124976158142,0.1978124976158142,MoE-sBOED,0.06474089622497559,37568,1.8601124286651611,1.374212622642517,0.0881829559803009,0.2629026174545288,0.13121668994426727,,,,,,,,,,,
588,0.1875,0.1875,MoE-sBOED,0.0502924919128418,37632,1.8947619199752808,1.3749568462371826,0.09321815520524979,0.25791531801223755,0.13128060102462769,,,,,,,,,,,
589,0.16875001788139343,0.16875001788139343,MoE-sBOED,0.04861903190612793,37696,1.904359221458435,1.3746569156646729,0.09270502626895905,0.26477640867233276,0.1313270479440689,,,,,,,,,,,
590,0.17015624046325684,0.17015624046325684,MoE-sBOED,0.04924941062927246,37760,1.840787649154663,1.3748037815093994,0.09885521978139877,0.26289480924606323,0.1313939392566681,,,,,,,,,,,
591,0.16968750953674316,0.16968750953674316,MoE-sBOED,0.04891371726989746,37824,1.8793234825134277,1.374977946281433,0.09899917989969254,0.2657707929611206,0.13150523602962494,,,,,,,,,,,
592,0.1809374988079071,0.1809374988079071,MoE-sBOED,0.04839491844177246,37888,1.9113147258758545,1.3752851486206055,0.10073655098676682,0.2652122974395752,0.13161422312259674,,,,,,,,,,,
593,0.18656250834465027,0.18656250834465027,MoE-sBOED,0.04938817024230957,37952,1.7936136722564697,1.3756277561187744,0.10580309480428696,0.25481051206588745,0.13166899979114532,,,,,,,,,,,
594,0.18328124284744263,0.18328124284744263,MoE-sBOED,0.049550533294677734,38016,1.8949744701385498,1.3760517835617065,0.10416330397129059,0.25228679180145264,0.13173572719097137,,,,,,,,,,,
595,0.18281251192092896,0.18281251192092896,MoE-sBOED,0.04940605163574219,38080,1.8343043327331543,1.373284101486206,0.10387776792049408,0.26302647590637207,0.13181795179843903,,,,,,,,,,,
596,0.17812500894069672,0.17812500894069672,MoE-sBOED,0.04882502555847168,38144,1.7630823850631714,1.3736815452575684,0.10769292712211609,0.26899588108062744,0.1319049745798111,,,,,,,,,,,
597,0.1795312613248825,0.20921877026557922,MoE-sBOED,0.04872584342956543,38208,1.7800424098968506,1.374635100364685,0.10882547497749329,0.267853319644928,0.13190774619579315,,,,,,,,,,,
598,0.18140625953674316,0.18140625953674316,MoE-sBOED,0.049011945724487305,38272,1.7651381492614746,1.3728468418121338,0.10931427031755447,0.27270400524139404,0.13191793859004974,,,,,,,,,,,
599,0.1875,0.1875,MoE-sBOED,0.0485682487487793,38336,1.8295401334762573,1.373173475265503,0.10535667836666107,0.27259528636932373,0.13194672763347626,,,,,,,,,,,
600,0.19453124701976776,0.19453124701976776,MoE-sBOED,0.04909110069274902,38400,1.7218999862670898,1.3719209432601929,0.1095956563949585,0.27790409326553345,0.1319499909877777,0.183515625,0.07039062500000001,5,1.1581861666525353,0.0390625,0.0078125,1,0.000234375,100.070390625,0,required
601,0.1706250011920929,0.1706250011920929,MoE-sBOED,0.04643607139587402,38464,1.7664196491241455,1.371762990951538,0.1049007773399353,0.27747589349746704,0.13197462260723114,,,,,,,,,,,
602,0.17578125,0.17578125,MoE-sBOED,0.04782414436340332,38528,1.6845393180847168,1.371180534362793,0.10605808347463608,0.2821865677833557,0.13201192021369934,,,,,,,,,,,
603,0.1809374988079071,0.1809374988079071,MoE-sBOED,0.04896426200866699,38592,1.8222246170043945,1.3712732791900635,0.0990932360291481,0.2774130702018738,0.13205227255821228,,,,,,,,,,,
604,0.18796876072883606,0.18796876072883606,MoE-sBOED,0.04907631874084473,38656,1.8280842304229736,1.3731637001037598,0.10063251107931137,0.2719224989414215,0.13206176459789276,,,,,,,,,,,
605,0.16875000298023224,0.16875000298023224,MoE-sBOED,0.04958963394165039,38720,1.9042823314666748,1.3733028173446655,0.09683285653591156,0.268135666847229,0.13202892243862152,,,,,,,,,,,
606,0.1678124964237213,0.1678124964237213,MoE-sBOED,0.04905867576599121,38784,1.741700530052185,1.373457670211792,0.10204897820949554,0.2715268135070801,0.1320146769285202,,,,,,,,,,,
607,0.17859375476837158,0.17859375476837158,MoE-sBOED,0.04962635040283203,38848,1.7937768697738647,1.3749312162399292,0.10050996392965317,0.26737067103385925,0.13200506567955017,,,,,,,,,,,
608,0.19640624523162842,0.19640624523162842,MoE-sBOED,0.04919743537902832,38912,1.7394883632659912,1.3753575086593628,0.10339132696390152,0.26662477850914,0.13194577395915985,,,,,,,,,,,
609,0.1837500035762787,0.1837500035762787,MoE-sBOED,0.04866790771484375,38976,1.8135724067687988,1.376495361328125,0.10138433426618576,0.25616705417633057,0.1319134533405304,,,,,,,,,,,
610,0.18421874940395355,0.18421874940395355,MoE-sBOED,0.04862546920776367,39040,1.8958213329315186,1.376399040222168,0.10199880599975586,0.2608039379119873,0.1318630427122116,,,,,,,,,,,
611,0.18187499046325684,0.18187499046325684,MoE-sBOED,0.0497128963470459,39104,1.998307228088379,1.3754558563232422,0.09708593040704727,0.26108166575431824,0.1317966878414154,,,,,,,,,,,
612,0.17343750596046448,0.17343750596046448,MoE-sBOED,0.04994010925292969,39168,1.889975905418396,1.375647783279419,0.09915030002593994,0.26076740026474,0.13172389566898346,,,,,,,,,,,
613,0.17625001072883606,0.17625001072883606,MoE-sBOED,0.049439191818237305,39232,1.9583543539047241,1.3753069639205933,0.09611883759498596,0.2645840346813202,0.1316356360912323,,,,,,,,,,,
614,0.17296874523162842,0.17296874523162842,MoE-sBOED,0.04918384552001953,39296,2.1180362701416016,1.3755143880844116,0.09046436846256256,0.2664334177970886,0.13158699870109558,,,,,,,,,,,
615,0.18515625596046448,0.18515625596046448,MoE-sBOED,0.04910469055175781,39360,2.0241641998291016,1.3751130104064941,0.09392701089382172,0.2720092535018921,0.13160189986228943,,,,,,,,,,,
616,0.18421874940395355,0.18421874940395355,MoE-sBOED,0.04894828796386719,39424,2.0392649173736572,1.374579906463623,0.09337151050567627,0.2765280604362488,0.13162191212177277,,,,,,,,,,,
617,0.17109376192092896,0.17109376192092896,MoE-sBOED,0.049756765365600586,39488,2.03275465965271,1.3744592666625977,0.09096711128950119,0.27777227759361267,0.13163894414901733,,,,,,,,,,,
618,0.18046875298023224,0.18046875298023224,MoE-sBOED,0.04837775230407715,39552,2.1226706504821777,1.3750073909759521,0.08719780296087265,0.2756268382072449,0.13168084621429443,,,,,,,,,,,
619,0.19312499463558197,0.19312499463558197,MoE-sBOED,0.04965615272521973,39616,2.0592503547668457,1.3753536939620972,0.08724167943000793,0.27854952216148376,0.1316787600517273,,,,,,,,,,,
620,0.18468749523162842,0.18468749523162842,MoE-sBOED,0.04950761795043945,39680,2.023797035217285,1.3752806186676025,0.0879003182053566,0.28053659200668335,0.13163626194000244,,,,,,,,,,,
621,0.1795312613248825,0.1795312613248825,MoE-sBOED,0.04977130889892578,39744,2.0996131896972656,1.3753578662872314,0.08551988750696182,0.27700650691986084,0.13161909580230713,,,,,,,,,,,
622,0.17484374344348907,0.17484374344348907,MoE-sBOED,0.049271345138549805,39808,2.0838141441345215,1.3749465942382812,0.0863151028752327,0.28025656938552856,0.1316913515329361,,,,,,,,,,,
623,0.1889062523841858,0.1889062523841858,MoE-sBOED,0.05008649826049805,39872,2.111983060836792,1.3750171661376953,0.08812025934457779,0.279560387134552,0.13178633153438568,,,,,,,,,,,
624,0.1964062601327896,0.1964062601327896,MoE-sBOED,0.04906654357910156,39936,2.189544677734375,1.3751614093780518,0.08894488960504532,0.277473509311676,0.13182993233203888,,,,,,,,,,,
625,0.19687500596046448,0.19687500596046448,MoE-sBOED,0.049346923828125,40000,2.1677377223968506,1.3746660947799683,0.08882599323987961,0.2791651487350464,0.13183100521564484,0.188203125,0.081328125,12,1.3010552117061522,0.09375,0.0234375,1,0.000703125,100.081328125,0,required
626,0.19828125834465027,0.19828125834465027,MoE-sBOED,0.046323537826538086,40064,2.330913543701172,1.3746484518051147,0.0814015343785286,0.2713730037212372,0.13180221617221832,,,,,,,,,,,
627,0.19453126192092896,0.19453126192092896,MoE-sBOED,0.0472872257232666,40128,2.254781484603882,1.3739047050476074,0.08207392692565918,0.2757556438446045,0.13181918859481812,,,,,,,,,,,
628,0.17625001072883606,0.17625001072883606,MoE-sBOED,0.048674821853637695,40192,2.121222496032715,1.3730753660202026,0.08647885918617249,0.2791314125061035,0.13186292350292206,,,,,,,,,,,
629,0.18187499046325684,0.18187499046325684,MoE-sBOED,0.04942011833190918,40256,1.9826120138168335,1.3725041151046753,0.09058071672916412,0.2819174826145172,0.13193769752979279,,,,,,,,,,,
630,0.16968750953674316,0.16968750953674316,MoE-sBOED,0.049036502838134766,40320,1.8683185577392578,1.3716583251953125,0.09494936466217041,0.2881620526313782,0.13199259340763092,,,,,,,,,,,
631,0.1720312386751175,0.1720312386751175,MoE-sBOED,0.04893851280212402,40384,1.9769740104675293,1.3707832098007202,0.09090787917375565,0.28719648718833923,0.13207043707370758,,,,,,,,,,,
632,0.19171875715255737,0.19171875715255737,MoE-sBOED,0.048525333404541016,40448,1.8714447021484375,1.3708786964416504,0.09561268985271454,0.28957661986351013,0.13217735290527344,,,,,,,,,,,
633,0.1837500035762787,0.1837500035762787,MoE-sBOED,0.04856133460998535,40512,1.8314875364303589,1.3710010051727295,0.09461300820112228,0.28955501317977905,0.13224956393241882,,,,,,,,,,,
634,0.1809374988079071,0.1809374988079071,MoE-sBOED,0.049691200256347656,40576,1.7280807495117188,1.3706321716308594,0.09957604855298996,0.2927865982055664,0.1323392242193222,,,,,,,,,,,
635,0.1640625,0.1640625,MoE-sBOED,0.048822641372680664,40640,1.9319102764129639,1.3726651668548584,0.09240573644638062,0.28063714504241943,0.13240332901477814,,,,,,,,,,,
636,0.17671874165534973,0.17671874165534973,MoE-sBOED,0.04852104187011719,40704,1.8175753355026245,1.3728547096252441,0.09891028702259064,0.2822563052177429,0.1324504166841507,,,,,,,,,,,
637,0.17671875655651093,0.17671875655651093,MoE-sBOED,0.04898786544799805,40768,1.7611119747161865,1.3729922771453857,0.10075090080499649,0.2839316725730896,0.13248896598815918,,,,,,,,,,,
638,0.1912499964237213,0.1912499964237213,MoE-sBOED,0.04968118667602539,40832,1.7826719284057617,1.3729193210601807,0.09748220443725586,0.28418853878974915,0.1324782818555832,,,,,,,,,,,
639,0.17671874165534973,0.17671874165534973,MoE-sBOED,0.04932379722595215,40896,1.8526437282562256,1.3726284503936768,0.09423920512199402,0.28377828001976013,0.132457435131073,,,,,,,,,,,
640,0.17999999225139618,0.17999999225139618,MoE-sBOED,0.04935765266418457,40960,1.8158401250839233,1.371781349182129,0.0950770378112793,0.2889139652252197,0.13246141374111176,,,,,,,,,,,
641,0.17109374701976776,0.17109374701976776,MoE-sBOED,0.04875588417053223,41024,1.758644461631775,1.371350646018982,0.09555961191654205,0.29293638467788696,0.13246646523475647,,,,,,,,,,,
642,0.18000000715255737,0.18000000715255737,MoE-sBOED,0.049347877502441406,41088,1.8051828145980835,1.3724710941314697,0.09240192919969559,0.28916916251182556,0.1324722021818161,,,,,,,,,,,
643,0.16640624403953552,0.16640624403953552,MoE-sBOED,0.04882335662841797,41152,1.6810545921325684,1.3727692365646362,0.09790065139532089,0.2912471890449524,0.1324949413537979,,,,,,,,,,,
644,0.18187499046325684,0.18187499046325684,MoE-sBOED,0.04922747611999512,41216,1.8427741527557373,1.3739182949066162,0.0943082943558693,0.28217318654060364,0.13249820470809937,,,,,,,,,,,
645,0.1706250160932541,0.1706250160932541,MoE-sBOED,0.04938077926635742,41280,1.722944974899292,1.374312162399292,0.09979045391082764,0.2818260192871094,0.1324479579925537,,,,,,,,,,,
646,0.17859375476837158,0.17859375476837158,MoE-sBOED,0.04929161071777344,41344,1.835653305053711,1.3740289211273193,0.09491091966629028,0.27780881524086,0.13240303099155426,,,,,,,,,,,
647,0.1860937476158142,0.1860937476158142,MoE-sBOED,0.04893660545349121,41408,1.7418763637542725,1.374222755432129,0.09918694943189621,0.2782101333141327,0.1324205845594406,,,,,,,,,,,
648,0.18187500536441803,0.18187500536441803,MoE-sBOED,0.04900622367858887,41472,1.7189334630966187,1.374062418937683,0.09844476729631424,0.27572986483573914,0.13247735798358917,,,,,,,,,,,
649,0.19359374046325684,0.19359374046325684,MoE-sBOED,0.04905438423156738,41536,1.6697165966033936,1.3741105794906616,0.10081803798675537,0.2742180824279785,0.13252104818820953,,,,,,,,,,,
650,0.17343750596046448,0.17343750596046448,MoE-sBOED,0.049199581146240234,41600,1.5828969478607178,1.373885989189148,0.10185232758522034,0.27233704924583435,0.13252957165241241,0.18703124999999998,0.07703125000000001,5,1.0466197070228525,0.0390625,0.015625,1,0.00046875,100.07703125,0,required
651,0.18937499821186066,0.18937499821186066,MoE-sBOED,0.0465085506439209,41664,1.782181739807129,1.3745181560516357,0.09757976233959198,0.269403338432312,0.1324794888496399,,,,,,,,,,,
652,0.1889062523841858,0.1889062523841858,MoE-sBOED,0.04734444618225098,41728,1.9070651531219482,1.37498140335083,0.09527523815631866,0.2674846649169922,0.13239258527755737,,,,,,,,,,,
653,0.1889062523841858,0.1889062523841858,MoE-sBOED,0.04979228973388672,41792,1.77569580078125,1.3744559288024902,0.0935530737042427,0.26790904998779297,0.1323578804731369,,,,,,,,,,,
654,0.18515625596046448,0.18515625596046448,MoE-sBOED,0.04964590072631836,41856,1.9244136810302734,1.3751227855682373,0.09184125810861588,0.2687835395336151,0.1323288530111313,,,,,,,,,,,
655,0.17906250059604645,0.17906250059604645,MoE-sBOED,0.04950594902038574,41920,2.0055341720581055,1.3752049207687378,0.08898202329874039,0.2677726149559021,0.13226795196533203,,,,,,,,,,,
656,0.18656250834465027,0.18656250834465027,MoE-sBOED,0.048607826232910156,41984,1.8571709394454956,1.3750202655792236,0.0927637442946434,0.2715246081352234,0.13223503530025482,,,,,,,,,,,
657,0.17390625178813934,0.17390625178813934,MoE-sBOED,0.04915308952331543,42048,2.019615411758423,1.3755534887313843,0.08798453956842422,0.2702752947807312,0.13221661746501923,,,,,,,,,,,
658,0.1837500035762787,0.1837500035762787,MoE-sBOED,0.04866647720336914,42112,1.9903192520141602,1.3754256963729858,0.08865073323249817,0.27139848470687866,0.13221493363380432,,,,,,,,,,,
659,0.1837500035762787,0.1837500035762787,MoE-sBOED,0.049555063247680664,42176,2.0510804653167725,1.3758513927459717,0.08496219664812088,0.2684471309185028,0.13226661086082458,,,,,,,,,,,
660,0.17249999940395355,0.17249999940395355,MoE-sBOED,0.04911947250366211,42240,1.9307267665863037,1.3756420612335205,0.08686511218547821,0.27128303050994873,0.13234244287014008,,,,,,,,,,,
661,0.18421874940395355,0.18421874940395355,MoE-sBOED,0.0495142936706543,42304,1.8617889881134033,1.3755992650985718,0.08904074132442474,0.2740609645843506,0.13239440321922302,,,,,,,,,,,
662,0.18703123927116394,0.18703123927116394,MoE-sBOED,0.04848456382751465,42368,1.893263816833496,1.3753528594970703,0.08912936598062515,0.275699257850647,0.13240040838718414,,,,,,,,,,,
663,0.1589062511920929,0.1589062511920929,MoE-sBOED,0.04992032051086426,42432,1.824758529663086,1.3751710653305054,0.09106764197349548,0.27756267786026,0.13242046535015106,,,,,,,,,,,
664,0.18984374403953552,0.18984374403953552,MoE-sBOED,0.04920148849487305,42496,1.854017734527588,1.3764022588729858,0.09256055951118469,0.2765228748321533,0.13243833184242249,,,,,,,,,,,
665,0.17578125,0.17578125,MoE-sBOED,0.04973554611206055,42560,1.8051574230194092,1.3760813474655151,0.08987435698509216,0.2738255560398102,0.13243110477924347,,,,,,,,,,,
666,0.17906250059604645,0.17906250059604645,MoE-sBOED,0.04936075210571289,42624,1.8651202917099,1.3767532110214233,0.08926740288734436,0.2710144519805908,0.13245266675949097,,,,,,,,,,,
667,0.1743749976158142,0.1743749976158142,MoE-sBOED,0.04938340187072754,42688,1.7527647018432617,1.3771693706512451,0.0929427519440651,0.2697145640850067,0.13245181739330292,,,,,,,,,,,
668,0.18046875298023224,0.18046875298023224,MoE-sBOED,0.049370527267456055,42752,1.7849124670028687,1.3778603076934814,0.09292201697826385,0.26429492235183716,0.13242080807685852,,,,,,,,,,,
669,0.17296874523162842,0.17296874523162842,MoE-sBOED,0.04972720146179199,42816,1.8427085876464844,1.3786853551864624,0.0896601527929306,0.2580815553665161,0.13240420818328857,,,,,,,,,,,
670,0.20015625655651093,0.20015625655651093,MoE-sBOED,0.04906105995178223,42880,1.8098745346069336,1.3791301250457764,0.09337373822927475,0.2568161189556122,0.1324303150177002,,,,,,,,,,,
671,0.1875,0.1875,MoE-sBOED,0.05005455017089844,42944,1.9347264766693115,1.3790935277938843,0.09088269621133804,0.2600588798522949,0.1324608027935028,,,,,,,,,,,
672,0.2057812511920929,0.2057812511920929,MoE-sBOED,0.04763007164001465,43008,1.915959119796753,1.3784255981445312,0.09098219126462936,0.26745179295539856,0.13248410820960999,,,,,,,,,,,
673,0.17249999940395355,0.17249999940395355,MoE-sBOED,0.04887270927429199,43072,2.031032085418701,1.378861665725708,0.08885829895734787,0.2642444372177124,0.13250334560871124,,,,,,,,,,,
674,0.1795312464237213,0.1795312464237213,MoE-sBOED,0.04886651039123535,43136,1.8793809413909912,1.3775590658187866,0.09115210920572281,0.2745417356491089,0.13249613344669342,,,,,,,,,,,
675,0.17578125,0.17578125,MoE-sBOED,0.04837489128112793,43200,1.9139177799224854,1.3776257038116455,0.0913679376244545,0.2721898555755615,0.13247382640838623,0.18562499999999998,0.07250000000000001,9,1.5188147601297686,0.0703125,0.0078125,1,0.000234375,100.0725,0,required
676,0.18843749165534973,0.18843749165534973,MoE-sBOED,0.04634451866149902,43264,1.8094217777252197,1.3770079612731934,0.09223242849111557,0.2772044837474823,0.1324852555990219,,,,,,,,,,,
677,0.17531248927116394,0.17531248927116394,MoE-sBOED,0.04731559753417969,43328,1.7975162267684937,1.3771671056747437,0.09095001965761185,0.2752652168273926,0.13253235816955566,,,,,,,,,,,
678,0.1809374988079071,0.1809374988079071,MoE-sBOED,0.04932093620300293,43392,1.7923839092254639,1.3765106201171875,0.09184310585260391,0.27457937598228455,0.13258150219917297,,,,,,,,,,,
679,0.18281251192092896,0.18281251192092896,MoE-sBOED,0.05001401901245117,43456,1.7096900939941406,1.376758337020874,0.09383932501077652,0.27310147881507874,0.13262726366519928,,,,,,,,,,,
680,0.18937499821186066,0.18937499821186066,MoE-sBOED,0.049424171447753906,43520,1.6494492292404175,1.3762153387069702,0.09408388286828995,0.27253663539886475,0.1326531618833542,,,,,,,,,,,
681,0.17999999225139618,0.17999999225139618,MoE-sBOED,0.04923105239868164,43584,1.706089735031128,1.376253604888916,0.0929064229130745,0.2649926245212555,0.132624089717865,,,,,,,,,,,
682,0.18796874582767487,0.18796874582767487,MoE-sBOED,0.04894709587097168,43648,1.7677253484725952,1.3759255409240723,0.08886191993951797,0.2621152400970459,0.1325625479221344,,,,,,,,,,,
683,0.18656250834465027,0.18656250834465027,MoE-sBOED,0.04888033866882324,43712,1.8759195804595947,1.3759077787399292,0.08649582415819168,0.25855752825737,0.1325208693742752,,,,,,,,,,,
684,0.1860937625169754,0.1860937625169754,MoE-sBOED,0.04876828193664551,43776,1.802212119102478,1.3759607076644897,0.08933768421411514,0.26493245363235474,0.13247643411159515,,,,,,,,,,,
685,0.16874998807907104,0.16874998807907104,MoE-sBOED,0.048681020736694336,43840,1.8566076755523682,1.3762181997299194,0.08862736821174622,0.25910860300064087,0.13246777653694153,,,,,,,,,,,
686,0.1706250011920929,0.1706250011920929,MoE-sBOED,0.049002885818481445,43904,1.6578433513641357,1.3762226104736328,0.0931617021560669,0.26690539717674255,0.1325223296880722,,,,,,,,,,,
687,0.18328124284744263,0.18328124284744263,MoE-sBOED,0.04966926574707031,43968,1.6984914541244507,1.377359390258789,0.09391242265701294,0.2605610191822052,0.13258512318134308,,,,,,,,,,,
688,0.16453124582767487,0.16453124582767487,MoE-sBOED,0.04895758628845215,44032,1.6722908020019531,1.3772624731063843,0.09346937388181686,0.26249536871910095,0.1326277107000351,,,,,,,,,,,
689,0.17812499403953552,0.17812499403953552,MoE-sBOED,0.04933881759643555,44096,1.6852960586547852,1.377685546875,0.09343508630990982,0.25839701294898987,0.13263948261737823,,,,,,,,,,,
690,0.16875000298023224,0.16875000298023224,MoE-sBOED,0.048738956451416016,44160,1.7722549438476562,1.3776252269744873,0.09190964698791504,0.2579183578491211,0.13260166347026825,,,,,,,,,,,
691,0.18562501668930054,0.18562501668930054,MoE-sBOED,0.049706459045410156,44224,1.770925521850586,1.3769944906234741,0.09257224947214127,0.2565290629863739,0.13257363438606262,,,,,,,,,,,
692,0.1706250011920929,0.1706250011920929,MoE-sBOED,0.04999542236328125,44288,1.764714241027832,1.3773252964019775,0.0917445570230484,0.26206332445144653,0.1325584203004837,,,,,,,,,,,
693,0.18703123927116394,0.18703123927116394,MoE-sBOED,0.04924511909484863,44352,1.708173155784607,1.376450777053833,0.09137120842933655,0.26758256554603577,0.13254941999912262,,,,,,,,,,,
694,0.17578125,0.17578125,MoE-sBOED,0.04935145378112793,44416,1.803906798362732,1.3761217594146729,0.08962834626436234,0.2657954692840576,0.13260850310325623,,,,,,,,,,,
695,0.18796876072883606,0.18796876072883606,MoE-sBOED,0.049207210540771484,44480,1.9273099899291992,1.3765723705291748,0.08744548261165619,0.26252204179763794,0.13267335295677185,,,,,,,,,,,
696,0.17343750596046448,0.17343750596046448,MoE-sBOED,0.04974222183227539,44544,1.869421362876892,1.3756868839263916,0.08602198958396912,0.26508551836013794,0.13275547325611115,,,,,,,,,,,
697,0.1795312613248825,0.1795312613248825,MoE-sBOED,0.04880523681640625,44608,1.9133610725402832,1.375732183456421,0.08627598732709885,0.26520609855651855,0.13278722763061523,,,,,,,,,,,
698,0.17812499403953552,0.17812499403953552,MoE-sBOED,0.04876875877380371,44672,2.0119619369506836,1.3759193420410156,0.08501274883747101,0.26062512397766113,0.13278700411319733,,,,,,,,,,,
699,0.1654687523841858,0.1654687523841858,MoE-sBOED,0.049700021743774414,44736,1.8763957023620605,1.375284194946289,0.08826197683811188,0.2649914622306824,0.13278737664222717,,,,,,,,,,,
700,0.19218750298023224,0.19218750298023224,MoE-sBOED,0.049478769302368164,44800,1.9539830684661865,1.374720811843872,0.08835826814174652,0.2651435434818268,0.13275274634361267,0.18796875000000002,0.07796875,8,1.1296229179372275,0.0625,0.015625,1,0.00046875,100.07796875,0,required
701,0.18468749523162842,0.19562500715255737,MoE-sBOED,0.04654216766357422,44864,1.9358065128326416,1.3752267360687256,0.08887211233377457,0.2613009810447693,0.1326831877231598,,,,,,,,,,,
702,0.18187499046325684,0.18187499046325684,MoE-sBOED,0.04772377014160156,44928,1.9347915649414062,1.374660849571228,0.08842401951551437,0.2611820101737976,0.13261796534061432,,,,,,,,,,,
703,0.16875000298023224,0.16875000298023224,MoE-sBOED,0.048898935317993164,44992,1.9640250205993652,1.3736728429794312,0.08675172924995422,0.26273030042648315,0.1325695812702179,,,,,,,,,,,
704,0.17250001430511475,0.17250001430511475,MoE-sBOED,0.053391218185424805,45056,2.147430181503296,1.3744109869003296,0.08353657275438309,0.26753339171409607,0.13250748813152313,,,,,,,,,,,
705,0.1860937476158142,0.2017187476158142,MoE-sBOED,0.051614999771118164,45120,2.102048397064209,1.3738985061645508,0.08556248992681503,0.26712292432785034,0.13248488306999207,,,,,,,,,,,
706,0.1846875101327896,0.1846875101327896,MoE-sBOED,0.04979419708251953,45184,2.078510284423828,1.3728364706039429,0.08514951169490814,0.2721112370491028,0.13249577581882477,,,,,,,,,,,
707,0.18468749523162842,0.18468749523162842,MoE-sBOED,0.049591779708862305,45248,2.01285982131958,1.3729972839355469,0.08908572047948837,0.2707979381084442,0.13258084654808044,,,,,,,,,,,
708,0.16359375417232513,0.16359375417232513,MoE-sBOED,0.04961681365966797,45312,1.9300183057785034,1.372907042503357,0.08836125582456589,0.2728712260723114,0.13265855610370636,,,,,,,,,,,
709,0.17671874165534973,0.17671874165534973,MoE-sBOED,0.04973316192626953,45376,1.9298620223999023,1.3730835914611816,0.089150071144104,0.27114734053611755,0.13268515467643738,,,,,,,,,,,
710,0.17671875655651093,0.17671875655651093,MoE-sBOED,0.04926919937133789,45440,1.8095729351043701,1.3726587295532227,0.09140799939632416,0.2730870842933655,0.13275334239006042,,,,,,,,,,,
711,0.19031250476837158,0.19031250476837158,MoE-sBOED,0.04956412315368652,45504,1.8077573776245117,1.3734230995178223,0.0918736532330513,0.27114051580429077,0.13282285630702972,,,,,,,,,,,
712,0.19593751430511475,0.19593751430511475,MoE-sBOED,0.04920220375061035,45568,1.9094732999801636,1.372300148010254,0.09413180500268936,0.27781540155410767,0.13281601667404175,,,,,,,,,,,
713,0.17250001430511475,0.17250001430511475,MoE-sBOED,0.04940605163574219,45632,1.8909235000610352,1.3724578619003296,0.09269881248474121,0.279384046792984,0.13275589048862457,,,,,,,,,,,
714,0.1809374988079071,0.1809374988079071,MoE-sBOED,0.049286603927612305,45696,2.029667615890503,1.3722667694091797,0.09300988167524338,0.2784215807914734,0.13271066546440125,,,,,,,,,,,
715,0.1860937476158142,0.1860937476158142,MoE-sBOED,0.04911541938781738,45760,1.8527215719223022,1.373104453086853,0.09700237959623337,0.27137285470962524,0.13274244964122772,,,,,,,,,,,
716,0.17859375476837158,0.17859375476837158,MoE-sBOED,0.04909253120422363,45824,1.9846105575561523,1.3727692365646362,0.09376964718103409,0.2776191830635071,0.13277508318424225,,,,,,,,,,,
717,0.18187499046325684,0.18187499046325684,MoE-sBOED,0.04885601997375488,45888,1.806555151939392,1.3703675270080566,0.0965595617890358,0.27269065380096436,0.1327957659959793,,,,,,,,,,,
718,0.17906250059604645,0.17906250059604645,MoE-sBOED,0.04906201362609863,45952,1.966568946838379,1.3700984716415405,0.09393926709890366,0.2784610390663147,0.13286003470420837,,,,,,,,,,,
719,0.18281248211860657,0.19374999403953552,MoE-sBOED,0.04961895942687988,46016,1.848366141319275,1.368746042251587,0.09678411483764648,0.27275320887565613,0.13297533988952637,,,,,,,,,,,
720,0.16734375059604645,0.16734375059604645,MoE-sBOED,0.049112558364868164,46080,1.9019269943237305,1.3701894283294678,0.09534211456775665,0.2776791751384735,0.1330542266368866,,,,,,,,,,,
721,0.1654687523841858,0.1654687523841858,MoE-sBOED,0.04915666580200195,46144,1.8846848011016846,1.370445966720581,0.0931115671992302,0.27017584443092346,0.13308005034923553,,,,,,,,,,,
722,0.17765626311302185,0.17765626311302185,MoE-sBOED,0.049616098403930664,46208,1.9411420822143555,1.3686059713363647,0.09439174830913544,0.27130961418151855,0.1331084817647934,,,,,,,,,,,
723,0.18421876430511475,0.18421876430511475,MoE-sBOED,0.04940176010131836,46272,1.864952564239502,1.3698318004608154,0.09610651433467865,0.27194052934646606,0.1330806314945221,,,,,,,,,,,
724,0.17015624046325684,0.17015624046325684,MoE-sBOED,0.049746036529541016,46336,1.9578320980072021,1.3675944805145264,0.09275571256875992,0.28196942806243896,0.13300730288028717,,,,,,,,,,,
725,0.17765626311302185,0.17765626311302185,MoE-sBOED,0.04942011833190918,46400,1.8996989727020264,1.3660825490951538,0.09687231481075287,0.2774311900138855,0.13299956917762756,0.188203125,0.09460937500000001,9,1.461726410910062,0.0703125,0.0390625,1,0.001875,100.094609375,0,required
726,0.18984375894069672,0.18984375894069672,MoE-sBOED,0.0511631965637207,46464,1.9713668823242188,1.3666776418685913,0.09864895790815353,0.27940452098846436,0.13297080993652344,,,,,,,,,,,
727,0.17906251549720764,0.17906251549720764,MoE-sBOED,0.058577775955200195,46528,1.8953216075897217,1.3652114868164062,0.0993821918964386,0.28146374225616455,0.1329539567232132,,,,,,,,,,,
728,0.17906250059604645,0.17906250059604645,MoE-sBOED,0.049758195877075195,46592,1.9160230159759521,1.3623274564743042,0.10413075983524323,0.28913193941116333,0.13300633430480957,,,,,,,,,,,
729,0.2057812511920929,0.2057812511920929,MoE-sBOED,0.04980945587158203,46656,1.7373946905136108,1.3643540143966675,0.10628284513950348,0.2738845944404602,0.13307252526283264,,,,,,,,,,,
730,0.20015624165534973,0.20015624165534973,MoE-sBOED,0.049337148666381836,46720,1.907353401184082,1.3653892278671265,0.10679851472377777,0.28011855483055115,0.1330961287021637,,,,,,,,,,,
731,0.18468749523162842,0.18468749523162842,MoE-sBOED,0.04833507537841797,46784,2.055502414703369,1.3631232976913452,0.10238201916217804,0.2833023965358734,0.13308925926685333,,,,,,,,,,,
732,0.1771875023841858,0.1771875023841858,MoE-sBOED,0.04900956153869629,46848,1.9134891033172607,1.3647456169128418,0.10877253860235214,0.2800370454788208,0.13308702409267426,,,,,,,,,,,
733,0.18562500178813934,0.18562500178813934,MoE-sBOED,0.04909920692443848,46912,1.9277229309082031,1.3661000728607178,0.10457126051187515,0.27590057253837585,0.1330844759941101,,,,,,,,,,,
734,0.17999999225139618,0.17999999225139618,MoE-sBOED,0.04941082000732422,46976,1.935868740081787,1.3678011894226074,0.10534834861755371,0.27415212988853455,0.13315974175930023,,,,,,,,,,,
735,0.1706250011920929,0.1706250011920929,MoE-sBOED,0.04955697059631348,47040,1.7877328395843506,1.3680009841918945,0.10376560688018799,0.27160152792930603,0.1332489550113678,,,,,,,,,,,
736,0.19359374046325684,0.19359374046325684,MoE-sBOED,0.04964399337768555,47104,1.7369846105575562,1.3669548034667969,0.10105961561203003,0.2638709545135498,0.1333301067352295,,,,,,,,,,,
737,0.18281249701976776,0.18281249701976776,MoE-sBOED,0.04994463920593262,47168,1.7557084560394287,1.367781400680542,0.09823403507471085,0.264163076877594,0.1333812177181244,,,,,,,,,,,
738,0.17015625536441803,0.17015625536441803,MoE-sBOED,0.04880881309509277,47232,1.593315839767456,1.3670265674591064,0.09612208604812622,0.26335617899894714,0.13343007862567902,,,,,,,,,,,
739,0.18187500536441803,0.18187500536441803,MoE-sBOED,0.04922890663146973,47296,1.7100324630737305,1.3687117099761963,0.0957222580909729,0.26371636986732483,0.13342805206775665,,,,,,,,,,,
740,0.16968749463558197,0.16968749463558197,MoE-sBOED,0.04924440383911133,47360,1.7230823040008545,1.3701486587524414,0.09249696135520935,0.2672117352485657,0.13337749242782593,,,,,,,,,,,
741,0.15984374284744263,0.15984374284744263,MoE-sBOED,0.049790143966674805,47424,1.7428325414657593,1.367825984954834,0.09138420224189758,0.2705404460430145,0.13335135579109192,,,,,,,,,,,
742,0.18468749523162842,0.18468749523162842,MoE-sBOED,0.04979372024536133,47488,1.7358245849609375,1.3683637380599976,0.09314427524805069,0.2725505530834198,0.13333012163639069,,,,,,,,,,,
743,0.17625001072883606,0.17625001072883606,MoE-sBOED,0.04923701286315918,47552,1.9076638221740723,1.3670737743377686,0.09072651714086533,0.2733513116836548,0.13325254619121552,,,,,,,,,,,
744,0.1837500035762787,0.1837500035762787,MoE-sBOED,0.04984688758850098,47616,2.1211650371551514,1.3667372465133667,0.086395762860775,0.26517966389656067,0.13315258920192719,,,,,,,,,,,
745,0.1926562488079071,0.1926562488079071,MoE-sBOED,0.04949307441711426,47680,2.1284711360931396,1.367490530014038,0.08750338107347488,0.2622068226337433,0.13308800756931305,,,,,,,,,,,
746,0.1771875023841858,0.1771875023841858,MoE-sBOED,0.04854416847229004,47744,2.0880980491638184,1.3664439916610718,0.08682963252067566,0.2664860486984253,0.1330200433731079,,,,,,,,,,,
747,0.18796874582767487,0.18796874582767487,MoE-sBOED,0.0496981143951416,47808,2.0459775924682617,1.3673293590545654,0.08526188880205154,0.26504746079444885,0.13294990360736847,,,,,,,,,,,
748,0.16453126072883606,0.16453126072883606,MoE-sBOED,0.04975175857543945,47872,2.1325843334198,1.366734266281128,0.08605330437421799,0.2736310660839081,0.1329115927219391,,,,,,,,,,,
749,0.1626562476158142,0.1626562476158142,MoE-sBOED,0.04981660842895508,47936,2.071990728378296,1.364553689956665,0.08476201444864273,0.2757776379585266,0.1329619139432907,,,,,,,,,,,
750,0.18187499046325684,0.18187499046325684,MoE-sBOED,0.04895210266113281,48000,2.026216506958008,1.365880012512207,0.08941955119371414,0.2752091884613037,0.1330302506685257,0.187734375,0.08945312500000001,10,1.7993819085368024,0.078125,0.0390625,1,0.00140625,100.089453125,0,required
751,0.1809374988079071,0.1809374988079071,MoE-sBOED,0.0463709831237793,48064,2.0476717948913574,1.364030122756958,0.08543557673692703,0.27786168456077576,0.13310584425926208,,,,,,,,,,,
752,0.18000000715255737,0.18000000715255737,MoE-sBOED,0.04754376411437988,48128,1.9564294815063477,1.3651260137557983,0.08730567991733551,0.2729601562023163,0.13312497735023499,,,,,,,,,,,
753,0.19640624523162842,0.19640624523162842,MoE-sBOED,0.04912710189819336,48192,2.006883382797241,1.3636865615844727,0.08257955312728882,0.2700553238391876,0.13313288986682892,,,,,,,,,,,
754,0.16734375059604645,0.16734375059604645,MoE-sBOED,0.04898810386657715,48256,1.9949946403503418,1.3629608154296875,0.08416515588760376,0.2674890160560608,0.1331939995288849,,,,,,,,,,,
755,0.1720312535762787,0.1720312535762787,MoE-sBOED,0.04956531524658203,48320,1.8927152156829834,1.3618282079696655,0.08436091244220734,0.2702415883541107,0.1332351267337799,,,,,,,,,,,
756,0.17812499403953552,0.17812499403953552,MoE-sBOED,0.04963088035583496,48384,1.932629108428955,1.3599050045013428,0.0818621963262558,0.2663077414035797,0.13327781856060028,,,,,,,,,,,
757,0.17765626311302185,0.17765626311302185,MoE-sBOED,0.04972505569458008,48448,1.9974191188812256,1.35902738571167,0.08059125393629074,0.26510438323020935,0.13330696523189545,,,,,,,,,,,
758,0.18046875298023224,0.18046875298023224,MoE-sBOED,0.04841351509094238,48512,2.023526430130005,1.3593599796295166,0.07751157134771347,0.26513728499412537,0.13328269124031067,,,,,,,,,,,
759,0.1771875023841858,0.1771875023841858,MoE-sBOED,0.049285173416137695,48576,2.019940137863159,1.3596038818359375,0.07564513385295868,0.2650362551212311,0.1332615464925766,,,,,,,,,,,
760,0.1823437511920929,0.1823437511920929,MoE-sBOED,0.04883694648742676,48640,2.1381187438964844,1.3589767217636108,0.07151561230421066,0.26387056708335876,0.13320782780647278,,,,,,,,,,,
761,0.17296874523162842,0.17296874523162842,MoE-sBOED,0.04951143264770508,48704,2.1914877891540527,1.3591418266296387,0.06961236894130707,0.2587982416152954,0.13314594328403473,,,,,,,,,,,
762,0.1926562488079071,0.1926562488079071,MoE-sBOED,0.04990434646606445,48768,2.3624842166900635,1.360772967338562,0.07068885862827301,0.2616911232471466,0.133132204413414,,,,,,,,,,,
763,0.18843750655651093,0.18843750655651093,MoE-sBOED,0.04903864860534668,48832,2.190880298614502,1.3627489805221558,0.0708339512348175,0.26034337282180786,0.1331370323896408,,,,,,,,,,,
764,0.18515625596046448,0.18515625596046448,MoE-sBOED,0.04954218864440918,48896,2.1147899627685547,1.3638962507247925,0.07132787257432938,0.2623955309391022,0.13312983512878418,,,,,,,,,,,
765,0.18562500178813934,0.18562500178813934,MoE-sBOED,0.04830050468444824,48960,2.2600412368774414,1.3626196384429932,0.06660938262939453,0.2651243209838867,0.1331128627061844,,,,,,,,,,,
766,0.19171875715255737,0.19171875715255737,MoE-sBOED,0.04903864860534668,49024,2.3180911540985107,1.3618768453598022,0.06581754237413406,0.2681037187576294,0.1331016570329666,,,,,,,,,,,
767,0.2071875035762787,0.2071875035762787,MoE-sBOED,0.04952526092529297,49088,2.3252296447753906,1.3627374172210693,0.06620298326015472,0.26686203479766846,0.13313941657543182,,,,,,,,,,,
768,0.20484375953674316,0.20484375953674316,MoE-sBOED,0.0486292839050293,49152,2.159975051879883,1.363149881362915,0.06975048035383224,0.2648935317993164,0.13318835198879242,,,,,,,,,,,
769,0.20859375596046448,0.20859375596046448,MoE-sBOED,0.04912877082824707,49216,2.131490707397461,1.3642518520355225,0.07294300198554993,0.2627362310886383,0.1332489401102066,,,,,,,,,,,
770,0.18468749523162842,0.18468749523162842,MoE-sBOED,0.04857039451599121,49280,1.9410130977630615,1.3655643463134766,0.07645653188228607,0.26374900341033936,0.13328222930431366,,,,,,,,,,,
771,0.1795312464237213,0.1795312464237213,MoE-sBOED,0.04924607276916504,49344,1.9465136528015137,1.3656632900238037,0.06983423233032227,0.2587454915046692,0.13325196504592896,,,,,,,,,,,
772,0.17812499403953552,0.17812499403953552,MoE-sBOED,0.04934287071228027,49408,2.0856542587280273,1.3672574758529663,0.06715377420186996,0.2572290301322937,0.13319940865039825,,,,,,,,,,,
773,0.1954687535762787,0.1954687535762787,MoE-sBOED,0.04918026924133301,49472,1.9096297025680542,1.3683698177337646,0.0710931122303009,0.26283955574035645,0.13315722346305847,,,,,,,,,,,
774,0.19453126192092896,0.19453126192092896,MoE-sBOED,0.04903817176818848,49536,1.9620736837387085,1.3696563243865967,0.06980061531066895,0.26120543479919434,0.1331428736448288,,,,,,,,,,,
775,0.16828124225139618,0.16828124225139618,MoE-sBOED,0.04997134208679199,49600,1.9722516536712646,1.3687121868133545,0.06702502816915512,0.25709769129753113,0.13312271237373352,0.183984375,0.070859375,6,0.9372253788314567,0.046875,0.0078125,1,0.000234375,100.070859375,0,required
776,0.18187500536441803,0.18187500536441803,MoE-sBOED,0.04656648635864258,49664,2.1068944931030273,1.369041919708252,0.06729114055633545,0.26245805621147156,0.1330794394016266,,,,,,,,,,,
777,0.19218751788139343,0.19218751788139343,MoE-sBOED,0.048119544982910156,49728,2.023329257965088,1.368679404258728,0.07093445211648941,0.26083609461784363,0.13309542834758759,,,,,,,,,,,
778,0.19171875715255737,0.19171875715255737,MoE-sBOED,0.049298763275146484,49792,2.1202778816223145,1.368575096130371,0.07109303027391434,0.26271510124206543,0.13311710953712463,,,,,,,,,,,
779,0.18328124284744263,0.18328124284744263,MoE-sBOED,0.0493931770324707,49856,2.01066255569458,1.366918921470642,0.07164507359266281,0.2694628834724426,0.13310956954956055,,,,,,,,,,,
780,0.17249999940395355,0.17249999940395355,MoE-sBOED,0.04981184005737305,49920,2.00067138671875,1.3656871318817139,0.07309893518686295,0.2712424695491791,0.13312965631484985,,,,,,,,,,,
781,0.17812499403953552,0.17812499403953552,MoE-sBOED,0.048931121826171875,49984,2.002922773361206,1.3641793727874756,0.0757593885064125,0.27094733715057373,0.13310889899730682,,,,,,,,,,,
782,0.17859375476837158,0.17859375476837158,MoE-sBOED,0.048764705657958984,50048,1.8622252941131592,1.3611253499984741,0.07732903212308884,0.2820502519607544,0.13312114775180817,,,,,,,,,,,
783,0.18187499046325684,0.18187499046325684,MoE-sBOED,0.04831361770629883,50112,1.8224881887435913,1.358054518699646,0.0766943097114563,0.28687089681625366,0.13315634429454803,,,,,,,,,,,
784,0.16499999165534973,0.16499999165534973,MoE-sBOED,0.049576759338378906,50176,1.7585266828536987,1.3590162992477417,0.07959188520908356,0.2911660373210907,0.13319462537765503,,,,,,,,,,,
785,0.1875,0.1875,MoE-sBOED,0.04938793182373047,50240,1.8818109035491943,1.3572158813476562,0.07771077752113342,0.29619476199150085,0.13317960500717163,,,,,,,,,,,
786,0.17625001072883606,0.17625001072883606,MoE-sBOED,0.04944944381713867,50304,2.0209341049194336,1.3589847087860107,0.07579586654901505,0.2937437891960144,0.13316035270690918,,,,,,,,,,,
787,0.18046875298023224,0.18046875298023224,MoE-sBOED,0.048941612243652344,50368,1.8655297756195068,1.3566668033599854,0.07590819895267487,0.30569565296173096,0.13321766257286072,,,,,,,,,,,
788,0.17812499403953552,0.17812499403953552,MoE-sBOED,0.049008846282958984,50432,1.95567786693573,1.3574872016906738,0.07146019488573074,0.29549986124038696,0.13325385749340057,,,,,,,,,,,
789,0.1692187488079071,0.1692187488079071,MoE-sBOED,0.04948759078979492,50496,1.9724663496017456,1.3574047088623047,0.06793439388275146,0.29501089453697205,0.13324980437755585,,,,,,,,,,,
790,0.18140625953674316,0.18140625953674316,MoE-sBOED,0.0493464469909668,50560,2.079345464706421,1.3584604263305664,0.06392742693424225,0.2908514142036438,0.13324198126792908,,,,,,,,,,,
791,0.18515625596046448,0.18515625596046448,MoE-sBOED,0.04929614067077637,50624,2.114287853240967,1.3600267171859741,0.06172044947743416,0.29049167037010193,0.13320758938789368,,,,,,,,,,,
792,0.1912499964237213,0.1912499964237213,MoE-sBOED,0.048744916915893555,50688,2.155665397644043,1.3624576330184937,0.06063364818692207,0.2819092869758606,0.1331453174352646,,,,,,,,,,,
793,0.19218751788139343,0.19218751788139343,MoE-sBOED,0.04895424842834473,50752,2.1376500129699707,1.360600233078003,0.06094890087842941,0.28593844175338745,0.13318556547164917,,,,,,,,,,,
794,0.16687500476837158,0.16687500476837158,MoE-sBOED,0.04897260665893555,50816,1.9307796955108643,1.3584474325180054,0.06536415219306946,0.29329609870910645,0.13331367075443268,,,,,,,,,,,
795,0.18328125774860382,0.18328125774860382,MoE-sBOED,0.04938364028930664,50880,1.9671154022216797,1.3578987121582031,0.06723581999540329,0.2976077198982239,0.1334138661623001,,,,,,,,,,,
796,0.1706250011920929,0.1706250011920929,MoE-sBOED,0.04948019981384277,50944,1.9671199321746826,1.3571326732635498,0.06615129858255386,0.292927086353302,0.13343562185764313,,,,,,,,,,,
797,0.17109374701976776,0.17109374701976776,MoE-sBOED,0.0497126579284668,51008,2.060854196548462,1.356796145439148,0.06556772440671921,0.2935086190700531,0.13336937129497528,,,,,,,,,,,
798,0.1846875101327896,0.1846875101327896,MoE-sBOED,0.04906821250915527,51072,2.106614112854004,1.3566197156906128,0.06635124981403351,0.2966947555541992,0.13331611454486847,,,,,,,,,,,
799,0.1692187488079071,0.1692187488079071,MoE-sBOED,0.04932045936584473,51136,2.0430095195770264,1.3586082458496094,0.06491102278232574,0.294935941696167,0.13331103324890137,,,,,,,,,,,
800,0.1795312464237213,0.19046875834465027,MoE-sBOED,0.049143075942993164,51200,2.0507237911224365,1.3601231575012207,0.06420442461967468,0.29078006744384766,0.13334961235523224,0.1828125,0.06968750000000001,6,0.6976982973093345,0.046875,0.0078125,1,0.000234375,100.0696875,0,required
801,0.16078126430511475,0.16078126430511475,MoE-sBOED,0.046386003494262695,51264,1.8819513320922852,1.3605254888534546,0.06468338519334793,0.2855072021484375,0.1334022432565689,,,,,,,,,,,
802,0.17296874523162842,0.17296874523162842,MoE-sBOED,0.047902822494506836,51328,1.9518609046936035,1.360612154006958,0.061851516366004944,0.28249025344848633,0.13346454501152039,,,,,,,,,,,
803,0.1809374988079071,0.1809374988079071,MoE-sBOED,0.04904603958129883,51392,1.8982051610946655,1.3620460033416748,0.062141433358192444,0.2716177701950073,0.13353516161441803,,,,,,,,,,,
804,0.17531248927116394,0.17531248927116394,MoE-sBOED,0.04958367347717285,51456,1.8799140453338623,1.3630074262619019,0.06502659618854523,0.27408403158187866,0.1335698366165161,,,,,,,,,,,
805,0.17906250059604645,0.17906250059604645,MoE-sBOED,0.04892158508300781,51520,1.9248555898666382,1.3619582653045654,0.06405358761548996,0.27328717708587646,0.13352422416210175,,,,,,,,,,,
806,0.1846875101327896,0.1846875101327896,MoE-sBOED,0.04926633834838867,51584,2.0600528717041016,1.3637139797210693,0.06257980316877365,0.2735089659690857,0.13344046473503113,,,,,,,,,,,
807,0.18562500178813934,0.18562500178813934,MoE-sBOED,0.04915118217468262,51648,2.197964668273926,1.363022804260254,0.058520033955574036,0.2681410312652588,0.13340012729167938,,,,,,,,,,,
808,0.18984374403953552,0.18984374403953552,MoE-sBOED,0.04869556427001953,51712,2.1070687770843506,1.3622316122055054,0.056530192494392395,0.270183801651001,0.1334347128868103,,,,,,,,,,,
809,0.1837500035762787,0.1837500035762787,MoE-sBOED,0.04911637306213379,51776,2.065025806427002,1.3622831106185913,0.05621694400906563,0.26883766055107117,0.13352473080158234,,,,,,,,,,,
810,0.18515624105930328,0.18515624105930328,MoE-sBOED,0.04965043067932129,51840,2.0106935501098633,1.3628978729248047,0.05969174578785896,0.2667052149772644,0.13360193371772766,,,,,,,,,,,
811,0.16875000298023224,0.16875000298023224,MoE-sBOED,0.0487515926361084,51904,2.013442277908325,1.3649286031723022,0.05975465103983879,0.26355645060539246,0.13365457952022552,,,,,,,,,,,
812,0.1729687601327896,0.1729687601327896,MoE-sBOED,0.048168182373046875,51968,1.7973928451538086,1.366112470626831,0.06503541767597198,0.26460403203964233,0.13375060260295868,,,,,,,,,,,
813,0.1809374988079071,0.1809374988079071,MoE-sBOED,0.04876708984375,52032,1.7713946104049683,1.3671916723251343,0.06764405965805054,0.2621671259403229,0.1338716596364975,,,,,,,,,,,
814,0.19171875715255737,0.19171875715255737,MoE-sBOED,0.048810720443725586,52096,1.8953666687011719,1.3686097860336304,0.06787309795618057,0.2612585723400116,0.133991539478302,,,,,,,,,,,
815,0.18843749165534973,0.18843749165534973,MoE-sBOED,0.049180030822753906,52160,1.7730636596679688,1.3705675601959229,0.07207569479942322,0.2655302882194519,0.1340668946504593,,,,,,,,,,,
816,0.18140624463558197,0.18140624463558197,MoE-sBOED,0.04928183555603027,52224,1.6986688375473022,1.3707212209701538,0.07351187616586685,0.26166844367980957,0.13415126502513885,,,,,,,,,,,
817,0.19453126192092896,0.19453126192092896,MoE-sBOED,0.04949140548706055,52288,1.7192842960357666,1.370974063873291,0.07695743441581726,0.2653094530105591,0.1342114806175232,,,,,,,,,,,
818,0.1626562476158142,0.1626562476158142,MoE-sBOED,0.048642635345458984,52352,1.6020042896270752,1.3707317113876343,0.0777161493897438,0.2635342478752136,0.13422682881355286,,,,,,,,,,,
819,0.2109375,0.2109375,MoE-sBOED,0.04810738563537598,52416,1.7409322261810303,1.3716354370117188,0.08111926168203354,0.2667364478111267,0.13423316180706024,,,,,,,,,,,
820,0.16078126430511475,0.16078126430511475,MoE-sBOED,0.04895472526550293,52480,1.634321928024292,1.3685753345489502,0.07582779973745346,0.2660028636455536,0.13422246277332306,,,,,,,,,,,
821,0.1809374988079071,0.1809374988079071,MoE-sBOED,0.0484919548034668,52544,1.8119314908981323,1.3682165145874023,0.07539873570203781,0.2644261419773102,0.13420745730400085,,,,,,,,,,,
822,0.1654687523841858,0.1654687523841858,MoE-sBOED,0.04990053176879883,52608,1.6495318412780762,1.3669404983520508,0.07454778254032135,0.2619583010673523,0.13425475358963013,,,,,,,,,,,
823,0.18515625596046448,0.18515625596046448,MoE-sBOED,0.04955029487609863,52672,1.8240747451782227,1.3675057888031006,0.07032573223114014,0.2643820345401764,0.13427431881427765,,,,,,,,,,,
824,0.17531250417232513,0.17531250417232513,MoE-sBOED,0.049454450607299805,52736,1.7764921188354492,1.3656504154205322,0.06834522634744644,0.25995951890945435,0.1342710256576538,,,,,,,,,,,
825,0.17812499403953552,0.17812499403953552,MoE-sBOED,0.049643516540527344,52800,1.825446367263794,1.3674691915512085,0.06934898346662521,0.259021133184433,0.13426876068115234,0.18679687499999997,0.073671875,7,1.1885914718930213,0.0546875,0.0078125,1,0.000234375,100.073671875,0,required
826,0.18046875298023224,0.18046875298023224,MoE-sBOED,0.046523332595825195,52864,1.9090808629989624,1.3674237728118896,0.07057274878025055,0.2611066401004791,0.1342690885066986,,,,,,,,,,,
827,0.17109376192092896,0.17109376192092896,MoE-sBOED,0.04768013954162598,52928,1.9909734725952148,1.3682599067687988,0.07016286253929138,0.264068067073822,0.13426317274570465,,,,,,,,,,,
828,0.18281251192092896,0.18281251192092896,MoE-sBOED,0.0489048957824707,52992,1.87722909450531,1.3697484731674194,0.07509423047304153,0.27083030343055725,0.13427993655204773,,,,,,,,,,,
829,0.1771875023841858,0.1771875023841858,MoE-sBOED,0.04915261268615723,53056,1.8164427280426025,1.3701171875,0.07702615857124329,0.26145806908607483,0.13428305089473724,,,,,,,,,,,
830,0.17390625178813934,0.17390625178813934,MoE-sBOED,0.04900765419006348,53120,1.8620402812957764,1.369520902633667,0.07104797661304474,0.2581251263618469,0.1342371702194214,,,,,,,,,,,
831,0.18562500178813934,0.18562500178813934,MoE-sBOED,0.04956626892089844,53184,1.9299267530441284,1.3684624433517456,0.0711384043097496,0.25891244411468506,0.13415957987308502,,,,,,,,,,,
832,0.2146874964237213,0.2146874964237213,MoE-sBOED,0.049390316009521484,53248,2.16890287399292,1.3687366247177124,0.06613831967115402,0.26464253664016724,0.13400594890117645,,,,,,,,,,,
833,0.17531250417232513,0.17531250417232513,MoE-sBOED,0.04978609085083008,53312,2.352546215057373,1.3686593770980835,0.05780645087361336,0.27167031168937683,0.13385052978992462,,,,,,,,,,,
834,0.18562500178813934,0.18562500178813934,MoE-sBOED,0.05010080337524414,53376,2.339498996734619,1.3678348064422607,0.0616370253264904,0.275539755821228,0.13375909626483917,,,,,,,,,,,
835,0.17390625178813934,0.17390625178813934,MoE-sBOED,0.04953646659851074,53440,2.329561710357666,1.3678615093231201,0.06085016950964928,0.27776938676834106,0.13370566070079803,,,,,,,,,,,
836,0.2006250023841858,0.2006250023841858,MoE-sBOED,0.0500025749206543,53504,2.36971378326416,1.3668773174285889,0.0678306445479393,0.27318328619003296,0.13368266820907593,,,,,,,,,,,
837,0.17484375834465027,0.17484375834465027,MoE-sBOED,0.04994487762451172,53568,2.2185659408569336,1.3638653755187988,0.0708826333284378,0.2723335027694702,0.13366343080997467,,,,,,,,,,,
838,0.17578125,0.17578125,MoE-sBOED,0.04905271530151367,53632,2.2280430793762207,1.3629382848739624,0.07264311611652374,0.27413269877433777,0.13368619978427887,,,,,,,,,,,
839,0.18468749523162842,0.18468749523162842,MoE-sBOED,0.04881095886230469,53696,2.2364437580108643,1.3658479452133179,0.07648304104804993,0.2686096429824829,0.1337234526872635,,,,,,,,,,,
840,0.17906250059604645,0.17906250059604645,MoE-sBOED,0.04932522773742676,53760,2.2260119915008545,1.3643525838851929,0.07154551893472672,0.2719019651412964,0.13369183242321014,,,,,,,,,,,
841,0.18656250834465027,0.18656250834465027,MoE-sBOED,0.04968523979187012,53824,2.2358646392822266,1.3647626638412476,0.07015535980463028,0.2748253345489502,0.13368767499923706,,,,,,,,,,,
842,0.16687500476837158,0.16687500476837158,MoE-sBOED,0.050000905990600586,53888,2.147714853286743,1.3628371953964233,0.06774486601352692,0.27974340319633484,0.13370786607265472,,,,,,,,,,,
843,0.16640624403953552,0.16640624403953552,MoE-sBOED,0.0498356819152832,53952,2.2437310218811035,1.362619161605835,0.06876073777675629,0.27780768275260925,0.13371305167675018,,,,,,,,,,,
844,0.17625001072883606,0.17625001072883606,MoE-sBOED,0.04925966262817383,54016,2.0379319190979004,1.3593947887420654,0.0665021687746048,0.28841012716293335,0.13373376429080963,,,,,,,,,,,
845,0.18796876072883606,0.18796876072883606,MoE-sBOED,0.04975104331970215,54080,2.1558358669281006,1.3611044883728027,0.07085292786359787,0.28164640069007874,0.13378411531448364,,,,,,,,,,,
846,0.17906251549720764,0.17906251549720764,MoE-sBOED,0.04999804496765137,54144,1.9620482921600342,1.355284571647644,0.07049067318439484,0.2934519648551941,0.1339206099510193,,,,,,,,,,,
847,0.19312499463558197,0.19312499463558197,MoE-sBOED,0.050034284591674805,54208,1.8180186748504639,1.355269432067871,0.0737496092915535,0.2914170026779175,0.1340617835521698,,,,,,,,,,,
848,0.1823437511920929,0.1823437511920929,MoE-sBOED,0.04986715316772461,54272,1.6760540008544922,1.3528302907943726,0.07217738032341003,0.29194802045822144,0.1341833770275116,,,,,,,,,,,
849,0.17625001072883606,0.17625001072883606,MoE-sBOED,0.0488889217376709,54336,1.5856537818908691,1.3508033752441406,0.06988804787397385,0.2969604730606079,0.13428111374378204,,,,,,,,,,,
850,0.18515625596046448,0.18515625596046448,MoE-sBOED,0.04920649528503418,54400,1.6762789487838745,1.3512558937072754,0.0685185119509697,0.2925505042076111,0.13429510593414307,0.18421875,0.07421875,1,-0.0,0.0078125,0.015625,1,0.0004687500000000002,100.07421875,0,required
851,0.17343750596046448,0.17343750596046448,MoE-sBOED,0.04630589485168457,54464,1.593542456626892,1.3444026708602905,0.0607711561024189,0.3070216774940491,0.13424690067768097,,,,,,,,,,,
852,0.16687500476837158,0.16687500476837158,MoE-sBOED,0.04710078239440918,54528,1.667529821395874,1.3450489044189453,0.0601101778447628,0.3043895363807678,0.1342177838087082,,,,,,,,,,,
853,0.18562500178813934,0.18562500178813934,MoE-sBOED,0.048670053482055664,54592,1.717158317565918,1.3496851921081543,0.060337603092193604,0.2970833480358124,0.13418269157409668,,,,,,,,,,,
854,0.18328124284744263,0.18328124284744263,MoE-sBOED,0.049706459045410156,54656,1.7825403213500977,1.352020025253296,0.0594291016459465,0.2926929295063019,0.1341208666563034,,,,,,,,,,,
855,0.18140625953674316,0.18140625953674316,MoE-sBOED,0.04922127723693848,54720,1.7948837280273438,1.3517303466796875,0.057165902107954025,0.29194802045822144,0.13408680260181427,,,,,,,,,,,
856,0.18328124284744263,0.18328124284744263,MoE-sBOED,0.049709320068359375,54784,1.7275400161743164,1.3502938747406006,0.05397367477416992,0.29778099060058594,0.13404399156570435,,,,,,,,,,,
857,0.17296874523162842,0.17296874523162842,MoE-sBOED,0.04939007759094238,54848,1.7487373352050781,1.3497995138168335,0.05053179711103439,0.2982233464717865,0.13395963609218597,,,,,,,,,,,
858,0.17765624821186066,0.17765624821186066,MoE-sBOED,0.049826860427856445,54912,1.8393640518188477,1.3523156642913818,0.04887242615222931,0.2962969243526459,0.1338769495487213,,,,,,,,,,,
859,0.1809374988079071,0.1809374988079071,MoE-sBOED,0.04959869384765625,54976,1.9216140508651733,1.355267882347107,0.04913465306162834,0.29132914543151855,0.13373588025569916,,,,,,,,,,,
860,0.18562501668930054,0.18562501668930054,MoE-sBOED,0.049077749252319336,55040,1.9818904399871826,1.355841040611267,0.04836389794945717,0.29053598642349243,0.1336316615343094,,,,,,,,,,,
861,0.16828125715255737,0.16828125715255737,MoE-sBOED,0.050040483474731445,55104,1.9731943607330322,1.3563101291656494,0.04752673581242561,0.28974223136901855,0.13367687165737152,,,,,,,,,,,
862,0.1720312535762787,0.1720312535762787,MoE-sBOED,0.04909658432006836,55168,1.9100998640060425,1.3589694499969482,0.04765339568257332,0.28466635942459106,0.13374993205070496,,,,,,,,,,,
863,0.19078125059604645,0.19078125059604645,MoE-sBOED,0.0496826171875,55232,1.8863639831542969,1.3642702102661133,0.05043370649218559,0.2695799767971039,0.1338268667459488,,,,,,,,,,,
864,0.16874998807907104,0.16874998807907104,MoE-sBOED,0.04897356033325195,55296,1.7417066097259521,1.3645658493041992,0.050180576741695404,0.2648838758468628,0.13391730189323425,,,,,,,,,,,
865,0.18000000715255737,0.18000000715255737,MoE-sBOED,0.049974918365478516,55360,1.8023755550384521,1.3647940158843994,0.050503864884376526,0.26501286029815674,0.13395395874977112,,,,,,,,,,,
866,0.18281249701976776,0.18281249701976776,MoE-sBOED,0.04895353317260742,55424,1.8781938552856445,1.3640429973602295,0.04933932051062584,0.26819512248039246,0.1339484453201294,,,,,,,,,,,
867,0.18656249344348907,0.18656249344348907,MoE-sBOED,0.049184322357177734,55488,1.8800666332244873,1.3650859594345093,0.050791848450899124,0.2733767330646515,0.1339809000492096,,,,,,,,,,,
868,0.15843749046325684,0.15843749046325684,MoE-sBOED,0.04962015151977539,55552,1.7926009893417358,1.3635578155517578,0.05131540820002556,0.2688903212547302,0.13403522968292236,,,,,,,,,,,
869,0.18000000715255737,0.18000000715255737,MoE-sBOED,0.049273014068603516,55616,1.7654460668563843,1.3632848262786865,0.05564947798848152,0.28132903575897217,0.134140744805336,,,,,,,,,,,
870,0.1978124976158142,0.1978124976158142,MoE-sBOED,0.04962158203125,55680,1.890423059463501,1.3625760078430176,0.05737240985035896,0.28712889552116394,0.1341971457004547,,,,,,,,,,,
871,0.18281251192092896,0.18281251192092896,MoE-sBOED,0.049790382385253906,55744,1.7247447967529297,1.3626816272735596,0.054827190935611725,0.28557080030441284,0.1341876983642578,,,,,,,,,,,
872,0.17296874523162842,0.17296874523162842,MoE-sBOED,0.04966855049133301,55808,1.7388944625854492,1.3633079528808594,0.05376886576414108,0.27525168657302856,0.13414259254932404,,,,,,,,,,,
873,0.1706250011920929,0.1706250011920929,MoE-sBOED,0.04871702194213867,55872,1.8221266269683838,1.3631401062011719,0.05114816874265671,0.2747564911842346,0.13407616317272186,,,,,,,,,,,
874,0.1860937476158142,0.1860937476158142,MoE-sBOED,0.04960346221923828,55936,1.8626172542572021,1.3647178411483765,0.05044948682188988,0.27538973093032837,0.13401490449905396,,,,,,,,,,,
875,0.1678124964237213,0.1678124964237213,MoE-sBOED,0.04928779602050781,56000,1.8348554372787476,1.3646180629730225,0.050119560211896896,0.27557533979415894,0.13396382331848145,0.18609375,0.06984375000000001,6,0.9688385155821204,0.046875,0.0,1,0.0,100.06984375,0,required
876,0.17249999940395355,0.17249999940395355,MoE-sBOED,0.04633498191833496,56064,1.927382230758667,1.3664236068725586,0.048272132873535156,0.2711183726787567,0.13394556939601898,,,,,,,,,,,
877,0.1903124898672104,0.1903124898672104,MoE-sBOED,0.04776740074157715,56128,2.020423173904419,1.3674553632736206,0.05312826856970787,0.2640300691127777,0.13394571840763092,,,,,,,,,,,
878,0.19218750298023224,0.19218750298023224,MoE-sBOED,0.049163103103637695,56192,2.195565700531006,1.3686800003051758,0.05291931703686714,0.25709015130996704,0.13392654061317444,,,,,,,,,,,
879,0.18562500178813934,0.18562500178813934,MoE-sBOED,0.04979372024536133,56256,2.1602649688720703,1.3692859411239624,0.05174269899725914,0.2547171711921692,0.13391496241092682,,,,,,,,,,,
880,0.1743749976158142,0.1743749976158142,MoE-sBOED,0.04903411865234375,56320,2.0660951137542725,1.369603157043457,0.05050013214349747,0.2559813857078552,0.13393040001392365,,,,,,,,,,,
881,0.18937501311302185,0.18937501311302185,MoE-sBOED,0.04983186721801758,56384,2.0464255809783936,1.371068000793457,0.051428861916065216,0.25769251585006714,0.13397198915481567,,,,,,,,,,,
882,0.17390626668930054,0.17390626668930054,MoE-sBOED,0.048044681549072266,56448,2.0591135025024414,1.3717632293701172,0.05288979038596153,0.25944459438323975,0.13405676186084747,,,,,,,,,,,
883,0.1823437511920929,0.1823437511920929,MoE-sBOED,0.04915475845336914,56512,1.891996145248413,1.3720386028289795,0.055373333394527435,0.25989192724227905,0.13418976962566376,,,,,,,,,,,
884,0.18843750655651093,0.18843750655651093,MoE-sBOED,0.04958176612854004,56576,1.821494460105896,1.3725354671478271,0.05976684391498566,0.26314038038253784,0.1343613862991333,,,,,,,,,,,
885,0.18796876072883606,0.18796876072883606,MoE-sBOED,0.0496981143951416,56640,1.7838443517684937,1.3720377683639526,0.05817992240190506,0.2627677917480469,0.13446985185146332,,,,,,,,,,,
886,0.18046875298023224,0.18046875298023224,MoE-sBOED,0.049247026443481445,56704,1.7394747734069824,1.3719161748886108,0.057414811104536057,0.26179373264312744,0.13453923165798187,,,,,,,,,,,
887,0.18140625953674316,0.18140625953674316,MoE-sBOED,0.04931902885437012,56768,1.6501967906951904,1.3717825412750244,0.05864216387271881,0.26632004976272583,0.13458862900733948,,,,,,,,,,,
888,0.18656250834465027,0.18656250834465027,MoE-sBOED,0.04975771903991699,56832,1.632183313369751,1.3724188804626465,0.05944760516285896,0.26955538988113403,0.13462616503238678,,,,,,,,,,,
889,0.16734375059604645,0.16734375059604645,MoE-sBOED,0.049833059310913086,56896,1.7737497091293335,1.372307538986206,0.055123984813690186,0.2688528299331665,0.13463762402534485,,,,,,,,,,,
890,0.2071875035762787,0.2071875035762787,MoE-sBOED,0.0497441291809082,56960,1.7990150451660156,1.3729671239852905,0.05737462267279625,0.27398985624313354,0.13462208211421967,,,,,,,,,,,
891,0.17859375476837158,0.17859375476837158,MoE-sBOED,0.050481319427490234,57024,1.7963670492172241,1.373168706893921,0.0558297224342823,0.2703271508216858,0.13461710512638092,,,,,,,,,,,
892,0.1860937476158142,0.1860937476158142,MoE-sBOED,0.05008435249328613,57088,1.9136791229248047,1.3743394613265991,0.05424808710813522,0.26986241340637207,0.13464787602424622,,,,,,,,,,,
893,0.18796874582767487,0.18796874582767487,MoE-sBOED,0.04950284957885742,57152,1.8397611379623413,1.3741410970687866,0.05242031812667847,0.2682237923145294,0.13464517891407013,,,,,,,,,,,
894,0.17015624046325684,0.17015624046325684,MoE-sBOED,0.049869537353515625,57216,1.967550277709961,1.3738343715667725,0.05027862638235092,0.26617497205734253,0.1346082240343094,,,,,,,,,,,
895,0.18937501311302185,0.18937501311302185,MoE-sBOED,0.04932546615600586,57280,2.110661268234253,1.3745813369750977,0.04702933132648468,0.26892727613449097,0.1345842331647873,,,,,,,,,,,
896,0.1912499964237213,0.1912499964237213,MoE-sBOED,0.04970383644104004,57344,2.1749048233032227,1.3744359016418457,0.046047817915678024,0.2656234800815582,0.13456283509731293,,,,,,,,,,,
897,0.18515625596046448,0.18515625596046448,MoE-sBOED,0.049481868743896484,57408,2.0295283794403076,1.3746259212493896,0.04408983886241913,0.2596723437309265,0.13457214832305908,,,,,,,,,,,
898,0.18468749523162842,0.18468749523162842,MoE-sBOED,0.048407793045043945,57472,2.0058753490448,1.374381422996521,0.04817194864153862,0.2584870457649231,0.13460904359817505,,,,,,,,,,,
899,0.18796874582767487,0.18796874582767487,MoE-sBOED,0.04985928535461426,57536,2.0179836750030518,1.3746957778930664,0.04742957651615143,0.2588835656642914,0.1346697062253952,,,,,,,,,,,
900,0.19734376668930054,0.19734376668930054,MoE-sBOED,0.04988384246826172,57600,2.0424909591674805,1.3748382329940796,0.05054700747132301,0.25735533237457275,0.13474608957767487,0.18539062499999998,0.06914062500000001,11,1.573861015088755,0.0859375,0.0,1,0.0,100.069140625,0,required
901,0.18046875298023224,0.18046875298023224,MoE-sBOED,0.046288251876831055,57664,1.904160976409912,1.3736966848373413,0.04835110157728195,0.2590986490249634,0.13478556275367737,,,,,,,,,,,
902,0.18046875298023224,0.18046875298023224,MoE-sBOED,0.047744035720825195,57728,1.9371488094329834,1.3729991912841797,0.04871289059519768,0.26009881496429443,0.1348184049129486,,,,,,,,,,,
903,0.16828124225139618,0.16828124225139618,MoE-sBOED,0.049163103103637695,57792,1.960430383682251,1.3731608390808105,0.049243826419115067,0.2589111328125,0.13480590283870697,,,,,,,,,,,
904,0.19312500953674316,0.19312500953674316,MoE-sBOED,0.049556732177734375,57856,2.089026927947998,1.3737142086029053,0.05050508677959442,0.26243337988853455,0.1347724348306656,,,,,,,,,,,
905,0.1940625011920929,0.1940625011920929,MoE-sBOED,0.04917097091674805,57920,2.175412178039551,1.373236060142517,0.04955332726240158,0.2589186131954193,0.1346805840730667,,,,,,,,,,,
906,0.16453126072883606,0.16453126072883606,MoE-sBOED,0.049811601638793945,57984,2.1047987937927246,1.3729548454284668,0.05023026466369629,0.25813668966293335,0.13459475338459015,,,,,,,,,,,
907,0.18281251192092896,0.18281251192092896,MoE-sBOED,0.048819780349731445,58048,2.189608335494995,1.3738987445831299,0.047503795474767685,0.26363605260849,0.13457873463630676,,,,,,,,,,,
908,0.17812499403953552,0.17812499403953552,MoE-sBOED,0.04955601692199707,58112,2.11116886138916,1.3739475011825562,0.04677671939134598,0.2636702358722687,0.13457758724689484,,,,,,,,,,,
909,0.1795312464237213,0.1795312464237213,MoE-sBOED,0.04942631721496582,58176,2.1741013526916504,1.3742167949676514,0.04815506935119629,0.27151060104370117,0.13455882668495178,,,,,,,,,,,
910,0.18421874940395355,0.18421874940395355,MoE-sBOED,0.04895281791687012,58240,2.246090888977051,1.3740805387496948,0.04737996309995651,0.27506357431411743,0.1345134973526001,,,,,,,,,,,
911,0.18656250834465027,0.18656250834465027,MoE-sBOED,0.04949212074279785,58304,2.1707420349121094,1.3740490674972534,0.04855604097247124,0.2750947177410126,0.13449831306934357,,,,,,,,,,,
912,0.1978124976158142,0.1978124976158142,MoE-sBOED,0.0495455265045166,58368,2.212531805038452,1.3743813037872314,0.05434762313961983,0.27198904752731323,0.13452540338039398,,,,,,,,,,,
913,0.18421876430511475,0.18421876430511475,MoE-sBOED,0.04911541938781738,58432,2.1417784690856934,1.3731913566589355,0.0528874397277832,0.2679709494113922,0.13455380499362946,,,,,,,,,,,
914,0.18562501668930054,0.18562501668930054,MoE-sBOED,0.04978179931640625,58496,2.1910412311553955,1.3723669052124023,0.05311919003725052,0.27076455950737,0.13457892835140228,,,,,,,,,,,
915,0.1743749976158142,0.1743749976158142,MoE-sBOED,0.049021005630493164,58560,2.2602033615112305,1.3726476430892944,0.053112078458070755,0.26903513073921204,0.13456813991069794,,,,,,,,,,,
916,0.18140624463558197,0.18140624463558197,MoE-sBOED,0.04979705810546875,58624,2.1056485176086426,1.3735603094100952,0.05317022278904915,0.2621579170227051,0.13456033170223236,,,,,,,,,,,
917,0.18562500178813934,0.18562500178813934,MoE-sBOED,0.049004316329956055,58688,2.1333250999450684,1.3724768161773682,0.05281934514641762,0.2640804350376129,0.13460025191307068,,,,,,,,,,,
918,0.21140626072883606,0.21140626072883606,MoE-sBOED,0.049321889877319336,58752,2.0871217250823975,1.3724536895751953,0.055242497473955154,0.2688768208026886,0.13463354110717773,,,,,,,,,,,
919,0.19499999284744263,0.19499999284744263,MoE-sBOED,0.04930615425109863,58816,2.1219191551208496,1.371495246887207,0.05476551130414009,0.269295334815979,0.13467355072498322,,,,,,,,,,,
920,0.18140625953674316,0.18140625953674316,MoE-sBOED,0.05039095878601074,58880,2.020918369293213,1.3700149059295654,0.05188526585698128,0.2650079131126404,0.13473491370677948,,,,,,,,,,,
921,0.16640624403953552,0.16640624403953552,MoE-sBOED,0.050170183181762695,58944,1.9490687847137451,1.368536353111267,0.04873812198638916,0.2619526982307434,0.13479745388031006,,,,,,,,,,,
922,0.17484375834465027,0.17484375834465027,MoE-sBOED,0.04965686798095703,59008,1.9808111190795898,1.368189811706543,0.0503014512360096,0.2621013820171356,0.13484802842140198,,,,,,,,,,,
923,0.17671874165534973,0.17671874165534973,MoE-sBOED,0.04940438270568848,59072,1.9144690036773682,1.3671996593475342,0.0481380820274353,0.26067718863487244,0.1348555088043213,,,,,,,,,,,
924,0.17812499403953552,0.17812499403953552,MoE-sBOED,0.04951214790344238,59136,1.9220023155212402,1.367938756942749,0.05189104750752449,0.2571497857570648,0.1348874866962433,,,,,,,,,,,
925,0.17671875655651093,0.17671875655651093,MoE-sBOED,0.04980921745300293,59200,1.9909204244613647,1.3677997589111328,0.055102359503507614,0.25906631350517273,0.13496430218219757,0.187734375,0.074609375,6,0.9707596066271857,0.046875,0.0078125,1,0.000234375,100.074609375,0,required
926,0.17812499403953552,0.17812499403953552,MoE-sBOED,0.04648590087890625,59264,1.8814988136291504,1.3685544729232788,0.05696230009198189,0.2581106126308441,0.13498316705226898,,,,,,,,,,,
927,0.18140624463558197,0.18140624463558197,MoE-sBOED,0.047032833099365234,59328,1.886979579925537,1.3683170080184937,0.0558059886097908,0.2555394172668457,0.13498294353485107,,,,,,,,,,,
928,0.16593751311302185,0.16593751311302185,MoE-sBOED,0.048383474349975586,59392,1.867583990097046,1.3694331645965576,0.0575634241104126,0.2564699649810791,0.1349676251411438,,,,,,,,,,,
929,0.18468749523162842,0.18468749523162842,MoE-sBOED,0.049774169921875,59456,1.9018396139144897,1.3700059652328491,0.057729609310626984,0.25956064462661743,0.13492080569267273,,,,,,,,,,,
930,0.1771875023841858,0.1771875023841858,MoE-sBOED,0.04967045783996582,59520,1.8416850566864014,1.3687703609466553,0.05642332136631012,0.2613796889781952,0.1348821520805359,,,,,,,,,,,
931,0.1940625011920929,0.1940625011920929,MoE-sBOED,0.049157142639160156,59584,1.8675365447998047,1.3693678379058838,0.05900442600250244,0.26126712560653687,0.1348762959241867,,,,,,,,,,,
932,0.17249999940395355,0.17249999940395355,MoE-sBOED,0.04909825325012207,59648,1.9051876068115234,1.3696472644805908,0.06235901638865471,0.26668107509613037,0.13489151000976562,,,,,,,,,,,
933,0.16828125715255737,0.1745312511920929,MoE-sBOED,0.04928135871887207,59712,1.8497140407562256,1.3681824207305908,0.06054552271962166,0.27232158184051514,0.13489340245723724,,,,,,,,,,,
934,0.18187499046325684,0.18187499046325684,MoE-sBOED,0.04954051971435547,59776,1.8517470359802246,1.3693346977233887,0.059382691979408264,0.26940107345581055,0.13492847979068756,,,,,,,,,,,
935,0.18843749165534973,0.18843749165534973,MoE-sBOED,0.04974484443664551,59840,1.9026784896850586,1.3684031963348389,0.05941241234540939,0.270612895488739,0.13501806557178497,,,,,,,,,,,
936,0.16453126072883606,0.16453126072883606,MoE-sBOED,0.04927206039428711,59904,1.7508914470672607,1.3653091192245483,0.05651496723294258,0.2800171375274658,0.135073721408844,,,,,,,,,,,
937,0.19031250476837158,0.19031250476837158,MoE-sBOED,0.049465179443359375,59968,1.8316655158996582,1.3644554615020752,0.05633125081658363,0.2813035845756531,0.1351184993982315,,,,,,,,,,,
938,0.17812499403953552,0.17812499403953552,MoE-sBOED,0.04923844337463379,60032,1.8700608015060425,1.3663184642791748,0.0573136992752552,0.2784115672111511,0.13517242670059204,,,,,,,,,,,
939,0.18140625953674316,0.18140625953674316,MoE-sBOED,0.04942798614501953,60096,1.8287967443466187,1.3659900426864624,0.05813417211174965,0.27622562646865845,0.1352033168077469,,,,,,,,,,,
940,0.1729687601327896,0.1729687601327896,MoE-sBOED,0.048859357833862305,60160,1.865414023399353,1.3662967681884766,0.05614176765084267,0.2753027379512787,0.13519474864006042,,,,,,,,,,,
941,0.17906250059604645,0.17906250059604645,MoE-sBOED,0.04983830451965332,60224,1.8477365970611572,1.3659738302230835,0.05384925380349159,0.27489304542541504,0.13514584302902222,,,,,,,,,,,
942,0.19593749940395355,0.19593749940395355,MoE-sBOED,0.049471139907836914,60288,1.90342116355896,1.3660659790039062,0.05251558497548103,0.27746742963790894,0.13501998782157898,,,,,,,,,,,
943,0.1692187488079071,0.1692187488079071,MoE-sBOED,0.04927563667297363,60352,1.858006238937378,1.3652806282043457,0.0500662662088871,0.27920401096343994,0.13490664958953857,,,,,,,,,,,
944,0.19078125059604645,0.19078125059604645,MoE-sBOED,0.04945874214172363,60416,1.9542558193206787,1.3650281429290771,0.048751819878816605,0.2763126492500305,0.1348443180322647,,,,,,,,,,,
945,0.18937499821186066,0.18937499821186066,MoE-sBOED,0.04900383949279785,60480,1.9105414152145386,1.3666770458221436,0.0498587042093277,0.2744009494781494,0.13487647473812103,,,,,,,,,,,
946,0.17249998450279236,0.17249998450279236,MoE-sBOED,0.04890704154968262,60544,1.845842719078064,1.3644555807113647,0.04774950444698334,0.28117066621780396,0.1349247246980667,,,,,,,,,,,
947,0.18281249701976776,0.18281249701976776,MoE-sBOED,0.048691749572753906,60608,1.8693742752075195,1.3653366565704346,0.04851941764354706,0.28072473406791687,0.1349342167377472,,,,,,,,,,,
948,0.17671874165534973,0.17671874165534973,MoE-sBOED,0.05011701583862305,60672,1.9167612791061401,1.3654870986938477,0.051596153527498245,0.28323137760162354,0.1349678784608841,,,,,,,,,,,
949,0.19171875715255737,0.19171875715255737,MoE-sBOED,0.0493772029876709,60736,1.82951021194458,1.363351583480835,0.05109893158078194,0.28746235370635986,0.13504722714424133,,,,,,,,,,,
950,0.18843750655651093,0.18843750655651093,MoE-sBOED,0.049780845642089844,60800,1.843995451927185,1.3625997304916382,0.05161662399768829,0.29046398401260376,0.13511386513710022,0.181640625,0.071640625,3,0.7108258283403909,0.0234375,0.015625,1,0.00046875,100.071640625,0,required
951,0.18656249344348907,0.18656249344348907,MoE-sBOED,0.04639554023742676,60864,1.851579189300537,1.3608310222625732,0.05453478544950485,0.29457569122314453,0.13514211773872375,,,,,,,,,,,
952,0.18843749165534973,0.18843749165534973,MoE-sBOED,0.04738616943359375,60928,1.853450059890747,1.3618667125701904,0.05759437754750252,0.2947971224784851,0.1351437270641327,,,,,,,,,,,
953,0.1795312613248825,0.1795312613248825,MoE-sBOED,0.04947948455810547,60992,1.7186226844787598,1.360728144645691,0.05431629717350006,0.3001559376716614,0.13517729938030243,,,,,,,,,,,
954,0.17859375476837158,0.17859375476837158,MoE-sBOED,0.04909968376159668,61056,1.7995108366012573,1.3637202978134155,0.056355901062488556,0.2952011823654175,0.13524167239665985,,,,,,,,,,,
955,0.18843750655651093,0.18843750655651093,MoE-sBOED,0.04932093620300293,61120,1.7769906520843506,1.3678439855575562,0.05861033499240875,0.28593137860298157,0.1352914571762085,,,,,,,,,,,
956,0.17765624821186066,0.17765624821186066,MoE-sBOED,0.04963517189025879,61184,1.7731026411056519,1.370694875717163,0.058265335857868195,0.28076112270355225,0.1353512853384018,,,,,,,,,,,
957,0.16968749463558197,0.16968749463558197,MoE-sBOED,0.04934406280517578,61248,1.7138155698776245,1.3727152347564697,0.05934080854058266,0.27114662528038025,0.1354169249534607,,,,,,,,,,,
958,0.16968749463558197,0.16968749463558197,MoE-sBOED,0.0496678352355957,61312,1.734287142753601,1.37473464012146,0.06085999682545662,0.2664634585380554,0.13545173406600952,,,,,,,,,,,
959,0.15984374284744263,0.15984374284744263,MoE-sBOED,0.04957842826843262,61376,1.6784987449645996,1.3751039505004883,0.05716300010681152,0.2602583169937134,0.13546472787857056,,,,,,,,,,,
960,0.17625001072883606,0.17625001072883606,MoE-sBOED,0.04912710189819336,61440,1.7106633186340332,1.3750436305999756,0.05854612588882446,0.2566186785697937,0.13550686836242676,,,,,,,,,,,
961,0.15843749046325684,0.15843749046325684,MoE-sBOED,0.05091381072998047,61504,1.787541151046753,1.3750404119491577,0.056393954902887344,0.2558635473251343,0.1355418860912323,,,,,,,,,,,
962,0.18515625596046448,0.18515625596046448,MoE-sBOED,0.05088973045349121,61568,1.6874892711639404,1.3749125003814697,0.057997848838567734,0.2537740468978882,0.13556832075119019,,,,,,,,,,,
963,0.18000000715255737,0.18000000715255737,MoE-sBOED,0.0500340461730957,61632,1.7821083068847656,1.3757823705673218,0.056894659996032715,0.25707828998565674,0.13558392226696014,,,,,,,,,,,
964,0.19031250476837158,0.19031250476837158,MoE-sBOED,0.0499112606048584,61696,1.824537992477417,1.3752145767211914,0.06107158213853836,0.26012206077575684,0.13558213412761688,,,,,,,,,,,
965,0.1926562488079071,0.1926562488079071,MoE-sBOED,0.04986572265625,61760,1.6922247409820557,1.374753713607788,0.05620291456580162,0.2559080123901367,0.13560029864311218,,,,,,,,,,,
966,0.1706250011920929,0.1706250011920929,MoE-sBOED,0.048731327056884766,61824,1.5806243419647217,1.3763669729232788,0.05629303678870201,0.2561664581298828,0.13565029203891754,,,,,,,,,,,
967,0.1706250011920929,0.1706250011920929,MoE-sBOED,0.04806160926818848,61888,1.726200819015503,1.3764718770980835,0.05472535640001297,0.25781795382499695,0.1356019824743271,,,,,,,,,,,
968,0.17906251549720764,0.17906251549720764,MoE-sBOED,0.04925537109375,61952,1.6658935546875,1.376255989074707,0.05162135884165764,0.257013201713562,0.1354845017194748,,,,,,,,,,,
969,0.16968749463558197,0.16968749463558197,MoE-sBOED,0.049078941345214844,62016,1.7492570877075195,1.3765137195587158,0.0506136417388916,0.25474125146865845,0.13546502590179443,,,,,,,,,,,
970,0.17906250059604645,0.17906250059604645,MoE-sBOED,0.049350738525390625,62080,1.7981361150741577,1.3761966228485107,0.05531027540564537,0.2559666633605957,0.1355566680431366,,,,,,,,,,,
971,0.18843749165534973,0.18843749165534973,MoE-sBOED,0.04918169975280762,62144,1.795522689819336,1.3767694234848022,0.05632725730538368,0.25714176893234253,0.1356094628572464,,,,,,,,,,,
972,0.16828125715255737,0.16828125715255737,MoE-sBOED,0.04921722412109375,62208,1.6754364967346191,1.376085638999939,0.05447688326239586,0.26090532541275024,0.13564148545265198,,,,,,,,,,,
973,0.20343750715255737,0.20343750715255737,MoE-sBOED,0.049868106842041016,62272,1.84454345703125,1.376025915145874,0.054399020969867706,0.25638771057128906,0.1356983482837677,,,,,,,,,,,
974,0.16640624403953552,0.16640624403953552,MoE-sBOED,0.0495755672454834,62336,1.7918715476989746,1.374579668045044,0.05124750733375549,0.25708162784576416,0.13577815890312195,,,,,,,,,,,
975,0.15984374284744263,0.15984374284744263,MoE-sBOED,0.0488438606262207,62400,1.7839066982269287,1.3746261596679688,0.05168076232075691,0.2589999735355377,0.1358174830675125,0.181640625,0.07164062500000001,9,1.254812975054858,0.0703125,0.015625,1,0.00046875,100.071640625,0,required
976,0.18328124284744263,0.18328124284744263,MoE-sBOED,0.04641532897949219,62464,1.8307198286056519,1.3744888305664062,0.05345996469259262,0.2570631504058838,0.13583426177501678,,,,,,,,,,,
977,0.16828125715255737,0.16828125715255737,MoE-sBOED,0.04784107208251953,62528,1.8284518718719482,1.3742733001708984,0.05184129253029823,0.25655946135520935,0.13588669896125793,,,,,,,,,,,
978,0.1692187488079071,0.1692187488079071,MoE-sBOED,0.04928946495056152,62592,1.7804460525512695,1.375068187713623,0.053015440702438354,0.2569047212600708,0.1358857899904251,,,,,,,,,,,
979,0.17296874523162842,0.17296874523162842,MoE-sBOED,0.04989361763000488,62656,1.7280833721160889,1.3752611875534058,0.05328639969229698,0.25758588314056396,0.13583584129810333,,,,,,,,,,,
980,0.18281251192092896,0.18281251192092896,MoE-sBOED,0.04983639717102051,62720,1.7537968158721924,1.375304937362671,0.05177109315991402,0.25600749254226685,0.13578788936138153,,,,,,,,,,,
981,0.17156249284744263,0.17156249284744263,MoE-sBOED,0.04976010322570801,62784,1.660295844078064,1.3754476308822632,0.05365801602602005,0.25855952501296997,0.13576483726501465,,,,,,,,,,,
982,0.18843749165534973,0.18843749165534973,MoE-sBOED,0.049895524978637695,62848,1.7529481649398804,1.3747215270996094,0.05454506725072861,0.2529911398887634,0.13569726049900055,,,,,,,,,,,
983,0.17859375476837158,0.17859375476837158,MoE-sBOED,0.04992818832397461,62912,1.8560960292816162,1.3749332427978516,0.05194034054875374,0.252019464969635,0.135596364736557,,,,,,,,,,,
984,0.18796874582767487,0.18796874582767487,MoE-sBOED,0.04916691780090332,62976,1.848373293876648,1.373827338218689,0.05000997334718704,0.25331926345825195,0.13548028469085693,,,,,,,,,,,
985,0.16312500834465027,0.16312500834465027,MoE-sBOED,0.049456119537353516,63040,1.89678955078125,1.3732298612594604,0.047013986855745316,0.2528861165046692,0.13543227314949036,,,,,,,,,,,
986,0.18984374403953552,0.18984374403953552,MoE-sBOED,0.04866313934326172,63104,1.8939365148544312,1.3732271194458008,0.04808138683438301,0.2527613639831543,0.13549119234085083,,,,,,,,,,,
987,0.19593749940395355,0.19593749940395355,MoE-sBOED,0.048879146575927734,63168,1.860100507736206,1.3742475509643555,0.04932615906000137,0.25284311175346375,0.13554692268371582,,,,,,,,,,,
988,0.18656250834465027,0.18656250834465027,MoE-sBOED,0.04976010322570801,63232,1.9818757772445679,1.3739595413208008,0.05039077252149582,0.2561880052089691,0.1355684995651245,,,,,,,,,,,
989,0.17812499403953552,0.17812499403953552,MoE-sBOED,0.047860145568847656,63296,1.816035270690918,1.3742027282714844,0.04972272366285324,0.25211086869239807,0.13559266924858093,,,,,,,,,,,
990,0.17390625178813934,0.17390625178813934,MoE-sBOED,0.05012702941894531,63360,1.9021070003509521,1.375213861465454,0.05054621025919914,0.25229668617248535,0.13565871119499207,,,,,,,,,,,
991,0.1795312464237213,0.1795312464237213,MoE-sBOED,0.049655914306640625,63424,1.734704852104187,1.3741315603256226,0.049809444695711136,0.25527477264404297,0.13575412333011627,,,,,,,,,,,
992,0.18140624463558197,0.18140624463558197,MoE-sBOED,0.04918670654296875,63488,1.8804396390914917,1.3751286268234253,0.05216957628726959,0.25415539741516113,0.13578788936138153,,,,,,,,,,,
993,0.1940625011920929,0.1940625011920929,MoE-sBOED,0.048982858657836914,63552,1.7940019369125366,1.375035285949707,0.054027099162340164,0.25427669286727905,0.13577747344970703,,,,,,,,,,,
994,0.20531249046325684,0.20531249046325684,MoE-sBOED,0.04948735237121582,63616,1.890485167503357,1.374765157699585,0.05488615483045578,0.2523798942565918,0.13574303686618805,,,,,,,,,,,
995,0.18984374403953552,0.18984374403953552,MoE-sBOED,0.049161434173583984,63680,1.9595096111297607,1.3742804527282715,0.054879143834114075,0.2544855773448944,0.1357073038816452,,,,,,,,,,,
996,0.18328124284744263,0.18328124284744263,MoE-sBOED,0.04896068572998047,63744,1.9885358810424805,1.3734784126281738,0.05727238208055496,0.25474119186401367,0.1356666088104248,,,,,,,,,,,
997,0.16687500476837158,0.16687500476837158,MoE-sBOED,0.049498796463012695,63808,1.9966776371002197,1.37221097946167,0.04871683567762375,0.260534405708313,0.13563980162143707,,,,,,,,,,,
998,0.19734373688697815,0.19734373688697815,MoE-sBOED,0.049745798110961914,63872,2.0141072273254395,1.3677656650543213,0.05488455668091774,0.272868275642395,0.135623499751091,,,,,,,,,,,
999,0.1795312464237213,0.1795312464237213,MoE-sBOED,0.0498049259185791,63936,1.9637012481689453,1.3669252395629883,0.053123507648706436,0.27471649646759033,0.13560491800308228,,,,,,,,,,,
1000,0.1771875023841858,0.1771875023841858,MoE-sBOED,0.04991483688354492,64000,1.8273847103118896,1.3664813041687012,0.04582080617547035,0.276703804731369,0.13560353219509125,0.18421875,0.07421875,13,1.991716891364067,0.1015625,0.015625,1,0.00046875,100.07421875,0,required
