theta_test_id,rollout_id,sequence,y_obs,u_ctrl,u_req_true,excess_control,u_ctrl_prior,changed_from_prior,reduced_from_prior,increased_from_prior,safe_total,max_rocof,frequency_nadir,rocof_safe,nadir_safe,posterior_ess,max_posterior_weight,posterior_mean_U,posterior_std_U,posterior_mean_U_error,runtime_s,exact_tie_count,near_tie_count,action_index_tie_break_count,median_co_tied_action_count,mean_score_gap,mean_decision_runtime_s,rule_terminal_rule_hash,rule_quantile_level,rule_additive_margin,rule_alpha,rule_snap_up,rule_control_grid_hash,rule_source,rule_rule,method
0,0,"[16, 51]","[0.45253972614416693, 0.49957446571453745]",0.96,0.0,0.96,1.04,True,True,False,True,4.948483499689389,-0.42680762448357806,True,True,7.895502776296039,0.196780065118068,0.0005902660850722867,0.006854382994391902,0.0005902660850722867,0.12786861811764538,0,0,0,nan,nan,3.2590003684163094e-05,5b4c2191621b1bbc,0.95,0.9,0.05,True,2a35b5c585aa23b1,/home/grads/g/g.lin/Documents/dad_mocu_kuramoto_v4/experiments/dad_cross_system_improvement/ieee9_T2/selected_policy_robust_rule.json,snap_up(Q_{1-alpha}(U|w) + margin),random
1,1,"[37, 19]","[1.756491216867023, 1.6590175801404496]",1.2,0.0,1.2,1.04,True,False,True,True,15.06317443770887,-0.46833072114871305,True,True,10.213115014332933,0.16440103629403188,0.06727507741503277,0.21351996385273495,0.06727507741503277,0.125111929140985,0,0,0,nan,nan,2.5127548724412918e-05,5b4c2191621b1bbc,0.95,0.9,0.05,True,2a35b5c585aa23b1,/home/grads/g/g.lin/Documents/dad_mocu_kuramoto_v4/experiments/dad_cross_system_improvement/ieee9_T2/selected_policy_robust_rule.json,snap_up(Q_{1-alpha}(U|w) + margin),random
2,2,"[7, 42]","[0.6610627945211076, 0.6370755681684397]",0.96,0.0,0.96,1.04,True,True,False,True,8.622302454139804,-0.5151064628816457,True,True,12.91212170082792,0.1150681115103627,0.003751455927465508,0.025118227658498762,0.003751455927465508,0.12831696984358132,0,0,0,nan,nan,2.4141045287251472e-05,5b4c2191621b1bbc,0.95,0.9,0.05,True,2a35b5c585aa23b1,/home/grads/g/g.lin/Documents/dad_mocu_kuramoto_v4/experiments/dad_cross_system_improvement/ieee9_T2/selected_policy_robust_rule.json,snap_up(Q_{1-alpha}(U|w) + margin),random
3,3,"[21, 32]","[6.083225447667708, 0.8677020851369385]",0.96,0.0,0.96,1.04,True,True,False,True,7.32352426611295,-0.46794511935115835,True,True,2.99369600937659,0.45486715484382956,2.576317961124809e-10,6.420365045043996e-06,2.576317961124809e-10,0.12246327404864132,0,0,0,nan,nan,2.53310427069664e-05,5b4c2191621b1bbc,0.95,0.9,0.05,True,2a35b5c585aa23b1,/home/grads/g/g.lin/Documents/dad_mocu_kuramoto_v4/experiments/dad_cross_system_improvement/ieee9_T2/selected_policy_robust_rule.json,snap_up(Q_{1-alpha}(U|w) + margin),random
4,4,"[33, 15]","[0.9604947448810952, 0.9279643066634027]",1.2,0.32,0.8799999999999999,1.04,True,False,True,True,14.43790030192405,-0.5776721737775045,True,True,24.335951626657813,0.06206407871918564,0.05273129624159182,0.1823258187032456,-0.26726870375840817,0.1298630521632731,0,0,0,nan,nan,2.6777386665344238e-05,5b4c2191621b1bbc,0.95,0.9,0.05,True,2a35b5c585aa23b1,/home/grads/g/g.lin/Documents/dad_mocu_kuramoto_v4/experiments/dad_cross_system_improvement/ieee9_T2/selected_policy_robust_rule.json,snap_up(Q_{1-alpha}(U|w) + margin),random
5,5,"[19, 49]","[2.001168660125178, 2.000216927950188]",0.96,0.0,0.96,1.04,True,True,False,True,7.781657682970818,-0.4708646840928323,True,True,3.856565042069857,0.3083875444858668,4.252975981261125e-07,0.0002608494351464323,4.252975981261125e-07,0.12103060004301369,0,0,0,nan,nan,3.0135037377476692e-05,5b4c2191621b1bbc,0.95,0.9,0.05,True,2a35b5c585aa23b1,/home/grads/g/g.lin/Documents/dad_mocu_kuramoto_v4/experiments/dad_cross_system_improvement/ieee9_T2/selected_policy_robust_rule.json,snap_up(Q_{1-alpha}(U|w) + margin),random
6,6,"[41, 47]","[0.740088117148972, 1.467575745121576]",1.04,0.0,1.04,1.04,False,False,False,True,8.961007936194259,-0.4341355402002988,True,True,4.264628557851752,0.39838421613688857,0.043602501936448206,0.10015243330771278,0.043602501936448206,0.12362923100590706,0,0,0,nan,nan,2.5858520530164242e-05,5b4c2191621b1bbc,0.95,0.9,0.05,True,2a35b5c585aa23b1,/home/grads/g/g.lin/Documents/dad_mocu_kuramoto_v4/experiments/dad_cross_system_improvement/ieee9_T2/selected_policy_robust_rule.json,snap_up(Q_{1-alpha}(U|w) + margin),random
7,7,"[7, 20]","[0.6334945738287129, 2.2448128964975846]",0.96,0.0,0.96,1.04,True,True,False,True,6.7167035922084795,-0.5188197683811446,True,True,5.846296309045975,0.23248643909101768,6.708070626172642e-05,0.002327376417910416,6.708070626172642e-05,0.12285878509283066,0,0,0,nan,nan,2.6428489945828915e-05,5b4c2191621b1bbc,0.95,0.9,0.05,True,2a35b5c585aa23b1,/home/grads/g/g.lin/Documents/dad_mocu_kuramoto_v4/experiments/dad_cross_system_improvement/ieee9_T2/selected_policy_robust_rule.json,snap_up(Q_{1-alpha}(U|w) + margin),random
8,8,"[3, 52]","[5.635798498226687, 0.46376224497407503]",0.96,0.0,0.96,1.04,True,True,False,True,5.6780854999992,-0.4176225122407299,True,True,1.068689408954137,0.9670455183270786,1.081157712507439e-33,1.3152385106937458e-17,1.081157712507439e-33,0.12308103707619011,0,0,0,nan,nan,2.6114867068827152e-05,5b4c2191621b1bbc,0.95,0.9,0.05,True,2a35b5c585aa23b1,/home/grads/g/g.lin/Documents/dad_mocu_kuramoto_v4/experiments/dad_cross_system_improvement/ieee9_T2/selected_policy_robust_rule.json,snap_up(Q_{1-alpha}(U|w) + margin),random
9,9,"[35, 11]","[1.6865424704088976, 2.3078650288858262]",0.96,0.0,0.96,1.04,True,True,False,True,7.851977293620081,-0.44642008555349066,True,True,2.2813313301585296,0.5824877043286717,7.080302937530887e-14,9.049163316199208e-08,7.080302937530887e-14,0.12731461599469185,0,0,0,nan,nan,2.4703913368284702e-05,5b4c2191621b1bbc,0.95,0.9,0.05,True,2a35b5c585aa23b1,/home/grads/g/g.lin/Documents/dad_mocu_kuramoto_v4/experiments/dad_cross_system_improvement/ieee9_T2/selected_policy_robust_rule.json,snap_up(Q_{1-alpha}(U|w) + margin),random
10,10,"[43, 42]","[0.6401627424469707, 1.4579785319752756]",1.12,0.0,1.12,1.04,True,False,True,True,7.629411631135268,-0.44009127712806334,True,True,3.375658964839852,0.41394786187563487,0.06636665309715374,0.07903499667564849,0.06636665309715374,0.12100323103368282,0,0,0,nan,nan,2.382101956754923e-05,5b4c2191621b1bbc,0.95,0.9,0.05,True,2a35b5c585aa23b1,/home/grads/g/g.lin/Documents/dad_mocu_kuramoto_v4/experiments/dad_cross_system_improvement/ieee9_T2/selected_policy_robust_rule.json,snap_up(Q_{1-alpha}(U|w) + margin),random
11,11,"[17, 37]","[2.043131819560903, 1.8705688880060174]",0.96,0.0,0.96,1.04,True,True,False,True,4.248413669032564,-0.39810126788690003,True,True,1.831565202781478,0.7319188466130852,0.007011148897568236,0.058148742159674374,0.007011148897568236,0.12815154995769262,0,0,0,nan,nan,2.7211615815758705e-05,5b4c2191621b1bbc,0.95,0.9,0.05,True,2a35b5c585aa23b1,/home/grads/g/g.lin/Documents/dad_mocu_kuramoto_v4/experiments/dad_cross_system_improvement/ieee9_T2/selected_policy_robust_rule.json,snap_up(Q_{1-alpha}(U|w) + margin),random
12,12,"[5, 25]","[0.5540080620144694, 0.5755841893444548]",0.96,0.0,0.96,1.04,True,True,False,True,6.751568902381649,-0.5297100728691743,True,True,34.683213422330525,0.04488444569737859,0.0002623360315476196,0.005606234180973925,0.0002623360315476196,0.12142792507074773,0,0,0,nan,nan,3.019545692950487e-05,5b4c2191621b1bbc,0.95,0.9,0.05,True,2a35b5c585aa23b1,/home/grads/g/g.lin/Documents/dad_mocu_kuramoto_v4/experiments/dad_cross_system_improvement/ieee9_T2/selected_policy_robust_rule.json,snap_up(Q_{1-alpha}(U|w) + margin),random
13,13,"[29, 1]","[1.8246172577461157, 1.5868337460614543]",0.96,0.0,0.96,1.04,True,True,False,True,6.710820899861146,-0.5434168797577088,True,True,3.359631537584904,0.43635346429613875,0.0002453664060676312,0.004721374302348803,0.0002453664060676312,0.12377750501036644,0,0,0,nan,nan,2.7175992727279663e-05,5b4c2191621b1bbc,0.95,0.9,0.05,True,2a35b5c585aa23b1,/home/grads/g/g.lin/Documents/dad_mocu_kuramoto_v4/experiments/dad_cross_system_improvement/ieee9_T2/selected_policy_robust_rule.json,snap_up(Q_{1-alpha}(U|w) + margin),random
14,14,"[41, 48]","[1.3152718826732692, 8.43238155987625]",0.96,0.0,0.96,1.04,True,True,False,True,11.289175671439477,-0.4882397594782111,True,True,1.0000722234778965,0.9999638895846933,4.3556967133635234e-08,5.903012344118411e-05,4.3556967133635234e-08,0.11954283504746854,0,0,0,nan,nan,2.6477966457605362e-05,5b4c2191621b1bbc,0.95,0.9,0.05,True,2a35b5c585aa23b1,/home/grads/g/g.lin/Documents/dad_mocu_kuramoto_v4/experiments/dad_cross_system_improvement/ieee9_T2/selected_policy_robust_rule.json,snap_up(Q_{1-alpha}(U|w) + margin),random
15,15,"[38, 30]","[1.1947315396112759, 4.872891616807515]",0.96,0.0,0.96,1.04,True,True,False,True,4.865198257025479,-0.4643861263860679,True,True,2.160370599736933,0.5126707113046879,3.956899739457389e-122,7.95678300768082e-62,3.956899739457389e-122,0.12192432791925967,0,0,0,nan,nan,2.7857953682541847e-05,5b4c2191621b1bbc,0.95,0.9,0.05,True,2a35b5c585aa23b1,/home/grads/g/g.lin/Documents/dad_mocu_kuramoto_v4/experiments/dad_cross_system_improvement/ieee9_T2/selected_policy_robust_rule.json,snap_up(Q_{1-alpha}(U|w) + margin),random
16,16,"[52, 20]","[1.3306328823183646, 2.263108740812627]",0.96,0.0,0.96,1.04,True,True,False,True,4.994557111113752,-0.4136654942232219,True,True,1.8659929684372578,0.635075481779189,1.5902115261741798e-16,5.043938665317464e-09,1.5902115261741798e-16,0.12910780613310635,0,0,0,nan,nan,2.756994217634201e-05,5b4c2191621b1bbc,0.95,0.9,0.05,True,2a35b5c585aa23b1,/home/grads/g/g.lin/Documents/dad_mocu_kuramoto_v4/experiments/dad_cross_system_improvement/ieee9_T2/selected_policy_robust_rule.json,snap_up(Q_{1-alpha}(U|w) + margin),random
17,17,"[22, 18]","[2.4304968883211004, 3.6011558083988104]",1.04,0.0,1.04,1.04,False,False,False,True,6.010331476012954,-0.42707610054356576,True,True,2.702427157525196,0.5013701124527696,0.04143195608537605,0.041276352986316434,0.04143195608537605,0.12243791809305549,0,0,0,nan,nan,2.779706846922636e-05,5b4c2191621b1bbc,0.95,0.9,0.05,True,2a35b5c585aa23b1,/home/grads/g/g.lin/Documents/dad_mocu_kuramoto_v4/experiments/dad_cross_system_improvement/ieee9_T2/selected_policy_robust_rule.json,snap_up(Q_{1-alpha}(U|w) + margin),random
18,18,"[24, 35]","[1.5529830469205725, 1.8056203164215494]",0.96,0.0,0.96,1.04,True,True,False,True,7.593466986003247,-0.537229057804493,True,True,6.343007936984219,0.22965786664734142,7.393048969314732e-06,0.0010875865282001815,7.393048969314732e-06,0.12728042504750192,0,0,0,nan,nan,2.751150168478489e-05,5b4c2191621b1bbc,0.95,0.9,0.05,True,2a35b5c585aa23b1,/home/grads/g/g.lin/Documents/dad_mocu_kuramoto_v4/experiments/dad_cross_system_improvement/ieee9_T2/selected_policy_robust_rule.json,snap_up(Q_{1-alpha}(U|w) + margin),random
19,19,"[26, 18]","[2.546295656963815, 6.307065716865705]",0.96,0.0,0.96,1.04,True,True,False,True,7.927223499490062,-0.5758539531458229,True,True,1.0015213123694597,0.999239922721229,1.5168793081937025e-42,1.1015913246549112e-21,1.5168793081937025e-42,0.12244783504866064,0,0,0,nan,nan,2.6187975890934467e-05,5b4c2191621b1bbc,0.95,0.9,0.05,True,2a35b5c585aa23b1,/home/grads/g/g.lin/Documents/dad_mocu_kuramoto_v4/experiments/dad_cross_system_improvement/ieee9_T2/selected_policy_robust_rule.json,snap_up(Q_{1-alpha}(U|w) + margin),random
20,20,"[32, 26]","[0.6858191775359449, 1.589235835074422]",0.96,0.0,0.96,1.04,True,True,False,True,4.441070130026861,-0.4414910435412835,True,True,13.259380559031104,0.13056112795686975,0.00011223271326609674,0.00947483340201587,0.00011223271326609674,0.12344581703655422,0,0,0,nan,nan,2.9879622161388397e-05,5b4c2191621b1bbc,0.95,0.9,0.05,True,2a35b5c585aa23b1,/home/grads/g/g.lin/Documents/dad_mocu_kuramoto_v4/experiments/dad_cross_system_improvement/ieee9_T2/selected_policy_robust_rule.json,snap_up(Q_{1-alpha}(U|w) + margin),random
21,21,"[3, 20]","[8.069216772371446, 1.3545420727871504]",0.96,0.0,0.96,1.04,True,True,False,True,8.061839654099542,-0.5974876731992318,True,True,1.0041294814703925,0.9979395223343749,5.704545155227416e-15,2.1362668663305172e-08,5.704545155227416e-15,0.12092376220971346,0,0,0,nan,nan,2.6152003556489944e-05,5b4c2191621b1bbc,0.95,0.9,0.05,True,2a35b5c585aa23b1,/home/grads/g/g.lin/Documents/dad_mocu_kuramoto_v4/experiments/dad_cross_system_improvement/ieee9_T2/selected_policy_robust_rule.json,snap_up(Q_{1-alpha}(U|w) + margin),random
22,22,"[18, 2]","[9.49190303031984, 1.592339388040381]",0.96,0.08,0.88,1.04,True,True,False,True,10.694570660003832,-0.6224213041372098,True,True,1.0347327787560887,0.9830068724820118,0.0,0.0,-0.08,0.1244432048406452,0,0,0,nan,nan,2.6119989342987537e-05,5b4c2191621b1bbc,0.95,0.9,0.05,True,2a35b5c585aa23b1,/home/grads/g/g.lin/Documents/dad_mocu_kuramoto_v4/experiments/dad_cross_system_improvement/ieee9_T2/selected_policy_robust_rule.json,snap_up(Q_{1-alpha}(U|w) + margin),random
23,23,"[1, 14]","[1.5006710622093107, 0.3692846468525657]",0.96,0.0,0.96,1.04,True,True,False,True,7.166647061352755,-0.4424386866988107,True,True,1.8846395827524092,0.717277862930381,9.053313967658745e-07,0.0003359024317367067,9.053313967658745e-07,0.12476809090003371,0,0,0,nan,nan,2.6867957785725594e-05,5b4c2191621b1bbc,0.95,0.9,0.05,True,2a35b5c585aa23b1,/home/grads/g/g.lin/Documents/dad_mocu_kuramoto_v4/experiments/dad_cross_system_improvement/ieee9_T2/selected_policy_robust_rule.json,snap_up(Q_{1-alpha}(U|w) + margin),random
24,24,"[13, 45]","[2.296941446189571, 11.949552228145626]",0.96,0.0,0.96,1.04,True,True,False,True,14.85859381051062,-0.44251342840304264,True,True,1.0000000010004282,0.9999999994997859,0.0,0.0,0.0,0.12981400196440518,0,0,0,nan,nan,2.6104506105184555e-05,5b4c2191621b1bbc,0.95,0.9,0.05,True,2a35b5c585aa23b1,/home/grads/g/g.lin/Documents/dad_mocu_kuramoto_v4/experiments/dad_cross_system_improvement/ieee9_T2/selected_policy_robust_rule.json,snap_up(Q_{1-alpha}(U|w) + margin),random
25,25,"[48, 43]","[7.691261041656366, 0.6468850580842785]",0.96,0.0,0.96,1.04,True,True,False,True,7.567721659310262,-0.4905580998006619,True,True,4.143975078341015,0.35595944807483065,1.8622299537732746e-25,1.7261424987133342e-13,1.8622299537732746e-25,0.12389851617626846,0,0,0,nan,nan,2.7768081054091454e-05,5b4c2191621b1bbc,0.95,0.9,0.05,True,2a35b5c585aa23b1,/home/grads/g/g.lin/Documents/dad_mocu_kuramoto_v4/experiments/dad_cross_system_improvement/ieee9_T2/selected_policy_robust_rule.json,snap_up(Q_{1-alpha}(U|w) + margin),random
26,26,"[25, 36]","[0.8107017469416817, 3.7785543123864564]",1.2,0.0,1.2,1.04,True,False,True,True,8.095985907167934,-0.3997692338604017,True,True,2.378071782487923,0.5914409302046506,0.2826968575535371,0.1448837370407496,0.2826968575535371,0.11932485084980726,0,0,0,nan,nan,2.7152011170983315e-05,5b4c2191621b1bbc,0.95,0.9,0.05,True,2a35b5c585aa23b1,/home/grads/g/g.lin/Documents/dad_mocu_kuramoto_v4/experiments/dad_cross_system_improvement/ieee9_T2/selected_policy_robust_rule.json,snap_up(Q_{1-alpha}(U|w) + margin),random
27,27,"[36, 24]","[4.423409359980479, 0.9286152451884941]",1.04,0.0,1.04,1.04,False,False,False,True,6.9969588787208465,-0.5373882723474875,True,True,1.2128754412339158,0.9061051992856639,0.07248841594285312,0.02333458440864476,0.07248841594285312,0.12529602902941406,0,0,0,nan,nan,2.411042805761099e-05,5b4c2191621b1bbc,0.95,0.9,0.05,True,2a35b5c585aa23b1,/home/grads/g/g.lin/Documents/dad_mocu_kuramoto_v4/experiments/dad_cross_system_improvement/ieee9_T2/selected_policy_robust_rule.json,snap_up(Q_{1-alpha}(U|w) + margin),random
28,28,"[22, 52]","[2.223639036656489, 1.1166014542852456]",0.96,0.0,0.96,1.04,True,True,False,True,5.7239781922246245,-0.455039528164657,True,True,2.8443344419873684,0.43051445606904176,0.01747229591998855,0.11670890862036103,0.01747229591998855,0.120408273069188,0,0,0,nan,nan,2.5126500986516476e-05,5b4c2191621b1bbc,0.95,0.9,0.05,True,2a35b5c585aa23b1,/home/grads/g/g.lin/Documents/dad_mocu_kuramoto_v4/experiments/dad_cross_system_improvement/ieee9_T2/selected_policy_robust_rule.json,snap_up(Q_{1-alpha}(U|w) + margin),random
29,29,"[24, 45]","[0.6796499403947586, 3.939409250417779]",0.96,0.0,0.96,1.04,True,True,False,True,5.092938611391068,-0.4656964508287679,True,True,3.0162150183196217,0.3438523640536392,1.9654233620714997e-07,0.00012539277597885005,1.9654233620714997e-07,0.1266752569936216,0,0,0,nan,nan,2.5139539502561092e-05,5b4c2191621b1bbc,0.95,0.9,0.05,True,2a35b5c585aa23b1,/home/grads/g/g.lin/Documents/dad_mocu_kuramoto_v4/experiments/dad_cross_system_improvement/ieee9_T2/selected_policy_robust_rule.json,snap_up(Q_{1-alpha}(U|w) + margin),random
30,30,"[21, 12]","[4.205318095750236, 3.9986949589540206]",0.96,0.0,0.96,1.04,True,True,False,True,10.528481518189245,-0.4126299402114316,True,True,2.955353586518164,0.4657467360660437,0.0,0.0,0.0,0.12463532108813524,0,0,0,nan,nan,2.402148675173521e-05,5b4c2191621b1bbc,0.95,0.9,0.05,True,2a35b5c585aa23b1,/home/grads/g/g.lin/Documents/dad_mocu_kuramoto_v4/experiments/dad_cross_system_improvement/ieee9_T2/selected_policy_robust_rule.json,snap_up(Q_{1-alpha}(U|w) + margin),random
31,31,"[46, 30]","[2.584849823047247, 5.336282024501951]",0.96,0.0,0.96,1.04,True,True,False,True,11.096443717408796,-0.4453138079500316,True,True,2.893701296592418,0.38715622592984955,2.5464167806964587e-47,2.0184813224586285e-24,2.5464167806964587e-47,0.12836026586592197,0,0,0,nan,nan,2.5815563276410103e-05,5b4c2191621b1bbc,0.95,0.9,0.05,True,2a35b5c585aa23b1,/home/grads/g/g.lin/Documents/dad_mocu_kuramoto_v4/experiments/dad_cross_system_improvement/ieee9_T2/selected_policy_robust_rule.json,snap_up(Q_{1-alpha}(U|w) + margin),random
0,32,"[31, 51]","[2.297570569941589, 0.6341527000895348]",1.04,0.0,1.04,1.04,False,False,False,True,4.948483499689389,-0.4136713734435761,True,True,10.603466718973031,0.159553703582044,0.04297041612207354,0.15880288725999506,0.04297041612207354,0.12414431106299162,0,0,0,nan,nan,2.4597393348813057e-05,5b4c2191621b1bbc,0.95,0.9,0.05,True,2a35b5c585aa23b1,/home/grads/g/g.lin/Documents/dad_mocu_kuramoto_v4/experiments/dad_cross_system_improvement/ieee9_T2/selected_policy_robust_rule.json,snap_up(Q_{1-alpha}(U|w) + margin),random
1,33,"[5, 42]","[0.6290359173179914, 1.0497293000106405]",0.96,0.0,0.96,1.04,True,True,False,True,15.06317443770887,-0.5043849788728458,True,True,13.104820971127737,0.12065585948069063,0.000661730178507763,0.017656343731725893,0.000661730178507763,0.1259165450464934,0,0,0,nan,nan,2.5232438929378986e-05,5b4c2191621b1bbc,0.95,0.9,0.05,True,2a35b5c585aa23b1,/home/grads/g/g.lin/Documents/dad_mocu_kuramoto_v4/experiments/dad_cross_system_improvement/ieee9_T2/selected_policy_robust_rule.json,snap_up(Q_{1-alpha}(U|w) + margin),random
2,34,"[11, 20]","[1.2184474259752773, 1.3074680379847683]",1.04,0.0,1.04,1.04,False,False,False,True,8.622302454139804,-0.5032910866263464,True,True,14.265086753766143,0.09907956626438018,0.03003268189208363,0.14695409804130927,0.03003268189208363,0.11887855688109994,0,0,0,nan,nan,2.464093267917633e-05,5b4c2191621b1bbc,0.95,0.9,0.05,True,2a35b5c585aa23b1,/home/grads/g/g.lin/Documents/dad_mocu_kuramoto_v4/experiments/dad_cross_system_improvement/ieee9_T2/selected_policy_robust_rule.json,snap_up(Q_{1-alpha}(U|w) + margin),random
3,35,"[45, 24]","[6.731774263205991, 0.9304028690259554]",0.96,0.0,0.96,1.04,True,True,False,True,7.32352426611295,-0.46794511935115835,True,True,2.634118520676077,0.4624199140277282,7.676462622807893e-106,2.4781384340359833e-53,7.676462622807893e-106,0.12697065784595907,0,0,0,nan,nan,2.3682485334575176e-05,5b4c2191621b1bbc,0.95,0.9,0.05,True,2a35b5c585aa23b1,/home/grads/g/g.lin/Documents/dad_mocu_kuramoto_v4/experiments/dad_cross_system_improvement/ieee9_T2/selected_policy_robust_rule.json,snap_up(Q_{1-alpha}(U|w) + margin),random
4,36,"[9, 28]","[10.14779150085442, 2.249205737725268]",0.96,0.32,0.6399999999999999,1.04,True,True,False,True,14.43790030192405,-0.6303425473388712,True,True,1.000000335343285,0.9999998323283926,0.0,0.0,-0.32,0.1267908790614456,0,0,0,nan,nan,2.5516608729958534e-05,5b4c2191621b1bbc,0.95,0.9,0.05,True,2a35b5c585aa23b1,/home/grads/g/g.lin/Documents/dad_mocu_kuramoto_v4/experiments/dad_cross_system_improvement/ieee9_T2/selected_policy_robust_rule.json,snap_up(Q_{1-alpha}(U|w) + margin),random
5,37,"[41, 48]","[0.7945788793078226, 8.358372917409113]",0.96,0.0,0.96,1.04,True,True,False,True,7.781657682970818,-0.4708646840928323,True,True,1.1351419244453755,0.9372089771453069,0.0011014461848775615,0.009322151634253949,0.0011014461848775615,0.12323687202297151,0,0,0,nan,nan,2.384255640208721e-05,5b4c2191621b1bbc,0.95,0.9,0.05,True,2a35b5c585aa23b1,/home/grads/g/g.lin/Documents/dad_mocu_kuramoto_v4/experiments/dad_cross_system_improvement/ieee9_T2/selected_policy_robust_rule.json,snap_up(Q_{1-alpha}(U|w) + margin),random
6,38,"[4, 38]","[1.2080057877429211, 1.3673371575190747]",0.96,0.0,0.96,1.04,True,True,False,True,8.961007936194259,-0.4384225536353909,True,True,1.9453968349108675,0.5971400439481765,5.7937584129603295e-22,1.5223348365459892e-11,5.7937584129603295e-22,0.12892172811552882,0,0,0,nan,nan,2.4706008844077587e-05,5b4c2191621b1bbc,0.95,0.9,0.05,True,2a35b5c585aa23b1,/home/grads/g/g.lin/Documents/dad_mocu_kuramoto_v4/experiments/dad_cross_system_improvement/ieee9_T2/selected_policy_robust_rule.json,snap_up(Q_{1-alpha}(U|w) + margin),random
7,39,"[42, 21]","[0.8310146879767737, 6.993226016794542]",0.96,0.0,0.96,1.04,True,True,False,True,6.7167035922084795,-0.5188197683811446,True,True,1.046449382286965,0.9773238518341409,8.440650610191229e-21,3.674920540134979e-11,8.440650610191229e-21,0.12335586198605597,0,0,0,nan,nan,2.4499022401869297e-05,5b4c2191621b1bbc,0.95,0.9,0.05,True,2a35b5c585aa23b1,/home/grads/g/g.lin/Documents/dad_mocu_kuramoto_v4/experiments/dad_cross_system_improvement/ieee9_T2/selected_policy_robust_rule.json,snap_up(Q_{1-alpha}(U|w) + margin),random
8,40,"[12, 25]","[5.704597166592853, 0.47428094271827703]",0.96,0.0,0.96,1.04,True,True,False,True,5.6780854999992,-0.4176225122407299,True,True,1.602458990119474,0.7809571593022587,5.419315018450891e-29,2.944639881126625e-15,5.419315018450891e-29,0.12345365295186639,0,0,0,nan,nan,2.702604979276657e-05,5b4c2191621b1bbc,0.95,0.9,0.05,True,2a35b5c585aa23b1,/home/grads/g/g.lin/Documents/dad_mocu_kuramoto_v4/experiments/dad_cross_system_improvement/ieee9_T2/selected_policy_robust_rule.json,snap_up(Q_{1-alpha}(U|w) + margin),random
9,41,"[9, 4]","[6.57900973067356, 2.0226152009943106]",0.96,0.0,0.96,1.04,True,True,False,True,7.851977293620081,-0.44642008555349066,True,True,1.000332011155818,0.9998340222492034,8.888360044700527e-61,8.432489570560063e-31,8.888360044700527e-61,0.12466235877946019,0,0,0,nan,nan,2.4270033463835716e-05,5b4c2191621b1bbc,0.95,0.9,0.05,True,2a35b5c585aa23b1,/home/grads/g/g.lin/Documents/dad_mocu_kuramoto_v4/experiments/dad_cross_system_improvement/ieee9_T2/selected_policy_robust_rule.json,snap_up(Q_{1-alpha}(U|w) + margin),random
10,42,"[13, 27]","[1.9706904478538338, 4.024233336746186]",1.2,0.0,1.2,1.04,True,False,True,True,8.432532617569672,-0.42983493606655837,True,True,2.3854834602095187,0.59532373442114,0.09182666031232507,0.16819153556288513,0.09182666031232507,0.12459402694366872,0,0,0,nan,nan,2.6586465537548065e-05,5b4c2191621b1bbc,0.95,0.9,0.05,True,2a35b5c585aa23b1,/home/grads/g/g.lin/Documents/dad_mocu_kuramoto_v4/experiments/dad_cross_system_improvement/ieee9_T2/selected_policy_robust_rule.json,snap_up(Q_{1-alpha}(U|w) + margin),random
11,43,"[34, 12]","[0.8198264366691194, 4.288404409285195]",0.96,0.0,0.96,1.04,True,True,False,True,4.248413669032564,-0.39810126788690003,True,True,1.8102345644641404,0.705874192221536,3.615816181138453e-182,7.60611983196526e-92,3.615816181138453e-182,0.1250311080366373,0,0,0,nan,nan,2.705794759094715e-05,5b4c2191621b1bbc,0.95,0.9,0.05,True,2a35b5c585aa23b1,/home/grads/g/g.lin/Documents/dad_mocu_kuramoto_v4/experiments/dad_cross_system_improvement/ieee9_T2/selected_policy_robust_rule.json,snap_up(Q_{1-alpha}(U|w) + margin),random
12,44,"[15, 4]","[1.0893102754947406, 2.3434504189263863]",1.2,0.0,1.2,1.04,True,False,True,True,6.5944303169518435,-0.4936435305937851,True,True,7.956227092820626,0.19096806003458472,0.09314173503515392,0.24617686385034768,0.09314173503515392,0.1308488780632615,0,0,0,nan,nan,2.640392631292343e-05,5b4c2191621b1bbc,0.95,0.9,0.05,True,2a35b5c585aa23b1,/home/grads/g/g.lin/Documents/dad_mocu_kuramoto_v4/experiments/dad_cross_system_improvement/ieee9_T2/selected_policy_robust_rule.json,snap_up(Q_{1-alpha}(U|w) + margin),random
13,45,"[26, 4]","[2.256454026236098, 1.6980350348372784]",1.04,0.0,1.04,1.04,False,False,False,True,6.6594706622469735,-0.5272817920735108,True,True,3.17383716102164,0.4575975634566772,0.018753023801406914,0.03389050018231545,0.018753023801406914,0.12034257408231497,0,0,0,nan,nan,2.6053516194224358e-05,5b4c2191621b1bbc,0.95,0.9,0.05,True,2a35b5c585aa23b1,/home/grads/g/g.lin/Documents/dad_mocu_kuramoto_v4/experiments/dad_cross_system_improvement/ieee9_T2/selected_policy_robust_rule.json,snap_up(Q_{1-alpha}(U|w) + margin),random
14,46,"[16, 11]","[0.6276396117090777, 2.003355228150237]",1.04,0.0,1.04,1.04,False,False,False,True,11.289175671439477,-0.4704995462006036,True,True,6.744880868310391,0.23834644123992976,0.011633030522852465,0.030644781638124938,0.011633030522852465,0.13067529117688537,0,0,0,nan,nan,2.6958412490785122e-05,5b4c2191621b1bbc,0.95,0.9,0.05,True,2a35b5c585aa23b1,/home/grads/g/g.lin/Documents/dad_mocu_kuramoto_v4/experiments/dad_cross_system_improvement/ieee9_T2/selected_policy_robust_rule.json,snap_up(Q_{1-alpha}(U|w) + margin),random
15,47,"[0, 38]","[3.5565999404003263, 1.2714842376235278]",1.04,0.0,1.04,1.04,False,False,False,True,4.879891571084799,-0.4573453425982995,True,True,2.854319961955793,0.4987497511302734,0.03989998009482565,0.039999874967651804,0.03989998009482565,0.11863151309080422,0,0,0,nan,nan,2.5711022317409515e-05,5b4c2191621b1bbc,0.95,0.9,0.05,True,2a35b5c585aa23b1,/home/grads/g/g.lin/Documents/dad_mocu_kuramoto_v4/experiments/dad_cross_system_improvement/ieee9_T2/selected_policy_robust_rule.json,snap_up(Q_{1-alpha}(U|w) + margin),random
16,48,"[1, 10]","[1.446840717609392, 1.4821513223579847]",1.2,0.0,1.2,1.04,True,False,True,True,4.994557111113752,-0.3790320401521947,True,True,17.04245772745037,0.0736234774731883,0.046168854965200026,0.1774492208544753,0.046168854965200026,0.1256716400384903,0,0,0,nan,nan,2.5830930098891258e-05,5b4c2191621b1bbc,0.95,0.9,0.05,True,2a35b5c585aa23b1,/home/grads/g/g.lin/Documents/dad_mocu_kuramoto_v4/experiments/dad_cross_system_improvement/ieee9_T2/selected_policy_robust_rule.json,snap_up(Q_{1-alpha}(U|w) + margin),random
17,49,"[20, 31]","[1.3724371001744842, 2.3411738588204183]",1.2,0.0,1.2,1.04,True,False,True,True,5.953138003275301,-0.4043277320394667,True,True,4.669067280245809,0.2936414631577714,0.21905175584403114,0.3544185566941561,0.21905175584403114,0.11943225609138608,0,0,0,nan,nan,2.5324407033622265e-05,5b4c2191621b1bbc,0.95,0.9,0.05,True,2a35b5c585aa23b1,/home/grads/g/g.lin/Documents/dad_mocu_kuramoto_v4/experiments/dad_cross_system_improvement/ieee9_T2/selected_policy_robust_rule.json,snap_up(Q_{1-alpha}(U|w) + margin),random
18,50,"[53, 31]","[1.8603095369762042, 2.8730405749742554]",0.96,0.0,0.96,1.04,True,True,False,True,7.593466986003247,-0.537229057804493,True,True,1.3638562389671547,0.8492744356945043,1.2889814205130834e-07,0.0003211193733144244,1.2889814205130834e-07,0.12850205786526203,0,0,0,nan,nan,2.6201480068266392e-05,5b4c2191621b1bbc,0.95,0.9,0.05,True,2a35b5c585aa23b1,/home/grads/g/g.lin/Documents/dad_mocu_kuramoto_v4/experiments/dad_cross_system_improvement/ieee9_T2/selected_policy_robust_rule.json,snap_up(Q_{1-alpha}(U|w) + margin),random
19,51,"[17, 52]","[2.5983040738524252, 0.5710132185611703]",0.96,0.0,0.96,1.04,True,True,False,True,7.927223499490062,-0.5758539531458229,True,True,1.083944308638067,0.9596959735915851,1.101574842523524e-08,2.968684302316864e-05,1.101574842523524e-08,0.1268165980000049,0,0,0,nan,nan,2.5143614038825035e-05,5b4c2191621b1bbc,0.95,0.9,0.05,True,2a35b5c585aa23b1,/home/grads/g/g.lin/Documents/dad_mocu_kuramoto_v4/experiments/dad_cross_system_improvement/ieee9_T2/selected_policy_robust_rule.json,snap_up(Q_{1-alpha}(U|w) + margin),random
20,52,"[39, 24]","[4.525033774216225, 0.6189590817615059]",0.96,0.0,0.96,1.04,True,True,False,True,4.441070130026861,-0.4414910435412835,True,True,3.3861794797097757,0.43003759890500237,1.4576587711133064e-203,1.5271719070822675e-102,1.4576587711133064e-203,0.1273336550220847,0,0,0,nan,nan,2.7694040909409523e-05,5b4c2191621b1bbc,0.95,0.9,0.05,True,2a35b5c585aa23b1,/home/grads/g/g.lin/Documents/dad_mocu_kuramoto_v4/experiments/dad_cross_system_improvement/ieee9_T2/selected_policy_robust_rule.json,snap_up(Q_{1-alpha}(U|w) + margin),random
21,53,"[21, 42]","[7.967973361796358, 0.9814230900834634]",0.96,0.0,0.96,1.04,True,True,False,True,8.061839654099542,-0.5974876731992318,True,True,1.1709837728372183,0.9226835779914359,3.2888137871744585e-18,5.129377184161413e-10,3.2888137871744585e-18,0.12436162400990725,0,0,0,nan,nan,2.4691573344171047e-05,5b4c2191621b1bbc,0.95,0.9,0.05,True,2a35b5c585aa23b1,/home/grads/g/g.lin/Documents/dad_mocu_kuramoto_v4/experiments/dad_cross_system_improvement/ieee9_T2/selected_policy_robust_rule.json,snap_up(Q_{1-alpha}(U|w) + margin),random
22,54,"[2, 1]","[1.596933203298074, 3.112450150315145]",0.96,0.08,0.88,1.04,True,True,False,True,10.694570660003832,-0.6224213041372098,True,True,1.1674809166626618,0.9236327209842633,0.0027397175799494513,0.0329906195451047,-0.07726028242005055,0.12171815382316709,0,0,0,nan,nan,2.418900839984417e-05,5b4c2191621b1bbc,0.95,0.9,0.05,True,2a35b5c585aa23b1,/home/grads/g/g.lin/Documents/dad_mocu_kuramoto_v4/experiments/dad_cross_system_improvement/ieee9_T2/selected_policy_robust_rule.json,snap_up(Q_{1-alpha}(U|w) + margin),random
23,55,"[1, 35]","[1.4821492617498235, 1.7329962003313766]",1.2,0.0,1.2,1.04,True,False,True,True,7.166647061352755,-0.4088974965722922,True,True,8.309405471134298,0.21800248514301346,0.13469046900797946,0.29935057212128674,0.13469046900797946,0.12158339889720082,0,0,0,nan,nan,2.516352105885744e-05,5b4c2191621b1bbc,0.95,0.9,0.05,True,2a35b5c585aa23b1,/home/grads/g/g.lin/Documents/dad_mocu_kuramoto_v4/experiments/dad_cross_system_improvement/ieee9_T2/selected_policy_robust_rule.json,snap_up(Q_{1-alpha}(U|w) + margin),random
24,56,"[22, 52]","[2.085619867707055, 0.8905660408894922]",1.2,0.0,1.2,1.04,True,False,True,True,14.85859381051062,-0.4115342573577595,True,True,5.101492675114216,0.32491388578626995,0.13549601413896323,0.1857724571702503,0.13549601413896323,0.12178343697451055,0,0,0,nan,nan,2.4805893190205097e-05,5b4c2191621b1bbc,0.95,0.9,0.05,True,2a35b5c585aa23b1,/home/grads/g/g.lin/Documents/dad_mocu_kuramoto_v4/experiments/dad_cross_system_improvement/ieee9_T2/selected_policy_robust_rule.json,snap_up(Q_{1-alpha}(U|w) + margin),random
25,57,"[33, 2]","[0.9518366599035963, 2.5997504131202027]",0.96,0.0,0.96,1.04,True,True,False,True,7.567721659310262,-0.4905580998006619,True,True,3.318291853611619,0.39348433050698506,1.3268974262158533e-20,3.258094444568301e-11,1.3268974262158533e-20,0.12664338201284409,0,0,0,nan,nan,2.5134417228400707e-05,5b4c2191621b1bbc,0.95,0.9,0.05,True,2a35b5c585aa23b1,/home/grads/g/g.lin/Documents/dad_mocu_kuramoto_v4/experiments/dad_cross_system_improvement/ieee9_T2/selected_policy_robust_rule.json,snap_up(Q_{1-alpha}(U|w) + margin),random
26,58,"[49, 48]","[1.4560973239182637, 4.603300027795935]",0.96,0.0,0.96,1.04,True,True,False,True,5.782712054204944,-0.4279622217898982,True,True,1.7525637220213846,0.7369800193899922,2.9126135884073068e-192,6.826552381291519e-97,2.9126135884073068e-192,0.12364688608795404,0,0,0,nan,nan,2.722057979553938e-05,5b4c2191621b1bbc,0.95,0.9,0.05,True,2a35b5c585aa23b1,/home/grads/g/g.lin/Documents/dad_mocu_kuramoto_v4/experiments/dad_cross_system_improvement/ieee9_T2/selected_policy_robust_rule.json,snap_up(Q_{1-alpha}(U|w) + margin),random
27,59,"[13, 8]","[2.6955344960782104, 2.5100813768101164]",0.96,0.0,0.96,1.04,True,True,False,True,7.025456035164314,-0.5490581799175094,True,True,2.010828499475663,0.5285381248380258,2.759388840413317e-12,4.6986613002817846e-07,2.759388840413317e-12,0.12789514614269137,0,0,0,nan,nan,2.7387402951717377e-05,5b4c2191621b1bbc,0.95,0.9,0.05,True,2a35b5c585aa23b1,/home/grads/g/g.lin/Documents/dad_mocu_kuramoto_v4/experiments/dad_cross_system_improvement/ieee9_T2/selected_policy_robust_rule.json,snap_up(Q_{1-alpha}(U|w) + margin),random
28,60,"[6, 36]","[1.675650858198427, 5.089241786040394]",0.96,0.0,0.96,1.04,True,True,False,True,5.7239781922246245,-0.455039528164657,True,True,1.1676857182698157,0.9239423779551474,3.222206667869235e-08,0.0001605542036344496,3.222206667869235e-08,0.12316932599060237,0,0,0,nan,nan,2.7084955945611e-05,5b4c2191621b1bbc,0.95,0.9,0.05,True,2a35b5c585aa23b1,/home/grads/g/g.lin/Documents/dad_mocu_kuramoto_v4/experiments/dad_cross_system_improvement/ieee9_T2/selected_policy_robust_rule.json,snap_up(Q_{1-alpha}(U|w) + margin),random
29,61,"[4, 1]","[1.8593871947373277, 2.4176284482311665]",0.96,0.0,0.96,1.04,True,True,False,True,5.092938611391068,-0.4656964508287679,True,True,4.860569294615553,0.33612460580588205,1.4593869250061415e-06,0.00048613816113690845,1.4593869250061415e-06,0.1202236469835043,0,0,0,nan,nan,2.5864108465611935e-05,5b4c2191621b1bbc,0.95,0.9,0.05,True,2a35b5c585aa23b1,/home/grads/g/g.lin/Documents/dad_mocu_kuramoto_v4/experiments/dad_cross_system_improvement/ieee9_T2/selected_policy_robust_rule.json,snap_up(Q_{1-alpha}(U|w) + margin),random
30,62,"[17, 3]","[2.0567072365518326, 4.1861844508063815]",0.96,0.0,0.96,1.04,True,True,False,True,10.528481518189245,-0.4126299402114316,True,True,3.483127318832222,0.4602587265633125,5.393753257797691e-199,2.937687051487327e-100,5.393753257797691e-199,0.12015369278378785,0,0,0,nan,nan,2.478412352502346e-05,5b4c2191621b1bbc,0.95,0.9,0.05,True,2a35b5c585aa23b1,/home/grads/g/g.lin/Documents/dad_mocu_kuramoto_v4/experiments/dad_cross_system_improvement/ieee9_T2/selected_policy_robust_rule.json,snap_up(Q_{1-alpha}(U|w) + margin),random
31,63,"[11, 7]","[3.066633082394616, 0.39283804023886115]",0.96,0.0,0.96,1.04,True,True,False,True,11.096443717408796,-0.4453138079500316,True,True,1.5980437490133268,0.7768233275064864,1.1506080536343632e-48,3.033951954214151e-25,1.1506080536343632e-48,0.12190599599853158,0,0,0,nan,nan,2.8919079340994358e-05,5b4c2191621b1bbc,0.95,0.9,0.05,True,2a35b5c585aa23b1,/home/grads/g/g.lin/Documents/dad_mocu_kuramoto_v4/experiments/dad_cross_system_improvement/ieee9_T2/selected_policy_robust_rule.json,snap_up(Q_{1-alpha}(U|w) + margin),random
0,64,"[47, 48]","[3.63877736408245, 4.18587171041046]",0.96,0.0,0.96,1.04,True,True,False,True,4.948483499689389,-0.42680762448357806,True,True,1.0000001095540356,0.9999999452229852,4.6411627244601097e-302,8.617343186351682e-152,4.6411627244601097e-302,0.12569237989373505,0,0,0,nan,nan,2.682593185454607e-05,5b4c2191621b1bbc,0.95,0.9,0.05,True,2a35b5c585aa23b1,/home/grads/g/g.lin/Documents/dad_mocu_kuramoto_v4/experiments/dad_cross_system_improvement/ieee9_T2/selected_policy_robust_rule.json,snap_up(Q_{1-alpha}(U|w) + margin),random
1,65,"[9, 42]","[9.476740055285497, 1.1502815719622936]",0.96,0.0,0.96,1.04,True,True,False,True,15.06317443770887,-0.5043849788728458,True,True,1.0588181771246719,0.9714174622247042,0.0,0.0,0.0,0.12468802882358432,0,0,0,nan,nan,2.742605283856392e-05,5b4c2191621b1bbc,0.95,0.9,0.05,True,2a35b5c585aa23b1,/home/grads/g/g.lin/Documents/dad_mocu_kuramoto_v4/experiments/dad_cross_system_improvement/ieee9_T2/selected_policy_robust_rule.json,snap_up(Q_{1-alpha}(U|w) + margin),random
2,66,"[4, 36]","[2.508814044055896, 6.992520767434428]",0.96,0.0,0.96,1.04,True,True,False,True,8.622302454139804,-0.5151064628816457,True,True,1.0062090801944392,0.9969050667797853,3.780999653833292e-95,5.499817927046889e-48,3.780999653833292e-95,0.1242996109649539,0,0,0,nan,nan,2.792046871036291e-05,5b4c2191621b1bbc,0.95,0.9,0.05,True,2a35b5c585aa23b1,/home/grads/g/g.lin/Documents/dad_mocu_kuramoto_v4/experiments/dad_cross_system_improvement/ieee9_T2/selected_policy_robust_rule.json,snap_up(Q_{1-alpha}(U|w) + margin),random
3,67,"[49, 34]","[3.119522565810021, 0.7384293438405146]",0.96,0.0,0.96,1.04,True,True,False,True,7.32352426611295,-0.46794511935115835,True,True,1.1872030268309182,0.9142824829012406,1.8273297901241965e-17,3.82341093613314e-09,1.8273297901241965e-17,0.12735638092271984,0,0,0,nan,nan,2.6093912310898304e-05,5b4c2191621b1bbc,0.95,0.9,0.05,True,2a35b5c585aa23b1,/home/grads/g/g.lin/Documents/dad_mocu_kuramoto_v4/experiments/dad_cross_system_improvement/ieee9_T2/selected_policy_robust_rule.json,snap_up(Q_{1-alpha}(U|w) + margin),random
4,68,"[12, 16]","[11.824388224123501, 0.5893608626056026]",1.2,0.32,0.8799999999999999,1.04,True,False,True,True,14.43790030192405,-0.5776721737775045,True,True,1.0,1.0,0.4,1.304150754390892e-22,0.08000000000000002,0.12187812011688948,0,0,0,nan,nan,2.6527908630669117e-05,5b4c2191621b1bbc,0.95,0.9,0.05,True,2a35b5c585aa23b1,/home/grads/g/g.lin/Documents/dad_mocu_kuramoto_v4/experiments/dad_cross_system_improvement/ieee9_T2/selected_policy_robust_rule.json,snap_up(Q_{1-alpha}(U|w) + margin),random
5,69,"[48, 27]","[8.356482392932525, 5.0487759039897915]",0.96,0.0,0.96,1.04,True,True,False,True,7.781657682970818,-0.4708646840928323,True,True,1.000000158328182,0.9999999208359154,3.4445222779671835e-27,1.6600053681761835e-14,3.4445222779671835e-27,0.12027149298228323,0,0,0,nan,nan,2.792850136756897e-05,5b4c2191621b1bbc,0.95,0.9,0.05,True,2a35b5c585aa23b1,/home/grads/g/g.lin/Documents/dad_mocu_kuramoto_v4/experiments/dad_cross_system_improvement/ieee9_T2/selected_policy_robust_rule.json,snap_up(Q_{1-alpha}(U|w) + margin),random
6,70,"[3, 26]","[4.660567831094867, 1.4538518693924665]",0.96,0.0,0.96,1.04,True,True,False,True,8.961007936194259,-0.4384225536353909,True,True,3.0225150018215388,0.38014127280750654,3.651802947076303e-142,7.643876448060948e-72,3.651802947076303e-142,0.1225343169644475,0,0,0,nan,nan,2.6848982088267803e-05,5b4c2191621b1bbc,0.95,0.9,0.05,True,2a35b5c585aa23b1,/home/grads/g/g.lin/Documents/dad_mocu_kuramoto_v4/experiments/dad_cross_system_improvement/ieee9_T2/selected_policy_robust_rule.json,snap_up(Q_{1-alpha}(U|w) + margin),random
7,71,"[27, 51]","[3.687292371769252, 0.6422026084043664]",1.04,0.0,1.04,1.04,False,False,False,True,6.632390186603217,-0.4982587055385491,True,True,4.37272401324106,0.319882954353581,0.02559097730209696,0.037316069235266945,0.02559097730209696,0.12319092196412385,0,0,0,nan,nan,2.6446999981999397e-05,5b4c2191621b1bbc,0.95,0.9,0.05,True,2a35b5c585aa23b1,/home/grads/g/g.lin/Documents/dad_mocu_kuramoto_v4/experiments/dad_cross_system_improvement/ieee9_T2/selected_policy_robust_rule.json,snap_up(Q_{1-alpha}(U|w) + margin),random
8,72,"[47, 24]","[1.7588935708220301, 0.9043302758587939]",1.2,0.0,1.2,1.04,True,False,True,True,5.607471616505131,-0.39232665219814944,True,True,6.476584303706491,0.21625929631305618,0.11112625790750706,0.2766546434008323,0.11112625790750706,0.12458348693326116,0,0,0,nan,nan,2.6022898964583874e-05,5b4c2191621b1bbc,0.95,0.9,0.05,True,2a35b5c585aa23b1,/home/grads/g/g.lin/Documents/dad_mocu_kuramoto_v4/experiments/dad_cross_system_improvement/ieee9_T2/selected_policy_robust_rule.json,snap_up(Q_{1-alpha}(U|w) + margin),random
9,73,"[15, 40]","[1.8099066083094038, 2.040913210005766]",1.12,0.0,1.12,1.04,True,False,True,True,7.851977293620081,-0.4085455537513274,True,True,3.8371051765129187,0.3913273251169124,0.01625026182320845,0.07223927863813025,0.01625026182320845,0.1237623579800129,0,0,0,nan,nan,2.5060027837753296e-05,5b4c2191621b1bbc,0.95,0.9,0.05,True,2a35b5c585aa23b1,/home/grads/g/g.lin/Documents/dad_mocu_kuramoto_v4/experiments/dad_cross_system_improvement/ieee9_T2/selected_policy_robust_rule.json,snap_up(Q_{1-alpha}(U|w) + margin),random
10,74,"[48, 19]","[6.213219865821109, 3.145969460016759]",0.96,0.0,0.96,1.04,True,True,False,True,6.306151546132639,-0.46026083949573776,True,True,1.0000073672313723,0.9999963163978833,3.917219193732527e-28,7.916786412410053e-15,3.917219193732527e-28,0.1283916370011866,0,0,0,nan,nan,2.7436413802206516e-05,5b4c2191621b1bbc,0.95,0.9,0.05,True,2a35b5c585aa23b1,/home/grads/g/g.lin/Documents/dad_mocu_kuramoto_v4/experiments/dad_cross_system_improvement/ieee9_T2/selected_policy_robust_rule.json,snap_up(Q_{1-alpha}(U|w) + margin),random
11,75,"[7, 50]","[0.7165277516809333, 0.6782508680312247]",1.12,0.0,1.12,1.04,True,False,True,True,4.34713303803074,-0.37163344810928434,True,True,16.249509787306625,0.11064865766216843,0.0354343739431161,0.1096928490662329,0.0354343739431161,0.12155288993380964,0,0,0,nan,nan,2.67180148512125e-05,5b4c2191621b1bbc,0.95,0.9,0.05,True,2a35b5c585aa23b1,/home/grads/g/g.lin/Documents/dad_mocu_kuramoto_v4/experiments/dad_cross_system_improvement/ieee9_T2/selected_policy_robust_rule.json,snap_up(Q_{1-alpha}(U|w) + margin),random
12,76,"[11, 46]","[2.447940563725724, 3.517122158703507]",0.96,0.0,0.96,1.04,True,True,False,True,6.751568902381649,-0.5297100728691743,True,True,3.550205087265113,0.4208416746874992,6.23707485228868e-32,1.3531444516703749e-16,6.23707485228868e-32,0.12831842387095094,0,0,0,nan,nan,2.6584486477077007e-05,5b4c2191621b1bbc,0.95,0.9,0.05,True,2a35b5c585aa23b1,/home/grads/g/g.lin/Documents/dad_mocu_kuramoto_v4/experiments/dad_cross_system_improvement/ieee9_T2/selected_policy_robust_rule.json,snap_up(Q_{1-alpha}(U|w) + margin),random
13,77,"[51, 53]","[0.8000475664117608, 2.462696103094929]",0.96,0.0,0.96,1.04,True,True,False,True,6.710820899861146,-0.5434168797577088,True,True,4.258176154396741,0.39563477225305016,1.0158207454117203e-06,0.0002850754944285251,1.0158207454117203e-06,0.11952597601339221,0,0,0,nan,nan,2.680695615708828e-05,5b4c2191621b1bbc,0.95,0.9,0.05,True,2a35b5c585aa23b1,/home/grads/g/g.lin/Documents/dad_mocu_kuramoto_v4/experiments/dad_cross_system_improvement/ieee9_T2/selected_policy_robust_rule.json,snap_up(Q_{1-alpha}(U|w) + margin),random
14,78,"[41, 12]","[1.212448409457047, 8.426479095615903]",0.96,0.0,0.96,1.04,True,True,False,True,11.289175671439477,-0.4882397594782111,True,True,1.0018955255129676,0.9990533526230982,3.18660035679581e-05,0.0015963285511614628,3.18660035679581e-05,0.12572539295069873,0,0,0,nan,nan,2.8440379537642002e-05,5b4c2191621b1bbc,0.95,0.9,0.05,True,2a35b5c585aa23b1,/home/grads/g/g.lin/Documents/dad_mocu_kuramoto_v4/experiments/dad_cross_system_improvement/ieee9_T2/selected_policy_robust_rule.json,snap_up(Q_{1-alpha}(U|w) + margin),random
15,79,"[17, 47]","[2.0591216862555997, 1.1883547825401368]",0.96,0.0,0.96,1.04,True,True,False,True,4.865198257025479,-0.4643861263860679,True,True,4.227381886698368,0.3060041988898568,0.0005105598461322083,0.0063706051046447535,0.0005105598461322083,0.12680294504389167,0,0,0,nan,nan,2.6695895940065384e-05,5b4c2191621b1bbc,0.95,0.9,0.05,True,2a35b5c585aa23b1,/home/grads/g/g.lin/Documents/dad_mocu_kuramoto_v4/experiments/dad_cross_system_improvement/ieee9_T2/selected_policy_robust_rule.json,snap_up(Q_{1-alpha}(U|w) + margin),random
16,80,"[18, 26]","[4.595394455190418, 2.0431155360410362]",1.04,0.0,1.04,1.04,False,False,False,True,4.994557111113752,-0.402282722457645,True,True,2.525904492952337,0.5661183107973674,0.045289464863789396,0.03964872711014488,0.045289464863789396,0.1271736950147897,0,0,0,nan,nan,2.702954225242138e-05,5b4c2191621b1bbc,0.95,0.9,0.05,True,2a35b5c585aa23b1,/home/grads/g/g.lin/Documents/dad_mocu_kuramoto_v4/experiments/dad_cross_system_improvement/ieee9_T2/selected_policy_robust_rule.json,snap_up(Q_{1-alpha}(U|w) + margin),random
17,81,"[35, 26]","[1.6990863852475313, 1.611152884160427]",0.96,0.0,0.96,1.04,True,True,False,True,6.035206190291975,-0.43805111316733647,True,True,17.121823128493155,0.08016349836128994,0.00015702797577749826,0.011207038959540248,0.00015702797577749826,0.12585317809134722,0,0,0,nan,nan,2.5941524654626846e-05,5b4c2191621b1bbc,0.95,0.9,0.05,True,2a35b5c585aa23b1,/home/grads/g/g.lin/Documents/dad_mocu_kuramoto_v4/experiments/dad_cross_system_improvement/ieee9_T2/selected_policy_robust_rule.json,snap_up(Q_{1-alpha}(U|w) + margin),random
18,82,"[45, 28]","[4.945735106628824, 1.7906831370457612]",1.2,0.0,1.2,1.04,True,False,True,True,7.369717677936186,-0.48924296918136906,True,True,1.398849129382505,0.8312869161199762,0.6650295328999429,0.2995986426671279,0.6650295328999429,0.12087084096856415,0,0,0,nan,nan,2.7539441362023354e-05,5b4c2191621b1bbc,0.95,0.9,0.05,True,2a35b5c585aa23b1,/home/grads/g/g.lin/Documents/dad_mocu_kuramoto_v4/experiments/dad_cross_system_improvement/ieee9_T2/selected_policy_robust_rule.json,snap_up(Q_{1-alpha}(U|w) + margin),random
19,83,"[33, 4]","[1.1553562746508341, 2.1318669428734407]",0.96,0.0,0.96,1.04,True,True,False,True,7.927223499490062,-0.5758539531458229,True,True,7.383944634908462,0.19707098591799505,0.0004765220274322174,0.013843298057789003,0.0004765220274322174,0.12302433513104916,0,0,0,nan,nan,2.5395536795258522e-05,5b4c2191621b1bbc,0.95,0.9,0.05,True,2a35b5c585aa23b1,/home/grads/g/g.lin/Documents/dad_mocu_kuramoto_v4/experiments/dad_cross_system_improvement/ieee9_T2/selected_policy_robust_rule.json,snap_up(Q_{1-alpha}(U|w) + margin),random
20,84,"[34, 47]","[0.6433741759623541, 2.9074781397298106]",0.96,0.0,0.96,1.04,True,True,False,True,4.441070130026861,-0.4414910435412835,True,True,4.037322563794803,0.37923279775772173,1.597489445250084e-10,3.575160740438505e-06,1.597489445250084e-10,0.13005970092490315,0,0,0,nan,nan,2.5811023078858852e-05,5b4c2191621b1bbc,0.95,0.9,0.05,True,2a35b5c585aa23b1,/home/grads/g/g.lin/Documents/dad_mocu_kuramoto_v4/experiments/dad_cross_system_improvement/ieee9_T2/selected_policy_robust_rule.json,snap_up(Q_{1-alpha}(U|w) + margin),random
21,85,"[23, 33]","[0.7107709524296387, 1.0183602842611974]",0.96,0.0,0.96,1.04,True,True,False,True,8.061839654099542,-0.5974876731992318,True,True,21.85992860595826,0.0830183427894749,0.01428194737216913,0.10025144658097546,0.01428194737216913,0.1239877121988684,0,0,0,nan,nan,2.6748981326818466e-05,5b4c2191621b1bbc,0.95,0.9,0.05,True,2a35b5c585aa23b1,/home/grads/g/g.lin/Documents/dad_mocu_kuramoto_v4/experiments/dad_cross_system_improvement/ieee9_T2/selected_policy_robust_rule.json,snap_up(Q_{1-alpha}(U|w) + margin),random
22,86,"[15, 5]","[0.7499738189696707, 0.6153184505294194]",0.96,0.08,0.88,1.04,True,True,False,True,10.694570660003832,-0.6224213041372098,True,True,8.545209919847247,0.21353052356069777,0.00021431762585816803,0.005570254470477416,-0.07978568237414184,0.12579747405834496,0,0,0,nan,nan,3.007508348673582e-05,5b4c2191621b1bbc,0.95,0.9,0.05,True,2a35b5c585aa23b1,/home/grads/g/g.lin/Documents/dad_mocu_kuramoto_v4/experiments/dad_cross_system_improvement/ieee9_T2/selected_policy_robust_rule.json,snap_up(Q_{1-alpha}(U|w) + margin),random
23,87,"[21, 40]","[7.324037647349965, 1.4153887262843599]",0.96,0.0,0.96,1.04,True,True,False,True,7.166647061352755,-0.4424386866988107,True,True,1.7160196724635717,0.7034022649310571,1.1389316857849881e-41,1.3499224782393916e-21,1.1389316857849881e-41,0.1272161069791764,0,0,0,nan,nan,2.6775524020195007e-05,5b4c2191621b1bbc,0.95,0.9,0.05,True,2a35b5c585aa23b1,/home/grads/g/g.lin/Documents/dad_mocu_kuramoto_v4/experiments/dad_cross_system_improvement/ieee9_T2/selected_policy_robust_rule.json,snap_up(Q_{1-alpha}(U|w) + margin),random
24,88,"[17, 6]","[1.8300381555353538, 1.9370490741243718]",0.96,0.0,0.96,1.04,True,True,False,True,14.85859381051062,-0.44251342840304264,True,True,3.5115766264872192,0.36070288293418445,0.0011618488555810178,0.013584768092600915,0.0011618488555810178,0.12165097799152136,0,0,0,nan,nan,2.8022914193570614e-05,5b4c2191621b1bbc,0.95,0.9,0.05,True,2a35b5c585aa23b1,/home/grads/g/g.lin/Documents/dad_mocu_kuramoto_v4/experiments/dad_cross_system_improvement/ieee9_T2/selected_policy_robust_rule.json,snap_up(Q_{1-alpha}(U|w) + margin),random
25,89,"[15, 21]","[1.1760282151223007, 7.889868437234548]",0.96,0.0,0.96,1.04,True,True,False,True,7.567721659310262,-0.4905580998006619,True,True,1.285118589811331,0.8780971371542973,1.0163251394463636e-21,9.016984593294429e-12,1.0163251394463636e-21,0.12393093202263117,0,0,0,nan,nan,2.6559107936918736e-05,5b4c2191621b1bbc,0.95,0.9,0.05,True,2a35b5c585aa23b1,/home/grads/g/g.lin/Documents/dad_mocu_kuramoto_v4/experiments/dad_cross_system_improvement/ieee9_T2/selected_policy_robust_rule.json,snap_up(Q_{1-alpha}(U|w) + margin),random
26,90,"[25, 36]","[0.7265646422033137, 3.703703211537004]",1.2,0.0,1.2,1.04,True,False,True,True,8.095985907167934,-0.3997692338604017,True,True,4.1841525250442295,0.42937682914751946,0.07976959679934005,0.09214781694058742,0.07976959679934005,0.12139056692831218,0,0,0,nan,nan,2.648797817528248e-05,5b4c2191621b1bbc,0.95,0.9,0.05,True,2a35b5c585aa23b1,/home/grads/g/g.lin/Documents/dad_mocu_kuramoto_v4/experiments/dad_cross_system_improvement/ieee9_T2/selected_policy_robust_rule.json,snap_up(Q_{1-alpha}(U|w) + margin),random
27,91,"[6, 25]","[1.144837645888515, 0.8450319404727674]",1.2,0.0,1.2,1.04,True,False,True,True,6.939527876717393,-0.5139030486626838,True,True,8.472746238431437,0.21561485406438793,0.10303155781420407,0.2668982499283202,0.10303155781420407,0.12711271294392645,0,0,0,nan,nan,2.7419067919254303e-05,5b4c2191621b1bbc,0.95,0.9,0.05,True,2a35b5c585aa23b1,/home/grads/g/g.lin/Documents/dad_mocu_kuramoto_v4/experiments/dad_cross_system_improvement/ieee9_T2/selected_policy_robust_rule.json,snap_up(Q_{1-alpha}(U|w) + margin),random
28,92,"[41, 3]","[0.9554457395810793, 5.655192187079054]",0.96,0.0,0.96,1.04,True,True,False,True,5.7239781922246245,-0.455039528164657,True,True,3.5038654772044517,0.3732175416519931,1.913407669107834e-33,1.749700623127435e-17,1.913407669107834e-33,0.12754659913480282,0,0,0,nan,nan,2.7006492018699646e-05,5b4c2191621b1bbc,0.95,0.9,0.05,True,2a35b5c585aa23b1,/home/grads/g/g.lin/Documents/dad_mocu_kuramoto_v4/experiments/dad_cross_system_improvement/ieee9_T2/selected_policy_robust_rule.json,snap_up(Q_{1-alpha}(U|w) + margin),random
29,93,"[49, 32]","[1.9763425893509308, 0.7169254003573504]",1.2,0.0,1.2,1.04,True,False,True,True,5.092938611391068,-0.43338900960474497,True,True,13.7460269372976,0.10130093809081842,0.040843838198862926,0.12073709809841471,0.040843838198862926,0.12747096503153443,0,0,0,nan,nan,2.6468420401215553e-05,5b4c2191621b1bbc,0.95,0.9,0.05,True,2a35b5c585aa23b1,/home/grads/g/g.lin/Documents/dad_mocu_kuramoto_v4/experiments/dad_cross_system_improvement/ieee9_T2/selected_policy_robust_rule.json,snap_up(Q_{1-alpha}(U|w) + margin),random
30,94,"[27, 19]","[8.997912847286464, 2.3464980171696443]",0.96,0.0,0.96,1.04,True,True,False,True,10.528481518189245,-0.4126299402114316,True,True,1.6142466195480507,0.7444229226638258,0.0,0.0,0.0,0.12460730690509081,0,0,0,nan,nan,4.1279010474681854e-05,5b4c2191621b1bbc,0.95,0.9,0.05,True,2a35b5c585aa23b1,/home/grads/g/g.lin/Documents/dad_mocu_kuramoto_v4/experiments/dad_cross_system_improvement/ieee9_T2/selected_policy_robust_rule.json,snap_up(Q_{1-alpha}(U|w) + margin),random
31,95,"[24, 20]","[0.9465226859693424, 3.4029371534121813]",0.96,0.0,0.96,1.04,True,True,False,True,11.096443717408796,-0.4453138079500316,True,True,2.8511946597424402,0.4766361122480949,4.620864562453225e-72,6.080042475149808e-37,4.620864562453225e-72,0.12171192211098969,0,0,0,nan,nan,2.745445817708969e-05,5b4c2191621b1bbc,0.95,0.9,0.05,True,2a35b5c585aa23b1,/home/grads/g/g.lin/Documents/dad_mocu_kuramoto_v4/experiments/dad_cross_system_improvement/ieee9_T2/selected_policy_robust_rule.json,snap_up(Q_{1-alpha}(U|w) + margin),random
0,96,"[37, 8]","[1.6392094061882116, 1.6861686348872702]",0.96,0.0,0.96,1.04,True,True,False,True,4.948483499689389,-0.42680762448357806,True,True,3.9627233685296743,0.4370729696031586,0.03914587430435118,0.1725812762263708,0.03914587430435118,0.122979283798486,0,0,0,nan,nan,2.5518471375107765e-05,5b4c2191621b1bbc,0.95,0.9,0.05,True,2a35b5c585aa23b1,/home/grads/g/g.lin/Documents/dad_mocu_kuramoto_v4/experiments/dad_cross_system_improvement/ieee9_T2/selected_policy_robust_rule.json,snap_up(Q_{1-alpha}(U|w) + margin),random
1,97,"[38, 9]","[1.8402432077026618, 9.5305177265641]",0.96,0.0,0.96,1.04,True,True,False,True,15.06317443770887,-0.5043849788728458,True,True,1.001158635256204,0.9994210272128079,0.0,0.0,0.0,0.12396270595490932,0,0,0,nan,nan,2.6344554498791695e-05,5b4c2191621b1bbc,0.95,0.9,0.05,True,2a35b5c585aa23b1,/home/grads/g/g.lin/Documents/dad_mocu_kuramoto_v4/experiments/dad_cross_system_improvement/ieee9_T2/selected_policy_robust_rule.json,snap_up(Q_{1-alpha}(U|w) + margin),random
2,98,"[50, 53]","[0.7783452366889402, 2.286470860608914]",0.96,0.0,0.96,1.04,True,True,False,True,8.622302454139804,-0.5151064628816457,True,True,5.278354678483726,0.26498099705167755,0.0014575632237985323,0.013020641869290516,0.0014575632237985323,0.12661056383512914,0,0,0,nan,nan,2.650346141308546e-05,5b4c2191621b1bbc,0.95,0.9,0.05,True,2a35b5c585aa23b1,/home/grads/g/g.lin/Documents/dad_mocu_kuramoto_v4/experiments/dad_cross_system_improvement/ieee9_T2/selected_policy_robust_rule.json,snap_up(Q_{1-alpha}(U|w) + margin),random
3,99,"[10, 33]","[3.140715698172753, 0.7983489746707793]",0.96,0.0,0.96,1.04,True,True,False,True,7.32352426611295,-0.46794511935115835,True,True,1.2288795168078404,0.900227405519998,0.00015903307579025658,0.003563334751244876,0.00015903307579025658,0.12846421892754734,0,0,0,nan,nan,2.5469926185905933e-05,5b4c2191621b1bbc,0.95,0.9,0.05,True,2a35b5c585aa23b1,/home/grads/g/g.lin/Documents/dad_mocu_kuramoto_v4/experiments/dad_cross_system_improvement/ieee9_T2/selected_policy_robust_rule.json,snap_up(Q_{1-alpha}(U|w) + margin),random
4,100,"[45, 31]","[11.108985600686019, 2.379752186170263]",0.96,0.32,0.6399999999999999,1.04,True,True,False,True,14.43790030192405,-0.6303425473388712,True,True,1.0000000000001075,0.9999999999999463,0.0,0.0,-0.32,0.1240737761836499,0,0,0,nan,nan,2.683198545128107e-05,5b4c2191621b1bbc,0.95,0.9,0.05,True,2a35b5c585aa23b1,/home/grads/g/g.lin/Documents/dad_mocu_kuramoto_v4/experiments/dad_cross_system_improvement/ieee9_T2/selected_policy_robust_rule.json,snap_up(Q_{1-alpha}(U|w) + margin),random
5,101,"[33, 42]","[0.6849390433416981, 0.7833559669185294]",0.96,0.0,0.96,1.04,True,True,False,True,7.781657682970818,-0.4708646840928323,True,True,21.495527327645807,0.061230453426029854,0.004291784653454351,0.0417846098330395,0.004291784653454351,0.12549287313595414,0,0,0,nan,nan,2.6379595510661602e-05,5b4c2191621b1bbc,0.95,0.9,0.05,True,2a35b5c585aa23b1,/home/grads/g/g.lin/Documents/dad_mocu_kuramoto_v4/experiments/dad_cross_system_improvement/ieee9_T2/selected_policy_robust_rule.json,snap_up(Q_{1-alpha}(U|w) + margin),random
6,102,"[2, 21]","[1.0388892711188997, 4.491377388606561]",0.96,0.0,0.96,1.04,True,True,False,True,8.961007936194259,-0.4384225536353909,True,True,1.1583054528614027,0.9262973502819853,1.5866733995278113e-165,1.5933227668129577e-83,1.5866733995278113e-165,0.12033650185912848,0,0,0,nan,nan,2.4316483177244663e-05,5b4c2191621b1bbc,0.95,0.9,0.05,True,2a35b5c585aa23b1,/home/grads/g/g.lin/Documents/dad_mocu_kuramoto_v4/experiments/dad_cross_system_improvement/ieee9_T2/selected_policy_robust_rule.json,snap_up(Q_{1-alpha}(U|w) + margin),random
7,103,"[2, 9]","[2.1123468953932267, 3.672868699508951]",0.96,0.0,0.96,1.04,True,True,False,True,6.7167035922084795,-0.5188197683811446,True,True,1.0157661811816192,0.9921863870981296,5.682516214186295e-06,0.0009535042230002366,5.682516214186295e-06,0.1244506360962987,0,0,0,nan,nan,2.4432549253106117e-05,5b4c2191621b1bbc,0.95,0.9,0.05,True,2a35b5c585aa23b1,/home/grads/g/g.lin/Documents/dad_mocu_kuramoto_v4/experiments/dad_cross_system_improvement/ieee9_T2/selected_policy_robust_rule.json,snap_up(Q_{1-alpha}(U|w) + margin),random
8,104,"[29, 33]","[1.4954226248730913, 0.8543189512297439]",1.2,0.0,1.2,1.04,True,False,True,True,5.607471616505131,-0.39232665219814944,True,True,7.599353441133152,0.19300339781556294,0.15164404079784743,0.3132764030844621,0.15164404079784743,0.1226574198808521,0,0,0,nan,nan,2.6034540496766567e-05,5b4c2191621b1bbc,0.95,0.9,0.05,True,2a35b5c585aa23b1,/home/grads/g/g.lin/Documents/dad_mocu_kuramoto_v4/experiments/dad_cross_system_improvement/ieee9_T2/selected_policy_robust_rule.json,snap_up(Q_{1-alpha}(U|w) + margin),random
9,105,"[47, 21]","[3.012788171533846, 4.633432866200903]",0.96,0.0,0.96,1.04,True,True,False,True,7.851977293620081,-0.44642008555349066,True,True,1.081653770819105,0.9610074060325037,4.231759123697794e-145,2.60207889924892e-73,4.231759123697794e-145,0.127785551128909,0,0,0,nan,nan,2.426153514534235e-05,5b4c2191621b1bbc,0.95,0.9,0.05,True,2a35b5c585aa23b1,/home/grads/g/g.lin/Documents/dad_mocu_kuramoto_v4/experiments/dad_cross_system_improvement/ieee9_T2/selected_policy_robust_rule.json,snap_up(Q_{1-alpha}(U|w) + margin),random
10,106,"[44, 21]","[1.8192444386404503, 6.374712532024616]",0.96,0.0,0.96,1.04,True,True,False,True,6.306151546132639,-0.46026083949573776,True,True,3.6429853510058305,0.35676402857449085,0.00013615694760984987,0.004665465989930004,0.00013615694760984987,0.12771908403374255,0,0,0,nan,nan,2.5402987375855446e-05,5b4c2191621b1bbc,0.95,0.9,0.05,True,2a35b5c585aa23b1,/home/grads/g/g.lin/Documents/dad_mocu_kuramoto_v4/experiments/dad_cross_system_improvement/ieee9_T2/selected_policy_robust_rule.json,snap_up(Q_{1-alpha}(U|w) + margin),random
11,107,"[3, 5]","[4.339617728875447, 0.9625045080576878]",0.96,0.0,0.96,1.04,True,True,False,True,4.248413669032564,-0.39810126788690003,True,True,1.017810253078568,0.991196228712417,3.2582135100525463e-175,2.2832305218886845e-88,3.2582135100525463e-175,0.12168453680351377,0,0,0,nan,nan,2.457445953041315e-05,5b4c2191621b1bbc,0.95,0.9,0.05,True,2a35b5c585aa23b1,/home/grads/g/g.lin/Documents/dad_mocu_kuramoto_v4/experiments/dad_cross_system_improvement/ieee9_T2/selected_policy_robust_rule.json,snap_up(Q_{1-alpha}(U|w) + margin),random
12,108,"[46, 22]","[3.372594464223753, 2.3226093750024637]",1.04,0.0,1.04,1.04,False,False,False,True,6.700719681513414,-0.5179330651817929,True,True,1.1039020938510093,0.9509911775470619,0.0760919282850724,0.01736132537218664,0.0760919282850724,0.12609405908733606,0,0,0,nan,nan,2.7530011720955372e-05,5b4c2191621b1bbc,0.95,0.9,0.05,True,2a35b5c585aa23b1,/home/grads/g/g.lin/Documents/dad_mocu_kuramoto_v4/experiments/dad_cross_system_improvement/ieee9_T2/selected_policy_robust_rule.json,snap_up(Q_{1-alpha}(U|w) + margin),random
13,109,"[11, 2]","[1.855472168905491, 1.6743565604734671]",1.12,0.0,1.12,1.04,True,False,True,True,6.5983548256710804,-0.5107158325129013,True,True,5.789186309140335,0.21418140317094359,0.034630348814016915,0.06464343787008076,0.034630348814016915,0.12167087104171515,0,0,0,nan,nan,2.4656997993588448e-05,5b4c2191621b1bbc,0.95,0.9,0.05,True,2a35b5c585aa23b1,/home/grads/g/g.lin/Documents/dad_mocu_kuramoto_v4/experiments/dad_cross_system_improvement/ieee9_T2/selected_policy_robust_rule.json,snap_up(Q_{1-alpha}(U|w) + margin),random
14,110,"[11, 48]","[2.015525730386236, 8.371802829017797]",0.96,0.0,0.96,1.04,True,True,False,True,11.289175671439477,-0.4882397594782111,True,True,1.0035581715210848,0.9982240682015558,2.615913157794807e-15,1.4466272934781017e-08,2.615913157794807e-15,0.12549304100684822,0,0,0,nan,nan,2.5640008971095085e-05,5b4c2191621b1bbc,0.95,0.9,0.05,True,2a35b5c585aa23b1,/home/grads/g/g.lin/Documents/dad_mocu_kuramoto_v4/experiments/dad_cross_system_improvement/ieee9_T2/selected_policy_robust_rule.json,snap_up(Q_{1-alpha}(U|w) + margin),random
15,111,"[7, 20]","[0.6308257451027307, 1.0900844376681358]",1.04,0.0,1.04,1.04,False,False,False,True,4.879891571084799,-0.4573453425982995,True,True,7.829727394705526,0.18046181293582364,0.006799843146775496,0.022651811248528882,0.006799843146775496,0.12406023708172143,0,0,0,nan,nan,2.6383670046925545e-05,5b4c2191621b1bbc,0.95,0.9,0.05,True,2a35b5c585aa23b1,/home/grads/g/g.lin/Documents/dad_mocu_kuramoto_v4/experiments/dad_cross_system_improvement/ieee9_T2/selected_policy_robust_rule.json,snap_up(Q_{1-alpha}(U|w) + margin),random
16,112,"[16, 38]","[0.9632133231728317, 2.2724926219395796]",1.12,0.0,1.12,1.04,True,False,True,True,4.994557111113752,-0.3907728159567625,True,True,2.584468625885372,0.5947604634997488,0.017897293406308707,0.04473448815063328,0.017897293406308707,0.12658464116975665,0,0,0,nan,nan,2.566410694271326e-05,5b4c2191621b1bbc,0.95,0.9,0.05,True,2a35b5c585aa23b1,/home/grads/g/g.lin/Documents/dad_mocu_kuramoto_v4/experiments/dad_cross_system_improvement/ieee9_T2/selected_policy_robust_rule.json,snap_up(Q_{1-alpha}(U|w) + margin),random
17,113,"[21, 32]","[6.289079337911192, 0.732220328578892]",0.96,0.0,0.96,1.04,True,True,False,True,6.035206190291975,-0.43805111316733647,True,True,3.5581357227164254,0.44645974283699924,0.00020114099475258224,0.005669400449839745,0.00020114099475258224,0.1254260370042175,0,0,0,nan,nan,2.5491928681731224e-05,5b4c2191621b1bbc,0.95,0.9,0.05,True,2a35b5c585aa23b1,/home/grads/g/g.lin/Documents/dad_mocu_kuramoto_v4/experiments/dad_cross_system_improvement/ieee9_T2/selected_policy_robust_rule.json,snap_up(Q_{1-alpha}(U|w) + margin),random
18,114,"[3, 24]","[7.968523709012956, 1.6795330053708275]",0.96,0.0,0.96,1.04,True,True,False,True,7.593466986003247,-0.537229057804493,True,True,1.8461510782884198,0.6457120257814751,8.589121626809566e-32,8.28932886393564e-17,8.589121626809566e-32,0.122618043795228,0,0,0,nan,nan,2.4177483282983303e-05,5b4c2191621b1bbc,0.95,0.9,0.05,True,2a35b5c585aa23b1,/home/grads/g/g.lin/Documents/dad_mocu_kuramoto_v4/experiments/dad_cross_system_improvement/ieee9_T2/selected_policy_robust_rule.json,snap_up(Q_{1-alpha}(U|w) + margin),random
19,115,"[29, 17]","[2.1305784700248473, 2.5605595432125186]",0.96,0.0,0.96,1.04,True,True,False,True,7.927223499490062,-0.5758539531458229,True,True,1.6547266858391334,0.7650854731825363,9.71582510251493e-06,0.0008817076073563539,9.71582510251493e-06,0.124042120995,0,0,0,nan,nan,2.5932444259524345e-05,5b4c2191621b1bbc,0.95,0.9,0.05,True,2a35b5c585aa23b1,/home/grads/g/g.lin/Documents/dad_mocu_kuramoto_v4/experiments/dad_cross_system_improvement/ieee9_T2/selected_policy_robust_rule.json,snap_up(Q_{1-alpha}(U|w) + margin),random
20,116,"[35, 1]","[1.5142401350691475, 2.0570580142806314]",0.96,0.0,0.96,1.04,True,True,False,True,4.441070130026861,-0.4414910435412835,True,True,2.8860378145781866,0.49809216396122447,5.441052388397367e-12,9.335597695165079e-07,5.441052388397367e-12,0.12333211209625006,0,0,0,nan,nan,2.5209970772266388e-05,5b4c2191621b1bbc,0.95,0.9,0.05,True,2a35b5c585aa23b1,/home/grads/g/g.lin/Documents/dad_mocu_kuramoto_v4/experiments/dad_cross_system_improvement/ieee9_T2/selected_policy_robust_rule.json,snap_up(Q_{1-alpha}(U|w) + margin),random
21,117,"[4, 35]","[1.7405218955583859, 2.0865502519956705]",1.04,0.0,1.04,1.04,False,False,False,True,8.004685194754941,-0.5837146745082089,True,True,4.223891858378555,0.2730468379597089,0.02093048709840758,0.0351618221503274,0.02093048709840758,0.12629515305161476,0,0,0,nan,nan,2.6001478545367718e-05,5b4c2191621b1bbc,0.95,0.9,0.05,True,2a35b5c585aa23b1,/home/grads/g/g.lin/Documents/dad_mocu_kuramoto_v4/experiments/dad_cross_system_improvement/ieee9_T2/selected_policy_robust_rule.json,snap_up(Q_{1-alpha}(U|w) + margin),random
22,118,"[32, 5]","[0.5326966685744053, 0.5659728209449508]",0.96,0.08,0.88,1.04,True,True,False,True,10.694570660003832,-0.6224213041372098,True,True,27.11018678105362,0.05000108433003885,0.00010601901708127445,0.0061435769314318114,-0.07989398098291872,0.12202786817215383,0,0,0,nan,nan,2.5112065486609936e-05,5b4c2191621b1bbc,0.95,0.9,0.05,True,2a35b5c585aa23b1,/home/grads/g/g.lin/Documents/dad_mocu_kuramoto_v4/experiments/dad_cross_system_improvement/ieee9_T2/selected_policy_robust_rule.json,snap_up(Q_{1-alpha}(U|w) + margin),random
23,119,"[31, 12]","[1.5639510543794286, 7.222992797424235]",0.96,0.0,0.96,1.04,True,True,False,True,7.166647061352755,-0.4424386866988107,True,True,1.1630230690730021,0.9243276079892083,3.9465885003608644e-27,2.5128751661348766e-14,3.9465885003608644e-27,0.12259900500066578,0,0,0,nan,nan,2.5676097720861435e-05,5b4c2191621b1bbc,0.95,0.9,0.05,True,2a35b5c585aa23b1,/home/grads/g/g.lin/Documents/dad_mocu_kuramoto_v4/experiments/dad_cross_system_improvement/ieee9_T2/selected_policy_robust_rule.json,snap_up(Q_{1-alpha}(U|w) + margin),random
24,120,"[26, 51]","[1.9523631051056618, 0.9434412139899824]",0.96,0.0,0.96,1.04,True,True,False,True,14.85859381051062,-0.44251342840304264,True,True,7.546400459819769,0.19458025078176638,0.0031709491898061753,0.0343714833132016,0.0031709491898061753,0.12533299205824733,0,0,0,nan,nan,2.4100998416543007e-05,5b4c2191621b1bbc,0.95,0.9,0.05,True,2a35b5c585aa23b1,/home/grads/g/g.lin/Documents/dad_mocu_kuramoto_v4/experiments/dad_cross_system_improvement/ieee9_T2/selected_policy_robust_rule.json,snap_up(Q_{1-alpha}(U|w) + margin),random
25,121,"[9, 20]","[4.368147705400095, 2.7220662356726177]",0.96,0.0,0.96,1.04,True,True,False,True,7.567721659310262,-0.4905580998006619,True,True,1.0007904677180062,0.9996049222273977,1.149667689437218e-20,3.03271190776469e-11,1.149667689437218e-20,0.12131812307052314,0,0,0,nan,nan,2.6015914045274258e-05,5b4c2191621b1bbc,0.95,0.9,0.05,True,2a35b5c585aa23b1,/home/grads/g/g.lin/Documents/dad_mocu_kuramoto_v4/experiments/dad_cross_system_improvement/ieee9_T2/selected_policy_robust_rule.json,snap_up(Q_{1-alpha}(U|w) + margin),random
26,122,"[42, 19]","[1.4391109344118476, 1.6454036225247273]",0.96,0.0,0.96,1.04,True,True,False,True,5.782712054204944,-0.4279622217898982,True,True,1.804526240305656,0.7196782101089244,2.477174953386875e-13,4.45086628532005e-07,2.477174953386875e-13,0.12702305288985372,0,0,0,nan,nan,2.4643493816256523e-05,5b4c2191621b1bbc,0.95,0.9,0.05,True,2a35b5c585aa23b1,/home/grads/g/g.lin/Documents/dad_mocu_kuramoto_v4/experiments/dad_cross_system_improvement/ieee9_T2/selected_policy_robust_rule.json,snap_up(Q_{1-alpha}(U|w) + margin),random
27,123,"[44, 36]","[2.310006948141905, 4.395913196229172]",1.04,0.0,1.04,1.04,False,False,False,True,6.9969588787208465,-0.5373882723474875,True,True,2.077604713435934,0.5698495157772628,0.03153666856994281,0.03909439884569052,0.03153666856994281,0.1204299470409751,0,0,0,nan,nan,2.274801954627037e-05,5b4c2191621b1bbc,0.95,0.9,0.05,True,2a35b5c585aa23b1,/home/grads/g/g.lin/Documents/dad_mocu_kuramoto_v4/experiments/dad_cross_system_improvement/ieee9_T2/selected_policy_robust_rule.json,snap_up(Q_{1-alpha}(U|w) + margin),random
28,124,"[28, 14]","[1.769583905461634, 0.6575451349700733]",0.96,0.0,0.96,1.04,True,True,False,True,5.7239781922246245,-0.455039528164657,True,True,6.412644023050237,0.2715257426199867,0.008169841025559841,0.06913685629718991,0.008169841025559841,0.12782772886566818,0,0,0,nan,nan,2.8208945877850056e-05,5b4c2191621b1bbc,0.95,0.9,0.05,True,2a35b5c585aa23b1,/home/grads/g/g.lin/Documents/dad_mocu_kuramoto_v4/experiments/dad_cross_system_improvement/ieee9_T2/selected_policy_robust_rule.json,snap_up(Q_{1-alpha}(U|w) + margin),random
29,125,"[42, 19]","[0.597951394593244, 2.526591052240122]",0.96,0.0,0.96,1.04,True,True,False,True,5.092938611391068,-0.4656964508287679,True,True,1.4196911367188148,0.8328304277789573,6.088095214495926e-09,2.206915449433374e-05,6.088095214495926e-09,0.11970206000842154,0,0,0,nan,nan,2.491555642336607e-05,5b4c2191621b1bbc,0.95,0.9,0.05,True,2a35b5c585aa23b1,/home/grads/g/g.lin/Documents/dad_mocu_kuramoto_v4/experiments/dad_cross_system_improvement/ieee9_T2/selected_policy_robust_rule.json,snap_up(Q_{1-alpha}(U|w) + margin),random
30,126,"[50, 16]","[1.6279028637321837, 0.6221351020415888]",0.96,0.0,0.96,1.04,True,True,False,True,10.528481518189245,-0.4126299402114316,True,True,8.213575347016839,0.18917113588186477,1.848937010834968e-13,1.216202947166764e-07,1.848937010834968e-13,0.12663777288980782,0,0,0,nan,nan,2.6794499717652798e-05,5b4c2191621b1bbc,0.95,0.9,0.05,True,2a35b5c585aa23b1,/home/grads/g/g.lin/Documents/dad_mocu_kuramoto_v4/experiments/dad_cross_system_improvement/ieee9_T2/selected_policy_robust_rule.json,snap_up(Q_{1-alpha}(U|w) + margin),random
31,127,"[5, 37]","[0.3811778135509746, 2.3296815841713205]",0.96,0.0,0.96,1.04,True,True,False,True,11.096443717408796,-0.4453138079500316,True,True,4.032835191570693,0.3181271131916243,5.52300137539356e-08,9.400425070323224e-05,5.52300137539356e-08,0.12259989511221647,0,0,0,nan,nan,2.6656431145966053e-05,5b4c2191621b1bbc,0.95,0.9,0.05,True,2a35b5c585aa23b1,/home/grads/g/g.lin/Documents/dad_mocu_kuramoto_v4/experiments/dad_cross_system_improvement/ieee9_T2/selected_policy_robust_rule.json,snap_up(Q_{1-alpha}(U|w) + margin),random
0,128,"[20, 4]","[2.7563732127409155, 2.267143897889608]",0.96,0.0,0.96,1.04,True,True,False,True,4.948483499689389,-0.42680762448357806,True,True,1.6149711140014527,0.7661502002542431,2.799676549908951e-28,6.692226431180707e-15,2.799676549908951e-28,0.12616990599781275,0,0,0,nan,nan,2.3755477741360664e-05,5b4c2191621b1bbc,0.95,0.9,0.05,True,2a35b5c585aa23b1,/home/grads/g/g.lin/Documents/dad_mocu_kuramoto_v4/experiments/dad_cross_system_improvement/ieee9_T2/selected_policy_robust_rule.json,snap_up(Q_{1-alpha}(U|w) + margin),random
1,129,"[44, 20]","[2.301194724761924, 1.5396770678200238]",0.96,0.0,0.96,1.04,True,True,False,True,15.06317443770887,-0.5043849788728458,True,True,2.156585886632304,0.5629723832999922,3.028945313936309e-06,0.0007033406380121762,3.028945313936309e-06,0.12371438788250089,0,0,0,nan,nan,2.5653978809714317e-05,5b4c2191621b1bbc,0.95,0.9,0.05,True,2a35b5c585aa23b1,/home/grads/g/g.lin/Documents/dad_mocu_kuramoto_v4/experiments/dad_cross_system_improvement/ieee9_T2/selected_policy_robust_rule.json,snap_up(Q_{1-alpha}(U|w) + margin),random
2,130,"[50, 53]","[0.7223471387910111, 2.34371710832246]",0.96,0.0,0.96,1.04,True,True,False,True,8.622302454139804,-0.5151064628816457,True,True,4.374495559973759,0.38620820552532714,0.00011263200007918187,0.0036972533746394737,0.00011263200007918187,0.12343560415320098,0,0,0,nan,nan,3.094447311013937e-05,5b4c2191621b1bbc,0.95,0.9,0.05,True,2a35b5c585aa23b1,/home/grads/g/g.lin/Documents/dad_mocu_kuramoto_v4/experiments/dad_cross_system_improvement/ieee9_T2/selected_policy_robust_rule.json,snap_up(Q_{1-alpha}(U|w) + margin),random
3,131,"[47, 33]","[1.3516079405394372, 0.7017584270170669]",1.04,0.0,1.04,1.04,False,False,False,True,7.32352426611295,-0.4552008085894162,True,True,2.247202095916006,0.6241514661769295,0.006057355701025387,0.021509343219946908,0.006057355701025387,0.11969035980291665,0,0,0,nan,nan,2.7413596399128437e-05,5b4c2191621b1bbc,0.95,0.9,0.05,True,2a35b5c585aa23b1,/home/grads/g/g.lin/Documents/dad_mocu_kuramoto_v4/experiments/dad_cross_system_improvement/ieee9_T2/selected_policy_robust_rule.json,snap_up(Q_{1-alpha}(U|w) + margin),random
4,132,"[12, 26]","[11.9016676503167, 1.731483347186905]",1.2,0.32,0.8799999999999999,1.04,True,False,True,True,14.43790030192405,-0.5776721737775045,True,True,1.0,1.0,0.8,1.4280246864389016e-15,0.48000000000000004,0.12496059481054544,0,0,0,nan,nan,2.8726994059979916e-05,5b4c2191621b1bbc,0.95,0.9,0.05,True,2a35b5c585aa23b1,/home/grads/g/g.lin/Documents/dad_mocu_kuramoto_v4/experiments/dad_cross_system_improvement/ieee9_T2/selected_policy_robust_rule.json,snap_up(Q_{1-alpha}(U|w) + margin),random
5,133,"[45, 15]","[5.1957887118034245, 0.9948238130904473]",0.96,0.0,0.96,1.04,True,True,False,True,7.781657682970818,-0.4708646840928323,True,True,4.462715997997874,0.29161282755030943,0.006605155016284657,0.07239126977915622,0.006605155016284657,0.11986580211669207,0,0,0,nan,nan,2.2400403395295143e-05,5b4c2191621b1bbc,0.95,0.9,0.05,True,2a35b5c585aa23b1,/home/grads/g/g.lin/Documents/dad_mocu_kuramoto_v4/experiments/dad_cross_system_improvement/ieee9_T2/selected_policy_robust_rule.json,snap_up(Q_{1-alpha}(U|w) + margin),random
6,134,"[37, 1]","[4.601961712819935, 3.8804435482406747]",0.96,0.0,0.96,1.04,True,True,False,True,8.961007936194259,-0.4384225536353909,True,True,2.0181633269166794,0.5110204412754865,6.049214992350636e-91,4.91903038915217e-46,6.049214992350636e-91,0.12909440021030605,0,0,0,nan,nan,2.6540015824139118e-05,5b4c2191621b1bbc,0.95,0.9,0.05,True,2a35b5c585aa23b1,/home/grads/g/g.lin/Documents/dad_mocu_kuramoto_v4/experiments/dad_cross_system_improvement/ieee9_T2/selected_policy_robust_rule.json,snap_up(Q_{1-alpha}(U|w) + margin),random
7,135,"[38, 49]","[2.598457441708553, 2.144340697518292]",0.96,0.0,0.96,1.04,True,True,False,True,6.7167035922084795,-0.5188197683811446,True,True,2.6661140629012814,0.5556964419700815,7.332081917033921e-11,3.416673074470139e-06,7.332081917033921e-11,0.1246788299176842,0,0,0,nan,nan,2.5160028599202633e-05,5b4c2191621b1bbc,0.95,0.9,0.05,True,2a35b5c585aa23b1,/home/grads/g/g.lin/Documents/dad_mocu_kuramoto_v4/experiments/dad_cross_system_improvement/ieee9_T2/selected_policy_robust_rule.json,snap_up(Q_{1-alpha}(U|w) + margin),random
8,136,"[4, 49]","[1.5906929783171564, 1.650028124272714]",0.96,0.0,0.96,1.04,True,True,False,True,5.6780854999992,-0.4176225122407299,True,True,12.31435950801232,0.12147345882388853,0.0006708046625095043,0.007294819694876664,0.0006708046625095043,0.12472793599590659,0,0,0,nan,nan,2.590799704194069e-05,5b4c2191621b1bbc,0.95,0.9,0.05,True,2a35b5c585aa23b1,/home/grads/g/g.lin/Documents/dad_mocu_kuramoto_v4/experiments/dad_cross_system_improvement/ieee9_T2/selected_policy_robust_rule.json,snap_up(Q_{1-alpha}(U|w) + margin),random
9,137,"[4, 52]","[2.0590025679054316, 1.249462209072881]",0.96,0.0,0.96,1.04,True,True,False,True,7.851977293620081,-0.44642008555349066,True,True,4.544014845608746,0.3402822011888607,3.5956635382564006e-05,0.005105046785721031,3.5956635382564006e-05,0.1256200848147273,0,0,0,nan,nan,2.4668988771736622e-05,5b4c2191621b1bbc,0.95,0.9,0.05,True,2a35b5c585aa23b1,/home/grads/g/g.lin/Documents/dad_mocu_kuramoto_v4/experiments/dad_cross_system_improvement/ieee9_T2/selected_policy_robust_rule.json,snap_up(Q_{1-alpha}(U|w) + margin),random
10,138,"[25, 26]","[0.6484429424815757, 2.0254795585306082]",1.12,0.0,1.12,1.04,True,False,True,True,7.629411631135268,-0.44009127712806334,True,True,18.156730412641526,0.08603559166096064,0.02309992171236001,0.052720633230957256,0.02309992171236001,0.1157300528138876,0,0,0,nan,nan,2.3701926693320274e-05,5b4c2191621b1bbc,0.95,0.9,0.05,True,2a35b5c585aa23b1,/home/grads/g/g.lin/Documents/dad_mocu_kuramoto_v4/experiments/dad_cross_system_improvement/ieee9_T2/selected_policy_robust_rule.json,snap_up(Q_{1-alpha}(U|w) + margin),random
11,139,"[4, 32]","[1.5669385490412648, 0.8227439741647439]",0.96,0.0,0.96,1.04,True,True,False,True,4.248413669032564,-0.39810126788690003,True,True,3.61741905815431,0.4444730076869515,0.0014862853472332653,0.010802600943355284,0.0014862853472332653,0.12461024592630565,0,0,0,nan,nan,2.5984481908380985e-05,5b4c2191621b1bbc,0.95,0.9,0.05,True,2a35b5c585aa23b1,/home/grads/g/g.lin/Documents/dad_mocu_kuramoto_v4/experiments/dad_cross_system_improvement/ieee9_T2/selected_policy_robust_rule.json,snap_up(Q_{1-alpha}(U|w) + margin),random
12,140,"[11, 16]","[2.404056054231083, 0.7069830628452567]",0.96,0.0,0.96,1.04,True,True,False,True,6.751568902381649,-0.5297100728691743,True,True,3.961137907661107,0.38627163947083915,1.9065203807492662e-10,3.90671231344828e-06,1.9065203807492662e-10,0.12085186503827572,0,0,0,nan,nan,2.4140928871929646e-05,5b4c2191621b1bbc,0.95,0.9,0.05,True,2a35b5c585aa23b1,/home/grads/g/g.lin/Documents/dad_mocu_kuramoto_v4/experiments/dad_cross_system_improvement/ieee9_T2/selected_policy_robust_rule.json,snap_up(Q_{1-alpha}(U|w) + margin),random
13,141,"[4, 44]","[1.8290211702810395, 2.4043952287658]",0.96,0.0,0.96,1.04,True,True,False,True,6.710820899861146,-0.5434168797577088,True,True,1.9626353339652631,0.6049976613875696,0.0002513908529584616,0.004477507707731107,0.0002513908529584616,0.12766246893443167,0,0,0,nan,nan,2.611603122204542e-05,5b4c2191621b1bbc,0.95,0.9,0.05,True,2a35b5c585aa23b1,/home/grads/g/g.lin/Documents/dad_mocu_kuramoto_v4/experiments/dad_cross_system_improvement/ieee9_T2/selected_policy_robust_rule.json,snap_up(Q_{1-alpha}(U|w) + margin),random
14,142,"[6, 31]","[0.7748590360443561, 2.179515666292639]",0.96,0.0,0.96,1.04,True,True,False,True,11.289175671439477,-0.4882397594782111,True,True,2.7828613987478867,0.5719896493682728,0.00010124760293768637,0.004401744757280545,0.00010124760293768637,0.12604992114938796,0,0,0,nan,nan,2.48180003836751e-05,5b4c2191621b1bbc,0.95,0.9,0.05,True,2a35b5c585aa23b1,/home/grads/g/g.lin/Documents/dad_mocu_kuramoto_v4/experiments/dad_cross_system_improvement/ieee9_T2/selected_policy_robust_rule.json,snap_up(Q_{1-alpha}(U|w) + margin),random
15,143,"[30, 15]","[4.725372507681448, 1.1523983382086194]",0.96,0.0,0.96,1.04,True,True,False,True,4.865198257025479,-0.4643861263860679,True,True,2.0516520052740215,0.6798475741608304,5.2666146397138584e-133,2.9028578028457014e-67,5.2666146397138584e-133,0.12748665711842477,0,0,0,nan,nan,2.5991001166403294e-05,5b4c2191621b1bbc,0.95,0.9,0.05,True,2a35b5c585aa23b1,/home/grads/g/g.lin/Documents/dad_mocu_kuramoto_v4/experiments/dad_cross_system_improvement/ieee9_T2/selected_policy_robust_rule.json,snap_up(Q_{1-alpha}(U|w) + margin),random
16,144,"[4, 16]","[1.6961111544268785, 0.8825781947050857]",0.96,0.0,0.96,1.04,True,True,False,True,4.994557111113752,-0.4136654942232219,True,True,3.5935514844962317,0.383597716681587,0.0003859771866709607,0.006776566596399282,0.0003859771866709607,0.1169878609944135,0,0,0,nan,nan,2.279854379594326e-05,5b4c2191621b1bbc,0.95,0.9,0.05,True,2a35b5c585aa23b1,/home/grads/g/g.lin/Documents/dad_mocu_kuramoto_v4/experiments/dad_cross_system_improvement/ieee9_T2/selected_policy_robust_rule.json,snap_up(Q_{1-alpha}(U|w) + margin),random
17,145,"[14, 19]","[0.7089247704772893, 3.6061940157966452]",0.96,0.0,0.96,1.04,True,True,False,True,6.035206190291975,-0.43805111316733647,True,True,4.1410816800960815,0.3585523743062081,1.3423248098117031e-11,2.3171620966398887e-06,1.3423248098117031e-11,0.12398586189374328,0,0,0,nan,nan,2.4948036298155785e-05,5b4c2191621b1bbc,0.95,0.9,0.05,True,2a35b5c585aa23b1,/home/grads/g/g.lin/Documents/dad_mocu_kuramoto_v4/experiments/dad_cross_system_improvement/ieee9_T2/selected_policy_robust_rule.json,snap_up(Q_{1-alpha}(U|w) + margin),random
18,146,"[26, 36]","[1.8298733456744434, 4.608443866329646]",0.96,0.0,0.96,1.04,True,True,False,True,7.593466986003247,-0.537229057804493,True,True,1.089229897925037,0.9578577620794061,4.2906622574654125e-06,0.0005858622671034545,4.2906622574654125e-06,0.12158673792146146,0,0,0,nan,nan,2.304802183061838e-05,5b4c2191621b1bbc,0.95,0.9,0.05,True,2a35b5c585aa23b1,/home/grads/g/g.lin/Documents/dad_mocu_kuramoto_v4/experiments/dad_cross_system_improvement/ieee9_T2/selected_policy_robust_rule.json,snap_up(Q_{1-alpha}(U|w) + margin),random
19,147,"[48, 40]","[8.233098256469663, 2.1060679571454397]",0.96,0.0,0.96,1.04,True,True,False,True,7.927223499490062,-0.5758539531458229,True,True,1.0000047277846948,0.9999976361139544,6.796032732706336e-10,7.3734836678323276e-06,6.796032732706336e-10,0.12460760097019374,0,0,0,nan,nan,2.7046422474086285e-05,5b4c2191621b1bbc,0.95,0.9,0.05,True,2a35b5c585aa23b1,/home/grads/g/g.lin/Documents/dad_mocu_kuramoto_v4/experiments/dad_cross_system_improvement/ieee9_T2/selected_policy_robust_rule.json,snap_up(Q_{1-alpha}(U|w) + margin),random
20,148,"[45, 5]","[3.6611069491378077, 0.48420959736505353]",0.96,0.0,0.96,1.04,True,True,False,True,4.441070130026861,-0.4414910435412835,True,True,4.314503491622307,0.3046625558993786,0.0002309604311644906,0.007432933919799729,0.0002309604311644906,0.130195357138291,0,0,0,nan,nan,2.7077621780335903e-05,5b4c2191621b1bbc,0.95,0.9,0.05,True,2a35b5c585aa23b1,/home/grads/g/g.lin/Documents/dad_mocu_kuramoto_v4/experiments/dad_cross_system_improvement/ieee9_T2/selected_policy_robust_rule.json,snap_up(Q_{1-alpha}(U|w) + margin),random
21,149,"[41, 50]","[1.4087081427521286, 2.1655643081688436]",0.96,0.0,0.96,1.04,True,True,False,True,8.061839654099542,-0.5974876731992318,True,True,1.045794297171822,0.9776059983713816,5.2307653192356215e-58,6.468857901815827e-30,5.2307653192356215e-58,0.12672890396788716,0,0,0,nan,nan,2.5539426133036613e-05,5b4c2191621b1bbc,0.95,0.9,0.05,True,2a35b5c585aa23b1,/home/grads/g/g.lin/Documents/dad_mocu_kuramoto_v4/experiments/dad_cross_system_improvement/ieee9_T2/selected_policy_robust_rule.json,snap_up(Q_{1-alpha}(U|w) + margin),random
22,150,"[39, 40]","[8.384250928017776, 1.6474297908830917]",0.96,0.08,0.88,1.04,True,True,False,True,10.694570660003832,-0.6224213041372098,True,True,1.9955341357951335,0.5236545188548829,2.8768148426026896e-16,4.797344967877694e-09,-0.07999999999999971,0.12422364996746182,0,0,0,nan,nan,2.6638503186404705e-05,5b4c2191621b1bbc,0.95,0.9,0.05,True,2a35b5c585aa23b1,/home/grads/g/g.lin/Documents/dad_mocu_kuramoto_v4/experiments/dad_cross_system_improvement/ieee9_T2/selected_policy_robust_rule.json,snap_up(Q_{1-alpha}(U|w) + margin),random
23,151,"[8, 43]","[1.8074374193009486, 0.7371906260102793]",1.2,0.0,1.2,1.04,True,False,True,True,7.166647061352755,-0.4088974965722922,True,True,12.012970776095173,0.16979453837158778,0.07193447379816462,0.228208537087393,0.07193447379816462,0.12114776996895671,0,0,0,nan,nan,2.5933957658708096e-05,5b4c2191621b1bbc,0.95,0.9,0.05,True,2a35b5c585aa23b1,/home/grads/g/g.lin/Documents/dad_mocu_kuramoto_v4/experiments/dad_cross_system_improvement/ieee9_T2/selected_policy_robust_rule.json,snap_up(Q_{1-alpha}(U|w) + margin),random
24,152,"[31, 10]","[2.00254462257243, 3.286605438447742]",0.96,0.0,0.96,1.04,True,True,False,True,14.85859381051062,-0.44251342840304264,True,True,1.7401297424949742,0.7246521154013903,5.534250050724823e-05,0.004704671507062383,5.534250050724823e-05,0.12287114094942808,0,0,0,nan,nan,2.3036031052470207e-05,5b4c2191621b1bbc,0.95,0.9,0.05,True,2a35b5c585aa23b1,/home/grads/g/g.lin/Documents/dad_mocu_kuramoto_v4/experiments/dad_cross_system_improvement/ieee9_T2/selected_policy_robust_rule.json,snap_up(Q_{1-alpha}(U|w) + margin),random
25,153,"[47, 7]","[3.5948447097947613, 0.5648003414035186]",0.96,0.0,0.96,1.04,True,True,False,True,7.567721659310262,-0.4905580998006619,True,True,3.5260980289286237,0.39719589367443514,1.0382044188391856e-49,9.113525857928656e-26,1.0382044188391856e-49,0.12566487793810666,0,0,0,nan,nan,2.5301938876509666e-05,5b4c2191621b1bbc,0.95,0.9,0.05,True,2a35b5c585aa23b1,/home/grads/g/g.lin/Documents/dad_mocu_kuramoto_v4/experiments/dad_cross_system_improvement/ieee9_T2/selected_policy_robust_rule.json,snap_up(Q_{1-alpha}(U|w) + margin),random
26,154,"[15, 39]","[1.8230338311923846, 4.3084662361830395]",0.96,0.0,0.96,1.04,True,True,False,True,5.782712054204944,-0.4279622217898982,True,True,2.3669569333922076,0.5686039316956274,3.819468899652757e-189,2.472074076447632e-95,3.819468899652757e-189,0.11949562304653227,0,0,0,nan,nan,2.6324531063437462e-05,5b4c2191621b1bbc,0.95,0.9,0.05,True,2a35b5c585aa23b1,/home/grads/g/g.lin/Documents/dad_mocu_kuramoto_v4/experiments/dad_cross_system_improvement/ieee9_T2/selected_policy_robust_rule.json,snap_up(Q_{1-alpha}(U|w) + margin),random
27,155,"[12, 50]","[7.038519440567676, 0.6115194426256833]",0.96,0.0,0.96,1.04,True,True,False,True,7.025456035164314,-0.5490581799175094,True,True,1.0470758645683114,0.9769909579816678,1.253534139711674e-07,0.0001416210807821646,1.253534139711674e-07,0.13173871883191168,0,0,0,nan,nan,2.563558518886566e-05,5b4c2191621b1bbc,0.95,0.9,0.05,True,2a35b5c585aa23b1,/home/grads/g/g.lin/Documents/dad_mocu_kuramoto_v4/experiments/dad_cross_system_improvement/ieee9_T2/selected_policy_robust_rule.json,snap_up(Q_{1-alpha}(U|w) + margin),random
28,156,"[4, 19]","[2.257493140171234, 1.577704145194097]",1.2,0.0,1.2,1.04,True,False,True,True,6.213975369041901,-0.4240517275523905,True,True,4.019237063517042,0.39304925280482333,0.05257056016763222,0.19822407588746283,0.05257056016763222,0.12622908898629248,0,0,0,nan,nan,2.385058905929327e-05,5b4c2191621b1bbc,0.95,0.9,0.05,True,2a35b5c585aa23b1,/home/grads/g/g.lin/Documents/dad_mocu_kuramoto_v4/experiments/dad_cross_system_improvement/ieee9_T2/selected_policy_robust_rule.json,snap_up(Q_{1-alpha}(U|w) + margin),random
29,157,"[41, 5]","[1.1899216335721752, 0.6266185686469283]",0.96,0.0,0.96,1.04,True,True,False,True,5.092938611391068,-0.4656964508287679,True,True,5.930836297553276,0.2810136885662803,3.262927584057611e-07,0.0004963508210906572,3.262927584057611e-07,0.12633591191843152,0,0,0,nan,nan,2.7470523491501808e-05,5b4c2191621b1bbc,0.95,0.9,0.05,True,2a35b5c585aa23b1,/home/grads/g/g.lin/Documents/dad_mocu_kuramoto_v4/experiments/dad_cross_system_improvement/ieee9_T2/selected_policy_robust_rule.json,snap_up(Q_{1-alpha}(U|w) + margin),random
30,158,"[19, 17]","[2.415348257787227, 1.9272507694130212]",1.12,0.0,1.12,1.04,True,False,True,True,10.528481518189245,-0.39018921784618205,True,True,3.457053084457605,0.40510918672132296,0.049219472993211735,0.07384144605853604,0.049219472993211735,0.1246987299527973,0,0,0,nan,nan,2.4383538402616978e-05,5b4c2191621b1bbc,0.95,0.9,0.05,True,2a35b5c585aa23b1,/home/grads/g/g.lin/Documents/dad_mocu_kuramoto_v4/experiments/dad_cross_system_improvement/ieee9_T2/selected_policy_robust_rule.json,snap_up(Q_{1-alpha}(U|w) + margin),random
31,159,"[35, 45]","[1.6297493259835143, 9.093097283671314]",0.96,0.0,0.96,1.04,True,True,False,True,11.096443717408796,-0.4453138079500316,True,True,1.0387483984659247,0.9810792806357277,0.0,0.0,0.0,0.12083127209916711,0,0,0,nan,nan,4.884903319180012e-05,5b4c2191621b1bbc,0.95,0.9,0.05,True,2a35b5c585aa23b1,/home/grads/g/g.lin/Documents/dad_mocu_kuramoto_v4/experiments/dad_cross_system_improvement/ieee9_T2/selected_policy_robust_rule.json,snap_up(Q_{1-alpha}(U|w) + margin),random
0,160,"[8, 44]","[1.702621816738202, 1.7894487353609994]",0.96,0.0,0.96,1.04,True,True,False,True,4.948483499689389,-0.42680762448357806,True,True,13.631827837296438,0.1197477744516238,0.015998005076636172,0.11199309800957012,0.015998005076636172,0.12363550090231001,0,0,0,nan,nan,4.204455763101578e-05,5b4c2191621b1bbc,0.95,0.9,0.05,True,2a35b5c585aa23b1,/home/grads/g/g.lin/Documents/dad_mocu_kuramoto_v4/experiments/dad_cross_system_improvement/ieee9_T2/selected_policy_robust_rule.json,snap_up(Q_{1-alpha}(U|w) + margin),random
1,161,"[35, 12]","[2.2076005127014233, 7.327048531318337]",0.96,0.0,0.96,1.04,True,True,False,True,15.06317443770887,-0.5043849788728458,True,True,1.9045780036357745,0.6441857944612044,7.713371434157089e-20,1.1109182820825004e-10,7.713371434157089e-20,0.12265853490680456,0,0,0,nan,nan,4.182348493486643e-05,5b4c2191621b1bbc,0.95,0.9,0.05,True,2a35b5c585aa23b1,/home/grads/g/g.lin/Documents/dad_mocu_kuramoto_v4/experiments/dad_cross_system_improvement/ieee9_T2/selected_policy_robust_rule.json,snap_up(Q_{1-alpha}(U|w) + margin),random
2,162,"[25, 8]","[0.6661441129275402, 2.3206002134276753]",0.96,0.0,0.96,1.04,True,True,False,True,8.622302454139804,-0.5151064628816457,True,True,10.842298346419945,0.1338855102117916,0.0008439395044290483,0.008380572007121577,0.0008439395044290483,0.12881113588809967,0,0,0,nan,nan,4.478741902858019e-05,5b4c2191621b1bbc,0.95,0.9,0.05,True,2a35b5c585aa23b1,/home/grads/g/g.lin/Documents/dad_mocu_kuramoto_v4/experiments/dad_cross_system_improvement/ieee9_T2/selected_policy_robust_rule.json,snap_up(Q_{1-alpha}(U|w) + margin),random
3,163,"[12, 27]","[5.908522187145996, 6.286460510511226]",0.96,0.0,0.96,1.04,True,True,False,True,7.32352426611295,-0.46794511935115835,True,True,1.000395519704942,0.9998022792680772,4.2825044344756597e-224,8.277685120346784e-113,4.2825044344756597e-224,0.12746323412284255,0,0,0,nan,nan,4.164688289165497e-05,5b4c2191621b1bbc,0.95,0.9,0.05,True,2a35b5c585aa23b1,/home/grads/g/g.lin/Documents/dad_mocu_kuramoto_v4/experiments/dad_cross_system_improvement/ieee9_T2/selected_policy_robust_rule.json,snap_up(Q_{1-alpha}(U|w) + margin),random
4,164,"[35, 16]","[1.5964168032579626, 0.4785856209247495]",0.96,0.32,0.6399999999999999,1.04,True,True,False,True,14.43790030192405,-0.6303425473388712,True,True,14.449282365626887,0.09869862034845728,2.740963487557246e-08,0.00014782786805798731,-0.3199999725903651,0.1276724711060524,0,0,0,nan,nan,4.41049924120307e-05,5b4c2191621b1bbc,0.95,0.9,0.05,True,2a35b5c585aa23b1,/home/grads/g/g.lin/Documents/dad_mocu_kuramoto_v4/experiments/dad_cross_system_improvement/ieee9_T2/selected_policy_robust_rule.json,snap_up(Q_{1-alpha}(U|w) + margin),random
5,165,"[38, 46]","[1.3461971605822973, 2.508413760624274]",0.96,0.0,0.96,1.04,True,True,False,True,7.781657682970818,-0.4708646840928323,True,True,2.2426337294617578,0.5847944183206382,1.122791397926693e-16,9.47749986936813e-09,1.122791397926693e-16,0.12079784390516579,0,0,0,nan,nan,4.337553400546312e-05,5b4c2191621b1bbc,0.95,0.9,0.05,True,2a35b5c585aa23b1,/home/grads/g/g.lin/Documents/dad_mocu_kuramoto_v4/experiments/dad_cross_system_improvement/ieee9_T2/selected_policy_robust_rule.json,snap_up(Q_{1-alpha}(U|w) + margin),random
6,166,"[6, 25]","[1.6988585940310421, 0.6656993761414144]",0.96,0.0,0.96,1.04,True,True,False,True,8.961007936194259,-0.4384225536353909,True,True,5.55637544633859,0.24708335545323235,0.0039721144049080035,0.03961768260501586,0.0039721144049080035,0.12273231893777847,0,0,0,nan,nan,4.577101208269596e-05,5b4c2191621b1bbc,0.95,0.9,0.05,True,2a35b5c585aa23b1,/home/grads/g/g.lin/Documents/dad_mocu_kuramoto_v4/experiments/dad_cross_system_improvement/ieee9_T2/selected_policy_robust_rule.json,snap_up(Q_{1-alpha}(U|w) + margin),random
7,167,"[0, 13]","[3.661087214829393, 2.2843947275414123]",1.12,0.0,1.12,1.04,True,False,True,True,6.560092299319013,-0.4781087923505804,True,True,2.876605498425459,0.4369277393930879,0.06222468479024061,0.06330269420220426,0.06222468479024061,0.12403179192915559,0,0,0,nan,nan,4.094105679541826e-05,5b4c2191621b1bbc,0.95,0.9,0.05,True,2a35b5c585aa23b1,/home/grads/g/g.lin/Documents/dad_mocu_kuramoto_v4/experiments/dad_cross_system_improvement/ieee9_T2/selected_policy_robust_rule.json,snap_up(Q_{1-alpha}(U|w) + margin),random
8,168,"[20, 23]","[1.5111599161288394, 0.3150140329196509]",0.96,0.0,0.96,1.04,True,True,False,True,5.6780854999992,-0.4176225122407299,True,True,1.2859625399120618,0.8806758156454036,1.5442515337976374e-06,0.0007861463649538258,1.5442515337976374e-06,0.1251683949958533,0,0,0,nan,nan,4.0948973037302494e-05,5b4c2191621b1bbc,0.95,0.9,0.05,True,2a35b5c585aa23b1,/home/grads/g/g.lin/Documents/dad_mocu_kuramoto_v4/experiments/dad_cross_system_improvement/ieee9_T2/selected_policy_robust_rule.json,snap_up(Q_{1-alpha}(U|w) + margin),random
9,169,"[15, 11]","[1.6905253228294104, 2.2745387048517203]",0.96,0.0,0.96,1.04,True,True,False,True,7.851977293620081,-0.44642008555349066,True,True,1.6596064300704152,0.7516731148811604,1.969572897250717e-10,5.613658906383657e-06,1.969572897250717e-10,0.12899405811913311,0,0,0,nan,nan,4.308007191866636e-05,5b4c2191621b1bbc,0.95,0.9,0.05,True,2a35b5c585aa23b1,/home/grads/g/g.lin/Documents/dad_mocu_kuramoto_v4/experiments/dad_cross_system_improvement/ieee9_T2/selected_policy_robust_rule.json,snap_up(Q_{1-alpha}(U|w) + margin),random
10,170,"[6, 38]","[2.1077274368813286, 2.0803351779525143]",1.12,0.0,1.12,1.04,True,False,True,True,7.629411631135268,-0.44009127712806334,True,True,1.1838497342867391,0.9169120576815057,0.14670592922919284,0.04416241621227692,0.14670592922919284,0.12912759114988148,0,0,0,nan,nan,4.281348083168268e-05,5b4c2191621b1bbc,0.95,0.9,0.05,True,2a35b5c585aa23b1,/home/grads/g/g.lin/Documents/dad_mocu_kuramoto_v4/experiments/dad_cross_system_improvement/ieee9_T2/selected_policy_robust_rule.json,snap_up(Q_{1-alpha}(U|w) + margin),random
11,171,"[38, 52]","[2.1434598948630987, 0.9350381025765]",1.12,0.0,1.12,1.04,True,False,True,True,4.34713303803074,-0.37163344810928434,True,True,1.607988291401411,0.7621553178736199,0.03232469003367132,0.06416582818233856,0.03232469003367132,0.12470888206735253,0,0,0,nan,nan,4.3269945308566093e-05,5b4c2191621b1bbc,0.95,0.9,0.05,True,2a35b5c585aa23b1,/home/grads/g/g.lin/Documents/dad_mocu_kuramoto_v4/experiments/dad_cross_system_improvement/ieee9_T2/selected_policy_robust_rule.json,snap_up(Q_{1-alpha}(U|w) + margin),random
12,172,"[16, 33]","[0.5548408234706375, 0.8487790453689039]",1.04,0.0,1.04,1.04,False,False,False,True,6.700719681513414,-0.5179330651817929,True,True,23.91913936943384,0.0683143316696949,0.006955201757891561,0.024848173493297245,0.006955201757891561,0.12117946706712246,0,0,0,nan,nan,3.99384880438447e-05,5b4c2191621b1bbc,0.95,0.9,0.05,True,2a35b5c585aa23b1,/home/grads/g/g.lin/Documents/dad_mocu_kuramoto_v4/experiments/dad_cross_system_improvement/ieee9_T2/selected_policy_robust_rule.json,snap_up(Q_{1-alpha}(U|w) + margin),random
13,173,"[4, 13]","[1.7533591485907316, 1.7338866513698215]",1.04,0.0,1.04,1.04,False,False,False,True,6.6594706622469735,-0.5272817920735108,True,True,18.223134454323887,0.0700657994098759,0.005518830617899532,0.020275298359906054,0.005518830617899532,0.12040771800093353,0,0,0,nan,nan,4.099204670637846e-05,5b4c2191621b1bbc,0.95,0.9,0.05,True,2a35b5c585aa23b1,/home/grads/g/g.lin/Documents/dad_mocu_kuramoto_v4/experiments/dad_cross_system_improvement/ieee9_T2/selected_policy_robust_rule.json,snap_up(Q_{1-alpha}(U|w) + margin),random
14,174,"[22, 44]","[2.3386849146796975, 1.611177125004897]",0.96,0.0,0.96,1.04,True,True,False,True,11.289175671439477,-0.4882397594782111,True,True,4.001370504705385,0.3198840916233856,0.0017326947150491387,0.037190687643559345,0.0017326947150491387,0.12318583601154387,0,0,0,nan,nan,4.7159031964838505e-05,5b4c2191621b1bbc,0.95,0.9,0.05,True,2a35b5c585aa23b1,/home/grads/g/g.lin/Documents/dad_mocu_kuramoto_v4/experiments/dad_cross_system_improvement/ieee9_T2/selected_policy_robust_rule.json,snap_up(Q_{1-alpha}(U|w) + margin),random
15,175,"[52, 19]","[1.7710235277500879, 1.8022159452589726]",0.96,0.0,0.96,1.04,True,True,False,True,4.865198257025479,-0.4643861263860679,True,True,1.0858202129400947,0.9592323050816208,7.298855449992787e-14,2.4164197400273195e-07,7.298855449992787e-14,0.12725032586604357,0,0,0,nan,nan,4.244106821715832e-05,5b4c2191621b1bbc,0.95,0.9,0.05,True,2a35b5c585aa23b1,/home/grads/g/g.lin/Documents/dad_mocu_kuramoto_v4/experiments/dad_cross_system_improvement/ieee9_T2/selected_policy_robust_rule.json,snap_up(Q_{1-alpha}(U|w) + margin),random
16,176,"[45, 4]","[5.050771647538876, 1.9145015291503507]",0.96,0.0,0.96,1.04,True,True,False,True,4.994557111113752,-0.4136654942232219,True,True,1.080888414276349,0.9614717160628159,4.08439556069168e-09,5.716219354959529e-05,4.08439556069168e-09,0.12715541711077094,0,0,0,nan,nan,3.984093200415373e-05,5b4c2191621b1bbc,0.95,0.9,0.05,True,2a35b5c585aa23b1,/home/grads/g/g.lin/Documents/dad_mocu_kuramoto_v4/experiments/dad_cross_system_improvement/ieee9_T2/selected_policy_robust_rule.json,snap_up(Q_{1-alpha}(U|w) + margin),random
17,177,"[15, 8]","[0.8495108379542948, 1.6789619928508572]",0.96,0.0,0.96,1.04,True,True,False,True,6.035206190291975,-0.43805111316733647,True,True,5.6037565767032325,0.2729635231996794,0.002380766444751266,0.04357658075617208,0.002380766444751266,0.13072777399793267,0,0,0,nan,nan,4.4760992750525475e-05,5b4c2191621b1bbc,0.95,0.9,0.05,True,2a35b5c585aa23b1,/home/grads/g/g.lin/Documents/dad_mocu_kuramoto_v4/experiments/dad_cross_system_improvement/ieee9_T2/selected_policy_robust_rule.json,snap_up(Q_{1-alpha}(U|w) + margin),random
18,178,"[30, 19]","[7.918212117780801, 1.7013062418372935]",0.96,0.0,0.96,1.04,True,True,False,True,7.593466986003247,-0.537229057804493,True,True,2.3390351187165046,0.5603681929914875,7.4376734288374e-62,7.713714243521028e-32,7.4376734288374e-62,0.12367754615843296,0,0,0,nan,nan,4.345155321061611e-05,5b4c2191621b1bbc,0.95,0.9,0.05,True,2a35b5c585aa23b1,/home/grads/g/g.lin/Documents/dad_mocu_kuramoto_v4/experiments/dad_cross_system_improvement/ieee9_T2/selected_policy_robust_rule.json,snap_up(Q_{1-alpha}(U|w) + margin),random
19,179,"[12, 45]","[8.211673885357415, 6.282689409573998]",0.96,0.0,0.96,1.04,True,True,False,True,7.927223499490062,-0.5758539531458229,True,True,1.0,1.0,5.398645938000795e-112,2.0782003633915175e-56,5.398645938000795e-112,0.12175225000828505,0,0,0,nan,nan,4.30430518463254e-05,5b4c2191621b1bbc,0.95,0.9,0.05,True,2a35b5c585aa23b1,/home/grads/g/g.lin/Documents/dad_mocu_kuramoto_v4/experiments/dad_cross_system_improvement/ieee9_T2/selected_policy_robust_rule.json,snap_up(Q_{1-alpha}(U|w) + margin),random
20,180,"[46, 12]","[2.5169425457080266, 4.512633172836498]",0.96,0.0,0.96,1.04,True,True,False,True,4.441070130026861,-0.4414910435412835,True,True,1.0184486316188612,0.9908592238170819,4.8869794963582577e-150,8.842605495086396e-76,4.8869794963582577e-150,0.11909071495756507,0,0,0,nan,nan,4.1474588215351105e-05,5b4c2191621b1bbc,0.95,0.9,0.05,True,2a35b5c585aa23b1,/home/grads/g/g.lin/Documents/dad_mocu_kuramoto_v4/experiments/dad_cross_system_improvement/ieee9_T2/selected_policy_robust_rule.json,snap_up(Q_{1-alpha}(U|w) + margin),random
21,181,"[14, 42]","[0.5573585771899345, 1.0825139600187594]",0.96,0.0,0.96,1.04,True,True,False,True,8.061839654099542,-0.5974876731992318,True,True,13.670966940087927,0.13047507715867515,0.0003997854236673761,0.01269419710295953,0.0003997854236673761,0.12658094498328865,0,0,0,nan,nan,4.126993007957935e-05,5b4c2191621b1bbc,0.95,0.9,0.05,True,2a35b5c585aa23b1,/home/grads/g/g.lin/Documents/dad_mocu_kuramoto_v4/experiments/dad_cross_system_improvement/ieee9_T2/selected_policy_robust_rule.json,snap_up(Q_{1-alpha}(U|w) + margin),random
22,182,"[33, 4]","[0.6505844900928329, 1.7624329286641836]",0.96,0.08,0.88,1.04,True,True,False,True,10.694570660003832,-0.6224213041372098,True,True,3.643769750598696,0.44427384775806983,0.0022903096419942142,0.01334088651864388,-0.07770969035800579,0.12584161898121238,0,0,0,nan,nan,4.2242114432156086e-05,5b4c2191621b1bbc,0.95,0.9,0.05,True,2a35b5c585aa23b1,/home/grads/g/g.lin/Documents/dad_mocu_kuramoto_v4/experiments/dad_cross_system_improvement/ieee9_T2/selected_policy_robust_rule.json,snap_up(Q_{1-alpha}(U|w) + margin),random
23,183,"[26, 45]","[1.7787612524432594, 6.48942414996179]",0.96,0.0,0.96,1.04,True,True,False,True,7.166647061352755,-0.4424386866988107,True,True,1.0071969344597678,0.9964143922501174,2.772064910355687e-76,1.4891782728352404e-38,2.772064910355687e-76,0.12679977295920253,0,0,0,nan,nan,4.3087522499263287e-05,5b4c2191621b1bbc,0.95,0.9,0.05,True,2a35b5c585aa23b1,/home/grads/g/g.lin/Documents/dad_mocu_kuramoto_v4/experiments/dad_cross_system_improvement/ieee9_T2/selected_policy_robust_rule.json,snap_up(Q_{1-alpha}(U|w) + margin),random
24,184,"[49, 37]","[2.1301498090985977, 3.584023079068107]",0.96,0.0,0.96,1.04,True,True,False,True,14.85859381051062,-0.44251342840304264,True,True,1.0733648841954557,0.9650383057968199,0.00452611263313902,0.04230588336778383,0.00452611263313902,0.12829577806405723,0,0,0,nan,nan,4.394201096147299e-05,5b4c2191621b1bbc,0.95,0.9,0.05,True,2a35b5c585aa23b1,/home/grads/g/g.lin/Documents/dad_mocu_kuramoto_v4/experiments/dad_cross_system_improvement/ieee9_T2/selected_policy_robust_rule.json,snap_up(Q_{1-alpha}(U|w) + margin),random
25,185,"[9, 4]","[4.257583806935315, 2.6423498642495256]",0.96,0.0,0.96,1.04,True,True,False,True,7.567721659310262,-0.4905580998006619,True,True,1.5616530356501488,0.7650115769395804,1.0504002803275583e-12,3.059820469878702e-07,1.0504002803275583e-12,0.12406937894411385,0,0,0,nan,nan,4.307401832193136e-05,5b4c2191621b1bbc,0.95,0.9,0.05,True,2a35b5c585aa23b1,/home/grads/g/g.lin/Documents/dad_mocu_kuramoto_v4/experiments/dad_cross_system_improvement/ieee9_T2/selected_policy_robust_rule.json,snap_up(Q_{1-alpha}(U|w) + margin),random
26,186,"[48, 2]","[4.350083686586808, 1.286198480315027]",0.96,0.0,0.96,1.04,True,True,False,True,5.782712054204944,-0.4279622217898982,True,True,1.853163736171995,0.7159292208850263,4.962423370411587e-221,2.8177788047784267e-111,4.962423370411587e-221,0.11990664806216955,0,0,0,nan,nan,2.6753521524369717e-05,5b4c2191621b1bbc,0.95,0.9,0.05,True,2a35b5c585aa23b1,/home/grads/g/g.lin/Documents/dad_mocu_kuramoto_v4/experiments/dad_cross_system_improvement/ieee9_T2/selected_policy_robust_rule.json,snap_up(Q_{1-alpha}(U|w) + margin),random
27,187,"[12, 14]","[7.126686615290977, 0.594829452151062]",0.96,0.0,0.96,1.04,True,True,False,True,7.025456035164314,-0.5490581799175094,True,True,1.5208715084552682,0.7809464701144024,1.1920150844434956e-10,4.367177731314233e-06,1.1920150844434956e-10,0.12130800494924188,0,0,0,nan,nan,2.629193477332592e-05,5b4c2191621b1bbc,0.95,0.9,0.05,True,2a35b5c585aa23b1,/home/grads/g/g.lin/Documents/dad_mocu_kuramoto_v4/experiments/dad_cross_system_improvement/ieee9_T2/selected_policy_robust_rule.json,snap_up(Q_{1-alpha}(U|w) + margin),random
28,188,"[26, 9]","[2.2432048869381505, 4.839377749167227]",1.04,0.0,1.04,1.04,False,False,False,True,5.703762572383933,-0.4448476381077385,True,True,3.769596041679777,0.31574162553525,0.024268103381570285,0.03677645236179938,0.024268103381570285,0.12319015408866107,0,0,0,nan,nan,2.635002601891756e-05,5b4c2191621b1bbc,0.95,0.9,0.05,True,2a35b5c585aa23b1,/home/grads/g/g.lin/Documents/dad_mocu_kuramoto_v4/experiments/dad_cross_system_improvement/ieee9_T2/selected_policy_robust_rule.json,snap_up(Q_{1-alpha}(U|w) + margin),random
29,189,"[49, 34]","[1.8297745065710997, 0.5798409471192443]",1.04,0.0,1.04,1.04,False,False,False,True,5.092938611391068,-0.4550093229114643,True,True,15.228424574025563,0.11339144601233689,0.005075354675945547,0.01953246458927752,0.005075354675945547,0.1264762571081519,0,0,0,nan,nan,2.8837937861680984e-05,5b4c2191621b1bbc,0.95,0.9,0.05,True,2a35b5c585aa23b1,/home/grads/g/g.lin/Documents/dad_mocu_kuramoto_v4/experiments/dad_cross_system_improvement/ieee9_T2/selected_policy_robust_rule.json,snap_up(Q_{1-alpha}(U|w) + margin),random
30,190,"[17, 25]","[2.0567349259309275, 0.5481786200710901]",1.04,0.0,1.04,1.04,False,False,False,True,10.528481518189245,-0.40137808526830054,True,True,12.41916573681538,0.15332569740928956,0.015783405148932582,0.04009754665603631,0.015783405148932582,0.12758323992602527,0,0,0,nan,nan,4.8668356612324715e-05,5b4c2191621b1bbc,0.95,0.9,0.05,True,2a35b5c585aa23b1,/home/grads/g/g.lin/Documents/dad_mocu_kuramoto_v4/experiments/dad_cross_system_improvement/ieee9_T2/selected_policy_robust_rule.json,snap_up(Q_{1-alpha}(U|w) + margin),random
31,191,"[8, 31]","[1.4800446944910135, 1.6038121730930508]",0.96,0.0,0.96,1.04,True,True,False,True,11.096443717408796,-0.4453138079500316,True,True,6.163175983672831,0.24351706297607117,1.5521827662157032e-17,1.1143366786803822e-09,1.5521827662157032e-17,0.12748771999031305,0,0,0,nan,nan,4.830199759453535e-05,5b4c2191621b1bbc,0.95,0.9,0.05,True,2a35b5c585aa23b1,/home/grads/g/g.lin/Documents/dad_mocu_kuramoto_v4/experiments/dad_cross_system_improvement/ieee9_T2/selected_policy_robust_rule.json,snap_up(Q_{1-alpha}(U|w) + margin),random
0,192,"[46, 15]","[1.5457797885677091, 0.8443350001515492]",0.96,0.0,0.96,1.04,True,True,False,True,4.948483499689389,-0.42680762448357806,True,True,3.716257672537702,0.33916397974304213,3.663439994296658e-05,0.004332550755368542,3.663439994296658e-05,0.12101784604601562,0,0,0,nan,nan,4.477251786738634e-05,5b4c2191621b1bbc,0.95,0.9,0.05,True,2a35b5c585aa23b1,/home/grads/g/g.lin/Documents/dad_mocu_kuramoto_v4/experiments/dad_cross_system_improvement/ieee9_T2/selected_policy_robust_rule.json,snap_up(Q_{1-alpha}(U|w) + margin),random
1,193,"[27, 52]","[9.81245663499074, 1.9150206895886064]",0.96,0.0,0.96,1.04,True,True,False,True,15.06317443770887,-0.5043849788728458,True,True,1.0001048783832245,0.9999475635709906,0.0,0.0,0.0,0.12046102783642709,0,0,0,nan,nan,4.423852078616619e-05,5b4c2191621b1bbc,0.95,0.9,0.05,True,2a35b5c585aa23b1,/home/grads/g/g.lin/Documents/dad_mocu_kuramoto_v4/experiments/dad_cross_system_improvement/ieee9_T2/selected_policy_robust_rule.json,snap_up(Q_{1-alpha}(U|w) + margin),random
2,194,"[24, 5]","[0.948834841531809, 0.7277541191418623]",1.04,0.0,1.04,1.04,False,False,False,True,8.622302454139804,-0.5032910866263464,True,True,14.978890052249582,0.10847845099375429,0.05228481940935037,0.17181828783520092,0.05228481940935037,0.1211350669618696,0,0,0,nan,nan,4.491768777370453e-05,5b4c2191621b1bbc,0.95,0.9,0.05,True,2a35b5c585aa23b1,/home/grads/g/g.lin/Documents/dad_mocu_kuramoto_v4/experiments/dad_cross_system_improvement/ieee9_T2/selected_policy_robust_rule.json,snap_up(Q_{1-alpha}(U|w) + margin),random
3,195,"[18, 36]","[6.006108357768797, 6.399108975819945]",0.96,0.0,0.96,1.04,True,True,False,True,7.32352426611295,-0.46794511935115835,True,True,1.6965419621174027,0.7114642852677409,1.8610487477923491e-62,1.2201799040444322e-31,1.8610487477923491e-62,0.1281507529783994,0,0,0,nan,nan,4.6476139687001705e-05,5b4c2191621b1bbc,0.95,0.9,0.05,True,2a35b5c585aa23b1,/home/grads/g/g.lin/Documents/dad_mocu_kuramoto_v4/experiments/dad_cross_system_improvement/ieee9_T2/selected_policy_robust_rule.json,snap_up(Q_{1-alpha}(U|w) + margin),random
4,196,"[2, 29]","[1.5877827477231408, 1.8254796684493393]",0.96,0.32,0.6399999999999999,1.04,True,True,False,True,14.43790030192405,-0.6303425473388712,True,True,8.24736086923632,0.15001999463733892,0.0005196634816629004,0.00975755521862883,-0.3194803365183371,0.13031295710243285,0,0,0,nan,nan,4.406156949698925e-05,5b4c2191621b1bbc,0.95,0.9,0.05,True,2a35b5c585aa23b1,/home/grads/g/g.lin/Documents/dad_mocu_kuramoto_v4/experiments/dad_cross_system_improvement/ieee9_T2/selected_policy_robust_rule.json,snap_up(Q_{1-alpha}(U|w) + margin),random
5,197,"[23, 53]","[0.8063148192087201, 1.5356337314365613]",0.96,0.0,0.96,1.04,True,True,False,True,7.781657682970818,-0.4708646840928323,True,True,4.829105139534909,0.3445815041156128,9.850028444841187e-05,0.008876399896200234,9.850028444841187e-05,0.12769709690473974,0,0,0,nan,nan,4.6563451178371906e-05,5b4c2191621b1bbc,0.95,0.9,0.05,True,2a35b5c585aa23b1,/home/grads/g/g.lin/Documents/dad_mocu_kuramoto_v4/experiments/dad_cross_system_improvement/ieee9_T2/selected_policy_robust_rule.json,snap_up(Q_{1-alpha}(U|w) + margin),random
6,198,"[42, 51]","[1.1926810965995331, 1.0654938221167913]",1.2,0.0,1.2,1.04,True,False,True,True,8.961007936194259,-0.4232785896635221,True,True,10.317145231237497,0.14936350550629,0.0577601653155961,0.1405365238340891,0.0577601653155961,0.12828520312905312,0,0,0,nan,nan,2.6276451535522938e-05,5b4c2191621b1bbc,0.95,0.9,0.05,True,2a35b5c585aa23b1,/home/grads/g/g.lin/Documents/dad_mocu_kuramoto_v4/experiments/dad_cross_system_improvement/ieee9_T2/selected_policy_robust_rule.json,snap_up(Q_{1-alpha}(U|w) + margin),random
7,199,"[4, 26]","[2.157670485845343, 2.4497238034419047]",0.96,0.0,0.96,1.04,True,True,False,True,6.7167035922084795,-0.5188197683811446,True,True,4.32030218759584,0.3174115875170669,2.018253191698285e-07,0.00016894702315619286,2.018253191698285e-07,0.11803329805843532,0,0,0,nan,nan,2.7159927412867546e-05,5b4c2191621b1bbc,0.95,0.9,0.05,True,2a35b5c585aa23b1,/home/grads/g/g.lin/Documents/dad_mocu_kuramoto_v4/experiments/dad_cross_system_improvement/ieee9_T2/selected_policy_robust_rule.json,snap_up(Q_{1-alpha}(U|w) + margin),random
8,200,"[36, 23]","[3.4154003084330835, 0.5039181623533932]",0.96,0.0,0.96,1.04,True,True,False,True,5.6780854999992,-0.4176225122407299,True,True,4.447605745490726,0.3511153126825057,8.087514877633141e-08,0.00015732637098973956,8.087514877633141e-08,0.12278783693909645,0,0,0,nan,nan,2.613244578242302e-05,5b4c2191621b1bbc,0.95,0.9,0.05,True,2a35b5c585aa23b1,/home/grads/g/g.lin/Documents/dad_mocu_kuramoto_v4/experiments/dad_cross_system_improvement/ieee9_T2/selected_policy_robust_rule.json,snap_up(Q_{1-alpha}(U|w) + margin),random
9,201,"[21, 18]","[4.644642469757268, 6.731891875048178]",0.96,0.0,0.96,1.04,True,True,False,True,7.851977293620081,-0.44642008555349066,True,True,1.0000109799290107,0.9999945100656343,0.0,0.0,0.0,0.11994723719544709,0,0,0,nan,nan,2.6180059649050236e-05,5b4c2191621b1bbc,0.95,0.9,0.05,True,2a35b5c585aa23b1,/home/grads/g/g.lin/Documents/dad_mocu_kuramoto_v4/experiments/dad_cross_system_improvement/ieee9_T2/selected_policy_robust_rule.json,snap_up(Q_{1-alpha}(U|w) + margin),random
10,202,"[0, 10]","[3.952821806956029, 3.021611240342537]",1.2,0.0,1.2,1.04,True,False,True,True,8.432532617569672,-0.42983493606655837,True,True,1.0081545608054736,0.9959432075772097,0.39850859910220887,0.0235013816541614,0.39850859910220887,0.12428531283512712,0,0,0,nan,nan,2.8315000236034393e-05,5b4c2191621b1bbc,0.95,0.9,0.05,True,2a35b5c585aa23b1,/home/grads/g/g.lin/Documents/dad_mocu_kuramoto_v4/experiments/dad_cross_system_improvement/ieee9_T2/selected_policy_robust_rule.json,snap_up(Q_{1-alpha}(U|w) + margin),random
11,203,"[52, 36]","[0.9012696273795991, 3.8895608410376235]",1.2,0.0,1.2,1.04,True,False,True,True,4.804737751317328,-0.36068195717199253,True,True,2.642901011672081,0.5093772982699623,0.23550446450811027,0.17636286435020077,0.23550446450811027,0.1288487350102514,0,0,0,nan,nan,2.7967500500380993e-05,5b4c2191621b1bbc,0.95,0.9,0.05,True,2a35b5c585aa23b1,/home/grads/g/g.lin/Documents/dad_mocu_kuramoto_v4/experiments/dad_cross_system_improvement/ieee9_T2/selected_policy_robust_rule.json,snap_up(Q_{1-alpha}(U|w) + margin),random
12,204,"[5, 48]","[0.5082727696080365, 6.884402260541793]",0.96,0.0,0.96,1.04,True,True,False,True,6.751568902381649,-0.5297100728691743,True,True,1.515427177305314,0.8055484212569705,0.0076834603877577465,0.034209912284468035,0.0076834603877577465,0.1311871949583292,0,0,0,nan,nan,4.6730972826480865e-05,5b4c2191621b1bbc,0.95,0.9,0.05,True,2a35b5c585aa23b1,/home/grads/g/g.lin/Documents/dad_mocu_kuramoto_v4/experiments/dad_cross_system_improvement/ieee9_T2/selected_policy_robust_rule.json,snap_up(Q_{1-alpha}(U|w) + margin),random
13,205,"[42, 25]","[1.121281510082736, 0.9059738556121923]",1.2,0.0,1.2,1.04,True,False,True,True,6.538488181017531,-0.49466991770062996,True,True,3.911918315744147,0.32950468356489193,0.05398318402524539,0.13760524655108206,0.05398318402524539,0.12866694713011384,0,0,0,nan,nan,4.32479428127408e-05,5b4c2191621b1bbc,0.95,0.9,0.05,True,2a35b5c585aa23b1,/home/grads/g/g.lin/Documents/dad_mocu_kuramoto_v4/experiments/dad_cross_system_improvement/ieee9_T2/selected_policy_robust_rule.json,snap_up(Q_{1-alpha}(U|w) + margin),random
14,206,"[14, 49]","[1.2548167090491644, 2.364450867486219]",0.96,0.0,0.96,1.04,True,True,False,True,11.289175671439477,-0.4882397594782111,True,True,2.4845563564951334,0.488452600670448,1.343754060492541e-06,0.0010134788098749876,1.343754060492541e-06,0.12456642789766192,0,0,0,nan,nan,4.3225125409662724e-05,5b4c2191621b1bbc,0.95,0.9,0.05,True,2a35b5c585aa23b1,/home/grads/g/g.lin/Documents/dad_mocu_kuramoto_v4/experiments/dad_cross_system_improvement/ieee9_T2/selected_policy_robust_rule.json,snap_up(Q_{1-alpha}(U|w) + margin),random
15,207,"[38, 12]","[1.1207839234159525, 4.869790184616233]",0.96,0.0,0.96,1.04,True,True,False,True,4.865198257025479,-0.4643861263860679,True,True,1.5209248289123471,0.7868619976146419,1.5302502855281556e-133,1.5647365455069583e-67,1.5302502855281556e-133,0.12263220991007984,0,0,0,nan,nan,4.244700539857149e-05,5b4c2191621b1bbc,0.95,0.9,0.05,True,2a35b5c585aa23b1,/home/grads/g/g.lin/Documents/dad_mocu_kuramoto_v4/experiments/dad_cross_system_improvement/ieee9_T2/selected_policy_robust_rule.json,snap_up(Q_{1-alpha}(U|w) + margin),random
16,208,"[11, 15]","[1.9221086387854838, 0.7862356807762028]",1.04,0.0,1.04,1.04,False,False,False,True,4.994557111113752,-0.402282722457645,True,True,2.2324262524558582,0.5973272717924586,0.022906811685929954,0.036163834327662216,0.022906811685929954,0.12108278996311128,0,0,0,nan,nan,4.333758261054754e-05,5b4c2191621b1bbc,0.95,0.9,0.05,True,2a35b5c585aa23b1,/home/grads/g/g.lin/Documents/dad_mocu_kuramoto_v4/experiments/dad_cross_system_improvement/ieee9_T2/selected_policy_robust_rule.json,snap_up(Q_{1-alpha}(U|w) + margin),random
17,209,"[11, 51]","[1.1247686352587876, 0.6441541351487602]",1.04,0.0,1.04,1.04,False,False,False,True,6.010331476012954,-0.42707610054356576,True,True,9.738110528937037,0.1785985016164756,0.019669524007642828,0.07114390325241712,0.019669524007642828,0.1276991891209036,0,0,0,nan,nan,4.424189683049917e-05,5b4c2191621b1bbc,0.95,0.9,0.05,True,2a35b5c585aa23b1,/home/grads/g/g.lin/Documents/dad_mocu_kuramoto_v4/experiments/dad_cross_system_improvement/ieee9_T2/selected_policy_robust_rule.json,snap_up(Q_{1-alpha}(U|w) + margin),random
18,210,"[22, 49]","[3.0510082255807927, 3.061582160494739]",0.96,0.0,0.96,1.04,True,True,False,True,7.593466986003247,-0.537229057804493,True,True,1.5794504852652815,0.7809520686211817,9.090876676610751e-29,8.528013422873947e-15,9.090876676610751e-29,0.12916401191614568,0,0,0,nan,nan,4.382256884127855e-05,5b4c2191621b1bbc,0.95,0.9,0.05,True,2a35b5c585aa23b1,/home/grads/g/g.lin/Documents/dad_mocu_kuramoto_v4/experiments/dad_cross_system_improvement/ieee9_T2/selected_policy_robust_rule.json,snap_up(Q_{1-alpha}(U|w) + margin),random
19,211,"[10, 28]","[1.6723201296740209, 1.8866951377146262]",0.96,0.0,0.96,1.04,True,True,False,True,7.927223499490062,-0.5758539531458229,True,True,5.977943046511235,0.23724198675359812,0.0004298786350666177,0.018051214257634896,0.0004298786350666177,0.12976089515723288,0,0,0,nan,nan,4.32794913649559e-05,5b4c2191621b1bbc,0.95,0.9,0.05,True,2a35b5c585aa23b1,/home/grads/g/g.lin/Documents/dad_mocu_kuramoto_v4/experiments/dad_cross_system_improvement/ieee9_T2/selected_policy_robust_rule.json,snap_up(Q_{1-alpha}(U|w) + margin),random
20,212,"[45, 29]","[3.8160995181800708, 2.5196798279698847]",0.96,0.0,0.96,1.04,True,True,False,True,4.441070130026861,-0.4414910435412835,True,True,1.0114087554686177,0.9943321531979764,4.875117859446232e-11,2.7928817647642277e-06,4.875117859446232e-11,0.13091836008243263,0,0,0,nan,nan,4.299241118133068e-05,5b4c2191621b1bbc,0.95,0.9,0.05,True,2a35b5c585aa23b1,/home/grads/g/g.lin/Documents/dad_mocu_kuramoto_v4/experiments/dad_cross_system_improvement/ieee9_T2/selected_policy_robust_rule.json,snap_up(Q_{1-alpha}(U|w) + margin),random
21,213,"[7, 19]","[0.87128614088651, 1.4476531361742617]",1.2,0.0,1.2,1.04,True,False,True,True,7.880025854685051,-0.5549886265511482,True,True,6.818448258197419,0.2803329584652984,0.08275485708345674,0.24338806992753073,0.08275485708345674,0.12002777401357889,0,0,0,nan,nan,4.428043030202389e-05,5b4c2191621b1bbc,0.95,0.9,0.05,True,2a35b5c585aa23b1,/home/grads/g/g.lin/Documents/dad_mocu_kuramoto_v4/experiments/dad_cross_system_improvement/ieee9_T2/selected_policy_robust_rule.json,snap_up(Q_{1-alpha}(U|w) + margin),random
22,214,"[52, 1]","[0.7334901835188424, 2.975605185019132]",1.2,0.08,1.1199999999999999,1.04,True,False,True,True,10.694570660003832,-0.5629297311380346,True,True,2.135857437186919,0.6505471946643792,0.07603679707216222,0.14675642459109692,-0.003963202927837778,0.12312655500136316,0,0,0,nan,nan,4.069798160344362e-05,5b4c2191621b1bbc,0.95,0.9,0.05,True,2a35b5c585aa23b1,/home/grads/g/g.lin/Documents/dad_mocu_kuramoto_v4/experiments/dad_cross_system_improvement/ieee9_T2/selected_policy_robust_rule.json,snap_up(Q_{1-alpha}(U|w) + margin),random
23,215,"[14, 20]","[0.5926524389533465, 2.4006568471480474]",0.96,0.0,0.96,1.04,True,True,False,True,7.166647061352755,-0.4424386866988107,True,True,6.56468655117866,0.22676889648423776,1.129295307071577e-09,9.509245981257608e-06,1.129295307071577e-09,0.12305186782032251,0,0,0,nan,nan,4.547415301203728e-05,5b4c2191621b1bbc,0.95,0.9,0.05,True,2a35b5c585aa23b1,/home/grads/g/g.lin/Documents/dad_mocu_kuramoto_v4/experiments/dad_cross_system_improvement/ieee9_T2/selected_policy_robust_rule.json,snap_up(Q_{1-alpha}(U|w) + margin),random
24,216,"[11, 53]","[1.4893335237733134, 1.7251412933087666]",0.96,0.0,0.96,1.04,True,True,False,True,14.85859381051062,-0.44251342840304264,True,True,9.834419981644404,0.14780825258559127,0.007504601308709193,0.07711912336737492,0.007504601308709193,0.12394804880023003,0,0,0,nan,nan,4.219100810587406e-05,5b4c2191621b1bbc,0.95,0.9,0.05,True,2a35b5c585aa23b1,/home/grads/g/g.lin/Documents/dad_mocu_kuramoto_v4/experiments/dad_cross_system_improvement/ieee9_T2/selected_policy_robust_rule.json,snap_up(Q_{1-alpha}(U|w) + margin),random
25,217,"[35, 26]","[1.366124240573412, 1.2784984033436197]",0.96,0.0,0.96,1.04,True,True,False,True,7.567721659310262,-0.4905580998006619,True,True,4.251750726160756,0.3243691575714802,2.6908066533474134e-20,1.4671896001123818e-10,2.6908066533474134e-20,0.12935967999510467,0,0,0,nan,nan,4.2518600821495056e-05,5b4c2191621b1bbc,0.95,0.9,0.05,True,2a35b5c585aa23b1,/home/grads/g/g.lin/Documents/dad_mocu_kuramoto_v4/experiments/dad_cross_system_improvement/ieee9_T2/selected_policy_robust_rule.json,snap_up(Q_{1-alpha}(U|w) + margin),random
26,218,"[10, 43]","[1.444628597745638, 0.9320058008049978]",1.2,0.0,1.2,1.04,True,False,True,True,8.095985907167934,-0.3997692338604017,True,True,9.927458267357201,0.19189357182547434,0.07381940292503744,0.2315002425909513,0.07381940292503744,0.12968660797923803,0,0,0,nan,nan,4.213489592075348e-05,5b4c2191621b1bbc,0.95,0.9,0.05,True,2a35b5c585aa23b1,/home/grads/g/g.lin/Documents/dad_mocu_kuramoto_v4/experiments/dad_cross_system_improvement/ieee9_T2/selected_policy_robust_rule.json,snap_up(Q_{1-alpha}(U|w) + margin),random
27,219,"[7, 9]","[0.8199676637158195, 4.458611401898653]",0.96,0.0,0.96,1.04,True,True,False,True,7.025456035164314,-0.5490581799175094,True,True,2.045672681038588,0.6185029488703757,0.0031411253692858374,0.0155378856599212,0.0031411253692858374,0.13045916007831693,0,0,0,nan,nan,4.137097857892513e-05,5b4c2191621b1bbc,0.95,0.9,0.05,True,2a35b5c585aa23b1,/home/grads/g/g.lin/Documents/dad_mocu_kuramoto_v4/experiments/dad_cross_system_improvement/ieee9_T2/selected_policy_robust_rule.json,snap_up(Q_{1-alpha}(U|w) + margin),random
28,220,"[23, 39]","[0.5442773241570107, 5.893232233195437]",0.96,0.0,0.96,1.04,True,True,False,True,5.7239781922246245,-0.455039528164657,True,True,2.9875511417136775,0.5332001473733775,6.359586639374904e-23,3.189880659679896e-12,6.359586639374904e-23,0.1189312650822103,0,0,0,nan,nan,4.2195082642138004e-05,5b4c2191621b1bbc,0.95,0.9,0.05,True,2a35b5c585aa23b1,/home/grads/g/g.lin/Documents/dad_mocu_kuramoto_v4/experiments/dad_cross_system_improvement/ieee9_T2/selected_policy_robust_rule.json,snap_up(Q_{1-alpha}(U|w) + margin),random
29,221,"[43, 31]","[0.5333201033179789, 1.9559485666410028]",0.96,0.0,0.96,1.04,True,True,False,True,5.092938611391068,-0.4656964508287679,True,True,9.129331533890582,0.14564660410751637,0.00032782629616888795,0.005448656525449265,0.00032782629616888795,0.12456180201843381,0,0,0,nan,nan,4.1382503695786e-05,5b4c2191621b1bbc,0.95,0.9,0.05,True,2a35b5c585aa23b1,/home/grads/g/g.lin/Documents/dad_mocu_kuramoto_v4/experiments/dad_cross_system_improvement/ieee9_T2/selected_policy_robust_rule.json,snap_up(Q_{1-alpha}(U|w) + margin),random
30,222,"[26, 53]","[2.014005125981787, 1.3822488254528655]",0.96,0.0,0.96,1.04,True,True,False,True,10.528481518189245,-0.4126299402114316,True,True,1.2812584923313743,0.8789586297326526,1.2969070846917028e-05,0.003221038325878551,1.2969070846917028e-05,0.11885594995692372,0,0,0,nan,nan,4.2950501665472984e-05,5b4c2191621b1bbc,0.95,0.9,0.05,True,2a35b5c585aa23b1,/home/grads/g/g.lin/Documents/dad_mocu_kuramoto_v4/experiments/dad_cross_system_improvement/ieee9_T2/selected_policy_robust_rule.json,snap_up(Q_{1-alpha}(U|w) + margin),random
31,223,"[12, 17]","[5.569775686468234, 1.6182707767896358]",0.96,0.0,0.96,1.04,True,True,False,True,11.096443717408796,-0.4453138079500316,True,True,1.0298689735630435,0.9853202765513138,1.2085228485713734e-42,4.397313449953503e-22,1.2085228485713734e-42,0.12787547591142356,0,0,0,nan,nan,4.6395580284297466e-05,5b4c2191621b1bbc,0.95,0.9,0.05,True,2a35b5c585aa23b1,/home/grads/g/g.lin/Documents/dad_mocu_kuramoto_v4/experiments/dad_cross_system_improvement/ieee9_T2/selected_policy_robust_rule.json,snap_up(Q_{1-alpha}(U|w) + margin),random
0,224,"[47, 24]","[3.6815485187755086, 0.8274575627703602]",0.96,0.0,0.96,1.04,True,True,False,True,4.948483499689389,-0.42680762448357806,True,True,2.5594027549999145,0.4737395869240372,5.791827260853009e-57,2.1525477482932654e-29,5.791827260853009e-57,0.12798403995111585,0,0,0,nan,nan,2.738647162914276e-05,5b4c2191621b1bbc,0.95,0.9,0.05,True,2a35b5c585aa23b1,/home/grads/g/g.lin/Documents/dad_mocu_kuramoto_v4/experiments/dad_cross_system_improvement/ieee9_T2/selected_policy_robust_rule.json,snap_up(Q_{1-alpha}(U|w) + margin),random
1,225,"[42, 14]","[0.9708830352390088, 0.5996863975772732]",0.96,0.0,0.96,1.04,True,True,False,True,15.06317443770887,-0.5043849788728458,True,True,18.628471224376582,0.09712455632170768,0.00045248207658664445,0.01696566659127567,0.00045248207658664445,0.12490508309565485,0,0,0,nan,nan,2.504698932170868e-05,5b4c2191621b1bbc,0.95,0.9,0.05,True,2a35b5c585aa23b1,/home/grads/g/g.lin/Documents/dad_mocu_kuramoto_v4/experiments/dad_cross_system_improvement/ieee9_T2/selected_policy_robust_rule.json,snap_up(Q_{1-alpha}(U|w) + margin),random
2,226,"[26, 40]","[2.366198182706519, 2.4581186220320967]",0.96,0.0,0.96,1.04,True,True,False,True,8.622302454139804,-0.5151064628816457,True,True,3.641331127927924,0.420285384777181,0.00021088420170777743,0.004139932764594887,0.00021088420170777743,0.12748215603642166,0,0,0,nan,nan,2.423045225441456e-05,5b4c2191621b1bbc,0.95,0.9,0.05,True,2a35b5c585aa23b1,/home/grads/g/g.lin/Documents/dad_mocu_kuramoto_v4/experiments/dad_cross_system_improvement/ieee9_T2/selected_policy_robust_rule.json,snap_up(Q_{1-alpha}(U|w) + margin),random
3,227,"[39, 3]","[5.906289096313991, 6.020930748576311]",0.96,0.0,0.96,1.04,True,True,False,True,7.32352426611295,-0.46794511935115835,True,True,4.2387104025155296,0.36680864993185763,4.1772805733728344e-32,8.175358657206751e-17,4.1772805733728344e-32,0.11865552701056004,0,0,0,nan,nan,2.382404636591673e-05,5b4c2191621b1bbc,0.95,0.9,0.05,True,2a35b5c585aa23b1,/home/grads/g/g.lin/Documents/dad_mocu_kuramoto_v4/experiments/dad_cross_system_improvement/ieee9_T2/selected_policy_robust_rule.json,snap_up(Q_{1-alpha}(U|w) + margin),random
4,228,"[51, 38]","[0.7490714087628564, 2.0383947832140783]",0.96,0.32,0.6399999999999999,1.04,True,True,False,True,14.43790030192405,-0.6303425473388712,True,True,4.452227614005253,0.4110802399342668,0.00383169309081764,0.017091817299299747,-0.31616830690918235,0.12118157604709268,0,0,0,nan,nan,2.6235589757561684e-05,5b4c2191621b1bbc,0.95,0.9,0.05,True,2a35b5c585aa23b1,/home/grads/g/g.lin/Documents/dad_mocu_kuramoto_v4/experiments/dad_cross_system_improvement/ieee9_T2/selected_policy_robust_rule.json,snap_up(Q_{1-alpha}(U|w) + margin),random
5,229,"[16, 45]","[0.6395807528884069, 5.382995139706329]",0.96,0.0,0.96,1.04,True,True,False,True,7.781657682970818,-0.4708646840928323,True,True,3.1453391910521398,0.4400821913840274,4.879759279292469e-08,0.0001975805452293689,4.879759279292469e-08,0.11959790508262813,0,0,0,nan,nan,2.640392631292343e-05,5b4c2191621b1bbc,0.95,0.9,0.05,True,2a35b5c585aa23b1,/home/grads/g/g.lin/Documents/dad_mocu_kuramoto_v4/experiments/dad_cross_system_improvement/ieee9_T2/selected_policy_robust_rule.json,snap_up(Q_{1-alpha}(U|w) + margin),random
6,230,"[15, 13]","[1.6202228930334934, 1.188411783907986]",0.96,0.0,0.96,1.04,True,True,False,True,8.961007936194259,-0.4384225536353909,True,True,1.7530210448644656,0.7089594872656718,5.803037222651506e-18,1.5228069004763953e-09,5.803037222651506e-18,0.1283065730240196,0,0,0,nan,nan,2.7002068236470222e-05,5b4c2191621b1bbc,0.95,0.9,0.05,True,2a35b5c585aa23b1,/home/grads/g/g.lin/Documents/dad_mocu_kuramoto_v4/experiments/dad_cross_system_improvement/ieee9_T2/selected_policy_robust_rule.json,snap_up(Q_{1-alpha}(U|w) + margin),random
7,231,"[14, 20]","[0.6988724455382137, 2.342096721501648]",0.96,0.0,0.96,1.04,True,True,False,True,6.7167035922084795,-0.5188197683811446,True,True,6.047480192038313,0.24274863061332289,2.609220604649842e-07,0.0001446613174389011,2.609220604649842e-07,0.12761170603334904,0,0,0,nan,nan,2.4708453565835953e-05,5b4c2191621b1bbc,0.95,0.9,0.05,True,2a35b5c585aa23b1,/home/grads/g/g.lin/Documents/dad_mocu_kuramoto_v4/experiments/dad_cross_system_improvement/ieee9_T2/selected_policy_robust_rule.json,snap_up(Q_{1-alpha}(U|w) + margin),random
8,232,"[0, 19]","[3.3159251975129593, 2.2999377066464706]",0.96,0.0,0.96,1.04,True,True,False,True,5.6780854999992,-0.4176225122407299,True,True,1.0093418155838183,0.9953516909306336,2.9720373939404164e-05,0.0021804532853692176,2.9720373939404164e-05,0.12707952805794775,0,0,0,nan,nan,2.570054493844509e-05,5b4c2191621b1bbc,0.95,0.9,0.05,True,2a35b5c585aa23b1,/home/grads/g/g.lin/Documents/dad_mocu_kuramoto_v4/experiments/dad_cross_system_improvement/ieee9_T2/selected_policy_robust_rule.json,snap_up(Q_{1-alpha}(U|w) + margin),random
9,233,"[41, 47]","[0.5972775581286958, 3.039637564524919]",0.96,0.0,0.96,1.04,True,True,False,True,7.851977293620081,-0.44642008555349066,True,True,2.7511660179499717,0.5730141494920412,4.3021728988142633e-16,5.8666716570370075e-09,4.3021728988142633e-16,0.1271192899439484,0,0,0,nan,nan,2.4721957743167877e-05,5b4c2191621b1bbc,0.95,0.9,0.05,True,2a35b5c585aa23b1,/home/grads/g/g.lin/Documents/dad_mocu_kuramoto_v4/experiments/dad_cross_system_improvement/ieee9_T2/selected_policy_robust_rule.json,snap_up(Q_{1-alpha}(U|w) + margin),random
10,234,"[41, 8]","[0.7402979302300532, 1.9569211603910681]",1.12,0.0,1.12,1.04,True,False,True,True,7.629411631135268,-0.44009127712806334,True,True,10.554950894753933,0.16139091253311966,0.05062114808962115,0.15735929475524763,0.05062114808962115,0.11980820307508111,0,0,0,nan,nan,2.5795423425734043e-05,5b4c2191621b1bbc,0.95,0.9,0.05,True,2a35b5c585aa23b1,/home/grads/g/g.lin/Documents/dad_mocu_kuramoto_v4/experiments/dad_cross_system_improvement/ieee9_T2/selected_policy_robust_rule.json,snap_up(Q_{1-alpha}(U|w) + margin),random
11,235,"[23, 49]","[0.8529994534437219, 1.6878542234849643]",1.04,0.0,1.04,1.04,False,False,False,True,4.230616477164836,-0.3850599968745595,True,True,2.457730749178728,0.4862871114578193,0.03895793928321757,0.04020577844644074,0.03895793928321757,0.1242702619638294,0,0,0,nan,nan,2.5904038920998573e-05,5b4c2191621b1bbc,0.95,0.9,0.05,True,2a35b5c585aa23b1,/home/grads/g/g.lin/Documents/dad_mocu_kuramoto_v4/experiments/dad_cross_system_improvement/ieee9_T2/selected_policy_robust_rule.json,snap_up(Q_{1-alpha}(U|w) + margin),random
12,236,"[45, 4]","[3.0959807590845614, 2.2556825164807073]",0.96,0.0,0.96,1.04,True,True,False,True,6.751568902381649,-0.5297100728691743,True,True,1.4023406620553547,0.8338259919549206,2.891055276734016e-10,4.809215583959193e-06,2.891055276734016e-10,0.11834329785779119,0,0,0,nan,nan,2.7575879357755184e-05,5b4c2191621b1bbc,0.95,0.9,0.05,True,2a35b5c585aa23b1,/home/grads/g/g.lin/Documents/dad_mocu_kuramoto_v4/experiments/dad_cross_system_improvement/ieee9_T2/selected_policy_robust_rule.json,snap_up(Q_{1-alpha}(U|w) + margin),random
13,237,"[7, 1]","[0.9297445748420137, 1.5976508870075576]",1.2,0.0,1.2,1.04,True,False,True,True,6.538488181017531,-0.49466991770062996,True,True,4.18719691385536,0.3264908262713001,0.18594443587560938,0.3378532279048363,0.18594443587560938,0.12736030714586377,0,0,0,nan,nan,2.5542452931404114e-05,5b4c2191621b1bbc,0.95,0.9,0.05,True,2a35b5c585aa23b1,/home/grads/g/g.lin/Documents/dad_mocu_kuramoto_v4/experiments/dad_cross_system_improvement/ieee9_T2/selected_policy_robust_rule.json,snap_up(Q_{1-alpha}(U|w) + margin),random
14,238,"[51, 43]","[0.4724219108647084, 0.6452177598925912]",1.04,0.0,1.04,1.04,False,False,False,True,11.289175671439477,-0.4704995462006036,True,True,6.2383147417451426,0.23200154153012947,0.00517539236333576,0.024218397014396202,0.00517539236333576,0.1283368340227753,0,0,0,nan,nan,2.707703970372677e-05,5b4c2191621b1bbc,0.95,0.9,0.05,True,2a35b5c585aa23b1,/home/grads/g/g.lin/Documents/dad_mocu_kuramoto_v4/experiments/dad_cross_system_improvement/ieee9_T2/selected_policy_robust_rule.json,snap_up(Q_{1-alpha}(U|w) + margin),random
15,239,"[39, 3]","[4.789541618668483, 4.745560909064781]",0.96,0.0,0.96,1.04,True,True,False,True,4.865198257025479,-0.4643861263860679,True,True,4.371312454817684,0.30053927385222534,1.9903705354468575e-238,5.643219698642764e-120,1.9903705354468575e-238,0.12773516913875937,0,0,0,nan,nan,4.628149326890707e-05,5b4c2191621b1bbc,0.95,0.9,0.05,True,2a35b5c585aa23b1,/home/grads/g/g.lin/Documents/dad_mocu_kuramoto_v4/experiments/dad_cross_system_improvement/ieee9_T2/selected_policy_robust_rule.json,snap_up(Q_{1-alpha}(U|w) + margin),random
16,240,"[2, 31]","[2.2097216260735784, 1.8666056419517636]",0.96,0.0,0.96,1.04,True,True,False,True,4.994557111113752,-0.4136654942232219,True,True,2.9164439127822908,0.5313123655328998,1.1078651639856528e-06,0.00029770462522762513,1.1078651639856528e-06,0.12235126690939069,0,0,0,nan,nan,3.360502887517214e-05,5b4c2191621b1bbc,0.95,0.9,0.05,True,2a35b5c585aa23b1,/home/grads/g/g.lin/Documents/dad_mocu_kuramoto_v4/experiments/dad_cross_system_improvement/ieee9_T2/selected_policy_robust_rule.json,snap_up(Q_{1-alpha}(U|w) + margin),random
17,241,"[9, 28]","[3.6497274719803943, 3.804527234151403]",0.96,0.0,0.96,1.04,True,True,False,True,6.035206190291975,-0.43805111316733647,True,True,1.0000000000242342,0.9999999999878828,1.1505971324390768e-16,6.741563359923299e-09,1.1505971324390768e-16,0.12211444904096425,0,0,0,nan,nan,2.7963542379438877e-05,5b4c2191621b1bbc,0.95,0.9,0.05,True,2a35b5c585aa23b1,/home/grads/g/g.lin/Documents/dad_mocu_kuramoto_v4/experiments/dad_cross_system_improvement/ieee9_T2/selected_policy_robust_rule.json,snap_up(Q_{1-alpha}(U|w) + margin),random
18,242,"[5, 47]","[0.7944048134389391, 2.098497409149628]",0.96,0.0,0.96,1.04,True,True,False,True,7.593466986003247,-0.537229057804493,True,True,3.241236139045473,0.496356260947069,0.0036958354161809232,0.02680999685227652,0.0036958354161809232,0.12044081487692893,0,0,0,nan,nan,3.117544110864401e-05,5b4c2191621b1bbc,0.95,0.9,0.05,True,2a35b5c585aa23b1,/home/grads/g/g.lin/Documents/dad_mocu_kuramoto_v4/experiments/dad_cross_system_improvement/ieee9_T2/selected_policy_robust_rule.json,snap_up(Q_{1-alpha}(U|w) + margin),random
19,243,"[36, 35]","[6.066996415249857, 2.710380192136478]",0.96,0.0,0.96,1.04,True,True,False,True,7.927223499490062,-0.5758539531458229,True,True,1.0000001737328723,0.9999999131335715,2.2622940468092923e-44,1.3453011697933792e-22,2.2622940468092923e-44,0.12082723597995937,0,0,0,nan,nan,2.7938513085246086e-05,5b4c2191621b1bbc,0.95,0.9,0.05,True,2a35b5c585aa23b1,/home/grads/g/g.lin/Documents/dad_mocu_kuramoto_v4/experiments/dad_cross_system_improvement/ieee9_T2/selected_policy_robust_rule.json,snap_up(Q_{1-alpha}(U|w) + margin),random
20,244,"[42, 53]","[0.6628347541191175, 1.5115073413165108]",0.96,0.0,0.96,1.04,True,True,False,True,4.441070130026861,-0.4414910435412835,True,True,3.2411058450060106,0.45378770518608635,3.48984783283845e-06,0.0016708877654238175,3.48984783283845e-06,0.12560472404584289,0,0,0,nan,nan,2.738949842751026e-05,5b4c2191621b1bbc,0.95,0.9,0.05,True,2a35b5c585aa23b1,/home/grads/g/g.lin/Documents/dad_mocu_kuramoto_v4/experiments/dad_cross_system_improvement/ieee9_T2/selected_policy_robust_rule.json,snap_up(Q_{1-alpha}(U|w) + margin),random
21,245,"[42, 36]","[0.9616655020682775, 5.084858758185722]",0.96,0.0,0.96,1.04,True,True,False,True,8.061839654099542,-0.5974876731992318,True,True,2.2240155417150795,0.6421825915383153,0.03093334935128426,0.15423944819318697,0.03093334935128426,0.12767100101336837,0,0,0,nan,nan,2.593838144093752e-05,5b4c2191621b1bbc,0.95,0.9,0.05,True,2a35b5c585aa23b1,/home/grads/g/g.lin/Documents/dad_mocu_kuramoto_v4/experiments/dad_cross_system_improvement/ieee9_T2/selected_policy_robust_rule.json,snap_up(Q_{1-alpha}(U|w) + margin),random
22,246,"[11, 18]","[1.6126540605696378, 9.664251667285644]",0.96,0.08,0.88,1.04,True,True,False,True,10.694570660003832,-0.6224213041372098,True,True,1.0000969272697127,0.9999515387787357,0.0,0.0,-0.08,0.12519779382273555,0,0,0,nan,nan,2.3308093659579754e-05,5b4c2191621b1bbc,0.95,0.9,0.05,True,2a35b5c585aa23b1,/home/grads/g/g.lin/Documents/dad_mocu_kuramoto_v4/experiments/dad_cross_system_improvement/ieee9_T2/selected_policy_robust_rule.json,snap_up(Q_{1-alpha}(U|w) + margin),random
23,247,"[21, 50]","[7.342270718639181, 0.6870434103041708]",0.96,0.0,0.96,1.04,True,True,False,True,7.166647061352755,-0.4424386866988107,True,True,2.0457659083607846,0.6577662694305649,2.5049907426695475e-21,2.00199530176054e-11,2.5049907426695475e-21,0.12502997694537044,0,0,0,nan,nan,2.3647909983992577e-05,5b4c2191621b1bbc,0.95,0.9,0.05,True,2a35b5c585aa23b1,/home/grads/g/g.lin/Documents/dad_mocu_kuramoto_v4/experiments/dad_cross_system_improvement/ieee9_T2/selected_policy_robust_rule.json,snap_up(Q_{1-alpha}(U|w) + margin),random
24,248,"[36, 4]","[11.692887013761661, 2.149622671438463]",0.96,0.0,0.96,1.04,True,True,False,True,14.85859381051062,-0.44251342840304264,True,True,1.000000000000083,0.9999999999999585,0.0,0.0,0.0,0.12024855497293174,0,0,0,nan,nan,2.4774461053311825e-05,5b4c2191621b1bbc,0.95,0.9,0.05,True,2a35b5c585aa23b1,/home/grads/g/g.lin/Documents/dad_mocu_kuramoto_v4/experiments/dad_cross_system_improvement/ieee9_T2/selected_policy_robust_rule.json,snap_up(Q_{1-alpha}(U|w) + margin),random
25,249,"[35, 37]","[1.2767578024402464, 3.0857496777696602]",0.96,0.0,0.96,1.04,True,True,False,True,7.567721659310262,-0.4905580998006619,True,True,1.013817754487206,0.9931384113138361,8.839192919406115e-23,2.6592018431734877e-12,8.839192919406115e-23,0.12672183709219098,0,0,0,nan,nan,2.6785070076584816e-05,5b4c2191621b1bbc,0.95,0.9,0.05,True,2a35b5c585aa23b1,/home/grads/g/g.lin/Documents/dad_mocu_kuramoto_v4/experiments/dad_cross_system_improvement/ieee9_T2/selected_policy_robust_rule.json,snap_up(Q_{1-alpha}(U|w) + margin),random
26,250,"[49, 5]","[1.5453969183496417, 0.4911545133951796]",0.96,0.0,0.96,1.04,True,True,False,True,5.782712054204944,-0.4279622217898982,True,True,7.734643353929785,0.19663568051125171,2.9133731854931955e-06,0.0004827725686110851,2.9133731854931955e-06,0.12064083106815815,0,0,0,nan,nan,2.5289948098361492e-05,5b4c2191621b1bbc,0.95,0.9,0.05,True,2a35b5c585aa23b1,/home/grads/g/g.lin/Documents/dad_mocu_kuramoto_v4/experiments/dad_cross_system_improvement/ieee9_T2/selected_policy_robust_rule.json,snap_up(Q_{1-alpha}(U|w) + margin),random
27,251,"[4, 10]","[2.6306868974590483, 2.8762622072060187]",1.04,0.0,1.04,1.04,False,False,False,True,6.9969588787208465,-0.5373882723474875,True,True,1.0068826523359042,0.9965714163893705,0.07972571337811472,0.004676293193190932,0.07972571337811472,0.12469036295078695,0,0,0,nan,nan,2.749706618487835e-05,5b4c2191621b1bbc,0.95,0.9,0.05,True,2a35b5c585aa23b1,/home/grads/g/g.lin/Documents/dad_mocu_kuramoto_v4/experiments/dad_cross_system_improvement/ieee9_T2/selected_policy_robust_rule.json,snap_up(Q_{1-alpha}(U|w) + margin),random
28,252,"[36, 20]","[5.078627221333322, 2.630702498626263]",0.96,0.0,0.96,1.04,True,True,False,True,5.7239781922246245,-0.455039528164657,True,True,1.0023279036287693,0.9988375779325963,1.057335010627305e-21,9.19710828740123e-12,1.057335010627305e-21,0.12603974109515548,0,0,0,nan,nan,2.448295708745718e-05,5b4c2191621b1bbc,0.95,0.9,0.05,True,2a35b5c585aa23b1,/home/grads/g/g.lin/Documents/dad_mocu_kuramoto_v4/experiments/dad_cross_system_improvement/ieee9_T2/selected_policy_robust_rule.json,snap_up(Q_{1-alpha}(U|w) + margin),random
29,253,"[31, 26]","[1.9467788117657876, 1.8948098009439376]",0.96,0.0,0.96,1.04,True,True,False,True,5.092938611391068,-0.4656964508287679,True,True,9.02598630138597,0.1721738631668164,3.05695751453392e-05,0.002004821259338114,3.05695751453392e-05,0.12494543194770813,0,0,0,nan,nan,2.7126050554215908e-05,5b4c2191621b1bbc,0.95,0.9,0.05,True,2a35b5c585aa23b1,/home/grads/g/g.lin/Documents/dad_mocu_kuramoto_v4/experiments/dad_cross_system_improvement/ieee9_T2/selected_policy_robust_rule.json,snap_up(Q_{1-alpha}(U|w) + margin),random
30,254,"[42, 2]","[0.7523840287763899, 1.9760526813111907]",1.04,0.0,1.04,1.04,False,False,False,True,10.528481518189245,-0.40137808526830054,True,True,3.2439681217229284,0.4681398918164838,0.018510514730734794,0.03373724978213337,0.018510514730734794,0.11913828901015222,0,0,0,nan,nan,2.356001641601324e-05,5b4c2191621b1bbc,0.95,0.9,0.05,True,2a35b5c585aa23b1,/home/grads/g/g.lin/Documents/dad_mocu_kuramoto_v4/experiments/dad_cross_system_improvement/ieee9_T2/selected_policy_robust_rule.json,snap_up(Q_{1-alpha}(U|w) + margin),random
31,255,"[47, 21]","[4.04591457925549, 5.481947408529169]",0.96,0.0,0.96,1.04,True,True,False,True,11.096443717408796,-0.4453138079500316,True,True,1.0009243192673651,0.9995380538884543,5.95688584993071e-140,9.762692948100507e-71,5.95688584993071e-140,0.1261165279429406,0,0,0,nan,nan,2.5451998226344585e-05,5b4c2191621b1bbc,0.95,0.9,0.05,True,2a35b5c585aa23b1,/home/grads/g/g.lin/Documents/dad_mocu_kuramoto_v4/experiments/dad_cross_system_improvement/ieee9_T2/selected_policy_robust_rule.json,snap_up(Q_{1-alpha}(U|w) + margin),random
0,256,"[38, 28]","[3.420222893997139, 1.4424020187482705]",0.96,0.0,0.96,1.04,True,True,False,True,4.948483499689389,-0.42680762448357806,True,True,1.0403298131174186,0.9802257945613482,1.6810104129763809e-53,1.159658712889747e-27,1.6810104129763809e-53,0.11900153406895697,0,0,0,nan,nan,2.4402979761362076e-05,5b4c2191621b1bbc,0.95,0.9,0.05,True,2a35b5c585aa23b1,/home/grads/g/g.lin/Documents/dad_mocu_kuramoto_v4/experiments/dad_cross_system_improvement/ieee9_T2/selected_policy_robust_rule.json,snap_up(Q_{1-alpha}(U|w) + margin),random
1,257,"[52, 14]","[1.8737112822660835, 0.6336874709989195]",0.96,0.0,0.96,1.04,True,True,False,True,15.06317443770887,-0.5043849788728458,True,True,4.410606932195117,0.37696226745727124,3.82053460376405e-18,1.7482641914228069e-09,3.82053460376405e-18,0.1271540429443121,0,0,0,nan,nan,2.577307168394327e-05,5b4c2191621b1bbc,0.95,0.9,0.05,True,2a35b5c585aa23b1,/home/grads/g/g.lin/Documents/dad_mocu_kuramoto_v4/experiments/dad_cross_system_improvement/ieee9_T2/selected_policy_robust_rule.json,snap_up(Q_{1-alpha}(U|w) + margin),random
2,258,"[43, 21]","[0.7918512214349778, 7.561474871774531]",0.96,0.0,0.96,1.04,True,True,False,True,8.622302454139804,-0.5151064628816457,True,True,2.2629697530823356,0.5950057047314883,3.491440952253763e-35,2.3635364737205912e-18,3.491440952253763e-35,0.12381308106705546,0,0,0,nan,nan,2.6507535949349403e-05,5b4c2191621b1bbc,0.95,0.9,0.05,True,2a35b5c585aa23b1,/home/grads/g/g.lin/Documents/dad_mocu_kuramoto_v4/experiments/dad_cross_system_improvement/ieee9_T2/selected_policy_robust_rule.json,snap_up(Q_{1-alpha}(U|w) + margin),random
3,259,"[51, 41]","[0.7183631528628557, 1.0375616562404424]",0.96,0.0,0.96,1.04,True,True,False,True,7.32352426611295,-0.46794511935115835,True,True,14.582683025777794,0.11163838291333475,0.0028129888124995297,0.04639572983571352,0.0028129888124995297,0.12623603199608624,0,0,0,nan,nan,2.5277608074247837e-05,5b4c2191621b1bbc,0.95,0.9,0.05,True,2a35b5c585aa23b1,/home/grads/g/g.lin/Documents/dad_mocu_kuramoto_v4/experiments/dad_cross_system_improvement/ieee9_T2/selected_policy_robust_rule.json,snap_up(Q_{1-alpha}(U|w) + margin),random
4,260,"[29, 10]","[1.7362391105016766, 2.1170028717490195]",0.96,0.32,0.6399999999999999,1.04,True,True,False,True,14.43790030192405,-0.6303425473388712,True,True,2.448402967311713,0.6019343785209582,0.0030837808655324755,0.02199761882727811,-0.31691621913446755,0.1259243469685316,0,0,0,nan,nan,2.4501001462340355e-05,5b4c2191621b1bbc,0.95,0.9,0.05,True,2a35b5c585aa23b1,/home/grads/g/g.lin/Documents/dad_mocu_kuramoto_v4/experiments/dad_cross_system_improvement/ieee9_T2/selected_policy_robust_rule.json,snap_up(Q_{1-alpha}(U|w) + margin),random
5,261,"[7, 17]","[0.5026380423277046, 1.5861481168356184]",0.96,0.0,0.96,1.04,True,True,False,True,7.781657682970818,-0.4708646840928323,True,True,15.333022890397181,0.0908024384759328,6.800110790644554e-08,0.000233061576563038,6.800110790644554e-08,0.12182958819903433,0,0,0,nan,nan,2.2449414245784283e-05,5b4c2191621b1bbc,0.95,0.9,0.05,True,2a35b5c585aa23b1,/home/grads/g/g.lin/Documents/dad_mocu_kuramoto_v4/experiments/dad_cross_system_improvement/ieee9_T2/selected_policy_robust_rule.json,snap_up(Q_{1-alpha}(U|w) + margin),random
6,262,"[49, 14]","[1.4703308343510821, 0.567164751212277]",0.96,0.0,0.96,1.04,True,True,False,True,8.961007936194259,-0.4384225536353909,True,True,5.6297320191288165,0.2103184285845452,5.307353945180625e-06,0.0006515832806827132,5.307353945180625e-06,0.13002386293374002,0,0,0,nan,nan,2.4242443032562733e-05,5b4c2191621b1bbc,0.95,0.9,0.05,True,2a35b5c585aa23b1,/home/grads/g/g.lin/Documents/dad_mocu_kuramoto_v4/experiments/dad_cross_system_improvement/ieee9_T2/selected_policy_robust_rule.json,snap_up(Q_{1-alpha}(U|w) + margin),random
7,263,"[52, 13]","[1.734006245107331, 2.1373699874898575]",0.96,0.0,0.96,1.04,True,True,False,True,6.7167035922084795,-0.5188197683811446,True,True,3.7616699005835588,0.39677072038959,8.188052445264188e-14,2.5593831202479823e-07,8.188052445264188e-14,0.11722453800030053,0,0,0,nan,nan,2.334394957870245e-05,5b4c2191621b1bbc,0.95,0.9,0.05,True,2a35b5c585aa23b1,/home/grads/g/g.lin/Documents/dad_mocu_kuramoto_v4/experiments/dad_cross_system_improvement/ieee9_T2/selected_policy_robust_rule.json,snap_up(Q_{1-alpha}(U|w) + margin),random
8,264,"[7, 1]","[0.49542646994396006, 2.331210559439414]",0.96,0.0,0.96,1.04,True,True,False,True,5.6780854999992,-0.4176225122407299,True,True,3.0050037195873043,0.5114912227418802,0.006286761645014926,0.03108630675644083,0.006286761645014926,0.12920686998404562,0,0,0,nan,nan,2.5234068743884563e-05,5b4c2191621b1bbc,0.95,0.9,0.05,True,2a35b5c585aa23b1,/home/grads/g/g.lin/Documents/dad_mocu_kuramoto_v4/experiments/dad_cross_system_improvement/ieee9_T2/selected_policy_robust_rule.json,snap_up(Q_{1-alpha}(U|w) + margin),random
9,265,"[19, 51]","[1.6410602182516043, 0.9473867037044937]",0.96,0.0,0.96,1.04,True,True,False,True,7.851977293620081,-0.44642008555349066,True,True,5.207267618832824,0.3227163856991966,0.002886785240960871,0.04789082213684276,0.002886785240960871,0.12367992103099823,0,0,0,nan,nan,2.51430319622159e-05,5b4c2191621b1bbc,0.95,0.9,0.05,True,2a35b5c585aa23b1,/home/grads/g/g.lin/Documents/dad_mocu_kuramoto_v4/experiments/dad_cross_system_improvement/ieee9_T2/selected_policy_robust_rule.json,snap_up(Q_{1-alpha}(U|w) + margin),random
10,266,"[37, 26]","[3.400147321534418, 1.981390824873104]",1.04,0.0,1.04,1.04,False,False,False,True,6.826290643719169,-0.45010955818783444,True,True,2.2237431661528615,0.6170033191187745,0.04936026552950196,0.03888939995959333,0.04936026552950196,0.1257294740062207,0,0,0,nan,nan,2.5943969376385212e-05,5b4c2191621b1bbc,0.95,0.9,0.05,True,2a35b5c585aa23b1,/home/grads/g/g.lin/Documents/dad_mocu_kuramoto_v4/experiments/dad_cross_system_improvement/ieee9_T2/selected_policy_robust_rule.json,snap_up(Q_{1-alpha}(U|w) + margin),random
11,267,"[5, 18]","[0.7191927710758279, 3.8384846060476456]",1.2,0.0,1.2,1.04,True,False,True,True,4.804737751317328,-0.36068195717199253,True,True,7.268861066377207,0.22258631961869318,0.08556779122579294,0.13001926164185168,0.08556779122579294,0.12692875205539167,0,0,0,nan,nan,2.3516942746937275e-05,5b4c2191621b1bbc,0.95,0.9,0.05,True,2a35b5c585aa23b1,/home/grads/g/g.lin/Documents/dad_mocu_kuramoto_v4/experiments/dad_cross_system_improvement/ieee9_T2/selected_policy_robust_rule.json,snap_up(Q_{1-alpha}(U|w) + margin),random
12,268,"[5, 47]","[0.3336302557984525, 2.9645030895454325]",0.96,0.0,0.96,1.04,True,True,False,True,6.751568902381649,-0.5297100728691743,True,True,2.6861146581290565,0.5470095944539027,1.609310426234351e-17,1.1346801423801188e-09,1.609310426234351e-17,0.12104574614204466,0,0,0,nan,nan,2.4685519747436047e-05,5b4c2191621b1bbc,0.95,0.9,0.05,True,2a35b5c585aa23b1,/home/grads/g/g.lin/Documents/dad_mocu_kuramoto_v4/experiments/dad_cross_system_improvement/ieee9_T2/selected_policy_robust_rule.json,snap_up(Q_{1-alpha}(U|w) + margin),random
13,269,"[12, 1]","[6.254970683532744, 1.5140080183381643]",0.96,0.0,0.96,1.04,True,True,False,True,6.710820899861146,-0.5434168797577088,True,True,2.954889033690485,0.4228771204974656,3.484535245932434e-22,7.46676395334143e-12,3.484535245932434e-22,0.12515422911383212,0,0,0,nan,nan,2.4619977921247482e-05,5b4c2191621b1bbc,0.95,0.9,0.05,True,2a35b5c585aa23b1,/home/grads/g/g.lin/Documents/dad_mocu_kuramoto_v4/experiments/dad_cross_system_improvement/ieee9_T2/selected_policy_robust_rule.json,snap_up(Q_{1-alpha}(U|w) + margin),random
14,270,"[17, 5]","[1.628504960824878, 1.3401431362989924]",0.96,0.0,0.96,1.04,True,True,False,True,11.289175671439477,-0.4882397594782111,True,True,1.039668739801889,0.9806759466217638,2.603462977609e-09,4.563736832880101e-05,2.603462977609e-09,0.12391888117417693,0,0,0,nan,nan,2.395163755863905e-05,5b4c2191621b1bbc,0.95,0.9,0.05,True,2a35b5c585aa23b1,/home/grads/g/g.lin/Documents/dad_mocu_kuramoto_v4/experiments/dad_cross_system_improvement/ieee9_T2/selected_policy_robust_rule.json,snap_up(Q_{1-alpha}(U|w) + margin),random
15,271,"[42, 0]","[1.1570224952527863, 3.568948821405042]",0.96,0.0,0.96,1.04,True,True,False,True,4.865198257025479,-0.4643861263860679,True,True,1.0702934052938362,0.966507045073188,4.846140506815367e-05,0.002735733383825934,4.846140506815367e-05,0.12696519400924444,0,0,0,nan,nan,2.3066997528076172e-05,5b4c2191621b1bbc,0.95,0.9,0.05,True,2a35b5c585aa23b1,/home/grads/g/g.lin/Documents/dad_mocu_kuramoto_v4/experiments/dad_cross_system_improvement/ieee9_T2/selected_policy_robust_rule.json,snap_up(Q_{1-alpha}(U|w) + margin),random
16,272,"[39, 1]","[4.887333655211045, 1.4511754452202046]",0.96,0.0,0.96,1.04,True,True,False,True,4.994557111113752,-0.4136654942232219,True,True,1.6754758739465303,0.7432257583951343,7.12908760025478e-128,1.0680140523610936e-64,7.12908760025478e-128,0.12383531802333891,0,0,0,nan,nan,2.5203917175531387e-05,5b4c2191621b1bbc,0.95,0.9,0.05,True,2a35b5c585aa23b1,/home/grads/g/g.lin/Documents/dad_mocu_kuramoto_v4/experiments/dad_cross_system_improvement/ieee9_T2/selected_policy_robust_rule.json,snap_up(Q_{1-alpha}(U|w) + margin),random
17,273,"[49, 0]","[2.655891167226353, 3.5900864191835087]",1.04,0.0,1.04,1.04,False,False,False,True,6.010331476012954,-0.42707610054356576,True,True,1.6658309248018237,0.7556007179468796,0.005775494929929238,0.020719746753147087,0.005775494929929238,0.1262006878387183,0,0,0,nan,nan,2.4497509002685547e-05,5b4c2191621b1bbc,0.95,0.9,0.05,True,2a35b5c585aa23b1,/home/grads/g/g.lin/Documents/dad_mocu_kuramoto_v4/experiments/dad_cross_system_improvement/ieee9_T2/selected_policy_robust_rule.json,snap_up(Q_{1-alpha}(U|w) + margin),random
18,274,"[39, 32]","[8.091718017981044, 0.8245268533343668]",0.96,0.0,0.96,1.04,True,True,False,True,7.593466986003247,-0.537229057804493,True,True,1.9045166585183866,0.6668817363907175,7.287404004603888e-11,2.4145233894854866e-06,7.287404004603888e-11,0.1293954630382359,0,0,0,nan,nan,2.4861423298716545e-05,5b4c2191621b1bbc,0.95,0.9,0.05,True,2a35b5c585aa23b1,/home/grads/g/g.lin/Documents/dad_mocu_kuramoto_v4/experiments/dad_cross_system_improvement/ieee9_T2/selected_policy_robust_rule.json,snap_up(Q_{1-alpha}(U|w) + margin),random
19,275,"[11, 39]","[1.7156563140344367, 8.174265838058776]",0.96,0.0,0.96,1.04,True,True,False,True,7.927223499490062,-0.5758539531458229,True,True,1.000063532749416,0.9999682348370945,1.9604651394660153e-16,3.960267808586698e-09,1.9604651394660153e-16,0.11983817396685481,0,0,0,nan,nan,2.3647560738027096e-05,5b4c2191621b1bbc,0.95,0.9,0.05,True,2a35b5c585aa23b1,/home/grads/g/g.lin/Documents/dad_mocu_kuramoto_v4/experiments/dad_cross_system_improvement/ieee9_T2/selected_policy_robust_rule.json,snap_up(Q_{1-alpha}(U|w) + margin),random
20,276,"[15, 19]","[0.8481614325255253, 2.2149888703234613]",0.96,0.0,0.96,1.04,True,True,False,True,4.441070130026861,-0.4414910435412835,True,True,2.5680708361963434,0.5825298605734109,4.3922609389470855e-16,1.7312934189919633e-08,4.3922609389470855e-16,0.13023514091037214,0,0,0,nan,nan,2.6533030904829502e-05,5b4c2191621b1bbc,0.95,0.9,0.05,True,2a35b5c585aa23b1,/home/grads/g/g.lin/Documents/dad_mocu_kuramoto_v4/experiments/dad_cross_system_improvement/ieee9_T2/selected_policy_robust_rule.json,snap_up(Q_{1-alpha}(U|w) + margin),random
21,277,"[20, 50]","[1.3888331990978025, 2.160684764574707]",0.96,0.0,0.96,1.04,True,True,False,True,8.061839654099542,-0.5974876731992318,True,True,1.5021552371791487,0.8074953243769146,9.11468360188926e-52,8.539173896560033e-27,9.11468360188926e-52,0.12110967794433236,0,0,0,nan,nan,2.4521956220269203e-05,5b4c2191621b1bbc,0.95,0.9,0.05,True,2a35b5c585aa23b1,/home/grads/g/g.lin/Documents/dad_mocu_kuramoto_v4/experiments/dad_cross_system_improvement/ieee9_T2/selected_policy_robust_rule.json,snap_up(Q_{1-alpha}(U|w) + margin),random
22,278,"[52, 40]","[0.5900012255844547, 1.714983751352869]",1.04,0.08,0.9600000000000001,1.04,False,False,False,True,10.694570660003832,-0.6036824344596595,True,True,7.065021940005775,0.1898960720384541,0.011783963981163445,0.028352816472621063,-0.06821603601883655,0.12459679692983627,0,0,0,nan,nan,2.6992522180080414e-05,5b4c2191621b1bbc,0.95,0.9,0.05,True,2a35b5c585aa23b1,/home/grads/g/g.lin/Documents/dad_mocu_kuramoto_v4/experiments/dad_cross_system_improvement/ieee9_T2/selected_policy_robust_rule.json,snap_up(Q_{1-alpha}(U|w) + margin),random
23,279,"[4, 53]","[1.3938227736811992, 1.6949839825977313]",0.96,0.0,0.96,1.04,True,True,False,True,7.166647061352755,-0.4424386866988107,True,True,1.6846585209627056,0.7484078349669513,5.544767201615026e-13,2.1061371658230803e-07,5.544767201615026e-13,0.12385806790553033,0,0,0,nan,nan,2.4153501726686954e-05,5b4c2191621b1bbc,0.95,0.9,0.05,True,2a35b5c585aa23b1,/home/grads/g/g.lin/Documents/dad_mocu_kuramoto_v4/experiments/dad_cross_system_improvement/ieee9_T2/selected_policy_robust_rule.json,snap_up(Q_{1-alpha}(U|w) + margin),random
24,280,"[17, 41]","[1.9458822312189532, 0.6990391477946757]",1.12,0.0,1.12,1.04,True,False,True,True,14.85859381051062,-0.42174020761054326,True,True,10.648707506970322,0.15750208354877968,0.03623516987862385,0.1351362461609414,0.03623516987862385,0.12287880294024944,0,0,0,nan,nan,2.6002991944551468e-05,5b4c2191621b1bbc,0.95,0.9,0.05,True,2a35b5c585aa23b1,/home/grads/g/g.lin/Documents/dad_mocu_kuramoto_v4/experiments/dad_cross_system_improvement/ieee9_T2/selected_policy_robust_rule.json,snap_up(Q_{1-alpha}(U|w) + margin),random
25,281,"[47, 27]","[3.5761437350391407, 4.013704473279779]",0.96,0.0,0.96,1.04,True,True,False,True,7.567721659310262,-0.4905580998006619,True,True,1.9801205739773091,0.6186555748029853,7.033203072402447e-52,7.633113269309728e-27,7.033203072402447e-52,0.12628651107661426,0,0,0,nan,nan,2.594932448118925e-05,5b4c2191621b1bbc,0.95,0.9,0.05,True,2a35b5c585aa23b1,/home/grads/g/g.lin/Documents/dad_mocu_kuramoto_v4/experiments/dad_cross_system_improvement/ieee9_T2/selected_policy_robust_rule.json,snap_up(Q_{1-alpha}(U|w) + margin),random
26,282,"[47, 2]","[1.7109677772852014, 1.3619079584280713]",1.2,0.0,1.2,1.04,True,False,True,True,8.095985907167934,-0.3997692338604017,True,True,15.70193746853332,0.08744139388861197,0.057418224419560945,0.19508415361454773,0.057418224419560945,0.12144936993718147,0,0,0,nan,nan,2.5436398573219776e-05,5b4c2191621b1bbc,0.95,0.9,0.05,True,2a35b5c585aa23b1,/home/grads/g/g.lin/Documents/dad_mocu_kuramoto_v4/experiments/dad_cross_system_improvement/ieee9_T2/selected_policy_robust_rule.json,snap_up(Q_{1-alpha}(U|w) + margin),random
27,283,"[21, 6]","[6.9440498862732385, 1.0263941903238591]",0.96,0.0,0.96,1.04,True,True,False,True,7.025456035164314,-0.5490581799175094,True,True,2.0536434936010597,0.6053220465882183,3.050922398127551e-38,6.986755926038981e-20,3.050922398127551e-38,0.12503025215119123,0,0,0,nan,nan,2.3482018150389194e-05,5b4c2191621b1bbc,0.95,0.9,0.05,True,2a35b5c585aa23b1,/home/grads/g/g.lin/Documents/dad_mocu_kuramoto_v4/experiments/dad_cross_system_improvement/ieee9_T2/selected_policy_robust_rule.json,snap_up(Q_{1-alpha}(U|w) + margin),random
28,284,"[36, 17]","[5.077367725038224, 2.276406708730982]",0.96,0.0,0.96,1.04,True,True,False,True,5.7239781922246245,-0.455039528164657,True,True,2.012940887821688,0.6395315170467742,2.0232023717024412e-06,0.0012722255317021442,2.0232023717024412e-06,0.1212193991523236,0,0,0,nan,nan,2.509704791009426e-05,5b4c2191621b1bbc,0.95,0.9,0.05,True,2a35b5c585aa23b1,/home/grads/g/g.lin/Documents/dad_mocu_kuramoto_v4/experiments/dad_cross_system_improvement/ieee9_T2/selected_policy_robust_rule.json,snap_up(Q_{1-alpha}(U|w) + margin),random
29,285,"[43, 7]","[0.61247982421534, 0.5367117855681307]",0.96,0.0,0.96,1.04,True,True,False,True,5.092938611391068,-0.4656964508287679,True,True,28.152685804970968,0.053803630315972344,0.003667894158826023,0.019417236147294435,0.003667894158826023,0.12791236187331378,0,0,0,nan,nan,4.750699736177921e-05,5b4c2191621b1bbc,0.95,0.9,0.05,True,2a35b5c585aa23b1,/home/grads/g/g.lin/Documents/dad_mocu_kuramoto_v4/experiments/dad_cross_system_improvement/ieee9_T2/selected_policy_robust_rule.json,snap_up(Q_{1-alpha}(U|w) + margin),random
30,286,"[29, 34]","[2.299514329191745, 0.6420945113424066]",0.96,0.0,0.96,1.04,True,True,False,True,10.528481518189245,-0.4126299402114316,True,True,6.330972782608499,0.2332897610005521,0.0008721783942929898,0.008401434200794639,0.0008721783942929898,0.12508125696331263,0,0,0,nan,nan,4.2002066038548946e-05,5b4c2191621b1bbc,0.95,0.9,0.05,True,2a35b5c585aa23b1,/home/grads/g/g.lin/Documents/dad_mocu_kuramoto_v4/experiments/dad_cross_system_improvement/ieee9_T2/selected_policy_robust_rule.json,snap_up(Q_{1-alpha}(U|w) + margin),random
31,287,"[43, 3]","[0.49887789941412747, 5.546340648966706]",0.96,0.0,0.96,1.04,True,True,False,True,11.096443717408796,-0.4453138079500316,True,True,1.0639365931859737,0.9691955624167098,3.0661214971471117e-40,7.004137631025948e-21,3.0661214971471117e-40,0.12567140604369342,0,0,0,nan,nan,4.269659984856844e-05,5b4c2191621b1bbc,0.95,0.9,0.05,True,2a35b5c585aa23b1,/home/grads/g/g.lin/Documents/dad_mocu_kuramoto_v4/experiments/dad_cross_system_improvement/ieee9_T2/selected_policy_robust_rule.json,snap_up(Q_{1-alpha}(U|w) + margin),random
0,288,"[8, 29]","[1.7305675231974214, 2.928583123843972]",0.96,0.0,0.96,1.04,True,True,False,True,4.948483499689389,-0.42680762448357806,True,True,1.3101935204812123,0.8683610196243071,1.2148667831224197e-31,9.859826052096181e-17,1.2148667831224197e-31,0.12272058194503188,0,0,0,nan,nan,2.6438036002218723e-05,5b4c2191621b1bbc,0.95,0.9,0.05,True,2a35b5c585aa23b1,/home/grads/g/g.lin/Documents/dad_mocu_kuramoto_v4/experiments/dad_cross_system_improvement/ieee9_T2/selected_policy_robust_rule.json,snap_up(Q_{1-alpha}(U|w) + margin),random
1,289,"[1, 20]","[1.6751592728880655, 1.6634001313617328]",0.96,0.0,0.96,1.04,True,True,False,True,15.06317443770887,-0.5043849788728458,True,True,2.9371795134309844,0.523087645545496,4.4681720102097744e-05,0.005803751273596026,4.4681720102097744e-05,0.12278305599465966,0,0,0,nan,nan,2.6324065402150154e-05,5b4c2191621b1bbc,0.95,0.9,0.05,True,2a35b5c585aa23b1,/home/grads/g/g.lin/Documents/dad_mocu_kuramoto_v4/experiments/dad_cross_system_improvement/ieee9_T2/selected_policy_robust_rule.json,snap_up(Q_{1-alpha}(U|w) + margin),random
2,290,"[0, 21]","[6.694803496731002, 7.509778151117598]",0.96,0.0,0.96,1.04,True,True,False,True,8.622302454139804,-0.5151064628816457,True,True,1.0,1.0,1.5319626715124347e-222,1.1070547128348933e-111,1.5319626715124347e-222,0.1196845059748739,0,0,0,nan,nan,2.7483445592224598e-05,5b4c2191621b1bbc,0.95,0.9,0.05,True,2a35b5c585aa23b1,/home/grads/g/g.lin/Documents/dad_mocu_kuramoto_v4/experiments/dad_cross_system_improvement/ieee9_T2/selected_policy_robust_rule.json,snap_up(Q_{1-alpha}(U|w) + margin),random
3,291,"[40, 4]","[2.940398871757661, 3.0201883612911926]",0.96,0.0,0.96,1.04,True,True,False,True,7.32352426611295,-0.46794511935115835,True,True,2.809430820611499,0.4868291042748918,7.542166167345009e-23,7.767710410516389e-12,7.542166167345009e-23,0.12462050002068281,0,0,0,nan,nan,2.6747467927634716e-05,5b4c2191621b1bbc,0.95,0.9,0.05,True,2a35b5c585aa23b1,/home/grads/g/g.lin/Documents/dad_mocu_kuramoto_v4/experiments/dad_cross_system_improvement/ieee9_T2/selected_policy_robust_rule.json,snap_up(Q_{1-alpha}(U|w) + margin),random
4,292,"[15, 39]","[1.2260866919892568, 11.795680418887365]",1.2,0.32,0.8799999999999999,1.04,True,False,True,True,14.43790030192405,-0.5776721737775045,True,True,1.0,1.0,0.4,3.2250559395926786e-23,0.08000000000000002,0.12330075493082404,0,0,0,nan,nan,2.798845525830984e-05,5b4c2191621b1bbc,0.95,0.9,0.05,True,2a35b5c585aa23b1,/home/grads/g/g.lin/Documents/dad_mocu_kuramoto_v4/experiments/dad_cross_system_improvement/ieee9_T2/selected_policy_robust_rule.json,snap_up(Q_{1-alpha}(U|w) + margin),random
5,293,"[36, 41]","[5.078418010020541, 0.7321766337081368]",1.2,0.0,1.2,1.04,True,False,True,True,7.554708744820407,-0.42057974732719505,True,True,4.43495045516071,0.3132927123833951,0.148932657254209,0.31139233999340343,0.148932657254209,0.12526748212985694,0,0,0,nan,nan,3.017159178853035e-05,5b4c2191621b1bbc,0.95,0.9,0.05,True,2a35b5c585aa23b1,/home/grads/g/g.lin/Documents/dad_mocu_kuramoto_v4/experiments/dad_cross_system_improvement/ieee9_T2/selected_policy_robust_rule.json,snap_up(Q_{1-alpha}(U|w) + margin),random
6,294,"[50, 16]","[1.1270116812696962, 0.4518713075705689]",0.96,0.0,0.96,1.04,True,True,False,True,8.961007936194259,-0.4384225536353909,True,True,5.062981295671108,0.2916238689554872,0.001535158258840231,0.010975442067697988,0.001535158258840231,0.12381510599516332,0,0,0,nan,nan,3.4520053304731846e-05,5b4c2191621b1bbc,0.95,0.9,0.05,True,2a35b5c585aa23b1,/home/grads/g/g.lin/Documents/dad_mocu_kuramoto_v4/experiments/dad_cross_system_improvement/ieee9_T2/selected_policy_robust_rule.json,snap_up(Q_{1-alpha}(U|w) + margin),random
7,295,"[9, 20]","[3.6356862188096115, 2.236236734393161]",0.96,0.0,0.96,1.04,True,True,False,True,6.7167035922084795,-0.5188197683811446,True,True,1.0205817138838644,0.9898269833334338,1.9815087253436593e-06,0.0005630608046012054,1.9815087253436593e-06,0.1233151089400053,0,0,0,nan,nan,2.7016038075089455e-05,5b4c2191621b1bbc,0.95,0.9,0.05,True,2a35b5c585aa23b1,/home/grads/g/g.lin/Documents/dad_mocu_kuramoto_v4/experiments/dad_cross_system_improvement/ieee9_T2/selected_policy_robust_rule.json,snap_up(Q_{1-alpha}(U|w) + margin),random
8,296,"[47, 36]","[1.9104752598373398, 3.4265453969359716]",0.96,0.0,0.96,1.04,True,True,False,True,5.6780854999992,-0.4176225122407299,True,True,1.1081969665343683,0.9494024216381171,0.010239853030066842,0.06317500457442309,0.010239853030066842,0.12191849411465228,0,0,0,nan,nan,2.807052806019783e-05,5b4c2191621b1bbc,0.95,0.9,0.05,True,2a35b5c585aa23b1,/home/grads/g/g.lin/Documents/dad_mocu_kuramoto_v4/experiments/dad_cross_system_improvement/ieee9_T2/selected_policy_robust_rule.json,snap_up(Q_{1-alpha}(U|w) + margin),random
9,297,"[0, 7]","[6.460833061718747, 0.7353814264132617]",0.96,0.0,0.96,1.04,True,True,False,True,7.851977293620081,-0.44642008555349066,True,True,1.0146893253510825,0.9927200420101565,7.280875159161188e-47,7.631972305589788e-24,7.280875159161188e-47,0.12365055014379323,0,0,0,nan,nan,2.812105230987072e-05,5b4c2191621b1bbc,0.95,0.9,0.05,True,2a35b5c585aa23b1,/home/grads/g/g.lin/Documents/dad_mocu_kuramoto_v4/experiments/dad_cross_system_improvement/ieee9_T2/selected_policy_robust_rule.json,snap_up(Q_{1-alpha}(U|w) + margin),random
10,298,"[16, 33]","[0.7285306018682729, 1.6550956995241424]",1.12,0.0,1.12,1.04,True,False,True,True,7.629411631135268,-0.44009127712806334,True,True,6.319834032285287,0.2353830822385348,0.03778437633487524,0.06817170293439119,0.03778437633487524,0.1273452341556549,0,0,0,nan,nan,2.8270413167774677e-05,5b4c2191621b1bbc,0.95,0.9,0.05,True,2a35b5c585aa23b1,/home/grads/g/g.lin/Documents/dad_mocu_kuramoto_v4/experiments/dad_cross_system_improvement/ieee9_T2/selected_policy_robust_rule.json,snap_up(Q_{1-alpha}(U|w) + margin),random
11,299,"[18, 19]","[3.634125388343619, 1.8267183807647172]",0.96,0.0,0.96,1.04,True,True,False,True,4.248413669032564,-0.39810126788690003,True,True,1.6358476645952156,0.7431224945028713,5.103510554533742e-10,9.036380282617685e-06,5.103510554533742e-10,0.1229833799879998,0,0,0,nan,nan,2.781650982797146e-05,5b4c2191621b1bbc,0.95,0.9,0.05,True,2a35b5c585aa23b1,/home/grads/g/g.lin/Documents/dad_mocu_kuramoto_v4/experiments/dad_cross_system_improvement/ieee9_T2/selected_policy_robust_rule.json,snap_up(Q_{1-alpha}(U|w) + margin),random
12,300,"[33, 38]","[0.8810227362547152, 2.795122315395325]",0.96,0.0,0.96,1.04,True,True,False,True,6.751568902381649,-0.5297100728691743,True,True,3.449189907059243,0.40411153330524496,2.2785792629878675e-14,4.269500451328908e-08,2.2785792629878675e-14,0.12456710916012526,0,0,0,nan,nan,2.5883084163069725e-05,5b4c2191621b1bbc,0.95,0.9,0.05,True,2a35b5c585aa23b1,/home/grads/g/g.lin/Documents/dad_mocu_kuramoto_v4/experiments/dad_cross_system_improvement/ieee9_T2/selected_policy_robust_rule.json,snap_up(Q_{1-alpha}(U|w) + margin),random
13,301,"[45, 33]","[5.767628027587981, 1.240372614537407]",0.96,0.0,0.96,1.04,True,True,False,True,6.710820899861146,-0.5434168797577088,True,True,2.032615063142369,0.6277962948160398,5.413749733522977e-26,2.08110542424414e-13,5.413749733522977e-26,0.11965430597774684,0,0,0,nan,nan,2.96345679089427e-05,5b4c2191621b1bbc,0.95,0.9,0.05,True,2a35b5c585aa23b1,/home/grads/g/g.lin/Documents/dad_mocu_kuramoto_v4/experiments/dad_cross_system_improvement/ieee9_T2/selected_policy_robust_rule.json,snap_up(Q_{1-alpha}(U|w) + margin),random
14,302,"[25, 16]","[0.7614013077699086, 0.4842880971778163]",0.96,0.0,0.96,1.04,True,True,False,True,11.289175671439477,-0.4882397594782111,True,True,11.75163328210962,0.25443148947844957,0.003606942025646594,0.020289979898666436,0.003606942025646594,0.12283759913407266,0,0,0,nan,nan,2.6535941287875175e-05,5b4c2191621b1bbc,0.95,0.9,0.05,True,2a35b5c585aa23b1,/home/grads/g/g.lin/Documents/dad_mocu_kuramoto_v4/experiments/dad_cross_system_improvement/ieee9_T2/selected_policy_robust_rule.json,snap_up(Q_{1-alpha}(U|w) + margin),random
15,303,"[46, 14]","[2.2648347239256217, 0.663754434715442]",0.96,0.0,0.96,1.04,True,True,False,True,4.865198257025479,-0.4643861263860679,True,True,6.776770647642943,0.19896315763399822,3.5439343527847676e-08,0.00015225664418811661,3.5439343527847676e-08,0.12243736907839775,0,0,0,nan,nan,2.5578076019883156e-05,5b4c2191621b1bbc,0.95,0.9,0.05,True,2a35b5c585aa23b1,/home/grads/g/g.lin/Documents/dad_mocu_kuramoto_v4/experiments/dad_cross_system_improvement/ieee9_T2/selected_policy_robust_rule.json,snap_up(Q_{1-alpha}(U|w) + margin),random
16,304,"[10, 21]","[1.6146054327303827, 4.934791393513278]",0.96,0.0,0.96,1.04,True,True,False,True,4.994557111113752,-0.4136654942232219,True,True,1.359603951610268,0.8502980474276323,1.3143222276857131e-106,4.5857557330249737e-54,1.3143222276857131e-106,0.12363673909567297,0,0,0,nan,nan,2.5600893422961235e-05,5b4c2191621b1bbc,0.95,0.9,0.05,True,2a35b5c585aa23b1,/home/grads/g/g.lin/Documents/dad_mocu_kuramoto_v4/experiments/dad_cross_system_improvement/ieee9_T2/selected_policy_robust_rule.json,snap_up(Q_{1-alpha}(U|w) + margin),random
17,305,"[29, 15]","[1.4545893187479788, 0.8677636110531611]",0.96,0.0,0.96,1.04,True,True,False,True,6.035206190291975,-0.43805111316733647,True,True,6.599948210844264,0.20154429075249358,0.025195595411920953,0.13908325914954472,0.025195595411920953,0.12870056182146072,0,0,0,nan,nan,2.755899913609028e-05,5b4c2191621b1bbc,0.95,0.9,0.05,True,2a35b5c585aa23b1,/home/grads/g/g.lin/Documents/dad_mocu_kuramoto_v4/experiments/dad_cross_system_improvement/ieee9_T2/selected_policy_robust_rule.json,snap_up(Q_{1-alpha}(U|w) + margin),random
18,306,"[21, 41]","[7.803711389686618, 0.8984512091039849]",0.96,0.0,0.96,1.04,True,True,False,True,7.593466986003247,-0.537229057804493,True,True,1.0080829641145943,0.9959802873988699,1.291471678368443e-24,3.2143076123712155e-13,1.291471678368443e-24,0.12630301411263645,0,0,0,nan,nan,2.6581459678709507e-05,5b4c2191621b1bbc,0.95,0.9,0.05,True,2a35b5c585aa23b1,/home/grads/g/g.lin/Documents/dad_mocu_kuramoto_v4/experiments/dad_cross_system_improvement/ieee9_T2/selected_policy_robust_rule.json,snap_up(Q_{1-alpha}(U|w) + margin),random
19,307,"[34, 42]","[0.7269011016902798, 0.9508382034372475]",1.04,0.0,1.04,1.04,False,False,False,True,7.858781718442181,-0.5603671702824287,True,True,17.387025931517325,0.12177150829676064,0.02078742824617777,0.1199740648508693,0.02078742824617777,0.12361547886393964,0,0,0,nan,nan,2.6189954951405525e-05,5b4c2191621b1bbc,0.95,0.9,0.05,True,2a35b5c585aa23b1,/home/grads/g/g.lin/Documents/dad_mocu_kuramoto_v4/experiments/dad_cross_system_improvement/ieee9_T2/selected_policy_robust_rule.json,snap_up(Q_{1-alpha}(U|w) + margin),random
20,308,"[12, 27]","[4.404028374284096, 3.694285195018527]",0.96,0.0,0.96,1.04,True,True,False,True,4.441070130026861,-0.4414910435412835,True,True,1.5217415600550375,0.7808116158760768,1.5201039642519992e-164,4.9316998517784906e-83,1.5201039642519992e-164,0.12537520099431276,0,0,0,nan,nan,2.8311973437666893e-05,5b4c2191621b1bbc,0.95,0.9,0.05,True,2a35b5c585aa23b1,/home/grads/g/g.lin/Documents/dad_mocu_kuramoto_v4/experiments/dad_cross_system_improvement/ieee9_T2/selected_policy_robust_rule.json,snap_up(Q_{1-alpha}(U|w) + margin),random
21,309,"[40, 12]","[1.7413421184165516, 8.042245803727049]",0.96,0.0,0.96,1.04,True,True,False,True,8.061839654099542,-0.5974876731992318,True,True,1.0012548606018996,0.9993729628750375,6.442307286757297e-27,2.2702083229091197e-14,6.442307286757297e-27,0.12456350796855986,0,0,0,nan,nan,3.0849012546241283e-05,5b4c2191621b1bbc,0.95,0.9,0.05,True,2a35b5c585aa23b1,/home/grads/g/g.lin/Documents/dad_mocu_kuramoto_v4/experiments/dad_cross_system_improvement/ieee9_T2/selected_policy_robust_rule.json,snap_up(Q_{1-alpha}(U|w) + margin),random
22,310,"[0, 27]","[9.634445193742744, 9.234506548399462]",0.96,0.08,0.88,1.04,True,True,False,True,10.694570660003832,-0.6224213041372098,True,True,1.1937444295259432,0.9110450675187108,0.0,0.0,-0.08,0.12918733712285757,0,0,0,nan,nan,2.787413541227579e-05,5b4c2191621b1bbc,0.95,0.9,0.05,True,2a35b5c585aa23b1,/home/grads/g/g.lin/Documents/dad_mocu_kuramoto_v4/experiments/dad_cross_system_improvement/ieee9_T2/selected_policy_robust_rule.json,snap_up(Q_{1-alpha}(U|w) + margin),random
23,311,"[20, 41]","[2.54733086437339, 0.43611436109212715]",0.96,0.0,0.96,1.04,True,True,False,True,7.166647061352755,-0.4424386866988107,True,True,2.1065850171043894,0.6101409805656992,8.853825443680829e-17,2.6614912904981615e-09,8.853825443680829e-17,0.1265820860862732,0,0,0,nan,nan,2.7450965717434883e-05,5b4c2191621b1bbc,0.95,0.9,0.05,True,2a35b5c585aa23b1,/home/grads/g/g.lin/Documents/dad_mocu_kuramoto_v4/experiments/dad_cross_system_improvement/ieee9_T2/selected_policy_robust_rule.json,snap_up(Q_{1-alpha}(U|w) + margin),random
24,312,"[25, 29]","[0.6702435938180242, 1.389820032725914]",0.96,0.0,0.96,1.04,True,True,False,True,14.85859381051062,-0.44251342840304264,True,True,12.412309205426762,0.1131347979245766,0.013656666838346855,0.09465260046320208,0.013656666838346855,0.12233904702588916,0,0,0,nan,nan,2.7222908101975918e-05,5b4c2191621b1bbc,0.95,0.9,0.05,True,2a35b5c585aa23b1,/home/grads/g/g.lin/Documents/dad_mocu_kuramoto_v4/experiments/dad_cross_system_improvement/ieee9_T2/selected_policy_robust_rule.json,snap_up(Q_{1-alpha}(U|w) + margin),random
25,313,"[25, 0]","[0.4592500330667731, 4.484906574852084]",0.96,0.0,0.96,1.04,True,True,False,True,7.567721659310262,-0.4905580998006619,True,True,3.025645361518945,0.49591820828624705,0.0037770357091324977,0.016967523625555404,0.0037770357091324977,0.12595683801919222,0,0,0,nan,nan,2.712744753807783e-05,5b4c2191621b1bbc,0.95,0.9,0.05,True,2a35b5c585aa23b1,/home/grads/g/g.lin/Documents/dad_mocu_kuramoto_v4/experiments/dad_cross_system_improvement/ieee9_T2/selected_policy_robust_rule.json,snap_up(Q_{1-alpha}(U|w) + margin),random
26,314,"[13, 4]","[1.4956104753159636, 1.459770149503229]",0.96,0.0,0.96,1.04,True,True,False,True,5.782712054204944,-0.4279622217898982,True,True,3.9246764090821213,0.4078555099129757,2.2826657751366552e-07,0.0001351342817180865,2.2826657751366552e-07,0.12438411684706807,0,0,0,nan,nan,2.6249908842146397e-05,5b4c2191621b1bbc,0.95,0.9,0.05,True,2a35b5c585aa23b1,/home/grads/g/g.lin/Documents/dad_mocu_kuramoto_v4/experiments/dad_cross_system_improvement/ieee9_T2/selected_policy_robust_rule.json,snap_up(Q_{1-alpha}(U|w) + margin),random
27,315,"[12, 21]","[7.0858190604024776, 6.930584122681285]",0.96,0.0,0.96,1.04,True,True,False,True,7.025456035164314,-0.5490581799175094,True,True,1.1096641444783677,0.9478697212315372,9.12317134123851e-14,1.2081835185919932e-07,9.12317134123851e-14,0.12546253018081188,0,0,0,nan,nan,2.704653888940811e-05,5b4c2191621b1bbc,0.95,0.9,0.05,True,2a35b5c585aa23b1,/home/grads/g/g.lin/Documents/dad_mocu_kuramoto_v4/experiments/dad_cross_system_improvement/ieee9_T2/selected_policy_robust_rule.json,snap_up(Q_{1-alpha}(U|w) + margin),random
28,316,"[4, 45]","[2.3227639473245087, 5.459642318270037]",0.96,0.0,0.96,1.04,True,True,False,True,5.7239781922246245,-0.455039528164657,True,True,1.0128546959679534,0.9936217676877592,6.056199345871227e-08,0.0002201126781882742,6.056199345871227e-08,0.12355289701372385,0,0,0,nan,nan,2.671696711331606e-05,5b4c2191621b1bbc,0.95,0.9,0.05,True,2a35b5c585aa23b1,/home/grads/g/g.lin/Documents/dad_mocu_kuramoto_v4/experiments/dad_cross_system_improvement/ieee9_T2/selected_policy_robust_rule.json,snap_up(Q_{1-alpha}(U|w) + margin),random
29,317,"[19, 23]","[2.433303309504837, 0.6805104258059544]",1.12,0.0,1.12,1.04,True,False,True,True,5.092938611391068,-0.4441630237922906,True,True,3.4566655589056214,0.41376265017408886,0.048138980906981176,0.0733817106483185,0.048138980906981176,0.12646660511381924,0,0,0,nan,nan,3.735849168151617e-05,5b4c2191621b1bbc,0.95,0.9,0.05,True,2a35b5c585aa23b1,/home/grads/g/g.lin/Documents/dad_mocu_kuramoto_v4/experiments/dad_cross_system_improvement/ieee9_T2/selected_policy_robust_rule.json,snap_up(Q_{1-alpha}(U|w) + margin),random
30,318,"[25, 34]","[0.5563978070609342, 0.6639065520049732]",1.04,0.0,1.04,1.04,False,False,False,True,10.528481518189245,-0.40137808526830054,True,True,41.100428855624145,0.04285554436220384,0.00563713838846731,0.02469947428335416,0.00563713838846731,0.12553453794680536,0,0,0,nan,nan,2.7381000109016895e-05,5b4c2191621b1bbc,0.95,0.9,0.05,True,2a35b5c585aa23b1,/home/grads/g/g.lin/Documents/dad_mocu_kuramoto_v4/experiments/dad_cross_system_improvement/ieee9_T2/selected_policy_robust_rule.json,snap_up(Q_{1-alpha}(U|w) + margin),random
31,319,"[26, 30]","[1.6303417790063965, 5.455353871144518]",0.96,0.0,0.96,1.04,True,True,False,True,11.096443717408796,-0.4453138079500316,True,True,1.973613815523749,0.5907914578022452,9.028561296515876e-46,1.2019025781828327e-23,9.028561296515876e-46,0.12440532702021301,0,0,0,nan,nan,3.854953683912754e-05,5b4c2191621b1bbc,0.95,0.9,0.05,True,2a35b5c585aa23b1,/home/grads/g/g.lin/Documents/dad_mocu_kuramoto_v4/experiments/dad_cross_system_improvement/ieee9_T2/selected_policy_robust_rule.json,snap_up(Q_{1-alpha}(U|w) + margin),random
0,320,"[44, 4]","[1.7809284119458237, 2.353138288276322]",1.2,0.0,1.2,1.04,True,False,True,True,4.948483499689389,-0.41039915281731093,True,True,5.296061682897819,0.28656626336883645,0.22941817781319965,0.361650275511225,0.22941817781319965,0.12630950496532023,0,0,0,nan,nan,4.082487430423498e-05,5b4c2191621b1bbc,0.95,0.9,0.05,True,2a35b5c585aa23b1,/home/grads/g/g.lin/Documents/dad_mocu_kuramoto_v4/experiments/dad_cross_system_improvement/ieee9_T2/selected_policy_robust_rule.json,snap_up(Q_{1-alpha}(U|w) + margin),random
1,321,"[52, 25]","[2.0097148802424254, 0.6019053792487541]",0.96,0.0,0.96,1.04,True,True,False,True,15.06317443770887,-0.5043849788728458,True,True,2.289610009333518,0.6145660486908996,4.172887100236063e-25,5.777810727419903e-13,4.172887100236063e-25,0.12244103103876114,0,0,0,nan,nan,2.5968533009290695e-05,5b4c2191621b1bbc,0.95,0.9,0.05,True,2a35b5c585aa23b1,/home/grads/g/g.lin/Documents/dad_mocu_kuramoto_v4/experiments/dad_cross_system_improvement/ieee9_T2/selected_policy_robust_rule.json,snap_up(Q_{1-alpha}(U|w) + margin),random
2,322,"[7, 23]","[0.789464725464818, 0.7084785078462079]",1.2,0.0,1.2,1.04,True,False,True,True,8.622302454139804,-0.15469234750815267,True,True,18.788367829752335,0.09459408196678772,0.05146353003696647,0.15805358952833992,0.05146353003696647,0.129764687968418,0,0,0,nan,nan,2.7662492357194424e-05,5b4c2191621b1bbc,0.95,0.9,0.05,True,2a35b5c585aa23b1,/home/grads/g/g.lin/Documents/dad_mocu_kuramoto_v4/experiments/dad_cross_system_improvement/ieee9_T2/selected_policy_robust_rule.json,snap_up(Q_{1-alpha}(U|w) + margin),random
3,323,"[13, 25]","[2.7579894906589786, 0.775842260290859]",0.96,0.0,0.96,1.04,True,True,False,True,7.32352426611295,-0.46794511935115835,True,True,3.0023751549634365,0.5230540994612141,9.402041910761891e-05,0.008668865134093439,9.402041910761891e-05,0.12260433100163937,0,0,0,nan,nan,4.2192405089735985e-05,5b4c2191621b1bbc,0.95,0.9,0.05,True,2a35b5c585aa23b1,/home/grads/g/g.lin/Documents/dad_mocu_kuramoto_v4/experiments/dad_cross_system_improvement/ieee9_T2/selected_policy_robust_rule.json,snap_up(Q_{1-alpha}(U|w) + margin),random
4,324,"[29, 49]","[1.8660787701607646, 2.470596103322035]",0.96,0.32,0.6399999999999999,1.04,True,True,False,True,14.43790030192405,-0.6303425473388712,True,True,1.0158072463861043,0.9921603775144535,0.0012029904549401877,0.013845356571417312,-0.3187970095450598,0.1304680889006704,0,0,0,nan,nan,3.2929470762610435e-05,5b4c2191621b1bbc,0.95,0.9,0.05,True,2a35b5c585aa23b1,/home/grads/g/g.lin/Documents/dad_mocu_kuramoto_v4/experiments/dad_cross_system_improvement/ieee9_T2/selected_policy_robust_rule.json,snap_up(Q_{1-alpha}(U|w) + margin),random
5,325,"[6, 16]","[0.9028896215748626, 0.7267814857172141]",1.04,0.0,1.04,1.04,False,False,False,True,7.70747112125936,-0.45391240290278795,True,True,16.663898049421743,0.08087659899250713,0.012254385366859473,0.07291688479188706,0.012254385366859473,0.12033313093706965,0,0,0,nan,nan,2.6992522180080414e-05,5b4c2191621b1bbc,0.95,0.9,0.05,True,2a35b5c585aa23b1,/home/grads/g/g.lin/Documents/dad_mocu_kuramoto_v4/experiments/dad_cross_system_improvement/ieee9_T2/selected_policy_robust_rule.json,snap_up(Q_{1-alpha}(U|w) + margin),random
6,326,"[20, 52]","[0.8822884874920094, 1.8225873910565644]",0.96,0.0,0.96,1.04,True,True,False,True,8.961007936194259,-0.4384225536353909,True,True,2.0019280717060948,0.5034397868458608,1.1182759560742245e-20,9.458439431848045e-11,1.1182759560742245e-20,0.12513779802247882,0,0,0,nan,nan,2.6446999981999397e-05,5b4c2191621b1bbc,0.95,0.9,0.05,True,2a35b5c585aa23b1,/home/grads/g/g.lin/Documents/dad_mocu_kuramoto_v4/experiments/dad_cross_system_improvement/ieee9_T2/selected_policy_robust_rule.json,snap_up(Q_{1-alpha}(U|w) + margin),random
7,327,"[1, 26]","[1.3979815474742718, 2.659535861254377]",0.96,0.0,0.96,1.04,True,True,False,True,6.7167035922084795,-0.5188197683811446,True,True,2.109512503071743,0.507303410990917,3.198058457735761e-11,1.5995145404746488e-06,3.198058457735761e-11,0.12560131680220366,0,0,0,nan,nan,3.375753294676542e-05,5b4c2191621b1bbc,0.95,0.9,0.05,True,2a35b5c585aa23b1,/home/grads/g/g.lin/Documents/dad_mocu_kuramoto_v4/experiments/dad_cross_system_improvement/ieee9_T2/selected_policy_robust_rule.json,snap_up(Q_{1-alpha}(U|w) + margin),random
8,328,"[14, 26]","[0.46060805074973804, 1.5127315339316572]",0.96,0.0,0.96,1.04,True,True,False,True,5.6780854999992,-0.4176225122407299,True,True,9.64141628732205,0.19178797740043532,7.864218886231116e-10,2.5082429081073533e-05,7.864218886231116e-10,0.12580828601494431,0,0,0,nan,nan,2.773560117930174e-05,5b4c2191621b1bbc,0.95,0.9,0.05,True,2a35b5c585aa23b1,/home/grads/g/g.lin/Documents/dad_mocu_kuramoto_v4/experiments/dad_cross_system_improvement/ieee9_T2/selected_policy_robust_rule.json,snap_up(Q_{1-alpha}(U|w) + margin),random
9,329,"[45, 37]","[7.2701083760089835, 1.8813723286166575]",0.96,0.0,0.96,1.04,True,True,False,True,7.851977293620081,-0.44642008555349066,True,True,1.000000000000132,0.999999999999934,1.9705924585538056e-175,3.9704835559954716e-88,1.9705924585538056e-175,0.12667202902957797,0,0,0,nan,nan,2.7481932193040848e-05,5b4c2191621b1bbc,0.95,0.9,0.05,True,2a35b5c585aa23b1,/home/grads/g/g.lin/Documents/dad_mocu_kuramoto_v4/experiments/dad_cross_system_improvement/ieee9_T2/selected_policy_robust_rule.json,snap_up(Q_{1-alpha}(U|w) + margin),random
10,330,"[43, 25]","[0.6295070027581686, 0.6241076326710356]",1.04,0.0,1.04,1.04,False,False,False,True,6.826290643719169,-0.45010955818783444,True,True,29.798577474549276,0.04759358617533635,0.010808015769441997,0.034090611092078345,0.010808015769441997,0.1212726361118257,0,0,0,nan,nan,2.6989029720425606e-05,5b4c2191621b1bbc,0.95,0.9,0.05,True,2a35b5c585aa23b1,/home/grads/g/g.lin/Documents/dad_mocu_kuramoto_v4/experiments/dad_cross_system_improvement/ieee9_T2/selected_policy_robust_rule.json,snap_up(Q_{1-alpha}(U|w) + margin),random
11,331,"[18, 3]","[3.7197199548421156, 4.391782204355756]",0.96,0.0,0.96,1.04,True,True,False,True,4.248413669032564,-0.39810126788690003,True,True,1.9797598233289326,0.5536357159843088,4.2861811124427626e-169,2.6187572968697235e-85,4.2861811124427626e-169,0.12791599705815315,0,0,0,nan,nan,3.8068508729338646e-05,5b4c2191621b1bbc,0.95,0.9,0.05,True,2a35b5c585aa23b1,/home/grads/g/g.lin/Documents/dad_mocu_kuramoto_v4/experiments/dad_cross_system_improvement/ieee9_T2/selected_policy_robust_rule.json,snap_up(Q_{1-alpha}(U|w) + margin),random
12,332,"[43, 29]","[1.029808171546714, 2.4899666591333047]",0.96,0.0,0.96,1.04,True,True,False,True,6.751568902381649,-0.5297100728691743,True,True,2.7662143055709953,0.4893538700410667,1.3362825646134328e-12,3.299438743246443e-07,1.3362825646134328e-12,0.12537339981645346,0,0,0,nan,nan,3.1273928470909595e-05,5b4c2191621b1bbc,0.95,0.9,0.05,True,2a35b5c585aa23b1,/home/grads/g/g.lin/Documents/dad_mocu_kuramoto_v4/experiments/dad_cross_system_improvement/ieee9_T2/selected_policy_robust_rule.json,snap_up(Q_{1-alpha}(U|w) + margin),random
13,333,"[13, 4]","[1.760397784000048, 1.714001516518819]",1.04,0.0,1.04,1.04,False,False,False,True,6.6594706622469735,-0.5272817920735108,True,True,18.07130120075434,0.07308552560761336,0.005489350223927105,0.020224674670964504,0.005489350223927105,0.1243637150619179,0,0,0,nan,nan,2.6278081350028515e-05,5b4c2191621b1bbc,0.95,0.9,0.05,True,2a35b5c585aa23b1,/home/grads/g/g.lin/Documents/dad_mocu_kuramoto_v4/experiments/dad_cross_system_improvement/ieee9_T2/selected_policy_robust_rule.json,snap_up(Q_{1-alpha}(U|w) + margin),random
14,334,"[25, 50]","[0.677385402649988, 1.2173256195642803]",0.96,0.0,0.96,1.04,True,True,False,True,11.289175671439477,-0.4882397594782111,True,True,7.727873716594443,0.2136995193797282,0.002681622551550703,0.014403192027439397,0.002681622551550703,0.12786155194044113,0,0,0,nan,nan,3.272155299782753e-05,5b4c2191621b1bbc,0.95,0.9,0.05,True,2a35b5c585aa23b1,/home/grads/g/g.lin/Documents/dad_mocu_kuramoto_v4/experiments/dad_cross_system_improvement/ieee9_T2/selected_policy_robust_rule.json,snap_up(Q_{1-alpha}(U|w) + margin),random
15,335,"[29, 16]","[1.1903025089762147, 0.5957878207805232]",1.04,0.0,1.04,1.04,False,False,False,True,4.879891571084799,-0.4573453425982995,True,True,10.539133607655137,0.15220246535517457,0.0075055567543249576,0.023614355191896978,0.0075055567543249576,0.12203642097301781,0,0,0,nan,nan,2.6643509045243263e-05,5b4c2191621b1bbc,0.95,0.9,0.05,True,2a35b5c585aa23b1,/home/grads/g/g.lin/Documents/dad_mocu_kuramoto_v4/experiments/dad_cross_system_improvement/ieee9_T2/selected_policy_robust_rule.json,snap_up(Q_{1-alpha}(U|w) + margin),random
16,336,"[9, 50]","[4.6506611810130805, 1.7372247539608325]",0.96,0.0,0.96,1.04,True,True,False,True,4.994557111113752,-0.4136654942232219,True,True,1.026740606963304,0.986808702760416,2.377509069289229e-17,1.3791327910797358e-09,2.377509069289229e-17,0.12797207501716912,0,0,0,nan,nan,2.7790549211204052e-05,5b4c2191621b1bbc,0.95,0.9,0.05,True,2a35b5c585aa23b1,/home/grads/g/g.lin/Documents/dad_mocu_kuramoto_v4/experiments/dad_cross_system_improvement/ieee9_T2/selected_policy_robust_rule.json,snap_up(Q_{1-alpha}(U|w) + margin),random
17,337,"[13, 28]","[2.462740935528595, 3.6884026147917877]",0.96,0.0,0.96,1.04,True,True,False,True,6.035206190291975,-0.43805111316733647,True,True,1.0724610817558098,0.9651065619728852,1.0112837820009167e-10,2.9882782466144414e-06,1.0112837820009167e-10,0.12231887900270522,0,0,0,nan,nan,2.69254669547081e-05,5b4c2191621b1bbc,0.95,0.9,0.05,True,2a35b5c585aa23b1,/home/grads/g/g.lin/Documents/dad_mocu_kuramoto_v4/experiments/dad_cross_system_improvement/ieee9_T2/selected_policy_robust_rule.json,snap_up(Q_{1-alpha}(U|w) + margin),random
18,338,"[18, 42]","[4.601695104121562, 1.3891634056613429]",0.96,0.0,0.96,1.04,True,True,False,True,7.593466986003247,-0.537229057804493,True,True,1.6783775021656038,0.7205452454104202,6.555107952332467e-13,2.4675052524649607e-07,6.555107952332467e-13,0.12850147997960448,0,0,0,nan,nan,2.657296136021614e-05,5b4c2191621b1bbc,0.95,0.9,0.05,True,2a35b5c585aa23b1,/home/grads/g/g.lin/Documents/dad_mocu_kuramoto_v4/experiments/dad_cross_system_improvement/ieee9_T2/selected_policy_robust_rule.json,snap_up(Q_{1-alpha}(U|w) + margin),random
19,339,"[5, 27]","[0.7440710475231749, 6.125405907658223]",0.96,0.0,0.96,1.04,True,True,False,True,7.927223499490062,-0.5758539531458229,True,True,1.5097016238840277,0.8024165877358923,1.2540175573702851e-23,3.1673554361584178e-12,1.2540175573702851e-23,0.12273771897889674,0,0,0,nan,nan,2.738006878644228e-05,5b4c2191621b1bbc,0.95,0.9,0.05,True,2a35b5c585aa23b1,/home/grads/g/g.lin/Documents/dad_mocu_kuramoto_v4/experiments/dad_cross_system_improvement/ieee9_T2/selected_policy_robust_rule.json,snap_up(Q_{1-alpha}(U|w) + margin),random
20,340,"[14, 11]","[0.6961383278091056, 2.308716141313579]",0.96,0.0,0.96,1.04,True,True,False,True,4.441070130026861,-0.4414910435412835,True,True,6.178646056176897,0.23391119671963764,7.336971350281666e-08,7.668911416829759e-05,7.336971350281666e-08,0.12382361805066466,0,0,0,nan,nan,2.8333975933492184e-05,5b4c2191621b1bbc,0.95,0.9,0.05,True,2a35b5c585aa23b1,/home/grads/g/g.lin/Documents/dad_mocu_kuramoto_v4/experiments/dad_cross_system_improvement/ieee9_T2/selected_policy_robust_rule.json,snap_up(Q_{1-alpha}(U|w) + margin),random
21,341,"[15, 53]","[1.23178770921855, 2.1255727261733273]",0.96,0.0,0.96,1.04,True,True,False,True,8.061839654099542,-0.5974876731992318,True,True,4.580038573868555,0.3451794945965201,0.00027506614781709393,0.006720809807034644,0.00027506614781709393,0.12512839608825743,0,0,0,nan,nan,2.688553649932146e-05,5b4c2191621b1bbc,0.95,0.9,0.05,True,2a35b5c585aa23b1,/home/grads/g/g.lin/Documents/dad_mocu_kuramoto_v4/experiments/dad_cross_system_improvement/ieee9_T2/selected_policy_robust_rule.json,snap_up(Q_{1-alpha}(U|w) + margin),random
22,342,"[29, 34]","[1.6053883432074638, 0.6050088944470606]",0.96,0.08,0.88,1.04,True,True,False,True,10.694570660003832,-0.6224213041372098,True,True,9.667605841073778,0.18261897542178215,0.0007793219186708507,0.022172218133057687,-0.07922067808132915,0.1274003831204027,0,0,0,nan,nan,2.6749446988105774e-05,5b4c2191621b1bbc,0.95,0.9,0.05,True,2a35b5c585aa23b1,/home/grads/g/g.lin/Documents/dad_mocu_kuramoto_v4/experiments/dad_cross_system_improvement/ieee9_T2/selected_policy_robust_rule.json,snap_up(Q_{1-alpha}(U|w) + margin),random
23,343,"[44, 23]","[1.4853035008380298, 0.4353830035161585]",0.96,0.0,0.96,1.04,True,True,False,True,7.166647061352755,-0.4424386866988107,True,True,8.843988014228449,0.1879859428568166,4.635063413255328e-11,6.089353779676523e-06,4.635063413255328e-11,0.12373639200814068,0,0,0,nan,nan,2.6492401957511902e-05,5b4c2191621b1bbc,0.95,0.9,0.05,True,2a35b5c585aa23b1,/home/grads/g/g.lin/Documents/dad_mocu_kuramoto_v4/experiments/dad_cross_system_improvement/ieee9_T2/selected_policy_robust_rule.json,snap_up(Q_{1-alpha}(U|w) + margin),random
24,344,"[32, 50]","[0.7693849285606467, 0.8426513942438215]",1.2,0.0,1.2,1.04,True,False,True,True,14.85859381051062,-0.4115342573577595,True,True,14.573358796316974,0.09527613504932105,0.10197264965633168,0.23105129485107198,0.10197264965633168,0.12756747705861926,0,0,0,nan,nan,3.317161463201046e-05,5b4c2191621b1bbc,0.95,0.9,0.05,True,2a35b5c585aa23b1,/home/grads/g/g.lin/Documents/dad_mocu_kuramoto_v4/experiments/dad_cross_system_improvement/ieee9_T2/selected_policy_robust_rule.json,snap_up(Q_{1-alpha}(U|w) + margin),random
25,345,"[12, 30]","[7.634241147076865, 7.732439927071344]",0.96,0.0,0.96,1.04,True,True,False,True,7.567721659310262,-0.4905580998006619,True,True,3.554896310044907,0.37458871855418013,4.125239627071827e-62,5.74472949899076e-32,4.125239627071827e-62,0.1206606870982796,0,0,0,nan,nan,2.6379595510661602e-05,5b4c2191621b1bbc,0.95,0.9,0.05,True,2a35b5c585aa23b1,/home/grads/g/g.lin/Documents/dad_mocu_kuramoto_v4/experiments/dad_cross_system_improvement/ieee9_T2/selected_policy_robust_rule.json,snap_up(Q_{1-alpha}(U|w) + margin),random
26,346,"[27, 21]","[3.6934204576327434, 4.1160967956526]",0.96,0.0,0.96,1.04,True,True,False,True,5.782712054204944,-0.4279622217898982,True,True,1.003384726349247,0.9983106302625969,2.5702090290244056e-206,6.412748588896222e-104,2.5702090290244056e-206,0.1266296119429171,0,0,0,nan,nan,2.667249646037817e-05,5b4c2191621b1bbc,0.95,0.9,0.05,True,2a35b5c585aa23b1,/home/grads/g/g.lin/Documents/dad_mocu_kuramoto_v4/experiments/dad_cross_system_improvement/ieee9_T2/selected_policy_robust_rule.json,snap_up(Q_{1-alpha}(U|w) + margin),random
27,347,"[8, 11]","[2.5179076705417898, 2.2958250049780173]",0.96,0.0,0.96,1.04,True,True,False,True,7.025456035164314,-0.5490581799175094,True,True,1.8306864001703291,0.6520579222548214,8.158755228133827e-12,8.079002326090331e-07,8.158755228133827e-12,0.12024974799714983,0,0,0,nan,nan,3.5880482755601406e-05,5b4c2191621b1bbc,0.95,0.9,0.05,True,2a35b5c585aa23b1,/home/grads/g/g.lin/Documents/dad_mocu_kuramoto_v4/experiments/dad_cross_system_improvement/ieee9_T2/selected_policy_robust_rule.json,snap_up(Q_{1-alpha}(U|w) + margin),random
28,348,"[34, 17]","[0.7237490157747892, 2.14757523587319]",1.12,0.0,1.12,1.04,True,False,True,True,5.677797861597129,-0.4344020131680405,True,True,14.031156188288717,0.12297557002527586,0.021445722123394257,0.0442493432305963,0.021445722123394257,0.12180780805647373,0,0,0,nan,nan,2.7564470656216145e-05,5b4c2191621b1bbc,0.95,0.9,0.05,True,2a35b5c585aa23b1,/home/grads/g/g.lin/Documents/dad_mocu_kuramoto_v4/experiments/dad_cross_system_improvement/ieee9_T2/selected_policy_robust_rule.json,snap_up(Q_{1-alpha}(U|w) + margin),random
29,349,"[34, 44]","[0.7015051266168544, 2.0820093964534894]",1.12,0.0,1.12,1.04,True,False,True,True,5.092938611391068,-0.4441630237922906,True,True,13.936776815971541,0.11458812747856324,0.030630057622085653,0.055696233666161034,0.030630057622085653,0.1293172249570489,0,0,0,nan,nan,2.5982968509197235e-05,5b4c2191621b1bbc,0.95,0.9,0.05,True,2a35b5c585aa23b1,/home/grads/g/g.lin/Documents/dad_mocu_kuramoto_v4/experiments/dad_cross_system_improvement/ieee9_T2/selected_policy_robust_rule.json,snap_up(Q_{1-alpha}(U|w) + margin),random
30,350,"[14, 8]","[0.4879737235947701, 2.0679791540142642]",0.96,0.0,0.96,1.04,True,True,False,True,10.528481518189245,-0.4126299402114316,True,True,8.923409567718178,0.2465456908119757,0.000233091307142087,0.005582946156154708,0.000233091307142087,0.12068661395460367,0,0,0,nan,nan,3.0442955903708935e-05,5b4c2191621b1bbc,0.95,0.9,0.05,True,2a35b5c585aa23b1,/home/grads/g/g.lin/Documents/dad_mocu_kuramoto_v4/experiments/dad_cross_system_improvement/ieee9_T2/selected_policy_robust_rule.json,snap_up(Q_{1-alpha}(U|w) + margin),random
31,351,"[48, 24]","[5.344994564200117, 0.9722993510391271]",0.96,0.0,0.96,1.04,True,True,False,True,11.096443717408796,-0.4453138079500316,True,True,3.3597303931312457,0.3584639848363059,4.8633106924028497e-104,8.821166083826197e-53,4.8633106924028497e-104,0.12910593301057816,0,0,0,nan,nan,2.669298555701971e-05,5b4c2191621b1bbc,0.95,0.9,0.05,True,2a35b5c585aa23b1,/home/grads/g/g.lin/Documents/dad_mocu_kuramoto_v4/experiments/dad_cross_system_improvement/ieee9_T2/selected_policy_robust_rule.json,snap_up(Q_{1-alpha}(U|w) + margin),random
0,352,"[30, 35]","[4.037676527157498, 1.7282308616636182]",0.96,0.0,0.96,1.04,True,True,False,True,4.948483499689389,-0.42680762448357806,True,True,4.147682067838,0.3163571984288647,5.1833711351071e-216,9.106807243030545e-109,5.1833711351071e-216,0.12306952802464366,0,0,0,nan,nan,2.708157990127802e-05,5b4c2191621b1bbc,0.95,0.9,0.05,True,2a35b5c585aa23b1,/home/grads/g/g.lin/Documents/dad_mocu_kuramoto_v4/experiments/dad_cross_system_improvement/ieee9_T2/selected_policy_robust_rule.json,snap_up(Q_{1-alpha}(U|w) + margin),random
1,353,"[35, 23]","[2.184919727444728, 0.5736531376513865]",0.96,0.0,0.96,1.04,True,True,False,True,15.06317443770887,-0.5043849788728458,True,True,9.197047865296257,0.17759546063209047,0.0018456087101902726,0.013582733582029993,0.0018456087101902726,0.12789534707553685,0,0,0,nan,nan,2.8829439543187618e-05,5b4c2191621b1bbc,0.95,0.9,0.05,True,2a35b5c585aa23b1,/home/grads/g/g.lin/Documents/dad_mocu_kuramoto_v4/experiments/dad_cross_system_improvement/ieee9_T2/selected_policy_robust_rule.json,snap_up(Q_{1-alpha}(U|w) + margin),random
2,354,"[28, 21]","[2.8814528380206696, 7.473039515308086]",0.96,0.0,0.96,1.04,True,True,False,True,8.622302454139804,-0.5151064628816457,True,True,1.799233372959579,0.6736323922955701,3.679970399044027e-27,2.4265103829306626e-14,3.679970399044027e-27,0.1195132180582732,0,0,0,nan,nan,3.251503221690655e-05,5b4c2191621b1bbc,0.95,0.9,0.05,True,2a35b5c585aa23b1,/home/grads/g/g.lin/Documents/dad_mocu_kuramoto_v4/experiments/dad_cross_system_improvement/ieee9_T2/selected_policy_robust_rule.json,snap_up(Q_{1-alpha}(U|w) + margin),random
3,355,"[11, 1]","[0.9668148558178584, 3.1243922095682666]",0.96,0.0,0.96,1.04,True,True,False,True,7.32352426611295,-0.46794511935115835,True,True,1.0006055415479158,0.9996973473409206,1.3492251200477522e-05,0.0010389000200667292,1.3492251200477522e-05,0.12378924107179046,0,0,0,nan,nan,3.0005001462996006e-05,5b4c2191621b1bbc,0.95,0.9,0.05,True,2a35b5c585aa23b1,/home/grads/g/g.lin/Documents/dad_mocu_kuramoto_v4/experiments/dad_cross_system_improvement/ieee9_T2/selected_policy_robust_rule.json,snap_up(Q_{1-alpha}(U|w) + margin),random
4,356,"[47, 43]","[2.189019849122538, 0.9382960106033856]",0.96,0.32,0.6399999999999999,1.04,True,True,False,True,14.43790030192405,-0.6303425473388712,True,True,2.852241171391641,0.5442679941375591,0.0003597423610306108,0.007748219113093299,-0.3196402576389694,0.12449412303976715,0,0,0,nan,nan,2.7382513508200645e-05,5b4c2191621b1bbc,0.95,0.9,0.05,True,2a35b5c585aa23b1,/home/grads/g/g.lin/Documents/dad_mocu_kuramoto_v4/experiments/dad_cross_system_improvement/ieee9_T2/selected_policy_robust_rule.json,snap_up(Q_{1-alpha}(U|w) + margin),random
5,357,"[1, 4]","[2.03902315769432, 1.8168771987013983]",0.96,0.0,0.96,1.04,True,True,False,True,7.781657682970818,-0.4708646840928323,True,True,3.3781417666438847,0.4365411867183427,2.7021448426919324e-08,6.575168312694146e-05,2.7021448426919324e-08,0.1259328320156783,0,0,0,nan,nan,2.9888469725847244e-05,5b4c2191621b1bbc,0.95,0.9,0.05,True,2a35b5c585aa23b1,/home/grads/g/g.lin/Documents/dad_mocu_kuramoto_v4/experiments/dad_cross_system_improvement/ieee9_T2/selected_policy_robust_rule.json,snap_up(Q_{1-alpha}(U|w) + margin),random
6,358,"[50, 22]","[0.9594780432222342, 1.327832383030003]",0.96,0.0,0.96,1.04,True,True,False,True,8.961007936194259,-0.4384225536353909,True,True,1.654947217405715,0.7288927201615416,8.018185462677444e-07,0.00025326831777978216,8.018185462677444e-07,0.12651061010546982,0,0,0,nan,nan,2.826389390975237e-05,5b4c2191621b1bbc,0.95,0.9,0.05,True,2a35b5c585aa23b1,/home/grads/g/g.lin/Documents/dad_mocu_kuramoto_v4/experiments/dad_cross_system_improvement/ieee9_T2/selected_policy_robust_rule.json,snap_up(Q_{1-alpha}(U|w) + margin),random
7,359,"[50, 4]","[0.7301504558777795, 2.205043357526281]",1.12,0.0,1.12,1.04,True,False,True,True,6.560092299319013,-0.4781087923505804,True,True,6.465013259959789,0.25172840244482736,0.05645422550931499,0.10101725500436579,0.05645422550931499,0.12340486398898065,0,0,0,nan,nan,3.456010017544031e-05,5b4c2191621b1bbc,0.95,0.9,0.05,True,2a35b5c585aa23b1,/home/grads/g/g.lin/Documents/dad_mocu_kuramoto_v4/experiments/dad_cross_system_improvement/ieee9_T2/selected_policy_robust_rule.json,snap_up(Q_{1-alpha}(U|w) + margin),random
8,360,"[22, 16]","[1.45555552859236, 0.4146621854386119]",0.96,0.0,0.96,1.04,True,True,False,True,5.6780854999992,-0.4176225122407299,True,True,2.4149609723825516,0.5219966980362114,1.8544007469395043e-06,0.0003851605132320467,1.8544007469395043e-06,0.12193531286902726,0,0,0,nan,nan,2.7219532057642937e-05,5b4c2191621b1bbc,0.95,0.9,0.05,True,2a35b5c585aa23b1,/home/grads/g/g.lin/Documents/dad_mocu_kuramoto_v4/experiments/dad_cross_system_improvement/ieee9_T2/selected_policy_robust_rule.json,snap_up(Q_{1-alpha}(U|w) + margin),random
9,361,"[19, 42]","[1.6914696577768344, 1.3149548381686205]",0.96,0.0,0.96,1.04,True,True,False,True,7.851977293620081,-0.44642008555349066,True,True,1.520031749934668,0.8037161346559418,3.56161889372225e-09,5.3359349688856446e-05,3.56161889372225e-09,0.12384425918571651,0,0,0,nan,nan,4.3996027670800686e-05,5b4c2191621b1bbc,0.95,0.9,0.05,True,2a35b5c585aa23b1,/home/grads/g/g.lin/Documents/dad_mocu_kuramoto_v4/experiments/dad_cross_system_improvement/ieee9_T2/selected_policy_robust_rule.json,snap_up(Q_{1-alpha}(U|w) + margin),random
10,362,"[22, 50]","[1.9613216777330227, 0.9189279858176723]",0.96,0.0,0.96,1.04,True,True,False,True,6.306151546132639,-0.46026083949573776,True,True,5.101837124676214,0.3215561431087406,0.00560981642987724,0.04619113188025782,0.00560981642987724,0.12470887694507837,0,0,0,nan,nan,2.687645610421896e-05,5b4c2191621b1bbc,0.95,0.9,0.05,True,2a35b5c585aa23b1,/home/grads/g/g.lin/Documents/dad_mocu_kuramoto_v4/experiments/dad_cross_system_improvement/ieee9_T2/selected_policy_robust_rule.json,snap_up(Q_{1-alpha}(U|w) + margin),random
11,363,"[46, 2]","[2.1003120329076443, 1.8318035963913608]",0.96,0.0,0.96,1.04,True,True,False,True,4.248413669032564,-0.39810126788690003,True,True,1.0754672317222416,0.9640669185096049,0.0005736630926257599,0.006750108048797016,0.0005736630926257599,0.1226718220859766,0,0,0,nan,nan,2.6817084290087223e-05,5b4c2191621b1bbc,0.95,0.9,0.05,True,2a35b5c585aa23b1,/home/grads/g/g.lin/Documents/dad_mocu_kuramoto_v4/experiments/dad_cross_system_improvement/ieee9_T2/selected_policy_robust_rule.json,snap_up(Q_{1-alpha}(U|w) + margin),random
12,364,"[52, 15]","[1.8076809903078646, 1.0489508285435571]",0.96,0.0,0.96,1.04,True,True,False,True,6.751568902381649,-0.5297100728691743,True,True,3.265165084987257,0.38396106964534604,4.525429963156604e-14,1.902720150343996e-07,4.525429963156604e-14,0.12660406902432442,0,0,0,nan,nan,2.6913941837847233e-05,5b4c2191621b1bbc,0.95,0.9,0.05,True,2a35b5c585aa23b1,/home/grads/g/g.lin/Documents/dad_mocu_kuramoto_v4/experiments/dad_cross_system_improvement/ieee9_T2/selected_policy_robust_rule.json,snap_up(Q_{1-alpha}(U|w) + margin),random
13,365,"[9, 37]","[5.599571344427208, 1.8914711544418241]",0.96,0.0,0.96,1.04,True,True,False,True,6.710820899861146,-0.5434168797577088,True,True,1.0068725947525363,0.9965776535535513,0.0005886971851490277,0.02169357471103875,0.0005886971851490277,0.12491022795438766,0,0,0,nan,nan,3.057799767702818e-05,5b4c2191621b1bbc,0.95,0.9,0.05,True,2a35b5c585aa23b1,/home/grads/g/g.lin/Documents/dad_mocu_kuramoto_v4/experiments/dad_cross_system_improvement/ieee9_T2/selected_policy_robust_rule.json,snap_up(Q_{1-alpha}(U|w) + margin),random
14,366,"[23, 19]","[1.176218855310562, 3.13581429541651]",0.96,0.0,0.96,1.04,True,True,False,True,11.289175671439477,-0.4882397594782111,True,True,1.0001408265907414,0.9999295919715819,7.1362356856369935e-06,0.0010828718532223266,7.1362356856369935e-06,0.12793113104999065,0,0,0,nan,nan,2.9668910428881645e-05,5b4c2191621b1bbc,0.95,0.9,0.05,True,2a35b5c585aa23b1,/home/grads/g/g.lin/Documents/dad_mocu_kuramoto_v4/experiments/dad_cross_system_improvement/ieee9_T2/selected_policy_robust_rule.json,snap_up(Q_{1-alpha}(U|w) + margin),random
15,367,"[33, 53]","[1.1298891161981366, 2.1374129880613877]",0.96,0.0,0.96,1.04,True,True,False,True,4.865198257025479,-0.4643861263860679,True,True,4.184961903889913,0.32517338258930634,0.00018132148969190315,0.004893113536801556,0.00018132148969190315,0.12347434996627271,0,0,0,nan,nan,2.6132562197744846e-05,5b4c2191621b1bbc,0.95,0.9,0.05,True,2a35b5c585aa23b1,/home/grads/g/g.lin/Documents/dad_mocu_kuramoto_v4/experiments/dad_cross_system_improvement/ieee9_T2/selected_policy_robust_rule.json,snap_up(Q_{1-alpha}(U|w) + margin),random
16,368,"[5, 8]","[0.6048541887428621, 2.050834264951]",0.96,0.0,0.96,1.04,True,True,False,True,4.994557111113752,-0.4136654942232219,True,True,14.380353982532156,0.11626469860465692,0.0047616835042802695,0.0261601968924501,0.0047616835042802695,0.12097236490808427,0,0,0,nan,nan,2.62304674834013e-05,5b4c2191621b1bbc,0.95,0.9,0.05,True,2a35b5c585aa23b1,/home/grads/g/g.lin/Documents/dad_mocu_kuramoto_v4/experiments/dad_cross_system_improvement/ieee9_T2/selected_policy_robust_rule.json,snap_up(Q_{1-alpha}(U|w) + margin),random
17,369,"[26, 7]","[1.5585983385499789, 0.44100825896458096]",0.96,0.0,0.96,1.04,True,True,False,True,6.035206190291975,-0.43805111316733647,True,True,13.057542099267998,0.13849876163189723,9.434871198114731e-10,2.7435229288209395e-05,9.434871198114731e-10,0.11986289685592055,0,0,0,nan,nan,2.759345807135105e-05,5b4c2191621b1bbc,0.95,0.9,0.05,True,2a35b5c585aa23b1,/home/grads/g/g.lin/Documents/dad_mocu_kuramoto_v4/experiments/dad_cross_system_improvement/ieee9_T2/selected_policy_robust_rule.json,snap_up(Q_{1-alpha}(U|w) + margin),random
18,370,"[42, 38]","[1.3025238803756805, 1.8291955698904967]",1.2,0.0,1.2,1.04,True,False,True,True,7.369717677936186,-0.48924296918136906,True,True,2.1771671632179066,0.6524822290296719,0.06200798170173621,0.1446576926437864,0.06200798170173621,0.12355352891609073,0,0,0,nan,nan,2.59914668276906e-05,5b4c2191621b1bbc,0.95,0.9,0.05,True,2a35b5c585aa23b1,/home/grads/g/g.lin/Documents/dad_mocu_kuramoto_v4/experiments/dad_cross_system_improvement/ieee9_T2/selected_policy_robust_rule.json,snap_up(Q_{1-alpha}(U|w) + margin),random
19,371,"[33, 37]","[1.0229739230287034, 1.8480376675381884]",1.2,0.0,1.2,1.04,True,False,True,True,7.729848271567728,-0.5286382683660789,True,True,3.375631021284607,0.5132337954840597,0.043585688479439014,0.1798096896794292,0.043585688479439014,0.1266998779028654,0,0,0,nan,nan,3.0242023058235645e-05,5b4c2191621b1bbc,0.95,0.9,0.05,True,2a35b5c585aa23b1,/home/grads/g/g.lin/Documents/dad_mocu_kuramoto_v4/experiments/dad_cross_system_improvement/ieee9_T2/selected_policy_robust_rule.json,snap_up(Q_{1-alpha}(U|w) + margin),random
20,372,"[46, 50]","[2.6499814182886627, 1.0545521605550685]",0.96,0.0,0.96,1.04,True,True,False,True,4.441070130026861,-0.4414910435412835,True,True,1.0453822783750968,0.9778338522694812,9.229555828803684e-05,0.0038417145724280706,9.229555828803684e-05,0.1247167969122529,0,0,0,nan,nan,2.5550485588610172e-05,5b4c2191621b1bbc,0.95,0.9,0.05,True,2a35b5c585aa23b1,/home/grads/g/g.lin/Documents/dad_mocu_kuramoto_v4/experiments/dad_cross_system_improvement/ieee9_T2/selected_policy_robust_rule.json,snap_up(Q_{1-alpha}(U|w) + margin),random
21,373,"[17, 3]","[2.052338961682754, 7.807987650121662]",0.96,0.0,0.96,1.04,True,True,False,True,8.061839654099542,-0.5974876731992318,True,True,1.0529692100241088,0.9741842263057914,2.4878299495432786e-27,1.4107671528762721e-14,2.4878299495432786e-27,0.12274007312953472,0,0,0,nan,nan,2.743897493928671e-05,5b4c2191621b1bbc,0.95,0.9,0.05,True,2a35b5c585aa23b1,/home/grads/g/g.lin/Documents/dad_mocu_kuramoto_v4/experiments/dad_cross_system_improvement/ieee9_T2/selected_policy_robust_rule.json,snap_up(Q_{1-alpha}(U|w) + margin),random
22,374,"[2, 0]","[1.4246205194768162, 9.702564342095963]",0.96,0.08,0.88,1.04,True,True,False,True,10.694570660003832,-0.6224213041372098,True,True,1.0000031940868594,0.999998402959121,0.0,0.0,-0.08,0.12621119106188416,0,0,0,nan,nan,2.7569010853767395e-05,5b4c2191621b1bbc,0.95,0.9,0.05,True,2a35b5c585aa23b1,/home/grads/g/g.lin/Documents/dad_mocu_kuramoto_v4/experiments/dad_cross_system_improvement/ieee9_T2/selected_policy_robust_rule.json,snap_up(Q_{1-alpha}(U|w) + margin),random
23,375,"[36, 6]","[6.222427998581949, 1.025813275003051]",0.96,0.0,0.96,1.04,True,True,False,True,7.166647061352755,-0.4424386866988107,True,True,1.6240454372321,0.7405738566271083,5.128171583743915e-32,2.0254721096561988e-16,5.128171583743915e-32,0.11896719480864704,0,0,0,nan,nan,2.890347968786955e-05,5b4c2191621b1bbc,0.95,0.9,0.05,True,2a35b5c585aa23b1,/home/grads/g/g.lin/Documents/dad_mocu_kuramoto_v4/experiments/dad_cross_system_improvement/ieee9_T2/selected_policy_robust_rule.json,snap_up(Q_{1-alpha}(U|w) + margin),random
24,376,"[15, 49]","[1.7375104555001804, 2.000201657916036]",1.2,0.0,1.2,1.04,True,False,True,True,14.85859381051062,-0.4115342573577595,True,True,3.739868836182355,0.3914328147539128,0.05499845379001931,0.1376459836359067,0.05499845379001931,0.1251166460569948,0,0,0,nan,nan,2.4227541871368885e-05,5b4c2191621b1bbc,0.95,0.9,0.05,True,2a35b5c585aa23b1,/home/grads/g/g.lin/Documents/dad_mocu_kuramoto_v4/experiments/dad_cross_system_improvement/ieee9_T2/selected_policy_robust_rule.json,snap_up(Q_{1-alpha}(U|w) + margin),random
25,377,"[41, 22]","[1.0054506550485423, 2.4883559319391173]",1.2,0.0,1.2,1.04,True,False,True,True,7.408266726908176,-0.45306014513086534,True,True,4.078274592778095,0.3818313260426573,0.042529740669442755,0.17827017367050543,0.042529740669442755,0.12344066496007144,0,0,0,nan,nan,2.760952338576317e-05,5b4c2191621b1bbc,0.95,0.9,0.05,True,2a35b5c585aa23b1,/home/grads/g/g.lin/Documents/dad_mocu_kuramoto_v4/experiments/dad_cross_system_improvement/ieee9_T2/selected_policy_robust_rule.json,snap_up(Q_{1-alpha}(U|w) + margin),random
26,378,"[35, 22]","[1.7313444927984363, 1.6178526114068448]",0.96,0.0,0.96,1.04,True,True,False,True,5.782712054204944,-0.4279622217898982,True,True,4.912466077583746,0.3470037284943303,1.8584999905639174e-08,3.8559041071093285e-05,1.8584999905639174e-08,0.1279416389297694,0,0,0,nan,nan,2.6687048375606537e-05,5b4c2191621b1bbc,0.95,0.9,0.05,True,2a35b5c585aa23b1,/home/grads/g/g.lin/Documents/dad_mocu_kuramoto_v4/experiments/dad_cross_system_improvement/ieee9_T2/selected_policy_robust_rule.json,snap_up(Q_{1-alpha}(U|w) + margin),random
27,379,"[39, 14]","[6.932316055495883, 0.614470554652114]",0.96,0.0,0.96,1.04,True,True,False,True,7.025456035164314,-0.5490581799175094,True,True,3.4329059408586744,0.4054020881668015,0.0010578154717724394,0.012966553200880684,0.0010578154717724394,0.12574604991823435,0,0,0,nan,nan,2.6041525416076183e-05,5b4c2191621b1bbc,0.95,0.9,0.05,True,2a35b5c585aa23b1,/home/grads/g/g.lin/Documents/dad_mocu_kuramoto_v4/experiments/dad_cross_system_improvement/ieee9_T2/selected_policy_robust_rule.json,snap_up(Q_{1-alpha}(U|w) + margin),random
28,380,"[37, 10]","[1.8161708954108455, 1.6546797477723953]",0.96,0.0,0.96,1.04,True,True,False,True,5.7239781922246245,-0.455039528164657,True,True,6.785935188065889,0.22321827020685767,0.02340598820444975,0.13043795286865958,0.02340598820444975,0.12524738884530962,0,0,0,nan,nan,2.6592984795570374e-05,5b4c2191621b1bbc,0.95,0.9,0.05,True,2a35b5c585aa23b1,/home/grads/g/g.lin/Documents/dad_mocu_kuramoto_v4/experiments/dad_cross_system_improvement/ieee9_T2/selected_policy_robust_rule.json,snap_up(Q_{1-alpha}(U|w) + margin),random
29,381,"[16, 6]","[0.7042827934339457, 0.9640869605873588]",1.04,0.0,1.04,1.04,False,False,False,True,5.092938611391068,-0.4550093229114643,True,True,17.784789352977224,0.08748169265685352,0.021797312970126173,0.09448719743869877,0.021797312970126173,0.1252927239984274,0,0,0,nan,nan,2.6752939447760582e-05,5b4c2191621b1bbc,0.95,0.9,0.05,True,2a35b5c585aa23b1,/home/grads/g/g.lin/Documents/dad_mocu_kuramoto_v4/experiments/dad_cross_system_improvement/ieee9_T2/selected_policy_robust_rule.json,snap_up(Q_{1-alpha}(U|w) + margin),random
30,382,"[20, 40]","[2.3010698600280604, 1.7925928766922394]",0.96,0.0,0.96,1.04,True,True,False,True,10.528481518189245,-0.4126299402114316,True,True,3.6760210972880305,0.39421075084207374,6.778483075541805e-06,0.0007363645157365728,6.778483075541805e-06,0.12221534899435937,0,0,0,nan,nan,3.196613397449255e-05,5b4c2191621b1bbc,0.95,0.9,0.05,True,2a35b5c585aa23b1,/home/grads/g/g.lin/Documents/dad_mocu_kuramoto_v4/experiments/dad_cross_system_improvement/ieee9_T2/selected_policy_robust_rule.json,snap_up(Q_{1-alpha}(U|w) + margin),random
31,383,"[38, 2]","[3.6124914187050328, 2.9720535389130722]",0.96,0.0,0.96,1.04,True,True,False,True,11.096443717408796,-0.4453138079500316,True,True,2.7799758372371635,0.4547309051118016,7.509518801302748e-113,2.4510436636343707e-57,7.509518801302748e-113,0.1257924591191113,0,0,0,nan,nan,2.8311973437666893e-05,5b4c2191621b1bbc,0.95,0.9,0.05,True,2a35b5c585aa23b1,/home/grads/g/g.lin/Documents/dad_mocu_kuramoto_v4/experiments/dad_cross_system_improvement/ieee9_T2/selected_policy_robust_rule.json,snap_up(Q_{1-alpha}(U|w) + margin),random
0,384,"[39, 40]","[4.15899238543607, 2.367768986335439]",0.96,0.0,0.96,1.04,True,True,False,True,4.948483499689389,-0.42680762448357806,True,True,2.0422119762788964,0.4971946679189799,2.019837078711745e-209,1.7977039038559138e-105,2.019837078711745e-209,0.12609035894274712,0,0,0,nan,nan,3.114854916930199e-05,5b4c2191621b1bbc,0.95,0.9,0.05,True,2a35b5c585aa23b1,/home/grads/g/g.lin/Documents/dad_mocu_kuramoto_v4/experiments/dad_cross_system_improvement/ieee9_T2/selected_policy_robust_rule.json,snap_up(Q_{1-alpha}(U|w) + margin),random
1,385,"[44, 26]","[2.1161731357927165, 2.274795633959154]",1.04,0.0,1.04,1.04,False,False,False,True,15.06317443770887,-0.49236095269689384,True,True,8.643466059672772,0.23006514691729893,0.0075807192865137785,0.0243113444861572,0.0075807192865137785,0.12729270989075303,0,0,0,nan,nan,2.7467962354421616e-05,5b4c2191621b1bbc,0.95,0.9,0.05,True,2a35b5c585aa23b1,/home/grads/g/g.lin/Documents/dad_mocu_kuramoto_v4/experiments/dad_cross_system_improvement/ieee9_T2/selected_policy_robust_rule.json,snap_up(Q_{1-alpha}(U|w) + margin),random
2,386,"[0, 10]","[6.594227113735199, 2.8030625089020895]",0.96,0.0,0.96,1.04,True,True,False,True,8.622302454139804,-0.5151064628816457,True,True,1.0000000178238595,0.9999999910880703,2.8233732318500387e-112,1.5028967314755964e-56,2.8233732318500387e-112,0.12517728214152157,0,0,0,nan,nan,2.6298919692635536e-05,5b4c2191621b1bbc,0.95,0.9,0.05,True,2a35b5c585aa23b1,/home/grads/g/g.lin/Documents/dad_mocu_kuramoto_v4/experiments/dad_cross_system_improvement/ieee9_T2/selected_policy_robust_rule.json,snap_up(Q_{1-alpha}(U|w) + margin),random
3,387,"[50, 12]","[0.952776445147843, 6.0168182209981]",0.96,0.0,0.96,1.04,True,True,False,True,7.32352426611295,-0.46794511935115835,True,True,2.9703694315553695,0.4783463202162305,8.984232223824913e-14,1.1989483541050376e-07,8.984232223824913e-14,0.12394143897108734,0,0,0,nan,nan,2.8757494874298573e-05,5b4c2191621b1bbc,0.95,0.9,0.05,True,2a35b5c585aa23b1,/home/grads/g/g.lin/Documents/dad_mocu_kuramoto_v4/experiments/dad_cross_system_improvement/ieee9_T2/selected_policy_robust_rule.json,snap_up(Q_{1-alpha}(U|w) + margin),random
4,388,"[0, 3]","[9.964086897114056, 11.705853290722311]",0.96,0.32,0.6399999999999999,1.04,True,True,False,True,14.43790030192405,-0.6303425473388712,True,True,1.0,1.0,0.0,0.0,-0.32,0.12436750903725624,0,0,0,nan,nan,4.1240942664444447e-05,5b4c2191621b1bbc,0.95,0.9,0.05,True,2a35b5c585aa23b1,/home/grads/g/g.lin/Documents/dad_mocu_kuramoto_v4/experiments/dad_cross_system_improvement/ieee9_T2/selected_policy_robust_rule.json,snap_up(Q_{1-alpha}(U|w) + margin),random
5,389,"[38, 45]","[1.4016325938611234, 5.306365334567696]",0.96,0.0,0.96,1.04,True,True,False,True,7.781657682970818,-0.4708646840928323,True,True,2.885583829569789,0.5450845385500999,0.000255083618929118,0.014282920831911395,0.000255083618929118,0.12147900904528797,0,0,0,nan,nan,2.7066096663475037e-05,5b4c2191621b1bbc,0.95,0.9,0.05,True,2a35b5c585aa23b1,/home/grads/g/g.lin/Documents/dad_mocu_kuramoto_v4/experiments/dad_cross_system_improvement/ieee9_T2/selected_policy_robust_rule.json,snap_up(Q_{1-alpha}(U|w) + margin),random
6,390,"[18, 32]","[7.715891919564897, 0.5137257963897708]",0.96,0.0,0.96,1.04,True,True,False,True,8.961007936194259,-0.4384225536353909,True,True,2.240438441391486,0.5779574415240207,2.2760550973381288e-201,4.267134961388617e-101,2.2760550973381288e-201,0.1242336961440742,0,0,0,nan,nan,2.6159454137086868e-05,5b4c2191621b1bbc,0.95,0.9,0.05,True,2a35b5c585aa23b1,/home/grads/g/g.lin/Documents/dad_mocu_kuramoto_v4/experiments/dad_cross_system_improvement/ieee9_T2/selected_policy_robust_rule.json,snap_up(Q_{1-alpha}(U|w) + margin),random
7,391,"[49, 38]","[2.3037161044109404, 2.4723098443275813]",0.96,0.0,0.96,1.04,True,True,False,True,6.7167035922084795,-0.5188197683811446,True,True,2.145684833385612,0.6141421565435966,6.427066201258337e-07,0.0003206752961845668,6.427066201258337e-07,0.12532809795811772,0,0,0,nan,nan,4.3831649236381054e-05,5b4c2191621b1bbc,0.95,0.9,0.05,True,2a35b5c585aa23b1,/home/grads/g/g.lin/Documents/dad_mocu_kuramoto_v4/experiments/dad_cross_system_improvement/ieee9_T2/selected_policy_robust_rule.json,snap_up(Q_{1-alpha}(U|w) + margin),random
8,392,"[41, 28]","[0.5088169852397842, 2.494963936837402]",0.96,0.0,0.96,1.04,True,True,False,True,5.6780854999992,-0.4176225122407299,True,True,1.371712660309684,0.8421242692968678,0.002836710144770695,0.021114608656514988,0.002836710144770695,0.12690062308683991,0,0,0,nan,nan,2.704095095396042e-05,5b4c2191621b1bbc,0.95,0.9,0.05,True,2a35b5c585aa23b1,/home/grads/g/g.lin/Documents/dad_mocu_kuramoto_v4/experiments/dad_cross_system_improvement/ieee9_T2/selected_policy_robust_rule.json,snap_up(Q_{1-alpha}(U|w) + margin),random
9,393,"[35, 3]","[1.6966382698420908, 4.467892079962355]",0.96,0.0,0.96,1.04,True,True,False,True,7.851977293620081,-0.44642008555349066,True,True,1.9965393318989872,0.6728948594376574,1.3567894239362634e-161,1.4733849050054847e-81,1.3567894239362634e-161,0.12474482180550694,0,0,0,nan,nan,2.7534435503184795e-05,5b4c2191621b1bbc,0.95,0.9,0.05,True,2a35b5c585aa23b1,/home/grads/g/g.lin/Documents/dad_mocu_kuramoto_v4/experiments/dad_cross_system_improvement/ieee9_T2/selected_policy_robust_rule.json,snap_up(Q_{1-alpha}(U|w) + margin),random
10,394,"[5, 38]","[0.4935604291933261, 2.116528345047543]",0.96,0.0,0.96,1.04,True,True,False,True,6.306151546132639,-0.46026083949573776,True,True,4.330262785498446,0.324550171476579,0.0004582330980324534,0.007835267720561156,0.0004582330980324534,0.12349529913626611,0,0,0,nan,nan,2.7145957574248314e-05,5b4c2191621b1bbc,0.95,0.9,0.05,True,2a35b5c585aa23b1,/home/grads/g/g.lin/Documents/dad_mocu_kuramoto_v4/experiments/dad_cross_system_improvement/ieee9_T2/selected_policy_robust_rule.json,snap_up(Q_{1-alpha}(U|w) + margin),random
11,395,"[18, 48]","[3.6673188524670737, 4.418018162521102]",0.96,0.0,0.96,1.04,True,True,False,True,4.248413669032564,-0.39810126788690003,True,True,1.128022179772952,0.939807383923872,3.981344742954465e-202,7.981322940920976e-102,3.981344742954465e-202,0.12276870594359934,0,0,0,nan,nan,3.1864969059824944e-05,5b4c2191621b1bbc,0.95,0.9,0.05,True,2a35b5c585aa23b1,/home/grads/g/g.lin/Documents/dad_mocu_kuramoto_v4/experiments/dad_cross_system_improvement/ieee9_T2/selected_policy_robust_rule.json,snap_up(Q_{1-alpha}(U|w) + margin),random
12,396,"[46, 14]","[3.4520965304863696, 0.4317079438337316]",0.96,0.0,0.96,1.04,True,True,False,True,6.751568902381649,-0.5297100728691743,True,True,1.9185454984618617,0.6972843054583033,2.880069626180008e-05,0.0033678756441183916,2.880069626180008e-05,0.12382666999474168,0,0,0,nan,nan,2.6640016585588455e-05,5b4c2191621b1bbc,0.95,0.9,0.05,True,2a35b5c585aa23b1,/home/grads/g/g.lin/Documents/dad_mocu_kuramoto_v4/experiments/dad_cross_system_improvement/ieee9_T2/selected_policy_robust_rule.json,snap_up(Q_{1-alpha}(U|w) + margin),random
13,397,"[17, 21]","[2.2803362550338107, 6.363200305475693]",0.96,0.0,0.96,1.04,True,True,False,True,6.710820899861146,-0.5434168797577088,True,True,1.8541318023981315,0.6554952354683844,0.0003765699711058344,0.007753024599070666,0.0003765699711058344,0.11926165199838579,0,0,0,nan,nan,2.7300557121634483e-05,5b4c2191621b1bbc,0.95,0.9,0.05,True,2a35b5c585aa23b1,/home/grads/g/g.lin/Documents/dad_mocu_kuramoto_v4/experiments/dad_cross_system_improvement/ieee9_T2/selected_policy_robust_rule.json,snap_up(Q_{1-alpha}(U|w) + margin),random
14,398,"[1, 53]","[3.113135242666937, 1.6049308715280524]",0.96,0.0,0.96,1.04,True,True,False,True,11.289175671439477,-0.4882397594782111,True,True,1.9771335138950679,0.6882927204830297,2.072718199572901e-12,4.072068957686448e-07,2.072718199572901e-12,0.1272011580877006,0,0,0,nan,nan,2.7363072149455547e-05,5b4c2191621b1bbc,0.95,0.9,0.05,True,2a35b5c585aa23b1,/home/grads/g/g.lin/Documents/dad_mocu_kuramoto_v4/experiments/dad_cross_system_improvement/ieee9_T2/selected_policy_robust_rule.json,snap_up(Q_{1-alpha}(U|w) + margin),random
15,399,"[17, 33]","[2.1815541354129517, 0.8573603849214939]",1.04,0.0,1.04,1.04,False,False,False,True,4.879891571084799,-0.4573453425982995,True,True,10.574766599547647,0.14693227505805648,0.016920493841501377,0.032891993972359417,0.016920493841501377,0.12539787287823856,0,0,0,nan,nan,3.121595364063978e-05,5b4c2191621b1bbc,0.95,0.9,0.05,True,2a35b5c585aa23b1,/home/grads/g/g.lin/Documents/dad_mocu_kuramoto_v4/experiments/dad_cross_system_improvement/ieee9_T2/selected_policy_robust_rule.json,snap_up(Q_{1-alpha}(U|w) + margin),random
