update,mean_train_u_ctrl,mean_train_control_cost,method,update_seconds,trajectories_sampled,policy_entropy,validation_mean_u_ctrl,validation_n_unique_sequences,validation_sequence_entropy,validation_unique_frac,validation_under_control_rate,validation_valid,validation_mean_shortfall,validation_checkpoint_score,validation_meets_unique_floor
1,0.22500000000000003,0.22500000000000003,RL-sBOED,0.7699315547943115,64,3.9364731311798096,,,,,,,,,
2,0.22500000000000003,0.22500000000000003,RL-sBOED,0.5702016353607178,128,3.9273674488067627,,,,,,,,,
3,0.22500000000000003,0.22500000000000003,RL-sBOED,0.5735073089599609,192,3.9228508472442627,,,,,,,,,
4,0.22500000000000003,0.22500000000000003,RL-sBOED,0.5722293853759766,256,3.919219732284546,,,,,,,,,
5,0.22500000000000003,0.22500000000000003,RL-sBOED,0.5714001655578613,320,3.916611433029175,,,,,,,,,
6,0.22500000000000003,0.22500000000000003,RL-sBOED,0.5707981586456299,384,3.9137864112854004,,,,,,,,,
7,0.22500000000000003,0.22500000000000003,RL-sBOED,0.5707809925079346,448,3.910931348800659,,,,,,,,,
8,0.22500000000000003,0.22500000000000003,RL-sBOED,0.5709068775177002,512,3.9103691577911377,,,,,,,,,
9,0.22500000000000003,0.22500000000000003,RL-sBOED,0.5700368881225586,576,3.911893606185913,,,,,,,,,
10,0.22500000000000003,0.22500000000000003,RL-sBOED,0.5711483955383301,640,3.9109458923339844,,,,,,,,,
11,0.22500000000000003,0.22500000000000003,RL-sBOED,0.5712120532989502,704,3.9110755920410156,,,,,,,,,
12,0.22500000000000003,0.22500000000000003,RL-sBOED,0.5711686611175537,768,3.910762071609497,,,,,,,,,
13,0.22500000000000003,0.22500000000000003,RL-sBOED,0.5702836513519287,832,3.9119956493377686,,,,,,,,,
14,0.22500000000000003,0.22500000000000003,RL-sBOED,0.5709209442138672,896,3.9148659706115723,,,,,,,,,
15,0.22500000000000003,0.22500000000000003,RL-sBOED,0.5707278251647949,960,3.913898229598999,,,,,,,,,
16,0.22500000000000003,0.22500000000000003,RL-sBOED,0.5703473091125488,1024,3.9157371520996094,,,,,,,,,
17,0.22500000000000003,0.22500000000000003,RL-sBOED,0.5708773136138916,1088,3.9151852130889893,,,,,,,,,
18,0.22500000000000003,0.22500000000000003,RL-sBOED,0.5717616081237793,1152,3.9156670570373535,,,,,,,,,
19,0.22500000000000003,0.22500000000000003,RL-sBOED,0.5705103874206543,1216,3.9226441383361816,,,,,,,,,
20,0.22500000000000003,0.22500000000000003,RL-sBOED,0.5707790851593018,1280,3.928995132446289,,,,,,,,,
21,0.22500000000000003,0.22500000000000003,RL-sBOED,0.5717227458953857,1344,3.932041645050049,,,,,,,,,
22,0.22500000000000003,0.22500000000000003,RL-sBOED,0.5714113712310791,1408,3.932706832885742,,,,,,,,,
23,0.22500000000000003,0.22500000000000003,RL-sBOED,0.5732250213623047,1472,3.932945966720581,,,,,,,,,
24,0.22500000000000003,0.22500000000000003,RL-sBOED,0.5701253414154053,1536,3.9337143898010254,,,,,,,,,
25,0.22500000000000003,0.22500000000000003,RL-sBOED,0.5710792541503906,1600,3.9331607818603516,0.22500000000000006,51,3.675091667644454,0.3984375,0.0,1,0.0,0.22500000000000006,1
26,0.22500000000000003,0.22500000000000003,RL-sBOED,0.5708920955657959,1664,3.931779623031616,,,,,,,,,
27,0.22500000000000003,0.22500000000000003,RL-sBOED,0.5710976123809814,1728,3.9298102855682373,,,,,,,,,
28,0.22500000000000003,0.22500000000000003,RL-sBOED,0.5717456340789795,1792,3.927724838256836,,,,,,,,,
29,0.22500000000000003,0.22500000000000003,RL-sBOED,0.5709946155548096,1856,3.925740957260132,,,,,,,,,
30,0.22500000000000003,0.22500000000000003,RL-sBOED,0.5713977813720703,1920,3.9236199855804443,,,,,,,,,
31,0.22500000000000003,0.22500000000000003,RL-sBOED,0.5713620185852051,1984,3.9237868785858154,,,,,,,,,
32,0.22500000000000003,0.22500000000000003,RL-sBOED,0.5704729557037354,2048,3.9256913661956787,,,,,,,,,
33,0.22500000000000003,0.22500000000000003,RL-sBOED,0.5733106136322021,2112,3.9251677989959717,,,,,,,,,
34,0.22500000000000003,0.22500000000000003,RL-sBOED,0.5712640285491943,2176,3.92498779296875,,,,,,,,,
35,0.22500000000000003,0.22500000000000003,RL-sBOED,0.5714931488037109,2240,3.9223015308380127,,,,,,,,,
36,0.22500000000000003,0.22500000000000003,RL-sBOED,0.5714867115020752,2304,3.9212257862091064,,,,,,,,,
37,0.22500000000000003,0.22500000000000003,RL-sBOED,0.570866584777832,2368,3.9164788722991943,,,,,,,,,
38,0.22500000000000003,0.22500000000000003,RL-sBOED,0.5710742473602295,2432,3.9136102199554443,,,,,,,,,
39,0.22500000000000003,0.22500000000000003,RL-sBOED,0.5708353519439697,2496,3.912004232406616,,,,,,,,,
40,0.22500000000000003,0.22500000000000003,RL-sBOED,0.5715529918670654,2560,3.914389133453369,,,,,,,,,
41,0.22500000000000003,0.22500000000000003,RL-sBOED,0.5710997581481934,2624,3.91986083984375,,,,,,,,,
42,0.22500000000000003,0.22500000000000003,RL-sBOED,0.5710248947143555,2688,3.924116849899292,,,,,,,,,
43,0.22500000000000003,0.22500000000000003,RL-sBOED,0.5716960430145264,2752,3.925100326538086,,,,,,,,,
44,0.22500000000000003,0.22500000000000003,RL-sBOED,0.570772647857666,2816,3.926898956298828,,,,,,,,,
45,0.22500000000000003,0.22500000000000003,RL-sBOED,0.5711846351623535,2880,3.927117109298706,,,,,,,,,
46,0.22500000000000003,0.22500000000000003,RL-sBOED,0.5707833766937256,2944,3.927542209625244,,,,,,,,,
47,0.22500000000000003,0.22500000000000003,RL-sBOED,0.5711653232574463,3008,3.9296815395355225,,,,,,,,,
48,0.22500000000000003,0.22500000000000003,RL-sBOED,0.570204496383667,3072,3.928999423980713,,,,,,,,,
49,0.22500000000000003,0.22500000000000003,RL-sBOED,0.5705280303955078,3136,3.929509401321411,,,,,,,,,
50,0.22500000000000003,0.22500000000000003,RL-sBOED,0.5698316097259521,3200,3.9280548095703125,0.22500000000000006,31,3.038533994836853,0.2421875,0.0,1,0.0,0.22500000000000006,0
51,0.22500000000000003,0.22500000000000003,RL-sBOED,0.5682909488677979,3264,3.927349805831909,,,,,,,,,
52,0.22500000000000003,0.22500000000000003,RL-sBOED,0.5688402652740479,3328,3.9236068725585938,,,,,,,,,
53,0.22500000000000003,0.22500000000000003,RL-sBOED,0.5702767372131348,3392,3.9229915142059326,,,,,,,,,
54,0.22500000000000003,0.22500000000000003,RL-sBOED,0.5708746910095215,3456,3.9161503314971924,,,,,,,,,
55,0.22500000000000003,0.22500000000000003,RL-sBOED,0.5709331035614014,3520,3.918879747390747,,,,,,,,,
56,0.22500000000000003,0.22500000000000003,RL-sBOED,0.5691814422607422,3584,3.9147090911865234,,,,,,,,,
57,0.22500000000000003,0.22500000000000003,RL-sBOED,0.5701904296875,3648,3.9181067943573,,,,,,,,,
58,0.22500000000000003,0.22500000000000003,RL-sBOED,0.5696611404418945,3712,3.9153106212615967,,,,,,,,,
59,0.22500000000000003,0.22500000000000003,RL-sBOED,0.570061445236206,3776,3.9174752235412598,,,,,,,,,
60,0.22500000000000003,0.22500000000000003,RL-sBOED,0.5699501037597656,3840,3.9194717407226562,,,,,,,,,
61,0.22500000000000003,0.22500000000000003,RL-sBOED,0.5698709487915039,3904,3.9180145263671875,,,,,,,,,
62,0.22500000000000003,0.22500000000000003,RL-sBOED,0.5697085857391357,3968,3.92046856880188,,,,,,,,,
63,0.22500000000000003,0.22500000000000003,RL-sBOED,0.5695416927337646,4032,3.9198479652404785,,,,,,,,,
64,0.22500000000000003,0.22500000000000003,RL-sBOED,0.5705389976501465,4096,3.9247207641601562,,,,,,,,,
65,0.22500000000000003,0.22500000000000003,RL-sBOED,0.5689184665679932,4160,3.9277303218841553,,,,,,,,,
66,0.22500000000000003,0.22500000000000003,RL-sBOED,0.5708236694335938,4224,3.9283032417297363,,,,,,,,,
67,0.22500000000000003,0.22500000000000003,RL-sBOED,0.5705649852752686,4288,3.92826771736145,,,,,,,,,
68,0.22500000000000003,0.22500000000000003,RL-sBOED,0.5704126358032227,4352,3.9270074367523193,,,,,,,,,
69,0.22500000000000003,0.22500000000000003,RL-sBOED,0.5704519748687744,4416,3.9276254177093506,,,,,,,,,
70,0.22500000000000003,0.22500000000000003,RL-sBOED,0.5698182582855225,4480,3.9259350299835205,,,,,,,,,
71,0.22500000000000003,0.22500000000000003,RL-sBOED,0.5698144435882568,4544,3.92730975151062,,,,,,,,,
72,0.22500000000000003,0.22500000000000003,RL-sBOED,0.5705723762512207,4608,3.9278461933135986,,,,,,,,,
73,0.22500000000000003,0.22500000000000003,RL-sBOED,0.5697929859161377,4672,3.9277291297912598,,,,,,,,,
74,0.22500000000000003,0.22500000000000003,RL-sBOED,0.570563793182373,4736,3.9269280433654785,,,,,,,,,
75,0.22500000000000003,0.22500000000000003,RL-sBOED,0.5702261924743652,4800,3.9264092445373535,0.22500000000000006,34,3.2843383818032,0.265625,0.0,1,0.0,0.22500000000000006,1
76,0.22500000000000003,0.22500000000000003,RL-sBOED,0.5680146217346191,4864,3.9264869689941406,,,,,,,,,
77,0.22500000000000003,0.22500000000000003,RL-sBOED,0.5702364444732666,4928,3.927682876586914,,,,,,,,,
78,0.22500000000000003,0.22500000000000003,RL-sBOED,0.5698666572570801,4992,3.9303500652313232,,,,,,,,,
79,0.22500000000000003,0.22500000000000003,RL-sBOED,0.5695974826812744,5056,3.9333293437957764,,,,,,,,,
80,0.22500000000000003,0.22500000000000003,RL-sBOED,0.5695884227752686,5120,3.9358901977539062,,,,,,,,,
81,0.22500000000000003,0.22500000000000003,RL-sBOED,0.5698630809783936,5184,3.9362168312072754,,,,,,,,,
82,0.22500000000000003,0.22500000000000003,RL-sBOED,0.5694787502288818,5248,3.9364774227142334,,,,,,,,,
83,0.22500000000000003,0.22500000000000003,RL-sBOED,0.5694408416748047,5312,3.934760808944702,,,,,,,,,
84,0.22500000000000003,0.22500000000000003,RL-sBOED,0.5701689720153809,5376,3.9358317852020264,,,,,,,,,
85,0.22500000000000003,0.22500000000000003,RL-sBOED,0.5694000720977783,5440,3.93510365486145,,,,,,,,,
86,0.22500000000000003,0.22500000000000003,RL-sBOED,0.5706591606140137,5504,3.9342620372772217,,,,,,,,,
87,0.22500000000000003,0.22500000000000003,RL-sBOED,0.5694043636322021,5568,3.933941602706909,,,,,,,,,
88,0.22500000000000003,0.22500000000000003,RL-sBOED,0.5694236755371094,5632,3.9317405223846436,,,,,,,,,
89,0.22500000000000003,0.22500000000000003,RL-sBOED,0.5701758861541748,5696,3.9303932189941406,,,,,,,,,
90,0.22500000000000003,0.22500000000000003,RL-sBOED,0.5690844058990479,5760,3.9305813312530518,,,,,,,,,
91,0.22500000000000003,0.22500000000000003,RL-sBOED,0.5700094699859619,5824,3.9295005798339844,,,,,,,,,
92,0.22500000000000003,0.22500000000000003,RL-sBOED,0.5702629089355469,5888,3.9273841381073,,,,,,,,,
93,0.22500000000000003,0.22500000000000003,RL-sBOED,0.5701148509979248,5952,3.9255642890930176,,,,,,,,,
94,0.22500000000000003,0.22500000000000003,RL-sBOED,0.5700242519378662,6016,3.923704147338867,,,,,,,,,
95,0.22500000000000003,0.22500000000000003,RL-sBOED,0.5714437961578369,6080,3.9208953380584717,,,,,,,,,
96,0.22500000000000003,0.22500000000000003,RL-sBOED,0.5691189765930176,6144,3.918025255203247,,,,,,,,,
97,0.22500000000000003,0.22500000000000003,RL-sBOED,0.570274829864502,6208,3.9178173542022705,,,,,,,,,
98,0.22500000000000003,0.22500000000000003,RL-sBOED,0.5698027610778809,6272,3.9194977283477783,,,,,,,,,
99,0.22500000000000003,0.22500000000000003,RL-sBOED,0.569244384765625,6336,3.919651746749878,,,,,,,,,
100,0.22500000000000003,0.22500000000000003,RL-sBOED,0.5704090595245361,6400,3.9177627563476562,0.22500000000000006,35,3.368470889544472,0.2734375,0.0,1,0.0,0.22500000000000006,1
101,0.22500000000000003,0.22500000000000003,RL-sBOED,0.5713155269622803,6464,3.916646957397461,,,,,,,,,
102,0.22500000000000003,0.22500000000000003,RL-sBOED,0.5709195137023926,6528,3.913940906524658,,,,,,,,,
103,0.22500000000000003,0.22500000000000003,RL-sBOED,0.5704600811004639,6592,3.910637378692627,,,,,,,,,
104,0.22500000000000003,0.22500000000000003,RL-sBOED,0.5723831653594971,6656,3.9101569652557373,,,,,,,,,
105,0.22500000000000003,0.22500000000000003,RL-sBOED,0.5701949596405029,6720,3.910411834716797,,,,,,,,,
106,0.22500000000000003,0.22500000000000003,RL-sBOED,0.5722634792327881,6784,3.9108757972717285,,,,,,,,,
107,0.22500000000000003,0.22500000000000003,RL-sBOED,0.5729324817657471,6848,3.912890672683716,,,,,,,,,
108,0.22500000000000003,0.22500000000000003,RL-sBOED,0.571815013885498,6912,3.916011095046997,,,,,,,,,
109,0.22500000000000003,0.22500000000000003,RL-sBOED,0.5720643997192383,6976,3.917329788208008,,,,,,,,,
110,0.22500000000000003,0.22500000000000003,RL-sBOED,0.5725810527801514,7040,3.919265031814575,,,,,,,,,
111,0.22500000000000003,0.22500000000000003,RL-sBOED,0.5727698802947998,7104,3.920553684234619,,,,,,,,,
112,0.22500000000000003,0.22500000000000003,RL-sBOED,0.5739362239837646,7168,3.92057204246521,,,,,,,,,
113,0.22500000000000003,0.22500000000000003,RL-sBOED,0.5718462467193604,7232,3.919506788253784,,,,,,,,,
114,0.22500000000000003,0.22500000000000003,RL-sBOED,0.573326587677002,7296,3.916133165359497,,,,,,,,,
115,0.22500000000000003,0.22500000000000003,RL-sBOED,0.571387529373169,7360,3.9110162258148193,,,,,,,,,
116,0.22500000000000003,0.22500000000000003,RL-sBOED,0.5716409683227539,7424,3.9141480922698975,,,,,,,,,
117,0.22500000000000003,0.22500000000000003,RL-sBOED,0.5709168910980225,7488,3.908266067504883,,,,,,,,,
118,0.22500000000000003,0.22500000000000003,RL-sBOED,0.5713920593261719,7552,3.905550479888916,,,,,,,,,
119,0.22500000000000003,0.22500000000000003,RL-sBOED,0.5719747543334961,7616,3.9031364917755127,,,,,,,,,
120,0.22500000000000003,0.22500000000000003,RL-sBOED,0.5704796314239502,7680,3.908271551132202,,,,,,,,,
121,0.22500000000000003,0.22500000000000003,RL-sBOED,0.5725843906402588,7744,3.911060094833374,,,,,,,,,
122,0.22500000000000003,0.22500000000000003,RL-sBOED,0.5712382793426514,7808,3.910020589828491,,,,,,,,,
123,0.22500000000000003,0.22500000000000003,RL-sBOED,0.5715770721435547,7872,3.9071712493896484,,,,,,,,,
124,0.22500000000000003,0.22500000000000003,RL-sBOED,0.5721020698547363,7936,3.9087860584259033,,,,,,,,,
125,0.22500000000000003,0.22500000000000003,RL-sBOED,0.5705273151397705,8000,3.907421112060547,0.22500000000000006,41,3.430446253113808,0.3203125,0.0,1,0.0,0.22500000000000006,1
126,0.22500000000000003,0.22500000000000003,RL-sBOED,0.5700833797454834,8064,3.908186435699463,,,,,,,,,
127,0.22500000000000003,0.22500000000000003,RL-sBOED,0.5718080997467041,8128,3.9112071990966797,,,,,,,,,
128,0.22500000000000003,0.22500000000000003,RL-sBOED,0.5700902938842773,8192,3.912679672241211,,,,,,,,,
129,0.22500000000000003,0.22500000000000003,RL-sBOED,0.5707700252532959,8256,3.913884401321411,,,,,,,,,
130,0.22500000000000003,0.22500000000000003,RL-sBOED,0.5699739456176758,8320,3.912788152694702,,,,,,,,,
131,0.22500000000000003,0.22500000000000003,RL-sBOED,0.5702645778656006,8384,3.9128646850585938,,,,,,,,,
132,0.22500000000000003,0.22500000000000003,RL-sBOED,0.5697319507598877,8448,3.914418935775757,,,,,,,,,
133,0.22500000000000003,0.22500000000000003,RL-sBOED,0.5701625347137451,8512,3.9149582386016846,,,,,,,,,
134,0.22500000000000003,0.22500000000000003,RL-sBOED,0.5704312324523926,8576,3.9173848628997803,,,,,,,,,
135,0.22500000000000003,0.22500000000000003,RL-sBOED,0.5697553157806396,8640,3.9210546016693115,,,,,,,,,
136,0.22500000000000003,0.22500000000000003,RL-sBOED,0.5699458122253418,8704,3.9238781929016113,,,,,,,,,
137,0.22500000000000003,0.22500000000000003,RL-sBOED,0.5719265937805176,8768,3.9275898933410645,,,,,,,,,
138,0.22500000000000003,0.22500000000000003,RL-sBOED,0.6121323108673096,8832,3.928121328353882,,,,,,,,,
139,0.22500000000000003,0.22500000000000003,RL-sBOED,0.5705349445343018,8896,3.928743839263916,,,,,,,,,
140,0.22500000000000003,0.22500000000000003,RL-sBOED,0.5714216232299805,8960,3.9294967651367188,,,,,,,,,
141,0.22500000000000003,0.22500000000000003,RL-sBOED,0.5712499618530273,9024,3.929279327392578,,,,,,,,,
142,0.22500000000000003,0.22500000000000003,RL-sBOED,0.5714125633239746,9088,3.9286906719207764,,,,,,,,,
143,0.22500000000000003,0.22500000000000003,RL-sBOED,0.5712721347808838,9152,3.928004026412964,,,,,,,,,
144,0.22500000000000003,0.22500000000000003,RL-sBOED,0.5810394287109375,9216,3.928300619125366,,,,,,,,,
145,0.22500000000000003,0.22500000000000003,RL-sBOED,0.5715029239654541,9280,3.9296748638153076,,,,,,,,,
146,0.22500000000000003,0.22500000000000003,RL-sBOED,0.572068452835083,9344,3.9305360317230225,,,,,,,,,
147,0.22500000000000003,0.22500000000000003,RL-sBOED,0.5715389251708984,9408,3.931173801422119,,,,,,,,,
148,0.22500000000000003,0.22500000000000003,RL-sBOED,0.572263240814209,9472,3.9308414459228516,,,,,,,,,
149,0.22500000000000003,0.22500000000000003,RL-sBOED,0.5723161697387695,9536,3.9319756031036377,,,,,,,,,
150,0.22500000000000003,0.22500000000000003,RL-sBOED,0.5715737342834473,9600,3.9310531616210938,0.22500000000000006,24,2.5298191055144126,0.1875,0.0,1,0.0,0.22500000000000006,0
151,0.22500000000000003,0.22500000000000003,RL-sBOED,0.5709331035614014,9664,3.9304192066192627,,,,,,,,,
152,0.22500000000000003,0.22500000000000003,RL-sBOED,0.5723130702972412,9728,3.930102586746216,,,,,,,,,
153,0.22500000000000003,0.22500000000000003,RL-sBOED,0.5719189643859863,9792,3.9298832416534424,,,,,,,,,
154,0.22500000000000003,0.22500000000000003,RL-sBOED,0.5728700160980225,9856,3.9297401905059814,,,,,,,,,
155,0.22500000000000003,0.22500000000000003,RL-sBOED,0.5726799964904785,9920,3.927231550216675,,,,,,,,,
156,0.22500000000000003,0.22500000000000003,RL-sBOED,0.5714797973632812,9984,3.925532579421997,,,,,,,,,
157,0.22500000000000003,0.22500000000000003,RL-sBOED,0.5720276832580566,10048,3.926069736480713,,,,,,,,,
158,0.22500000000000003,0.22500000000000003,RL-sBOED,0.5716640949249268,10112,3.926117420196533,,,,,,,,,
159,0.22500000000000003,0.22500000000000003,RL-sBOED,0.5732212066650391,10176,3.9244582653045654,,,,,,,,,
160,0.22500000000000003,0.22500000000000003,RL-sBOED,0.5728545188903809,10240,3.920957326889038,,,,,,,,,
161,0.22500000000000003,0.22500000000000003,RL-sBOED,0.5728960037231445,10304,3.915576219558716,,,,,,,,,
162,0.22500000000000003,0.22500000000000003,RL-sBOED,0.5724763870239258,10368,3.910189151763916,,,,,,,,,
163,0.22500000000000003,0.22500000000000003,RL-sBOED,0.5723302364349365,10432,3.8953092098236084,,,,,,,,,
164,0.22500000000000003,0.22500000000000003,RL-sBOED,0.5727100372314453,10496,3.8863632678985596,,,,,,,,,
165,0.22500000000000003,0.22500000000000003,RL-sBOED,0.5745313167572021,10560,3.881276845932007,,,,,,,,,
166,0.22500000000000003,0.22500000000000003,RL-sBOED,0.5731570720672607,10624,3.880280017852783,,,,,,,,,
167,0.22500000000000003,0.22500000000000003,RL-sBOED,0.5734348297119141,10688,3.894113302230835,,,,,,,,,
168,0.22500000000000003,0.22500000000000003,RL-sBOED,0.5750820636749268,10752,3.8917813301086426,,,,,,,,,
169,0.22500000000000003,0.22500000000000003,RL-sBOED,0.5736544132232666,10816,3.8929824829101562,,,,,,,,,
170,0.22500000000000003,0.22500000000000003,RL-sBOED,0.5729467868804932,10880,3.9036495685577393,,,,,,,,,
171,0.22500000000000003,0.22500000000000003,RL-sBOED,0.5734858512878418,10944,3.914135694503784,,,,,,,,,
172,0.22500000000000003,0.22500000000000003,RL-sBOED,0.5732314586639404,11008,3.9177474975585938,,,,,,,,,
173,0.22500000000000003,0.22500000000000003,RL-sBOED,0.5729939937591553,11072,3.921452283859253,,,,,,,,,
174,0.22500000000000003,0.22500000000000003,RL-sBOED,0.5731179714202881,11136,3.9236412048339844,,,,,,,,,
175,0.22500000000000003,0.22500000000000003,RL-sBOED,0.5733015537261963,11200,3.92688250541687,0.22500000000000006,30,3.0947702797601924,0.234375,0.0,1,0.0,0.22500000000000006,0
176,0.22500000000000003,0.22500000000000003,RL-sBOED,0.5716443061828613,11264,3.9264562129974365,,,,,,,,,
177,0.22500000000000003,0.22500000000000003,RL-sBOED,0.5714023113250732,11328,3.927586317062378,,,,,,,,,
178,0.22500000000000003,0.22500000000000003,RL-sBOED,0.5712699890136719,11392,3.9272758960723877,,,,,,,,,
179,0.22500000000000003,0.22500000000000003,RL-sBOED,0.5719022750854492,11456,3.9272103309631348,,,,,,,,,
180,0.22500000000000003,0.22500000000000003,RL-sBOED,0.5704023838043213,11520,3.9272217750549316,,,,,,,,,
181,0.22500000000000003,0.22500000000000003,RL-sBOED,0.5719962120056152,11584,3.926081895828247,,,,,,,,,
182,0.22500000000000003,0.22500000000000003,RL-sBOED,0.5704555511474609,11648,3.9245705604553223,,,,,,,,,
183,0.22500000000000003,0.22500000000000003,RL-sBOED,0.5705900192260742,11712,3.923527479171753,,,,,,,,,
184,0.22500000000000003,0.22500000000000003,RL-sBOED,0.5716114044189453,11776,3.9220662117004395,,,,,,,,,
185,0.22500000000000003,0.22500000000000003,RL-sBOED,0.571321964263916,11840,3.9232242107391357,,,,,,,,,
186,0.22500000000000003,0.22500000000000003,RL-sBOED,0.5706701278686523,11904,3.923524856567383,,,,,,,,,
187,0.22500000000000003,0.22500000000000003,RL-sBOED,0.5709888935089111,11968,3.922870635986328,,,,,,,,,
188,0.22500000000000003,0.22500000000000003,RL-sBOED,0.5696215629577637,12032,3.9231343269348145,,,,,,,,,
189,0.22500000000000003,0.22500000000000003,RL-sBOED,0.5696067810058594,12096,3.9227757453918457,,,,,,,,,
190,0.22500000000000003,0.22500000000000003,RL-sBOED,0.5693395137786865,12160,3.9234092235565186,,,,,,,,,
191,0.22500000000000003,0.22500000000000003,RL-sBOED,0.571195125579834,12224,3.924758195877075,,,,,,,,,
192,0.22500000000000003,0.22500000000000003,RL-sBOED,0.5706071853637695,12288,3.9263012409210205,,,,,,,,,
193,0.22500000000000003,0.22500000000000003,RL-sBOED,0.5721538066864014,12352,3.9271488189697266,,,,,,,,,
194,0.22500000000000003,0.22500000000000003,RL-sBOED,0.5717897415161133,12416,3.9278461933135986,,,,,,,,,
195,0.22500000000000003,0.22500000000000003,RL-sBOED,0.5718483924865723,12480,3.9285202026367188,,,,,,,,,
196,0.22500000000000003,0.22500000000000003,RL-sBOED,0.57224440574646,12544,3.928953170776367,,,,,,,,,
197,0.22500000000000003,0.22500000000000003,RL-sBOED,0.5728721618652344,12608,3.928793430328369,,,,,,,,,
198,0.22500000000000003,0.22500000000000003,RL-sBOED,0.5723540782928467,12672,3.929004430770874,,,,,,,,,
199,0.22500000000000003,0.22500000000000003,RL-sBOED,0.572598934173584,12736,3.930199146270752,,,,,,,,,
200,0.22500000000000003,0.22500000000000003,RL-sBOED,0.5729284286499023,12800,3.9308853149414062,0.22500000000000006,41,3.522524913704879,0.3203125,0.0,1,0.0,0.22500000000000006,1
201,0.22500000000000003,0.22500000000000003,RL-sBOED,0.5718221664428711,12864,3.9312522411346436,,,,,,,,,
202,0.22500000000000003,0.22500000000000003,RL-sBOED,0.5731573104858398,12928,3.932231903076172,,,,,,,,,
203,0.22500000000000003,0.22500000000000003,RL-sBOED,0.5739693641662598,12992,3.9327104091644287,,,,,,,,,
204,0.22500000000000003,0.22500000000000003,RL-sBOED,0.5734517574310303,13056,3.932297945022583,,,,,,,,,
205,0.22500000000000003,0.22500000000000003,RL-sBOED,0.5730226039886475,13120,3.9321210384368896,,,,,,,,,
206,0.22500000000000003,0.22500000000000003,RL-sBOED,0.5732152462005615,13184,3.930741548538208,,,,,,,,,
207,0.22500000000000003,0.22500000000000003,RL-sBOED,0.5705265998840332,13248,3.92822003364563,,,,,,,,,
208,0.22500000000000003,0.22500000000000003,RL-sBOED,0.5717072486877441,13312,3.9256808757781982,,,,,,,,,
209,0.22500000000000003,0.22500000000000003,RL-sBOED,0.5719478130340576,13376,3.9239373207092285,,,,,,,,,
210,0.22500000000000003,0.22500000000000003,RL-sBOED,0.5705716609954834,13440,3.9236114025115967,,,,,,,,,
211,0.22500000000000003,0.22500000000000003,RL-sBOED,0.5714802742004395,13504,3.9242889881134033,,,,,,,,,
212,0.22500000000000003,0.22500000000000003,RL-sBOED,0.573662519454956,13568,3.9245450496673584,,,,,,,,,
213,0.22500000000000003,0.22500000000000003,RL-sBOED,0.5712809562683105,13632,3.9256176948547363,,,,,,,,,
214,0.22500000000000003,0.22500000000000003,RL-sBOED,0.5712318420410156,13696,3.9244651794433594,,,,,,,,,
215,0.22500000000000003,0.22500000000000003,RL-sBOED,0.5714700222015381,13760,3.924321413040161,,,,,,,,,
216,0.22500000000000003,0.22500000000000003,RL-sBOED,0.5698587894439697,13824,3.9242935180664062,,,,,,,,,
217,0.22500000000000003,0.22500000000000003,RL-sBOED,0.5709018707275391,13888,3.9254047870635986,,,,,,,,,
218,0.22500000000000003,0.22500000000000003,RL-sBOED,0.572455644607544,13952,3.9266350269317627,,,,,,,,,
219,0.22500000000000003,0.22500000000000003,RL-sBOED,0.5731785297393799,14016,3.925649642944336,,,,,,,,,
220,0.22500000000000003,0.22500000000000003,RL-sBOED,0.5722782611846924,14080,3.9234795570373535,,,,,,,,,
221,0.22500000000000003,0.22500000000000003,RL-sBOED,0.5737459659576416,14144,3.9233481884002686,,,,,,,,,
222,0.22500000000000003,0.22500000000000003,RL-sBOED,0.5729672908782959,14208,3.9236533641815186,,,,,,,,,
223,0.22500000000000003,0.22500000000000003,RL-sBOED,0.5721211433410645,14272,3.9246985912323,,,,,,,,,
224,0.22500000000000003,0.22500000000000003,RL-sBOED,0.5731582641601562,14336,3.925589084625244,,,,,,,,,
225,0.22500000000000003,0.22500000000000003,RL-sBOED,0.5728564262390137,14400,3.9270737171173096,0.22500000000000006,9,1.672569152714529,0.0703125,0.0,1,0.0,0.22500000000000006,0
226,0.22500000000000003,0.22500000000000003,RL-sBOED,0.5717780590057373,14464,3.928420305252075,,,,,,,,,
227,0.22500000000000003,0.22500000000000003,RL-sBOED,0.5727484226226807,14528,3.929882764816284,,,,,,,,,
228,0.22500000000000003,0.22500000000000003,RL-sBOED,0.5731384754180908,14592,3.9313066005706787,,,,,,,,,
229,0.22500000000000003,0.22500000000000003,RL-sBOED,0.5732805728912354,14656,3.9331295490264893,,,,,,,,,
230,0.22500000000000003,0.22500000000000003,RL-sBOED,0.5726869106292725,14720,3.9349682331085205,,,,,,,,,
231,0.22500000000000003,0.22500000000000003,RL-sBOED,0.5727889537811279,14784,3.9366683959960938,,,,,,,,,
232,0.22500000000000003,0.22500000000000003,RL-sBOED,0.5731713771820068,14848,3.9381186962127686,,,,,,,,,
233,0.22500000000000003,0.22500000000000003,RL-sBOED,0.5737459659576416,14912,3.938845157623291,,,,,,,,,
234,0.22500000000000003,0.22500000000000003,RL-sBOED,0.574404239654541,14976,3.940416097640991,,,,,,,,,
235,0.22500000000000003,0.22500000000000003,RL-sBOED,0.573270320892334,15040,3.9418113231658936,,,,,,,,,
236,0.22500000000000003,0.22500000000000003,RL-sBOED,0.5734243392944336,15104,3.9426980018615723,,,,,,,,,
237,0.22500000000000003,0.22500000000000003,RL-sBOED,0.5733382701873779,15168,3.943206787109375,,,,,,,,,
238,0.22500000000000003,0.22500000000000003,RL-sBOED,0.5723483562469482,15232,3.9435501098632812,,,,,,,,,
239,0.22500000000000003,0.22500000000000003,RL-sBOED,0.5726368427276611,15296,3.943861484527588,,,,,,,,,
240,0.22500000000000003,0.22500000000000003,RL-sBOED,0.5724585056304932,15360,3.9443795680999756,,,,,,,,,
241,0.22500000000000003,0.22500000000000003,RL-sBOED,0.5707058906555176,15424,3.94482421875,,,,,,,,,
242,0.22500000000000003,0.22500000000000003,RL-sBOED,0.571829080581665,15488,3.9446969032287598,,,,,,,,,
243,0.22500000000000003,0.22500000000000003,RL-sBOED,0.5710186958312988,15552,3.9444503784179688,,,,,,,,,
244,0.22500000000000003,0.22500000000000003,RL-sBOED,0.5717792510986328,15616,3.9439797401428223,,,,,,,,,
245,0.22500000000000003,0.22500000000000003,RL-sBOED,0.5704889297485352,15680,3.943575620651245,,,,,,,,,
246,0.22500000000000003,0.22500000000000003,RL-sBOED,0.572058916091919,15744,3.943012237548828,,,,,,,,,
247,0.22500000000000003,0.22500000000000003,RL-sBOED,0.5724873542785645,15808,3.9425570964813232,,,,,,,,,
248,0.22500000000000003,0.22500000000000003,RL-sBOED,0.5712306499481201,15872,3.942474365234375,,,,,,,,,
249,0.22500000000000003,0.22500000000000003,RL-sBOED,0.571850061416626,15936,3.9422805309295654,,,,,,,,,
250,0.22500000000000003,0.22500000000000003,RL-sBOED,0.5710985660552979,16000,3.9420292377471924,0.22500000000000006,26,2.925631012530255,0.203125,0.0,1,0.0,0.22500000000000006,0
251,0.22500000000000003,0.22500000000000003,RL-sBOED,0.5700743198394775,16064,3.941279649734497,,,,,,,,,
252,0.22500000000000003,0.22500000000000003,RL-sBOED,0.5712051391601562,16128,3.941819906234741,,,,,,,,,
253,0.22500000000000003,0.22500000000000003,RL-sBOED,0.5717253684997559,16192,3.9422473907470703,,,,,,,,,
254,0.22500000000000003,0.22500000000000003,RL-sBOED,0.5703930854797363,16256,3.942941427230835,,,,,,,,,
255,0.22500000000000003,0.22500000000000003,RL-sBOED,0.5724010467529297,16320,3.9428651332855225,,,,,,,,,
256,0.22500000000000003,0.22500000000000003,RL-sBOED,0.5699291229248047,16384,3.943110704421997,,,,,,,,,
257,0.22500000000000003,0.22500000000000003,RL-sBOED,0.5713422298431396,16448,3.9436352252960205,,,,,,,,,
258,0.22500000000000003,0.22500000000000003,RL-sBOED,0.5708894729614258,16512,3.9437546730041504,,,,,,,,,
259,0.22500000000000003,0.22500000000000003,RL-sBOED,0.5721347332000732,16576,3.9436123371124268,,,,,,,,,
260,0.22500000000000003,0.22500000000000003,RL-sBOED,0.5705115795135498,16640,3.944234609603882,,,,,,,,,
261,0.22500000000000003,0.22500000000000003,RL-sBOED,0.5703246593475342,16704,3.944322347640991,,,,,,,,,
262,0.22500000000000003,0.22500000000000003,RL-sBOED,0.5698049068450928,16768,3.9443459510803223,,,,,,,,,
263,0.22500000000000003,0.22500000000000003,RL-sBOED,0.5702195167541504,16832,3.943401336669922,,,,,,,,,
264,0.22500000000000003,0.22500000000000003,RL-sBOED,0.5700576305389404,16896,3.943310499191284,,,,,,,,,
265,0.22500000000000003,0.22500000000000003,RL-sBOED,0.5702741146087646,16960,3.9434876441955566,,,,,,,,,
266,0.22500000000000003,0.22500000000000003,RL-sBOED,0.5712764263153076,17024,3.9433631896972656,,,,,,,,,
267,0.22500000000000003,0.22500000000000003,RL-sBOED,0.5707449913024902,17088,3.9432029724121094,,,,,,,,,
268,0.22500000000000003,0.22500000000000003,RL-sBOED,0.5695154666900635,17152,3.9425981044769287,,,,,,,,,
269,0.22500000000000003,0.22500000000000003,RL-sBOED,0.5707862377166748,17216,3.942242383956909,,,,,,,,,
270,0.22500000000000003,0.22500000000000003,RL-sBOED,0.5703392028808594,17280,3.9419610500335693,,,,,,,,,
271,0.22500000000000003,0.22500000000000003,RL-sBOED,0.5706195831298828,17344,3.941673994064331,,,,,,,,,
272,0.22500000000000003,0.22500000000000003,RL-sBOED,0.5710091590881348,17408,3.941565752029419,,,,,,,,,
273,0.22500000000000003,0.22500000000000003,RL-sBOED,0.5703022480010986,17472,3.941991090774536,,,,,,,,,
274,0.22500000000000003,0.22500000000000003,RL-sBOED,0.5697522163391113,17536,3.941295623779297,,,,,,,,,
275,0.22500000000000003,0.22500000000000003,RL-sBOED,0.5702738761901855,17600,3.9410011768341064,0.22500000000000006,47,3.555102004568942,0.3671875,0.0,1,0.0,0.22500000000000006,1
276,0.22500000000000003,0.22500000000000003,RL-sBOED,0.5682287216186523,17664,3.9401376247406006,,,,,,,,,
277,0.22500000000000003,0.22500000000000003,RL-sBOED,0.5703740119934082,17728,3.940092086791992,,,,,,,,,
278,0.22500000000000003,0.22500000000000003,RL-sBOED,0.5700337886810303,17792,3.9406096935272217,,,,,,,,,
279,0.22500000000000003,0.22500000000000003,RL-sBOED,0.5703003406524658,17856,3.9400596618652344,,,,,,,,,
280,0.22500000000000003,0.22500000000000003,RL-sBOED,0.5696654319763184,17920,3.93965220451355,,,,,,,,,
281,0.22500000000000003,0.22500000000000003,RL-sBOED,0.5702023506164551,17984,3.9395902156829834,,,,,,,,,
282,0.22500000000000003,0.22500000000000003,RL-sBOED,0.5700173377990723,18048,3.940800905227661,,,,,,,,,
283,0.22500000000000003,0.22500000000000003,RL-sBOED,0.5709531307220459,18112,3.939354419708252,,,,,,,,,
284,0.22500000000000003,0.22500000000000003,RL-sBOED,0.5702781677246094,18176,3.940488576889038,,,,,,,,,
285,0.22500000000000003,0.22500000000000003,RL-sBOED,0.5695111751556396,18240,3.9395272731781006,,,,,,,,,
286,0.22500000000000003,0.22500000000000003,RL-sBOED,0.5706098079681396,18304,3.939708709716797,,,,,,,,,
287,0.22500000000000003,0.22500000000000003,RL-sBOED,0.5699629783630371,18368,3.940164566040039,,,,,,,,,
288,0.22500000000000003,0.22500000000000003,RL-sBOED,0.5702872276306152,18432,3.9416885375976562,,,,,,,,,
289,0.22500000000000003,0.22500000000000003,RL-sBOED,0.5703599452972412,18496,3.9416706562042236,,,,,,,,,
290,0.22500000000000003,0.22500000000000003,RL-sBOED,0.5697534084320068,18560,3.9421792030334473,,,,,,,,,
291,0.22500000000000003,0.22500000000000003,RL-sBOED,0.5701391696929932,18624,3.942523241043091,,,,,,,,,
292,0.22500000000000003,0.22500000000000003,RL-sBOED,0.569800615310669,18688,3.942812442779541,,,,,,,,,
293,0.22500000000000003,0.22500000000000003,RL-sBOED,0.5709764957427979,18752,3.9420783519744873,,,,,,,,,
294,0.22500000000000003,0.22500000000000003,RL-sBOED,0.5700891017913818,18816,3.943005323410034,,,,,,,,,
295,0.22500000000000003,0.22500000000000003,RL-sBOED,0.5711150169372559,18880,3.941485643386841,,,,,,,,,
296,0.22500000000000003,0.22500000000000003,RL-sBOED,0.6081058979034424,18944,3.939978837966919,,,,,,,,,
297,0.22500000000000003,0.22500000000000003,RL-sBOED,0.5717065334320068,19008,3.93778395652771,,,,,,,,,
298,0.22500000000000003,0.22500000000000003,RL-sBOED,0.5699982643127441,19072,3.9366683959960938,,,,,,,,,
299,0.22500000000000003,0.22500000000000003,RL-sBOED,0.5721244812011719,19136,3.937460422515869,,,,,,,,,
300,0.22500000000000003,0.22500000000000003,RL-sBOED,0.5706658363342285,19200,3.9386703968048096,0.22500000000000006,30,2.337875514530046,0.234375,0.0,1,0.0,0.22500000000000006,0
301,0.22500000000000003,0.22500000000000003,RL-sBOED,0.5709004402160645,19264,3.9384257793426514,,,,,,,,,
302,0.22500000000000003,0.22500000000000003,RL-sBOED,0.5695586204528809,19328,3.9382083415985107,,,,,,,,,
303,0.22500000000000003,0.22500000000000003,RL-sBOED,0.5715861320495605,19392,3.937345266342163,,,,,,,,,
304,0.22500000000000003,0.22500000000000003,RL-sBOED,0.5712621212005615,19456,3.936356782913208,,,,,,,,,
305,0.22500000000000003,0.22500000000000003,RL-sBOED,0.5719091892242432,19520,3.937243700027466,,,,,,,,,
306,0.22500000000000003,0.22500000000000003,RL-sBOED,0.5742182731628418,19584,3.9375927448272705,,,,,,,,,
307,0.22500000000000003,0.22500000000000003,RL-sBOED,0.5751309394836426,19648,3.939863920211792,,,,,,,,,
308,0.22500000000000003,0.22500000000000003,RL-sBOED,0.5732443332672119,19712,3.9404938220977783,,,,,,,,,
309,0.22500000000000003,0.22500000000000003,RL-sBOED,0.5714795589447021,19776,3.941673994064331,,,,,,,,,
310,0.22500000000000003,0.22500000000000003,RL-sBOED,0.57244873046875,19840,3.941906452178955,,,,,,,,,
311,0.22500000000000003,0.22500000000000003,RL-sBOED,0.5699713230133057,19904,3.9423024654388428,,,,,,,,,
312,0.22500000000000003,0.22500000000000003,RL-sBOED,0.5726721286773682,19968,3.9430654048919678,,,,,,,,,
313,0.22500000000000003,0.22500000000000003,RL-sBOED,0.5714981555938721,20032,3.9422645568847656,,,,,,,,,
314,0.22500000000000003,0.22500000000000003,RL-sBOED,0.5702834129333496,20096,3.9412765502929688,,,,,,,,,
315,0.22500000000000003,0.22500000000000003,RL-sBOED,0.5707306861877441,20160,3.940133810043335,,,,,,,,,
316,0.22500000000000003,0.22500000000000003,RL-sBOED,0.5714514255523682,20224,3.940901279449463,,,,,,,,,
317,0.22500000000000003,0.22500000000000003,RL-sBOED,0.5712342262268066,20288,3.940276861190796,,,,,,,,,
318,0.22500000000000003,0.22500000000000003,RL-sBOED,0.5698308944702148,20352,3.938336133956909,,,,,,,,,
319,0.22500000000000003,0.22500000000000003,RL-sBOED,0.5703074932098389,20416,3.937443971633911,,,,,,,,,
320,0.22500000000000003,0.22500000000000003,RL-sBOED,0.5733962059020996,20480,3.9371705055236816,,,,,,,,,
321,0.22500000000000003,0.22500000000000003,RL-sBOED,0.5738449096679688,20544,3.9367988109588623,,,,,,,,,
322,0.22500000000000003,0.22500000000000003,RL-sBOED,0.5962188243865967,20608,3.934502124786377,,,,,,,,,
323,0.22500000000000003,0.22500000000000003,RL-sBOED,0.5777566432952881,20672,3.928640842437744,,,,,,,,,
324,0.22500000000000003,0.22500000000000003,RL-sBOED,0.574089765548706,20736,3.9222571849823,,,,,,,,,
325,0.22500000000000003,0.22500000000000003,RL-sBOED,0.5730938911437988,20800,3.9185426235198975,0.22500000000000006,22,2.7013220858673614,0.171875,0.0,1,0.0,0.22500000000000006,0
326,0.22500000000000003,0.22500000000000003,RL-sBOED,0.5720114707946777,20864,3.9187965393066406,,,,,,,,,
327,0.22500000000000003,0.22500000000000003,RL-sBOED,0.5728321075439453,20928,3.927182912826538,,,,,,,,,
328,0.22500000000000003,0.22500000000000003,RL-sBOED,0.5722417831420898,20992,3.930293321609497,,,,,,,,,
329,0.22500000000000003,0.22500000000000003,RL-sBOED,0.5730128288269043,21056,3.9335708618164062,,,,,,,,,
330,0.22500000000000003,0.22500000000000003,RL-sBOED,0.5733091831207275,21120,3.9356446266174316,,,,,,,,,
331,0.22500000000000003,0.22500000000000003,RL-sBOED,0.5730233192443848,21184,3.936901569366455,,,,,,,,,
332,0.22500000000000003,0.22500000000000003,RL-sBOED,0.5727131366729736,21248,3.937927722930908,,,,,,,,,
333,0.22500000000000003,0.22500000000000003,RL-sBOED,0.5733249187469482,21312,3.939716339111328,,,,,,,,,
334,0.22500000000000003,0.22500000000000003,RL-sBOED,0.573732852935791,21376,3.9406509399414062,,,,,,,,,
335,0.22500000000000003,0.22500000000000003,RL-sBOED,0.5743551254272461,21440,3.9406917095184326,,,,,,,,,
336,0.22500000000000003,0.22500000000000003,RL-sBOED,0.573430061340332,21504,3.940857410430908,,,,,,,,,
337,0.22500000000000003,0.22500000000000003,RL-sBOED,0.5743355751037598,21568,3.9413344860076904,,,,,,,,,
338,0.22500000000000003,0.22500000000000003,RL-sBOED,0.5719320774078369,21632,3.941110372543335,,,,,,,,,
339,0.22500000000000003,0.22500000000000003,RL-sBOED,0.5731408596038818,21696,3.9420788288116455,,,,,,,,,
340,0.22500000000000003,0.22500000000000003,RL-sBOED,0.5728662014007568,21760,3.9425923824310303,,,,,,,,,
341,0.22500000000000003,0.22500000000000003,RL-sBOED,0.5733072757720947,21824,3.9421918392181396,,,,,,,,,
342,0.22500000000000003,0.22500000000000003,RL-sBOED,0.5725293159484863,21888,3.942995548248291,,,,,,,,,
343,0.22500000000000003,0.22500000000000003,RL-sBOED,0.5723028182983398,21952,3.9429116249084473,,,,,,,,,
344,0.22500000000000003,0.22500000000000003,RL-sBOED,0.5734050273895264,22016,3.942537307739258,,,,,,,,,
345,0.22500000000000003,0.22500000000000003,RL-sBOED,0.5737965106964111,22080,3.9423797130584717,,,,,,,,,
346,0.22500000000000003,0.22500000000000003,RL-sBOED,0.5738909244537354,22144,3.942133665084839,,,,,,,,,
347,0.22500000000000003,0.22500000000000003,RL-sBOED,0.5733931064605713,22208,3.942308187484741,,,,,,,,,
348,0.22500000000000003,0.22500000000000003,RL-sBOED,0.5732419490814209,22272,3.9415295124053955,,,,,,,,,
349,0.22500000000000003,0.22500000000000003,RL-sBOED,0.5739517211914062,22336,3.9418976306915283,,,,,,,,,
350,0.22500000000000003,0.22500000000000003,RL-sBOED,0.5726408958435059,22400,3.9416465759277344,0.22500000000000006,36,3.2055413672338027,0.28125,0.0,1,0.0,0.22500000000000006,1
351,0.22500000000000003,0.22500000000000003,RL-sBOED,0.5710515975952148,22464,3.9407708644866943,,,,,,,,,
352,0.22500000000000003,0.22500000000000003,RL-sBOED,0.5725338459014893,22528,3.9395432472229004,,,,,,,,,
353,0.22500000000000003,0.22500000000000003,RL-sBOED,0.5730018615722656,22592,3.9388587474823,,,,,,,,,
354,0.22500000000000003,0.22500000000000003,RL-sBOED,0.5725514888763428,22656,3.938721179962158,,,,,,,,,
355,0.22500000000000003,0.22500000000000003,RL-sBOED,0.5730538368225098,22720,3.937598466873169,,,,,,,,,
356,0.22500000000000003,0.22500000000000003,RL-sBOED,0.572232723236084,22784,3.9386117458343506,,,,,,,,,
357,0.22500000000000003,0.22500000000000003,RL-sBOED,0.5724904537200928,22848,3.9386849403381348,,,,,,,,,
358,0.22500000000000003,0.22500000000000003,RL-sBOED,0.5732331275939941,22912,3.938873052597046,,,,,,,,,
359,0.22500000000000003,0.22500000000000003,RL-sBOED,0.5726971626281738,22976,3.939037322998047,,,,,,,,,
360,0.22500000000000003,0.22500000000000003,RL-sBOED,0.5723443031311035,23040,3.9390621185302734,,,,,,,,,
361,0.22500000000000003,0.22500000000000003,RL-sBOED,0.5725655555725098,23104,3.938502550125122,,,,,,,,,
362,0.22500000000000003,0.22500000000000003,RL-sBOED,0.5723466873168945,23168,3.9358901977539062,,,,,,,,,
363,0.22500000000000003,0.22500000000000003,RL-sBOED,0.5705833435058594,23232,3.9348607063293457,,,,,,,,,
364,0.22500000000000003,0.22500000000000003,RL-sBOED,0.5720841884613037,23296,3.934499502182007,,,,,,,,,
365,0.22500000000000003,0.22500000000000003,RL-sBOED,0.5714421272277832,23360,3.933232069015503,,,,,,,,,
366,0.22500000000000003,0.22500000000000003,RL-sBOED,0.5722072124481201,23424,3.9331471920013428,,,,,,,,,
367,0.22500000000000003,0.22500000000000003,RL-sBOED,0.5716488361358643,23488,3.930739164352417,,,,,,,,,
368,0.22500000000000003,0.22500000000000003,RL-sBOED,0.5718212127685547,23552,3.9285686016082764,,,,,,,,,
369,0.22500000000000003,0.22500000000000003,RL-sBOED,0.570528507232666,23616,3.928316116333008,,,,,,,,,
370,0.22500000000000003,0.22500000000000003,RL-sBOED,0.5713238716125488,23680,3.927940845489502,,,,,,,,,
371,0.22500000000000003,0.22500000000000003,RL-sBOED,0.5702393054962158,23744,3.928316831588745,,,,,,,,,
372,0.22500000000000003,0.22500000000000003,RL-sBOED,0.5709614753723145,23808,3.930145263671875,,,,,,,,,
373,0.22500000000000003,0.22500000000000003,RL-sBOED,0.5712435245513916,23872,3.9307007789611816,,,,,,,,,
374,0.22500000000000003,0.22500000000000003,RL-sBOED,0.5714321136474609,23936,3.9297287464141846,,,,,,,,,
375,0.22500000000000003,0.22500000000000003,RL-sBOED,0.5700488090515137,24000,3.9294090270996094,0.22500000000000006,33,3.0150202918023763,0.2578125,0.0,1,0.0,0.22500000000000006,1
376,0.22500000000000003,0.22500000000000003,RL-sBOED,0.5700228214263916,24064,3.9292938709259033,,,,,,,,,
377,0.22500000000000003,0.22500000000000003,RL-sBOED,0.5697598457336426,24128,3.929368257522583,,,,,,,,,
378,0.22500000000000003,0.22500000000000003,RL-sBOED,0.5720381736755371,24192,3.9282073974609375,,,,,,,,,
379,0.22500000000000003,0.22500000000000003,RL-sBOED,0.5704178810119629,24256,3.927846908569336,,,,,,,,,
380,0.22500000000000003,0.22500000000000003,RL-sBOED,0.5707943439483643,24320,3.9283268451690674,,,,,,,,,
381,0.22500000000000003,0.22500000000000003,RL-sBOED,0.5702052116394043,24384,3.9280846118927,,,,,,,,,
382,0.22500000000000003,0.22500000000000003,RL-sBOED,0.569324254989624,24448,3.9275455474853516,,,,,,,,,
383,0.22500000000000003,0.22500000000000003,RL-sBOED,0.5710766315460205,24512,3.9292304515838623,,,,,,,,,
384,0.22500000000000003,0.22500000000000003,RL-sBOED,0.5707995891571045,24576,3.9287688732147217,,,,,,,,,
385,0.22500000000000003,0.22500000000000003,RL-sBOED,0.5716457366943359,24640,3.928745746612549,,,,,,,,,
386,0.22500000000000003,0.22500000000000003,RL-sBOED,0.5717077255249023,24704,3.9274742603302,,,,,,,,,
387,0.22500000000000003,0.22500000000000003,RL-sBOED,0.5729477405548096,24768,3.9249649047851562,,,,,,,,,
388,0.22500000000000003,0.22500000000000003,RL-sBOED,0.5709109306335449,24832,3.924154758453369,,,,,,,,,
389,0.22500000000000003,0.22500000000000003,RL-sBOED,0.5698535442352295,24896,3.920173406600952,,,,,,,,,
390,0.22500000000000003,0.22500000000000003,RL-sBOED,0.5703659057617188,24960,3.915908098220825,,,,,,,,,
391,0.22500000000000003,0.22500000000000003,RL-sBOED,0.5702865123748779,25024,3.9160754680633545,,,,,,,,,
392,0.22500000000000003,0.22500000000000003,RL-sBOED,0.57169508934021,25088,3.9192569255828857,,,,,,,,,
393,0.22500000000000003,0.22500000000000003,RL-sBOED,0.5715107917785645,25152,3.9213600158691406,,,,,,,,,
394,0.22500000000000003,0.22500000000000003,RL-sBOED,0.5712614059448242,25216,3.9175186157226562,,,,,,,,,
395,0.22500000000000003,0.22500000000000003,RL-sBOED,0.5717873573303223,25280,3.911444902420044,,,,,,,,,
396,0.22500000000000003,0.22500000000000003,RL-sBOED,0.5715322494506836,25344,3.907038927078247,,,,,,,,,
397,0.22500000000000003,0.22500000000000003,RL-sBOED,0.57098388671875,25408,3.9036316871643066,,,,,,,,,
398,0.22500000000000003,0.22500000000000003,RL-sBOED,0.5696768760681152,25472,3.905979871749878,,,,,,,,,
399,0.22500000000000003,0.22500000000000003,RL-sBOED,0.5714559555053711,25536,3.905536651611328,,,,,,,,,
400,0.22500000000000003,0.22500000000000003,RL-sBOED,0.5709474086761475,25600,3.9071907997131348,0.22500000000000006,7,1.6208265072117418,0.0546875,0.0,1,0.0,0.22500000000000006,0
401,0.22500000000000003,0.22500000000000003,RL-sBOED,0.570382833480835,25664,3.910426378250122,,,,,,,,,
402,0.22500000000000003,0.22500000000000003,RL-sBOED,0.5714688301086426,25728,3.9096391201019287,,,,,,,,,
403,0.22500000000000003,0.22500000000000003,RL-sBOED,0.5725734233856201,25792,3.9107468128204346,,,,,,,,,
404,0.22500000000000003,0.22500000000000003,RL-sBOED,0.5720999240875244,25856,3.9176387786865234,,,,,,,,,
405,0.22500000000000003,0.22500000000000003,RL-sBOED,0.5706627368927002,25920,3.920682668685913,,,,,,,,,
406,0.22500000000000003,0.22500000000000003,RL-sBOED,0.5720462799072266,25984,3.925548553466797,,,,,,,,,
407,0.22500000000000003,0.22500000000000003,RL-sBOED,0.5714805126190186,26048,3.929818868637085,,,,,,,,,
408,0.22500000000000003,0.22500000000000003,RL-sBOED,0.5710749626159668,26112,3.932582139968872,,,,,,,,,
409,0.22500000000000003,0.22500000000000003,RL-sBOED,0.5718591213226318,26176,3.933892011642456,,,,,,,,,
410,0.22500000000000003,0.22500000000000003,RL-sBOED,0.5703859329223633,26240,3.9354264736175537,,,,,,,,,
411,0.22500000000000003,0.22500000000000003,RL-sBOED,0.5706286430358887,26304,3.935736894607544,,,,,,,,,
412,0.22500000000000003,0.22500000000000003,RL-sBOED,0.5720558166503906,26368,3.93552565574646,,,,,,,,,
413,0.22500000000000003,0.22500000000000003,RL-sBOED,0.571359395980835,26432,3.936338424682617,,,,,,,,,
414,0.22500000000000003,0.22500000000000003,RL-sBOED,0.5719959735870361,26496,3.9368255138397217,,,,,,,,,
415,0.22500000000000003,0.22500000000000003,RL-sBOED,0.5707359313964844,26560,3.937537908554077,,,,,,,,,
416,0.22500000000000003,0.22500000000000003,RL-sBOED,0.5718083381652832,26624,3.9380385875701904,,,,,,,,,
417,0.22500000000000003,0.22500000000000003,RL-sBOED,0.5703792572021484,26688,3.9380135536193848,,,,,,,,,
418,0.22500000000000003,0.22500000000000003,RL-sBOED,0.5708417892456055,26752,3.9382591247558594,,,,,,,,,
419,0.22500000000000003,0.22500000000000003,RL-sBOED,0.5708703994750977,26816,3.938215732574463,,,,,,,,,
420,0.22500000000000003,0.22500000000000003,RL-sBOED,0.572223424911499,26880,3.9375722408294678,,,,,,,,,
421,0.22500000000000003,0.22500000000000003,RL-sBOED,0.5718057155609131,26944,3.93670654296875,,,,,,,,,
422,0.22500000000000003,0.22500000000000003,RL-sBOED,0.5711226463317871,27008,3.936004638671875,,,,,,,,,
423,0.22500000000000003,0.22500000000000003,RL-sBOED,0.5710506439208984,27072,3.935680866241455,,,,,,,,,
424,0.22500000000000003,0.22500000000000003,RL-sBOED,0.5716390609741211,27136,3.935788869857788,,,,,,,,,
425,0.22500000000000003,0.22500000000000003,RL-sBOED,0.5716276168823242,27200,3.935626983642578,0.22500000000000006,27,2.9428885497985653,0.2109375,0.0,1,0.0,0.22500000000000006,0
426,0.22500000000000003,0.22500000000000003,RL-sBOED,0.5708739757537842,27264,3.935904026031494,,,,,,,,,
427,0.22500000000000003,0.22500000000000003,RL-sBOED,0.5705552101135254,27328,3.9370009899139404,,,,,,,,,
428,0.22500000000000003,0.22500000000000003,RL-sBOED,0.5711812973022461,27392,3.9382545948028564,,,,,,,,,
429,0.22500000000000003,0.22500000000000003,RL-sBOED,0.572087287902832,27456,3.938711643218994,,,,,,,,,
430,0.22500000000000003,0.22500000000000003,RL-sBOED,0.571707010269165,27520,3.939178466796875,,,,,,,,,
431,0.22500000000000003,0.22500000000000003,RL-sBOED,0.5713217258453369,27584,3.940338611602783,,,,,,,,,
432,0.22500000000000003,0.22500000000000003,RL-sBOED,0.5708456039428711,27648,3.9409756660461426,,,,,,,,,
433,0.22500000000000003,0.22500000000000003,RL-sBOED,0.571174144744873,27712,3.9411275386810303,,,,,,,,,
434,0.22500000000000003,0.22500000000000003,RL-sBOED,0.5704576969146729,27776,3.9408252239227295,,,,,,,,,
435,0.22500000000000003,0.22500000000000003,RL-sBOED,0.571197509765625,27840,3.940582275390625,,,,,,,,,
436,0.22500000000000003,0.22500000000000003,RL-sBOED,0.57132887840271,27904,3.939568281173706,,,,,,,,,
437,0.22500000000000003,0.22500000000000003,RL-sBOED,0.5718240737915039,27968,3.939121961593628,,,,,,,,,
438,0.22500000000000003,0.22500000000000003,RL-sBOED,0.5714030265808105,28032,3.938690662384033,,,,,,,,,
439,0.22500000000000003,0.22500000000000003,RL-sBOED,0.5708403587341309,28096,3.938689947128296,,,,,,,,,
440,0.22500000000000003,0.22500000000000003,RL-sBOED,0.5716574192047119,28160,3.938695192337036,,,,,,,,,
441,0.22500000000000003,0.22500000000000003,RL-sBOED,0.5712833404541016,28224,3.939275026321411,,,,,,,,,
442,0.22500000000000003,0.22500000000000003,RL-sBOED,0.571340799331665,28288,3.939338445663452,,,,,,,,,
443,0.22500000000000003,0.22500000000000003,RL-sBOED,0.5709123611450195,28352,3.9401745796203613,,,,,,,,,
444,0.22500000000000003,0.22500000000000003,RL-sBOED,0.5716512203216553,28416,3.9400978088378906,,,,,,,,,
445,0.22500000000000003,0.22500000000000003,RL-sBOED,0.5720853805541992,28480,3.9393577575683594,,,,,,,,,
446,0.22500000000000003,0.22500000000000003,RL-sBOED,0.5712831020355225,28544,3.9379196166992188,,,,,,,,,
447,0.22500000000000003,0.22500000000000003,RL-sBOED,0.571307897567749,28608,3.9377593994140625,,,,,,,,,
448,0.22500000000000003,0.22500000000000003,RL-sBOED,0.5698509216308594,28672,3.937674045562744,,,,,,,,,
449,0.22500000000000003,0.22500000000000003,RL-sBOED,0.5723187923431396,28736,3.938091993331909,,,,,,,,,
450,0.22500000000000003,0.22500000000000003,RL-sBOED,0.5703239440917969,28800,3.936941146850586,0.22500000000000006,17,2.2609036403856764,0.1328125,0.0,1,0.0,0.22500000000000006,0
451,0.22500000000000003,0.22500000000000003,RL-sBOED,0.5713386535644531,28864,3.935559034347534,,,,,,,,,
452,0.22500000000000003,0.22500000000000003,RL-sBOED,0.5716328620910645,28928,3.933849334716797,,,,,,,,,
453,0.22500000000000003,0.22500000000000003,RL-sBOED,0.6098031997680664,28992,3.933204412460327,,,,,,,,,
454,0.22500000000000003,0.22500000000000003,RL-sBOED,0.570786714553833,29056,3.9336750507354736,,,,,,,,,
455,0.22500000000000003,0.22500000000000003,RL-sBOED,0.5712125301361084,29120,3.9336776733398438,,,,,,,,,
456,0.22500000000000003,0.22500000000000003,RL-sBOED,0.5707366466522217,29184,3.9327237606048584,,,,,,,,,
457,0.22500000000000003,0.22500000000000003,RL-sBOED,0.5708677768707275,29248,3.9324474334716797,,,,,,,,,
458,0.22500000000000003,0.22500000000000003,RL-sBOED,0.572232723236084,29312,3.9320945739746094,,,,,,,,,
459,0.22500000000000003,0.22500000000000003,RL-sBOED,0.5710880756378174,29376,3.934033155441284,,,,,,,,,
460,0.22500000000000003,0.22500000000000003,RL-sBOED,0.5717880725860596,29440,3.9349544048309326,,,,,,,,,
461,0.22500000000000003,0.22500000000000003,RL-sBOED,0.5713207721710205,29504,3.9365570545196533,,,,,,,,,
462,0.22500000000000003,0.22500000000000003,RL-sBOED,0.5724673271179199,29568,3.9373416900634766,,,,,,,,,
463,0.22500000000000003,0.22500000000000003,RL-sBOED,0.5709278583526611,29632,3.937589406967163,,,,,,,,,
464,0.22500000000000003,0.22500000000000003,RL-sBOED,0.5705533027648926,29696,3.938204288482666,,,,,,,,,
465,0.22500000000000003,0.22500000000000003,RL-sBOED,0.5714981555938721,29760,3.9392852783203125,,,,,,,,,
466,0.22500000000000003,0.22500000000000003,RL-sBOED,0.5720765590667725,29824,3.9394607543945312,,,,,,,,,
467,0.22500000000000003,0.22500000000000003,RL-sBOED,0.5726304054260254,29888,3.9395077228546143,,,,,,,,,
468,0.22500000000000003,0.22500000000000003,RL-sBOED,0.5710623264312744,29952,3.9386870861053467,,,,,,,,,
469,0.22500000000000003,0.22500000000000003,RL-sBOED,0.5729422569274902,30016,3.9376542568206787,,,,,,,,,
470,0.22500000000000003,0.22500000000000003,RL-sBOED,0.570408821105957,30080,3.936696767807007,,,,,,,,,
471,0.22500000000000003,0.22500000000000003,RL-sBOED,0.5729942321777344,30144,3.9356019496917725,,,,,,,,,
472,0.22500000000000003,0.22500000000000003,RL-sBOED,0.5713002681732178,30208,3.9354074001312256,,,,,,,,,
473,0.22500000000000003,0.22500000000000003,RL-sBOED,0.570838451385498,30272,3.93599009513855,,,,,,,,,
474,0.22500000000000003,0.22500000000000003,RL-sBOED,0.5724661350250244,30336,3.9355645179748535,,,,,,,,,
475,0.22500000000000003,0.22500000000000003,RL-sBOED,0.571312665939331,30400,3.934227466583252,0.22500000000000006,4,0.1368801298353387,0.03125,0.0,1,0.0,0.22500000000000006,0
476,0.22500000000000003,0.22500000000000003,RL-sBOED,0.5702226161956787,30464,3.9338014125823975,,,,,,,,,
477,0.22500000000000003,0.22500000000000003,RL-sBOED,0.5694561004638672,30528,3.9346790313720703,,,,,,,,,
478,0.22500000000000003,0.22500000000000003,RL-sBOED,0.5717771053314209,30592,3.935986042022705,,,,,,,,,
479,0.22500000000000003,0.22500000000000003,RL-sBOED,0.571643590927124,30656,3.9373748302459717,,,,,,,,,
480,0.22500000000000003,0.22500000000000003,RL-sBOED,0.5718119144439697,30720,3.9378533363342285,,,,,,,,,
481,0.22500000000000003,0.22500000000000003,RL-sBOED,0.5702059268951416,30784,3.9389045238494873,,,,,,,,,
482,0.22500000000000003,0.22500000000000003,RL-sBOED,0.5708115100860596,30848,3.9406068325042725,,,,,,,,,
483,0.22500000000000003,0.22500000000000003,RL-sBOED,0.5709788799285889,30912,3.9418017864227295,,,,,,,,,
484,0.22500000000000003,0.22500000000000003,RL-sBOED,0.572052001953125,30976,3.942317247390747,,,,,,,,,
485,0.22500000000000003,0.22500000000000003,RL-sBOED,0.5717074871063232,31040,3.942312002182007,,,,,,,,,
486,0.22500000000000003,0.22500000000000003,RL-sBOED,0.5711503028869629,31104,3.9424731731414795,,,,,,,,,
487,0.22500000000000003,0.22500000000000003,RL-sBOED,0.5709018707275391,31168,3.942830801010132,,,,,,,,,
488,0.22500000000000003,0.22500000000000003,RL-sBOED,0.5702064037322998,31232,3.942814588546753,,,,,,,,,
489,0.22500000000000003,0.22500000000000003,RL-sBOED,0.571425199508667,31296,3.9427037239074707,,,,,,,,,
490,0.22500000000000003,0.22500000000000003,RL-sBOED,0.5699937343597412,31360,3.942289113998413,,,,,,,,,
491,0.22500000000000003,0.22500000000000003,RL-sBOED,0.5707581043243408,31424,3.9420666694641113,,,,,,,,,
492,0.22500000000000003,0.22500000000000003,RL-sBOED,0.5713951587677002,31488,3.941732168197632,,,,,,,,,
493,0.22500000000000003,0.22500000000000003,RL-sBOED,0.5717873573303223,31552,3.9417381286621094,,,,,,,,,
494,0.22500000000000003,0.22500000000000003,RL-sBOED,0.5719294548034668,31616,3.9420793056488037,,,,,,,,,
495,0.22500000000000003,0.22500000000000003,RL-sBOED,0.5724961757659912,31680,3.9421989917755127,,,,,,,,,
496,0.22500000000000003,0.22500000000000003,RL-sBOED,0.5705697536468506,31744,3.9424712657928467,,,,,,,,,
497,0.22500000000000003,0.22500000000000003,RL-sBOED,0.5700235366821289,31808,3.9426116943359375,,,,,,,,,
498,0.22500000000000003,0.22500000000000003,RL-sBOED,0.5709264278411865,31872,3.9426116943359375,,,,,,,,,
499,0.22500000000000003,0.22500000000000003,RL-sBOED,0.5719478130340576,31936,3.9424538612365723,,,,,,,,,
500,0.22500000000000003,0.22500000000000003,RL-sBOED,0.5710277557373047,32000,3.9427032470703125,0.22500000000000006,14,1.9798534626077213,0.109375,0.0,1,0.0,0.22500000000000006,0
501,0.22500000000000003,0.22500000000000003,RL-sBOED,0.5739223957061768,32064,3.9427316188812256,,,,,,,,,
502,0.22500000000000003,0.22500000000000003,RL-sBOED,0.574185848236084,32128,3.9423110485076904,,,,,,,,,
503,0.22500000000000003,0.22500000000000003,RL-sBOED,0.5749597549438477,32192,3.942142963409424,,,,,,,,,
504,0.22500000000000003,0.22500000000000003,RL-sBOED,0.5738520622253418,32256,3.941969633102417,,,,,,,,,
505,0.22500000000000003,0.22500000000000003,RL-sBOED,0.5724728107452393,32320,3.9416770935058594,,,,,,,,,
506,0.22500000000000003,0.22500000000000003,RL-sBOED,0.5772171020507812,32384,3.9411628246307373,,,,,,,,,
507,0.22500000000000003,0.22500000000000003,RL-sBOED,0.5744259357452393,32448,3.9403786659240723,,,,,,,,,
508,0.22500000000000003,0.22500000000000003,RL-sBOED,0.5713987350463867,32512,3.939601182937622,,,,,,,,,
509,0.22500000000000003,0.22500000000000003,RL-sBOED,0.5718660354614258,32576,3.9393608570098877,,,,,,,,,
510,0.22500000000000003,0.22500000000000003,RL-sBOED,0.5715880393981934,32640,3.9396214485168457,,,,,,,,,
511,0.22500000000000003,0.22500000000000003,RL-sBOED,0.570685863494873,32704,3.9391987323760986,,,,,,,,,
512,0.22500000000000003,0.22500000000000003,RL-sBOED,0.5727572441101074,32768,3.9385757446289062,,,,,,,,,
513,0.22500000000000003,0.22500000000000003,RL-sBOED,0.5698151588439941,32832,3.938352584838867,,,,,,,,,
514,0.22500000000000003,0.22500000000000003,RL-sBOED,0.5699844360351562,32896,3.937549352645874,,,,,,,,,
515,0.22500000000000003,0.22500000000000003,RL-sBOED,0.5696594715118408,32960,3.936737060546875,,,,,,,,,
516,0.22500000000000003,0.22500000000000003,RL-sBOED,0.5702059268951416,33024,3.936190366744995,,,,,,,,,
517,0.22500000000000003,0.22500000000000003,RL-sBOED,0.5714499950408936,33088,3.935903549194336,,,,,,,,,
518,0.22500000000000003,0.22500000000000003,RL-sBOED,0.5704042911529541,33152,3.935314178466797,,,,,,,,,
519,0.22500000000000003,0.22500000000000003,RL-sBOED,0.5707638263702393,33216,3.9365029335021973,,,,,,,,,
520,0.22500000000000003,0.22500000000000003,RL-sBOED,0.5711274147033691,33280,3.9372215270996094,,,,,,,,,
521,0.22500000000000003,0.22500000000000003,RL-sBOED,0.5713107585906982,33344,3.9387519359588623,,,,,,,,,
522,0.22500000000000003,0.22500000000000003,RL-sBOED,0.571915864944458,33408,3.939383029937744,,,,,,,,,
523,0.22500000000000003,0.22500000000000003,RL-sBOED,0.5708451271057129,33472,3.9396169185638428,,,,,,,,,
524,0.22500000000000003,0.22500000000000003,RL-sBOED,0.5727419853210449,33536,3.9400737285614014,,,,,,,,,
525,0.22500000000000003,0.22500000000000003,RL-sBOED,0.5702953338623047,33600,3.9408516883850098,0.22500000000000006,16,2.3789776500880886,0.125,0.0,1,0.0,0.22500000000000006,0
526,0.22500000000000003,0.22500000000000003,RL-sBOED,0.5707778930664062,33664,3.9420249462127686,,,,,,,,,
527,0.22500000000000003,0.22500000000000003,RL-sBOED,0.570096492767334,33728,3.9428184032440186,,,,,,,,,
528,0.22500000000000003,0.22500000000000003,RL-sBOED,0.5718803405761719,33792,3.9427037239074707,,,,,,,,,
529,0.22500000000000003,0.22500000000000003,RL-sBOED,0.5715889930725098,33856,3.942962646484375,,,,,,,,,
530,0.22500000000000003,0.22500000000000003,RL-sBOED,0.5720181465148926,33920,3.9426872730255127,,,,,,,,,
531,0.22500000000000003,0.22500000000000003,RL-sBOED,0.5711967945098877,33984,3.9416511058807373,,,,,,,,,
532,0.22500000000000003,0.22500000000000003,RL-sBOED,0.5698835849761963,34048,3.9413399696350098,,,,,,,,,
533,0.22500000000000003,0.22500000000000003,RL-sBOED,0.5709495544433594,34112,3.9410247802734375,,,,,,,,,
534,0.22500000000000003,0.22500000000000003,RL-sBOED,0.5701723098754883,34176,3.941002607345581,,,,,,,,,
535,0.22500000000000003,0.22500000000000003,RL-sBOED,0.5718045234680176,34240,3.9406144618988037,,,,,,,,,
536,0.22500000000000003,0.22500000000000003,RL-sBOED,0.5720274448394775,34304,3.9391021728515625,,,,,,,,,
537,0.22500000000000003,0.22500000000000003,RL-sBOED,0.5724313259124756,34368,3.9384400844573975,,,,,,,,,
538,0.22500000000000003,0.22500000000000003,RL-sBOED,0.5717649459838867,34432,3.938009738922119,,,,,,,,,
539,0.22500000000000003,0.22500000000000003,RL-sBOED,0.5706570148468018,34496,3.937209367752075,,,,,,,,,
540,0.22500000000000003,0.22500000000000003,RL-sBOED,0.5710406303405762,34560,3.9362189769744873,,,,,,,,,
541,0.22500000000000003,0.22500000000000003,RL-sBOED,0.5701773166656494,34624,3.9360313415527344,,,,,,,,,
542,0.22500000000000003,0.22500000000000003,RL-sBOED,0.5723533630371094,34688,3.935730457305908,,,,,,,,,
543,0.22500000000000003,0.22500000000000003,RL-sBOED,0.5698971748352051,34752,3.934605360031128,,,,,,,,,
544,0.22500000000000003,0.22500000000000003,RL-sBOED,0.5732851028442383,34816,3.932875156402588,,,,,,,,,
545,0.22500000000000003,0.22500000000000003,RL-sBOED,0.5710446834564209,34880,3.9335789680480957,,,,,,,,,
546,0.22500000000000003,0.22500000000000003,RL-sBOED,0.572075605392456,34944,3.9344890117645264,,,,,,,,,
547,0.22500000000000003,0.22500000000000003,RL-sBOED,0.575598955154419,35008,3.934608221054077,,,,,,,,,
548,0.22500000000000003,0.22500000000000003,RL-sBOED,0.5833632946014404,35072,3.9349281787872314,,,,,,,,,
549,0.22500000000000003,0.22500000000000003,RL-sBOED,0.5735485553741455,35136,3.9354069232940674,,,,,,,,,
550,0.22500000000000003,0.22500000000000003,RL-sBOED,0.5721776485443115,35200,3.935401201248169,0.22500000000000006,6,1.1180337016644848,0.046875,0.0,1,0.0,0.22500000000000006,0
551,0.22500000000000003,0.22500000000000003,RL-sBOED,0.5871210098266602,35264,3.935213804244995,,,,,,,,,
552,0.22500000000000003,0.22500000000000003,RL-sBOED,0.5852453708648682,35328,3.9346091747283936,,,,,,,,,
553,0.22500000000000003,0.22500000000000003,RL-sBOED,0.5845029354095459,35392,3.9342041015625,,,,,,,,,
554,0.22500000000000003,0.22500000000000003,RL-sBOED,0.5856304168701172,35456,3.9345672130584717,,,,,,,,,
555,0.22500000000000003,0.22500000000000003,RL-sBOED,0.5873262882232666,35520,3.9343948364257812,,,,,,,,,
556,0.22500000000000003,0.22500000000000003,RL-sBOED,0.577232837677002,35584,3.9327332973480225,,,,,,,,,
557,0.22500000000000003,0.22500000000000003,RL-sBOED,0.5758271217346191,35648,3.930973768234253,,,,,,,,,
558,0.22500000000000003,0.22500000000000003,RL-sBOED,0.5798556804656982,35712,3.9308159351348877,,,,,,,,,
559,0.22500000000000003,0.22500000000000003,RL-sBOED,0.5822339057922363,35776,3.9320170879364014,,,,,,,,,
560,0.22500000000000003,0.22500000000000003,RL-sBOED,0.5851995944976807,35840,3.9327666759490967,,,,,,,,,
561,0.22500000000000003,0.22500000000000003,RL-sBOED,0.5846779346466064,35904,3.9322755336761475,,,,,,,,,
562,0.22500000000000003,0.22500000000000003,RL-sBOED,0.5855832099914551,35968,3.931903839111328,,,,,,,,,
563,0.22500000000000003,0.22500000000000003,RL-sBOED,0.5748343467712402,36032,3.9301421642303467,,,,,,,,,
564,0.22500000000000003,0.22500000000000003,RL-sBOED,0.5820965766906738,36096,3.9279937744140625,,,,,,,,,
565,0.22500000000000003,0.22500000000000003,RL-sBOED,0.5785026550292969,36160,3.9268670082092285,,,,,,,,,
566,0.22500000000000003,0.22500000000000003,RL-sBOED,0.5805039405822754,36224,3.9273197650909424,,,,,,,,,
567,0.22500000000000003,0.22500000000000003,RL-sBOED,0.5821802616119385,36288,3.9266517162323,,,,,,,,,
568,0.22500000000000003,0.22500000000000003,RL-sBOED,0.5754108428955078,36352,3.9241864681243896,,,,,,,,,
569,0.22500000000000003,0.22500000000000003,RL-sBOED,0.5734758377075195,36416,3.920719861984253,,,,,,,,,
570,0.22500000000000003,0.22500000000000003,RL-sBOED,0.5733187198638916,36480,3.9186782836914062,,,,,,,,,
571,0.22500000000000003,0.22500000000000003,RL-sBOED,0.5739538669586182,36544,3.918715238571167,,,,,,,,,
572,0.22500000000000003,0.22500000000000003,RL-sBOED,0.5734744071960449,36608,3.9177238941192627,,,,,,,,,
573,0.22500000000000003,0.22500000000000003,RL-sBOED,0.5737817287445068,36672,3.917048692703247,,,,,,,,,
574,0.22500000000000003,0.22500000000000003,RL-sBOED,0.5757830142974854,36736,3.9163575172424316,,,,,,,,,
575,0.22500000000000003,0.22500000000000003,RL-sBOED,0.5734632015228271,36800,3.9154746532440186,0.22500000000000006,5,0.9431732143872185,0.0390625,0.0,1,0.0,0.22500000000000006,0
576,0.22500000000000003,0.22500000000000003,RL-sBOED,0.5718200206756592,36864,3.9165351390838623,,,,,,,,,
577,0.22500000000000003,0.22500000000000003,RL-sBOED,0.57198166847229,36928,3.9168312549591064,,,,,,,,,
578,0.22500000000000003,0.22500000000000003,RL-sBOED,0.5729997158050537,36992,3.917952060699463,,,,,,,,,
579,0.22500000000000003,0.22500000000000003,RL-sBOED,0.571782112121582,37056,3.920444965362549,,,,,,,,,
580,0.22500000000000003,0.22500000000000003,RL-sBOED,0.5722577571868896,37120,3.920401096343994,,,,,,,,,
581,0.22500000000000003,0.22500000000000003,RL-sBOED,0.5719616413116455,37184,3.9214630126953125,,,,,,,,,
582,0.22500000000000003,0.22500000000000003,RL-sBOED,0.5721395015716553,37248,3.923044204711914,,,,,,,,,
583,0.22500000000000003,0.22500000000000003,RL-sBOED,0.5727748870849609,37312,3.9239730834960938,,,,,,,,,
584,0.22500000000000003,0.22500000000000003,RL-sBOED,0.5717587471008301,37376,3.924678087234497,,,,,,,,,
585,0.22500000000000003,0.22500000000000003,RL-sBOED,0.5722010135650635,37440,3.9238452911376953,,,,,,,,,
586,0.22500000000000003,0.22500000000000003,RL-sBOED,0.5722103118896484,37504,3.920828342437744,,,,,,,,,
587,0.22500000000000003,0.22500000000000003,RL-sBOED,0.5720326900482178,37568,3.918966054916382,,,,,,,,,
588,0.22500000000000003,0.22500000000000003,RL-sBOED,0.5726330280303955,37632,3.9183290004730225,,,,,,,,,
589,0.22500000000000003,0.22500000000000003,RL-sBOED,0.572537899017334,37696,3.918788194656372,,,,,,,,,
590,0.22500000000000003,0.22500000000000003,RL-sBOED,0.5718090534210205,37760,3.9197921752929688,,,,,,,,,
591,0.22500000000000003,0.22500000000000003,RL-sBOED,0.5731585025787354,37824,3.917569875717163,,,,,,,,,
592,0.22500000000000003,0.22500000000000003,RL-sBOED,0.5720560550689697,37888,3.9166080951690674,,,,,,,,,
593,0.22500000000000003,0.22500000000000003,RL-sBOED,0.5720405578613281,37952,3.916693925857544,,,,,,,,,
594,0.22500000000000003,0.22500000000000003,RL-sBOED,0.5733242034912109,38016,3.9152779579162598,,,,,,,,,
595,0.22500000000000003,0.22500000000000003,RL-sBOED,0.5717010498046875,38080,3.9167187213897705,,,,,,,,,
596,0.22500000000000003,0.22500000000000003,RL-sBOED,0.572824239730835,38144,3.9185097217559814,,,,,,,,,
597,0.22500000000000003,0.22500000000000003,RL-sBOED,0.5724215507507324,38208,3.920727252960205,,,,,,,,,
598,0.22500000000000003,0.22500000000000003,RL-sBOED,0.5717971324920654,38272,3.925663471221924,,,,,,,,,
599,0.22500000000000003,0.22500000000000003,RL-sBOED,0.5728070735931396,38336,3.9287033081054688,,,,,,,,,
600,0.22500000000000003,0.22500000000000003,RL-sBOED,0.5726602077484131,38400,3.9318363666534424,0.22500000000000006,3,0.22170025462691437,0.0234375,0.0,1,0.0,0.22500000000000006,0
601,0.22500000000000003,0.22500000000000003,RL-sBOED,0.5714209079742432,38464,3.935448169708252,,,,,,,,,
602,0.22500000000000003,0.22500000000000003,RL-sBOED,0.5733671188354492,38528,3.938627004623413,,,,,,,,,
603,0.22500000000000003,0.22500000000000003,RL-sBOED,0.5738117694854736,38592,3.940572500228882,,,,,,,,,
604,0.22500000000000003,0.22500000000000003,RL-sBOED,0.5741784572601318,38656,3.941304922103882,,,,,,,,,
605,0.22500000000000003,0.22500000000000003,RL-sBOED,0.5741314888000488,38720,3.9415245056152344,,,,,,,,,
606,0.22500000000000003,0.22500000000000003,RL-sBOED,0.572481632232666,38784,3.9415721893310547,,,,,,,,,
607,0.22500000000000003,0.22500000000000003,RL-sBOED,0.5732808113098145,38848,3.942128896713257,,,,,,,,,
608,0.22500000000000003,0.22500000000000003,RL-sBOED,0.5735054016113281,38912,3.9423210620880127,,,,,,,,,
609,0.22500000000000003,0.22500000000000003,RL-sBOED,0.5725052356719971,38976,3.9426045417785645,,,,,,,,,
610,0.22500000000000003,0.22500000000000003,RL-sBOED,0.5728120803833008,39040,3.94245982170105,,,,,,,,,
611,0.22500000000000003,0.22500000000000003,RL-sBOED,0.5752370357513428,39104,3.941983938217163,,,,,,,,,
612,0.22500000000000003,0.22500000000000003,RL-sBOED,0.5729320049285889,39168,3.941593647003174,,,,,,,,,
613,0.22500000000000003,0.22500000000000003,RL-sBOED,0.5736563205718994,39232,3.94148325920105,,,,,,,,,
614,0.22500000000000003,0.22500000000000003,RL-sBOED,0.5717837810516357,39296,3.941735029220581,,,,,,,,,
615,0.22500000000000003,0.22500000000000003,RL-sBOED,0.6105232238769531,39360,3.9424362182617188,,,,,,,,,
616,0.22500000000000003,0.22500000000000003,RL-sBOED,0.5734484195709229,39424,3.9427101612091064,,,,,,,,,
617,0.22500000000000003,0.22500000000000003,RL-sBOED,0.5730042457580566,39488,3.9431169033050537,,,,,,,,,
618,0.22500000000000003,0.22500000000000003,RL-sBOED,0.5732467174530029,39552,3.9428765773773193,,,,,,,,,
619,0.22500000000000003,0.22500000000000003,RL-sBOED,0.5730743408203125,39616,3.9425017833709717,,,,,,,,,
620,0.22500000000000003,0.22500000000000003,RL-sBOED,0.5737221240997314,39680,3.9421441555023193,,,,,,,,,
621,0.22500000000000003,0.22500000000000003,RL-sBOED,0.5731897354125977,39744,3.9421029090881348,,,,,,,,,
622,0.22500000000000003,0.22500000000000003,RL-sBOED,0.5714530944824219,39808,3.9412763118743896,,,,,,,,,
623,0.22500000000000003,0.22500000000000003,RL-sBOED,0.5736775398254395,39872,3.9407031536102295,,,,,,,,,
624,0.22500000000000003,0.22500000000000003,RL-sBOED,0.5733296871185303,39936,3.9402809143066406,,,,,,,,,
625,0.22500000000000003,0.22500000000000003,RL-sBOED,0.5737278461456299,40000,3.939889907836914,0.22500000000000006,12,1.7999682090511862,0.09375,0.0,1,0.0,0.22500000000000006,0
626,0.22500000000000003,0.22500000000000003,RL-sBOED,0.5715935230255127,40064,3.9394891262054443,,,,,,,,,
627,0.22500000000000003,0.22500000000000003,RL-sBOED,0.5729665756225586,40128,3.939281463623047,,,,,,,,,
628,0.22500000000000003,0.22500000000000003,RL-sBOED,0.573300838470459,40192,3.9392974376678467,,,,,,,,,
629,0.22500000000000003,0.22500000000000003,RL-sBOED,0.5729899406433105,40256,3.939403533935547,,,,,,,,,
630,0.22500000000000003,0.22500000000000003,RL-sBOED,0.5729866027832031,40320,3.9403069019317627,,,,,,,,,
631,0.22500000000000003,0.22500000000000003,RL-sBOED,0.5745575428009033,40384,3.9415090084075928,,,,,,,,,
632,0.22500000000000003,0.22500000000000003,RL-sBOED,0.5734965801239014,40448,3.9419896602630615,,,,,,,,,
633,0.22500000000000003,0.22500000000000003,RL-sBOED,0.5738043785095215,40512,3.9425697326660156,,,,,,,,,
634,0.22500000000000003,0.22500000000000003,RL-sBOED,0.573173999786377,40576,3.9427478313446045,,,,,,,,,
635,0.22500000000000003,0.22500000000000003,RL-sBOED,0.5740203857421875,40640,3.943047285079956,,,,,,,,,
636,0.22500000000000003,0.22500000000000003,RL-sBOED,0.5736246109008789,40704,3.9437596797943115,,,,,,,,,
637,0.22500000000000003,0.22500000000000003,RL-sBOED,0.5734596252441406,40768,3.9442574977874756,,,,,,,,,
638,0.22500000000000003,0.22500000000000003,RL-sBOED,0.5727431774139404,40832,3.9443626403808594,,,,,,,,,
639,0.22500000000000003,0.22500000000000003,RL-sBOED,0.5731265544891357,40896,3.944584369659424,,,,,,,,,
640,0.22500000000000003,0.22500000000000003,RL-sBOED,0.5743930339813232,40960,3.944438934326172,,,,,,,,,
641,0.22500000000000003,0.22500000000000003,RL-sBOED,0.5732183456420898,41024,3.9442832469940186,,,,,,,,,
642,0.22500000000000003,0.22500000000000003,RL-sBOED,0.5725288391113281,41088,3.9440383911132812,,,,,,,,,
643,0.22500000000000003,0.22500000000000003,RL-sBOED,0.5731589794158936,41152,3.9438583850860596,,,,,,,,,
644,0.22500000000000003,0.22500000000000003,RL-sBOED,0.5733973979949951,41216,3.9438705444335938,,,,,,,,,
645,0.22500000000000003,0.22500000000000003,RL-sBOED,0.5731065273284912,41280,3.9435250759124756,,,,,,,,,
646,0.22500000000000003,0.22500000000000003,RL-sBOED,0.5727307796478271,41344,3.943425416946411,,,,,,,,,
647,0.22500000000000003,0.22500000000000003,RL-sBOED,0.5726513862609863,41408,3.9429702758789062,,,,,,,,,
648,0.22500000000000003,0.22500000000000003,RL-sBOED,0.5725655555725098,41472,3.9425435066223145,,,,,,,,,
649,0.22500000000000003,0.22500000000000003,RL-sBOED,0.5737836360931396,41536,3.9426097869873047,,,,,,,,,
650,0.22500000000000003,0.22500000000000003,RL-sBOED,0.5735006332397461,41600,3.943042039871216,0.22500000000000006,34,3.219676607684026,0.265625,0.0,1,0.0,0.22500000000000006,1
651,0.22500000000000003,0.22500000000000003,RL-sBOED,0.5732440948486328,41664,3.9432380199432373,,,,,,,,,
652,0.22500000000000003,0.22500000000000003,RL-sBOED,0.5729899406433105,41728,3.9436912536621094,,,,,,,,,
653,0.22500000000000003,0.22500000000000003,RL-sBOED,0.57269287109375,41792,3.94400954246521,,,,,,,,,
654,0.22500000000000003,0.22500000000000003,RL-sBOED,0.5738894939422607,41856,3.944174289703369,,,,,,,,,
655,0.22500000000000003,0.22500000000000003,RL-sBOED,0.5730628967285156,41920,3.9441490173339844,,,,,,,,,
656,0.22500000000000003,0.22500000000000003,RL-sBOED,0.5732038021087646,41984,3.9440972805023193,,,,,,,,,
657,0.22500000000000003,0.22500000000000003,RL-sBOED,0.5725247859954834,42048,3.943635940551758,,,,,,,,,
658,0.22500000000000003,0.22500000000000003,RL-sBOED,0.5735981464385986,42112,3.9429726600646973,,,,,,,,,
659,0.22500000000000003,0.22500000000000003,RL-sBOED,0.5734612941741943,42176,3.942340612411499,,,,,,,,,
660,0.22500000000000003,0.22500000000000003,RL-sBOED,0.5726990699768066,42240,3.942012071609497,,,,,,,,,
661,0.22500000000000003,0.22500000000000003,RL-sBOED,0.573136568069458,42304,3.9422829151153564,,,,,,,,,
662,0.22500000000000003,0.22500000000000003,RL-sBOED,0.5730702877044678,42368,3.9424540996551514,,,,,,,,,
663,0.22500000000000003,0.22500000000000003,RL-sBOED,0.5727963447570801,42432,3.9420864582061768,,,,,,,,,
664,0.22500000000000003,0.22500000000000003,RL-sBOED,0.573451042175293,42496,3.9416980743408203,,,,,,,,,
665,0.22500000000000003,0.22500000000000003,RL-sBOED,0.5726709365844727,42560,3.941788911819458,,,,,,,,,
666,0.22500000000000003,0.22500000000000003,RL-sBOED,0.5731785297393799,42624,3.9419350624084473,,,,,,,,,
667,0.22500000000000003,0.22500000000000003,RL-sBOED,0.5735266208648682,42688,3.9421894550323486,,,,,,,,,
668,0.22500000000000003,0.22500000000000003,RL-sBOED,0.5736649036407471,42752,3.9423813819885254,,,,,,,,,
669,0.22500000000000003,0.22500000000000003,RL-sBOED,0.573267936706543,42816,3.942399740219116,,,,,,,,,
670,0.22500000000000003,0.22500000000000003,RL-sBOED,0.5731356143951416,42880,3.9427757263183594,,,,,,,,,
671,0.22500000000000003,0.22500000000000003,RL-sBOED,0.5724120140075684,42944,3.9431397914886475,,,,,,,,,
672,0.22500000000000003,0.22500000000000003,RL-sBOED,0.5716581344604492,43008,3.9433953762054443,,,,,,,,,
673,0.22500000000000003,0.22500000000000003,RL-sBOED,0.5724766254425049,43072,3.9431474208831787,,,,,,,,,
674,0.22500000000000003,0.22500000000000003,RL-sBOED,0.5732882022857666,43136,3.94272780418396,,,,,,,,,
675,0.22500000000000003,0.22500000000000003,RL-sBOED,0.5737426280975342,43200,3.9425995349884033,0.22500000000000006,14,2.1998923702311712,0.109375,0.0,1,0.0,0.22500000000000006,0
676,0.22500000000000003,0.22500000000000003,RL-sBOED,0.570997953414917,43264,3.942403554916382,,,,,,,,,
677,0.22500000000000003,0.22500000000000003,RL-sBOED,0.571599006652832,43328,3.941986083984375,,,,,,,,,
678,0.22500000000000003,0.22500000000000003,RL-sBOED,0.5722317695617676,43392,3.9409329891204834,,,,,,,,,
679,0.22500000000000003,0.22500000000000003,RL-sBOED,0.5722506046295166,43456,3.940232038497925,,,,,,,,,
680,0.22500000000000003,0.22500000000000003,RL-sBOED,0.5724234580993652,43520,3.940084218978882,,,,,,,,,
681,0.22500000000000003,0.22500000000000003,RL-sBOED,0.5722000598907471,43584,3.9399120807647705,,,,,,,,,
682,0.22500000000000003,0.22500000000000003,RL-sBOED,0.5730001926422119,43648,3.939911365509033,,,,,,,,,
683,0.22500000000000003,0.22500000000000003,RL-sBOED,0.5725209712982178,43712,3.9403183460235596,,,,,,,,,
684,0.22500000000000003,0.22500000000000003,RL-sBOED,0.5726656913757324,43776,3.94035267829895,,,,,,,,,
685,0.22500000000000003,0.22500000000000003,RL-sBOED,0.572577714920044,43840,3.9402902126312256,,,,,,,,,
686,0.22500000000000003,0.22500000000000003,RL-sBOED,0.5725929737091064,43904,3.9393150806427,,,,,,,,,
687,0.22500000000000003,0.22500000000000003,RL-sBOED,0.5716261863708496,43968,3.9379944801330566,,,,,,,,,
688,0.22500000000000003,0.22500000000000003,RL-sBOED,0.5724806785583496,44032,3.9364113807678223,,,,,,,,,
689,0.22500000000000003,0.22500000000000003,RL-sBOED,0.5722472667694092,44096,3.9342429637908936,,,,,,,,,
690,0.22500000000000003,0.22500000000000003,RL-sBOED,0.5729198455810547,44160,3.9323716163635254,,,,,,,,,
691,0.22500000000000003,0.22500000000000003,RL-sBOED,0.5733072757720947,44224,3.930549383163452,,,,,,,,,
692,0.22500000000000003,0.22500000000000003,RL-sBOED,0.5727880001068115,44288,3.9281136989593506,,,,,,,,,
693,0.22500000000000003,0.22500000000000003,RL-sBOED,0.5737400054931641,44352,3.9263923168182373,,,,,,,,,
694,0.22500000000000003,0.22500000000000003,RL-sBOED,0.5730383396148682,44416,3.9245522022247314,,,,,,,,,
695,0.22500000000000003,0.22500000000000003,RL-sBOED,0.5729918479919434,44480,3.9238204956054688,,,,,,,,,
696,0.22500000000000003,0.22500000000000003,RL-sBOED,0.5726346969604492,44544,3.924992322921753,,,,,,,,,
697,0.22500000000000003,0.22500000000000003,RL-sBOED,0.5730268955230713,44608,3.926185369491577,,,,,,,,,
698,0.22500000000000003,0.22500000000000003,RL-sBOED,0.5741283893585205,44672,3.9268243312835693,,,,,,,,,
699,0.22500000000000003,0.22500000000000003,RL-sBOED,0.5728857517242432,44736,3.9273457527160645,,,,,,,,,
700,0.22500000000000003,0.22500000000000003,RL-sBOED,0.5724315643310547,44800,3.9275002479553223,0.22500000000000006,25,2.7689648165110032,0.1953125,0.0,1,0.0,0.22500000000000006,0
701,0.22500000000000003,0.22500000000000003,RL-sBOED,0.5706429481506348,44864,3.9273414611816406,,,,,,,,,
702,0.22500000000000003,0.22500000000000003,RL-sBOED,0.5747621059417725,44928,3.9279582500457764,,,,,,,,,
703,0.22500000000000003,0.22500000000000003,RL-sBOED,0.5733420848846436,44992,3.9284255504608154,,,,,,,,,
704,0.22500000000000003,0.22500000000000003,RL-sBOED,0.5728163719177246,45056,3.9292209148406982,,,,,,,,,
705,0.22500000000000003,0.22500000000000003,RL-sBOED,0.5733063220977783,45120,3.9310226440429688,,,,,,,,,
706,0.22500000000000003,0.22500000000000003,RL-sBOED,0.5731091499328613,45184,3.9329240322113037,,,,,,,,,
707,0.22500000000000003,0.22500000000000003,RL-sBOED,0.5732402801513672,45248,3.9344372749328613,,,,,,,,,
708,0.22500000000000003,0.22500000000000003,RL-sBOED,0.5731048583984375,45312,3.9351868629455566,,,,,,,,,
709,0.22500000000000003,0.22500000000000003,RL-sBOED,0.5718545913696289,45376,3.935743808746338,,,,,,,,,
710,0.22500000000000003,0.22500000000000003,RL-sBOED,0.5730795860290527,45440,3.9360992908477783,,,,,,,,,
711,0.22500000000000003,0.22500000000000003,RL-sBOED,0.574725866317749,45504,3.9366440773010254,,,,,,,,,
712,0.22500000000000003,0.22500000000000003,RL-sBOED,0.5729174613952637,45568,3.9371438026428223,,,,,,,,,
713,0.22500000000000003,0.22500000000000003,RL-sBOED,0.5735206604003906,45632,3.93737530708313,,,,,,,,,
714,0.22500000000000003,0.22500000000000003,RL-sBOED,0.5724005699157715,45696,3.937237501144409,,,,,,,,,
715,0.22500000000000003,0.22500000000000003,RL-sBOED,0.5731861591339111,45760,3.93682861328125,,,,,,,,,
716,0.22500000000000003,0.22500000000000003,RL-sBOED,0.572202205657959,45824,3.936781644821167,,,,,,,,,
717,0.22500000000000003,0.22500000000000003,RL-sBOED,0.5727071762084961,45888,3.9372406005859375,,,,,,,,,
718,0.22500000000000003,0.22500000000000003,RL-sBOED,0.572272777557373,45952,3.9378821849823,,,,,,,,,
719,0.22500000000000003,0.22500000000000003,RL-sBOED,0.5728414058685303,46016,3.9383761882781982,,,,,,,,,
720,0.22500000000000003,0.22500000000000003,RL-sBOED,0.5734977722167969,46080,3.9388527870178223,,,,,,,,,
721,0.22500000000000003,0.22500000000000003,RL-sBOED,0.5725100040435791,46144,3.9393527507781982,,,,,,,,,
722,0.22500000000000003,0.22500000000000003,RL-sBOED,0.57356858253479,46208,3.9395148754119873,,,,,,,,,
723,0.22500000000000003,0.22500000000000003,RL-sBOED,0.5726332664489746,46272,3.939732313156128,,,,,,,,,
724,0.22500000000000003,0.22500000000000003,RL-sBOED,0.572981595993042,46336,3.940206289291382,,,,,,,,,
725,0.22500000000000003,0.22500000000000003,RL-sBOED,0.5728240013122559,46400,3.9400699138641357,0.22500000000000006,22,2.4043785814595187,0.171875,0.0,1,0.0,0.22500000000000006,0
726,0.22500000000000003,0.22500000000000003,RL-sBOED,0.5714070796966553,46464,3.940685749053955,,,,,,,,,
727,0.22500000000000003,0.22500000000000003,RL-sBOED,0.573483943939209,46528,3.941195249557495,,,,,,,,,
728,0.22500000000000003,0.22500000000000003,RL-sBOED,0.5722765922546387,46592,3.9413163661956787,,,,,,,,,
729,0.22500000000000003,0.22500000000000003,RL-sBOED,0.5732591152191162,46656,3.942094087600708,,,,,,,,,
730,0.22500000000000003,0.22500000000000003,RL-sBOED,0.5742316246032715,46720,3.942596197128296,,,,,,,,,
731,0.22500000000000003,0.22500000000000003,RL-sBOED,0.573509693145752,46784,3.9429898262023926,,,,,,,,,
732,0.22500000000000003,0.22500000000000003,RL-sBOED,0.5731050968170166,46848,3.943420886993408,,,,,,,,,
733,0.22500000000000003,0.22500000000000003,RL-sBOED,0.5730562210083008,46912,3.9436416625976562,,,,,,,,,
734,0.22500000000000003,0.22500000000000003,RL-sBOED,0.5729398727416992,46976,3.943682909011841,,,,,,,,,
735,0.22500000000000003,0.22500000000000003,RL-sBOED,0.5734264850616455,47040,3.943596363067627,,,,,,,,,
736,0.22500000000000003,0.22500000000000003,RL-sBOED,0.5736446380615234,47104,3.943777084350586,,,,,,,,,
737,0.22500000000000003,0.22500000000000003,RL-sBOED,0.5735664367675781,47168,3.943513870239258,,,,,,,,,
738,0.22500000000000003,0.22500000000000003,RL-sBOED,0.5738475322723389,47232,3.94335675239563,,,,,,,,,
739,0.22500000000000003,0.22500000000000003,RL-sBOED,0.5740032196044922,47296,3.9428863525390625,,,,,,,,,
740,0.22500000000000003,0.22500000000000003,RL-sBOED,0.5735857486724854,47360,3.9425594806671143,,,,,,,,,
741,0.22500000000000003,0.22500000000000003,RL-sBOED,0.5737147331237793,47424,3.94233775138855,,,,,,,,,
742,0.22500000000000003,0.22500000000000003,RL-sBOED,0.5733969211578369,47488,3.9423930644989014,,,,,,,,,
743,0.22500000000000003,0.22500000000000003,RL-sBOED,0.5736696720123291,47552,3.9422664642333984,,,,,,,,,
744,0.22500000000000003,0.22500000000000003,RL-sBOED,0.5733315944671631,47616,3.9420769214630127,,,,,,,,,
745,0.22500000000000003,0.22500000000000003,RL-sBOED,0.5736825466156006,47680,3.9423491954803467,,,,,,,,,
746,0.22500000000000003,0.22500000000000003,RL-sBOED,0.572979211807251,47744,3.9426772594451904,,,,,,,,,
747,0.22500000000000003,0.22500000000000003,RL-sBOED,0.572296142578125,47808,3.9424972534179688,,,,,,,,,
748,0.22500000000000003,0.22500000000000003,RL-sBOED,0.5752403736114502,47872,3.9421238899230957,,,,,,,,,
749,0.22500000000000003,0.22500000000000003,RL-sBOED,0.5729255676269531,47936,3.9417998790740967,,,,,,,,,
750,0.22500000000000003,0.22500000000000003,RL-sBOED,0.5732927322387695,48000,3.941206455230713,0.22500000000000006,10,1.918681378615286,0.078125,0.0,1,0.0,0.22500000000000006,0
751,0.22500000000000003,0.22500000000000003,RL-sBOED,0.5726337432861328,48064,3.9405746459960938,,,,,,,,,
752,0.22500000000000003,0.22500000000000003,RL-sBOED,0.5737106800079346,48128,3.940175771713257,,,,,,,,,
753,0.22500000000000003,0.22500000000000003,RL-sBOED,0.5732262134552002,48192,3.9397084712982178,,,,,,,,,
754,0.22500000000000003,0.22500000000000003,RL-sBOED,0.573868989944458,48256,3.939621686935425,,,,,,,,,
755,0.22500000000000003,0.22500000000000003,RL-sBOED,0.5735433101654053,48320,3.9396636486053467,,,,,,,,,
756,0.22500000000000003,0.22500000000000003,RL-sBOED,0.5732336044311523,48384,3.9403626918792725,,,,,,,,,
757,0.22500000000000003,0.22500000000000003,RL-sBOED,0.5736396312713623,48448,3.940685987472534,,,,,,,,,
758,0.22500000000000003,0.22500000000000003,RL-sBOED,0.573244571685791,48512,3.9408936500549316,,,,,,,,,
759,0.22500000000000003,0.22500000000000003,RL-sBOED,0.5745232105255127,48576,3.9411659240722656,,,,,,,,,
760,0.22500000000000003,0.22500000000000003,RL-sBOED,0.574028730392456,48640,3.941614866256714,,,,,,,,,
761,0.22500000000000003,0.22500000000000003,RL-sBOED,0.5737695693969727,48704,3.9417037963867188,,,,,,,,,
762,0.22500000000000003,0.22500000000000003,RL-sBOED,0.5721981525421143,48768,3.941732883453369,,,,,,,,,
763,0.22500000000000003,0.22500000000000003,RL-sBOED,0.5740845203399658,48832,3.9418811798095703,,,,,,,,,
764,0.22500000000000003,0.22500000000000003,RL-sBOED,0.5734927654266357,48896,3.941972494125366,,,,,,,,,
765,0.22500000000000003,0.22500000000000003,RL-sBOED,0.5736749172210693,48960,3.9419326782226562,,,,,,,,,
766,0.22500000000000003,0.22500000000000003,RL-sBOED,0.5750987529754639,49024,3.9424095153808594,,,,,,,,,
767,0.22500000000000003,0.22500000000000003,RL-sBOED,0.5730471611022949,49088,3.9429802894592285,,,,,,,,,
768,0.22500000000000003,0.22500000000000003,RL-sBOED,0.573894739151001,49152,3.943023681640625,,,,,,,,,
769,0.22500000000000003,0.22500000000000003,RL-sBOED,0.5735816955566406,49216,3.9428765773773193,,,,,,,,,
770,0.22500000000000003,0.22500000000000003,RL-sBOED,0.5736069679260254,49280,3.9426231384277344,,,,,,,,,
771,0.22500000000000003,0.22500000000000003,RL-sBOED,0.5731377601623535,49344,3.942561388015747,,,,,,,,,
772,0.22500000000000003,0.22500000000000003,RL-sBOED,0.573176383972168,49408,3.9428069591522217,,,,,,,,,
773,0.22500000000000003,0.22500000000000003,RL-sBOED,0.5742974281311035,49472,3.9428672790527344,,,,,,,,,
774,0.22500000000000003,0.22500000000000003,RL-sBOED,0.5729765892028809,49536,3.9425454139709473,,,,,,,,,
775,0.22500000000000003,0.22500000000000003,RL-sBOED,0.5723657608032227,49600,3.9421615600585938,0.22500000000000006,19,2.3931416157606225,0.1484375,0.0,1,0.0,0.22500000000000006,0
776,0.22500000000000003,0.22500000000000003,RL-sBOED,0.5697371959686279,49664,3.9417762756347656,,,,,,,,,
777,0.22500000000000003,0.22500000000000003,RL-sBOED,0.6102721691131592,49728,3.9416940212249756,,,,,,,,,
778,0.22500000000000003,0.22500000000000003,RL-sBOED,0.5718903541564941,49792,3.941805362701416,,,,,,,,,
779,0.22500000000000003,0.22500000000000003,RL-sBOED,0.5721821784973145,49856,3.941373825073242,,,,,,,,,
780,0.22500000000000003,0.22500000000000003,RL-sBOED,0.5722105503082275,49920,3.940397024154663,,,,,,,,,
781,0.22500000000000003,0.22500000000000003,RL-sBOED,0.5723412036895752,49984,3.9397246837615967,,,,,,,,,
782,0.22500000000000003,0.22500000000000003,RL-sBOED,0.5725555419921875,50048,3.938990831375122,,,,,,,,,
783,0.22500000000000003,0.22500000000000003,RL-sBOED,0.571789026260376,50112,3.9391000270843506,,,,,,,,,
784,0.22500000000000003,0.22500000000000003,RL-sBOED,0.5716967582702637,50176,3.939199924468994,,,,,,,,,
785,0.22500000000000003,0.22500000000000003,RL-sBOED,0.5715582370758057,50240,3.9391839504241943,,,,,,,,,
786,0.22500000000000003,0.22500000000000003,RL-sBOED,0.5715446472167969,50304,3.9383952617645264,,,,,,,,,
787,0.22500000000000003,0.22500000000000003,RL-sBOED,0.5725643634796143,50368,3.9381275177001953,,,,,,,,,
788,0.22500000000000003,0.22500000000000003,RL-sBOED,0.572052001953125,50432,3.937762975692749,,,,,,,,,
789,0.22500000000000003,0.22500000000000003,RL-sBOED,0.5727710723876953,50496,3.9382550716400146,,,,,,,,,
790,0.22500000000000003,0.22500000000000003,RL-sBOED,0.5722982883453369,50560,3.938086748123169,,,,,,,,,
791,0.22500000000000003,0.22500000000000003,RL-sBOED,0.5722360610961914,50624,3.9375252723693848,,,,,,,,,
792,0.22500000000000003,0.22500000000000003,RL-sBOED,0.572831392288208,50688,3.9376914501190186,,,,,,,,,
793,0.22500000000000003,0.22500000000000003,RL-sBOED,0.5734822750091553,50752,3.9377293586730957,,,,,,,,,
794,0.22500000000000003,0.22500000000000003,RL-sBOED,0.5732905864715576,50816,3.9389054775238037,,,,,,,,,
795,0.22500000000000003,0.22500000000000003,RL-sBOED,0.572195291519165,50880,3.9397811889648438,,,,,,,,,
796,0.22500000000000003,0.22500000000000003,RL-sBOED,0.5730528831481934,50944,3.9403908252716064,,,,,,,,,
797,0.22500000000000003,0.22500000000000003,RL-sBOED,0.5726475715637207,51008,3.9405877590179443,,,,,,,,,
798,0.22500000000000003,0.22500000000000003,RL-sBOED,0.5724284648895264,51072,3.940774917602539,,,,,,,,,
799,0.22500000000000003,0.22500000000000003,RL-sBOED,0.5729484558105469,51136,3.941129446029663,,,,,,,,,
800,0.22500000000000003,0.22500000000000003,RL-sBOED,0.5734612941741943,51200,3.9419028759002686,0.22500000000000006,9,1.8437833629433638,0.0703125,0.0,1,0.0,0.22500000000000006,0
801,0.22500000000000003,0.22500000000000003,RL-sBOED,0.5713636875152588,51264,3.9425041675567627,,,,,,,,,
802,0.22500000000000003,0.22500000000000003,RL-sBOED,0.5779070854187012,51328,3.9432320594787598,,,,,,,,,
803,0.22500000000000003,0.22500000000000003,RL-sBOED,0.5732126235961914,51392,3.943981170654297,,,,,,,,,
804,0.22500000000000003,0.22500000000000003,RL-sBOED,0.5737812519073486,51456,3.94433856010437,,,,,,,,,
805,0.22500000000000003,0.22500000000000003,RL-sBOED,0.5732901096343994,51520,3.944143295288086,,,,,,,,,
806,0.22500000000000003,0.22500000000000003,RL-sBOED,0.5733613967895508,51584,3.9436028003692627,,,,,,,,,
807,0.22500000000000003,0.22500000000000003,RL-sBOED,0.5733942985534668,51648,3.9427623748779297,,,,,,,,,
808,0.22500000000000003,0.22500000000000003,RL-sBOED,0.5719859600067139,51712,3.941866397857666,,,,,,,,,
809,0.22500000000000003,0.22500000000000003,RL-sBOED,0.5722160339355469,51776,3.9419140815734863,,,,,,,,,
810,0.22500000000000003,0.22500000000000003,RL-sBOED,0.5713307857513428,51840,3.942535400390625,,,,,,,,,
811,0.22500000000000003,0.22500000000000003,RL-sBOED,0.5736312866210938,51904,3.943053960800171,,,,,,,,,
812,0.22500000000000003,0.22500000000000003,RL-sBOED,0.5726993083953857,51968,3.9437148571014404,,,,,,,,,
813,0.22500000000000003,0.22500000000000003,RL-sBOED,0.5732474327087402,52032,3.9441494941711426,,,,,,,,,
814,0.22500000000000003,0.22500000000000003,RL-sBOED,0.5720231533050537,52096,3.9443366527557373,,,,,,,,,
815,0.22500000000000003,0.22500000000000003,RL-sBOED,0.5723528861999512,52160,3.944147825241089,,,,,,,,,
816,0.22500000000000003,0.22500000000000003,RL-sBOED,0.5735297203063965,52224,3.9441559314727783,,,,,,,,,
817,0.22500000000000003,0.22500000000000003,RL-sBOED,0.5738327503204346,52288,3.943535566329956,,,,,,,,,
818,0.22500000000000003,0.22500000000000003,RL-sBOED,0.5727827548980713,52352,3.9433095455169678,,,,,,,,,
819,0.22500000000000003,0.22500000000000003,RL-sBOED,0.5733919143676758,52416,3.9429757595062256,,,,,,,,,
820,0.22500000000000003,0.22500000000000003,RL-sBOED,0.5723354816436768,52480,3.942793607711792,,,,,,,,,
821,0.22500000000000003,0.22500000000000003,RL-sBOED,0.5734198093414307,52544,3.9428329467773438,,,,,,,,,
822,0.22500000000000003,0.22500000000000003,RL-sBOED,0.5726137161254883,52608,3.942420244216919,,,,,,,,,
823,0.22500000000000003,0.22500000000000003,RL-sBOED,0.5729222297668457,52672,3.942002534866333,,,,,,,,,
824,0.22500000000000003,0.22500000000000003,RL-sBOED,0.5729434490203857,52736,3.9415810108184814,,,,,,,,,
825,0.22500000000000003,0.22500000000000003,RL-sBOED,0.5727496147155762,52800,3.941362142562866,0.22500000000000006,16,2.4816259545537633,0.125,0.0,1,0.0,0.22500000000000006,0
826,0.22500000000000003,0.22500000000000003,RL-sBOED,0.5708270072937012,52864,3.941235303878784,,,,,,,,,
827,0.22500000000000003,0.22500000000000003,RL-sBOED,0.5725357532501221,52928,3.9408726692199707,,,,,,,,,
828,0.22500000000000003,0.22500000000000003,RL-sBOED,0.5725429058074951,52992,3.939762830734253,,,,,,,,,
829,0.22500000000000003,0.22500000000000003,RL-sBOED,0.5721957683563232,53056,3.9390861988067627,,,,,,,,,
830,0.22500000000000003,0.22500000000000003,RL-sBOED,0.5722482204437256,53120,3.9378440380096436,,,,,,,,,
831,0.22500000000000003,0.22500000000000003,RL-sBOED,0.5726661682128906,53184,3.9380321502685547,,,,,,,,,
832,0.22500000000000003,0.22500000000000003,RL-sBOED,0.5728933811187744,53248,3.9379584789276123,,,,,,,,,
833,0.22500000000000003,0.22500000000000003,RL-sBOED,0.5724704265594482,53312,3.9371278285980225,,,,,,,,,
834,0.22500000000000003,0.22500000000000003,RL-sBOED,0.5728144645690918,53376,3.9371094703674316,,,,,,,,,
835,0.22500000000000003,0.22500000000000003,RL-sBOED,0.5729191303253174,53440,3.9371345043182373,,,,,,,,,
836,0.22500000000000003,0.22500000000000003,RL-sBOED,0.5725469589233398,53504,3.9376144409179688,,,,,,,,,
837,0.22500000000000003,0.22500000000000003,RL-sBOED,0.5725572109222412,53568,3.9380300045013428,,,,,,,,,
838,0.22500000000000003,0.22500000000000003,RL-sBOED,0.5723528861999512,53632,3.937309741973877,,,,,,,,,
839,0.22500000000000003,0.22500000000000003,RL-sBOED,0.5727386474609375,53696,3.9364383220672607,,,,,,,,,
840,0.22500000000000003,0.22500000000000003,RL-sBOED,0.5723659992218018,53760,3.935703754425049,,,,,,,,,
841,0.22500000000000003,0.22500000000000003,RL-sBOED,0.5724461078643799,53824,3.9348011016845703,,,,,,,,,
842,0.22500000000000003,0.22500000000000003,RL-sBOED,0.5722246170043945,53888,3.9331111907958984,,,,,,,,,
843,0.22500000000000003,0.22500000000000003,RL-sBOED,0.5729408264160156,53952,3.932586669921875,,,,,,,,,
844,0.22500000000000003,0.22500000000000003,RL-sBOED,0.5719888210296631,54016,3.9331657886505127,,,,,,,,,
845,0.22500000000000003,0.22500000000000003,RL-sBOED,0.5716536045074463,54080,3.9329605102539062,,,,,,,,,
846,0.22500000000000003,0.22500000000000003,RL-sBOED,0.5723528861999512,54144,3.9306716918945312,,,,,,,,,
847,0.22500000000000003,0.22500000000000003,RL-sBOED,0.5720396041870117,54208,3.927671432495117,,,,,,,,,
848,0.22500000000000003,0.22500000000000003,RL-sBOED,0.5724320411682129,54272,3.9242336750030518,,,,,,,,,
849,0.22500000000000003,0.22500000000000003,RL-sBOED,0.5726714134216309,54336,3.9200706481933594,,,,,,,,,
850,0.22500000000000003,0.22500000000000003,RL-sBOED,0.5720136165618896,54400,3.9147465229034424,0.22500000000000006,4,1.3009191654973968,0.03125,0.0,1,0.0,0.22500000000000006,0
851,0.22500000000000003,0.22500000000000003,RL-sBOED,0.5731475353240967,54464,3.908599853515625,,,,,,,,,
852,0.22500000000000003,0.22500000000000003,RL-sBOED,0.5736250877380371,54528,3.908210039138794,,,,,,,,,
853,0.22500000000000003,0.22500000000000003,RL-sBOED,0.5731902122497559,54592,3.911667585372925,,,,,,,,,
854,0.22500000000000003,0.22500000000000003,RL-sBOED,0.5739731788635254,54656,3.9138100147247314,,,,,,,,,
855,0.22500000000000003,0.22500000000000003,RL-sBOED,0.5729835033416748,54720,3.912743330001831,,,,,,,,,
856,0.22500000000000003,0.22500000000000003,RL-sBOED,0.5725247859954834,54784,3.9089393615722656,,,,,,,,,
857,0.22500000000000003,0.22500000000000003,RL-sBOED,0.5732734203338623,54848,3.9056317806243896,,,,,,,,,
858,0.22500000000000003,0.22500000000000003,RL-sBOED,0.5731308460235596,54912,3.905412435531616,,,,,,,,,
859,0.22500000000000003,0.22500000000000003,RL-sBOED,0.5725021362304688,54976,3.9074819087982178,,,,,,,,,
860,0.22500000000000003,0.22500000000000003,RL-sBOED,0.5719003677368164,55040,3.9082820415496826,,,,,,,,,
861,0.22500000000000003,0.22500000000000003,RL-sBOED,0.5735774040222168,55104,3.910893678665161,,,,,,,,,
862,0.22500000000000003,0.22500000000000003,RL-sBOED,0.5729877948760986,55168,3.911337375640869,,,,,,,,,
863,0.22500000000000003,0.22500000000000003,RL-sBOED,0.5730957984924316,55232,3.9129979610443115,,,,,,,,,
864,0.22500000000000003,0.22500000000000003,RL-sBOED,0.573103666305542,55296,3.910142660140991,,,,,,,,,
865,0.22500000000000003,0.22500000000000003,RL-sBOED,0.5729162693023682,55360,3.9067203998565674,,,,,,,,,
866,0.22500000000000003,0.22500000000000003,RL-sBOED,0.5753021240234375,55424,3.905965566635132,,,,,,,,,
867,0.22500000000000003,0.22500000000000003,RL-sBOED,0.5726094245910645,55488,3.90667462348938,,,,,,,,,
868,0.22500000000000003,0.22500000000000003,RL-sBOED,0.5730955600738525,55552,3.9043891429901123,,,,,,,,,
869,0.22500000000000003,0.22500000000000003,RL-sBOED,0.5727930068969727,55616,3.9006450176239014,,,,,,,,,
870,0.22500000000000003,0.22500000000000003,RL-sBOED,0.5730338096618652,55680,3.902927875518799,,,,,,,,,
871,0.22500000000000003,0.22500000000000003,RL-sBOED,0.5726315975189209,55744,3.9018006324768066,,,,,,,,,
872,0.22500000000000003,0.22500000000000003,RL-sBOED,0.5724072456359863,55808,3.8957889080047607,,,,,,,,,
873,0.22500000000000003,0.22500000000000003,RL-sBOED,0.573216438293457,55872,3.8932061195373535,,,,,,,,,
874,0.22500000000000003,0.22500000000000003,RL-sBOED,0.5724465847015381,55936,3.895108938217163,,,,,,,,,
875,0.22500000000000003,0.22500000000000003,RL-sBOED,0.5729885101318359,56000,3.899182081222534,0.22500000000000006,5,1.4877637294220498,0.0390625,0.0,1,0.0,0.22500000000000006,0
876,0.22500000000000003,0.22500000000000003,RL-sBOED,0.5714254379272461,56064,3.905012607574463,,,,,,,,,
877,0.22500000000000003,0.22500000000000003,RL-sBOED,0.5729596614837646,56128,3.906663656234741,,,,,,,,,
878,0.22500000000000003,0.22500000000000003,RL-sBOED,0.5721981525421143,56192,3.9071106910705566,,,,,,,,,
879,0.22500000000000003,0.22500000000000003,RL-sBOED,0.572746753692627,56256,3.9094841480255127,,,,,,,,,
880,0.22500000000000003,0.22500000000000003,RL-sBOED,0.5727474689483643,56320,3.9122657775878906,,,,,,,,,
881,0.22500000000000003,0.22500000000000003,RL-sBOED,0.5724854469299316,56384,3.913975477218628,,,,,,,,,
882,0.22500000000000003,0.22500000000000003,RL-sBOED,0.573033332824707,56448,3.916257619857788,,,,,,,,,
883,0.22500000000000003,0.22500000000000003,RL-sBOED,0.5715088844299316,56512,3.9180469512939453,,,,,,,,,
884,0.22500000000000003,0.22500000000000003,RL-sBOED,0.5728480815887451,56576,3.9214165210723877,,,,,,,,,
885,0.22500000000000003,0.22500000000000003,RL-sBOED,0.5726215839385986,56640,3.9245622158050537,,,,,,,,,
886,0.22500000000000003,0.22500000000000003,RL-sBOED,0.5718462467193604,56704,3.927312135696411,,,,,,,,,
887,0.22500000000000003,0.22500000000000003,RL-sBOED,0.5736141204833984,56768,3.9306411743164062,,,,,,,,,
888,0.22500000000000003,0.22500000000000003,RL-sBOED,0.5723319053649902,56832,3.932865619659424,,,,,,,,,
889,0.22500000000000003,0.22500000000000003,RL-sBOED,0.5728805065155029,56896,3.9329802989959717,,,,,,,,,
890,0.22500000000000003,0.22500000000000003,RL-sBOED,0.5730221271514893,56960,3.9318413734436035,,,,,,,,,
891,0.22500000000000003,0.22500000000000003,RL-sBOED,0.5724992752075195,57024,3.9306201934814453,,,,,,,,,
892,0.22500000000000003,0.22500000000000003,RL-sBOED,0.5722684860229492,57088,3.9304425716400146,,,,,,,,,
893,0.22500000000000003,0.22500000000000003,RL-sBOED,0.5735151767730713,57152,3.9318387508392334,,,,,,,,,
894,0.22500000000000003,0.22500000000000003,RL-sBOED,0.572629451751709,57216,3.93280029296875,,,,,,,,,
895,0.22500000000000003,0.22500000000000003,RL-sBOED,0.5725908279418945,57280,3.9324710369110107,,,,,,,,,
896,0.22500000000000003,0.22500000000000003,RL-sBOED,0.5722353458404541,57344,3.9310898780822754,,,,,,,,,
897,0.22500000000000003,0.22500000000000003,RL-sBOED,0.5718867778778076,57408,3.9293649196624756,,,,,,,,,
898,0.22500000000000003,0.22500000000000003,RL-sBOED,0.5728907585144043,57472,3.9274470806121826,,,,,,,,,
899,0.22500000000000003,0.22500000000000003,RL-sBOED,0.5726463794708252,57536,3.9247665405273438,,,,,,,,,
900,0.22500000000000003,0.22500000000000003,RL-sBOED,0.5726823806762695,57600,3.920430898666382,0.22500000000000006,2,0.34520662539160074,0.015625,0.0,1,0.0,0.22500000000000006,0
901,0.22500000000000003,0.22500000000000003,RL-sBOED,0.5722815990447998,57664,3.91680645942688,,,,,,,,,
902,0.22500000000000003,0.22500000000000003,RL-sBOED,0.574152946472168,57728,3.9150168895721436,,,,,,,,,
903,0.22500000000000003,0.22500000000000003,RL-sBOED,0.5732591152191162,57792,3.9126083850860596,,,,,,,,,
904,0.22500000000000003,0.22500000000000003,RL-sBOED,0.5726532936096191,57856,3.910452365875244,,,,,,,,,
905,0.22500000000000003,0.22500000000000003,RL-sBOED,0.5734307765960693,57920,3.9082210063934326,,,,,,,,,
906,0.22500000000000003,0.22500000000000003,RL-sBOED,0.5730886459350586,57984,3.908665418624878,,,,,,,,,
907,0.22500000000000003,0.22500000000000003,RL-sBOED,0.5731842517852783,58048,3.913926839828491,,,,,,,,,
908,0.22500000000000003,0.22500000000000003,RL-sBOED,0.5729947090148926,58112,3.9207444190979004,,,,,,,,,
909,0.22500000000000003,0.22500000000000003,RL-sBOED,0.574460506439209,58176,3.925100088119507,,,,,,,,,
910,0.22500000000000003,0.22500000000000003,RL-sBOED,0.5761439800262451,58240,3.9273173809051514,,,,,,,,,
911,0.22500000000000003,0.22500000000000003,RL-sBOED,0.5736901760101318,58304,3.9288697242736816,,,,,,,,,
912,0.22500000000000003,0.22500000000000003,RL-sBOED,0.5730910301208496,58368,3.9302730560302734,,,,,,,,,
913,0.22500000000000003,0.22500000000000003,RL-sBOED,0.5728569030761719,58432,3.931384325027466,,,,,,,,,
914,0.22500000000000003,0.22500000000000003,RL-sBOED,0.571958065032959,58496,3.9338109493255615,,,,,,,,,
915,0.22500000000000003,0.22500000000000003,RL-sBOED,0.570598840713501,58560,3.9366295337677,,,,,,,,,
916,0.22500000000000003,0.22500000000000003,RL-sBOED,0.5710859298706055,58624,3.9376015663146973,,,,,,,,,
917,0.22500000000000003,0.22500000000000003,RL-sBOED,0.5721125602722168,58688,3.9383022785186768,,,,,,,,,
918,0.22500000000000003,0.22500000000000003,RL-sBOED,0.5717918872833252,58752,3.938889265060425,,,,,,,,,
919,0.22500000000000003,0.22500000000000003,RL-sBOED,0.5723190307617188,58816,3.9396347999572754,,,,,,,,,
920,0.22500000000000003,0.22500000000000003,RL-sBOED,0.5700404644012451,58880,3.9407925605773926,,,,,,,,,
921,0.22500000000000003,0.22500000000000003,RL-sBOED,0.5725674629211426,58944,3.9415879249572754,,,,,,,,,
922,0.22500000000000003,0.22500000000000003,RL-sBOED,0.5708260536193848,59008,3.9420971870422363,,,,,,,,,
923,0.22500000000000003,0.22500000000000003,RL-sBOED,0.5708496570587158,59072,3.942589521408081,,,,,,,,,
924,0.22500000000000003,0.22500000000000003,RL-sBOED,0.5712399482727051,59136,3.942699432373047,,,,,,,,,
925,0.22500000000000003,0.22500000000000003,RL-sBOED,0.5716254711151123,59200,3.942399740219116,0.22500000000000006,8,0.957532675910144,0.0625,0.0,1,0.0,0.22500000000000006,0
926,0.22500000000000003,0.22500000000000003,RL-sBOED,0.5711126327514648,59264,3.942253589630127,,,,,,,,,
927,0.22500000000000003,0.22500000000000003,RL-sBOED,0.5718998908996582,59328,3.9412262439727783,,,,,,,,,
928,0.22500000000000003,0.22500000000000003,RL-sBOED,0.5709002017974854,59392,3.940258741378784,,,,,,,,,
929,0.22500000000000003,0.22500000000000003,RL-sBOED,0.5718059539794922,59456,3.9398510456085205,,,,,,,,,
930,0.22500000000000003,0.22500000000000003,RL-sBOED,0.5700855255126953,59520,3.939772129058838,,,,,,,,,
931,0.22500000000000003,0.22500000000000003,RL-sBOED,0.5717840194702148,59584,3.93926739692688,,,,,,,,,
932,0.22500000000000003,0.22500000000000003,RL-sBOED,0.5718429088592529,59648,3.9390010833740234,,,,,,,,,
933,0.22500000000000003,0.22500000000000003,RL-sBOED,0.5707635879516602,59712,3.9379470348358154,,,,,,,,,
934,0.22500000000000003,0.22500000000000003,RL-sBOED,0.5706644058227539,59776,3.936396837234497,,,,,,,,,
935,0.22500000000000003,0.22500000000000003,RL-sBOED,0.5709731578826904,59840,3.935847520828247,,,,,,,,,
936,0.22500000000000003,0.22500000000000003,RL-sBOED,0.5716242790222168,59904,3.9365124702453613,,,,,,,,,
937,0.22500000000000003,0.22500000000000003,RL-sBOED,0.5724475383758545,59968,3.938122510910034,,,,,,,,,
938,0.22500000000000003,0.22500000000000003,RL-sBOED,0.5710170269012451,60032,3.939533233642578,,,,,,,,,
939,0.22500000000000003,0.22500000000000003,RL-sBOED,0.571176290512085,60096,3.9404265880584717,,,,,,,,,
940,0.22500000000000003,0.22500000000000003,RL-sBOED,0.5713307857513428,60160,3.9417614936828613,,,,,,,,,
941,0.22500000000000003,0.22500000000000003,RL-sBOED,0.5700290203094482,60224,3.942542791366577,,,,,,,,,
942,0.22500000000000003,0.22500000000000003,RL-sBOED,0.5706558227539062,60288,3.943187713623047,,,,,,,,,
943,0.22500000000000003,0.22500000000000003,RL-sBOED,0.6085383892059326,60352,3.9432945251464844,,,,,,,,,
944,0.22500000000000003,0.22500000000000003,RL-sBOED,0.5713601112365723,60416,3.9435672760009766,,,,,,,,,
945,0.22500000000000003,0.22500000000000003,RL-sBOED,0.5716080665588379,60480,3.9441113471984863,,,,,,,,,
946,0.22500000000000003,0.22500000000000003,RL-sBOED,0.5705482959747314,60544,3.944392442703247,,,,,,,,,
947,0.22500000000000003,0.22500000000000003,RL-sBOED,0.5712559223175049,60608,3.944772720336914,,,,,,,,,
948,0.22500000000000003,0.22500000000000003,RL-sBOED,0.570631742477417,60672,3.9451866149902344,,,,,,,,,
949,0.22500000000000003,0.22500000000000003,RL-sBOED,0.5724318027496338,60736,3.9454166889190674,,,,,,,,,
950,0.22500000000000003,0.22500000000000003,RL-sBOED,0.5717370510101318,60800,3.945646047592163,0.22500000000000006,13,2.248178014374638,0.1015625,0.0,1,0.0,0.22500000000000006,0
951,0.22500000000000003,0.22500000000000003,RL-sBOED,0.573070764541626,60864,3.945683240890503,,,,,,,,,
952,0.22500000000000003,0.22500000000000003,RL-sBOED,0.5715739727020264,60928,3.945690631866455,,,,,,,,,
953,0.22500000000000003,0.22500000000000003,RL-sBOED,0.5724444389343262,60992,3.9453048706054688,,,,,,,,,
954,0.22500000000000003,0.22500000000000003,RL-sBOED,0.5701305866241455,61056,3.9450128078460693,,,,,,,,,
955,0.22500000000000003,0.22500000000000003,RL-sBOED,0.572636604309082,61120,3.9447078704833984,,,,,,,,,
956,0.22500000000000003,0.22500000000000003,RL-sBOED,0.570500373840332,61184,3.944284200668335,,,,,,,,,
957,0.22500000000000003,0.22500000000000003,RL-sBOED,0.5720274448394775,61248,3.943683385848999,,,,,,,,,
958,0.22500000000000003,0.22500000000000003,RL-sBOED,0.5703365802764893,61312,3.9431354999542236,,,,,,,,,
959,0.22500000000000003,0.22500000000000003,RL-sBOED,0.5700531005859375,61376,3.9426918029785156,,,,,,,,,
960,0.22500000000000003,0.22500000000000003,RL-sBOED,0.5696024894714355,61440,3.9425790309906006,,,,,,,,,
961,0.22500000000000003,0.22500000000000003,RL-sBOED,0.5708615779876709,61504,3.9425270557403564,,,,,,,,,
962,0.22500000000000003,0.22500000000000003,RL-sBOED,0.5712718963623047,61568,3.9422194957733154,,,,,,,,,
963,0.22500000000000003,0.22500000000000003,RL-sBOED,0.570258617401123,61632,3.9417874813079834,,,,,,,,,
964,0.22500000000000003,0.22500000000000003,RL-sBOED,0.570854902267456,61696,3.9415478706359863,,,,,,,,,
965,0.22500000000000003,0.22500000000000003,RL-sBOED,0.5711686611175537,61760,3.941333055496216,,,,,,,,,
966,0.22500000000000003,0.22500000000000003,RL-sBOED,0.5706610679626465,61824,3.9408764839172363,,,,,,,,,
967,0.22500000000000003,0.22500000000000003,RL-sBOED,0.5705928802490234,61888,3.9402987957000732,,,,,,,,,
968,0.22500000000000003,0.22500000000000003,RL-sBOED,0.5703136920928955,61952,3.9403159618377686,,,,,,,,,
969,0.22500000000000003,0.22500000000000003,RL-sBOED,0.5718808174133301,62016,3.9407074451446533,,,,,,,,,
970,0.22500000000000003,0.22500000000000003,RL-sBOED,0.5711495876312256,62080,3.9409523010253906,,,,,,,,,
971,0.22500000000000003,0.22500000000000003,RL-sBOED,0.5714764595031738,62144,3.9414093494415283,,,,,,,,,
972,0.22500000000000003,0.22500000000000003,RL-sBOED,0.5709517002105713,62208,3.941854953765869,,,,,,,,,
973,0.22500000000000003,0.22500000000000003,RL-sBOED,0.5710179805755615,62272,3.94242262840271,,,,,,,,,
974,0.22500000000000003,0.22500000000000003,RL-sBOED,0.5706021785736084,62336,3.9433815479278564,,,,,,,,,
975,0.22500000000000003,0.22500000000000003,RL-sBOED,0.5706243515014648,62400,3.9438552856445312,0.22500000000000006,14,2.171330570783277,0.109375,0.0,1,0.0,0.22500000000000006,0
976,0.22500000000000003,0.22500000000000003,RL-sBOED,0.5696194171905518,62464,3.9440219402313232,,,,,,,,,
977,0.22500000000000003,0.22500000000000003,RL-sBOED,0.5717067718505859,62528,3.9437756538391113,,,,,,,,,
978,0.22500000000000003,0.22500000000000003,RL-sBOED,0.5707347393035889,62592,3.9435882568359375,,,,,,,,,
979,0.22500000000000003,0.22500000000000003,RL-sBOED,0.5708217620849609,62656,3.943066358566284,,,,,,,,,
980,0.22500000000000003,0.22500000000000003,RL-sBOED,0.570664644241333,62720,3.9426352977752686,,,,,,,,,
981,0.22500000000000003,0.22500000000000003,RL-sBOED,0.5702581405639648,62784,3.942187547683716,,,,,,,,,
982,0.22500000000000003,0.22500000000000003,RL-sBOED,0.5706965923309326,62848,3.942366123199463,,,,,,,,,
983,0.22500000000000003,0.22500000000000003,RL-sBOED,0.5703830718994141,62912,3.942403554916382,,,,,,,,,
984,0.22500000000000003,0.22500000000000003,RL-sBOED,0.5716042518615723,62976,3.942607879638672,,,,,,,,,
985,0.22500000000000003,0.22500000000000003,RL-sBOED,0.5706386566162109,63040,3.9424285888671875,,,,,,,,,
986,0.22500000000000003,0.22500000000000003,RL-sBOED,0.57077956199646,63104,3.9419784545898438,,,,,,,,,
987,0.22500000000000003,0.22500000000000003,RL-sBOED,0.5711891651153564,63168,3.9414730072021484,,,,,,,,,
988,0.22500000000000003,0.22500000000000003,RL-sBOED,0.569749116897583,63232,3.94134521484375,,,,,,,,,
989,0.22500000000000003,0.22500000000000003,RL-sBOED,0.5708491802215576,63296,3.941312551498413,,,,,,,,,
990,0.22500000000000003,0.22500000000000003,RL-sBOED,0.5704267024993896,63360,3.9415130615234375,,,,,,,,,
991,0.22500000000000003,0.22500000000000003,RL-sBOED,0.5711615085601807,63424,3.9419572353363037,,,,,,,,,
992,0.22500000000000003,0.22500000000000003,RL-sBOED,0.5699436664581299,63488,3.9423439502716064,,,,,,,,,
993,0.22500000000000003,0.22500000000000003,RL-sBOED,0.5728898048400879,63552,3.9424827098846436,,,,,,,,,
994,0.22500000000000003,0.22500000000000003,RL-sBOED,0.5710523128509521,63616,3.9429028034210205,,,,,,,,,
995,0.22500000000000003,0.22500000000000003,RL-sBOED,0.5705013275146484,63680,3.9431838989257812,,,,,,,,,
996,0.22500000000000003,0.22500000000000003,RL-sBOED,0.5711009502410889,63744,3.9429683685302734,,,,,,,,,
997,0.22500000000000003,0.22500000000000003,RL-sBOED,0.5718817710876465,63808,3.942917585372925,,,,,,,,,
998,0.22500000000000003,0.22500000000000003,RL-sBOED,0.571875810623169,63872,3.942737340927124,,,,,,,,,
999,0.22500000000000003,0.22500000000000003,RL-sBOED,0.5708866119384766,63936,3.9423680305480957,,,,,,,,,
1000,0.22500000000000003,0.22500000000000003,RL-sBOED,0.5706379413604736,64000,3.9422760009765625,0.22500000000000006,4,0.8682830716033446,0.03125,0.0,1,0.0,0.22500000000000006,0
