update,mean_train_u_ctrl,mean_train_control_cost,method,update_seconds,trajectories_sampled,policy_entropy,validation_mean_u_ctrl,validation_mean_mocu,validation_n_unique_sequences,validation_sequence_entropy,validation_unique_frac,validation_under_control_rate,validation_valid,validation_mean_shortfall,validation_checkpoint_score,validation_meets_unique_floor
1,0.1837500035762787,0.1837500035762787,DAD,0.2433919906616211,64,3.362687587738037,,,,,,,,,,
2,0.17109374701976776,0.17109374701976776,DAD,0.02403998374938965,128,3.362543821334839,,,,,,,,,,
3,0.17109374701976776,0.17109374701976776,DAD,0.020399808883666992,192,3.362135648727417,,,,,,,,,,
4,0.17390625178813934,0.17390625178813934,DAD,0.026336193084716797,256,3.3613948822021484,,,,,,,,,,
5,0.1626562476158142,0.1626562476158142,DAD,0.0216522216796875,320,3.360522747039795,,,,,,,,,,
6,0.1720312535762787,0.1720312535762787,DAD,0.018206357955932617,384,3.3595285415649414,,,,,,,,,,
7,0.1823437660932541,0.1823437660932541,DAD,0.02277517318725586,448,3.3586606979370117,,,,,,,,,,
8,0.1860937476158142,0.1860937476158142,DAD,0.018172740936279297,512,3.3578546047210693,,,,,,,,,,
9,0.18281251192092896,0.18281251192092896,DAD,0.01787710189819336,576,3.3567709922790527,,,,,,,,,,
10,0.17531248927116394,0.17531248927116394,DAD,0.01792120933532715,640,3.355694532394409,,,,,,,,,,
11,0.17390625178813934,0.17390625178813934,DAD,0.01779961585998535,704,3.354987144470215,,,,,,,,,,
12,0.17531250417232513,0.17531250417232513,DAD,0.01791524887084961,768,3.3539187908172607,,,,,,,,,,
13,0.1654687523841858,0.1654687523841858,DAD,0.017623186111450195,832,3.3531529903411865,,,,,,,,,,
14,0.18000000715255737,0.18000000715255737,DAD,0.017809629440307617,896,3.3520991802215576,,,,,,,,,,
15,0.1612500101327896,0.1612500101327896,DAD,0.01829981803894043,960,3.3513689041137695,,,,,,,,,,
16,0.1823437511920929,0.1823437511920929,DAD,0.017758607864379883,1024,3.3508033752441406,,,,,,,,,,
17,0.17343750596046448,0.17343750596046448,DAD,0.01945781707763672,1088,3.3504104614257812,,,,,,,,,,
18,0.16171875596046448,0.16171875596046448,DAD,0.017883777618408203,1152,3.35011625289917,,,,,,,,,,
19,0.1626562476158142,0.1626562476158142,DAD,0.017879009246826172,1216,3.3496625423431396,,,,,,,,,,
20,0.18984374403953552,0.18984374403953552,DAD,0.01787424087524414,1280,3.3489301204681396,,,,,,,,,,
21,0.1823437511920929,0.1823437511920929,DAD,0.017879009246826172,1344,3.3487486839294434,,,,,,,,,,
22,0.1720312535762787,0.1720312535762787,DAD,0.017806291580200195,1408,3.3484082221984863,,,,,,,,,,
23,0.16499999165534973,0.16499999165534973,DAD,0.017968416213989258,1472,3.348315954208374,,,,,,,,,,
24,0.16734373569488525,0.16734373569488525,DAD,0.017909526824951172,1536,3.348116874694824,,,,,,,,,,
25,0.18843750655651093,0.18843750655651093,DAD,0.017977476119995117,1600,3.3479819297790527,0.178828125,0.196171875,5,0.624886155446594,0.0390625,0.1640625,0,0.01171875,1001.336796875,0
26,0.1654687523841858,0.1654687523841858,DAD,0.01820826530456543,1664,3.3476738929748535,,,,,,,,,,
27,0.17531250417232513,0.17531250417232513,DAD,0.01793956756591797,1728,3.3475451469421387,,,,,,,,,,
28,0.18328124284744263,0.18328124284744263,DAD,0.017867565155029297,1792,3.3474178314208984,,,,,,,,,,
29,0.16968750953674316,0.16968750953674316,DAD,0.017827749252319336,1856,3.346956253051758,,,,,,,,,,
30,0.17343750596046448,0.17343750596046448,DAD,0.017867326736450195,1920,3.3462233543395996,,,,,,,,,,
31,0.18281251192092896,0.18281251192092896,DAD,0.017845630645751953,1984,3.3458850383758545,,,,,,,,,,
32,0.17015624046325684,0.17015624046325684,DAD,0.018102169036865234,2048,3.3450469970703125,,,,,,,,,,
33,0.18046875298023224,0.18046875298023224,DAD,0.017930030822753906,2112,3.3440966606140137,,,,,,,,,,
34,0.17671874165534973,0.17671874165534973,DAD,0.018087387084960938,2176,3.3438174724578857,,,,,,,,,,
35,0.16359375417232513,0.16359375417232513,DAD,0.017864465713500977,2240,3.3432579040527344,,,,,,,,,,
36,0.17343750596046448,0.17343750596046448,DAD,0.01795029640197754,2304,3.3429369926452637,,,,,,,,,,
37,0.17296874523162842,0.17296874523162842,DAD,0.017914295196533203,2368,3.3423526287078857,,,,,,,,,,
38,0.16640624403953552,0.16640624403953552,DAD,0.017795085906982422,2432,3.3414885997772217,,,,,,,,,,
39,0.16312500834465027,0.16312500834465027,DAD,0.018110036849975586,2496,3.341049909591675,,,,,,,,,,
40,0.17625001072883606,0.17625001072883606,DAD,0.017896413803100586,2560,3.340437412261963,,,,,,,,,,
41,0.1640625149011612,0.1640625149011612,DAD,0.017932415008544922,2624,3.339947462081909,,,,,,,,,,
42,0.15328125655651093,0.15328125655651093,DAD,0.017861604690551758,2688,3.33903169631958,,,,,,,,,,
43,0.17390625178813934,0.17390625178813934,DAD,0.01789259910583496,2752,3.338693380355835,,,,,,,,,,
44,0.16593751311302185,0.16593751311302185,DAD,0.01808309555053711,2816,3.3379578590393066,,,,,,,,,,
45,0.1537500023841858,0.1537500023841858,DAD,0.017982006072998047,2880,3.337064743041992,,,,,,,,,,
46,0.1912500113248825,0.1912500113248825,DAD,0.017972946166992188,2944,3.3358027935028076,,,,,,,,,,
47,0.15937499701976776,0.15937499701976776,DAD,0.01797318458557129,3008,3.33487606048584,,,,,,,,,,
48,0.1860937476158142,0.1860937476158142,DAD,0.01784682273864746,3072,3.3343703746795654,,,,,,,,,,
49,0.17015624046325684,0.17015624046325684,DAD,0.01802825927734375,3136,3.3342080116271973,,,,,,,,,,
50,0.16218750178813934,0.16218750178813934,DAD,0.01815938949584961,3200,3.3336400985717773,0.17976562499999998,0.13929687500000001,4,1.1186543874215484,0.03125,0.125,0,0.006328125,1000.889296875,0
51,0.16875000298023224,0.16875000298023224,DAD,0.018193483352661133,3264,3.3329148292541504,,,,,,,,,,
52,0.17343750596046448,0.17343750596046448,DAD,0.018018484115600586,3328,3.3326902389526367,,,,,,,,,,
53,0.16687500476837158,0.16687500476837158,DAD,0.017995357513427734,3392,3.3328044414520264,,,,,,,,,,
54,0.1603125035762787,0.1603125035762787,DAD,0.017838478088378906,3456,3.3329663276672363,,,,,,,,,,
55,0.18187500536441803,0.18187500536441803,DAD,0.018184900283813477,3520,3.33235239982605,,,,,,,,,,
56,0.14812499284744263,0.14812499284744263,DAD,0.017779111862182617,3584,3.3317017555236816,,,,,,,,,,
57,0.17343750596046448,0.17343750596046448,DAD,0.01794719696044922,3648,3.3323991298675537,,,,,,,,,,
58,0.16312500834465027,0.16312500834465027,DAD,0.017914772033691406,3712,3.3317878246307373,,,,,,,,,,
59,0.17296874523162842,0.17296874523162842,DAD,0.018150806427001953,3776,3.331653118133545,,,,,,,,,,
60,0.1875,0.1875,DAD,0.019027233123779297,3840,3.3310751914978027,,,,,,,,,,
61,0.15234375,0.15234375,DAD,0.017920732498168945,3904,3.331643581390381,,,,,,,,,,
62,0.17578125,0.17578125,DAD,0.018152475357055664,3968,3.3311870098114014,,,,,,,,,,
63,0.15234375,0.15234375,DAD,0.017960786819458008,4032,3.3309545516967773,,,,,,,,,,
64,0.16593751311302185,0.16593751311302185,DAD,0.0177459716796875,4096,3.3314266204833984,,,,,,,,,,
65,0.1626562625169754,0.1626562625169754,DAD,0.01789712905883789,4160,3.332469940185547,,,,,,,,,,
66,0.1823437511920929,0.1823437511920929,DAD,0.017914533615112305,4224,3.3332431316375732,,,,,,,,,,
67,0.1654687523841858,0.1654687523841858,DAD,0.01805400848388672,4288,3.334007740020752,,,,,,,,,,
68,0.16171875596046448,0.16171875596046448,DAD,0.0179595947265625,4352,3.335427761077881,,,,,,,,,,
69,0.16968750953674316,0.16968750953674316,DAD,0.018276453018188477,4416,3.3353450298309326,,,,,,,,,,
70,0.1706250011920929,0.1706250011920929,DAD,0.017889976501464844,4480,3.3362300395965576,,,,,,,,,,
71,0.1706250011920929,0.1706250011920929,DAD,0.017736434936523438,4544,3.3377692699432373,,,,,,,,,,
72,0.16312500834465027,0.16312500834465027,DAD,0.017929792404174805,4608,3.3380820751190186,,,,,,,,,,
73,0.16499999165534973,0.16499999165534973,DAD,0.017933130264282227,4672,3.3386008739471436,,,,,,,,,,
74,0.19453126192092896,0.19453126192092896,DAD,0.017918825149536133,4736,3.338190793991089,,,,,,,,,,
75,0.1640625,0.1640625,DAD,0.018072128295898438,4800,3.3392677307128906,0.17296875,0.17312500000000003,3,0.48918361199511506,0.0234375,0.1796875,0,0.00984375,1001.47,0
76,0.17625001072883606,0.17625001072883606,DAD,0.018220186233520508,4864,3.3381404876708984,,,,,,,,,,
77,0.1706250011920929,0.1706250011920929,DAD,0.018016576766967773,4928,3.3379387855529785,,,,,,,,,,
78,0.16593749821186066,0.16593749821186066,DAD,0.017791748046875,4992,3.337745189666748,,,,,,,,,,
79,0.15984374284744263,0.15984374284744263,DAD,0.017960071563720703,5056,3.3382365703582764,,,,,,,,,,
80,0.17109376192092896,0.17109376192092896,DAD,0.017981290817260742,5120,3.3381316661834717,,,,,,,,,,
81,0.18468749523162842,0.18468749523162842,DAD,0.017911672592163086,5184,3.3380794525146484,,,,,,,,,,
82,0.17015624046325684,0.17015624046325684,DAD,0.018237590789794922,5248,3.3383188247680664,,,,,,,,,,
83,0.16687500476837158,0.16687500476837158,DAD,0.017980575561523438,5312,3.3388071060180664,,,,,,,,,,
84,0.17015625536441803,0.17015625536441803,DAD,0.017896413803100586,5376,3.338104248046875,,,,,,,,,,
85,0.17249999940395355,0.17249999940395355,DAD,0.01800251007080078,5440,3.3391757011413574,,,,,,,,,,
86,0.1706250011920929,0.1706250011920929,DAD,0.017834901809692383,5504,3.3398139476776123,,,,,,,,,,
87,0.1589062511920929,0.1589062511920929,DAD,0.017999887466430664,5568,3.339808940887451,,,,,,,,,,
88,0.18328125774860382,0.18328125774860382,DAD,0.017910003662109375,5632,3.3407583236694336,,,,,,,,,,
89,0.16171875596046448,0.16171875596046448,DAD,0.017889738082885742,5696,3.340843915939331,,,,,,,,,,
90,0.18562500178813934,0.18562500178813934,DAD,0.01777935028076172,5760,3.3412282466888428,,,,,,,,,,
91,0.1626562476158142,0.1626562476158142,DAD,0.017911672592163086,5824,3.342200756072998,,,,,,,,,,
92,0.17671877145767212,0.17671877145767212,DAD,0.017925739288330078,5888,3.342628002166748,,,,,,,,,,
93,0.17671875655651093,0.17671875655651093,DAD,0.017915725708007812,5952,3.3428754806518555,,,,,,,,,,
94,0.1720312535762787,0.1720312535762787,DAD,0.018076658248901367,6016,3.3426036834716797,,,,,,,,,,
95,0.16687500476837158,0.16687500476837158,DAD,0.01789402961730957,6080,3.3431925773620605,,,,,,,,,,
96,0.17390625178813934,0.17390625178813934,DAD,0.0178530216217041,6144,3.3430583477020264,,,,,,,,,,
97,0.17156249284744263,0.17156249284744263,DAD,0.018012523651123047,6208,3.342830181121826,,,,,,,,,,
98,0.17812499403953552,0.17812499403953552,DAD,0.017910242080688477,6272,3.342787265777588,,,,,,,,,,
99,0.16968749463558197,0.16968749463558197,DAD,0.01903533935546875,6336,3.342231273651123,,,,,,,,,,
100,0.1706250011920929,0.1706250011920929,DAD,0.01794576644897461,6400,3.342280864715576,0.17953125,0.17734375000000002,2,0.34520662539160074,0.015625,0.15625,0,0.00984375,1001.23984375,0
101,0.16593751311302185,0.16593751311302185,DAD,0.01819777488708496,6464,3.342174530029297,,,,,,,,,,
102,0.15937499701976776,0.15937499701976776,DAD,0.017936229705810547,6528,3.3420915603637695,,,,,,,,,,
103,0.17906250059604645,0.17906250059604645,DAD,0.01780867576599121,6592,3.3406572341918945,,,,,,,,,,
104,0.17531250417232513,0.17531250417232513,DAD,0.017683744430541992,6656,3.3403708934783936,,,,,,,,,,
105,0.18515625596046448,0.18515625596046448,DAD,0.017847061157226562,6720,3.3399391174316406,,,,,,,,,,
106,0.18000000715255737,0.18000000715255737,DAD,0.01784682273864746,6784,3.3391215801239014,,,,,,,,,,
107,0.18515625596046448,0.18515625596046448,DAD,0.01788163185119629,6848,3.3386735916137695,,,,,,,,,,
108,0.16687500476837158,0.16687500476837158,DAD,0.017886877059936523,6912,3.3384666442871094,,,,,,,,,,
109,0.1692187488079071,0.1692187488079071,DAD,0.019896745681762695,6976,3.3383803367614746,,,,,,,,,,
110,0.17156249284744263,0.17156249284744263,DAD,0.017857074737548828,7040,3.3387889862060547,,,,,,,,,,
111,0.16359373927116394,0.16359373927116394,DAD,0.017772674560546875,7104,3.3392248153686523,,,,,,,,,,
112,0.16828125715255737,0.16828125715255737,DAD,0.01773548126220703,7168,3.3390655517578125,,,,,,,,,,
113,0.1640625,0.1640625,DAD,0.0177767276763916,7232,3.339054822921753,,,,,,,,,,
114,0.17812500894069672,0.17812500894069672,DAD,0.01787400245666504,7296,3.3388614654541016,,,,,,,,,,
115,0.17156250774860382,0.17156250774860382,DAD,0.018088102340698242,7360,3.3392333984375,,,,,,,,,,
116,0.18843749165534973,0.18843749165534973,DAD,0.01800060272216797,7424,3.339048147201538,,,,,,,,,,
117,0.1678124964237213,0.1678124964237213,DAD,0.01782846450805664,7488,3.338188886642456,,,,,,,,,,
118,0.16734375059604645,0.16734375059604645,DAD,0.017789840698242188,7552,3.3380675315856934,,,,,,,,,,
119,0.16218751668930054,0.16218751668930054,DAD,0.017985820770263672,7616,3.3380823135375977,,,,,,,,,,
120,0.16734375059604645,0.16734375059604645,DAD,0.0179593563079834,7680,3.337575912475586,,,,,,,,,,
121,0.1771875023841858,0.1771875023841858,DAD,0.0178072452545166,7744,3.337472438812256,,,,,,,,,,
122,0.16171875596046448,0.16171875596046448,DAD,0.017865419387817383,7808,3.3381800651550293,,,,,,,,,,
123,0.1706250011920929,0.1706250011920929,DAD,0.017798423767089844,7872,3.337852954864502,,,,,,,,,,
124,0.18281251192092896,0.18281251192092896,DAD,0.017796754837036133,7936,3.3376147747039795,,,,,,,,,,
125,0.17859375476837158,0.17859375476837158,DAD,0.01774287223815918,8000,3.3372387886047363,0.17671874999999998,0.17531249999999998,1,-0.0,0.0078125,0.140625,0,0.010078125,1001.0815625,0
126,0.16734376549720764,0.16734376549720764,DAD,0.01847386360168457,8064,3.3368592262268066,,,,,,,,,,
127,0.1603125035762787,0.1603125035762787,DAD,0.017850399017333984,8128,3.336853504180908,,,,,,,,,,
128,0.1860937476158142,0.1860937476158142,DAD,0.017724990844726562,8192,3.3360400199890137,,,,,,,,,,
129,0.16124999523162842,0.16124999523162842,DAD,0.017803192138671875,8256,3.3364675045013428,,,,,,,,,,
130,0.16593749821186066,0.16593749821186066,DAD,0.017867088317871094,8320,3.3370471000671387,,,,,,,,,,
131,0.15984374284744263,0.15984374284744263,DAD,0.017823219299316406,8384,3.3374767303466797,,,,,,,,,,
132,0.18703125417232513,0.18703125417232513,DAD,0.018136262893676758,8448,3.336732864379883,,,,,,,,,,
133,0.17671874165534973,0.17671874165534973,DAD,0.01777935028076172,8512,3.3375768661499023,,,,,,,,,,
134,0.18281249701976776,0.18281249701976776,DAD,0.017800092697143555,8576,3.3375473022460938,,,,,,,,,,
135,0.18421874940395355,0.18421874940395355,DAD,0.017841339111328125,8640,3.337736129760742,,,,,,,,,,
136,0.16828125715255737,0.16828125715255737,DAD,0.017857074737548828,8704,3.338223457336426,,,,,,,,,,
137,0.18187499046325684,0.18187499046325684,DAD,0.0178680419921875,8768,3.3387153148651123,,,,,,,,,,
138,0.15937501192092896,0.15937501192092896,DAD,0.01788640022277832,8832,3.338966131210327,,,,,,,,,,
139,0.1771875023841858,0.1771875023841858,DAD,0.017802000045776367,8896,3.3388936519622803,,,,,,,,,,
140,0.16359375417232513,0.16359375417232513,DAD,0.01787567138671875,8960,3.3387982845306396,,,,,,,,,,
141,0.17531248927116394,0.17531248927116394,DAD,0.017722606658935547,9024,3.3381547927856445,,,,,,,,,,
142,0.1860937476158142,0.1860937476158142,DAD,0.017836332321166992,9088,3.3388173580169678,,,,,,,,,,
143,0.14531250298023224,0.14531250298023224,DAD,0.017866849899291992,9152,3.339014768600464,,,,,,,,,,
144,0.17250001430511475,0.17250001430511475,DAD,0.01803278923034668,9216,3.3389954566955566,,,,,,,,,,
145,0.16312500834465027,0.16312500834465027,DAD,0.017913818359375,9280,3.3391952514648438,,,,,,,,,,
146,0.18046873807907104,0.18046873807907104,DAD,0.018015623092651367,9344,3.3395228385925293,,,,,,,,,,
147,0.17343750596046448,0.17343750596046448,DAD,0.017818450927734375,9408,3.340036392211914,,,,,,,,,,
148,0.17671874165534973,0.17671874165534973,DAD,0.01779007911682129,9472,3.3400752544403076,,,,,,,,,,
149,0.1795312464237213,0.1795312464237213,DAD,0.017862558364868164,9536,3.340115547180176,,,,,,,,,,
150,0.16078124940395355,0.16078124940395355,DAD,0.01795792579650879,9600,3.3408496379852295,0.17625,0.06859375000000001,3,0.9006492257881973,0.0234375,0.015625,1,0.000703125,0.06859375000000001,0
151,0.1720312535762787,0.1720312535762787,DAD,0.018169641494750977,9664,3.340479612350464,,,,,,,,,,
152,0.18515625596046448,0.18515625596046448,DAD,0.017822980880737305,9728,3.3404016494750977,,,,,,,,,,
153,0.16828124225139618,0.16828124225139618,DAD,0.017803192138671875,9792,3.3408801555633545,,,,,,,,,,
154,0.18515625596046448,0.18515625596046448,DAD,0.017808198928833008,9856,3.340646505355835,,,,,,,,,,
155,0.1485937535762787,0.1485937535762787,DAD,0.017699480056762695,9920,3.3411929607391357,,,,,,,,,,
156,0.17109376192092896,0.17109376192092896,DAD,0.017830371856689453,9984,3.3413140773773193,,,,,,,,,,
157,0.17156249284744263,0.17156249284744263,DAD,0.01790022850036621,10048,3.3417880535125732,,,,,,,,,,
158,0.1846875101327896,0.1846875101327896,DAD,0.017870664596557617,10112,3.3415770530700684,,,,,,,,,,
159,0.1809374988079071,0.1809374988079071,DAD,0.017824649810791016,10176,3.3415889739990234,,,,,,,,,,
160,0.19499999284744263,0.19499999284744263,DAD,0.017741680145263672,10240,3.341778516769409,,,,,,,,,,
161,0.16875000298023224,0.16875000298023224,DAD,0.017889976501464844,10304,3.3424224853515625,,,,,,,,,,
162,0.18046875298023224,0.18046875298023224,DAD,0.017876386642456055,10368,3.342576026916504,,,,,,,,,,
163,0.17765626311302185,0.17765626311302185,DAD,0.018161296844482422,10432,3.3425841331481934,,,,,,,,,,
164,0.1771875023841858,0.1771875023841858,DAD,0.017969369888305664,10496,3.3425521850585938,,,,,,,,,,
165,0.16828125715255737,0.16828125715255737,DAD,0.017999649047851562,10560,3.3428702354431152,,,,,,,,,,
166,0.1823437511920929,0.1823437511920929,DAD,0.01805257797241211,10624,3.3431243896484375,,,,,,,,,,
167,0.1823437511920929,0.1823437511920929,DAD,0.0180056095123291,10688,3.343247413635254,,,,,,,,,,
168,0.16453124582767487,0.16453124582767487,DAD,0.018091440200805664,10752,3.343754529953003,,,,,,,,,,
169,0.17624999582767487,0.17624999582767487,DAD,0.01772904396057129,10816,3.343841552734375,,,,,,,,,,
170,0.17484374344348907,0.17484374344348907,DAD,0.017673730850219727,10880,3.3438963890075684,,,,,,,,,,
171,0.18843750655651093,0.18843750655651093,DAD,0.017565488815307617,10944,3.344282865524292,,,,,,,,,,
172,0.18843749165534973,0.18843749165534973,DAD,0.017679929733276367,11008,3.344113349914551,,,,,,,,,,
173,0.17484375834465027,0.17484375834465027,DAD,0.017635822296142578,11072,3.344571113586426,,,,,,,,,,
174,0.16875000298023224,0.16875000298023224,DAD,0.017586469650268555,11136,3.3445162773132324,,,,,,,,,,
175,0.18187500536441803,0.18187500536441803,DAD,0.017731666564941406,11200,3.3450827598571777,0.170859375,0.07179687500000001,9,1.6512390570368525,0.0703125,0.03125,1,0.00140625,0.07179687500000001,0
176,0.19499999284744263,0.19499999284744263,DAD,0.018004417419433594,11264,3.345212936401367,,,,,,,,,,
177,0.17578125,0.17578125,DAD,0.017664670944213867,11328,3.3456342220306396,,,,,,,,,,
178,0.16312499344348907,0.16312499344348907,DAD,0.017609596252441406,11392,3.346113920211792,,,,,,,,,,
179,0.16734375059604645,0.16734375059604645,DAD,0.017626285552978516,11456,3.34619402885437,,,,,,,,,,
180,0.15140625834465027,0.15140625834465027,DAD,0.017718791961669922,11520,3.3466861248016357,,,,,,,,,,
181,0.14531250298023224,0.14531250298023224,DAD,0.017650604248046875,11584,3.3470611572265625,,,,,,,,,,
182,0.18703125417232513,0.18703125417232513,DAD,0.017541885375976562,11648,3.346982955932617,,,,,,,,,,
183,0.16171875596046448,0.16171875596046448,DAD,0.017520904541015625,11712,3.347325086593628,,,,,,,,,,
184,0.16171875596046448,0.16171875596046448,DAD,0.017766475677490234,11776,3.3476455211639404,,,,,,,,,,
185,0.18937501311302185,0.18937501311302185,DAD,0.017692089080810547,11840,3.3471193313598633,,,,,,,,,,
186,0.16171875596046448,0.16171875596046448,DAD,0.017612695693969727,11904,3.3471477031707764,,,,,,,,,,
187,0.15562501549720764,0.15562501549720764,DAD,0.01783013343811035,11968,3.3473222255706787,,,,,,,,,,
188,0.17906250059604645,0.17906250059604645,DAD,0.017636537551879883,12032,3.347053050994873,,,,,,,,,,
189,0.17343750596046448,0.17343750596046448,DAD,0.017648935317993164,12096,3.347137928009033,,,,,,,,,,
190,0.17531250417232513,0.17531250417232513,DAD,0.01759648323059082,12160,3.347141981124878,,,,,,,,,,
191,0.17296874523162842,0.17296874523162842,DAD,0.017573118209838867,12224,3.3472437858581543,,,,,,,,,,
192,0.18562498688697815,0.18562498688697815,DAD,0.017685890197753906,12288,3.347633123397827,,,,,,,,,,
193,0.17625001072883606,0.17625001072883606,DAD,0.01767754554748535,12352,3.3477208614349365,,,,,,,,,,
194,0.1795312464237213,0.1795312464237213,DAD,0.017734050750732422,12416,3.3481268882751465,,,,,,,,,,
195,0.17484374344348907,0.17484374344348907,DAD,0.017683029174804688,12480,3.348541259765625,,,,,,,,,,
196,0.15046875178813934,0.15046875178813934,DAD,0.01861715316772461,12544,3.3488850593566895,,,,,,,,,,
197,0.17578125,0.17578125,DAD,0.017791748046875,12608,3.3491406440734863,,,,,,,,,,
198,0.1809374988079071,0.1809374988079071,DAD,0.0176546573638916,12672,3.3493411540985107,,,,,,,,,,
199,0.16874998807907104,0.16874998807907104,DAD,0.017653703689575195,12736,3.349712371826172,,,,,,,,,,
200,0.19031250476837158,0.19031250476837158,DAD,0.017656326293945312,12800,3.3498713970184326,0.17531249999999998,0.1528125,4,0.48696169390495725,0.03125,0.140625,0,0.00796875,1001.0590625,0
201,0.1837500035762787,0.1837500035762787,DAD,0.018028974533081055,12864,3.350160598754883,,,,,,,,,,
202,0.18937501311302185,0.18937501311302185,DAD,0.01767253875732422,12928,3.3504409790039062,,,,,,,,,,
203,0.17531248927116394,0.17531248927116394,DAD,0.01768946647644043,12992,3.350464344024658,,,,,,,,,,
204,0.17624999582767487,0.17624999582767487,DAD,0.017698287963867188,13056,3.3502347469329834,,,,,,,,,,
205,0.16734376549720764,0.16734376549720764,DAD,0.01771831512451172,13120,3.3503196239471436,,,,,,,,,,
206,0.17109376192092896,0.17109376192092896,DAD,0.0175628662109375,13184,3.3501029014587402,,,,,,,,,,
207,0.1603125035762787,0.1603125035762787,DAD,0.017545700073242188,13248,3.3499982357025146,,,,,,,,,,
208,0.1654687523841858,0.1654687523841858,DAD,0.017708539962768555,13312,3.3501968383789062,,,,,,,,,,
209,0.17906250059604645,0.17906250059604645,DAD,0.017762184143066406,13376,3.350327968597412,,,,,,,,,,
210,0.17671874165534973,0.17671874165534973,DAD,0.017679691314697266,13440,3.3505749702453613,,,,,,,,,,
211,0.1720312535762787,0.1720312535762787,DAD,0.017545700073242188,13504,3.3508307933807373,,,,,,,,,,
212,0.18703123927116394,0.18703123927116394,DAD,0.017642974853515625,13568,3.3511130809783936,,,,,,,,,,
213,0.16734376549720764,0.16734376549720764,DAD,0.017654895782470703,13632,3.351581573486328,,,,,,,,,,
214,0.17484375834465027,0.17484375834465027,DAD,0.017503738403320312,13696,3.3520123958587646,,,,,,,,,,
215,0.16124999523162842,0.16124999523162842,DAD,0.017737627029418945,13760,3.3523147106170654,,,,,,,,,,
216,0.1809374988079071,0.1809374988079071,DAD,0.017839431762695312,13824,3.352828025817871,,,,,,,,,,
217,0.16312499344348907,0.16312499344348907,DAD,0.017798662185668945,13888,3.353219509124756,,,,,,,,,,
218,0.16359375417232513,0.16359375417232513,DAD,0.017659664154052734,13952,3.353311538696289,,,,,,,,,,
219,0.1743749976158142,0.1743749976158142,DAD,0.017648696899414062,14016,3.3536088466644287,,,,,,,,,,
220,0.1574999988079071,0.1574999988079071,DAD,0.017653703689575195,14080,3.3538379669189453,,,,,,,,,,
221,0.1823437511920929,0.1823437511920929,DAD,0.01767563819885254,14144,3.353994846343994,,,,,,,,,,
222,0.17671874165534973,0.17671874165534973,DAD,0.01759052276611328,14208,3.354107618331909,,,,,,,,,,
223,0.17296874523162842,0.17296874523162842,DAD,0.017760038375854492,14272,3.354236125946045,,,,,,,,,,
224,0.17531248927116394,0.17531248927116394,DAD,0.017699718475341797,14336,3.3544468879699707,,,,,,,,,,
225,0.1574999988079071,0.1574999988079071,DAD,0.01767134666442871,14400,3.354407787322998,0.174140625,0.198515625,2,0.13906079845474112,0.015625,0.1640625,0,0.012421875,1001.339140625,0
226,0.1795312464237213,0.1795312464237213,DAD,0.017890214920043945,14464,3.3544979095458984,,,,,,,,,,
227,0.17906251549720764,0.17906251549720764,DAD,0.017739057540893555,14528,3.354511260986328,,,,,,,,,,
228,0.16875000298023224,0.16875000298023224,DAD,0.017665624618530273,14592,3.3545825481414795,,,,,,,,,,
229,0.17390626668930054,0.17390626668930054,DAD,0.017501354217529297,14656,3.3546504974365234,,,,,,,,,,
230,0.16359375417232513,0.16359375417232513,DAD,0.017774343490600586,14720,3.3546226024627686,,,,,,,,,,
231,0.19828125834465027,0.19828125834465027,DAD,0.01752781867980957,14784,3.354665517807007,,,,,,,,,,
232,0.16359373927116394,0.16359373927116394,DAD,0.017650365829467773,14848,3.3544921875,,,,,,,,,,
233,0.18515625596046448,0.18515625596046448,DAD,0.017642736434936523,14912,3.3544769287109375,,,,,,,,,,
234,0.17999999225139618,0.17999999225139618,DAD,0.017618179321289062,14976,3.3544375896453857,,,,,,,,,,
235,0.16124999523162842,0.16124999523162842,DAD,0.018024921417236328,15040,3.3543803691864014,,,,,,,,,,
236,0.17156249284744263,0.17156249284744263,DAD,0.01763153076171875,15104,3.3545196056365967,,,,,,,,,,
237,0.17296874523162842,0.17296874523162842,DAD,0.017743349075317383,15168,3.3547744750976562,,,,,,,,,,
238,0.1809374988079071,0.1809374988079071,DAD,0.017624855041503906,15232,3.354766845703125,,,,,,,,,,
239,0.16593749821186066,0.16593749821186066,DAD,0.01768183708190918,15296,3.3548829555511475,,,,,,,,,,
240,0.18187500536441803,0.18187500536441803,DAD,0.01762866973876953,15360,3.3548877239227295,,,,,,,,,,
241,0.19078123569488525,0.19078123569488525,DAD,0.01753997802734375,15424,3.354792356491089,,,,,,,,,,
242,0.16734375059604645,0.16734375059604645,DAD,0.01768207550048828,15488,3.354808807373047,,,,,,,,,,
243,0.18515625596046448,0.18515625596046448,DAD,0.01765155792236328,15552,3.354780912399292,,,,,,,,,,
244,0.17906250059604645,0.17906250059604645,DAD,0.01754164695739746,15616,3.35451602935791,,,,,,,,,,
245,0.1912499964237213,0.1912499964237213,DAD,0.017794132232666016,15680,3.3546061515808105,,,,,,,,,,
246,0.1574999988079071,0.1574999988079071,DAD,0.017666101455688477,15744,3.3543267250061035,,,,,,,,,,
247,0.1654687523841858,0.1654687523841858,DAD,0.017861366271972656,15808,3.3541476726531982,,,,,,,,,,
248,0.1743749976158142,0.1743749976158142,DAD,0.017627239227294922,15872,3.3539493083953857,,,,,,,,,,
249,0.15515625476837158,0.15515625476837158,DAD,0.017647981643676758,15936,3.3537938594818115,,,,,,,,,,
250,0.1678124964237213,0.1678124964237213,DAD,0.017578840255737305,16000,3.3537240028381348,0.17578125,0.18609375,2,0.13906079845474112,0.015625,0.1640625,0,0.011015625000000001,1001.32671875,0
251,0.1706250011920929,0.1706250011920929,DAD,0.0178525447845459,16064,3.3535315990448,,,,,,,,,,
252,0.17343750596046448,0.17343750596046448,DAD,0.017684221267700195,16128,3.3535220623016357,,,,,,,,,,
253,0.17343750596046448,0.17343750596046448,DAD,0.017769813537597656,16192,3.3534560203552246,,,,,,,,,,
254,0.17531250417232513,0.17531250417232513,DAD,0.017716407775878906,16256,3.353419780731201,,,,,,,,,,
255,0.1692187488079071,0.1692187488079071,DAD,0.017578125,16320,3.353260040283203,,,,,,,,,,
256,0.17109376192092896,0.17109376192092896,DAD,0.017818927764892578,16384,3.3533999919891357,,,,,,,,,,
257,0.15843750536441803,0.15843750536441803,DAD,0.017720937728881836,16448,3.3532910346984863,,,,,,,,,,
258,0.1771875023841858,0.1771875023841858,DAD,0.01764702796936035,16512,3.3533549308776855,,,,,,,,,,
259,0.16734376549720764,0.16734376549720764,DAD,0.01763463020324707,16576,3.3534045219421387,,,,,,,,,,
260,0.18796876072883606,0.18796876072883606,DAD,0.017714500427246094,16640,3.3534820079803467,,,,,,,,,,
261,0.1668749898672104,0.1668749898672104,DAD,0.01767253875732422,16704,3.353752613067627,,,,,,,,,,
262,0.1654687523841858,0.1654687523841858,DAD,0.01749277114868164,16768,3.3540749549865723,,,,,,,,,,
263,0.1823437511920929,0.1823437511920929,DAD,0.017683982849121094,16832,3.354562282562256,,,,,,,,,,
264,0.1912499964237213,0.1912499964237213,DAD,0.017637252807617188,16896,3.35482120513916,,,,,,,,,,
265,0.19218748807907104,0.19218748807907104,DAD,0.017709732055664062,16960,3.355095386505127,,,,,,,,,,
266,0.17578125,0.17578125,DAD,0.017652273178100586,17024,3.355339765548706,,,,,,,,,,
267,0.17578125,0.17578125,DAD,0.01753830909729004,17088,3.3554205894470215,,,,,,,,,,
268,0.15984374284744263,0.15984374284744263,DAD,0.01765608787536621,17152,3.355524778366089,,,,,,,,,,
269,0.18046875298023224,0.18046875298023224,DAD,0.01762676239013672,17216,3.355813503265381,,,,,,,,,,
270,0.17531250417232513,0.17531250417232513,DAD,0.017795324325561523,17280,3.3560714721679688,,,,,,,,,,
271,0.18937499821186066,0.18937499821186066,DAD,0.01760077476501465,17344,3.3563456535339355,,,,,,,,,,
272,0.17531250417232513,0.17531250417232513,DAD,0.017748594284057617,17408,3.3565216064453125,,,,,,,,,,
273,0.16968750953674316,0.16968750953674316,DAD,0.01751255989074707,17472,3.356837749481201,,,,,,,,,,
274,0.18281249701976776,0.18281249701976776,DAD,0.01779031753540039,17536,3.3570029735565186,,,,,,,,,,
275,0.16734376549720764,0.16734376549720764,DAD,0.0175473690032959,17600,3.357260227203369,0.17765625000000002,0.17625,6,1.2044954667081933,0.046875,0.140625,0,0.010078125,1001.0825,0
276,0.17484375834465027,0.17484375834465027,DAD,0.017981767654418945,17664,3.3573179244995117,,,,,,,,,,
277,0.1692187488079071,0.1692187488079071,DAD,0.0175325870513916,17728,3.357389450073242,,,,,,,,,,
278,0.18046875298023224,0.18046875298023224,DAD,0.01760721206665039,17792,3.3576066493988037,,,,,,,,,,
279,0.17671874165534973,0.17671874165534973,DAD,0.017583131790161133,17856,3.35768461227417,,,,,,,,,,
280,0.17484375834465027,0.17484375834465027,DAD,0.017635107040405273,17920,3.3578097820281982,,,,,,,,,,
281,0.1706250011920929,0.1706250011920929,DAD,0.017698049545288086,17984,3.3580222129821777,,,,,,,,,,
282,0.1729687601327896,0.1729687601327896,DAD,0.017533302307128906,18048,3.358201742172241,,,,,,,,,,
283,0.17906251549720764,0.17906251549720764,DAD,0.017574310302734375,18112,3.358243942260742,,,,,,,,,,
284,0.17296874523162842,0.17296874523162842,DAD,0.017806291580200195,18176,3.3583524227142334,,,,,,,,,,
285,0.16171875596046448,0.16171875596046448,DAD,0.01778101921081543,18240,3.3582706451416016,,,,,,,,,,
286,0.17015624046325684,0.17015624046325684,DAD,0.017589807510375977,18304,3.3582751750946045,,,,,,,,,,
287,0.17765626311302185,0.17765626311302185,DAD,0.01749253273010254,18368,3.3581790924072266,,,,,,,,,,
288,0.1626562476158142,0.1626562476158142,DAD,0.01762986183166504,18432,3.358090877532959,,,,,,,,,,
289,0.1589062511920929,0.1589062511920929,DAD,0.01770162582397461,18496,3.3580920696258545,,,,,,,,,,
290,0.18187499046325684,0.18187499046325684,DAD,0.017682790756225586,18560,3.3578763008117676,,,,,,,,,,
291,0.17671875655651093,0.17671875655651093,DAD,0.017614126205444336,18624,3.3578250408172607,,,,,,,,,,
292,0.16359376907348633,0.16359376907348633,DAD,0.017637014389038086,18688,3.35770845413208,,,,,,,,,,
293,0.1860937476158142,0.1860937476158142,DAD,0.017574787139892578,18752,3.357520580291748,,,,,,,,,,
294,0.16968750953674316,0.16968750953674316,DAD,0.017608165740966797,18816,3.357283353805542,,,,,,,,,,
295,0.19171875715255737,0.19171875715255737,DAD,0.017671823501586914,18880,3.3572540283203125,,,,,,,,,,
296,0.1860937476158142,0.1860937476158142,DAD,0.01765918731689453,18944,3.35719633102417,,,,,,,,,,
297,0.17390625178813934,0.17390625178813934,DAD,0.0177309513092041,19008,3.357146739959717,,,,,,,,,,
298,0.1771875023841858,0.1771875023841858,DAD,0.017519235610961914,19072,3.3571295738220215,,,,,,,,,,
299,0.1574999988079071,0.1574999988079071,DAD,0.017767906188964844,19136,3.357118606567383,,,,,,,,,,
300,0.1678124964237213,0.1678124964237213,DAD,0.0176694393157959,19200,3.3570399284362793,0.175546875,0.16554687499999998,10,1.420270394736257,0.078125,0.1484375,0,0.009140625000000001,1001.149921875,0
301,0.18515625596046448,0.18515625596046448,DAD,0.01779770851135254,19264,3.3569915294647217,,,,,,,,,,
302,0.1692187488079071,0.1692187488079071,DAD,0.01770329475402832,19328,3.356940746307373,,,,,,,,,,
303,0.16640624403953552,0.16640624403953552,DAD,0.017554759979248047,19392,3.3569390773773193,,,,,,,,,,
304,0.1823437511920929,0.1823437511920929,DAD,0.017700672149658203,19456,3.3569276332855225,,,,,,,,,,
305,0.17531248927116394,0.17531248927116394,DAD,0.017551183700561523,19520,3.357149839401245,,,,,,,,,,
306,0.17624999582767487,0.17624999582767487,DAD,0.017777204513549805,19584,3.357182025909424,,,,,,,,,,
307,0.16453126072883606,0.16453126072883606,DAD,0.017606496810913086,19648,3.357333183288574,,,,,,,,,,
308,0.1692187488079071,0.1692187488079071,DAD,0.01760244369506836,19712,3.3574607372283936,,,,,,,,,,
309,0.1692187637090683,0.1692187637090683,DAD,0.01773810386657715,19776,3.3577449321746826,,,,,,,,,,
310,0.17484375834465027,0.17484375834465027,DAD,0.017566442489624023,19840,3.3578250408172607,,,,,,,,,,
311,0.17484375834465027,0.17484375834465027,DAD,0.017652273178100586,19904,3.3578691482543945,,,,,,,,,,
312,0.18281249701976776,0.18281249701976776,DAD,0.017625808715820312,19968,3.357837677001953,,,,,,,,,,
313,0.17015624046325684,0.17015624046325684,DAD,0.017637252807617188,20032,3.3578567504882812,,,,,,,,,,
314,0.17531248927116394,0.17531248927116394,DAD,0.017721891403198242,20096,3.3578152656555176,,,,,,,,,,
315,0.1692187488079071,0.1692187488079071,DAD,0.017653942108154297,20160,3.357820510864258,,,,,,,,,,
316,0.1589062511920929,0.1589062511920929,DAD,0.017774343490600586,20224,3.357912063598633,,,,,,,,,,
317,0.17249999940395355,0.17249999940395355,DAD,0.01776909828186035,20288,3.3578317165374756,,,,,,,,,,
318,0.1743749976158142,0.1743749976158142,DAD,0.017659425735473633,20352,3.3579511642456055,,,,,,,,,,
319,0.17249999940395355,0.17249999940395355,DAD,0.017667531967163086,20416,3.357956647872925,,,,,,,,,,
320,0.18328125774860382,0.18328125774860382,DAD,0.017661571502685547,20480,3.3579039573669434,,,,,,,,,,
321,0.17906250059604645,0.17906250059604645,DAD,0.017627954483032227,20544,3.357764720916748,,,,,,,,,,
322,0.16499999165534973,0.16499999165534973,DAD,0.017488956451416016,20608,3.3575992584228516,,,,,,,,,,
323,0.1589062511920929,0.1589062511920929,DAD,0.017672061920166016,20672,3.357492446899414,,,,,,,,,,
324,0.1795312464237213,0.1795312464237213,DAD,0.017676591873168945,20736,3.3573355674743652,,,,,,,,,,
325,0.17390623688697815,0.17390623688697815,DAD,0.017608165740966797,20800,3.35727596282959,0.17953124999999998,0.16718750000000002,6,1.2681875776209344,0.046875,0.171875,0,0.008671875,1001.3859375,0
326,0.1640625,0.1640625,DAD,0.017926931381225586,20864,3.357140064239502,,,,,,,,,,
327,0.18140625953674316,0.18140625953674316,DAD,0.017940044403076172,20928,3.3569324016571045,,,,,,,,,,
328,0.18000000715255737,0.18000000715255737,DAD,0.017722606658935547,20992,3.356863021850586,,,,,,,,,,
329,0.15281251072883606,0.15281251072883606,DAD,0.01777172088623047,21056,3.35676646232605,,,,,,,,,,
330,0.17296874523162842,0.17296874523162842,DAD,0.01761174201965332,21120,3.356806516647339,,,,,,,,,,
331,0.1743749976158142,0.1743749976158142,DAD,0.017679452896118164,21184,3.356652021408081,,,,,,,,,,
332,0.1720312535762787,0.1720312535762787,DAD,0.017632484436035156,21248,3.3565139770507812,,,,,,,,,,
333,0.16453126072883606,0.16453126072883606,DAD,0.01760554313659668,21312,3.3563499450683594,,,,,,,,,,
334,0.17296874523162842,0.17296874523162842,DAD,0.017701148986816406,21376,3.356156826019287,,,,,,,,,,
335,0.17906248569488525,0.17906248569488525,DAD,0.017620325088500977,21440,3.3559720516204834,,,,,,,,,,
336,0.1678124964237213,0.1678124964237213,DAD,0.017691373825073242,21504,3.3556227684020996,,,,,,,,,,
337,0.16312500834465027,0.16312500834465027,DAD,0.017729520797729492,21568,3.3555660247802734,,,,,,,,,,
338,0.16078123450279236,0.16078123450279236,DAD,0.017617225646972656,21632,3.3554868698120117,,,,,,,,,,
339,0.18187500536441803,0.18187500536441803,DAD,0.017438411712646484,21696,3.355435848236084,,,,,,,,,,
340,0.17531250417232513,0.17531250417232513,DAD,0.017577648162841797,21760,3.3553152084350586,,,,,,,,,,
341,0.1626562476158142,0.1626562476158142,DAD,0.017583608627319336,21824,3.355210781097412,,,,,,,,,,
342,0.17343750596046448,0.17343750596046448,DAD,0.017666339874267578,21888,3.3552043437957764,,,,,,,,,,
343,0.17625001072883606,0.17625001072883606,DAD,0.017689943313598633,21952,3.355088949203491,,,,,,,,,,
344,0.18187499046325684,0.18187499046325684,DAD,0.017768383026123047,22016,3.3552427291870117,,,,,,,,,,
345,0.1743749976158142,0.1743749976158142,DAD,0.017577171325683594,22080,3.355590343475342,,,,,,,,,,
346,0.14906249940395355,0.14906249940395355,DAD,0.017822265625,22144,3.3559319972991943,,,,,,,,,,
347,0.15796875953674316,0.15796875953674316,DAD,0.017643213272094727,22208,3.3561673164367676,,,,,,,,,,
348,0.1846875101327896,0.1846875101327896,DAD,0.017600059509277344,22272,3.3565890789031982,,,,,,,,,,
349,0.16734375059604645,0.16734375059604645,DAD,0.017672300338745117,22336,3.3567628860473633,,,,,,,,,,
350,0.17015625536441803,0.17015625536441803,DAD,0.01764988899230957,22400,3.3571345806121826,0.174375,0.12609375,6,1.1639219917176469,0.046875,0.09375,0,0.005859375,1000.56359375,0
351,0.19171875715255737,0.19171875715255737,DAD,0.017988204956054688,22464,3.35732364654541,,,,,,,,,,
352,0.16499999165534973,0.16499999165534973,DAD,0.017594337463378906,22528,3.357469320297241,,,,,,,,,,
353,0.18140624463558197,0.18140624463558197,DAD,0.017673254013061523,22592,3.3577942848205566,,,,,,,,,,
354,0.16453126072883606,0.16453126072883606,DAD,0.01759934425354004,22656,3.3580806255340576,,,,,,,,,,
355,0.17765626311302185,0.17765626311302185,DAD,0.017560720443725586,22720,3.3582797050476074,,,,,,,,,,
356,0.1795312464237213,0.1795312464237213,DAD,0.017718076705932617,22784,3.3585071563720703,,,,,,,,,,
357,0.15703125298023224,0.15703125298023224,DAD,0.01768779754638672,22848,3.3586602210998535,,,,,,,,,,
358,0.17859375476837158,0.17859375476837158,DAD,0.017654895782470703,22912,3.358854293823242,,,,,,,,,,
359,0.17906250059604645,0.17906250059604645,DAD,0.017543315887451172,22976,3.3589959144592285,,,,,,,,,,
360,0.16828125715255737,0.16828125715255737,DAD,0.017705678939819336,23040,3.359098196029663,,,,,,,,,,
361,0.17343750596046448,0.17343750596046448,DAD,0.017731189727783203,23104,3.359205961227417,,,,,,,,,,
362,0.18140624463558197,0.18140624463558197,DAD,0.018965959548950195,23168,3.359243392944336,,,,,,,,,,
363,0.18328125774860382,0.18328125774860382,DAD,0.017667293548583984,23232,3.3594107627868652,,,,,,,,,,
364,0.17249999940395355,0.17249999940395355,DAD,0.01770806312561035,23296,3.3594794273376465,,,,,,,,,,
365,0.18515625596046448,0.18515625596046448,DAD,0.017763376235961914,23360,3.3595080375671387,,,,,,,,,,
366,0.17906251549720764,0.17906251549720764,DAD,0.017731189727783203,23424,3.3594346046447754,,,,,,,,,,
367,0.1589062511920929,0.1589062511920929,DAD,0.019728422164916992,23488,3.3594207763671875,,,,,,,,,,
368,0.18328124284744263,0.18328124284744263,DAD,0.01861119270324707,23552,3.3594112396240234,,,,,,,,,,
369,0.16312500834465027,0.16312500834465027,DAD,0.01771092414855957,23616,3.3593900203704834,,,,,,,,,,
370,0.18515625596046448,0.18515625596046448,DAD,0.01773667335510254,23680,3.3594002723693848,,,,,,,,,,
371,0.19078126549720764,0.19078126549720764,DAD,0.017702817916870117,23744,3.359419584274292,,,,,,,,,,
372,0.16359375417232513,0.16359375417232513,DAD,0.017755985260009766,23808,3.3594398498535156,,,,,,,,,,
373,0.16875000298023224,0.16875000298023224,DAD,0.017774105072021484,23872,3.359480619430542,,,,,,,,,,
374,0.17390625178813934,0.17390625178813934,DAD,0.017708539962768555,23936,3.3596038818359375,,,,,,,,,,
375,0.17484375834465027,0.17484375834465027,DAD,0.017706871032714844,24000,3.3596200942993164,0.174609375,0.05835937500000001,3,0.15663377172407889,0.0234375,0.0,1,0.0,0.05835937500000001,0
376,0.1640625,0.1640625,DAD,0.018004894256591797,24064,3.3596017360687256,,,,,,,,,,
377,0.16500000655651093,0.16500000655651093,DAD,0.017767667770385742,24128,3.3596367835998535,,,,,,,,,,
378,0.18140625953674316,0.18140625953674316,DAD,0.017844676971435547,24192,3.35964298248291,,,,,,,,,,
379,0.17249999940395355,0.17249999940395355,DAD,0.017632722854614258,24256,3.3595190048217773,,,,,,,,,,
380,0.17765626311302185,0.17765626311302185,DAD,0.017618656158447266,24320,3.3595142364501953,,,,,,,,,,
381,0.18140625953674316,0.18140625953674316,DAD,0.01772451400756836,24384,3.359534740447998,,,,,,,,,,
382,0.1743749976158142,0.1743749976158142,DAD,0.01766824722290039,24448,3.3594603538513184,,,,,,,,,,
383,0.17343750596046448,0.17343750596046448,DAD,0.017853260040283203,24512,3.3594894409179688,,,,,,,,,,
384,0.1654687523841858,0.1654687523841858,DAD,0.017777681350708008,24576,3.359525203704834,,,,,,,,,,
385,0.1771875023841858,0.1771875023841858,DAD,0.01767420768737793,24640,3.359575033187866,,,,,,,,,,
386,0.1692187488079071,0.1692187488079071,DAD,0.017734050750732422,24704,3.3595333099365234,,,,,,,,,,
387,0.1706250011920929,0.1706250011920929,DAD,0.01761794090270996,24768,3.359487533569336,,,,,,,,,,
388,0.17578125,0.17578125,DAD,0.017735719680786133,24832,3.3594472408294678,,,,,,,,,,
389,0.17625001072883606,0.17625001072883606,DAD,0.017926692962646484,24896,3.3593592643737793,,,,,,,,,,
390,0.15656249225139618,0.15656249225139618,DAD,0.01748800277709961,24960,3.3593032360076904,,,,,,,,,,
391,0.1743749976158142,0.1743749976158142,DAD,0.017828941345214844,25024,3.3593549728393555,,,,,,,,,,
392,0.1795312464237213,0.1795312464237213,DAD,0.017635822296142578,25088,3.359297513961792,,,,,,,,,,
393,0.18187500536441803,0.18187500536441803,DAD,0.0179440975189209,25152,3.3592746257781982,,,,,,,,,,
394,0.1603125035762787,0.1603125035762787,DAD,0.01762843132019043,25216,3.359388828277588,,,,,,,,,,
395,0.18046875298023224,0.18046875298023224,DAD,0.017670631408691406,25280,3.359334945678711,,,,,,,,,,
396,0.17671874165534973,0.17671874165534973,DAD,0.017589569091796875,25344,3.359276533126831,,,,,,,,,,
397,0.18046875298023224,0.18046875298023224,DAD,0.017594337463378906,25408,3.3591761589050293,,,,,,,,,,
398,0.1720312535762787,0.1720312535762787,DAD,0.017661571502685547,25472,3.3591134548187256,,,,,,,,,,
399,0.18843749165534973,0.18843749165534973,DAD,0.01764512062072754,25536,3.35913348197937,,,,,,,,,,
400,0.15984374284744263,0.15984374284744263,DAD,0.01766514778137207,25600,3.3590006828308105,0.174375,0.05812500000000001,2,0.1649531914744777,0.015625,0.0,1,0.0,0.05812500000000001,0
401,0.1889062523841858,0.1889062523841858,DAD,0.018061161041259766,25664,3.358959197998047,,,,,,,,,,
402,0.17109376192092896,0.17109376192092896,DAD,0.017669200897216797,25728,3.3589353561401367,,,,,,,,,,
403,0.17109374701976776,0.17109374701976776,DAD,0.01765584945678711,25792,3.3589372634887695,,,,,,,,,,
404,0.18281251192092896,0.18281251192092896,DAD,0.017661571502685547,25856,3.3588778972625732,,,,,,,,,,
405,0.18140625953674316,0.18140625953674316,DAD,0.017726421356201172,25920,3.3590469360351562,,,,,,,,,,
406,0.16078124940395355,0.16078124940395355,DAD,0.017868757247924805,25984,3.358863592147827,,,,,,,,,,
407,0.18140625953674316,0.18140625953674316,DAD,0.017615556716918945,26048,3.3588967323303223,,,,,,,,,,
408,0.17578125,0.17578125,DAD,0.017670392990112305,26112,3.3587722778320312,,,,,,,,,,
409,0.17484375834465027,0.17484375834465027,DAD,0.01763176918029785,26176,3.358813762664795,,,,,,,,,,
410,0.18515625596046448,0.18515625596046448,DAD,0.017557621002197266,26240,3.3587646484375,,,,,,,,,,
411,0.1771875023841858,0.1771875023841858,DAD,0.017798662185668945,26304,3.358783721923828,,,,,,,,,,
412,0.1978124976158142,0.1978124976158142,DAD,0.018084049224853516,26368,3.3586554527282715,,,,,,,,,,
413,0.1537500023841858,0.1537500023841858,DAD,0.017722368240356445,26432,3.3586394786834717,,,,,,,,,,
414,0.16968750953674316,0.16968750953674316,DAD,0.01805281639099121,26496,3.358591079711914,,,,,,,,,,
415,0.1654687523841858,0.1654687523841858,DAD,0.018091678619384766,26560,3.358619213104248,,,,,,,,,,
416,0.17531250417232513,0.17531250417232513,DAD,0.0178830623626709,26624,3.3584728240966797,,,,,,,,,,
417,0.17296874523162842,0.17296874523162842,DAD,0.0177156925201416,26688,3.3584136962890625,,,,,,,,,,
418,0.15937501192092896,0.15937501192092896,DAD,0.019075393676757812,26752,3.358427047729492,,,,,,,,,,
419,0.1771875023841858,0.1771875023841858,DAD,0.018888473510742188,26816,3.3582112789154053,,,,,,,,,,
420,0.16499999165534973,0.16499999165534973,DAD,0.01772451400756836,26880,3.3581225872039795,,,,,,,,,,
421,0.18000000715255737,0.18000000715255737,DAD,0.017577648162841797,26944,3.358074903488159,,,,,,,,,,
422,0.16734376549720764,0.16734376549720764,DAD,0.017497539520263672,27008,3.3581817150115967,,,,,,,,,,
423,0.17812499403953552,0.17812499403953552,DAD,0.01764392852783203,27072,3.358171224594116,,,,,,,,,,
424,0.17015625536441803,0.17015625536441803,DAD,0.017493247985839844,27136,3.358102321624756,,,,,,,,,,
425,0.17625001072883606,0.17625001072883606,DAD,0.01766514778137207,27200,3.358123302459717,0.169921875,0.05679687500000001,3,0.12604970513908959,0.0234375,0.0078125,1,0.000234375,0.05679687500000001,0
426,0.1626562476158142,0.1626562476158142,DAD,0.018045425415039062,27264,3.3580942153930664,,,,,,,,,,
427,0.17390623688697815,0.17390623688697815,DAD,0.01760101318359375,27328,3.358100652694702,,,,,,,,,,
428,0.18656249344348907,0.18656249344348907,DAD,0.017656326293945312,27392,3.3580031394958496,,,,,,,,,,
429,0.18140625953674316,0.18140625953674316,DAD,0.017694950103759766,27456,3.357999324798584,,,,,,,,,,
430,0.1603125035762787,0.1603125035762787,DAD,0.01772594451904297,27520,3.3579068183898926,,,,,,,,,,
431,0.16499999165534973,0.16499999165534973,DAD,0.017598628997802734,27584,3.3578391075134277,,,,,,,,,,
432,0.16359373927116394,0.16359373927116394,DAD,0.017609834671020508,27648,3.3577182292938232,,,,,,,,,,
433,0.1692187488079071,0.1692187488079071,DAD,0.017640113830566406,27712,3.3576316833496094,,,,,,,,,,
434,0.1823437660932541,0.1823437660932541,DAD,0.017696142196655273,27776,3.357581853866577,,,,,,,,,,
435,0.18421874940395355,0.18421874940395355,DAD,0.017574787139892578,27840,3.3575541973114014,,,,,,,,,,
436,0.16640624403953552,0.16640624403953552,DAD,0.01759648323059082,27904,3.357495069503784,,,,,,,,,,
437,0.18187499046325684,0.18187499046325684,DAD,0.01749563217163086,27968,3.3574492931365967,,,,,,,,,,
438,0.18281251192092896,0.18281251192092896,DAD,0.017568588256835938,28032,3.357168197631836,,,,,,,,,,
439,0.18000000715255737,0.18000000715255737,DAD,0.017615318298339844,28096,3.3569819927215576,,,,,,,,,,
440,0.1720312535762787,0.1720312535762787,DAD,0.017622947692871094,28160,3.3569743633270264,,,,,,,,,,
441,0.17812499403953552,0.17812499403953552,DAD,0.01765155792236328,28224,3.356722593307495,,,,,,,,,,
442,0.18796876072883606,0.18796876072883606,DAD,0.017642498016357422,28288,3.3563315868377686,,,,,,,,,,
443,0.17671875655651093,0.17671875655651093,DAD,0.017719745635986328,28352,3.3561809062957764,,,,,,,,,,
444,0.1706250011920929,0.1706250011920929,DAD,0.0176236629486084,28416,3.3561248779296875,,,,,,,,,,
445,0.1626562476158142,0.1626562476158142,DAD,0.01763439178466797,28480,3.3558833599090576,,,,,,,,,,
446,0.16968749463558197,0.16968749463558197,DAD,0.017760515213012695,28544,3.3557677268981934,,,,,,,,,,
447,0.16499999165534973,0.16499999165534973,DAD,0.017723560333251953,28608,3.355837821960449,,,,,,,,,,
448,0.1706250011920929,0.1706250011920929,DAD,0.017992019653320312,28672,3.355863571166992,,,,,,,,,,
449,0.16500000655651093,0.16500000655651093,DAD,0.01801609992980957,28736,3.3559653759002686,,,,,,,,,,
450,0.18421874940395355,0.18421874940395355,DAD,0.017746448516845703,28800,3.355895519256592,0.1725,0.05625000000000001,2,0.6210863745552451,0.015625,0.0,1,0.0,0.05625000000000001,0
451,0.17859375476837158,0.17859375476837158,DAD,0.018404245376586914,28864,3.355889320373535,,,,,,,,,,
452,0.18328125774860382,0.18328125774860382,DAD,0.017861127853393555,28928,3.3558177947998047,,,,,,,,,,
453,0.17624999582767487,0.17624999582767487,DAD,0.024266719818115234,28992,3.3558387756347656,,,,,,,,,,
454,0.17765626311302185,0.17765626311302185,DAD,0.01848459243774414,29056,3.3555896282196045,,,,,,,,,,
455,0.17015624046325684,0.17015624046325684,DAD,0.0182340145111084,29120,3.3554797172546387,,,,,,,,,,
456,0.17484375834465027,0.17484375834465027,DAD,0.01791524887084961,29184,3.3553829193115234,,,,,,,,,,
457,0.1640625,0.1640625,DAD,0.017923593521118164,29248,3.355325222015381,,,,,,,,,,
458,0.16218750178813934,0.16218750178813934,DAD,0.017963647842407227,29312,3.3553366661071777,,,,,,,,,,
459,0.17249998450279236,0.17249998450279236,DAD,0.017838239669799805,29376,3.355318546295166,,,,,,,,,,
460,0.16640624403953552,0.16640624403953552,DAD,0.018028736114501953,29440,3.3554978370666504,,,,,,,,,,
461,0.16734373569488525,0.16734373569488525,DAD,0.017925024032592773,29504,3.3555374145507812,,,,,,,,,,
462,0.17671874165534973,0.17671874165534973,DAD,0.01797938346862793,29568,3.3554482460021973,,,,,,,,,,
463,0.1771875023841858,0.1771875023841858,DAD,0.017959117889404297,29632,3.355426788330078,,,,,,,,,,
464,0.17812499403953552,0.17812499403953552,DAD,0.01854252815246582,29696,3.355485439300537,,,,,,,,,,
465,0.16499999165534973,0.16499999165534973,DAD,0.0181427001953125,29760,3.35551118850708,,,,,,,,,,
466,0.16875000298023224,0.16875000298023224,DAD,0.018064022064208984,29824,3.355497121810913,,,,,,,,,,
467,0.17671875655651093,0.17671875655651093,DAD,0.01790595054626465,29888,3.3555476665496826,,,,,,,,,,
468,0.15937501192092896,0.15937501192092896,DAD,0.018003463745117188,29952,3.3554275035858154,,,,,,,,,,
469,0.18984374403953552,0.18984374403953552,DAD,0.018829345703125,30016,3.355442523956299,,,,,,,,,,
470,0.17109376192092896,0.17109376192092896,DAD,0.01940441131591797,30080,3.35542631149292,,,,,,,,,,
471,0.17578125,0.17578125,DAD,0.017974138259887695,30144,3.355492353439331,,,,,,,,,,
472,0.17578125,0.17578125,DAD,0.017802715301513672,30208,3.355541944503784,,,,,,,,,,
473,0.17249999940395355,0.17249999940395355,DAD,0.01777029037475586,30272,3.3556811809539795,,,,,,,,,,
474,0.1706250011920929,0.1706250011920929,DAD,0.018067359924316406,30336,3.3556175231933594,,,,,,,,,,
475,0.14906249940395355,0.14906249940395355,DAD,0.01810741424560547,30400,3.3553996086120605,0.17812499999999998,0.1946875,4,0.7705285563909642,0.03125,0.15625,0,0.01171875,1001.2571875,0
476,0.1678124964237213,0.1678124964237213,DAD,0.018609285354614258,30464,3.3552141189575195,,,,,,,,,,
477,0.17156250774860382,0.17156250774860382,DAD,0.018123865127563477,30528,3.3549160957336426,,,,,,,,,,
478,0.18046875298023224,0.18046875298023224,DAD,0.017838001251220703,30592,3.354551315307617,,,,,,,,,,
479,0.18140625953674316,0.18140625953674316,DAD,0.018092870712280273,30656,3.3546252250671387,,,,,,,,,,
480,0.16828125715255737,0.16828125715255737,DAD,0.017963409423828125,30720,3.3542754650115967,,,,,,,,,,
481,0.1795312464237213,0.1795312464237213,DAD,0.01801776885986328,30784,3.3539810180664062,,,,,,,,,,
482,0.1706250011920929,0.1706250011920929,DAD,0.017858505249023438,30848,3.3537826538085938,,,,,,,,,,
483,0.17015625536441803,0.17015625536441803,DAD,0.01795196533203125,30912,3.3532776832580566,,,,,,,,,,
484,0.18281249701976776,0.18281249701976776,DAD,0.017921924591064453,30976,3.3529257774353027,,,,,,,,,,
485,0.1809374988079071,0.1809374988079071,DAD,0.01778721809387207,31040,3.3528213500976562,,,,,,,,,,
486,0.16453124582767487,0.16453124582767487,DAD,0.017863035202026367,31104,3.3523707389831543,,,,,,,,,,
487,0.1654687523841858,0.1654687523841858,DAD,0.0179293155670166,31168,3.3521533012390137,,,,,,,,,,
488,0.15937501192092896,0.15937501192092896,DAD,0.01798534393310547,31232,3.3521695137023926,,,,,,,,,,
489,0.18187500536441803,0.18187500536441803,DAD,0.017929792404174805,31296,3.3520240783691406,,,,,,,,,,
490,0.18421874940395355,0.18421874940395355,DAD,0.01784825325012207,31360,3.351823568344116,,,,,,,,,,
491,0.17296874523162842,0.17296874523162842,DAD,0.01780223846435547,31424,3.3514437675476074,,,,,,,,,,
492,0.18140624463558197,0.18140624463558197,DAD,0.017978668212890625,31488,3.351466655731201,,,,,,,,,,
493,0.15656250715255737,0.15656250715255737,DAD,0.017754554748535156,31552,3.3511016368865967,,,,,,,,,,
494,0.1809374988079071,0.1809374988079071,DAD,0.017798423767089844,31616,3.3508758544921875,,,,,,,,,,
495,0.16687500476837158,0.16687500476837158,DAD,0.017995595932006836,31680,3.350884199142456,,,,,,,,,,
496,0.1640625,0.1640625,DAD,0.01794290542602539,31744,3.350900173187256,,,,,,,,,,
497,0.1560937464237213,0.1560937464237213,DAD,0.01800060272216797,31808,3.3509016036987305,,,,,,,,,,
498,0.17390625178813934,0.17390625178813934,DAD,0.017757415771484375,31872,3.351064682006836,,,,,,,,,,
499,0.1771875023841858,0.1771875023841858,DAD,0.01777052879333496,31936,3.351144313812256,,,,,,,,,,
500,0.18468749523162842,0.18468749523162842,DAD,0.01795172691345215,32000,3.351212978363037,0.1725,0.05625000000000001,2,0.08048483706800685,0.015625,0.0,1,0.0,0.05625000000000001,0
501,0.1678125113248825,0.1678125113248825,DAD,0.018241167068481445,32064,3.3513975143432617,,,,,,,,,,
502,0.16828125715255737,0.16828125715255737,DAD,0.01789069175720215,32128,3.3514404296875,,,,,,,,,,
503,0.1706250011920929,0.1706250011920929,DAD,0.018026113510131836,32192,3.3511998653411865,,,,,,,,,,
504,0.16875000298023224,0.16875000298023224,DAD,0.017989635467529297,32256,3.351050853729248,,,,,,,,,,
505,0.17812499403953552,0.17812499403953552,DAD,0.017961978912353516,32320,3.3506524562835693,,,,,,,,,,
506,0.17109374701976776,0.17109374701976776,DAD,0.017832517623901367,32384,3.3505351543426514,,,,,,,,,,
507,0.1720312535762787,0.1720312535762787,DAD,0.018033504486083984,32448,3.3504724502563477,,,,,,,,,,
508,0.16687500476837158,0.16687500476837158,DAD,0.017935752868652344,32512,3.350240468978882,,,,,,,,,,
509,0.17859375476837158,0.17859375476837158,DAD,0.017807960510253906,32576,3.3501784801483154,,,,,,,,,,
510,0.1509374976158142,0.1509374976158142,DAD,0.01791834831237793,32640,3.3498287200927734,,,,,,,,,,
511,0.16124999523162842,0.16124999523162842,DAD,0.0178680419921875,32704,3.3496034145355225,,,,,,,,,,
512,0.18187500536441803,0.18187500536441803,DAD,0.01806950569152832,32768,3.3499293327331543,,,,,,,,,,
513,0.17015625536441803,0.17015625536441803,DAD,0.017737627029418945,32832,3.3496952056884766,,,,,,,,,,
514,0.16593749821186066,0.16593749821186066,DAD,0.01798272132873535,32896,3.349987745285034,,,,,,,,,,
515,0.16828125715255737,0.16828125715255737,DAD,0.017903566360473633,32960,3.3503971099853516,,,,,,,,,,
516,0.17390623688697815,0.17390623688697815,DAD,0.017845630645751953,33024,3.3504445552825928,,,,,,,,,,
517,0.18656250834465027,0.18656250834465027,DAD,0.01784968376159668,33088,3.350590467453003,,,,,,,,,,
518,0.16828125715255737,0.16828125715255737,DAD,0.017870187759399414,33152,3.350187063217163,,,,,,,,,,
519,0.17624998092651367,0.17624998092651367,DAD,0.017864465713500977,33216,3.3504505157470703,,,,,,,,,,
520,0.17156249284744263,0.17156249284744263,DAD,0.017849445343017578,33280,3.3502109050750732,,,,,,,,,,
521,0.18515625596046448,0.18515625596046448,DAD,0.01783609390258789,33344,3.350229263305664,,,,,,,,,,
522,0.18187500536441803,0.18187500536441803,DAD,0.017946243286132812,33408,3.3502354621887207,,,,,,,,,,
523,0.1837500035762787,0.1837500035762787,DAD,0.01796722412109375,33472,3.3501877784729004,,,,,,,,,,
524,0.18046873807907104,0.18046873807907104,DAD,0.01782369613647461,33536,3.350292205810547,,,,,,,,,,
525,0.1743749976158142,0.1743749976158142,DAD,0.017971038818359375,33600,3.3502871990203857,0.17390624999999998,0.05765625000000001,6,1.0372644434042595,0.046875,0.0,1,0.0,0.05765625000000001,0
526,0.1743749976158142,0.1743749976158142,DAD,0.018124818801879883,33664,3.349984884262085,,,,,,,,,,
527,0.16874998807907104,0.16874998807907104,DAD,0.017982006072998047,33728,3.350184917449951,,,,,,,,,,
528,0.19875000417232513,0.19875000417232513,DAD,0.018062591552734375,33792,3.350172758102417,,,,,,,,,,
529,0.18937501311302185,0.18937501311302185,DAD,0.018042564392089844,33856,3.3499906063079834,,,,,,,,,,
530,0.17156249284744263,0.17156249284744263,DAD,0.017833709716796875,33920,3.349910259246826,,,,,,,,,,
531,0.15468749403953552,0.15468749403953552,DAD,0.0176999568939209,33984,3.349968671798706,,,,,,,,,,
532,0.15703125298023224,0.15703125298023224,DAD,0.017931222915649414,34048,3.350142478942871,,,,,,,,,,
533,0.18703125417232513,0.18703125417232513,DAD,0.017990827560424805,34112,3.3501663208007812,,,,,,,,,,
534,0.18187499046325684,0.18187499046325684,DAD,0.017857789993286133,34176,3.3501479625701904,,,,,,,,,,
535,0.16640624403953552,0.16640624403953552,DAD,0.018003463745117188,34240,3.3502321243286133,,,,,,,,,,
536,0.17249999940395355,0.17249999940395355,DAD,0.01786661148071289,34304,3.349884033203125,,,,,,,,,,
537,0.17671874165534973,0.17671874165534973,DAD,0.017780065536499023,34368,3.3497092723846436,,,,,,,,,,
538,0.16593751311302185,0.16593751311302185,DAD,0.017925500869750977,34432,3.349895477294922,,,,,,,,,,
539,0.1720312535762787,0.1720312535762787,DAD,0.017878293991088867,34496,3.350062131881714,,,,,,,,,,
540,0.1678124964237213,0.1678124964237213,DAD,0.017929553985595703,34560,3.350001096725464,,,,,,,,,,
541,0.2029687464237213,0.2029687464237213,DAD,0.017818212509155273,34624,3.349994659423828,,,,,,,,,,
542,0.16828125715255737,0.16828125715255737,DAD,0.017789363861083984,34688,3.349748134613037,,,,,,,,,,
543,0.18000000715255737,0.18000000715255737,DAD,0.018084049224853516,34752,3.3501076698303223,,,,,,,,,,
544,0.19218748807907104,0.19218748807907104,DAD,0.018016338348388672,34816,3.350526809692383,,,,,,,,,,
545,0.18656250834465027,0.18656250834465027,DAD,0.017989635467529297,34880,3.35060453414917,,,,,,,,,,
546,0.17859375476837158,0.17859375476837158,DAD,0.017981529235839844,34944,3.3503780364990234,,,,,,,,,,
547,0.17859375476837158,0.17859375476837158,DAD,0.01791667938232422,35008,3.3506546020507812,,,,,,,,,,
548,0.17578125,0.17578125,DAD,0.01791214942932129,35072,3.3503971099853516,,,,,,,,,,
549,0.18656250834465027,0.18656250834465027,DAD,0.017852067947387695,35136,3.3505916595458984,,,,,,,,,,
550,0.1720312535762787,0.1720312535762787,DAD,0.017856359481811523,35200,3.350616216659546,0.17226562499999998,0.05601562500000001,2,0.045688389073983635,0.015625,0.0,1,0.0,0.05601562500000001,0
551,0.1654687523841858,0.1654687523841858,DAD,0.018049001693725586,35264,3.3508777618408203,,,,,,,,,,
552,0.17531250417232513,0.17531250417232513,DAD,0.017930030822753906,35328,3.3510165214538574,,,,,,,,,,
553,0.1678124964237213,0.1678124964237213,DAD,0.017939090728759766,35392,3.3514976501464844,,,,,,,,,,
554,0.16875000298023224,0.16875000298023224,DAD,0.0180203914642334,35456,3.3513927459716797,,,,,,,,,,
555,0.18281249701976776,0.18281249701976776,DAD,0.017860889434814453,35520,3.3516604900360107,,,,,,,,,,
556,0.1612500101327896,0.1612500101327896,DAD,0.0179288387298584,35584,3.3520171642303467,,,,,,,,,,
557,0.1603125035762787,0.1603125035762787,DAD,0.01794910430908203,35648,3.3525969982147217,,,,,,,,,,
558,0.19312499463558197,0.19312499463558197,DAD,0.017903566360473633,35712,3.3531417846679688,,,,,,,,,,
559,0.1837500035762787,0.1837500035762787,DAD,0.01789116859436035,35776,3.3534483909606934,,,,,,,,,,
560,0.1720312535762787,0.1720312535762787,DAD,0.017862796783447266,35840,3.353604316711426,,,,,,,,,,
561,0.17812500894069672,0.17812500894069672,DAD,0.017666101455688477,35904,3.353900671005249,,,,,,,,,,
562,0.1954687535762787,0.1954687535762787,DAD,0.017949342727661133,35968,3.3540046215057373,,,,,,,,,,
563,0.15937499701976776,0.15937499701976776,DAD,0.017863035202026367,36032,3.354063034057617,,,,,,,,,,
564,0.17906250059604645,0.17906250059604645,DAD,0.01771402359008789,36096,3.3541250228881836,,,,,,,,,,
565,0.1846875101327896,0.1846875101327896,DAD,0.0179898738861084,36160,3.354203939437866,,,,,,,,,,
566,0.17671875655651093,0.17671875655651093,DAD,0.017965316772460938,36224,3.354304075241089,,,,,,,,,,
567,0.16499999165534973,0.16499999165534973,DAD,0.017841339111328125,36288,3.354443311691284,,,,,,,,,,
568,0.16968750953674316,0.16968750953674316,DAD,0.017737627029418945,36352,3.354433059692383,,,,,,,,,,
569,0.15984374284744263,0.15984374284744263,DAD,0.017786741256713867,36416,3.3544270992279053,,,,,,,,,,
570,0.17484375834465027,0.17484375834465027,DAD,0.01779460906982422,36480,3.354379415512085,,,,,,,,,,
571,0.18843749165534973,0.18843749165534973,DAD,0.017952680587768555,36544,3.354271411895752,,,,,,,,,,
572,0.15703125298023224,0.15703125298023224,DAD,0.018010854721069336,36608,3.3542709350585938,,,,,,,,,,
573,0.1654687523841858,0.1654687523841858,DAD,0.017804384231567383,36672,3.3542542457580566,,,,,,,,,,
574,0.16875000298023224,0.16875000298023224,DAD,0.017875194549560547,36736,3.3541817665100098,,,,,,,,,,
575,0.1654687523841858,0.1654687523841858,DAD,0.017948150634765625,36800,3.3539538383483887,0.16734375,0.08312500000000002,6,1.3175215105926303,0.046875,0.0625,0,0.002578125,1000.208125,0
576,0.15187498927116394,0.15187498927116394,DAD,0.018223285675048828,36864,3.353839874267578,,,,,,,,,,
577,0.16734375059604645,0.16734375059604645,DAD,0.01825571060180664,36928,3.353849411010742,,,,,,,,,,
578,0.18656250834465027,0.18656250834465027,DAD,0.0180361270904541,36992,3.353794813156128,,,,,,,,,,
579,0.17156250774860382,0.17156250774860382,DAD,0.0180208683013916,37056,3.3537442684173584,,,,,,,,,,
580,0.1795312464237213,0.1795312464237213,DAD,0.017800331115722656,37120,3.3536555767059326,,,,,,,,,,
581,0.1589062511920929,0.1589062511920929,DAD,0.017911434173583984,37184,3.3535878658294678,,,,,,,,,,
582,0.17578125,0.17578125,DAD,0.017949342727661133,37248,3.3537750244140625,,,,,,,,,,
583,0.17859375476837158,0.17859375476837158,DAD,0.0178525447845459,37312,3.353872060775757,,,,,,,,,,
584,0.17156249284744263,0.17156249284744263,DAD,0.01802968978881836,37376,3.353886127471924,,,,,,,,,,
585,0.17250001430511475,0.17250001430511475,DAD,0.018131732940673828,37440,3.3539748191833496,,,,,,,,,,
586,0.17625001072883606,0.17625001072883606,DAD,0.017932415008544922,37504,3.3538787364959717,,,,,,,,,,
587,0.1678124964237213,0.1678124964237213,DAD,0.01789402961730957,37568,3.3537750244140625,,,,,,,,,,
588,0.1720312535762787,0.1720312535762787,DAD,0.017979145050048828,37632,3.353569507598877,,,,,,,,,,
589,0.18187500536441803,0.18187500536441803,DAD,0.01786327362060547,37696,3.3533902168273926,,,,,,,,,,
590,0.17015625536441803,0.17015625536441803,DAD,0.017922401428222656,37760,3.353208303451538,,,,,,,,,,
591,0.15984375774860382,0.15984375774860382,DAD,0.017872095108032227,37824,3.3529984951019287,,,,,,,,,,
592,0.18656250834465027,0.18656250834465027,DAD,0.017851829528808594,37888,3.352762222290039,,,,,,,,,,
593,0.17156249284744263,0.17156249284744263,DAD,0.0178070068359375,37952,3.352334976196289,,,,,,,,,,
594,0.16640624403953552,0.16640624403953552,DAD,0.01799178123474121,38016,3.3520216941833496,,,,,,,,,,
595,0.17624999582767487,0.17624999582767487,DAD,0.017958641052246094,38080,3.3516292572021484,,,,,,,,,,
596,0.17812499403953552,0.17812499403953552,DAD,0.017806529998779297,38144,3.3513050079345703,,,,,,,,,,
597,0.16687500476837158,0.16687500476837158,DAD,0.01782989501953125,38208,3.350733757019043,,,,,,,,,,
598,0.17812499403953552,0.17812499403953552,DAD,0.017919063568115234,38272,3.350412130355835,,,,,,,,,,
599,0.17390623688697815,0.17390623688697815,DAD,0.017955303192138672,38336,3.349729061126709,,,,,,,,,,
600,0.16078124940395355,0.16078124940395355,DAD,0.017983198165893555,38400,3.3496806621551514,0.17109375,0.09312500000000001,1,-0.0,0.0078125,0.078125,0,0.003046875,1000.374375,0
601,0.18000000715255737,0.18000000715255737,DAD,0.018189430236816406,38464,3.349188804626465,,,,,,,,,,
602,0.1603125035762787,0.1603125035762787,DAD,0.018172264099121094,38528,3.348799228668213,,,,,,,,,,
603,0.18984375894069672,0.18984375894069672,DAD,0.018069982528686523,38592,3.348520278930664,,,,,,,,,,
604,0.17343750596046448,0.17343750596046448,DAD,0.017867565155029297,38656,3.3481264114379883,,,,,,,,,,
605,0.15843750536441803,0.15843750536441803,DAD,0.018720388412475586,38720,3.3480734825134277,,,,,,,,,,
606,0.17859375476837158,0.17859375476837158,DAD,0.01810622215270996,38784,3.3480143547058105,,,,,,,,,,
607,0.1771875023841858,0.1771875023841858,DAD,0.017831802368164062,38848,3.3481805324554443,,,,,,,,,,
608,0.1860937476158142,0.1860937476158142,DAD,0.01792144775390625,38912,3.3482539653778076,,,,,,,,,,
609,0.1668749898672104,0.1668749898672104,DAD,0.017864227294921875,38976,3.3485374450683594,,,,,,,,,,
610,0.18046875298023224,0.18046875298023224,DAD,0.017763376235961914,39040,3.3488025665283203,,,,,,,,,,
611,0.1720312535762787,0.1720312535762787,DAD,0.01804828643798828,39104,3.349066734313965,,,,,,,,,,
612,0.18703125417232513,0.18703125417232513,DAD,0.017851591110229492,39168,3.3489699363708496,,,,,,,,,,
613,0.1720312535762787,0.1720312535762787,DAD,0.017968416213989258,39232,3.348785400390625,,,,,,,,,,
614,0.14906251430511475,0.14906251430511475,DAD,0.017901897430419922,39296,3.3492965698242188,,,,,,,,,,
615,0.16171875596046448,0.16171875596046448,DAD,0.017828941345214844,39360,3.3493783473968506,,,,,,,,,,
616,0.14906249940395355,0.14906249940395355,DAD,0.017847061157226562,39424,3.349386215209961,,,,,,,,,,
617,0.17109374701976776,0.17109374701976776,DAD,0.017836809158325195,39488,3.3499741554260254,,,,,,,,,,
618,0.16359375417232513,0.16359375417232513,DAD,0.017926692962646484,39552,3.3501009941101074,,,,,,,,,,
619,0.17999999225139618,0.17999999225139618,DAD,0.017952680587768555,39616,3.3502197265625,,,,,,,,,,
620,0.1823437511920929,0.1823437511920929,DAD,0.017758846282958984,39680,3.35062575340271,,,,,,,,,,
621,0.17765624821186066,0.17765624821186066,DAD,0.017889022827148438,39744,3.3506832122802734,,,,,,,,,,
622,0.16593749821186066,0.16593749821186066,DAD,0.017850399017333984,39808,3.3512778282165527,,,,,,,,,,
623,0.16687500476837158,0.16687500476837158,DAD,0.017786026000976562,39872,3.351541042327881,,,,,,,,,,
624,0.1720312535762787,0.1720312535762787,DAD,0.017824888229370117,39936,3.3518805503845215,,,,,,,,,,
625,0.17765626311302185,0.17765626311302185,DAD,0.017783164978027344,40000,3.3523058891296387,0.1715625,0.07953125,1,-0.0,0.0078125,0.0546875,0,0.0018750000000000001,1000.12640625,0
626,0.17250001430511475,0.17250001430511475,DAD,0.01800084114074707,40064,3.35286283493042,,,,,,,,,,
627,0.16875000298023224,0.16875000298023224,DAD,0.018012285232543945,40128,3.3533577919006348,,,,,,,,,,
628,0.19968749582767487,0.19968749582767487,DAD,0.01809549331665039,40192,3.353898048400879,,,,,,,,,,
629,0.17109374701976776,0.17109374701976776,DAD,0.01781606674194336,40256,3.354465961456299,,,,,,,,,,
630,0.1743749976158142,0.1743749976158142,DAD,0.017995357513427734,40320,3.3548784255981445,,,,,,,,,,
631,0.16828125715255737,0.16828125715255737,DAD,0.018101215362548828,40384,3.3551833629608154,,,,,,,,,,
632,0.1626562476158142,0.1626562476158142,DAD,0.017974853515625,40448,3.355578899383545,,,,,,,,,,
633,0.16968750953674316,0.16968750953674316,DAD,0.017935991287231445,40512,3.3559932708740234,,,,,,,,,,
634,0.17250001430511475,0.17250001430511475,DAD,0.01797795295715332,40576,3.3561999797821045,,,,,,,,,,
635,0.18140624463558197,0.18140624463558197,DAD,0.017917633056640625,40640,3.356496810913086,,,,,,,,,,
636,0.15937501192092896,0.15937501192092896,DAD,0.017955780029296875,40704,3.356841802597046,,,,,,,,,,
637,0.17859375476837158,0.17859375476837158,DAD,0.017981767654418945,40768,3.356961965560913,,,,,,,,,,
638,0.17812499403953552,0.17812499403953552,DAD,0.028782367706298828,40832,3.357147693634033,,,,,,,,,,
639,0.16312500834465027,0.16312500834465027,DAD,0.023389339447021484,40896,3.357438564300537,,,,,,,,,,
640,0.1875,0.1875,DAD,0.026355504989624023,40960,3.3575801849365234,,,,,,,,,,
641,0.16218751668930054,0.16218751668930054,DAD,0.019170045852661133,41024,3.3579769134521484,,,,,,,,,,
642,0.1809374988079071,0.1809374988079071,DAD,0.017916202545166016,41088,3.3581206798553467,,,,,,,,,,
643,0.18703125417232513,0.18703125417232513,DAD,0.018018484115600586,41152,3.3581690788269043,,,,,,,,,,
644,0.1809374988079071,0.1809374988079071,DAD,0.017781972885131836,41216,3.3582935333251953,,,,,,,,,,
645,0.18140625953674316,0.18140625953674316,DAD,0.017907142639160156,41280,3.358348846435547,,,,,,,,,,
646,0.18281251192092896,0.18281251192092896,DAD,0.01796722412109375,41344,3.3582475185394287,,,,,,,,,,
647,0.17390623688697815,0.17390623688697815,DAD,0.017781496047973633,41408,3.3583133220672607,,,,,,,,,,
648,0.18421873450279236,0.18421873450279236,DAD,0.01788640022277832,41472,3.3583035469055176,,,,,,,,,,
649,0.17015625536441803,0.17015625536441803,DAD,0.017846345901489258,41536,3.3580241203308105,,,,,,,,,,
650,0.16453124582767487,0.16453124582767487,DAD,0.017687082290649414,41600,3.3580996990203857,0.1715625,0.07953125,1,-0.0,0.0078125,0.0546875,0,0.0018750000000000001,1000.12640625,0
651,0.1720312535762787,0.1720312535762787,DAD,0.018426895141601562,41664,3.3579366207122803,,,,,,,,,,
652,0.1729687601327896,0.1729687601327896,DAD,0.017848968505859375,41728,3.3578853607177734,,,,,,,,,,
653,0.16828125715255737,0.16828125715255737,DAD,0.017913103103637695,41792,3.3576858043670654,,,,,,,,,,
654,0.17296874523162842,0.17296874523162842,DAD,0.017919540405273438,41856,3.357612133026123,,,,,,,,,,
655,0.17250001430511475,0.17250001430511475,DAD,0.017774105072021484,41920,3.357811689376831,,,,,,,,,,
656,0.1795312464237213,0.1795312464237213,DAD,0.01806783676147461,41984,3.357701063156128,,,,,,,,,,
657,0.1678124964237213,0.1678124964237213,DAD,0.017980337142944336,42048,3.357849597930908,,,,,,,,,,
658,0.1837500035762787,0.1837500035762787,DAD,0.018061399459838867,42112,3.357527732849121,,,,,,,,,,
659,0.15656250715255737,0.15656250715255737,DAD,0.017861604690551758,42176,3.3575878143310547,,,,,,,,,,
660,0.16828125715255737,0.16828125715255737,DAD,0.017905235290527344,42240,3.357511281967163,,,,,,,,,,
661,0.1678125113248825,0.1678125113248825,DAD,0.0178377628326416,42304,3.3576407432556152,,,,,,,,,,
662,0.17250001430511475,0.17250001430511475,DAD,0.017801284790039062,42368,3.357586622238159,,,,,,,,,,
663,0.16968749463558197,0.16968749463558197,DAD,0.018089771270751953,42432,3.3575515747070312,,,,,,,,,,
664,0.15843749046325684,0.15843749046325684,DAD,0.018085718154907227,42496,3.357422351837158,,,,,,,,,,
665,0.16874998807907104,0.16874998807907104,DAD,0.01793813705444336,42560,3.357442617416382,,,,,,,,,,
666,0.16593751311302185,0.16593751311302185,DAD,0.018098115921020508,42624,3.3573527336120605,,,,,,,,,,
667,0.1706250011920929,0.1706250011920929,DAD,0.01800990104675293,42688,3.3572888374328613,,,,,,,,,,
668,0.1889062523841858,0.1889062523841858,DAD,0.017838239669799805,42752,3.357034206390381,,,,,,,,,,
669,0.16828124225139618,0.16828124225139618,DAD,0.017927169799804688,42816,3.3569698333740234,,,,,,,,,,
670,0.18000000715255737,0.18000000715255737,DAD,0.0179135799407959,42880,3.3567330837249756,,,,,,,,,,
671,0.1809374988079071,0.1809374988079071,DAD,0.019252777099609375,42944,3.356456756591797,,,,,,,,,,
672,0.19078125059604645,0.19078125059604645,DAD,0.018319368362426758,43008,3.3565359115600586,,,,,,,,,,
673,0.17109374701976776,0.17109374701976776,DAD,0.020198822021484375,43072,3.356222152709961,,,,,,,,,,
674,0.19218750298023224,0.19218750298023224,DAD,0.0178830623626709,43136,3.3562440872192383,,,,,,,,,,
675,0.17859375476837158,0.17859375476837158,DAD,0.018136262893676758,43200,3.3563926219940186,0.17203125,0.21125,2,0.6723730392971619,0.015625,0.1953125,0,0.013593749999999998,1001.664375,0
676,0.1743749976158142,0.1743749976158142,DAD,0.01802682876586914,43264,3.356459140777588,,,,,,,,,,
677,0.17015624046325684,0.17015624046325684,DAD,0.01779460906982422,43328,3.3563876152038574,,,,,,,,,,
678,0.17343750596046448,0.17343750596046448,DAD,0.017915010452270508,43392,3.3562095165252686,,,,,,,,,,
679,0.16828125715255737,0.16828125715255737,DAD,0.018076181411743164,43456,3.35618257522583,,,,,,,,,,
680,0.1795312464237213,0.1795312464237213,DAD,0.01795196533203125,43520,3.3555514812469482,,,,,,,,,,
681,0.17109376192092896,0.17109376192092896,DAD,0.018084049224853516,43584,3.3556251525878906,,,,,,,,,,
682,0.16640624403953552,0.16640624403953552,DAD,0.0177304744720459,43648,3.355175733566284,,,,,,,,,,
683,0.1692187488079071,0.1692187488079071,DAD,0.01793503761291504,43712,3.355003833770752,,,,,,,,,,
684,0.17484375834465027,0.17484375834465027,DAD,0.017916440963745117,43776,3.354686737060547,,,,,,,,,,
685,0.16453123092651367,0.16453123092651367,DAD,0.01786041259765625,43840,3.3545730113983154,,,,,,,,,,
686,0.17484375834465027,0.17484375834465027,DAD,0.01785135269165039,43904,3.354255437850952,,,,,,,,,,
687,0.1795312464237213,0.1795312464237213,DAD,0.017873525619506836,43968,3.354264736175537,,,,,,,,,,
688,0.16640624403953552,0.16640624403953552,DAD,0.017883777618408203,44032,3.354184627532959,,,,,,,,,,
689,0.17484375834465027,0.17484375834465027,DAD,0.017888307571411133,44096,3.354321241378784,,,,,,,,,,
690,0.16874998807907104,0.16874998807907104,DAD,0.01784801483154297,44160,3.354120969772339,,,,,,,,,,
691,0.14343750476837158,0.14343750476837158,DAD,0.01796102523803711,44224,3.3542068004608154,,,,,,,,,,
692,0.16499999165534973,0.16499999165534973,DAD,0.017778873443603516,44288,3.3545033931732178,,,,,,,,,,
693,0.16499999165534973,0.16499999165534973,DAD,0.01786065101623535,44352,3.3548085689544678,,,,,,,,,,
694,0.17484374344348907,0.17484374344348907,DAD,0.017959117889404297,44416,3.354731321334839,,,,,,,,,,
695,0.16968750953674316,0.16968750953674316,DAD,0.018155336380004883,44480,3.3551223278045654,,,,,,,,,,
696,0.16874998807907104,0.16874998807907104,DAD,0.0180666446685791,44544,3.354829788208008,,,,,,,,,,
697,0.18421874940395355,0.18421874940395355,DAD,0.01807260513305664,44608,3.355109691619873,,,,,,,,,,
698,0.17765626311302185,0.17765626311302185,DAD,0.018090248107910156,44672,3.3549704551696777,,,,,,,,,,
699,0.19312500953674316,0.19312500953674316,DAD,0.017934799194335938,44736,3.3550679683685303,,,,,,,,,,
700,0.18656250834465027,0.18656250834465027,DAD,0.01786208152770996,44800,3.3551299571990967,0.17367187499999998,0.20742187499999998,2,0.18920898053816695,0.015625,0.1875,0,0.013125,1001.582421875,0
701,0.17812499403953552,0.17812499403953552,DAD,0.018115997314453125,44864,3.3550586700439453,,,,,,,,,,
702,0.15937501192092896,0.15937501192092896,DAD,0.01794600486755371,44928,3.3549506664276123,,,,,,,,,,
703,0.1795312464237213,0.1795312464237213,DAD,0.017849206924438477,44992,3.355106830596924,,,,,,,,,,
704,0.16828125715255737,0.16828125715255737,DAD,0.01781749725341797,45056,3.3550336360931396,,,,,,,,,,
705,0.1640625,0.1640625,DAD,0.01775074005126953,45120,3.35516357421875,,,,,,,,,,
706,0.1560937464237213,0.1560937464237213,DAD,0.018040180206298828,45184,3.3551058769226074,,,,,,,,,,
707,0.1795312464237213,0.1795312464237213,DAD,0.01795673370361328,45248,3.355048656463623,,,,,,,,,,
708,0.17249999940395355,0.17249999940395355,DAD,0.01785445213317871,45312,3.3550071716308594,,,,,,,,,,
709,0.1743749976158142,0.1743749976158142,DAD,0.020502567291259766,45376,3.3547258377075195,,,,,,,,,,
710,0.16078126430511475,0.16078126430511475,DAD,0.01931142807006836,45440,3.354546308517456,,,,,,,,,,
711,0.1626562476158142,0.1626562476158142,DAD,0.019428730010986328,45504,3.354649066925049,,,,,,,,,,
712,0.18328124284744263,0.18328124284744263,DAD,0.018266677856445312,45568,3.35477614402771,,,,,,,,,,
713,0.19312499463558197,0.19312499463558197,DAD,0.0199887752532959,45632,3.354678153991699,,,,,,,,,,
714,0.18046873807907104,0.18046873807907104,DAD,0.01912689208984375,45696,3.3546390533447266,,,,,,,,,,
715,0.17484375834465027,0.17484375834465027,DAD,0.01835465431213379,45760,3.354663610458374,,,,,,,,,,
716,0.16828125715255737,0.16828125715255737,DAD,0.017952442169189453,45824,3.3547611236572266,,,,,,,,,,
717,0.18000000715255737,0.18000000715255737,DAD,0.018052339553833008,45888,3.355038642883301,,,,,,,,,,
718,0.1706250011920929,0.1706250011920929,DAD,0.017966270446777344,45952,3.3552370071411133,,,,,,,,,,
719,0.17249999940395355,0.17249999940395355,DAD,0.017892837524414062,46016,3.3552815914154053,,,,,,,,,,
720,0.18843750655651093,0.18843750655651093,DAD,0.017954587936401367,46080,3.3555264472961426,,,,,,,,,,
721,0.16968749463558197,0.16968749463558197,DAD,0.01783442497253418,46144,3.3553824424743652,,,,,,,,,,
722,0.17531250417232513,0.17531250417232513,DAD,0.017902374267578125,46208,3.3554577827453613,,,,,,,,,,
723,0.1875,0.1875,DAD,0.0179898738861084,46272,3.3556628227233887,,,,,,,,,,
724,0.17812499403953552,0.17812499403953552,DAD,0.018211841583251953,46336,3.355680227279663,,,,,,,,,,
725,0.17296874523162842,0.17296874523162842,DAD,0.018100500106811523,46400,3.355710029602051,0.177421875,0.205703125,3,0.12604970513908959,0.0234375,0.1796875,0,0.01265625,1001.502578125,0
726,0.15796875953674316,0.15796875953674316,DAD,0.018250465393066406,46464,3.355628490447998,,,,,,,,,,
727,0.17624999582767487,0.17624999582767487,DAD,0.01793360710144043,46528,3.355400800704956,,,,,,,,,,
728,0.1837500035762787,0.1837500035762787,DAD,0.017816543579101562,46592,3.35514235496521,,,,,,,,,,
729,0.17625001072883606,0.17625001072883606,DAD,0.01796555519104004,46656,3.3551852703094482,,,,,,,,,,
730,0.16968750953674316,0.16968750953674316,DAD,0.017863750457763672,46720,3.3549842834472656,,,,,,,,,,
731,0.16828125715255737,0.16828125715255737,DAD,0.01813030242919922,46784,3.354785442352295,,,,,,,,,,
732,0.1771875023841858,0.1771875023841858,DAD,0.017899036407470703,46848,3.3547587394714355,,,,,,,,,,
733,0.16875000298023224,0.16875000298023224,DAD,0.01790022850036621,46912,3.354813575744629,,,,,,,,,,
734,0.1875,0.1875,DAD,0.01795053482055664,46976,3.3548483848571777,,,,,,,,,,
735,0.1720312386751175,0.1720312386751175,DAD,0.017853975296020508,47040,3.355222702026367,,,,,,,,,,
736,0.17531250417232513,0.17531250417232513,DAD,0.017950773239135742,47104,3.3552119731903076,,,,,,,,,,
737,0.17390625178813934,0.17390625178813934,DAD,0.017853736877441406,47168,3.3553013801574707,,,,,,,,,,
738,0.16640624403953552,0.16640624403953552,DAD,0.017897605895996094,47232,3.355574369430542,,,,,,,,,,
739,0.15796875953674316,0.15796875953674316,DAD,0.01785755157470703,47296,3.3555266857147217,,,,,,,,,,
740,0.16734375059604645,0.16734375059604645,DAD,0.017804861068725586,47360,3.3558349609375,,,,,,,,,,
741,0.17624999582767487,0.17624999582767487,DAD,0.018007278442382812,47424,3.355984687805176,,,,,,,,,,
742,0.17906251549720764,0.17906251549720764,DAD,0.017804861068725586,47488,3.3561058044433594,,,,,,,,,,
743,0.15421876311302185,0.15421876311302185,DAD,0.018033742904663086,47552,3.3561856746673584,,,,,,,,,,
744,0.1509374976158142,0.1509374976158142,DAD,0.017964839935302734,47616,3.356382131576538,,,,,,,,,,
745,0.18703123927116394,0.18703123927116394,DAD,0.017828941345214844,47680,3.356382369995117,,,,,,,,,,
746,0.1706250011920929,0.1706250011920929,DAD,0.017861127853393555,47744,3.356563091278076,,,,,,,,,,
747,0.1912499964237213,0.1912499964237213,DAD,0.017924070358276367,47808,3.3568179607391357,,,,,,,,,,
748,0.16828125715255737,0.16828125715255737,DAD,0.017801761627197266,47872,3.356875419616699,,,,,,,,,,
749,0.1640625,0.1640625,DAD,0.01781439781188965,47936,3.357023239135742,,,,,,,,,,
750,0.1743749976158142,0.1743749976158142,DAD,0.018017053604125977,48000,3.357285976409912,0.176953125,0.17867187499999998,6,1.3577001072820931,0.046875,0.1484375,0,0.0103125,1001.163046875,0
751,0.17765624821186066,0.17765624821186066,DAD,0.01843738555908203,48064,3.357482433319092,,,,,,,,,,
752,0.18187500536441803,0.18187500536441803,DAD,0.020479679107666016,48128,3.3576953411102295,,,,,,,,,,
753,0.17765624821186066,0.17765624821186066,DAD,0.032666921615600586,48192,3.3580832481384277,,,,,,,,,,
754,0.17249999940395355,0.17249999940395355,DAD,0.025959253311157227,48256,3.35835337638855,,,,,,,,,,
755,0.18187500536441803,0.18187500536441803,DAD,0.01915574073791504,48320,3.3586480617523193,,,,,,,,,,
756,0.15984375774860382,0.15984375774860382,DAD,0.018017053604125977,48384,3.358996868133545,,,,,,,,,,
757,0.1678124964237213,0.1678124964237213,DAD,0.01818680763244629,48448,3.3591725826263428,,,,,,,,,,
758,0.1823437511920929,0.1823437511920929,DAD,0.01793217658996582,48512,3.359374523162842,,,,,,,,,,
759,0.17343750596046448,0.17343750596046448,DAD,0.01795172691345215,48576,3.3595244884490967,,,,,,,,,,
760,0.1795312464237213,0.1795312464237213,DAD,0.018053293228149414,48640,3.359644651412964,,,,,,,,,,
761,0.1809374988079071,0.1809374988079071,DAD,0.01789999008178711,48704,3.3597726821899414,,,,,,,,,,
762,0.17343750596046448,0.17343750596046448,DAD,0.01799464225769043,48768,3.359891653060913,,,,,,,,,,
763,0.17812499403953552,0.17812499403953552,DAD,0.018380403518676758,48832,3.359893321990967,,,,,,,,,,
764,0.17765624821186066,0.17765624821186066,DAD,0.0177762508392334,48896,3.3600263595581055,,,,,,,,,,
765,0.16640624403953552,0.16640624403953552,DAD,0.018013477325439453,48960,3.3600566387176514,,,,,,,,,,
766,0.19171875715255737,0.19171875715255737,DAD,0.018000364303588867,49024,3.360107421875,,,,,,,,,,
767,0.1771875023841858,0.1771875023841858,DAD,0.018096446990966797,49088,3.3599748611450195,,,,,,,,,,
768,0.16499999165534973,0.16499999165534973,DAD,0.01794266700744629,49152,3.3598875999450684,,,,,,,,,,
769,0.17015624046325684,0.17015624046325684,DAD,0.018053531646728516,49216,3.3599276542663574,,,,,,,,,,
770,0.18421873450279236,0.18421873450279236,DAD,0.018087387084960938,49280,3.3598146438598633,,,,,,,,,,
771,0.18328125774860382,0.18328125774860382,DAD,0.018105268478393555,49344,3.359769344329834,,,,,,,,,,
772,0.16312500834465027,0.16312500834465027,DAD,0.017879486083984375,49408,3.3597495555877686,,,,,,,,,,
773,0.1837500035762787,0.1837500035762787,DAD,0.017869949340820312,49472,3.359689712524414,,,,,,,,,,
774,0.18187499046325684,0.18187499046325684,DAD,0.017861127853393555,49536,3.359649419784546,,,,,,,,,,
775,0.18281249701976776,0.18281249701976776,DAD,0.01789569854736328,49600,3.3595798015594482,0.17109375,0.08687500000000001,7,1.4105965073360296,0.0546875,0.0390625,1,0.0028125,0.08687500000000001,0
776,0.17765624821186066,0.17765624821186066,DAD,0.018108129501342773,49664,3.359579563140869,,,,,,,,,,
777,0.17765624821186066,0.17765624821186066,DAD,0.01791548728942871,49728,3.359555959701538,,,,,,,,,,
778,0.18000000715255737,0.18000000715255737,DAD,0.017830610275268555,49792,3.3595118522644043,,,,,,,,,,
779,0.17531248927116394,0.17531248927116394,DAD,0.017987966537475586,49856,3.359504222869873,,,,,,,,,,
780,0.1589062511920929,0.1589062511920929,DAD,0.017925262451171875,49920,3.3593578338623047,,,,,,,,,,
781,0.16734375059604645,0.16734375059604645,DAD,0.018019437789916992,49984,3.3592326641082764,,,,,,,,,,
782,0.17765624821186066,0.17765624821186066,DAD,0.01827692985534668,50048,3.3591556549072266,,,,,,,,,,
783,0.1720312535762787,0.1720312535762787,DAD,0.018093109130859375,50112,3.3590540885925293,,,,,,,,,,
784,0.1626562476158142,0.1626562476158142,DAD,0.01798415184020996,50176,3.3588943481445312,,,,,,,,,,
785,0.16640624403953552,0.16640624403953552,DAD,0.017970561981201172,50240,3.3587541580200195,,,,,,,,,,
786,0.1743749976158142,0.1743749976158142,DAD,0.01785421371459961,50304,3.3586232662200928,,,,,,,,,,
787,0.17906250059604645,0.17906250059604645,DAD,0.017983436584472656,50368,3.3584227561950684,,,,,,,,,,
788,0.16968750953674316,0.16968750953674316,DAD,0.017943382263183594,50432,3.358159065246582,,,,,,,,,,
789,0.15140625834465027,0.15140625834465027,DAD,0.017789125442504883,50496,3.3579165935516357,,,,,,,,,,
790,0.1574999988079071,0.1574999988079071,DAD,0.018082141876220703,50560,3.357720136642456,,,,,,,,,,
791,0.17625001072883606,0.17625001072883606,DAD,0.017884016036987305,50624,3.357503890991211,,,,,,,,,,
792,0.1771875023841858,0.1771875023841858,DAD,0.017810344696044922,50688,3.3571324348449707,,,,,,,,,,
793,0.15328125655651093,0.15328125655651093,DAD,0.017900705337524414,50752,3.3570239543914795,,,,,,,,,,
794,0.17906250059604645,0.17906250059604645,DAD,0.018089771270751953,50816,3.3567328453063965,,,,,,,,,,
795,0.18187500536441803,0.18187500536441803,DAD,0.02201700210571289,50880,3.3567957878112793,,,,,,,,,,
796,0.16874998807907104,0.16874998807907104,DAD,0.020305871963500977,50944,3.3567962646484375,,,,,,,,,,
797,0.16640624403953552,0.16640624403953552,DAD,0.026086091995239258,51008,3.3566761016845703,,,,,,,,,,
798,0.16593749821186066,0.16593749821186066,DAD,0.020669221878051758,51072,3.356557846069336,,,,,,,,,,
799,0.18046875298023224,0.18046875298023224,DAD,0.018288612365722656,51136,3.356715202331543,,,,,,,,,,
800,0.18000000715255737,0.18000000715255737,DAD,0.018575429916381836,51200,3.3565642833709717,0.17671875,0.1628125,3,0.24943908948454246,0.0234375,0.15625,0,0.008671875,1001.2253125,0
801,0.16968750953674316,0.16968750953674316,DAD,0.01817917823791504,51264,3.356384038925171,,,,,,,,,,
802,0.18562501668930054,0.18562501668930054,DAD,0.0178525447845459,51328,3.3563404083251953,,,,,,,,,,
803,0.17015625536441803,0.17015625536441803,DAD,0.018076658248901367,51392,3.3561739921569824,,,,,,,,,,
804,0.15703125298023224,0.15703125298023224,DAD,0.01793670654296875,51456,3.3558387756347656,,,,,,,,,,
805,0.15937501192092896,0.15937501192092896,DAD,0.017801284790039062,51520,3.3554561138153076,,,,,,,,,,
806,0.18515625596046448,0.18515625596046448,DAD,0.0181124210357666,51584,3.355360746383667,,,,,,,,,,
807,0.17390626668930054,0.17390626668930054,DAD,0.01805424690246582,51648,3.355325698852539,,,,,,,,,,
808,0.17484375834465027,0.17484375834465027,DAD,0.017964839935302734,51712,3.355259895324707,,,,,,,,,,
809,0.1809374988079071,0.1809374988079071,DAD,0.017911195755004883,51776,3.3551433086395264,,,,,,,,,,
810,0.1964062601327896,0.1964062601327896,DAD,0.018044471740722656,51840,3.354997158050537,,,,,,,,,,
811,0.1626562476158142,0.1626562476158142,DAD,0.017911911010742188,51904,3.3549232482910156,,,,,,,,,,
812,0.17249999940395355,0.17249999940395355,DAD,0.01781010627746582,51968,3.354763984680176,,,,,,,,,,
813,0.1678124964237213,0.1678124964237213,DAD,0.017876386642456055,52032,3.354741096496582,,,,,,,,,,
814,0.1860937476158142,0.1860937476158142,DAD,0.018198490142822266,52096,3.354907512664795,,,,,,,,,,
815,0.17531250417232513,0.17531250417232513,DAD,0.018155574798583984,52160,3.3549106121063232,,,,,,,,,,
816,0.16640625894069672,0.16640625894069672,DAD,0.017805814743041992,52224,3.354801654815674,,,,,,,,,,
817,0.16874998807907104,0.16874998807907104,DAD,0.018022775650024414,52288,3.3547143936157227,,,,,,,,,,
818,0.18562498688697815,0.18562498688697815,DAD,0.01787257194519043,52352,3.355098247528076,,,,,,,,,,
819,0.17484375834465027,0.17484375834465027,DAD,0.017769336700439453,52416,3.3551788330078125,,,,,,,,,,
820,0.1706250011920929,0.1706250011920929,DAD,0.018083572387695312,52480,3.3552968502044678,,,,,,,,,,
821,0.18328124284744263,0.18328124284744263,DAD,0.017822742462158203,52544,3.3555169105529785,,,,,,,,,,
822,0.1706250011920929,0.1706250011920929,DAD,0.017883777618408203,52608,3.3555476665496826,,,,,,,,,,
823,0.18796876072883606,0.18796876072883606,DAD,0.018105506896972656,52672,3.3555145263671875,,,,,,,,,,
824,0.16734376549720764,0.16734376549720764,DAD,0.017911911010742188,52736,3.355578899383545,,,,,,,,,,
825,0.14906249940395355,0.14906249940395355,DAD,0.017894506454467773,52800,3.3557231426239014,0.17976562499999998,0.186953125,1,-0.0,0.0078125,0.1796875,0,0.010546875,1001.483828125,0
826,0.17859375476837158,0.17859375476837158,DAD,0.018210887908935547,52864,3.3558573722839355,,,,,,,,,,
827,0.1668749898672104,0.1668749898672104,DAD,0.01795673370361328,52928,3.355747699737549,,,,,,,,,,
828,0.16828125715255737,0.16828125715255737,DAD,0.01792287826538086,52992,3.3558859825134277,,,,,,,,,,
829,0.19734376668930054,0.19734376668930054,DAD,0.017951488494873047,53056,3.3560409545898438,,,,,,,,,,
830,0.17859375476837158,0.17859375476837158,DAD,0.018037080764770508,53120,3.356153964996338,,,,,,,,,,
831,0.16124999523162842,0.16124999523162842,DAD,0.017786026000976562,53184,3.356163501739502,,,,,,,,,,
832,0.18515625596046448,0.18515625596046448,DAD,0.01784229278564453,53248,3.356365203857422,,,,,,,,,,
833,0.16734375059604645,0.16734375059604645,DAD,0.018094539642333984,53312,3.3564164638519287,,,,,,,,,,
834,0.18656250834465027,0.18656250834465027,DAD,0.018126726150512695,53376,3.3565833568573,,,,,,,,,,
835,0.1743749976158142,0.1743749976158142,DAD,0.01791238784790039,53440,3.357006072998047,,,,,,,,,,
836,0.17765624821186066,0.17765624821186066,DAD,0.01786184310913086,53504,3.3571114540100098,,,,,,,,,,
837,0.1589062511920929,0.1589062511920929,DAD,0.0179135799407959,53568,3.3572444915771484,,,,,,,,,,
838,0.1837500035762787,0.1837500035762787,DAD,0.017883777618408203,53632,3.357203483581543,,,,,,,,,,
839,0.17296874523162842,0.17296874523162842,DAD,0.018128395080566406,53696,3.3573226928710938,,,,,,,,,,
840,0.1603125035762787,0.1603125035762787,DAD,0.01803898811340332,53760,3.3575077056884766,,,,,,,,,,
841,0.1654687523841858,0.1654687523841858,DAD,0.01777815818786621,53824,3.357351779937744,,,,,,,,,,
842,0.17578125,0.17578125,DAD,0.017981767654418945,53888,3.3573226928710938,,,,,,,,,,
843,0.16453124582767487,0.16453124582767487,DAD,0.018166065216064453,53952,3.3571858406066895,,,,,,,,,,
844,0.18515625596046448,0.18515625596046448,DAD,0.01816248893737793,54016,3.3572335243225098,,,,,,,,,,
845,0.17906250059604645,0.17906250059604645,DAD,0.017953157424926758,54080,3.3570919036865234,,,,,,,,,,
846,0.15937499701976776,0.15937499701976776,DAD,0.018138408660888672,54144,3.357217788696289,,,,,,,,,,
847,0.17812499403953552,0.17812499403953552,DAD,0.018094539642333984,54208,3.3571441173553467,,,,,,,,,,
848,0.16875000298023224,0.16875000298023224,DAD,0.01798391342163086,54272,3.3572442531585693,,,,,,,,,,
849,0.18328125774860382,0.18328125774860382,DAD,0.01774430274963379,54336,3.357318878173828,,,,,,,,,,
850,0.1823437511920929,0.1823437511920929,DAD,0.017966032028198242,54400,3.3573169708251953,0.180234375,0.178828125,2,0.6900923107348644,0.015625,0.1875,0,0.009609375,1001.553828125,0
851,0.17531248927116394,0.17531248927116394,DAD,0.01819133758544922,54464,3.3573660850524902,,,,,,,,,,
852,0.17625001072883606,0.17625001072883606,DAD,0.017988204956054688,54528,3.357156753540039,,,,,,,,,,
853,0.18843750655651093,0.18843750655651093,DAD,0.017853736877441406,54592,3.357264280319214,,,,,,,,,,
854,0.18281251192092896,0.18281251192092896,DAD,0.017945289611816406,54656,3.3572566509246826,,,,,,,,,,
855,0.15984375774860382,0.15984375774860382,DAD,0.017881393432617188,54720,3.3572654724121094,,,,,,,,,,
856,0.17484375834465027,0.17484375834465027,DAD,0.018004894256591797,54784,3.357388973236084,,,,,,,,,,
857,0.16218750178813934,0.16218750178813934,DAD,0.017823219299316406,54848,3.3574378490448,,,,,,,,,,
858,0.17578125,0.17578125,DAD,0.017951011657714844,54912,3.357506275177002,,,,,,,,,,
859,0.17765626311302185,0.17765626311302185,DAD,0.01798725128173828,54976,3.3571505546569824,,,,,,,,,,
860,0.18046873807907104,0.18046873807907104,DAD,0.018090248107910156,55040,3.3571906089782715,,,,,,,,,,
861,0.18468749523162842,0.18468749523162842,DAD,0.017885684967041016,55104,3.3571009635925293,,,,,,,,,,
862,0.18187499046325684,0.18187499046325684,DAD,0.01794576644897461,55168,3.3566794395446777,,,,,,,,,,
863,0.1926562488079071,0.1926562488079071,DAD,0.01792430877685547,55232,3.3565776348114014,,,,,,,,,,
864,0.17765626311302185,0.17765626311302185,DAD,0.01795172691345215,55296,3.3567588329315186,,,,,,,,,,
865,0.17296874523162842,0.17296874523162842,DAD,0.017878055572509766,55360,3.3563032150268555,,,,,,,,,,
866,0.1860937476158142,0.1860937476158142,DAD,0.017940282821655273,55424,3.356518268585205,,,,,,,,,,
867,0.17671874165534973,0.17671874165534973,DAD,0.017784833908081055,55488,3.35615611076355,,,,,,,,,,
868,0.19031250476837158,0.19031250476837158,DAD,0.017792463302612305,55552,3.355664014816284,,,,,,,,,,
869,0.18000000715255737,0.18000000715255737,DAD,0.017800092697143555,55616,3.355635404586792,,,,,,,,,,
870,0.18000000715255737,0.18000000715255737,DAD,0.018047809600830078,55680,3.3552653789520264,,,,,,,,,,
871,0.1692187488079071,0.1692187488079071,DAD,0.01807427406311035,55744,3.355103015899658,,,,,,,,,,
872,0.17859375476837158,0.17859375476837158,DAD,0.018113374710083008,55808,3.355053663253784,,,,,,,,,,
873,0.16312500834465027,0.16312500834465027,DAD,0.0178983211517334,55872,3.355050563812256,,,,,,,,,,
874,0.18468749523162842,0.18468749523162842,DAD,0.017887115478515625,55936,3.3553214073181152,,,,,,,,,,
875,0.1823437511920929,0.1823437511920929,DAD,0.0179903507232666,56000,3.3555381298065186,0.17859375,0.200625,4,0.3240902793853427,0.03125,0.2109375,0,0.01171875,1001.81,0
876,0.18046873807907104,0.18046873807907104,DAD,0.018143653869628906,56064,3.355774402618408,,,,,,,,,,
877,0.1678124964237213,0.1678124964237213,DAD,0.017869234085083008,56128,3.356250762939453,,,,,,,,,,
878,0.16687500476837158,0.16687500476837158,DAD,0.01796722412109375,56192,3.3560824394226074,,,,,,,,,,
879,0.18000000715255737,0.18000000715255737,DAD,0.017991065979003906,56256,3.3561949729919434,,,,,,,,,,
880,0.17671875655651093,0.17671875655651093,DAD,0.017811298370361328,56320,3.3563218116760254,,,,,,,,,,
881,0.16734375059604645,0.16734375059604645,DAD,0.017886877059936523,56384,3.356525182723999,,,,,,,,,,
882,0.1720312535762787,0.1720312535762787,DAD,0.018025875091552734,56448,3.356597423553467,,,,,,,,,,
883,0.1589062511920929,0.1589062511920929,DAD,0.01784682273864746,56512,3.3566339015960693,,,,,,,,,,
884,0.1771875023841858,0.1771875023841858,DAD,0.017910242080688477,56576,3.3566203117370605,,,,,,,,,,
885,0.16828125715255737,0.16828125715255737,DAD,0.017878293991088867,56640,3.3568599224090576,,,,,,,,,,
886,0.17249998450279236,0.17249998450279236,DAD,0.017939090728759766,56704,3.3571619987487793,,,,,,,,,,
887,0.18515625596046448,0.18515625596046448,DAD,0.018002986907958984,56768,3.357577085494995,,,,,,,,,,
888,0.18937499821186066,0.18937499821186066,DAD,0.017942190170288086,56832,3.3577868938446045,,,,,,,,,,
889,0.1743749976158142,0.1743749976158142,DAD,0.018002748489379883,56896,3.3580708503723145,,,,,,,,,,
890,0.1654687523841858,0.1654687523841858,DAD,0.01808333396911621,56960,3.3582942485809326,,,,,,,,,,
891,0.17015625536441803,0.17015625536441803,DAD,0.017849206924438477,57024,3.358375310897827,,,,,,,,,,
892,0.1560937464237213,0.1560937464237213,DAD,0.017867088317871094,57088,3.3583991527557373,,,,,,,,,,
893,0.17250001430511475,0.17250001430511475,DAD,0.01773667335510254,57152,3.3585205078125,,,,,,,,,,
894,0.16828125715255737,0.16828125715255737,DAD,0.01807999610900879,57216,3.3585596084594727,,,,,,,,,,
895,0.16640624403953552,0.16640624403953552,DAD,0.018044233322143555,57280,3.3586907386779785,,,,,,,,,,
896,0.15562500059604645,0.15562500059604645,DAD,0.017731189727783203,57344,3.358715534210205,,,,,,,,,,
897,0.19031250476837158,0.19031250476837158,DAD,0.017987728118896484,57408,3.3588149547576904,,,,,,,,,,
898,0.15328124165534973,0.15328124165534973,DAD,0.017854690551757812,57472,3.358966827392578,,,,,,,,,,
899,0.17906250059604645,0.17906250059604645,DAD,0.01780533790588379,57536,3.358914852142334,,,,,,,,,,
900,0.1654687523841858,0.1654687523841858,DAD,0.01790452003479004,57600,3.3589906692504883,0.16875,0.14859375000000002,2,0.6900923107348644,0.015625,0.140625,0,0.008203125,1001.05484375,0
901,0.1771875023841858,0.1771875023841858,DAD,0.018322467803955078,57664,3.3590621948242188,,,,,,,,,,
902,0.15984375774860382,0.15984375774860382,DAD,0.017884254455566406,57728,3.3591277599334717,,,,,,,,,,
903,0.18328124284744263,0.18328124284744263,DAD,0.017889738082885742,57792,3.3590469360351562,,,,,,,,,,
904,0.1889062523841858,0.1889062523841858,DAD,0.01795673370361328,57856,3.3590667247772217,,,,,,,,,,
905,0.18187500536441803,0.18187500536441803,DAD,0.018012285232543945,57920,3.3591761589050293,,,,,,,,,,
906,0.18000000715255737,0.18000000715255737,DAD,0.017965078353881836,57984,3.3593053817749023,,,,,,,,,,
907,0.1640625,0.1640625,DAD,0.017909765243530273,58048,3.3591318130493164,,,,,,,,,,
908,0.1678124964237213,0.1678124964237213,DAD,0.017946720123291016,58112,3.3592517375946045,,,,,,,,,,
909,0.17343750596046448,0.17343750596046448,DAD,0.017862558364868164,58176,3.3592758178710938,,,,,,,,,,
910,0.17484375834465027,0.17484375834465027,DAD,0.01808929443359375,58240,3.359309196472168,,,,,,,,,,
911,0.17296874523162842,0.17296874523162842,DAD,0.017975330352783203,58304,3.3592400550842285,,,,,,,,,,
912,0.16874998807907104,0.16874998807907104,DAD,0.017971038818359375,58368,3.3592028617858887,,,,,,,,,,
913,0.17015625536441803,0.17015625536441803,DAD,0.01790332794189453,58432,3.3592982292175293,,,,,,,,,,
914,0.17484375834465027,0.17484375834465027,DAD,0.018092870712280273,58496,3.359323501586914,,,,,,,,,,
915,0.17671874165534973,0.17671874165534973,DAD,0.0180208683013916,58560,3.359434127807617,,,,,,,,,,
916,0.16453126072883606,0.16453126072883606,DAD,0.017824649810791016,58624,3.359504222869873,,,,,,,,,,
917,0.16593751311302185,0.16593751311302185,DAD,0.017913341522216797,58688,3.359379291534424,,,,,,,,,,
918,0.18421876430511475,0.18421876430511475,DAD,0.017876625061035156,58752,3.359480381011963,,,,,,,,,,
919,0.1626562476158142,0.1626562476158142,DAD,0.01802372932434082,58816,3.359339475631714,,,,,,,,,,
920,0.1678124964237213,0.1678124964237213,DAD,0.01794743537902832,58880,3.359147548675537,,,,,,,,,,
921,0.16875000298023224,0.16875000298023224,DAD,0.01778411865234375,58944,3.3591296672821045,,,,,,,,,,
922,0.16078126430511475,0.16078126430511475,DAD,0.017896413803100586,59008,3.3591842651367188,,,,,,,,,,
923,0.18000000715255737,0.18000000715255737,DAD,0.01798224449157715,59072,3.359070301055908,,,,,,,,,,
924,0.18562500178813934,0.18562500178813934,DAD,0.018050432205200195,59136,3.359112501144409,,,,,,,,,,
925,0.17671874165534973,0.17671874165534973,DAD,0.018033981323242188,59200,3.3591485023498535,0.17507812499999997,0.207265625,6,1.1562390565928486,0.046875,0.21875,0,0.01265625,1001.894765625,0
926,0.1678125113248825,0.1678125113248825,DAD,0.018265485763549805,59264,3.3590927124023438,,,,,,,,,,
927,0.18515625596046448,0.18515625596046448,DAD,0.017992258071899414,59328,3.3590831756591797,,,,,,,,,,
928,0.1603125035762787,0.1603125035762787,DAD,0.018033742904663086,59392,3.3591418266296387,,,,,,,,,,
929,0.15796874463558197,0.15796874463558197,DAD,0.017827987670898438,59456,3.3590011596679688,,,,,,,,,,
930,0.18328125774860382,0.18328125774860382,DAD,0.017940998077392578,59520,3.358999252319336,,,,,,,,,,
931,0.17390625178813934,0.17390625178813934,DAD,0.017922639846801758,59584,3.3588550090789795,,,,,,,,,,
932,0.17578125,0.17578125,DAD,0.01795816421508789,59648,3.3589816093444824,,,,,,,,,,
933,0.17578125,0.17578125,DAD,0.017879962921142578,59712,3.358954906463623,,,,,,,,,,
934,0.1678124964237213,0.1678124964237213,DAD,0.017879724502563477,59776,3.359187602996826,,,,,,,,,,
935,0.17812499403953552,0.17812499403953552,DAD,0.017957448959350586,59840,3.3591251373291016,,,,,,,,,,
936,0.1720312535762787,0.1720312535762787,DAD,0.01790308952331543,59904,3.3591365814208984,,,,,,,,,,
937,0.16640625894069672,0.16640625894069672,DAD,0.01806163787841797,59968,3.3592145442962646,,,,,,,,,,
938,0.15140625834465027,0.15140625834465027,DAD,0.019260406494140625,60032,3.359311580657959,,,,,,,,,,
939,0.17765624821186066,0.17765624821186066,DAD,0.01818227767944336,60096,3.359175443649292,,,,,,,,,,
940,0.16593749821186066,0.16593749821186066,DAD,0.01809525489807129,60160,3.359360694885254,,,,,,,,,,
941,0.1771875023841858,0.1771875023841858,DAD,0.017936229705810547,60224,3.359194755554199,,,,,,,,,,
942,0.17484375834465027,0.17484375834465027,DAD,0.017931699752807617,60288,3.35931658744812,,,,,,,,,,
943,0.15843749046325684,0.15843749046325684,DAD,0.01825881004333496,60352,3.3593616485595703,,,,,,,,,,
944,0.1743749976158142,0.1743749976158142,DAD,0.01876688003540039,60416,3.3592967987060547,,,,,,,,,,
945,0.17765624821186066,0.17765624821186066,DAD,0.019199848175048828,60480,3.359008312225342,,,,,,,,,,
946,0.18468749523162842,0.18468749523162842,DAD,0.019247055053710938,60544,3.3590774536132812,,,,,,,,,,
947,0.1603125035762787,0.1603125035762787,DAD,0.018045425415039062,60608,3.359004020690918,,,,,,,,,,
948,0.17156249284744263,0.17156249284744263,DAD,0.018216371536254883,60672,3.358826160430908,,,,,,,,,,
949,0.18515625596046448,0.18515625596046448,DAD,0.019609451293945312,60736,3.358691692352295,,,,,,,,,,
950,0.17812500894069672,0.17812500894069672,DAD,0.018012046813964844,60800,3.3587164878845215,0.176484375,0.19851562500000003,1,-0.0,0.0078125,0.2109375,0,0.01171875,1001.807890625,0
951,0.17671875655651093,0.17671875655651093,DAD,0.01820826530456543,60864,3.3587024211883545,,,,,,,,,,
952,0.16968750953674316,0.16968750953674316,DAD,0.018130064010620117,60928,3.358626127243042,,,,,,,,,,
953,0.17109376192092896,0.17109376192092896,DAD,0.017964601516723633,60992,3.358367919921875,,,,,,,,,,
954,0.17015624046325684,0.17015624046325684,DAD,0.017925024032592773,61056,3.358471632003784,,,,,,,,,,
955,0.18984375894069672,0.18984375894069672,DAD,0.020121335983276367,61120,3.358285427093506,,,,,,,,,,
956,0.1771875023841858,0.1771875023841858,DAD,0.01826000213623047,61184,3.3584442138671875,,,,,,,,,,
957,0.17249999940395355,0.17249999940395355,DAD,0.018007993698120117,61248,3.358356475830078,,,,,,,,,,
958,0.17812499403953552,0.17812499403953552,DAD,0.017931222915649414,61312,3.3585681915283203,,,,,,,,,,
959,0.1706250011920929,0.1706250011920929,DAD,0.018006324768066406,61376,3.358574628829956,,,,,,,,,,
960,0.15843749046325684,0.15843749046325684,DAD,0.017981767654418945,61440,3.358513593673706,,,,,,,,,,
961,0.18703125417232513,0.18703125417232513,DAD,0.01779460906982422,61504,3.3583457469940186,,,,,,,,,,
962,0.1692187488079071,0.1692187488079071,DAD,0.01805853843688965,61568,3.3583972454071045,,,,,,,,,,
963,0.16078123450279236,0.16078123450279236,DAD,0.01794743537902832,61632,3.3582468032836914,,,,,,,,,,
964,0.18703125417232513,0.18703125417232513,DAD,0.01807570457458496,61696,3.35853910446167,,,,,,,,,,
965,0.17578125,0.17578125,DAD,0.017795085906982422,61760,3.358464241027832,,,,,,,,,,
966,0.17578125,0.17578125,DAD,0.018019437789916992,61824,3.358366012573242,,,,,,,,,,
967,0.1720312386751175,0.1720312386751175,DAD,0.017974376678466797,61888,3.3588008880615234,,,,,,,,,,
968,0.1626562476158142,0.1626562476158142,DAD,0.017887353897094727,61952,3.358945846557617,,,,,,,,,,
969,0.16453126072883606,0.16453126072883606,DAD,0.017913341522216797,62016,3.358898162841797,,,,,,,,,,
970,0.18515625596046448,0.18515625596046448,DAD,0.018030881881713867,62080,3.358820676803589,,,,,,,,,,
971,0.17249999940395355,0.17249999940395355,DAD,0.017844438552856445,62144,3.359163761138916,,,,,,,,,,
972,0.16500000655651093,0.16500000655651093,DAD,0.017845869064331055,62208,3.3593435287475586,,,,,,,,,,
973,0.1640625,0.1640625,DAD,0.018047809600830078,62272,3.35939359664917,,,,,,,,,,
974,0.18046873807907104,0.18046873807907104,DAD,0.017992734909057617,62336,3.359551191329956,,,,,,,,,,
975,0.18515625596046448,0.18515625596046448,DAD,0.017884016036987305,62400,3.359548330307007,0.17554687500000002,0.197578125,2,0.11113140431967991,0.015625,0.1640625,0,0.0121875,1001.338203125,0
976,0.1771875023841858,0.1771875023841858,DAD,0.01823902130126953,62464,3.3598029613494873,,,,,,,,,,
977,0.15656250715255737,0.15656250715255737,DAD,0.017931699752807617,62528,3.3598031997680664,,,,,,,,,,
978,0.17812499403953552,0.17812499403953552,DAD,0.01814103126525879,62592,3.3600330352783203,,,,,,,,,,
979,0.1771875023841858,0.1771875023841858,DAD,0.017913818359375,62656,3.360105037689209,,,,,,,,,,
980,0.15281249582767487,0.15281249582767487,DAD,0.017972707748413086,62720,3.360147476196289,,,,,,,,,,
981,0.18140625953674316,0.18140625953674316,DAD,0.018083810806274414,62784,3.3601207733154297,,,,,,,,,,
982,0.16078124940395355,0.16078124940395355,DAD,0.017948627471923828,62848,3.3601865768432617,,,,,,,,,,
983,0.16828125715255737,0.16828125715255737,DAD,0.017772197723388672,62912,3.3602867126464844,,,,,,,,,,
984,0.17906251549720764,0.17906251549720764,DAD,0.01793384552001953,62976,3.3601722717285156,,,,,,,,,,
985,0.1743749976158142,0.1743749976158142,DAD,0.018102645874023438,63040,3.3600940704345703,,,,,,,,,,
986,0.19312500953674316,0.19312500953674316,DAD,0.017900466918945312,63104,3.360028028488159,,,,,,,,,,
987,0.17671875655651093,0.17671875655651093,DAD,0.017850637435913086,63168,3.3600425720214844,,,,,,,,,,
988,0.15984374284744263,0.15984374284744263,DAD,0.017983675003051758,63232,3.359877347946167,,,,,,,,,,
989,0.17812499403953552,0.17812499403953552,DAD,0.01788496971130371,63296,3.359936237335205,,,,,,,,,,
990,0.1720312535762787,0.1720312535762787,DAD,0.017975568771362305,63360,3.3597142696380615,,,,,,,,,,
991,0.17343750596046448,0.17343750596046448,DAD,0.01804661750793457,63424,3.359766960144043,,,,,,,,,,
992,0.17296874523162842,0.17296874523162842,DAD,0.01830267906188965,63488,3.3595361709594727,,,,,,,,,,
993,0.1743749976158142,0.1743749976158142,DAD,0.018038272857666016,63552,3.359576940536499,,,,,,,,,,
994,0.1940625011920929,0.1940625011920929,DAD,0.01779770851135254,63616,3.3593616485595703,,,,,,,,,,
995,0.1692187488079071,0.1692187488079071,DAD,0.01793670654296875,63680,3.359070301055908,,,,,,,,,,
996,0.17484375834465027,0.17484375834465027,DAD,0.017954349517822266,63744,3.3590915203094482,,,,,,,,,,
997,0.1809374988079071,0.1809374988079071,DAD,0.018027782440185547,63808,3.359017848968506,,,,,,,,,,
998,0.17484375834465027,0.17484375834465027,DAD,0.017813920974731445,63872,3.3589553833007812,,,,,,,,,,
999,0.1860937476158142,0.1860937476158142,DAD,0.01795482635498047,63936,3.358611583709717,,,,,,,,,,
1000,0.16359375417232513,0.16359375417232513,DAD,0.018045902252197266,64000,3.358560562133789,0.174609375,0.06773437500000001,3,0.6430862953859384,0.0234375,0.0234375,1,0.0007031250000000002,0.06773437500000001,0
