update,mean_train_u_ctrl,mean_train_control_cost,method,update_seconds,trajectories_sampled,policy_entropy,validation_mean_u_ctrl,validation_mean_mocu,validation_n_unique_sequences,validation_sequence_entropy,validation_unique_frac,validation_under_control_rate,validation_valid,validation_mean_shortfall,validation_checkpoint_score,validation_meets_unique_floor
1,0.20484375953674316,0.20484375953674316,DAD,0.238494873046875,64,3.342923402786255,,,,,,,,,,
2,0.2292187511920929,0.2292187511920929,DAD,0.03196883201599121,128,3.342926502227783,,,,,,,,,,
3,0.2095312476158142,0.2095312476158142,DAD,0.02659010887145996,192,3.3434596061706543,,,,,,,,,,
4,0.21328124403953552,0.21328124403953552,DAD,0.03703451156616211,256,3.343209743499756,,,,,,,,,,
5,0.22265625,0.22265625,DAD,0.02469015121459961,320,3.343406915664673,,,,,,,,,,
6,0.2146874964237213,0.2146874964237213,DAD,0.02156972885131836,384,3.342872142791748,,,,,,,,,,
7,0.20390625298023224,0.20390625298023224,DAD,0.02153754234313965,448,3.3423867225646973,,,,,,,,,,
8,0.2071875035762787,0.2071875035762787,DAD,0.03226828575134277,512,3.341768741607666,,,,,,,,,,
9,0.19078125059604645,0.19078125059604645,DAD,0.02410888671875,576,3.341085910797119,,,,,,,,,,
10,0.22734375298023224,0.22734375298023224,DAD,0.021372556686401367,640,3.340134382247925,,,,,,,,,,
11,0.2123437523841858,0.2123437523841858,DAD,0.02168416976928711,704,3.339341402053833,,,,,,,,,,
12,0.19499999284744263,0.19499999284744263,DAD,0.021507978439331055,768,3.3378987312316895,,,,,,,,,,
13,0.20390623807907104,0.20390623807907104,DAD,0.02150106430053711,832,3.3360207080841064,,,,,,,,,,
14,0.21140626072883606,0.21140626072883606,DAD,0.022037029266357422,896,3.33459734916687,,,,,,,,,,
15,0.22218748927116394,0.22218748927116394,DAD,0.029186487197875977,960,3.3332626819610596,,,,,,,,,,
16,0.21375000476837158,0.21375000476837158,DAD,0.026488065719604492,1024,3.3319091796875,,,,,,,,,,
17,0.2006250023841858,0.2006250023841858,DAD,0.026847124099731445,1088,3.3305859565734863,,,,,,,,,,
18,0.2071875035762787,0.2071875035762787,DAD,0.023312091827392578,1152,3.328714609146118,,,,,,,,,,
19,0.18468749523162842,0.18468749523162842,DAD,0.022290945053100586,1216,3.326977252960205,,,,,,,,,,
20,0.18843749165534973,0.19468750059604645,DAD,0.028322219848632812,1280,3.324517250061035,,,,,,,,,,
21,0.20390625298023224,0.20390625298023224,DAD,0.03038501739501953,1344,3.3219614028930664,,,,,,,,,,
22,0.20765626430511475,0.2185937613248825,DAD,0.02872180938720703,1408,3.320371150970459,,,,,,,,,,
23,0.20156249403953552,0.20156249403953552,DAD,0.028243303298950195,1472,3.3175222873687744,,,,,,,,,,
24,0.23203125596046448,0.23203125596046448,DAD,0.02469158172607422,1536,3.313598155975342,,,,,,,,,,
25,0.18046876788139343,0.18046876788139343,DAD,0.02274012565612793,1600,3.309591770172119,0.182578125,0.072578125,13,1.5078039812307331,0.1015625,0.015625,1,0.00046875,0.072578125,0
26,0.19031250476837158,0.19031250476837158,DAD,0.028738737106323242,1664,3.3065710067749023,,,,,,,,,,
27,0.19171875715255737,0.19171875715255737,DAD,0.03428173065185547,1728,3.3029961585998535,,,,,,,,,,
28,0.2109375,0.2109375,DAD,0.03897380828857422,1792,3.300245761871338,,,,,,,,,,
29,0.18515625596046448,0.18515625596046448,DAD,0.02156853675842285,1856,3.2952561378479004,,,,,,,,,,
30,0.20015624165534973,0.20015624165534973,DAD,0.025519132614135742,1920,3.289210796356201,,,,,,,,,,
31,0.20156249403953552,0.20156249403953552,DAD,0.0259249210357666,1984,3.2838165760040283,,,,,,,,,,
32,0.1940625011920929,0.1940625011920929,DAD,0.03091120719909668,2048,3.276193380355835,,,,,,,,,,
33,0.21281251311302185,0.21281251311302185,DAD,0.029560089111328125,2112,3.272264003753662,,,,,,,,,,
34,0.19875000417232513,0.19875000417232513,DAD,0.021900177001953125,2176,3.2650485038757324,,,,,,,,,,
35,0.2071875035762787,0.2071875035762787,DAD,0.02165079116821289,2240,3.2553844451904297,,,,,,,,,,
36,0.1978124976158142,0.1978124976158142,DAD,0.02147817611694336,2304,3.251286745071411,,,,,,,,,,
37,0.19828125834465027,0.19828125834465027,DAD,0.02133965492248535,2368,3.2382776737213135,,,,,,,,,,
38,0.19875000417232513,0.20500001311302185,DAD,0.0216066837310791,2432,3.2313902378082275,,,,,,,,,,
39,0.19734375178813934,0.19734375178813934,DAD,0.021772384643554688,2496,3.216865301132202,,,,,,,,,,
40,0.18843749165534973,0.18843749165534973,DAD,0.0216217041015625,2560,3.2041141986846924,,,,,,,,,,
41,0.1940625011920929,0.1940625011920929,DAD,0.021368741989135742,2624,3.1961560249328613,,,,,,,,,,
42,0.21281249821186066,0.21281249821186066,DAD,0.021663427352905273,2688,3.1779112815856934,,,,,,,,,,
43,0.18796874582767487,0.18796874582767487,DAD,0.02147054672241211,2752,3.167233943939209,,,,,,,,,,
44,0.1837500035762787,0.1837500035762787,DAD,0.021181106567382812,2816,3.1516811847686768,,,,,,,,,,
45,0.1875,0.1875,DAD,0.02145671844482422,2880,3.142519474029541,,,,,,,,,,
46,0.19171874225139618,0.19171874225139618,DAD,0.0214235782623291,2944,3.118781566619873,,,,,,,,,,
47,0.18937501311302185,0.18937501311302185,DAD,0.021387100219726562,3008,3.11776065826416,,,,,,,,,,
48,0.2095312476158142,0.2095312476158142,DAD,0.021428585052490234,3072,3.0928127765655518,,,,,,,,,,
49,0.19734376668930054,0.19734376668930054,DAD,0.0214691162109375,3136,3.0741541385650635,,,,,,,,,,
50,0.1926562488079071,0.1926562488079071,DAD,0.021454334259033203,3200,3.044994354248047,0.19101562499999997,0.074765625,3,0.791577812361268,0.0234375,0.0,1,0.0,0.074765625,0
51,0.19921875,0.19921875,DAD,0.021979570388793945,3264,3.0507938861846924,,,,,,,,,,
52,0.17249999940395355,0.17249999940395355,DAD,0.021306991577148438,3328,3.0671887397766113,,,,,,,,,,
53,0.1978124976158142,0.1978124976158142,DAD,0.02163529396057129,3392,3.008110523223877,,,,,,,,,,
54,0.17765624821186066,0.17765624821186066,DAD,0.02170276641845703,3456,3.0050697326660156,,,,,,,,,,
55,0.17812500894069672,0.17812500894069672,DAD,0.0215761661529541,3520,2.9832639694213867,,,,,,,,,,
56,0.19734375178813934,0.19734375178813934,DAD,0.021465539932250977,3584,2.9654150009155273,,,,,,,,,,
57,0.18140622973442078,0.18140622973442078,DAD,0.02126002311706543,3648,2.9121861457824707,,,,,,,,,,
58,0.17859375476837158,0.17859375476837158,DAD,0.02168893814086914,3712,2.9420690536499023,,,,,,,,,,
59,0.18515625596046448,0.18515625596046448,DAD,0.021623849868774414,3776,2.9088973999023438,,,,,,,,,,
60,0.18515625596046448,0.18515625596046448,DAD,0.021631240844726562,3840,2.883908271789551,,,,,,,,,,
61,0.19218748807907104,0.19218748807907104,DAD,0.02130293846130371,3904,2.8849596977233887,,,,,,,,,,
62,0.2006250023841858,0.2006250023841858,DAD,0.021524429321289062,3968,2.8811697959899902,,,,,,,,,,
63,0.20015624165534973,0.20015624165534973,DAD,0.021752119064331055,4032,2.847505569458008,,,,,,,,,,
64,0.18796874582767487,0.18796874582767487,DAD,0.021654367446899414,4096,2.8723716735839844,,,,,,,,,,
65,0.18515625596046448,0.18515625596046448,DAD,0.02153635025024414,4160,2.8725554943084717,,,,,,,,,,
66,0.1889062523841858,0.1889062523841858,DAD,0.02139902114868164,4224,2.8295483589172363,,,,,,,,,,
67,0.18046875298023224,0.18046875298023224,DAD,0.021528244018554688,4288,2.856642246246338,,,,,,,,,,
68,0.17343750596046448,0.1796875,DAD,0.02118706703186035,4352,2.8129100799560547,,,,,,,,,,
69,0.1771875023841858,0.1771875023841858,DAD,0.021387815475463867,4416,2.8572983741760254,,,,,,,,,,
70,0.18562500178813934,0.18562500178813934,DAD,0.021302461624145508,4480,2.837407350540161,,,,,,,,,,
71,0.18328125774860382,0.18328125774860382,DAD,0.02163219451904297,4544,2.827298402786255,,,,,,,,,,
72,0.18843750655651093,0.19468750059604645,DAD,0.021214723587036133,4608,2.816495656967163,,,,,,,,,,
73,0.1860937476158142,0.1860937476158142,DAD,0.021266698837280273,4672,2.7831954956054688,,,,,,,,,,
74,0.18843750655651093,0.18843750655651093,DAD,0.02143383026123047,4736,2.822314739227295,,,,,,,,,,
75,0.19593748450279236,0.19593748450279236,DAD,0.02146601676940918,4800,2.7960872650146484,0.182578125,0.078828125,2,0.2930365266374333,0.015625,0.03125,1,0.0009375000000000002,0.078828125,0
76,0.1837500035762787,0.1837500035762787,DAD,0.02174687385559082,4864,2.7767977714538574,,,,,,,,,,
77,0.19734375178813934,0.19734375178813934,DAD,0.021593809127807617,4928,2.750309467315674,,,,,,,,,,
78,0.17624999582767487,0.17624999582767487,DAD,0.02131962776184082,4992,2.773650646209717,,,,,,,,,,
79,0.17578125,0.17578125,DAD,0.0214688777923584,5056,2.713876247406006,,,,,,,,,,
80,0.16828125715255737,0.16828125715255737,DAD,0.021476030349731445,5120,2.799166202545166,,,,,,,,,,
81,0.18421876430511475,0.18421876430511475,DAD,0.021661996841430664,5184,2.745551109313965,,,,,,,,,,
82,0.19312500953674316,0.19312500953674316,DAD,0.021419525146484375,5248,2.7687594890594482,,,,,,,,,,
83,0.17109374701976776,0.17109374701976776,DAD,0.021532773971557617,5312,2.7440133094787598,,,,,,,,,,
84,0.17625001072883606,0.17625001072883606,DAD,0.02124166488647461,5376,2.744716167449951,,,,,,,,,,
85,0.17484375834465027,0.17484375834465027,DAD,0.021491289138793945,5440,2.727980613708496,,,,,,,,,,
86,0.19453126192092896,0.19453126192092896,DAD,0.021572113037109375,5504,2.707608699798584,,,,,,,,,,
87,0.16875000298023224,0.16875000298023224,DAD,0.021335840225219727,5568,2.7093114852905273,,,,,,,,,,
88,0.17624999582767487,0.17624999582767487,DAD,0.02125239372253418,5632,2.6823153495788574,,,,,,,,,,
89,0.18421874940395355,0.18421874940395355,DAD,0.021437406539916992,5696,2.6958346366882324,,,,,,,,,,
90,0.1889062523841858,0.1889062523841858,DAD,0.021448135375976562,5760,2.676180839538574,,,,,,,,,,
91,0.19078125059604645,0.19078125059604645,DAD,0.021709442138671875,5824,2.672647714614868,,,,,,,,,,
92,0.18937501311302185,0.18937501311302185,DAD,0.02153468132019043,5888,2.6868011951446533,,,,,,,,,,
93,0.1940625011920929,0.1940625011920929,DAD,0.02162957191467285,5952,2.677867889404297,,,,,,,,,,
94,0.17859375476837158,0.17859375476837158,DAD,0.021410226821899414,6016,2.664581537246704,,,,,,,,,,
95,0.17390625178813934,0.17390625178813934,DAD,0.021887779235839844,6080,2.6606290340423584,,,,,,,,,,
96,0.17296874523162842,0.17296874523162842,DAD,0.021625041961669922,6144,2.665022373199463,,,,,,,,,,
97,0.1692187637090683,0.1692187637090683,DAD,0.029616594314575195,6208,2.6385812759399414,,,,,,,,,,
98,0.18328124284744263,0.19890624284744263,DAD,0.026980161666870117,6272,2.6673097610473633,,,,,,,,,,
99,0.1860937476158142,0.1860937476158142,DAD,0.021548986434936523,6336,2.641181230545044,,,,,,,,,,
100,0.18421874940395355,0.18421874940395355,DAD,0.0211181640625,6400,2.663928508758545,0.181640625,0.082578125,3,0.4398044848311631,0.0234375,0.03125,1,0.00140625,0.082578125,0
101,0.18562500178813934,0.18562500178813934,DAD,0.021692276000976562,6464,2.653532028198242,,,,,,,,,,
102,0.18703125417232513,0.18703125417232513,DAD,0.021426916122436523,6528,2.674859046936035,,,,,,,,,,
103,0.18796874582767487,0.18796874582767487,DAD,0.021209716796875,6592,2.674757480621338,,,,,,,,,,
104,0.19078125059604645,0.19078125059604645,DAD,0.02141737937927246,6656,2.647965669631958,,,,,,,,,,
105,0.17296874523162842,0.17296874523162842,DAD,0.021321535110473633,6720,2.642685890197754,,,,,,,,,,
106,0.18187499046325684,0.18187499046325684,DAD,0.02155137062072754,6784,2.6117804050445557,,,,,,,,,,
107,0.17859375476837158,0.17859375476837158,DAD,0.021287918090820312,6848,2.6139917373657227,,,,,,,,,,
108,0.17343750596046448,0.17343750596046448,DAD,0.021309375762939453,6912,2.6148061752319336,,,,,,,,,,
109,0.16828125715255737,0.16828125715255737,DAD,0.021294116973876953,6976,2.5886712074279785,,,,,,,,,,
110,0.19593749940395355,0.19593749940395355,DAD,0.021259546279907227,7040,2.5714783668518066,,,,,,,,,,
111,0.18562500178813934,0.18562500178813934,DAD,0.021191120147705078,7104,2.613657236099243,,,,,,,,,,
112,0.16640625894069672,0.16640625894069672,DAD,0.02144622802734375,7168,2.6011605262756348,,,,,,,,,,
113,0.2043749988079071,0.2043749988079071,DAD,0.021391868591308594,7232,2.600069284439087,,,,,,,,,,
114,0.1678124964237213,0.1678124964237213,DAD,0.02139139175415039,7296,2.594710111618042,,,,,,,,,,
115,0.18140625953674316,0.18140625953674316,DAD,0.021592140197753906,7360,2.6192214488983154,,,,,,,,,,
116,0.1795312464237213,0.1795312464237213,DAD,0.021425485610961914,7424,2.5962440967559814,,,,,,,,,,
117,0.17015625536441803,0.17015625536441803,DAD,0.021685123443603516,7488,2.5880227088928223,,,,,,,,,,
118,0.18000000715255737,0.18000000715255737,DAD,0.021190881729125977,7552,2.5986952781677246,,,,,,,,,,
119,0.16593751311302185,0.16593751311302185,DAD,0.02143549919128418,7616,2.5787768363952637,,,,,,,,,,
120,0.1837500035762787,0.1837500035762787,DAD,0.021294593811035156,7680,2.5911595821380615,,,,,,,,,,
121,0.16828125715255737,0.16828125715255737,DAD,0.021218061447143555,7744,2.582517623901367,,,,,,,,,,
122,0.17156249284744263,0.17156249284744263,DAD,0.02158498764038086,7808,2.58416748046875,,,,,,,,,,
123,0.18796876072883606,0.18796876072883606,DAD,0.021610736846923828,7872,2.5739870071411133,,,,,,,,,,
124,0.18656250834465027,0.18656250834465027,DAD,0.02124500274658203,7936,2.5634398460388184,,,,,,,,,,
125,0.17671874165534973,0.17671874165534973,DAD,0.021598100662231445,8000,2.52675724029541,0.1771875,0.07265625,5,1.1546189053959348,0.0390625,0.0234375,1,0.0009375000000000002,0.07265625,0
126,0.1771875023841858,0.1771875023841858,DAD,0.021855831146240234,8064,2.53770112991333,,,,,,,,,,
127,0.18187500536441803,0.18187500536441803,DAD,0.02153468132019043,8128,2.55838942527771,,,,,,,,,,
128,0.18515625596046448,0.18515625596046448,DAD,0.021325111389160156,8192,2.5163745880126953,,,,,,,,,,
129,0.17343750596046448,0.17343750596046448,DAD,0.021378755569458008,8256,2.5056116580963135,,,,,,,,,,
130,0.18140625953674316,0.18140625953674316,DAD,0.0214080810546875,8320,2.5314786434173584,,,,,,,,,,
131,0.1743750125169754,0.1743750125169754,DAD,0.021408557891845703,8384,2.5014710426330566,,,,,,,,,,
132,0.1940625011920929,0.1940625011920929,DAD,0.021272897720336914,8448,2.4610109329223633,,,,,,,,,,
133,0.18984374403953552,0.18984374403953552,DAD,0.021352291107177734,8512,2.4652962684631348,,,,,,,,,,
134,0.16968749463558197,0.16968749463558197,DAD,0.021396160125732422,8576,2.5029759407043457,,,,,,,,,,
135,0.17906251549720764,0.17906251549720764,DAD,0.021448612213134766,8640,2.4733643531799316,,,,,,,,,,
136,0.17531248927116394,0.17531248927116394,DAD,0.021314144134521484,8704,2.4739465713500977,,,,,,,,,,
137,0.18187500536441803,0.18187500536441803,DAD,0.021474838256835938,8768,2.4285647869110107,,,,,,,,,,
138,0.1692187488079071,0.1692187488079071,DAD,0.021605491638183594,8832,2.432292938232422,,,,,,,,,,
139,0.1809374988079071,0.1809374988079071,DAD,0.021380901336669922,8896,2.463146209716797,,,,,,,,,,
140,0.17671874165534973,0.17671874165534973,DAD,0.021480798721313477,8960,2.421346664428711,,,,,,,,,,
141,0.19875000417232513,0.21437500417232513,DAD,0.021346092224121094,9024,2.421600818634033,,,,,,,,,,
142,0.1837500035762787,0.1837500035762787,DAD,0.02149224281311035,9088,2.4248416423797607,,,,,,,,,,
143,0.18515625596046448,0.18515625596046448,DAD,0.02141261100769043,9152,2.4068045616149902,,,,,,,,,,
144,0.1706250011920929,0.1706250011920929,DAD,0.021226167678833008,9216,2.414308547973633,,,,,,,,,,
145,0.17859375476837158,0.17859375476837158,DAD,0.0217893123626709,9280,2.4258012771606445,,,,,,,,,,
146,0.18000000715255737,0.18000000715255737,DAD,0.02132892608642578,9344,2.4454128742218018,,,,,,,,,,
147,0.16453126072883606,0.16453126072883606,DAD,0.0215604305267334,9408,2.425784111022949,,,,,,,,,,
148,0.1626562476158142,0.1626562476158142,DAD,0.021204710006713867,9472,2.4511914253234863,,,,,,,,,,
149,0.18328125774860382,0.18328125774860382,DAD,0.021603822708129883,9536,2.4487009048461914,,,,,,,,,,
150,0.17484375834465027,0.17484375834465027,DAD,0.021462202072143555,9600,2.4547770023345947,0.18,0.079375,3,0.7691267318040423,0.0234375,0.0390625,1,0.0011718750000000002,0.079375,0
151,0.18656250834465027,0.18656250834465027,DAD,0.02184271812438965,9664,2.456087112426758,,,,,,,,,,
152,0.18046873807907104,0.18046873807907104,DAD,0.02138996124267578,9728,2.44883394241333,,,,,,,,,,
153,0.1860937476158142,0.1860937476158142,DAD,0.021531105041503906,9792,2.4776358604431152,,,,,,,,,,
154,0.1940625011920929,0.1940625011920929,DAD,0.021425485610961914,9856,2.478940963745117,,,,,,,,,,
155,0.1846875101327896,0.1846875101327896,DAD,0.0216062068939209,9920,2.461454391479492,,,,,,,,,,
156,0.19593749940395355,0.19593749940395355,DAD,0.021146774291992188,9984,2.4686548709869385,,,,,,,,,,
157,0.1692187488079071,0.1692187488079071,DAD,0.021509885787963867,10048,2.4597811698913574,,,,,,,,,,
158,0.17859375476837158,0.17859375476837158,DAD,0.021596670150756836,10112,2.455254316329956,,,,,,,,,,
159,0.18843749165534973,0.18843749165534973,DAD,0.021658897399902344,10176,2.4819793701171875,,,,,,,,,,
160,0.1678124964237213,0.1678124964237213,DAD,0.021538972854614258,10240,2.484227180480957,,,,,,,,,,
161,0.1795312464237213,0.1795312464237213,DAD,0.021370887756347656,10304,2.4858827590942383,,,,,,,,,,
162,0.17859375476837158,0.17859375476837158,DAD,0.02161240577697754,10368,2.4805245399475098,,,,,,,,,,
163,0.19687500596046448,0.19687500596046448,DAD,0.021649837493896484,10432,2.474161148071289,,,,,,,,,,
164,0.18000000715255737,0.18000000715255737,DAD,0.0217440128326416,10496,2.457507371902466,,,,,,,,,,
165,0.17249999940395355,0.17249999940395355,DAD,0.021296262741088867,10560,2.4399566650390625,,,,,,,,,,
166,0.17812499403953552,0.17812499403953552,DAD,0.02130270004272461,10624,2.4448180198669434,,,,,,,,,,
167,0.19875000417232513,0.19875000417232513,DAD,0.021353721618652344,10688,2.465308666229248,,,,,,,,,,
168,0.1809374988079071,0.1809374988079071,DAD,0.0215911865234375,10752,2.472752809524536,,,,,,,,,,
169,0.16968750953674316,0.16968750953674316,DAD,0.021256446838378906,10816,2.4504823684692383,,,,,,,,,,
170,0.1837500035762787,0.1837500035762787,DAD,0.021429061889648438,10880,2.434919834136963,,,,,,,,,,
171,0.1809374988079071,0.1809374988079071,DAD,0.021291732788085938,10944,2.4519782066345215,,,,,,,,,,
172,0.16734375059604645,0.16734375059604645,DAD,0.021306753158569336,11008,2.416642189025879,,,,,,,,,,
173,0.17812499403953552,0.17812499403953552,DAD,0.021146059036254883,11072,2.421072483062744,,,,,,,,,,
174,0.1823437511920929,0.1823437511920929,DAD,0.021384477615356445,11136,2.4392571449279785,,,,,,,,,,
175,0.18515625596046448,0.18515625596046448,DAD,0.02131509780883789,11200,2.414184331893921,0.180234375,0.067109375,3,0.8634135331186101,0.0234375,0.0078125,1,0.000234375,0.067109375,0
176,0.17343750596046448,0.17343750596046448,DAD,0.022157907485961914,11264,2.4245710372924805,,,,,,,,,,
177,0.1823437511920929,0.1823437511920929,DAD,0.021570682525634766,11328,2.426755905151367,,,,,,,,,,
178,0.1809374988079071,0.1809374988079071,DAD,0.021181344985961914,11392,2.4107506275177,,,,,,,,,,
179,0.19031250476837158,0.19031250476837158,DAD,0.021358966827392578,11456,2.432074546813965,,,,,,,,,,
180,0.17906250059604645,0.17906250059604645,DAD,0.021159887313842773,11520,2.434326171875,,,,,,,,,,
181,0.1954687535762787,0.1954687535762787,DAD,0.021300554275512695,11584,2.416168689727783,,,,,,,,,,
182,0.17343750596046448,0.17343750596046448,DAD,0.021249055862426758,11648,2.4004149436950684,,,,,,,,,,
183,0.18140625953674316,0.18140625953674316,DAD,0.021571636199951172,11712,2.421034812927246,,,,,,,,,,
184,0.19921875,0.19921875,DAD,0.021600961685180664,11776,2.434955596923828,,,,,,,,,,
185,0.17531250417232513,0.17531250417232513,DAD,0.021384239196777344,11840,2.454444408416748,,,,,,,,,,
186,0.18656250834465027,0.18656250834465027,DAD,0.021502017974853516,11904,2.412254810333252,,,,,,,,,,
187,0.17765624821186066,0.17765624821186066,DAD,0.021440744400024414,11968,2.4301459789276123,,,,,,,,,,
188,0.1889062523841858,0.1889062523841858,DAD,0.021483898162841797,12032,2.4402718544006348,,,,,,,,,,
189,0.15421876311302185,0.15421876311302185,DAD,0.02140522003173828,12096,2.436331033706665,,,,,,,,,,
190,0.18000000715255737,0.18000000715255737,DAD,0.02137589454650879,12160,2.4117424488067627,,,,,,,,,,
191,0.16640625894069672,0.16640625894069672,DAD,0.021454334259033203,12224,2.4157326221466064,,,,,,,,,,
192,0.18281251192092896,0.18281251192092896,DAD,0.021552085876464844,12288,2.4350874423980713,,,,,,,,,,
193,0.16640624403953552,0.16640624403953552,DAD,0.021294116973876953,12352,2.386356830596924,,,,,,,,,,
194,0.17906251549720764,0.17906251549720764,DAD,0.021547555923461914,12416,2.4062018394470215,,,,,,,,,,
195,0.1889062523841858,0.1889062523841858,DAD,0.02383565902709961,12480,2.3837718963623047,,,,,,,,,,
196,0.18796874582767487,0.19890624284744263,DAD,0.02358078956604004,12544,2.4127273559570312,,,,,,,,,,
197,0.1678125113248825,0.1678125113248825,DAD,0.021263599395751953,12608,2.3615870475769043,,,,,,,,,,
198,0.18000000715255737,0.18000000715255737,DAD,0.021858930587768555,12672,2.3898541927337646,,,,,,,,,,
199,0.16124999523162842,0.16124999523162842,DAD,0.02135491371154785,12736,2.3474225997924805,,,,,,,,,,
200,0.17390626668930054,0.17390626668930054,DAD,0.021383047103881836,12800,2.365830421447754,0.17859375,0.07796875,5,0.45706621208814724,0.0390625,0.0390625,1,0.0011718750000000002,0.07796875,0
201,0.17390626668930054,0.17390626668930054,DAD,0.021646499633789062,12864,2.4373068809509277,,,,,,,,,,
202,0.1678124964237213,0.1678124964237213,DAD,0.021414518356323242,12928,2.402620553970337,,,,,,,,,,
203,0.18000000715255737,0.18000000715255737,DAD,0.021509885787963867,12992,2.442953109741211,,,,,,,,,,
204,0.15843750536441803,0.15843750536441803,DAD,0.02128124237060547,13056,2.4342689514160156,,,,,,,,,,
205,0.1678124964237213,0.1678124964237213,DAD,0.021120786666870117,13120,2.4629344940185547,,,,,,,,,,
206,0.18187500536441803,0.18187500536441803,DAD,0.021274805068969727,13184,2.489981174468994,,,,,,,,,,
207,0.1837500035762787,0.1837500035762787,DAD,0.021541118621826172,13248,2.5089454650878906,,,,,,,,,,
208,0.1860937476158142,0.1860937476158142,DAD,0.0213620662689209,13312,2.4877421855926514,,,,,,,,,,
209,0.18000000715255737,0.18000000715255737,DAD,0.021253108978271484,13376,2.477583885192871,,,,,,,,,,
210,0.17859375476837158,0.17859375476837158,DAD,0.021514892578125,13440,2.4969499111175537,,,,,,,,,,
211,0.18656250834465027,0.18656250834465027,DAD,0.02165699005126953,13504,2.4772400856018066,,,,,,,,,,
212,0.1795312464237213,0.1795312464237213,DAD,0.021500110626220703,13568,2.4360530376434326,,,,,,,,,,
213,0.16734375059604645,0.16734375059604645,DAD,0.02118396759033203,13632,2.4282779693603516,,,,,,,,,,
214,0.16687500476837158,0.16687500476837158,DAD,0.02143073081970215,13696,2.3823747634887695,,,,,,,,,,
215,0.16171875596046448,0.16171875596046448,DAD,0.021360397338867188,13760,2.4066174030303955,,,,,,,,,,
216,0.1771875023841858,0.1771875023841858,DAD,0.02156209945678711,13824,2.414004325866699,,,,,,,,,,
217,0.17343750596046448,0.17343750596046448,DAD,0.021770477294921875,13888,2.3630809783935547,,,,,,,,,,
218,0.17343749105930328,0.17343749105930328,DAD,0.023663997650146484,13952,2.347810745239258,,,,,,,,,,
219,0.17249999940395355,0.17249999940395355,DAD,0.024374723434448242,14016,2.3611483573913574,,,,,,,,,,
220,0.17859375476837158,0.17859375476837158,DAD,0.021599769592285156,14080,2.324557065963745,,,,,,,,,,
221,0.17343750596046448,0.17343750596046448,DAD,0.021518468856811523,14144,2.3548271656036377,,,,,,,,,,
222,0.16124999523162842,0.16124999523162842,DAD,0.021664857864379883,14208,2.3103575706481934,,,,,,,,,,
223,0.18000000715255737,0.18000000715255737,DAD,0.021473169326782227,14272,2.3197617530822754,,,,,,,,,,
224,0.18281251192092896,0.18281251192092896,DAD,0.02149796485900879,14336,2.299335479736328,,,,,,,,,,
225,0.17906251549720764,0.18531250953674316,DAD,0.02140069007873535,14400,2.2887537479400635,0.18304687499999997,0.08164062500000001,8,1.1629027356000825,0.0625,0.03125,1,0.001171875,0.08164062500000001,0
226,0.1654687523841858,0.1654687523841858,DAD,0.021552085876464844,14464,2.2746903896331787,,,,,,,,,,
227,0.17671874165534973,0.17671874165534973,DAD,0.021319150924682617,14528,2.250783920288086,,,,,,,,,,
228,0.17625001072883606,0.17625001072883606,DAD,0.021575927734375,14592,2.2595460414886475,,,,,,,,,,
229,0.19171875715255737,0.19171875715255737,DAD,0.02151322364807129,14656,2.264065980911255,,,,,,,,,,
230,0.17765626311302185,0.17765626311302185,DAD,0.02135300636291504,14720,2.278308868408203,,,,,,,,,,
231,0.16218750178813934,0.16218750178813934,DAD,0.02141714096069336,14784,2.2581992149353027,,,,,,,,,,
232,0.18937501311302185,0.18937501311302185,DAD,0.021804094314575195,14848,2.2845253944396973,,,,,,,,,,
233,0.17343750596046448,0.17343750596046448,DAD,0.02175426483154297,14912,2.3233537673950195,,,,,,,,,,
234,0.17531248927116394,0.17531248927116394,DAD,0.021471500396728516,14976,2.333428144454956,,,,,,,,,,
235,0.17343749105930328,0.17343749105930328,DAD,0.021630048751831055,15040,2.342604160308838,,,,,,,,,,
236,0.17578125,0.17578125,DAD,0.0216367244720459,15104,2.3453755378723145,,,,,,,,,,
237,0.16968749463558197,0.16968749463558197,DAD,0.021486282348632812,15168,2.371478796005249,,,,,,,,,,
238,0.1720312535762787,0.1720312535762787,DAD,0.02123093605041504,15232,2.3247313499450684,,,,,,,,,,
239,0.18468749523162842,0.18468749523162842,DAD,0.021771907806396484,15296,2.36800217628479,,,,,,,,,,
240,0.17531248927116394,0.17531248927116394,DAD,0.021448373794555664,15360,2.3617520332336426,,,,,,,,,,
241,0.16828125715255737,0.16828125715255737,DAD,0.021371126174926758,15424,2.3725626468658447,,,,,,,,,,
242,0.17343750596046448,0.17343750596046448,DAD,0.021633148193359375,15488,2.2956113815307617,,,,,,,,,,
243,0.1589062511920929,0.1589062511920929,DAD,0.021544933319091797,15552,2.2807106971740723,,,,,,,,,,
244,0.18703123927116394,0.18703123927116394,DAD,0.02145862579345703,15616,2.3832554817199707,,,,,,,,,,
245,0.17765626311302185,0.19328126311302185,DAD,0.021317243576049805,15680,2.329051971435547,,,,,,,,,,
246,0.1795312464237213,0.1795312464237213,DAD,0.021488666534423828,15744,2.3520431518554688,,,,,,,,,,
247,0.18281251192092896,0.18281251192092896,DAD,0.0231475830078125,15808,2.3789384365081787,,,,,,,,,,
248,0.19078125059604645,0.19078125059604645,DAD,0.03724527359008789,15872,2.387749433517456,,,,,,,,,,
249,0.17906248569488525,0.17906248569488525,DAD,0.02251124382019043,15936,2.400280475616455,,,,,,,,,,
250,0.1795312464237213,0.1795312464237213,DAD,0.028064250946044922,16000,2.3902831077575684,0.18726562500000002,0.08039062500000002,13,1.3530311097040775,0.1015625,0.0234375,1,0.0007031250000000004,0.08039062500000002,0
251,0.1860937476158142,0.1860937476158142,DAD,0.02170872688293457,16064,2.4451608657836914,,,,,,,,,,
252,0.17249999940395355,0.17249999940395355,DAD,0.021239042282104492,16128,2.414931297302246,,,,,,,,,,
253,0.17624999582767487,0.17624999582767487,DAD,0.021372318267822266,16192,2.3846049308776855,,,,,,,,,,
254,0.16499999165534973,0.16499999165534973,DAD,0.021345853805541992,16256,2.32497501373291,,,,,,,,,,
255,0.18656249344348907,0.18656249344348907,DAD,0.02135634422302246,16320,2.4707741737365723,,,,,,,,,,
256,0.17812499403953552,0.17812499403953552,DAD,0.0213472843170166,16384,2.3518919944763184,,,,,,,,,,
257,0.17765626311302185,0.17765626311302185,DAD,0.0213775634765625,16448,2.390826940536499,,,,,,,,,,
258,0.16875000298023224,0.16875000298023224,DAD,0.021368980407714844,16512,2.348447322845459,,,,,,,,,,
259,0.17625001072883606,0.17625001072883606,DAD,0.02122783660888672,16576,2.302656412124634,,,,,,,,,,
260,0.17671875655651093,0.17671875655651093,DAD,0.021317481994628906,16640,2.3267822265625,,,,,,,,,,
261,0.18468749523162842,0.18468749523162842,DAD,0.021275997161865234,16704,2.3075220584869385,,,,,,,,,,
262,0.18187500536441803,0.18187500536441803,DAD,0.021556854248046875,16768,2.3032784461975098,,,,,,,,,,
263,0.17859375476837158,0.17859375476837158,DAD,0.021701335906982422,16832,2.373971939086914,,,,,,,,,,
264,0.15046875178813934,0.15046875178813934,DAD,0.02141118049621582,16896,2.4098105430603027,,,,,,,,,,
265,0.16499999165534973,0.16499999165534973,DAD,0.021467924118041992,16960,2.3477766513824463,,,,,,,,,,
266,0.18421874940395355,0.18421874940395355,DAD,0.02139115333557129,17024,2.424476385116577,,,,,,,,,,
267,0.1875,0.1875,DAD,0.0213010311126709,17088,2.47214937210083,,,,,,,,,,
268,0.19687500596046448,0.19687500596046448,DAD,0.02136373519897461,17152,2.5208699703216553,,,,,,,,,,
269,0.1771875023841858,0.1771875023841858,DAD,0.021348953247070312,17216,2.495506763458252,,,,,,,,,,
270,0.1926562488079071,0.1926562488079071,DAD,0.02159595489501953,17280,2.5264840126037598,,,,,,,,,,
271,0.18703123927116394,0.18703123927116394,DAD,0.021595001220703125,17344,2.576138496398926,,,,,,,,,,
272,0.18281249701976776,0.18281249701976776,DAD,0.021378040313720703,17408,2.56494140625,,,,,,,,,,
273,0.1795312613248825,0.1795312613248825,DAD,0.021609067916870117,17472,2.51336407661438,,,,,,,,,,
274,0.17812499403953552,0.17812499403953552,DAD,0.021323204040527344,17536,2.6111936569213867,,,,,,,,,,
275,0.1809374988079071,0.1809374988079071,DAD,0.021425247192382812,17600,2.5559847354888916,0.17929687500000002,0.078671875,7,0.9591651392795254,0.0546875,0.0390625,1,0.0011718750000000002,0.078671875,0
276,0.16875000298023224,0.16875000298023224,DAD,0.02179121971130371,17664,2.5888710021972656,,,,,,,,,,
277,0.1795312613248825,0.1795312613248825,DAD,0.02144479751586914,17728,2.5899267196655273,,,,,,,,,,
278,0.1809374988079071,0.1809374988079071,DAD,0.021549701690673828,17792,2.5884852409362793,,,,,,,,,,
279,0.1757812649011612,0.1757812649011612,DAD,0.021155834197998047,17856,2.593557834625244,,,,,,,,,,
280,0.18046876788139343,0.18046876788139343,DAD,0.0213773250579834,17920,2.591491937637329,,,,,,,,,,
281,0.15421874821186066,0.15421874821186066,DAD,0.021634340286254883,17984,2.502941370010376,,,,,,,,,,
282,0.1837500035762787,0.1837500035762787,DAD,0.021253585815429688,18048,2.5383105278015137,,,,,,,,,,
283,0.15562500059604645,0.15562500059604645,DAD,0.021511077880859375,18112,2.498070240020752,,,,,,,,,,
284,0.17625001072883606,0.17625001072883606,DAD,0.02127385139465332,18176,2.5041885375976562,,,,,,,,,,
285,0.1743749976158142,0.1743749976158142,DAD,0.02149653434753418,18240,2.3912553787231445,,,,,,,,,,
286,0.17156249284744263,0.17156249284744263,DAD,0.021429061889648438,18304,2.3186657428741455,,,,,,,,,,
287,0.18515624105930328,0.18515624105930328,DAD,0.02139139175415039,18368,2.3854458332061768,,,,,,,,,,
288,0.18000000715255737,0.18000000715255737,DAD,0.021448135375976562,18432,2.3686633110046387,,,,,,,,,,
289,0.18562498688697815,0.18562498688697815,DAD,0.021536588668823242,18496,2.384169340133667,,,,,,,,,,
290,0.18046873807907104,0.18046873807907104,DAD,0.021535396575927734,18560,2.270418167114258,,,,,,,,,,
291,0.19828125834465027,0.19828125834465027,DAD,0.021476030349731445,18624,2.37086820602417,,,,,,,,,,
292,0.1823437511920929,0.1823437511920929,DAD,0.021323204040527344,18688,2.343327760696411,,,,,,,,,,
293,0.1809374988079071,0.1809374988079071,DAD,0.02169179916381836,18752,2.389834403991699,,,,,,,,,,
294,0.1640625,0.1640625,DAD,0.021564006805419922,18816,2.3674707412719727,,,,,,,,,,
295,0.1743749976158142,0.1743749976158142,DAD,0.02140331268310547,18880,2.3738021850585938,,,,,,,,,,
296,0.18843750655651093,0.18843750655651093,DAD,0.02124929428100586,18944,2.401656150817871,,,,,,,,,,
297,0.17109376192092896,0.17109376192092896,DAD,0.021426916122436523,19008,2.39193058013916,,,,,,,,,,
298,0.18421876430511475,0.18421876430511475,DAD,0.021447181701660156,19072,2.4559521675109863,,,,,,,,,,
299,0.17671875655651093,0.17671875655651093,DAD,0.0212857723236084,19136,2.4847872257232666,,,,,,,,,,
300,0.16499999165534973,0.16499999165534973,DAD,0.021526813507080078,19200,2.4582066535949707,0.181640625,0.07164062500000001,15,1.2951999360065272,0.1171875,0.015625,1,0.00046875,0.07164062500000001,0
301,0.17156249284744263,0.17156249284744263,DAD,0.028862714767456055,19264,2.4701952934265137,,,,,,,,,,
302,0.18796873092651367,0.18796873092651367,DAD,0.03211021423339844,19328,2.5070884227752686,,,,,,,,,,
303,0.18000000715255737,0.18000000715255737,DAD,0.026673316955566406,19392,2.5166983604431152,,,,,,,,,,
304,0.17906250059604645,0.17906250059604645,DAD,0.021408796310424805,19456,2.519563674926758,,,,,,,,,,
305,0.18843750655651093,0.18843750655651093,DAD,0.02143073081970215,19520,2.5510411262512207,,,,,,,,,,
306,0.17578125,0.17578125,DAD,0.02139425277709961,19584,2.530118942260742,,,,,,,,,,
307,0.17296874523162842,0.17296874523162842,DAD,0.021323442459106445,19648,2.45004940032959,,,,,,,,,,
308,0.19500000774860382,0.19500000774860382,DAD,0.021298885345458984,19712,2.4756898880004883,,,,,,,,,,
309,0.18656250834465027,0.18656250834465027,DAD,0.021390914916992188,19776,2.449967622756958,,,,,,,,,,
310,0.19734375178813934,0.19734375178813934,DAD,0.02164435386657715,19840,2.4817123413085938,,,,,,,,,,
311,0.17859375476837158,0.17859375476837158,DAD,0.02125096321105957,19904,2.41923451423645,,,,,,,,,,
312,0.17859375476837158,0.17859375476837158,DAD,0.02126026153564453,19968,2.383565664291382,,,,,,,,,,
313,0.16593749821186066,0.16593749821186066,DAD,0.021683931350708008,20032,2.332047462463379,,,,,,,,,,
314,0.1626562476158142,0.1626562476158142,DAD,0.021570205688476562,20096,2.3307430744171143,,,,,,,,,,
315,0.16687500476837158,0.16687500476837158,DAD,0.021367549896240234,20160,2.2693862915039062,,,,,,,,,,
316,0.16640624403953552,0.16640624403953552,DAD,0.02165055274963379,20224,2.229001045227051,,,,,,,,,,
317,0.16499999165534973,0.16499999165534973,DAD,0.021596431732177734,20288,2.232635974884033,,,,,,,,,,
318,0.18046873807907104,0.18046873807907104,DAD,0.02134394645690918,20352,2.215148448944092,,,,,,,,,,
319,0.1837500035762787,0.1837500035762787,DAD,0.021292448043823242,20416,2.2786319255828857,,,,,,,,,,
320,0.16124999523162842,0.16124999523162842,DAD,0.02129364013671875,20480,2.2287936210632324,,,,,,,,,,
321,0.1837500035762787,0.1837500035762787,DAD,0.021347522735595703,20544,2.2215261459350586,,,,,,,,,,
322,0.16593749821186066,0.16593749821186066,DAD,0.021193981170654297,20608,2.2283668518066406,,,,,,,,,,
323,0.17390625178813934,0.17390625178813934,DAD,0.0212862491607666,20672,2.2951436042785645,,,,,,,,,,
324,0.18984374403953552,0.18984374403953552,DAD,0.021357297897338867,20736,2.2906718254089355,,,,,,,,,,
325,0.16828124225139618,0.16828124225139618,DAD,0.021346330642700195,20800,2.267935037612915,0.18140625,0.07453125000000001,9,0.7745381047939593,0.0703125,0.0234375,1,0.0007031250000000002,0.07453125000000001,0
326,0.17765626311302185,0.17765626311302185,DAD,0.021657943725585938,20864,2.2778797149658203,,,,,,,,,,
327,0.17906248569488525,0.17906248569488525,DAD,0.0212709903717041,20928,2.2519478797912598,,,,,,,,,,
328,0.1860937476158142,0.1860937476158142,DAD,0.02136969566345215,20992,2.3076043128967285,,,,,,,,,,
329,0.19359374046325684,0.19359374046325684,DAD,0.021328210830688477,21056,2.363846778869629,,,,,,,,,,
330,0.16828125715255737,0.16828125715255737,DAD,0.021269798278808594,21120,2.285097599029541,,,,,,,,,,
331,0.17156250774860382,0.17156250774860382,DAD,0.021425724029541016,21184,2.3382489681243896,,,,,,,,,,
332,0.18046875298023224,0.18046875298023224,DAD,0.021398305892944336,21248,2.3629703521728516,,,,,,,,,,
333,0.17296874523162842,0.17296874523162842,DAD,0.021362781524658203,21312,2.3820788860321045,,,,,,,,,,
334,0.18562501668930054,0.18562501668930054,DAD,0.021298885345458984,21376,2.3001418113708496,,,,,,,,,,
335,0.18843750655651093,0.18843750655651093,DAD,0.021640777587890625,21440,2.4313645362854004,,,,,,,,,,
336,0.16875000298023224,0.16875000298023224,DAD,0.021385669708251953,21504,2.4000930786132812,,,,,,,,,,
337,0.1626562476158142,0.1626562476158142,DAD,0.021297693252563477,21568,2.3602335453033447,,,,,,,,,,
338,0.18562500178813934,0.18562500178813934,DAD,0.021580934524536133,21632,2.3704917430877686,,,,,,,,,,
339,0.16640624403953552,0.16640624403953552,DAD,0.021507978439331055,21696,2.369441509246826,,,,,,,,,,
340,0.17015625536441803,0.17015625536441803,DAD,0.021349430084228516,21760,2.3828272819519043,,,,,,,,,,
341,0.18187499046325684,0.18187499046325684,DAD,0.02170848846435547,21824,2.409740924835205,,,,,,,,,,
342,0.19078125059604645,0.19078125059604645,DAD,0.021326780319213867,21888,2.4257256984710693,,,,,,,,,,
343,0.16875000298023224,0.17499999701976776,DAD,0.021623611450195312,21952,2.3719258308410645,,,,,,,,,,
344,0.17906250059604645,0.17906250059604645,DAD,0.021152973175048828,22016,2.4082388877868652,,,,,,,,,,
345,0.16875001788139343,0.16875001788139343,DAD,0.021332263946533203,22080,2.386030435562134,,,,,,,,,,
346,0.19171875715255737,0.19171875715255737,DAD,0.021532535552978516,22144,2.406038284301758,,,,,,,,,,
347,0.17812499403953552,0.17812499403953552,DAD,0.021394014358520508,22208,2.3837332725524902,,,,,,,,,,
348,0.18046873807907104,0.18046873807907104,DAD,0.021381139755249023,22272,2.375572443008423,,,,,,,,,,
349,0.1809374988079071,0.1809374988079071,DAD,0.021597623825073242,22336,2.46378231048584,,,,,,,,,,
350,0.17578125,0.17578125,DAD,0.021616697311401367,22400,2.4013261795043945,0.181640625,0.08101562500000001,22,1.7560188894936486,0.171875,0.0390625,1,0.0011718750000000004,0.08101562500000001,0
351,0.18656250834465027,0.18656250834465027,DAD,0.021579504013061523,22464,2.4334399700164795,,,,,,,,,,
352,0.1875,0.1875,DAD,0.02163863182067871,22528,2.5163278579711914,,,,,,,,,,
353,0.17109374701976776,0.17109374701976776,DAD,0.021375656127929688,22592,2.5070834159851074,,,,,,,,,,
354,0.17109376192092896,0.17109376192092896,DAD,0.021509885787963867,22656,2.5046744346618652,,,,,,,,,,
355,0.17765626311302185,0.17765626311302185,DAD,0.02134108543395996,22720,2.5731701850891113,,,,,,,,,,
356,0.18421874940395355,0.18421874940395355,DAD,0.021579265594482422,22784,2.4614620208740234,,,,,,,,,,
357,0.1795312464237213,0.1795312464237213,DAD,0.021335840225219727,22848,2.53662109375,,,,,,,,,,
358,0.1706250011920929,0.1706250011920929,DAD,0.021710872650146484,22912,2.464999198913574,,,,,,,,,,
359,0.19171875715255737,0.19171875715255737,DAD,0.02119755744934082,22976,2.501542091369629,,,,,,,,,,
360,0.19078125059604645,0.19078125059604645,DAD,0.02130293846130371,23040,2.5492119789123535,,,,,,,,,,
361,0.17765624821186066,0.17765624821186066,DAD,0.021320819854736328,23104,2.4805521965026855,,,,,,,,,,
362,0.16968750953674316,0.16968750953674316,DAD,0.021530628204345703,23168,2.4859018325805664,,,,,,,,,,
363,0.17671875655651093,0.17671875655651093,DAD,0.0212552547454834,23232,2.4422266483306885,,,,,,,,,,
364,0.16171875596046448,0.16171875596046448,DAD,0.021509885787963867,23296,2.505080461502075,,,,,,,,,,
365,0.17578125,0.17578125,DAD,0.021499156951904297,23360,2.492950916290283,,,,,,,,,,
366,0.17812499403953552,0.17812499403953552,DAD,0.021413087844848633,23424,2.4784669876098633,,,,,,,,,,
367,0.18984374403953552,0.18984374403953552,DAD,0.021259784698486328,23488,2.535050868988037,,,,,,,,,,
368,0.17343749105930328,0.17343749105930328,DAD,0.021216392517089844,23552,2.4167535305023193,,,,,,,,,,
369,0.1678124964237213,0.1678124964237213,DAD,0.021450281143188477,23616,2.46294903755188,,,,,,,,,,
370,0.17484375834465027,0.17484375834465027,DAD,0.021249771118164062,23680,2.397712230682373,,,,,,,,,,
371,0.1692187488079071,0.1692187488079071,DAD,0.02164292335510254,23744,2.4173386096954346,,,,,,,,,,
372,0.17625001072883606,0.17625001072883606,DAD,0.02136087417602539,23808,2.3917927742004395,,,,,,,,,,
373,0.15281249582767487,0.15281249582767487,DAD,0.021273136138916016,23872,2.3658666610717773,,,,,,,,,,
374,0.1926562637090683,0.1926562637090683,DAD,0.021388530731201172,23936,2.4735512733459473,,,,,,,,,,
375,0.17156250774860382,0.17156250774860382,DAD,0.021211624145507812,24000,2.4491167068481445,0.18046875,0.08296875000000001,6,0.608488097827622,0.046875,0.046875,1,0.0014062500000000004,0.08296875000000001,0
376,0.17249999940395355,0.17249999940395355,DAD,0.02167677879333496,24064,2.491485595703125,,,,,,,,,,
377,0.17390625178813934,0.17390625178813934,DAD,0.021363019943237305,24128,2.4422717094421387,,,,,,,,,,
378,0.16359375417232513,0.16359375417232513,DAD,0.021381139755249023,24192,2.4663519859313965,,,,,,,,,,
379,0.1809374988079071,0.1809374988079071,DAD,0.021323442459106445,24256,2.5173420906066895,,,,,,,,,,
380,0.17625001072883606,0.17625001072883606,DAD,0.02164149284362793,24320,2.527113914489746,,,,,,,,,,
381,0.18140624463558197,0.18140624463558197,DAD,0.02111983299255371,24384,2.565305709838867,,,,,,,,,,
382,0.16453124582767487,0.16453124582767487,DAD,0.021306514739990234,24448,2.4746298789978027,,,,,,,,,,
383,0.18937501311302185,0.18937501311302185,DAD,0.02147531509399414,24512,2.607954263687134,,,,,,,,,,
384,0.18140625953674316,0.18140625953674316,DAD,0.02157878875732422,24576,2.603710412979126,,,,,,,,,,
385,0.17390626668930054,0.17390626668930054,DAD,0.021371841430664062,24640,2.543571710586548,,,,,,,,,,
386,0.1860937476158142,0.1860937476158142,DAD,0.021304845809936523,24704,2.5744423866271973,,,,,,,,,,
387,0.17296874523162842,0.17296874523162842,DAD,0.021224498748779297,24768,2.588566303253174,,,,,,,,,,
388,0.17484374344348907,0.17484374344348907,DAD,0.021401405334472656,24832,2.5794031620025635,,,,,,,,,,
389,0.1795312464237213,0.1795312464237213,DAD,0.021235227584838867,24896,2.5439300537109375,,,,,,,,,,
390,0.19031250476837158,0.19031250476837158,DAD,0.021397829055786133,24960,2.499596118927002,,,,,,,,,,
391,0.18281248211860657,0.18281248211860657,DAD,0.021388769149780273,25024,2.457916259765625,,,,,,,,,,
392,0.17156249284744263,0.17156249284744263,DAD,0.021669864654541016,25088,2.572664260864258,,,,,,,,,,
393,0.17109374701976776,0.17109374701976776,DAD,0.0215606689453125,25152,2.447882890701294,,,,,,,,,,
394,0.1912499964237213,0.1912499964237213,DAD,0.021669626235961914,25216,2.487539052963257,,,,,,,,,,
395,0.18281249701976776,0.18281249701976776,DAD,0.021291494369506836,25280,2.372483253479004,,,,,,,,,,
396,0.16218750178813934,0.16218750178813934,DAD,0.02107524871826172,25344,2.3877859115600586,,,,,,,,,,
397,0.1706250011920929,0.1706250011920929,DAD,0.02155900001525879,25408,2.3957364559173584,,,,,,,,,,
398,0.18937501311302185,0.18937501311302185,DAD,0.021309375762939453,25472,2.3665637969970703,,,,,,,,,,
399,0.17390623688697815,0.17390623688697815,DAD,0.021292924880981445,25536,2.363273859024048,,,,,,,,,,
400,0.18843750655651093,0.18843750655651093,DAD,0.021324872970581055,25600,2.3941762447357178,0.18,0.08250000000000002,3,0.46993776100514667,0.0234375,0.046875,1,0.0014062500000000004,0.08250000000000002,0
401,0.17390625178813934,0.17390625178813934,DAD,0.021625518798828125,25664,2.3781518936157227,,,,,,,,,,
402,0.16640624403953552,0.16640624403953552,DAD,0.021533489227294922,25728,2.315533399581909,,,,,,,,,,
403,0.17484375834465027,0.17484375834465027,DAD,0.021396160125732422,25792,2.36698055267334,,,,,,,,,,
404,0.17484374344348907,0.17484374344348907,DAD,0.021246910095214844,25856,2.347541093826294,,,,,,,,,,
405,0.19078125059604645,0.19078125059604645,DAD,0.021445512771606445,25920,2.3783533573150635,,,,,,,,,,
406,0.17765624821186066,0.17765624821186066,DAD,0.021296977996826172,25984,2.4440619945526123,,,,,,,,,,
407,0.17671874165534973,0.17671874165534973,DAD,0.021270751953125,26048,2.4206621646881104,,,,,,,,,,
408,0.18046873807907104,0.18046873807907104,DAD,0.021372556686401367,26112,2.5088281631469727,,,,,,,,,,
409,0.17484375834465027,0.17484375834465027,DAD,0.021399497985839844,26176,2.4922890663146973,,,,,,,,,,
410,0.18046875298023224,0.18046875298023224,DAD,0.0215451717376709,26240,2.522372007369995,,,,,,,,,,
411,0.15796874463558197,0.15796874463558197,DAD,0.02140951156616211,26304,2.4563660621643066,,,,,,,,,,
412,0.17156249284744263,0.17156249284744263,DAD,0.02126002311706543,26368,2.443136215209961,,,,,,,,,,
413,0.18703123927116394,0.18703123927116394,DAD,0.02114725112915039,26432,2.443877696990967,,,,,,,,,,
414,0.18046873807907104,0.18046873807907104,DAD,0.021527767181396484,26496,2.5270912647247314,,,,,,,,,,
415,0.1860937476158142,0.1860937476158142,DAD,0.021502017974853516,26560,2.4250261783599854,,,,,,,,,,
416,0.17296874523162842,0.17296874523162842,DAD,0.021434307098388672,26624,2.4450950622558594,,,,,,,,,,
417,0.18281251192092896,0.18281251192092896,DAD,0.021258831024169922,26688,2.4376001358032227,,,,,,,,,,
418,0.1823437511920929,0.1823437511920929,DAD,0.021326303482055664,26752,2.5187575817108154,,,,,,,,,,
419,0.18328124284744263,0.18328124284744263,DAD,0.021208524703979492,26816,2.4974470138549805,,,,,,,,,,
420,0.18656249344348907,0.18656249344348907,DAD,0.0215151309967041,26880,2.5371079444885254,,,,,,,,,,
421,0.17390626668930054,0.17390626668930054,DAD,0.021365880966186523,26944,2.5239992141723633,,,,,,,,,,
422,0.17906251549720764,0.17906251549720764,DAD,0.021390914916992188,27008,2.5029282569885254,,,,,,,,,,
423,0.18515624105930328,0.18515624105930328,DAD,0.021500587463378906,27072,2.5256876945495605,,,,,,,,,,
424,0.19312500953674316,0.1993750035762787,DAD,0.021319150924682617,27136,2.473939895629883,,,,,,,,,,
425,0.17531248927116394,0.17531248927116394,DAD,0.02170562744140625,27200,2.535346031188965,0.18046874999999998,0.09078125000000001,8,1.3576112581084434,0.0625,0.0546875,0,0.002109375,1000.13765625,0
426,0.17765624821186066,0.17765624821186066,DAD,0.021715402603149414,27264,2.5151634216308594,,,,,,,,,,
427,0.1795312464237213,0.1795312464237213,DAD,0.021322011947631836,27328,2.534905195236206,,,,,,,,,,
428,0.17390626668930054,0.17390626668930054,DAD,0.021359682083129883,27392,2.5675339698791504,,,,,,,,,,
429,0.16828125715255737,0.16828125715255737,DAD,0.02120828628540039,27456,2.5733110904693604,,,,,,,,,,
430,0.18703125417232513,0.18703125417232513,DAD,0.02147817611694336,27520,2.5740392208099365,,,,,,,,,,
431,0.17859375476837158,0.17859375476837158,DAD,0.02129817008972168,27584,2.5379178524017334,,,,,,,,,,
432,0.15796875953674316,0.15796875953674316,DAD,0.021319150924682617,27648,2.583904266357422,,,,,,,,,,
433,0.1692187488079071,0.1692187488079071,DAD,0.021349191665649414,27712,2.5908079147338867,,,,,,,,,,
434,0.1940625011920929,0.1940625011920929,DAD,0.021203041076660156,27776,2.572861909866333,,,,,,,,,,
435,0.19312500953674316,0.19312500953674316,DAD,0.02125716209411621,27840,2.626220703125,,,,,,,,,,
436,0.18281251192092896,0.18281251192092896,DAD,0.02147221565246582,27904,2.6175668239593506,,,,,,,,,,
437,0.1640625,0.1640625,DAD,0.021451950073242188,27968,2.6350669860839844,,,,,,,,,,
438,0.17156249284744263,0.17156249284744263,DAD,0.021347761154174805,28032,2.6330513954162598,,,,,,,,,,
439,0.18515625596046448,0.18515625596046448,DAD,0.021380901336669922,28096,2.601330280303955,,,,,,,,,,
440,0.17531248927116394,0.17531248927116394,DAD,0.02137613296508789,28160,2.561744213104248,,,,,,,,,,
441,0.1771875023841858,0.1771875023841858,DAD,0.021248579025268555,28224,2.5856854915618896,,,,,,,,,,
442,0.19031250476837158,0.19031250476837158,DAD,0.021304845809936523,28288,2.578450918197632,,,,,,,,,,
443,0.16499999165534973,0.16499999165534973,DAD,0.021341562271118164,28352,2.5128989219665527,,,,,,,,,,
444,0.16500000655651093,0.16500000655651093,DAD,0.021486282348632812,28416,2.5076732635498047,,,,,,,,,,
445,0.1809374988079071,0.1809374988079071,DAD,0.02155756950378418,28480,2.56860613822937,,,,,,,,,,
446,0.17109376192092896,0.17109376192092896,DAD,0.0214083194732666,28544,2.5045113563537598,,,,,,,,,,
447,0.17765626311302185,0.17765626311302185,DAD,0.02137589454650879,28608,2.513681650161743,,,,,,,,,,
448,0.17156250774860382,0.17156250774860382,DAD,0.0212857723236084,28672,2.6403563022613525,,,,,,,,,,
449,0.1729687601327896,0.1729687601327896,DAD,0.021501541137695312,28736,2.524981737136841,,,,,,,,,,
450,0.1771875023841858,0.1771875023841858,DAD,0.021278858184814453,28800,2.4857521057128906,0.1790625,0.07843750000000002,7,0.9283557100155461,0.0546875,0.0390625,1,0.0011718750000000002,0.07843750000000002,0
451,0.18796876072883606,0.18796876072883606,DAD,0.021586179733276367,28864,2.512795925140381,,,,,,,,,,
452,0.19171875715255737,0.19171875715255737,DAD,0.0214235782623291,28928,2.5434799194335938,,,,,,,,,,
453,0.17343750596046448,0.17343750596046448,DAD,0.021347761154174805,28992,2.463571071624756,,,,,,,,,,
454,0.18000000715255737,0.18000000715255737,DAD,0.021408796310424805,29056,2.479647636413574,,,,,,,,,,
455,0.17343750596046448,0.17343750596046448,DAD,0.021451234817504883,29120,2.4204962253570557,,,,,,,,,,
456,0.19828125834465027,0.19828125834465027,DAD,0.021364688873291016,29184,2.488985061645508,,,,,,,,,,
457,0.16875000298023224,0.16875000298023224,DAD,0.0214993953704834,29248,2.4318723678588867,,,,,,,,,,
458,0.18656249344348907,0.18656249344348907,DAD,0.02149796485900879,29312,2.4777371883392334,,,,,,,,,,
459,0.17812499403953552,0.17812499403953552,DAD,0.02144336700439453,29376,2.443314552307129,,,,,,,,,,
460,0.19499999284744263,0.19499999284744263,DAD,0.02129220962524414,29440,2.4838509559631348,,,,,,,,,,
461,0.1678124964237213,0.1678124964237213,DAD,0.021310806274414062,29504,2.5089802742004395,,,,,,,,,,
462,0.17390625178813934,0.17390625178813934,DAD,0.021181821823120117,29568,2.4819231033325195,,,,,,,,,,
463,0.1837500035762787,0.1837500035762787,DAD,0.021199703216552734,29632,2.4946420192718506,,,,,,,,,,
464,0.18000000715255737,0.18000000715255737,DAD,0.021221637725830078,29696,2.5364999771118164,,,,,,,,,,
465,0.17578125,0.17578125,DAD,0.021234750747680664,29760,2.3931877613067627,,,,,,,,,,
466,0.1912499964237213,0.1912499964237213,DAD,0.021414995193481445,29824,2.4904890060424805,,,,,,,,,,
467,0.18843749165534973,0.18843749165534973,DAD,0.02131509780883789,29888,2.580142021179199,,,,,,,,,,
468,0.18187499046325684,0.18187499046325684,DAD,0.021408796310424805,29952,2.4762070178985596,,,,,,,,,,
469,0.19031250476837158,0.19031250476837158,DAD,0.02130270004272461,30016,2.5947437286376953,,,,,,,,,,
470,0.18703126907348633,0.18703126907348633,DAD,0.021298885345458984,30080,2.5198111534118652,,,,,,,,,,
471,0.1795312464237213,0.1795312464237213,DAD,0.021387577056884766,30144,2.6038870811462402,,,,,,,,,,
472,0.16593751311302185,0.16593751311302185,DAD,0.021217823028564453,30208,2.56731915473938,,,,,,,,,,
473,0.1837500035762787,0.1837500035762787,DAD,0.0213468074798584,30272,2.5329487323760986,,,,,,,,,,
474,0.16453124582767487,0.16453124582767487,DAD,0.02128887176513672,30336,2.584402322769165,,,,,,,,,,
475,0.1860937476158142,0.1860937476158142,DAD,0.021465301513671875,30400,2.513089418411255,0.180234375,0.085078125,20,1.8312283340762048,0.15625,0.046875,1,0.0016406250000000004,0.085078125,0
476,0.17906250059604645,0.17906250059604645,DAD,0.021732330322265625,30464,2.495495557785034,,,,,,,,,,
477,0.17812500894069672,0.17812500894069672,DAD,0.021236181259155273,30528,2.480759620666504,,,,,,,,,,
478,0.17671874165534973,0.17671874165534973,DAD,0.021263599395751953,30592,2.4354302883148193,,,,,,,,,,
479,0.17390625178813934,0.17390625178813934,DAD,0.021478652954101562,30656,2.392413854598999,,,,,,,,,,
480,0.1889062523841858,0.1889062523841858,DAD,0.021439075469970703,30720,2.4082727432250977,,,,,,,,,,
481,0.16453126072883606,0.16453126072883606,DAD,0.02144622802734375,30784,2.2914347648620605,,,,,,,,,,
482,0.16593751311302185,0.16593751311302185,DAD,0.021260976791381836,30848,2.368544578552246,,,,,,,,,,
483,0.18046873807907104,0.18046873807907104,DAD,0.02140212059020996,30912,2.254976749420166,,,,,,,,,,
484,0.17015624046325684,0.17015624046325684,DAD,0.02128148078918457,30976,2.217212677001953,,,,,,,,,,
485,0.18656250834465027,0.18656250834465027,DAD,0.021166563034057617,31040,2.2365798950195312,,,,,,,,,,
486,0.16453124582767487,0.16453124582767487,DAD,0.021495819091796875,31104,2.1747379302978516,,,,,,,,,,
487,0.18562500178813934,0.18562500178813934,DAD,0.021489620208740234,31168,2.2985029220581055,,,,,,,,,,
488,0.1640625,0.1640625,DAD,0.02146625518798828,31232,2.183331251144409,,,,,,,,,,
489,0.17531250417232513,0.17531250417232513,DAD,0.021459579467773438,31296,2.1975324153900146,,,,,,,,,,
490,0.18843749165534973,0.18843749165534973,DAD,0.021481990814208984,31360,2.218416452407837,,,,,,,,,,
491,0.17531250417232513,0.17531250417232513,DAD,0.021216869354248047,31424,2.241037607192993,,,,,,,,,,
492,0.1771875023841858,0.1771875023841858,DAD,0.02150893211364746,31488,2.297896385192871,,,,,,,,,,
493,0.18562501668930054,0.18562501668930054,DAD,0.0214231014251709,31552,2.334500312805176,,,,,,,,,,
494,0.16593749821186066,0.16593749821186066,DAD,0.0215456485748291,31616,2.337780475616455,,,,,,,,,,
495,0.18468749523162842,0.18468749523162842,DAD,0.021267414093017578,31680,2.435255289077759,,,,,,,,,,
496,0.1654687523841858,0.1654687523841858,DAD,0.021561145782470703,31744,2.4007351398468018,,,,,,,,,,
497,0.18140625953674316,0.18140625953674316,DAD,0.021367549896240234,31808,2.462106227874756,,,,,,,,,,
498,0.16875000298023224,0.16875000298023224,DAD,0.021544694900512695,31872,2.4698994159698486,,,,,,,,,,
499,0.1860937476158142,0.1860937476158142,DAD,0.021361827850341797,31936,2.562532424926758,,,,,,,,,,
500,0.18328124284744263,0.18328124284744263,DAD,0.021238327026367188,32000,2.4193174839019775,0.185859375,0.07273437500000002,40,2.7452166555955038,0.3125,0.0078125,1,0.000234375,0.07273437500000002,1
501,0.1678125113248825,0.1678125113248825,DAD,0.021753311157226562,32064,2.497375965118408,,,,,,,,,,
502,0.18937499821186066,0.18937499821186066,DAD,0.02155160903930664,32128,2.510834217071533,,,,,,,,,,
503,0.19218750298023224,0.19218750298023224,DAD,0.02155303955078125,32192,2.6297035217285156,,,,,,,,,,
504,0.1743749976158142,0.1743749976158142,DAD,0.021244525909423828,32256,2.5777502059936523,,,,,,,,,,
505,0.1743750125169754,0.1743750125169754,DAD,0.02137136459350586,32320,2.5598974227905273,,,,,,,,,,
506,0.17109374701976776,0.17109374701976776,DAD,0.02133011817932129,32384,2.5584654808044434,,,,,,,,,,
507,0.18046876788139343,0.18046876788139343,DAD,0.02130579948425293,32448,2.497755765914917,,,,,,,,,,
508,0.16874998807907104,0.16874998807907104,DAD,0.02130579948425293,32512,2.586822509765625,,,,,,,,,,
509,0.1954687535762787,0.1954687535762787,DAD,0.021358966827392578,32576,2.6376538276672363,,,,,,,,,,
510,0.16874998807907104,0.16874998807907104,DAD,0.021297454833984375,32640,2.5336191654205322,,,,,,,,,,
511,0.18468749523162842,0.18468749523162842,DAD,0.021738290786743164,32704,2.6568758487701416,,,,,,,,,,
512,0.17343750596046448,0.17343750596046448,DAD,0.02121591567993164,32768,2.6877872943878174,,,,,,,,,,
513,0.18140625953674316,0.18140625953674316,DAD,0.02165699005126953,32832,2.697469711303711,,,,,,,,,,
514,0.2006250023841858,0.2006250023841858,DAD,0.02137470245361328,32896,2.715329170227051,,,,,,,,,,
515,0.1809374988079071,0.1809374988079071,DAD,0.021157026290893555,32960,2.637798547744751,,,,,,,,,,
516,0.1795312464237213,0.1795312464237213,DAD,0.021350622177124023,33024,2.696054458618164,,,,,,,,,,
517,0.1771875023841858,0.1771875023841858,DAD,0.02150130271911621,33088,2.6572988033294678,,,,,,,,,,
518,0.19968751072883606,0.19968751072883606,DAD,0.021142244338989258,33152,2.681225299835205,,,,,,,,,,
519,0.17859375476837158,0.17859375476837158,DAD,0.021231889724731445,33216,2.669386863708496,,,,,,,,,,
520,0.17765624821186066,0.17765624821186066,DAD,0.021139860153198242,33280,2.6317343711853027,,,,,,,,,,
521,0.19171875715255737,0.19171875715255737,DAD,0.02134394645690918,33344,2.552039861679077,,,,,,,,,,
522,0.1706250011920929,0.1706250011920929,DAD,0.02133941650390625,33408,2.502317190170288,,,,,,,,,,
523,0.18140624463558197,0.18140624463558197,DAD,0.02138829231262207,33472,2.5333313941955566,,,,,,,,,,
524,0.1692187488079071,0.1692187488079071,DAD,0.02125692367553711,33536,2.5824642181396484,,,,,,,,,,
525,0.17296874523162842,0.17296874523162842,DAD,0.021404504776000977,33600,2.472203493118286,0.1790625,0.08390625000000002,17,1.9615052009304301,0.1328125,0.046875,1,0.001640625,0.08390625000000002,0
526,0.1678124964237213,0.1678124964237213,DAD,0.021603822708129883,33664,2.468785285949707,,,,,,,,,,
527,0.1729687601327896,0.1729687601327896,DAD,0.02138042449951172,33728,2.4926607608795166,,,,,,,,,,
528,0.16968750953674316,0.16968750953674316,DAD,0.021563291549682617,33792,2.574624538421631,,,,,,,,,,
529,0.1692187488079071,0.1692187488079071,DAD,0.021202802658081055,33856,2.530334711074829,,,,,,,,,,
530,0.18281249701976776,0.18281249701976776,DAD,0.021492958068847656,33920,2.5229711532592773,,,,,,,,,,
531,0.17906251549720764,0.17906251549720764,DAD,0.021487712860107422,33984,2.4722700119018555,,,,,,,,,,
532,0.1809374988079071,0.1809374988079071,DAD,0.021619796752929688,34048,2.4334819316864014,,,,,,,,,,
533,0.1457812488079071,0.1457812488079071,DAD,0.02155303955078125,34112,2.4376449584960938,,,,,,,,,,
534,0.17249999940395355,0.17249999940395355,DAD,0.021378755569458008,34176,2.4575576782226562,,,,,,,,,,
535,0.17484374344348907,0.17484374344348907,DAD,0.0214540958404541,34240,2.438765287399292,,,,,,,,,,
536,0.1809374988079071,0.1809374988079071,DAD,0.02135944366455078,34304,2.4960880279541016,,,,,,,,,,
537,0.17109374701976776,0.17109374701976776,DAD,0.021260499954223633,34368,2.4914278984069824,,,,,,,,,,
538,0.17531248927116394,0.17531248927116394,DAD,0.021239280700683594,34432,2.502011299133301,,,,,,,,,,
539,0.17906250059604645,0.17906250059604645,DAD,0.021512269973754883,34496,2.4942352771759033,,,,,,,,,,
540,0.17906250059604645,0.17906250059604645,DAD,0.021573543548583984,34560,2.4877066612243652,,,,,,,,,,
541,0.18328125774860382,0.18328125774860382,DAD,0.021288633346557617,34624,2.455698013305664,,,,,,,,,,
542,0.19359375536441803,0.19359375536441803,DAD,0.021313905715942383,34688,2.5278661251068115,,,,,,,,,,
543,0.1795312464237213,0.1795312464237213,DAD,0.021200895309448242,34752,2.461825370788574,,,,,,,,,,
544,0.1720312535762787,0.1720312535762787,DAD,0.021372318267822266,34816,2.500974655151367,,,,,,,,,,
545,0.1912499964237213,0.1912499964237213,DAD,0.021338224411010742,34880,2.5928306579589844,,,,,,,,,,
546,0.18984374403953552,0.18984374403953552,DAD,0.021351099014282227,34944,2.552335262298584,,,,,,,,,,
547,0.1706250011920929,0.1706250011920929,DAD,0.02133965492248535,35008,2.575794219970703,,,,,,,,,,
548,0.1940625011920929,0.1940625011920929,DAD,0.021232128143310547,35072,2.5755105018615723,,,,,,,,,,
549,0.17109374701976776,0.17109374701976776,DAD,0.021304845809936523,35136,2.5978026390075684,,,,,,,,,,
550,0.18703125417232513,0.18703125417232513,DAD,0.021261930465698242,35200,2.5914883613586426,0.1790625,0.07218750000000002,17,1.7610223760304815,0.1328125,0.0234375,1,0.0007031250000000002,0.07218750000000002,0
551,0.18703125417232513,0.18703125417232513,DAD,0.021630287170410156,35264,2.6874828338623047,,,,,,,,,,
552,0.17109376192092896,0.17109376192092896,DAD,0.021452665328979492,35328,2.6326444149017334,,,,,,,,,,
553,0.17390623688697815,0.17390623688697815,DAD,0.021387577056884766,35392,2.5784432888031006,,,,,,,,,,
554,0.17765626311302185,0.17765626311302185,DAD,0.02150559425354004,35456,2.5867795944213867,,,,,,,,,,
555,0.16640624403953552,0.16640624403953552,DAD,0.021745681762695312,35520,2.6007609367370605,,,,,,,,,,
556,0.19453126192092896,0.19453126192092896,DAD,0.021536827087402344,35584,2.6545822620391846,,,,,,,,,,
557,0.18140625953674316,0.18140625953674316,DAD,0.02137470245361328,35648,2.642199993133545,,,,,,,,,,
558,0.18187500536441803,0.18187500536441803,DAD,0.021538496017456055,35712,2.6708455085754395,,,,,,,,,,
559,0.16078126430511475,0.16078126430511475,DAD,0.021619796752929688,35776,2.725804328918457,,,,,,,,,,
560,0.1720312535762787,0.1720312535762787,DAD,0.021274805068969727,35840,2.721262216567993,,,,,,,,,,
561,0.16968750953674316,0.16968750953674316,DAD,0.021341323852539062,35904,2.6816649436950684,,,,,,,,,,
562,0.18796876072883606,0.19890624284744263,DAD,0.021328449249267578,35968,2.679076671600342,,,,,,,,,,
563,0.1729687601327896,0.1729687601327896,DAD,0.021213531494140625,36032,2.7110490798950195,,,,,,,,,,
564,0.17531248927116394,0.17531248927116394,DAD,0.021384716033935547,36096,2.591261386871338,,,,,,,,,,
565,0.17812499403953552,0.17812499403953552,DAD,0.02122187614440918,36160,2.5532495975494385,,,,,,,,,,
566,0.16500000655651093,0.16500000655651093,DAD,0.021234750747680664,36224,2.5940747261047363,,,,,,,,,,
567,0.17625001072883606,0.17625001072883606,DAD,0.02135634422302246,36288,2.515221118927002,,,,,,,,,,
568,0.19171875715255737,0.19171875715255737,DAD,0.021552562713623047,36352,2.506157875061035,,,,,,,,,,
569,0.15937501192092896,0.15937501192092896,DAD,0.021557092666625977,36416,2.581843852996826,,,,,,,,,,
570,0.16734375059604645,0.16734375059604645,DAD,0.021274566650390625,36480,2.4903993606567383,,,,,,,,,,
571,0.17531248927116394,0.17531248927116394,DAD,0.02158045768737793,36544,2.511903762817383,,,,,,,,,,
572,0.18562500178813934,0.18562500178813934,DAD,0.021321773529052734,36608,2.402925491333008,,,,,,,,,,
573,0.16875000298023224,0.16875000298023224,DAD,0.02151012420654297,36672,2.4750800132751465,,,,,,,,,,
574,0.1471875011920929,0.1471875011920929,DAD,0.021296024322509766,36736,2.4525766372680664,,,,,,,,,,
575,0.18656250834465027,0.18656250834465027,DAD,0.02132439613342285,36800,2.391446828842163,0.18,0.07312500000000001,16,1.6157578608456302,0.125,0.0234375,1,0.0007031250000000002,0.07312500000000001,0
576,0.1795312464237213,0.1795312464237213,DAD,0.021551132202148438,36864,2.2928519248962402,,,,,,,,,,
577,0.18281251192092896,0.18281251192092896,DAD,0.02119588851928711,36928,2.3671514987945557,,,,,,,,,,
578,0.1823437511920929,0.1823437511920929,DAD,0.021367788314819336,36992,2.322232723236084,,,,,,,,,,
579,0.16875000298023224,0.16875000298023224,DAD,0.021630287170410156,37056,2.2850937843322754,,,,,,,,,,
580,0.18562500178813934,0.18562500178813934,DAD,0.021299123764038086,37120,2.302259683609009,,,,,,,,,,
581,0.18281251192092896,0.18281251192092896,DAD,0.021320104598999023,37184,2.3085174560546875,,,,,,,,,,
582,0.16968750953674316,0.16968750953674316,DAD,0.021463394165039062,37248,2.414163112640381,,,,,,,,,,
583,0.16593751311302185,0.16593751311302185,DAD,0.021651268005371094,37312,2.3887081146240234,,,,,,,,,,
584,0.18515625596046448,0.18515625596046448,DAD,0.02155017852783203,37376,2.353436231613159,,,,,,,,,,
585,0.17765626311302185,0.17765626311302185,DAD,0.02131962776184082,37440,2.3389880657196045,,,,,,,,,,
586,0.1889062523841858,0.1889062523841858,DAD,0.021358728408813477,37504,2.3589727878570557,,,,,,,,,,
587,0.1795312464237213,0.1795312464237213,DAD,0.021427631378173828,37568,2.408440351486206,,,,,,,,,,
588,0.1771875023841858,0.1771875023841858,DAD,0.021422863006591797,37632,2.3909659385681152,,,,,,,,,,
589,0.17390626668930054,0.17390626668930054,DAD,0.021338462829589844,37696,2.466370105743408,,,,,,,,,,
590,0.17812499403953552,0.17812499403953552,DAD,0.021218061447143555,37760,2.391423225402832,,,,,,,,,,
591,0.17624999582767487,0.17624999582767487,DAD,0.0213472843170166,37824,2.4703993797302246,,,,,,,,,,
592,0.1837500035762787,0.1837500035762787,DAD,0.021283626556396484,37888,2.503720760345459,,,,,,,,,,
593,0.17390626668930054,0.17390626668930054,DAD,0.02132391929626465,37952,2.5706610679626465,,,,,,,,,,
594,0.16640625894069672,0.16640625894069672,DAD,0.02135491371154785,38016,2.4313478469848633,,,,,,,,,,
595,0.1875,0.1875,DAD,0.021477460861206055,38080,2.5716640949249268,,,,,,,,,,
596,0.17812500894069672,0.17812500894069672,DAD,0.02118515968322754,38144,2.5222396850585938,,,,,,,,,,
597,0.18656250834465027,0.18656250834465027,DAD,0.02125382423400879,38208,2.531163454055786,,,,,,,,,,
598,0.17250001430511475,0.17250001430511475,DAD,0.021337270736694336,38272,2.628387928009033,,,,,,,,,,
599,0.18281249701976776,0.18281249701976776,DAD,0.02124786376953125,38336,2.6268110275268555,,,,,,,,,,
600,0.1860937625169754,0.1860937625169754,DAD,0.021138906478881836,38400,2.650064468383789,0.181640625,0.07164062500000001,35,2.943424973369923,0.2734375,0.015625,1,0.0004687500000000002,0.07164062500000001,1
601,0.16500000655651093,0.16500000655651093,DAD,0.021738767623901367,38464,2.6034278869628906,,,,,,,,,,
602,0.1823437511920929,0.1823437511920929,DAD,0.021564006805419922,38528,2.673227548599243,,,,,,,,,,
603,0.1926562488079071,0.1926562488079071,DAD,0.021587610244750977,38592,2.678168535232544,,,,,,,,,,
604,0.18562500178813934,0.18562500178813934,DAD,0.02132248878479004,38656,2.7079007625579834,,,,,,,,,,
605,0.1837500035762787,0.1837500035762787,DAD,0.021184444427490234,38720,2.648897171020508,,,,,,,,,,
606,0.18515624105930328,0.18515624105930328,DAD,0.021343231201171875,38784,2.7547190189361572,,,,,,,,,,
607,0.17343750596046448,0.17343750596046448,DAD,0.021299362182617188,38848,2.6930625438690186,,,,,,,,,,
608,0.17156249284744263,0.17156249284744263,DAD,0.021333932876586914,38912,2.736224889755249,,,,,,,,,,
609,0.1720312535762787,0.1720312535762787,DAD,0.02163529396057129,38976,2.6807498931884766,,,,,,,,,,
610,0.17625001072883606,0.17625001072883606,DAD,0.021260499954223633,39040,2.6402344703674316,,,,,,,,,,
611,0.1743749976158142,0.1743749976158142,DAD,0.021312713623046875,39104,2.6295175552368164,,,,,,,,,,
612,0.19218750298023224,0.19218750298023224,DAD,0.021317481994628906,39168,2.6273396015167236,,,,,,,,,,
613,0.17812499403953552,0.17812499403953552,DAD,0.021791696548461914,39232,2.6411497592926025,,,,,,,,,,
614,0.19218750298023224,0.19218750298023224,DAD,0.021401643753051758,39296,2.674941301345825,,,,,,,,,,
615,0.18515625596046448,0.18515625596046448,DAD,0.021510601043701172,39360,2.7136855125427246,,,,,,,,,,
616,0.18281251192092896,0.18281251192092896,DAD,0.021495819091796875,39424,2.679985284805298,,,,,,,,,,
617,0.17999999225139618,0.17999999225139618,DAD,0.02139592170715332,39488,2.7464184761047363,,,,,,,,,,
618,0.18421874940395355,0.18421874940395355,DAD,0.021411657333374023,39552,2.7212212085723877,,,,,,,,,,
619,0.17531248927116394,0.17531248927116394,DAD,0.021408557891845703,39616,2.6511449813842773,,,,,,,,,,
620,0.17812500894069672,0.17812500894069672,DAD,0.021368741989135742,39680,2.770597457885742,,,,,,,,,,
621,0.17812499403953552,0.17812499403953552,DAD,0.021315574645996094,39744,2.726259708404541,,,,,,,,,,
622,0.18000000715255737,0.18000000715255737,DAD,0.021424055099487305,39808,2.681981325149536,,,,,,,,,,
623,0.18140625953674316,0.18140625953674316,DAD,0.02130293846130371,39872,2.6577348709106445,,,,,,,,,,
624,0.1875,0.1875,DAD,0.02147960662841797,39936,2.6496174335479736,,,,,,,,,,
625,0.16593749821186066,0.16593749821186066,DAD,0.021235227584838867,40000,2.6791036128997803,0.1875,0.074375,38,3.0027317014800867,0.296875,0.0078125,1,0.000234375,0.074375,1
626,0.19171875715255737,0.19171875715255737,DAD,0.021468639373779297,40064,2.6954832077026367,,,,,,,,,,
627,0.1743750125169754,0.1743750125169754,DAD,0.021323442459106445,40128,2.6141724586486816,,,,,,,,,,
628,0.18000000715255737,0.18000000715255737,DAD,0.021338939666748047,40192,2.6362862586975098,,,,,,,,,,
629,0.17390625178813934,0.17390625178813934,DAD,0.02147388458251953,40256,2.6440296173095703,,,,,,,,,,
630,0.17156249284744263,0.17156249284744263,DAD,0.021235227584838867,40320,2.6519181728363037,,,,,,,,,,
631,0.18328124284744263,0.18328124284744263,DAD,0.02147388458251953,40384,2.587592124938965,,,,,,,,,,
632,0.16359375417232513,0.16359375417232513,DAD,0.021281719207763672,40448,2.5775949954986572,,,,,,,,,,
633,0.16687500476837158,0.16687500476837158,DAD,0.021282196044921875,40512,2.5149450302124023,,,,,,,,,,
634,0.17109374701976776,0.17109374701976776,DAD,0.021304845809936523,40576,2.637209177017212,,,,,,,,,,
635,0.1809375137090683,0.1809375137090683,DAD,0.021317243576049805,40640,2.5983433723449707,,,,,,,,,,
636,0.18937501311302185,0.18937501311302185,DAD,0.02174067497253418,40704,2.5679712295532227,,,,,,,,,,
637,0.18328125774860382,0.18328125774860382,DAD,0.021464824676513672,40768,2.5031723976135254,,,,,,,,,,
638,0.16593749821186066,0.16593749821186066,DAD,0.021520137786865234,40832,2.5316693782806396,,,,,,,,,,
639,0.18046873807907104,0.18046873807907104,DAD,0.02137136459350586,40896,2.5624773502349854,,,,,,,,,,
640,0.1771875023841858,0.1771875023841858,DAD,0.02153325080871582,40960,2.5924386978149414,,,,,,,,,,
641,0.18796874582767487,0.18796874582767487,DAD,0.021322011947631836,41024,2.4587690830230713,,,,,,,,,,
642,0.1678124964237213,0.1678124964237213,DAD,0.021465778350830078,41088,2.555222511291504,,,,,,,,,,
643,0.17109373211860657,0.17109373211860657,DAD,0.02140212059020996,41152,2.517195224761963,,,,,,,,,,
644,0.1940625011920929,0.1940625011920929,DAD,0.02126169204711914,41216,2.522517204284668,,,,,,,,,,
645,0.16593749821186066,0.16593749821186066,DAD,0.021460771560668945,41280,2.594722270965576,,,,,,,,,,
646,0.1654687523841858,0.1654687523841858,DAD,0.02155303955078125,41344,2.564639091491699,,,,,,,,,,
647,0.17859375476837158,0.17859375476837158,DAD,0.021323442459106445,41408,2.4279732704162598,,,,,,,,,,
648,0.17578125,0.17578125,DAD,0.021500587463378906,41472,2.56266713142395,,,,,,,,,,
649,0.1837500035762787,0.1837500035762787,DAD,0.021232128143310547,41536,2.4135513305664062,,,,,,,,,,
650,0.15187501907348633,0.15187501907348633,DAD,0.0214998722076416,41600,2.535283327102661,0.18281250000000002,0.07593750000000002,26,2.644030431470604,0.203125,0.0234375,1,0.000703125,0.07593750000000002,0
651,0.15421876311302185,0.15421876311302185,DAD,0.021667957305908203,41664,2.4726223945617676,,,,,,,,,,
652,0.1678124964237213,0.1678124964237213,DAD,0.021270751953125,41728,2.494249105453491,,,,,,,,,,
653,0.18796876072883606,0.18796876072883606,DAD,0.021287918090820312,41792,2.5702216625213623,,,,,,,,,,
654,0.15843750536441803,0.15843750536441803,DAD,0.02130413055419922,41856,2.581401824951172,,,,,,,,,,
655,0.16640624403953552,0.16640624403953552,DAD,0.02160811424255371,41920,2.5131583213806152,,,,,,,,,,
656,0.17484375834465027,0.17484375834465027,DAD,0.021396875381469727,41984,2.439657211303711,,,,,,,,,,
657,0.18843749165534973,0.18843749165534973,DAD,0.02140331268310547,42048,2.553126811981201,,,,,,,,,,
658,0.1795312613248825,0.1795312613248825,DAD,0.021419763565063477,42112,2.561307907104492,,,,,,,,,,
659,0.17156249284744263,0.17156249284744263,DAD,0.02131056785583496,42176,2.5107388496398926,,,,,,,,,,
660,0.18000000715255737,0.18000000715255737,DAD,0.021375656127929688,42240,2.558448076248169,,,,,,,,,,
661,0.1771875023841858,0.1771875023841858,DAD,0.021411895751953125,42304,2.578721523284912,,,,,,,,,,
662,0.18140625953674316,0.18140625953674316,DAD,0.02131199836730957,42368,2.701725959777832,,,,,,,,,,
663,0.1603125035762787,0.1603125035762787,DAD,0.021686792373657227,42432,2.5271944999694824,,,,,,,,,,
664,0.19031250476837158,0.19031250476837158,DAD,0.02126288414001465,42496,2.594200372695923,,,,,,,,,,
665,0.18656250834465027,0.18656250834465027,DAD,0.02135610580444336,42560,2.66664981842041,,,,,,,,,,
666,0.1889062523841858,0.20921874046325684,DAD,0.02149653434753418,42624,2.534247875213623,,,,,,,,,,
667,0.1729687601327896,0.1729687601327896,DAD,0.021355390548706055,42688,2.64892840385437,,,,,,,,,,
668,0.19359377026557922,0.19359377026557922,DAD,0.021297693252563477,42752,2.611696720123291,,,,,,,,,,
669,0.17999999225139618,0.17999999225139618,DAD,0.02129673957824707,42816,2.5277020931243896,,,,,,,,,,
670,0.18046875298023224,0.18046875298023224,DAD,0.021269798278808594,42880,2.5652594566345215,,,,,,,,,,
671,0.17859375476837158,0.17859375476837158,DAD,0.021260976791381836,42944,2.4826483726501465,,,,,,,,,,
672,0.19593749940395355,0.19593749940395355,DAD,0.021317243576049805,43008,2.530133008956909,,,,,,,,,,
673,0.17812499403953552,0.17812499403953552,DAD,0.021491050720214844,43072,2.535296678543091,,,,,,,,,,
674,0.16828124225139618,0.16828124225139618,DAD,0.021388530731201172,43136,2.4700419902801514,,,,,,,,,,
675,0.19593748450279236,0.19593748450279236,DAD,0.021342754364013672,43200,2.509270191192627,0.182578125,0.08351562500000001,19,2.2105087150219997,0.1484375,0.03125,1,0.00140625,0.08351562500000001,0
676,0.16875000298023224,0.16875000298023224,DAD,0.021593570709228516,43264,2.445880889892578,,,,,,,,,,
677,0.1795312464237213,0.1795312464237213,DAD,0.02137613296508789,43328,2.4853787422180176,,,,,,,,,,
678,0.1706250011920929,0.1706250011920929,DAD,0.0215456485748291,43392,2.4458422660827637,,,,,,,,,,
679,0.16828124225139618,0.16828124225139618,DAD,0.021372079849243164,43456,2.4635443687438965,,,,,,,,,,
680,0.19968749582767487,0.19968749582767487,DAD,0.02169966697692871,43520,2.45053768157959,,,,,,,,,,
681,0.17296874523162842,0.17296874523162842,DAD,0.021621227264404297,43584,2.483920097351074,,,,,,,,,,
682,0.18281251192092896,0.18281251192092896,DAD,0.021474123001098633,43648,2.4870402812957764,,,,,,,,,,
683,0.1771875023841858,0.1771875023841858,DAD,0.021562814712524414,43712,2.4109368324279785,,,,,,,,,,
684,0.15984374284744263,0.15984374284744263,DAD,0.0213472843170166,43776,2.3942909240722656,,,,,,,,,,
685,0.17625001072883606,0.17625001072883606,DAD,0.021637439727783203,43840,2.480447292327881,,,,,,,,,,
686,0.17625001072883606,0.17625001072883606,DAD,0.02137017250061035,43904,2.493279457092285,,,,,,,,,,
687,0.1795312464237213,0.1795312464237213,DAD,0.021388530731201172,43968,2.5698599815368652,,,,,,,,,,
688,0.1846875101327896,0.1846875101327896,DAD,0.021425962448120117,44032,2.507005453109741,,,,,,,,,,
689,0.17906250059604645,0.17906250059604645,DAD,0.021623849868774414,44096,2.403933525085449,,,,,,,,,,
690,0.17390623688697815,0.17390623688697815,DAD,0.02165508270263672,44160,2.5849995613098145,,,,,,,,,,
691,0.1823437511920929,0.1823437511920929,DAD,0.021669864654541016,44224,2.543262243270874,,,,,,,,,,
692,0.17109374701976776,0.17109374701976776,DAD,0.021240234375,44288,2.5279688835144043,,,,,,,,,,
693,0.16968750953674316,0.16968750953674316,DAD,0.0213773250579834,44352,2.547295570373535,,,,,,,,,,
694,0.18843750655651093,0.18843750655651093,DAD,0.02135777473449707,44416,2.54689359664917,,,,,,,,,,
695,0.18421874940395355,0.18421874940395355,DAD,0.02138829231262207,44480,2.5799758434295654,,,,,,,,,,
696,0.20343750715255737,0.20343750715255737,DAD,0.02144145965576172,44544,2.550654172897339,,,,,,,,,,
697,0.19921875,0.19921875,DAD,0.021594524383544922,44608,2.6065046787261963,,,,,,,,,,
698,0.1978124976158142,0.1978124976158142,DAD,0.021483182907104492,44672,2.648824691772461,,,,,,,,,,
699,0.19031250476837158,0.19031250476837158,DAD,0.021427631378173828,44736,2.6825215816497803,,,,,,,,,,
700,0.1860937476158142,0.1860937476158142,DAD,0.021699190139770508,44800,2.5529866218566895,0.18656250000000002,0.09687500000000002,29,2.5116511669305424,0.2265625,0.0546875,0,0.002109375,1000.14375,0
701,0.1809374988079071,0.1809374988079071,DAD,0.021721839904785156,44864,2.5781729221343994,,,,,,,,,,
702,0.17812499403953552,0.17812499403953552,DAD,0.02161860466003418,44928,2.5546886920928955,,,,,,,,,,
703,0.17531248927116394,0.17531248927116394,DAD,0.02146744728088379,44992,2.57871150970459,,,,,,,,,,
704,0.18656250834465027,0.18656250834465027,DAD,0.021339893341064453,45056,2.662848472595215,,,,,,,,,,
705,0.16640624403953552,0.16640624403953552,DAD,0.021761417388916016,45120,2.6227898597717285,,,,,,,,,,
706,0.17671874165534973,0.17671874165534973,DAD,0.021764278411865234,45184,2.682237148284912,,,,,,,,,,
707,0.17156250774860382,0.17156250774860382,DAD,0.021407127380371094,45248,2.576508045196533,,,,,,,,,,
708,0.16359375417232513,0.16359375417232513,DAD,0.021361827850341797,45312,2.5051493644714355,,,,,,,,,,
709,0.18562498688697815,0.18562498688697815,DAD,0.021244525909423828,45376,2.6000969409942627,,,,,,,,,,
710,0.19687500596046448,0.19687500596046448,DAD,0.02141427993774414,45440,2.649465322494507,,,,,,,,,,
711,0.18703125417232513,0.18703125417232513,DAD,0.02166295051574707,45504,2.5681023597717285,,,,,,,,,,
712,0.19218748807907104,0.19218748807907104,DAD,0.021659135818481445,45568,2.585981845855713,,,,,,,,,,
713,0.16359375417232513,0.16359375417232513,DAD,0.02135944366455078,45632,2.5530292987823486,,,,,,,,,,
714,0.17578125,0.17578125,DAD,0.02146291732788086,45696,2.627150058746338,,,,,,,,,,
715,0.18703123927116394,0.18703123927116394,DAD,0.021430015563964844,45760,2.679095506668091,,,,,,,,,,
716,0.18140625953674316,0.18140625953674316,DAD,0.02146005630493164,45824,2.579620838165283,,,,,,,,,,
717,0.17156252264976501,0.17156252264976501,DAD,0.02128911018371582,45888,2.609480857849121,,,,,,,,,,
718,0.1823437511920929,0.1823437511920929,DAD,0.02162337303161621,45952,2.5240886211395264,,,,,,,,,,
719,0.18796874582767487,0.18796874582767487,DAD,0.021422147750854492,46016,2.615701675415039,,,,,,,,,,
720,0.1809374988079071,0.1809374988079071,DAD,0.02129530906677246,46080,2.5148940086364746,,,,,,,,,,
721,0.17156249284744263,0.17156249284744263,DAD,0.021251440048217773,46144,2.560821056365967,,,,,,,,,,
722,0.17625001072883606,0.17625001072883606,DAD,0.021386146545410156,46208,2.5055441856384277,,,,,,,,,,
723,0.1720312535762787,0.1720312535762787,DAD,0.0215299129486084,46272,2.4806156158447266,,,,,,,,,,
724,0.17531250417232513,0.17531250417232513,DAD,0.02157139778137207,46336,2.522005081176758,,,,,,,,,,
725,0.19312500953674316,0.19312500953674316,DAD,0.021622657775878906,46400,2.5063931941986084,0.18,0.08250000000000002,16,1.8870738678604821,0.125,0.046875,1,0.0014062500000000004,0.08250000000000002,0
726,0.19218750298023224,0.19218750298023224,DAD,0.021634340286254883,46464,2.511981725692749,,,,,,,,,,
727,0.1692187488079071,0.1692187488079071,DAD,0.021426916122436523,46528,2.499138355255127,,,,,,,,,,
728,0.17625001072883606,0.17625001072883606,DAD,0.02129340171813965,46592,2.52777361869812,,,,,,,,,,
729,0.1940625011920929,0.1940625011920929,DAD,0.021407127380371094,46656,2.515780448913574,,,,,,,,,,
730,0.16593751311302185,0.16593751311302185,DAD,0.021243572235107422,46720,2.4653282165527344,,,,,,,,,,
731,0.17390626668930054,0.17390626668930054,DAD,0.021566390991210938,46784,2.574167013168335,,,,,,,,,,
732,0.17343750596046448,0.17343750596046448,DAD,0.021443605422973633,46848,2.4871137142181396,,,,,,,,,,
733,0.18468749523162842,0.18468749523162842,DAD,0.021637678146362305,46912,2.627143383026123,,,,,,,,,,
734,0.16828125715255737,0.16828125715255737,DAD,0.021666288375854492,46976,2.6081321239471436,,,,,,,,,,
735,0.17531248927116394,0.17531248927116394,DAD,0.021576404571533203,47040,2.6067135334014893,,,,,,,,,,
736,0.18984374403953552,0.18984374403953552,DAD,0.02144622802734375,47104,2.665766954421997,,,,,,,,,,
737,0.1771875023841858,0.1771875023841858,DAD,0.021288156509399414,47168,2.6738555431365967,,,,,,,,,,
738,0.17390623688697815,0.17390623688697815,DAD,0.021321535110473633,47232,2.617741107940674,,,,,,,,,,
739,0.17765626311302185,0.17765626311302185,DAD,0.021681785583496094,47296,2.670079231262207,,,,,,,,,,
740,0.1771875023841858,0.1771875023841858,DAD,0.021236181259155273,47360,2.715449333190918,,,,,,,,,,
741,0.17812499403953552,0.17812499403953552,DAD,0.021787643432617188,47424,2.6782798767089844,,,,,,,,,,
742,0.17671875655651093,0.17671875655651093,DAD,0.021265506744384766,47488,2.6646227836608887,,,,,,,,,,
743,0.17999999225139618,0.17999999225139618,DAD,0.02149224281311035,47552,2.613351345062256,,,,,,,,,,
744,0.1875,0.1875,DAD,0.02132439613342285,47616,2.672711133956909,,,,,,,,,,
745,0.1743749976158142,0.1743749976158142,DAD,0.0212557315826416,47680,2.6861326694488525,,,,,,,,,,
746,0.17812500894069672,0.17812500894069672,DAD,0.021340608596801758,47744,2.673666000366211,,,,,,,,,,
747,0.16687500476837158,0.16687500476837158,DAD,0.021254539489746094,47808,2.6108245849609375,,,,,,,,,,
748,0.18046875298023224,0.18046875298023224,DAD,0.021654844284057617,47872,2.673983097076416,,,,,,,,,,
749,0.1823437511920929,0.1823437511920929,DAD,0.021567106246948242,47936,2.5793542861938477,,,,,,,,,,
750,0.17484375834465027,0.17484375834465027,DAD,0.021484851837158203,48000,2.542971134185791,0.182578125,0.090546875,13,1.4753933459151614,0.1015625,0.0546875,0,0.0018750000000000004,1000.137421875,0
751,0.19218750298023224,0.19218750298023224,DAD,0.021585702896118164,48064,2.557771921157837,,,,,,,,,,
752,0.17296874523162842,0.17296874523162842,DAD,0.02138376235961914,48128,2.6199123859405518,,,,,,,,,,
753,0.1860937476158142,0.1860937476158142,DAD,0.021696805953979492,48192,2.5172061920166016,,,,,,,,,,
754,0.17156250774860382,0.17156250774860382,DAD,0.021657705307006836,48256,2.454021453857422,,,,,,,,,,
755,0.1771875023841858,0.1771875023841858,DAD,0.02137899398803711,48320,2.4700586795806885,,,,,,,,,,
756,0.17812500894069672,0.17812500894069672,DAD,0.021390676498413086,48384,2.503504753112793,,,,,,,,,,
757,0.19828125834465027,0.19828125834465027,DAD,0.02139592170715332,48448,2.5581119060516357,,,,,,,,,,
758,0.19734375178813934,0.19734375178813934,DAD,0.021469593048095703,48512,2.4426636695861816,,,,,,,,,,
759,0.18000000715255737,0.18000000715255737,DAD,0.021475553512573242,48576,2.527756690979004,,,,,,,,,,
760,0.2006250023841858,0.2006250023841858,DAD,0.021360397338867188,48640,2.404362916946411,,,,,,,,,,
761,0.17578125,0.17578125,DAD,0.02174067497253418,48704,2.5101113319396973,,,,,,,,,,
762,0.17812499403953552,0.17812499403953552,DAD,0.02161121368408203,48768,2.516793966293335,,,,,,,,,,
763,0.1729687601327896,0.1729687601327896,DAD,0.02131509780883789,48832,2.498523235321045,,,,,,,,,,
764,0.18140625953674316,0.18140625953674316,DAD,0.021584272384643555,48896,2.5093894004821777,,,,,,,,,,
765,0.1678125113248825,0.1678125113248825,DAD,0.021482229232788086,48960,2.4772961139678955,,,,,,,,,,
766,0.1743749976158142,0.1743749976158142,DAD,0.021373748779296875,49024,2.571953058242798,,,,,,,,,,
767,0.17484375834465027,0.17484375834465027,DAD,0.021814823150634766,49088,2.514922618865967,,,,,,,,,,
768,0.1795312464237213,0.1795312464237213,DAD,0.02130436897277832,49152,2.5909552574157715,,,,,,,,,,
769,0.1720312535762787,0.1720312535762787,DAD,0.021618127822875977,49216,2.618196964263916,,,,,,,,,,
770,0.18562500178813934,0.18562500178813934,DAD,0.021659374237060547,49280,2.638411283493042,,,,,,,,,,
771,0.17999999225139618,0.17999999225139618,DAD,0.021595239639282227,49344,2.626164436340332,,,,,,,,,,
772,0.1795312464237213,0.1795312464237213,DAD,0.021389007568359375,49408,2.485295295715332,,,,,,,,,,
773,0.1795312464237213,0.1795312464237213,DAD,0.021360397338867188,49472,2.6247475147247314,,,,,,,,,,
774,0.1889062523841858,0.1889062523841858,DAD,0.021712541580200195,49536,2.6530797481536865,,,,,,,,,,
775,0.17859375476837158,0.17859375476837158,DAD,0.021578550338745117,49600,2.6239681243896484,0.18234375,0.09031250000000002,16,1.8664995909277642,0.125,0.0546875,0,0.0018750000000000004,1000.1371875,0
776,0.16968750953674316,0.16968750953674316,DAD,0.021610498428344727,49664,2.5136075019836426,,,,,,,,,,
777,0.1795312464237213,0.1795312464237213,DAD,0.02165365219116211,49728,2.5566892623901367,,,,,,,,,,
778,0.17812500894069672,0.17812500894069672,DAD,0.02155780792236328,49792,2.6189708709716797,,,,,,,,,,
779,0.15796875953674316,0.1642187535762787,DAD,0.021414995193481445,49856,2.4964957237243652,,,,,,,,,,
780,0.20203125476837158,0.20203125476837158,DAD,0.02136373519897461,49920,2.736220359802246,,,,,,,,,,
781,0.18000000715255737,0.18000000715255737,DAD,0.021346330642700195,49984,2.624715566635132,,,,,,,,,,
782,0.1589062511920929,0.1589062511920929,DAD,0.02163243293762207,50048,2.629549980163574,,,,,,,,,,
783,0.17249998450279236,0.17249998450279236,DAD,0.02152395248413086,50112,2.5565829277038574,,,,,,,,,,
784,0.19078125059604645,0.19078125059604645,DAD,0.021505117416381836,50176,2.6977012157440186,,,,,,,,,,
785,0.17250001430511475,0.17250001430511475,DAD,0.021495819091796875,50240,2.6062586307525635,,,,,,,,,,
786,0.1706250011920929,0.1706250011920929,DAD,0.02145242691040039,50304,2.5707454681396484,,,,,,,,,,
787,0.18656250834465027,0.18656250834465027,DAD,0.021657705307006836,50368,2.6387462615966797,,,,,,,,,,
788,0.16828125715255737,0.16828125715255737,DAD,0.02167224884033203,50432,2.563204050064087,,,,,,,,,,
789,0.19640624523162842,0.19640624523162842,DAD,0.021714448928833008,50496,2.6233081817626953,,,,,,,,,,
790,0.1720312535762787,0.1720312535762787,DAD,0.021453142166137695,50560,2.4928359985351562,,,,,,,,,,
791,0.17859375476837158,0.17859375476837158,DAD,0.021391630172729492,50624,2.506444215774536,,,,,,,,,,
792,0.16359375417232513,0.16359375417232513,DAD,0.021759510040283203,50688,2.524247646331787,,,,,,,,,,
793,0.16593751311302185,0.16593751311302185,DAD,0.021322011947631836,50752,2.5216963291168213,,,,,,,,,,
794,0.16687500476837158,0.1731249988079071,DAD,0.02157449722290039,50816,2.5561447143554688,,,,,,,,,,
795,0.1837500035762787,0.1837500035762787,DAD,0.021658658981323242,50880,2.4798996448516846,,,,,,,,,,
796,0.1809375137090683,0.1809375137090683,DAD,0.021259307861328125,50944,2.4820735454559326,,,,,,,,,,
797,0.1771875023841858,0.1771875023841858,DAD,0.021440744400024414,51008,2.4459261894226074,,,,,,,,,,
798,0.17343750596046448,0.17343750596046448,DAD,0.021303892135620117,51072,2.444910764694214,,,,,,,,,,
799,0.17343750596046448,0.17343750596046448,DAD,0.02136373519897461,51136,2.412357807159424,,,,,,,,,,
800,0.18046873807907104,0.18046873807907104,DAD,0.021762371063232422,51200,2.4589221477508545,0.1790625,0.08703125,10,1.3776547936653762,0.078125,0.0546875,0,0.0018750000000000004,1000.13390625,0
801,0.18421876430511475,0.18421876430511475,DAD,0.02172374725341797,51264,2.3166518211364746,,,,,,,,,,
802,0.1823437511920929,0.1823437511920929,DAD,0.021402597427368164,51328,2.297274589538574,,,,,,,,,,
803,0.17578125,0.17578125,DAD,0.021394014358520508,51392,2.415402412414551,,,,,,,,,,
804,0.17812499403953552,0.17812499403953552,DAD,0.021693706512451172,51456,2.3569157123565674,,,,,,,,,,
805,0.16031251847743988,0.16031251847743988,DAD,0.021483659744262695,51520,2.3422579765319824,,,,,,,,,,
806,0.16218751668930054,0.16218751668930054,DAD,0.021404504776000977,51584,2.269908905029297,,,,,,,,,,
807,0.16171875596046448,0.16171875596046448,DAD,0.021397113800048828,51648,2.376828670501709,,,,,,,,,,
808,0.19874998927116394,0.19874998927116394,DAD,0.021401166915893555,51712,2.5128836631774902,,,,,,,,,,
809,0.16500000655651093,0.16500000655651093,DAD,0.02193593978881836,51776,2.34913969039917,,,,,,,,,,
810,0.17109376192092896,0.17109376192092896,DAD,0.021407365798950195,51840,2.2737603187561035,,,,,,,,,,
811,0.19499999284744263,0.19499999284744263,DAD,0.021447181701660156,51904,2.30055570602417,,,,,,,,,,
812,0.16124999523162842,0.16124999523162842,DAD,0.021466493606567383,51968,2.2017338275909424,,,,,,,,,,
813,0.17390625178813934,0.17390625178813934,DAD,0.02160167694091797,52032,2.2842538356781006,,,,,,,,,,
814,0.1889062523841858,0.1889062523841858,DAD,0.021524429321289062,52096,2.3279385566711426,,,,,,,,,,
815,0.1912499964237213,0.1912499964237213,DAD,0.021820068359375,52160,2.386213779449463,,,,,,,,,,
816,0.16640624403953552,0.16640624403953552,DAD,0.021425485610961914,52224,2.3522191047668457,,,,,,,,,,
817,0.1940625011920929,0.1940625011920929,DAD,0.02141737937927246,52288,2.3987984657287598,,,,,,,,,,
818,0.1926562488079071,0.1926562488079071,DAD,0.021691560745239258,52352,2.4072718620300293,,,,,,,,,,
819,0.1692187488079071,0.1692187488079071,DAD,0.02138972282409668,52416,2.4462852478027344,,,,,,,,,,
820,0.1875,0.1875,DAD,0.02142500877380371,52480,2.3916895389556885,,,,,,,,,,
821,0.18281249701976776,0.18281249701976776,DAD,0.021472692489624023,52544,2.4489927291870117,,,,,,,,,,
822,0.16593749821186066,0.16593749821186066,DAD,0.021476268768310547,52608,2.5086793899536133,,,,,,,,,,
823,0.18421876430511475,0.18421876430511475,DAD,0.021333694458007812,52672,2.537827968597412,,,,,,,,,,
824,0.17578125,0.17578125,DAD,0.021367788314819336,52736,2.604057788848877,,,,,,,,,,
825,0.15796875953674316,0.15796875953674316,DAD,0.021625518798828125,52800,2.670837879180908,0.178828125,0.08679687500000001,25,2.2659096370443925,0.1953125,0.0546875,0,0.0018750000000000004,1000.133671875,0
826,0.18328124284744263,0.18328124284744263,DAD,0.02167987823486328,52864,2.6005547046661377,,,,,,,,,,
827,0.17624999582767487,0.17624999582767487,DAD,0.021407604217529297,52928,2.6540451049804688,,,,,,,,,,
828,0.17109374701976776,0.17109374701976776,DAD,0.021573305130004883,52992,2.7238783836364746,,,,,,,,,,
829,0.18046876788139343,0.18046876788139343,DAD,0.021360158920288086,53056,2.6579642295837402,,,,,,,,,,
830,0.1626562476158142,0.1626562476158142,DAD,0.021503925323486328,53120,2.692760467529297,,,,,,,,,,
831,0.18187500536441803,0.18187500536441803,DAD,0.021319150924682617,53184,2.626791000366211,,,,,,,,,,
832,0.17812499403953552,0.18437500298023224,DAD,0.021562576293945312,53248,2.714381217956543,,,,,,,,,,
833,0.17343750596046448,0.17343750596046448,DAD,0.02152705192565918,53312,2.6970462799072266,,,,,,,,,,
834,0.20343750715255737,0.20343750715255737,DAD,0.021160125732421875,53376,2.669113874435425,,,,,,,,,,
835,0.17625001072883606,0.17625001072883606,DAD,0.021582841873168945,53440,2.7415974140167236,,,,,,,,,,
836,0.18656249344348907,0.18656249344348907,DAD,0.02157115936279297,53504,2.686997413635254,,,,,,,,,,
837,0.1940625011920929,0.1940625011920929,DAD,0.021452665328979492,53568,2.621732473373413,,,,,,,,,,
838,0.15562500059604645,0.15562500059604645,DAD,0.021176815032958984,53632,2.5645952224731445,,,,,,,,,,
839,0.18140624463558197,0.18140624463558197,DAD,0.02131485939025879,53696,2.6208975315093994,,,,,,,,,,
840,0.1654687523841858,0.1654687523841858,DAD,0.021495342254638672,53760,2.579441547393799,,,,,,,,,,
841,0.18656250834465027,0.18656250834465027,DAD,0.021454572677612305,53824,2.6283798217773438,,,,,,,,,,
842,0.16734375059604645,0.16734375059604645,DAD,0.021287202835083008,53888,2.5035390853881836,,,,,,,,,,
843,0.16593751311302185,0.16593751311302185,DAD,0.021437883377075195,53952,2.655606269836426,,,,,,,,,,
844,0.1743749976158142,0.1743749976158142,DAD,0.021364927291870117,54016,2.562058448791504,,,,,,,,,,
845,0.16875000298023224,0.16875000298023224,DAD,0.02135920524597168,54080,2.4783945083618164,,,,,,,,,,
846,0.18140624463558197,0.18140624463558197,DAD,0.02147960662841797,54144,2.591020107269287,,,,,,,,,,
847,0.1771875023841858,0.1771875023841858,DAD,0.021379470825195312,54208,2.5696210861206055,,,,,,,,,,
848,0.16875000298023224,0.16875000298023224,DAD,0.021338224411010742,54272,2.475863218307495,,,,,,,,,,
849,0.17250001430511475,0.17250001430511475,DAD,0.02142643928527832,54336,2.5454258918762207,,,,,,,,,,
850,0.19499999284744263,0.19499999284744263,DAD,0.021378517150878906,54400,2.505354642868042,0.18070312500000002,0.080078125,17,2.011030673754086,0.1328125,0.0390625,1,0.0011718750000000002,0.080078125,0
851,0.17671875655651093,0.17671875655651093,DAD,0.021708965301513672,54464,2.5297775268554688,,,,,,,,,,
852,0.18281249701976776,0.18281249701976776,DAD,0.021406888961791992,54528,2.4757142066955566,,,,,,,,,,
853,0.18515625596046448,0.18515625596046448,DAD,0.021334409713745117,54592,2.4802088737487793,,,,,,,,,,
854,0.17109374701976776,0.17109374701976776,DAD,0.021369218826293945,54656,2.5335655212402344,,,,,,,,,,
855,0.1837500035762787,0.1837500035762787,DAD,0.021238088607788086,54720,2.4296250343322754,,,,,,,,,,
856,0.18562501668930054,0.18562501668930054,DAD,0.021522045135498047,54784,2.576406955718994,,,,,,,,,,
857,0.18187499046325684,0.18187499046325684,DAD,0.02131509780883789,54848,2.4548416137695312,,,,,,,,,,
858,0.19499999284744263,0.19499999284744263,DAD,0.021388769149780273,54912,2.5942468643188477,,,,,,,,,,
859,0.19031250476837158,0.19031250476837158,DAD,0.02126765251159668,54976,2.640176296234131,,,,,,,,,,
860,0.18421873450279236,0.18421873450279236,DAD,0.021437644958496094,55040,2.68162202835083,,,,,,,,,,
861,0.17015625536441803,0.17015625536441803,DAD,0.02121114730834961,55104,2.6381592750549316,,,,,,,,,,
862,0.16640625894069672,0.16640625894069672,DAD,0.021607637405395508,55168,2.6385586261749268,,,,,,,,,,
863,0.1903124898672104,0.1903124898672104,DAD,0.021353483200073242,55232,2.6467511653900146,,,,,,,,,,
864,0.18468749523162842,0.18468749523162842,DAD,0.02174544334411621,55296,2.7217352390289307,,,,,,,,,,
865,0.18421873450279236,0.18421873450279236,DAD,0.021448135375976562,55360,2.7273545265197754,,,,,,,,,,
866,0.17484375834465027,0.17484375834465027,DAD,0.02131032943725586,55424,2.679269790649414,,,,,,,,,,
867,0.17671875655651093,0.17671875655651093,DAD,0.021538257598876953,55488,2.685239791870117,,,,,,,,,,
868,0.1823437511920929,0.1823437511920929,DAD,0.0213620662689209,55552,2.791746139526367,,,,,,,,,,
869,0.17249999940395355,0.17249999940395355,DAD,0.021500110626220703,55616,2.78363037109375,,,,,,,,,,
870,0.17671874165534973,0.17671874165534973,DAD,0.021424293518066406,55680,2.7367756366729736,,,,,,,,,,
871,0.16359375417232513,0.16359375417232513,DAD,0.02165508270263672,55744,2.7791550159454346,,,,,,,,,,
872,0.18562500178813934,0.18562500178813934,DAD,0.021329879760742188,55808,2.74379825592041,,,,,,,,,,
873,0.17531250417232513,0.17531250417232513,DAD,0.02169203758239746,55872,2.696441650390625,,,,,,,,,,
874,0.19031250476837158,0.19031250476837158,DAD,0.021574020385742188,55936,2.7216262817382812,,,,,,,,,,
875,0.19078126549720764,0.19078126549720764,DAD,0.02113962173461914,56000,2.7321391105651855,0.179765625,0.08226562500000001,35,3.0178374079643184,0.2734375,0.046875,1,0.0014062500000000002,0.08226562500000001,1
876,0.18562500178813934,0.18562500178813934,DAD,0.021718263626098633,56064,2.6303882598876953,,,,,,,,,,
877,0.18796876072883606,0.18796876072883606,DAD,0.021647930145263672,56128,2.6840498447418213,,,,,,,,,,
878,0.16453124582767487,0.16453124582767487,DAD,0.02141857147216797,56192,2.6121201515197754,,,,,,,,,,
879,0.18984375894069672,0.18984375894069672,DAD,0.021495342254638672,56256,2.5570998191833496,,,,,,,,,,
880,0.1912500113248825,0.1912500113248825,DAD,0.021307706832885742,56320,2.659916877746582,,,,,,,,,,
881,0.17531248927116394,0.17531248927116394,DAD,0.021413564682006836,56384,2.5854973793029785,,,,,,,,,,
882,0.16875000298023224,0.16875000298023224,DAD,0.02136707305908203,56448,2.5593433380126953,,,,,,,,,,
883,0.18140625953674316,0.18140625953674316,DAD,0.021472692489624023,56512,2.5822978019714355,,,,,,,,,,
884,0.1640625,0.1640625,DAD,0.021367311477661133,56576,2.6273000240325928,,,,,,,,,,
885,0.17296874523162842,0.17296874523162842,DAD,0.021555185317993164,56640,2.5702805519104004,,,,,,,,,,
886,0.2006250023841858,0.2006250023841858,DAD,0.021365880966186523,56704,2.607268810272217,,,,,,,,,,
887,0.17484375834465027,0.17484375834465027,DAD,0.021641016006469727,56768,2.6291232109069824,,,,,,,,,,
888,0.1846875101327896,0.1846875101327896,DAD,0.021639108657836914,56832,2.609321117401123,,,,,,,,,,
889,0.17531250417232513,0.17531250417232513,DAD,0.021440744400024414,56896,2.546020269393921,,,,,,,,,,
890,0.19031250476837158,0.19031250476837158,DAD,0.021571874618530273,56960,2.5743374824523926,,,,,,,,,,
891,0.18187500536441803,0.18187500536441803,DAD,0.021567344665527344,57024,2.512089729309082,,,,,,,,,,
892,0.16171874105930328,0.16171874105930328,DAD,0.021411418914794922,57088,2.442981243133545,,,,,,,,,,
893,0.1720312535762787,0.1720312535762787,DAD,0.02130413055419922,57152,2.435116767883301,,,,,,,,,,
894,0.17484375834465027,0.17484375834465027,DAD,0.02141571044921875,57216,2.3937387466430664,,,,,,,,,,
895,0.17484374344348907,0.17484374344348907,DAD,0.021434783935546875,57280,2.5422019958496094,,,,,,,,,,
896,0.17812500894069672,0.17812500894069672,DAD,0.021376848220825195,57344,2.4854583740234375,,,,,,,,,,
897,0.1837500035762787,0.1837500035762787,DAD,0.021467208862304688,57408,2.4965457916259766,,,,,,,,,,
898,0.18140625953674316,0.18140625953674316,DAD,0.021706581115722656,57472,2.5244765281677246,,,,,,,,,,
899,0.1575000137090683,0.1575000137090683,DAD,0.021291732788085938,57536,2.5258893966674805,,,,,,,,,,
900,0.17390623688697815,0.17390623688697815,DAD,0.021401405334472656,57600,2.56223201751709,0.179296875,0.090390625,19,2.2844831064655273,0.1484375,0.0625,0,0.002109375,1000.215390625,0
901,0.17484375834465027,0.17484375834465027,DAD,0.021819591522216797,57664,2.483612060546875,,,,,,,,,,
902,0.1809374988079071,0.1809374988079071,DAD,0.021402597427368164,57728,2.567305088043213,,,,,,,,,,
903,0.19171875715255737,0.19171875715255737,DAD,0.021300792694091797,57792,2.4273600578308105,,,,,,,,,,
904,0.17812500894069672,0.17812500894069672,DAD,0.02121114730834961,57856,2.5192623138427734,,,,,,,,,,
905,0.17484375834465027,0.17484375834465027,DAD,0.021420001983642578,57920,2.5217180252075195,,,,,,,,,,
906,0.17859375476837158,0.17859375476837158,DAD,0.021558761596679688,57984,2.566972255706787,,,,,,,,,,
907,0.16312500834465027,0.16312500834465027,DAD,0.021561384201049805,58048,2.4622716903686523,,,,,,,,,,
908,0.1771875023841858,0.1771875023841858,DAD,0.0214385986328125,58112,2.528806209564209,,,,,,,,,,
909,0.17671875655651093,0.17671875655651093,DAD,0.02147960662841797,58176,2.5801172256469727,,,,,,,,,,
910,0.1771875023841858,0.1771875023841858,DAD,0.021429061889648438,58240,2.588228225708008,,,,,,,,,,
911,0.2006250023841858,0.2006250023841858,DAD,0.021456480026245117,58304,2.4673593044281006,,,,,,,,,,
912,0.18000000715255737,0.18000000715255737,DAD,0.021303415298461914,58368,2.5968785285949707,,,,,,,,,,
913,0.17109376192092896,0.17109376192092896,DAD,0.021538972854614258,58432,2.5776238441467285,,,,,,,,,,
914,0.15843749046325684,0.15843749046325684,DAD,0.021381855010986328,58496,2.584118366241455,,,,,,,,,,
915,0.1743749976158142,0.1743749976158142,DAD,0.021416902542114258,58560,2.5859243869781494,,,,,,,,,,
916,0.18515625596046448,0.18515625596046448,DAD,0.021654367446899414,58624,2.5637896060943604,,,,,,,,,,
917,0.16968750953674316,0.16968750953674316,DAD,0.021212100982666016,58688,2.6243972778320312,,,,,,,,,,
918,0.16734375059604645,0.16734375059604645,DAD,0.021526813507080078,58752,2.656801223754883,,,,,,,,,,
919,0.17859375476837158,0.17859375476837158,DAD,0.021424531936645508,58816,2.619231939315796,,,,,,,,,,
920,0.17625001072883606,0.17625001072883606,DAD,0.021398544311523438,58880,2.5840468406677246,,,,,,,,,,
921,0.18796874582767487,0.18796874582767487,DAD,0.021544456481933594,58944,2.5083682537078857,,,,,,,,,,
922,0.1889062523841858,0.1889062523841858,DAD,0.021423816680908203,59008,2.6083035469055176,,,,,,,,,,
923,0.1823437511920929,0.1823437511920929,DAD,0.02147197723388672,59072,2.5439023971557617,,,,,,,,,,
924,0.16734375059604645,0.16734375059604645,DAD,0.02142333984375,59136,2.4204623699188232,,,,,,,,,,
925,0.16687500476837158,0.16687500476837158,DAD,0.021455764770507812,59200,2.5348546504974365,0.17859375,0.08109375,18,1.9883647743250608,0.140625,0.046875,1,0.00140625,0.08109375,0
926,0.19031250476837158,0.19031250476837158,DAD,0.02169013023376465,59264,2.444605827331543,,,,,,,,,,
927,0.18000000715255737,0.18000000715255737,DAD,0.021269559860229492,59328,2.500974178314209,,,,,,,,,,
928,0.18328124284744263,0.18328124284744263,DAD,0.021394729614257812,59392,2.41701602935791,,,,,,,,,,
929,0.17531250417232513,0.17531250417232513,DAD,0.02132725715637207,59456,2.519622325897217,,,,,,,,,,
930,0.18187499046325684,0.18187499046325684,DAD,0.021205425262451172,59520,2.464695692062378,,,,,,,,,,
931,0.17578125,0.17578125,DAD,0.021349430084228516,59584,2.5206284523010254,,,,,,,,,,
932,0.1771875023841858,0.1771875023841858,DAD,0.021285295486450195,59648,2.4804508686065674,,,,,,,,,,
933,0.17578125,0.17578125,DAD,0.02135920524597168,59712,2.483214855194092,,,,,,,,,,
934,0.1809374988079071,0.1809374988079071,DAD,0.0214388370513916,59776,2.564026355743408,,,,,,,,,,
935,0.16968749463558197,0.1899999976158142,DAD,0.021387338638305664,59840,2.438004970550537,,,,,,,,,,
936,0.1875,0.1875,DAD,0.02138066291809082,59904,2.5146021842956543,,,,,,,,,,
937,0.17484375834465027,0.17484375834465027,DAD,0.02151179313659668,59968,2.584829807281494,,,,,,,,,,
938,0.17015625536441803,0.17015625536441803,DAD,0.02135014533996582,60032,2.51371693611145,,,,,,,,,,
939,0.1678124964237213,0.1678124964237213,DAD,0.021421194076538086,60096,2.551774263381958,,,,,,,,,,
940,0.16734375059604645,0.16734375059604645,DAD,0.021537303924560547,60160,2.4867095947265625,,,,,,,,,,
941,0.1785937398672104,0.1785937398672104,DAD,0.021283864974975586,60224,2.5309624671936035,,,,,,,,,,
942,0.17859375476837158,0.1848437488079071,DAD,0.0216214656829834,60288,2.5383646488189697,,,,,,,,,,
943,0.18843752145767212,0.18843752145767212,DAD,0.021272659301757812,60352,2.6658105850219727,,,,,,,,,,
944,0.18515625596046448,0.18515625596046448,DAD,0.021394014358520508,60416,2.608552932739258,,,,,,,,,,
945,0.17156249284744263,0.17156249284744263,DAD,0.021272659301757812,60480,2.582491159439087,,,,,,,,,,
946,0.1809374988079071,0.1809374988079071,DAD,0.021375417709350586,60544,2.6039888858795166,,,,,,,,,,
947,0.17765624821186066,0.17765624821186066,DAD,0.021342039108276367,60608,2.596818447113037,,,,,,,,,,
948,0.18796876072883606,0.18796876072883606,DAD,0.02135920524597168,60672,2.675356388092041,,,,,,,,,,
949,0.17906248569488525,0.17906248569488525,DAD,0.021309614181518555,60736,2.6243040561676025,,,,,,,,,,
950,0.18328125774860382,0.18328125774860382,DAD,0.02126336097717285,60800,2.646897315979004,0.18093749999999997,0.10765625000000001,21,2.328749319557948,0.1640625,0.0546875,0,0.00375,1000.15453125,0
951,0.18984374403953552,0.18984374403953552,DAD,0.021620988845825195,60864,2.67811918258667,,,,,,,,,,
952,0.1912499964237213,0.1912499964237213,DAD,0.02145838737487793,60928,2.6806211471557617,,,,,,,,,,
953,0.18656250834465027,0.18656250834465027,DAD,0.021391630172729492,60992,2.5348427295684814,,,,,,,,,,
954,0.17390625178813934,0.17390625178813934,DAD,0.021356821060180664,61056,2.704068660736084,,,,,,,,,,
955,0.1823437511920929,0.1823437511920929,DAD,0.021302223205566406,61120,2.653799533843994,,,,,,,,,,
956,0.18468749523162842,0.18468749523162842,DAD,0.02153468132019043,61184,2.6168699264526367,,,,,,,,,,
957,0.1706250011920929,0.1706250011920929,DAD,0.021396875381469727,61248,2.5547633171081543,,,,,,,,,,
958,0.20390625298023224,0.20390625298023224,DAD,0.02132439613342285,61312,2.6148104667663574,,,,,,,,,,
959,0.18562500178813934,0.18562500178813934,DAD,0.021431922912597656,61376,2.666823387145996,,,,,,,,,,
960,0.16640624403953552,0.18359375,DAD,0.021322011947631836,61440,2.582573890686035,,,,,,,,,,
961,0.17296874523162842,0.17921875417232513,DAD,0.021356582641601562,61504,2.564546585083008,,,,,,,,,,
962,0.19593748450279236,0.19593748450279236,DAD,0.02140641212463379,61568,2.5876753330230713,,,,,,,,,,
963,0.1823437511920929,0.1823437511920929,DAD,0.02126002311706543,61632,2.5554356575012207,,,,,,,,,,
964,0.18656250834465027,0.18656250834465027,DAD,0.02121567726135254,61696,2.471344232559204,,,,,,,,,,
965,0.17671874165534973,0.17671874165534973,DAD,0.021336793899536133,61760,2.578639507293701,,,,,,,,,,
966,0.17109376192092896,0.17109376192092896,DAD,0.021348237991333008,61824,2.4131019115448,,,,,,,,,,
967,0.16828125715255737,0.16828125715255737,DAD,0.02135777473449707,61888,2.434032917022705,,,,,,,,,,
968,0.19359375536441803,0.19359375536441803,DAD,0.021175622940063477,61952,2.598517894744873,,,,,,,,,,
969,0.19171875715255737,0.19171875715255737,DAD,0.02141594886779785,62016,2.4854533672332764,,,,,,,,,,
970,0.17531248927116394,0.17531248927116394,DAD,0.021533489227294922,62080,2.514279365539551,,,,,,,,,,
971,0.1771875023841858,0.1771875023841858,DAD,0.02150583267211914,62144,2.4936108589172363,,,,,,,,,,
972,0.19218750298023224,0.19218750298023224,DAD,0.021224498748779297,62208,2.543919563293457,,,,,,,,,,
973,0.18843749165534973,0.18843749165534973,DAD,0.021338939666748047,62272,2.5543322563171387,,,,,,,,,,
974,0.18000000715255737,0.18000000715255737,DAD,0.021593809127807617,62336,2.5293288230895996,,,,,,,,,,
975,0.18328124284744263,0.18328124284744263,DAD,0.021455764770507812,62400,2.5490174293518066,0.17953125,0.07968750000000001,34,2.7344915800226106,0.265625,0.0234375,1,0.00140625,0.07968750000000001,1
976,0.19500000774860382,0.19500000774860382,DAD,0.02153754234313965,62464,2.555788516998291,,,,,,,,,,
977,0.1678124964237213,0.1678124964237213,DAD,0.021457910537719727,62528,2.5170822143554688,,,,,,,,,,
978,0.16828124225139618,0.16828124225139618,DAD,0.021421194076538086,62592,2.5298690795898438,,,,,,,,,,
979,0.18421876430511475,0.18421876430511475,DAD,0.02144646644592285,62656,2.528510093688965,,,,,,,,,,
980,0.17390625178813934,0.17390625178813934,DAD,0.021360397338867188,62720,2.6353139877319336,,,,,,,,,,
981,0.1795312464237213,0.1795312464237213,DAD,0.021361589431762695,62784,2.6714158058166504,,,,,,,,,,
982,0.17671874165534973,0.17671874165534973,DAD,0.021677732467651367,62848,2.5716099739074707,,,,,,,,,,
983,0.17343750596046448,0.17343750596046448,DAD,0.021335124969482422,62912,2.653534412384033,,,,,,,,,,
984,0.16875000298023224,0.16875000298023224,DAD,0.021205663681030273,62976,2.621039628982544,,,,,,,,,,
985,0.16500000655651093,0.16500000655651093,DAD,0.021458148956298828,63040,2.696812868118286,,,,,,,,,,
986,0.1875,0.1875,DAD,0.02122950553894043,63104,2.6580610275268555,,,,,,,,,,
987,0.17812500894069672,0.17812500894069672,DAD,0.021506071090698242,63168,2.744898796081543,,,,,,,,,,
988,0.17343750596046448,0.17343750596046448,DAD,0.02158379554748535,63232,2.5885047912597656,,,,,,,,,,
989,0.18656250834465027,0.18656250834465027,DAD,0.02154064178466797,63296,2.6143035888671875,,,,,,,,,,
990,0.17156249284744263,0.17156249284744263,DAD,0.02163386344909668,63360,2.647347927093506,,,,,,,,,,
991,0.19031250476837158,0.19031250476837158,DAD,0.021465301513671875,63424,2.6808676719665527,,,,,,,,,,
992,0.17624999582767487,0.17624999582767487,DAD,0.021649599075317383,63488,2.5854692459106445,,,,,,,,,,
993,0.17343749105930328,0.17343749105930328,DAD,0.02137446403503418,63552,2.6629891395568848,,,,,,,,,,
994,0.20109376311302185,0.20109376311302185,DAD,0.021610021591186523,63616,2.677002429962158,,,,,,,,,,
995,0.1809374988079071,0.1809374988079071,DAD,0.021297454833984375,63680,2.5991878509521484,,,,,,,,,,
996,0.17296874523162842,0.17296874523162842,DAD,0.0213773250579834,63744,2.588801383972168,,,,,,,,,,
997,0.1926562488079071,0.1926562488079071,DAD,0.021449804306030273,63808,2.5919318199157715,,,,,,,,,,
998,0.18937498331069946,0.18937498331069946,DAD,0.021427392959594727,63872,2.579759359359741,,,,,,,,,,
999,0.17109374701976776,0.17109374701976776,DAD,0.021355152130126953,63936,2.548549175262451,,,,,,,,,,
1000,0.1743749976158142,0.1743749976158142,DAD,0.021280527114868164,64000,2.5322937965393066,0.18421875,0.07421875000000001,29,2.245335786016622,0.2265625,0.015625,1,0.00046875,0.07421875000000001,0
