update,mean_train_u_ctrl,mean_train_control_cost,method,update_seconds,trajectories_sampled,policy_entropy,router_entropy,expert_redundancy,max_expert_usage,expert_residual_scale,validation_mean_u_ctrl,validation_mean_mocu,validation_n_unique_sequences,validation_sequence_entropy,validation_unique_frac,validation_under_control_rate,validation_valid,validation_mean_shortfall,validation_checkpoint_score,validation_meets_unique_floor,moe_adaptivity_constraint
1,0.19019532203674316,0.19019532203674316,MoE-sBOED,0.31608104705810547,64,3.9482123851776123,1.3860162496566772,0.06897518038749695,0.25445032119750977,0.11925343424081802,,,,,,,,,,,
2,0.1831640601158142,0.1831640601158142,MoE-sBOED,0.07612800598144531,128,3.9468369483947754,1.3861979246139526,0.006196074187755585,0.25111913681030273,0.11934680491685867,,,,,,,,,,,
3,0.17121094465255737,0.17121094465255737,MoE-sBOED,0.07316398620605469,192,3.94449782371521,1.3861891031265259,0.009120804257690907,0.2520705759525299,0.11940944194793701,,,,,,,,,,,
4,0.17261718213558197,0.17261718213558197,MoE-sBOED,0.06866168975830078,256,3.9408531188964844,1.3861883878707886,0.001958242617547512,0.2519981265068054,0.1194692924618721,,,,,,,,,,,
5,0.16875000298023224,0.16875000298023224,MoE-sBOED,0.06860566139221191,320,3.9365670680999756,1.3862067461013794,0.0032481406815350056,0.2514358460903168,0.11956585943698883,,,,,,,,,,,
6,0.18105469644069672,0.18105469644069672,MoE-sBOED,0.06877613067626953,384,3.9312992095947266,1.3861408233642578,0.0013005085056647658,0.2533305585384369,0.11968190222978592,,,,,,,,,,,
7,0.16207031905651093,0.16207031905651093,MoE-sBOED,0.06855511665344238,448,3.9249465465545654,1.3862237930297852,0.0008329406846314669,0.2512955367565155,0.11981227993965149,,,,,,,,,,,
8,0.16734376549720764,0.16734376549720764,MoE-sBOED,0.06863236427307129,512,3.91575288772583,1.3861565589904785,0.0005943619180470705,0.2551998198032379,0.1199464276432991,,,,,,,,,,,
9,0.1676953136920929,0.1676953136920929,MoE-sBOED,0.06978607177734375,576,3.9006354808807373,1.386197566986084,0.00023400441568810493,0.2539125978946686,0.12008670717477798,,,,,,,,,,,
10,0.1859765648841858,0.1859765648841858,MoE-sBOED,0.06881523132324219,640,3.8785951137542725,1.3861236572265625,0.0016683748690411448,0.25575095415115356,0.12025268375873566,,,,,,,,,,,
11,0.17050780355930328,0.17050780355930328,MoE-sBOED,0.0691385269165039,704,3.8445451259613037,1.3861523866653442,0.0025257470551878214,0.25373706221580505,0.12043239921331406,,,,,,,,,,,
12,0.1655859351158142,0.1655859351158142,MoE-sBOED,0.07280588150024414,768,3.796989917755127,1.3862160444259644,0.0019426539074629545,0.25373420119285583,0.12060869485139847,,,,,,,,,,,
13,0.16804687678813934,0.16804687678813934,MoE-sBOED,0.06972265243530273,832,3.740528106689453,1.3862165212631226,0.0016878577880561352,0.2531508803367615,0.12076126784086227,,,,,,,,,,,
14,0.15996094048023224,0.15996094048023224,MoE-sBOED,0.06901264190673828,896,3.696491241455078,1.3860708475112915,0.0011978020193055272,0.25679779052734375,0.12089826166629791,,,,,,,,,,,
15,0.16453126072883606,0.16453126072883606,MoE-sBOED,0.06851816177368164,960,3.6544864177703857,1.385794997215271,0.0014522980200126767,0.2623080909252167,0.12103652954101562,,,,,,,,,,,
16,0.16207031905651093,0.16207031905651093,MoE-sBOED,0.06866741180419922,1024,3.613340139389038,1.386222243309021,0.0019900049082934856,0.2516467273235321,0.12114672362804413,,,,,,,,,,,
17,0.1662890613079071,0.1662890613079071,MoE-sBOED,0.06847810745239258,1088,3.6099166870117188,1.385865569114685,0.0007959021022543311,0.2605871260166168,0.1212187185883522,,,,,,,,,,,
18,0.1494140625,0.1494140625,MoE-sBOED,0.06886649131774902,1152,3.6286396980285645,1.3860539197921753,0.0006070173112675548,0.25533241033554077,0.12122902274131775,,,,,,,,,,,
19,0.15644530951976776,0.15644530951976776,MoE-sBOED,0.06876134872436523,1216,3.619518995285034,1.385623812675476,0.0013615797506645322,0.2634671628475189,0.12131299078464508,,,,,,,,,,,
20,0.17226561903953552,0.17226561903953552,MoE-sBOED,0.06857633590698242,1280,3.611048936843872,1.3845800161361694,0.0020651272498071194,0.2739761173725128,0.12145227938890457,,,,,,,,,,,
21,0.16277343034744263,0.16277343034744263,MoE-sBOED,0.06977534294128418,1344,3.5689656734466553,1.3855812549591064,0.00339571014046669,0.26445767283439636,0.12159108370542526,,,,,,,,,,,
22,0.16804687678813934,0.16804687678813934,MoE-sBOED,0.06867289543151855,1408,3.534635543823242,1.385349154472351,0.0040082866325974464,0.26092424988746643,0.12172388285398483,,,,,,,,,,,
23,0.1634765863418579,0.1634765863418579,MoE-sBOED,0.06911945343017578,1472,3.498554229736328,1.3853399753570557,0.0038104986306279898,0.2662127614021301,0.12179826200008392,,,,,,,,,,,
24,0.16101562976837158,0.16101562976837158,MoE-sBOED,0.06833100318908691,1536,3.438023805618286,1.3858050107955933,0.0035741280298680067,0.2567870616912842,0.12187914550304413,,,,,,,,,,,
25,0.15363281965255737,0.15363281965255737,MoE-sBOED,0.06871485710144043,1600,3.4630253314971924,1.3856573104858398,0.002996601862832904,0.26100245118141174,0.12192687392234802,0.14677734375,0.049550781249999995,6,0.8288897925131671,0.046875,0.015625,1,0.0003515624999999999,0.049550781249999995,0,diagnostic_only
26,0.1662890613079071,0.1662890613079071,MoE-sBOED,0.06844830513000488,1664,3.5002801418304443,1.3860079050064087,0.0019286690512672067,0.25359463691711426,0.12194541096687317,,,,,,,,,,,
27,0.16136719286441803,0.16136719286441803,MoE-sBOED,0.06881165504455566,1728,3.5048699378967285,1.3858829736709595,0.0018614992732182145,0.25376343727111816,0.12197104096412659,,,,,,,,,,,
28,0.16347657144069672,0.16347657144069672,MoE-sBOED,0.0689094066619873,1792,3.6624507904052734,1.3859175443649292,0.0013619587989524007,0.25311723351478577,0.12195076793432236,,,,,,,,,,,
29,0.1589062511920929,0.1589062511920929,MoE-sBOED,0.06917119026184082,1856,3.5573558807373047,1.3857035636901855,0.0014042934635654092,0.26129814982414246,0.12201671302318573,,,,,,,,,,,
30,0.16664062440395355,0.16664062440395355,MoE-sBOED,0.06883454322814941,1920,3.4462974071502686,1.3854440450668335,0.0012594411382451653,0.26316264271736145,0.12207590788602829,,,,,,,,,,,
31,0.15187500417232513,0.15187500417232513,MoE-sBOED,0.06858038902282715,1984,3.509065628051758,1.3850911855697632,0.0007937985355965793,0.2692577540874481,0.12202693521976471,,,,,,,,,,,
32,0.16136719286441803,0.16136719286441803,MoE-sBOED,0.06850624084472656,2048,3.6726319789886475,1.384592890739441,0.001449770643375814,0.26942574977874756,0.12198196351528168,,,,,,,,,,,
33,0.16804687678813934,0.16804687678813934,MoE-sBOED,0.06851935386657715,2112,3.6466691493988037,1.3847748041152954,0.002649038564413786,0.2661375105381012,0.12194321304559708,,,,,,,,,,,
34,0.158203125,0.158203125,MoE-sBOED,0.0684502124786377,2176,3.522679567337036,1.3856215476989746,0.002341916086152196,0.2575403153896332,0.12191887944936752,,,,,,,,,,,
35,0.16417968273162842,0.16417968273162842,MoE-sBOED,0.06888008117675781,2240,3.3652076721191406,1.3859280347824097,0.0013129326980561018,0.25601816177368164,0.12190031260251999,,,,,,,,,,,
36,0.15539062023162842,0.15539062023162842,MoE-sBOED,0.07004356384277344,2304,3.370283842086792,1.3850921392440796,0.0010188547894358635,0.2677259147167206,0.12184605747461319,,,,,,,,,,,
37,0.14308594167232513,0.14308594167232513,MoE-sBOED,0.07038044929504395,2368,3.5632779598236084,1.3845523595809937,0.0007683143485337496,0.27314016222953796,0.12177728861570358,,,,,,,,,,,
38,0.16875001788139343,0.16875001788139343,MoE-sBOED,0.06862163543701172,2432,3.733505964279175,1.3854012489318848,0.0010762665187940001,0.26294511556625366,0.1217045933008194,,,,,,,,,,,
39,0.17050781846046448,0.17910155653953552,MoE-sBOED,0.06926155090332031,2496,3.695425033569336,1.3857804536819458,0.0015878312988206744,0.25627005100250244,0.1216643899679184,,,,,,,,,,,
40,0.158203125,0.158203125,MoE-sBOED,0.06944704055786133,2560,3.566974639892578,1.3859227895736694,0.0017650527879595757,0.25583145022392273,0.12164387106895447,,,,,,,,,,,
41,0.1655859351158142,0.1655859351158142,MoE-sBOED,0.0701742172241211,2624,3.581916093826294,1.3855860233306885,0.001323603093624115,0.26292380690574646,0.12160149216651917,,,,,,,,,,,
42,0.16136717796325684,0.16136717796325684,MoE-sBOED,0.06986236572265625,2688,3.5828919410705566,1.3851089477539062,0.001130384742282331,0.26793527603149414,0.12154412269592285,,,,,,,,,,,
43,0.1560937613248825,0.1560937613248825,MoE-sBOED,0.06916356086730957,2752,3.590749740600586,1.3857917785644531,0.0008317255997098982,0.2590104937553406,0.1215173602104187,,,,,,,,,,,
44,0.16382813453674316,0.16382813453674316,MoE-sBOED,0.068695068359375,2816,3.6400375366210938,1.3858540058135986,0.001295191701501608,0.2573900818824768,0.12152768671512604,,,,,,,,,,,
45,0.15785157680511475,0.15785157680511475,MoE-sBOED,0.06922650337219238,2880,3.6038906574249268,1.3853843212127686,0.0013411364052444696,0.2599223554134369,0.1215502992272377,,,,,,,,,,,
46,0.1603125035762787,0.1603125035762787,MoE-sBOED,0.06860566139221191,2944,3.5146050453186035,1.3852003812789917,0.0014656020794063807,0.26363131403923035,0.12157168984413147,,,,,,,,,,,
47,0.15363281965255737,0.15363281965255737,MoE-sBOED,0.06847143173217773,3008,3.46003794670105,1.3856576681137085,0.0014464289415627718,0.2598394453525543,0.12155447900295258,,,,,,,,,,,
48,0.1662890613079071,0.1662890613079071,MoE-sBOED,0.06848812103271484,3072,3.476142168045044,1.3860111236572266,0.0014865277335047722,0.2575875222682953,0.12148869782686234,,,,,,,,,,,
49,0.15714845061302185,0.15714845061302185,MoE-sBOED,0.06942176818847656,3136,3.3608760833740234,1.3847715854644775,0.0011374849127605557,0.27082639932632446,0.12148871272802353,,,,,,,,,,,
50,0.158203125,0.158203125,MoE-sBOED,0.06865501403808594,3200,3.315483808517456,1.383844017982483,0.001101245521567762,0.27764272689819336,0.12153306603431702,0.14607421875,0.06759765625,3,0.15663377172407889,0.0234375,0.0625,0,0.0017578125000000003,1000.19259765625,0,diagnostic_only
51,0.15503907203674316,0.15503907203674316,MoE-sBOED,0.07318472862243652,3264,3.3570480346679688,1.3854492902755737,0.001027275575324893,0.26470956206321716,0.12151936441659927,,,,,,,,,,,
52,0.14660155773162842,0.14660155773162842,MoE-sBOED,0.08722829818725586,3328,3.4473931789398193,1.386040449142456,0.0017198084387928247,0.2561870217323303,0.12149841338396072,,,,,,,,,,,
53,0.1589062511920929,0.1589062511920929,MoE-sBOED,0.07090544700622559,3392,3.5747649669647217,1.3853139877319336,0.00264609488658607,0.2583348751068115,0.1214781105518341,,,,,,,,,,,
54,0.15046875178813934,0.15046875178813934,MoE-sBOED,0.06855416297912598,3456,3.598336935043335,1.3852040767669678,0.0019440484466031194,0.25859904289245605,0.12145989388227463,,,,,,,,,,,
55,0.16101562976837158,0.16101562976837158,MoE-sBOED,0.06853890419006348,3520,3.5798165798187256,1.3854392766952515,0.0016504237428307533,0.26164066791534424,0.12148937582969666,,,,,,,,,,,
56,0.15855470299720764,0.15855470299720764,MoE-sBOED,0.0700221061706543,3584,3.5848681926727295,1.3854191303253174,0.0014212477253749967,0.26431065797805786,0.1215122789144516,,,,,,,,,,,
57,0.15222656726837158,0.15222656726837158,MoE-sBOED,0.0708761215209961,3648,3.5625789165496826,1.3856569528579712,0.0011326282983645797,0.2613612413406372,0.1215280070900917,,,,,,,,,,,
58,0.15996095538139343,0.15996095538139343,MoE-sBOED,0.0683901309967041,3712,3.5803260803222656,1.3858698606491089,0.0008645064081065357,0.25645166635513306,0.1215616837143898,,,,,,,,,,,
59,0.16734375059604645,0.16734375059604645,MoE-sBOED,0.06863927841186523,3776,3.5080909729003906,1.3855706453323364,0.0007661627605557442,0.262407124042511,0.12163077294826508,,,,,,,,,,,
60,0.15574218332767487,0.15574218332767487,MoE-sBOED,0.06961989402770996,3840,3.4999358654022217,1.3853706121444702,0.0014545735903084278,0.2646455466747284,0.12168309837579727,,,,,,,,,,,
61,0.16207031905651093,0.16207031905651093,MoE-sBOED,0.06846880912780762,3904,3.5829918384552,1.385326623916626,0.0018510674126446247,0.2628965377807617,0.12171975523233414,,,,,,,,,,,
62,0.16207031905651093,0.16207031905651093,MoE-sBOED,0.06862640380859375,3968,3.5938210487365723,1.3855007886886597,0.0016307660844177008,0.2607966363430023,0.12174103409051895,,,,,,,,,,,
63,0.15785157680511475,0.15785157680511475,MoE-sBOED,0.07095217704772949,4032,3.536423921585083,1.3857131004333496,0.001625520410016179,0.2565223276615143,0.12172210216522217,,,,,,,,,,,
64,0.15714843571186066,0.15714843571186066,MoE-sBOED,0.07082319259643555,4096,3.5527284145355225,1.3857637643814087,0.0020449168514460325,0.25974804162979126,0.12169189751148224,,,,,,,,,,,
65,0.15925781428813934,0.15925781428813934,MoE-sBOED,0.07142829895019531,4160,3.5813350677490234,1.3859589099884033,0.002593575045466423,0.2540131211280823,0.12172133475542068,,,,,,,,,,,
66,0.1494140625,0.1494140625,MoE-sBOED,0.0684504508972168,4224,3.5590903759002686,1.3853548765182495,0.0025533305015414953,0.26338014006614685,0.12179207056760788,,,,,,,,,,,
67,0.1574999988079071,0.1574999988079071,MoE-sBOED,0.06870198249816895,4288,3.581355333328247,1.3852646350860596,0.0020705729257315397,0.2583894431591034,0.12178215384483337,,,,,,,,,,,
68,0.1567968726158142,0.1567968726158142,MoE-sBOED,0.06852149963378906,4352,3.6544997692108154,1.384057879447937,0.001470856019295752,0.2753184735774994,0.12174329906702042,,,,,,,,,,,
69,0.16347657144069672,0.16347657144069672,MoE-sBOED,0.06861567497253418,4416,3.660285234451294,1.3818448781967163,0.001305078505538404,0.28605690598487854,0.12174112349748611,,,,,,,,,,,
70,0.15785157680511475,0.15785157680511475,MoE-sBOED,0.06853222846984863,4480,3.5844414234161377,1.3808108568191528,0.0009629829437471926,0.29097118973731995,0.1217452734708786,,,,,,,,,,,
71,0.15574219822883606,0.15574219822883606,MoE-sBOED,0.06865930557250977,4544,3.5363101959228516,1.3827693462371826,0.0005949257756583393,0.28183990716934204,0.12175927311182022,,,,,,,,,,,
72,0.15855468809604645,0.15855468809604645,MoE-sBOED,0.06922698020935059,4608,3.5471832752227783,1.3848971128463745,0.0005822944222018123,0.26576289534568787,0.12176170200109482,,,,,,,,,,,
73,0.15433594584465027,0.15433594584465027,MoE-sBOED,0.06987619400024414,4672,3.612839937210083,1.3856844902038574,0.0008258589077740908,0.2619085907936096,0.12174507975578308,,,,,,,,,,,
74,0.1603125035762787,0.1603125035762787,MoE-sBOED,0.07062983512878418,4736,3.648792266845703,1.3859800100326538,0.0014447170542553067,0.2563598155975342,0.12180109322071075,,,,,,,,,,,
75,0.15785156190395355,0.15785156190395355,MoE-sBOED,0.0688014030456543,4800,3.629359483718872,1.3860514163970947,0.0018655768362805247,0.25274166464805603,0.1218363493680954,0.15011718750000003,0.0597265625,46,3.063131912227037,0.359375,0.03125,1,0.0008789062500000001,0.0597265625,1,diagnostic_only
76,0.1655859351158142,0.1655859351158142,MoE-sBOED,0.06839656829833984,4864,3.627380847930908,1.3851566314697266,0.0025059166364371777,0.26418519020080566,0.12187857925891876,,,,,,,,,,,
77,0.1683984398841858,0.1683984398841858,MoE-sBOED,0.06850838661193848,4928,3.6418442726135254,1.3835762739181519,0.0028639088850468397,0.2748296856880188,0.12195058166980743,,,,,,,,,,,
78,0.1655859351158142,0.1655859351158142,MoE-sBOED,0.06879186630249023,4992,3.6313679218292236,1.3827179670333862,0.0027240877971053123,0.27488917112350464,0.121978759765625,,,,,,,,,,,
79,0.1589062511920929,0.1589062511920929,MoE-sBOED,0.06849908828735352,5056,3.536821126937866,1.3827301263809204,0.002195891458541155,0.273110955953598,0.12192919850349426,,,,,,,,,,,
80,0.15996094048023224,0.15996094048023224,MoE-sBOED,0.06902289390563965,5120,3.5176045894622803,1.383460283279419,0.0017045987769961357,0.2721145749092102,0.1217903271317482,,,,,,,,,,,
81,0.15996095538139343,0.15996095538139343,MoE-sBOED,0.07773590087890625,5184,3.6130967140197754,1.3823304176330566,0.0014596037799492478,0.28510114550590515,0.12161459773778915,,,,,,,,,,,
82,0.16523438692092896,0.16523438692092896,MoE-sBOED,0.07933425903320312,5248,3.6922478675842285,1.3819395303726196,0.0009808280738070607,0.2857930362224579,0.12146952748298645,,,,,,,,,,,
83,0.16171875596046448,0.16171875596046448,MoE-sBOED,0.09911990165710449,5312,3.738636016845703,1.3828821182250977,0.0009228840935975313,0.2775755524635315,0.12136878073215485,,,,,,,,,,,
84,0.16207031905651093,0.16207031905651093,MoE-sBOED,0.06863617897033691,5376,3.7061333656311035,1.3835238218307495,0.0007415643776766956,0.2725617587566376,0.12129408866167068,,,,,,,,,,,
85,0.15855468809604645,0.15855468809604645,MoE-sBOED,0.06857562065124512,5440,3.661116361618042,1.3842246532440186,0.0005770076531916857,0.26733407378196716,0.12124332040548325,,,,,,,,,,,
86,0.16839845478534698,0.16839845478534698,MoE-sBOED,0.06859636306762695,5504,3.600121259689331,1.3846420049667358,0.0006350736366584897,0.2629478871822357,0.12120522558689117,,,,,,,,,,,
87,0.1589062511920929,0.1589062511920929,MoE-sBOED,0.06848311424255371,5568,3.636136770248413,1.3851441144943237,0.0008302687201648951,0.25768232345581055,0.12117233872413635,,,,,,,,,,,
88,0.16804689168930054,0.16804689168930054,MoE-sBOED,0.06893658638000488,5632,3.627861738204956,1.385576605796814,0.0008086214074864984,0.2565644681453705,0.12116368860006332,,,,,,,,,,,
89,0.16207030415534973,0.16207030415534973,MoE-sBOED,0.06856274604797363,5696,3.513139009475708,1.3858059644699097,0.0007728157215751708,0.2577784061431885,0.1211717501282692,,,,,,,,,,,
90,0.15292969346046448,0.15292969346046448,MoE-sBOED,0.06863641738891602,5760,3.669512987136841,1.3858073949813843,0.0006832455983385444,0.2579417824745178,0.12116934359073639,,,,,,,,,,,
91,0.16804686188697815,0.16804686188697815,MoE-sBOED,0.06888961791992188,5824,3.6238791942596436,1.3858031034469604,0.0009277633507736027,0.2577888071537018,0.12117935717105865,,,,,,,,,,,
92,0.1589062511920929,0.1589062511920929,MoE-sBOED,0.06874918937683105,5888,3.565572500228882,1.385759949684143,0.0012104810448363423,0.258436918258667,0.1211593896150589,,,,,,,,,,,
93,0.15363281965255737,0.15363281965255737,MoE-sBOED,0.06940555572509766,5952,3.6390578746795654,1.385622501373291,0.0011157839326187968,0.262155681848526,0.12110927700996399,,,,,,,,,,,
94,0.1508203148841858,0.1508203148841858,MoE-sBOED,0.06839919090270996,6016,3.5592846870422363,1.3854082822799683,0.0008923039422370493,0.26526638865470886,0.12107932567596436,,,,,,,,,,,
95,0.15925782918930054,0.15925782918930054,MoE-sBOED,0.06918525695800781,6080,3.5933563709259033,1.3854000568389893,0.0006685166736133397,0.26497626304626465,0.1210605651140213,,,,,,,,,,,
96,0.1648828089237213,0.1648828089237213,MoE-sBOED,0.06870222091674805,6144,3.473569869995117,1.3856009244918823,0.00040139476186595857,0.2628989517688751,0.12103381752967834,,,,,,,,,,,
97,0.16066406667232513,0.16066406667232513,MoE-sBOED,0.06894612312316895,6208,3.5746686458587646,1.3858705759048462,0.0005629957304336131,0.2560395300388336,0.12098927050828934,,,,,,,,,,,
98,0.1691015660762787,0.1691015660762787,MoE-sBOED,0.06879448890686035,6272,3.6056411266326904,1.385907530784607,0.0009281202219426632,0.2547786235809326,0.12092623114585876,,,,,,,,,,,
99,0.16453126072883606,0.16453126072883606,MoE-sBOED,0.06890487670898438,6336,3.5289180278778076,1.3858075141906738,0.0011424110271036625,0.2575574815273285,0.12085879594087601,,,,,,,,,,,
100,0.15644530951976776,0.15644530951976776,MoE-sBOED,0.06902599334716797,6400,3.6102256774902344,1.3857842683792114,0.0010490640997886658,0.25629717111587524,0.12081345915794373,0.149765625,0.06367187500000002,23,2.5699740635967787,0.1796875,0.0390625,1,0.0012304687500000002,0.06367187500000002,0,diagnostic_only
101,0.16207031905651093,0.16207031905651093,MoE-sBOED,0.06813335418701172,6464,3.6580169200897217,1.3858650922775269,0.000835538434330374,0.25397568941116333,0.12080507725477219,,,,,,,,,,,
102,0.16101562976837158,0.16101562976837158,MoE-sBOED,0.0705258846282959,6528,3.589893102645874,1.3858883380889893,0.0010687274625524879,0.25668683648109436,0.12084144353866577,,,,,,,,,,,
103,0.16453126072883606,0.16453126072883606,MoE-sBOED,0.06994318962097168,6592,3.536024570465088,1.3856810331344604,0.0011724390788003802,0.2613249719142914,0.120868980884552,,,,,,,,,,,
104,0.15117187798023224,0.15117187798023224,MoE-sBOED,0.06872105598449707,6656,3.4519028663635254,1.3855351209640503,0.001051782863214612,0.26241785287857056,0.12087498605251312,,,,,,,,,,,
105,0.15398438274860382,0.15398438274860382,MoE-sBOED,0.06888413429260254,6720,3.52984356880188,1.3856346607208252,0.0008209190564230084,0.2579708993434906,0.12083517760038376,,,,,,,,,,,
106,0.1508203148841858,0.1508203148841858,MoE-sBOED,0.07775282859802246,6784,3.5242130756378174,1.3854845762252808,0.0009833791991695762,0.26288318634033203,0.12075627595186234,,,,,,,,,,,
107,0.1487109363079071,0.1487109363079071,MoE-sBOED,0.07017707824707031,6848,3.5045440196990967,1.3854684829711914,0.001083318144083023,0.26432934403419495,0.12071637809276581,,,,,,,,,,,
108,0.1392187476158142,0.1392187476158142,MoE-sBOED,0.07033038139343262,6912,3.4235424995422363,1.385656714439392,0.0010360259329900146,0.26116758584976196,0.12070434540510178,,,,,,,,,,,
109,0.1501171886920929,0.1501171886920929,MoE-sBOED,0.06835722923278809,6976,3.3790435791015625,1.3858256340026855,0.0008784100646153092,0.256687730550766,0.12071526050567627,,,,,,,,,,,
110,0.15644530951976776,0.15644530951976776,MoE-sBOED,0.06862330436706543,7040,3.238922119140625,1.3858880996704102,0.0008125611348077655,0.25412943959236145,0.12075965106487274,,,,,,,,,,,
111,0.1515234261751175,0.1515234261751175,MoE-sBOED,0.06974959373474121,7104,3.4291293621063232,1.38587486743927,0.0011232875986024737,0.25369149446487427,0.12079524993896484,,,,,,,,,,,
112,0.16101562976837158,0.16101562976837158,MoE-sBOED,0.06854867935180664,7168,3.6010143756866455,1.3857263326644897,0.001598366885446012,0.2562127113342285,0.12082572281360626,,,,,,,,,,,
113,0.15714845061302185,0.15714845061302185,MoE-sBOED,0.0688772201538086,7232,3.5076935291290283,1.385286808013916,0.0010210830951109529,0.2617796063423157,0.12081379443407059,,,,,,,,,,,
114,0.15925782918930054,0.15925782918930054,MoE-sBOED,0.06869888305664062,7296,3.606194257736206,1.3853095769882202,0.0009765372378751636,0.260171502828598,0.12074830383062363,,,,,,,,,,,
115,0.15363281965255737,0.15363281965255737,MoE-sBOED,0.07058858871459961,7360,3.54468035697937,1.3854092359542847,0.0006288100848905742,0.2573421001434326,0.1206774190068245,,,,,,,,,,,
116,0.15187500417232513,0.15187500417232513,MoE-sBOED,0.0697941780090332,7424,3.594738721847534,1.3854414224624634,0.0007438128814101219,0.25491687655448914,0.12063965201377869,,,,,,,,,,,
117,0.158203125,0.158203125,MoE-sBOED,0.06890130043029785,7488,3.583832263946533,1.3849321603775024,0.001409827615134418,0.25674861669540405,0.12063582241535187,,,,,,,,,,,
118,0.15996092557907104,0.15996092557907104,MoE-sBOED,0.06917071342468262,7552,3.605668783187866,1.384968876838684,0.0021509691141545773,0.2540349066257477,0.12064391374588013,,,,,,,,,,,
119,0.15925781428813934,0.15925781428813934,MoE-sBOED,0.06868648529052734,7616,3.5487804412841797,1.384546160697937,0.0015226555988192558,0.2552132308483124,0.1206611841917038,,,,,,,,,,,
120,0.1567968726158142,0.1567968726158142,MoE-sBOED,0.06947684288024902,7680,3.5234856605529785,1.384107232093811,0.0012910839868709445,0.25816887617111206,0.12068964540958405,,,,,,,,,,,
121,0.16101562976837158,0.16101562976837158,MoE-sBOED,0.06869697570800781,7744,3.560905933380127,1.3845561742782593,0.0014272496337071061,0.25410282611846924,0.12067725509405136,,,,,,,,,,,
122,0.15714845061302185,0.15714845061302185,MoE-sBOED,0.06874346733093262,7808,3.6268959045410156,1.3850454092025757,0.0010750063229352236,0.2556747794151306,0.12063797563314438,,,,,,,,,,,
123,0.16453124582767487,0.16453124582767487,MoE-sBOED,0.06867647171020508,7872,3.697100877761841,1.3852243423461914,0.0011173946550115943,0.2593352198600769,0.12063205242156982,,,,,,,,,,,
124,0.15292969346046448,0.15292969346046448,MoE-sBOED,0.06872224807739258,7936,3.5909481048583984,1.3852661848068237,0.0009926953352987766,0.26181963086128235,0.12064027786254883,,,,,,,,,,,
125,0.15996094048023224,0.15996094048023224,MoE-sBOED,0.06879615783691406,8000,3.5316452980041504,1.3851202726364136,0.0012560131726786494,0.26414498686790466,0.12061046063899994,0.14712890625,0.07197265625,29,2.4222385286409804,0.2265625,0.078125,0,0.00193359375,1000.35322265625,0,diagnostic_only
126,0.1676953136920929,0.1676953136920929,MoE-sBOED,0.06823396682739258,8064,3.397963762283325,1.3850911855697632,0.0019808183424174786,0.26406583189964294,0.12055601924657822,,,,,,,,,,,
127,0.15714843571186066,0.15714843571186066,MoE-sBOED,0.06844568252563477,8128,3.4638023376464844,1.3852001428604126,0.001259507262147963,0.2622375190258026,0.12048988789319992,,,,,,,,,,,
128,0.15785156190395355,0.15785156190395355,MoE-sBOED,0.06867265701293945,8192,3.5859668254852295,1.3855446577072144,0.0011974680237472057,0.2600679099559784,0.12042476236820221,,,,,,,,,,,
129,0.1560937464237213,0.1560937464237213,MoE-sBOED,0.06883072853088379,8256,3.5797104835510254,1.3858596086502075,0.0014057225780561566,0.2577870786190033,0.1203942745923996,,,,,,,,,,,
130,0.15117187798023224,0.15117187798023224,MoE-sBOED,0.06891179084777832,8320,3.4036529064178467,1.3857452869415283,0.0011383026139810681,0.25517353415489197,0.12043407559394836,,,,,,,,,,,
131,0.15925781428813934,0.15925781428813934,MoE-sBOED,0.06866073608398438,8384,3.4381778240203857,1.3858203887939453,0.0008590957149863243,0.25527748465538025,0.12050694227218628,,,,,,,,,,,
132,0.15925781428813934,0.15925781428813934,MoE-sBOED,0.0687875747680664,8448,3.611760377883911,1.3860176801681519,0.000856899656355381,0.25414833426475525,0.12055432796478271,,,,,,,,,,,
133,0.14308594167232513,0.14308594167232513,MoE-sBOED,0.0688927173614502,8512,3.608802080154419,1.386139988899231,0.0010715232929214835,0.25164997577667236,0.12054656445980072,,,,,,,,,,,
134,0.16382811963558197,0.16382811963558197,MoE-sBOED,0.0686333179473877,8576,3.6099019050598145,1.386073350906372,0.0010025498922914267,0.25398167967796326,0.12057426571846008,,,,,,,,,,,
135,0.1501171886920929,0.1501171886920929,MoE-sBOED,0.06918692588806152,8640,3.53727126121521,1.3857887983322144,0.0014808076666668057,0.260934978723526,0.12063419073820114,,,,,,,,,,,
136,0.15644532442092896,0.15644532442092896,MoE-sBOED,0.07030391693115234,8704,3.4831109046936035,1.385659098625183,0.0025620104279369116,0.2627798616886139,0.12067928165197372,,,,,,,,,,,
137,0.15257811546325684,0.15257811546325684,MoE-sBOED,0.06889224052429199,8768,3.460200548171997,1.3859071731567383,0.0023398753255605698,0.2568257749080658,0.12067973613739014,,,,,,,,,,,
138,0.15539062023162842,0.15539062023162842,MoE-sBOED,0.06858110427856445,8832,3.400158405303955,1.3858826160430908,0.0013842852786183357,0.256915420293808,0.12072257697582245,,,,,,,,,,,
139,0.15433593094348907,0.15433593094348907,MoE-sBOED,0.06864190101623535,8896,3.535170793533325,1.3859387636184692,0.0009396219393238425,0.2530231177806854,0.1207658126950264,,,,,,,,,,,
140,0.16242188215255737,0.16242188215255737,MoE-sBOED,0.06970334053039551,8960,3.6610162258148193,1.3857680559158325,0.0009786244481801987,0.25754353404045105,0.12080825120210648,,,,,,,,,,,
141,0.16382811963558197,0.16382811963558197,MoE-sBOED,0.06915521621704102,9024,3.6164638996124268,1.38536536693573,0.0008968275506049395,0.26394933462142944,0.12085127830505371,,,,,,,,,,,
142,0.16312500834465027,0.16312500834465027,MoE-sBOED,0.06847286224365234,9088,3.6284286975860596,1.384886384010315,0.0009433027007617056,0.2689145505428314,0.12088022381067276,,,,,,,,,,,
143,0.17015624046325684,0.17015624046325684,MoE-sBOED,0.06905889511108398,9152,3.590524673461914,1.3848222494125366,0.001000534393824637,0.26780110597610474,0.12090378254652023,,,,,,,,,,,
144,0.16875000298023224,0.16875000298023224,MoE-sBOED,0.0687260627746582,9216,3.5524895191192627,1.3852037191390991,0.0012492240639403462,0.25971341133117676,0.12090941518545151,,,,,,,,,,,
145,0.15644532442092896,0.15644532442092896,MoE-sBOED,0.06933403015136719,9280,3.5043962001800537,1.3850010633468628,0.0015219852793961763,0.255721777677536,0.12091401219367981,,,,,,,,,,,
146,0.17015627026557922,0.17015627026557922,MoE-sBOED,0.06845521926879883,9344,3.533348798751831,1.3851878643035889,0.0017543525900691748,0.2552206218242645,0.12091206014156342,,,,,,,,,,,
147,0.15925781428813934,0.15925781428813934,MoE-sBOED,0.0689232349395752,9408,3.5340282917022705,1.3850067853927612,0.001652314094826579,0.25811752676963806,0.12088195234537125,,,,,,,,,,,
148,0.16664062440395355,0.16664062440395355,MoE-sBOED,0.0686638355255127,9472,3.5791726112365723,1.384734869003296,0.001769168651662767,0.25863945484161377,0.12089282274246216,,,,,,,,,,,
149,0.14906248450279236,0.14906248450279236,MoE-sBOED,0.06846046447753906,9536,3.5480973720550537,1.3845598697662354,0.0011679013259708881,0.25601956248283386,0.12092826515436172,,,,,,,,,,,
150,0.16277343034744263,0.16277343034744263,MoE-sBOED,0.06859135627746582,9600,3.6071135997772217,1.38485586643219,0.0011961994459852576,0.25740399956703186,0.12095452100038528,0.1466015625,0.0663671875,28,2.8028597474054804,0.21875,0.0625,0,0.00158203125,1000.1913671875,0,diagnostic_only
151,0.1501171886920929,0.1501171886920929,MoE-sBOED,0.0683286190032959,9664,3.4578120708465576,1.3847181797027588,0.0016730637289583683,0.258310467004776,0.12096406519412994,,,,,,,,,,,
152,0.16277344524860382,0.16277344524860382,MoE-sBOED,0.06864500045776367,9728,3.5374016761779785,1.3850455284118652,0.0020951717160642147,0.25284433364868164,0.12092430144548416,,,,,,,,,,,
153,0.16523437201976776,0.16523437201976776,MoE-sBOED,0.06839156150817871,9792,3.4227066040039062,1.384045958518982,0.0018007962498813868,0.2597355544567108,0.12088736146688461,,,,,,,,,,,
154,0.17085936665534973,0.17085936665534973,MoE-sBOED,0.06924843788146973,9856,3.6137893199920654,1.3849838972091675,0.001587499282322824,0.25292736291885376,0.120865598320961,,,,,,,,,,,
155,0.15363280475139618,0.15363280475139618,MoE-sBOED,0.06851673126220703,9920,3.708007574081421,1.3852368593215942,0.001088557532057166,0.2543269693851471,0.1208457350730896,,,,,,,,,,,
156,0.14308592677116394,0.14308592677116394,MoE-sBOED,0.06854748725891113,9984,3.536837100982666,1.384635090827942,0.0011244829511269927,0.2578674256801605,0.12084656953811646,,,,,,,,,,,
157,0.15398438274860382,0.15398438274860382,MoE-sBOED,0.06835699081420898,10048,3.5517146587371826,1.3846279382705688,0.0014261623146012425,0.25921183824539185,0.12084043771028519,,,,,,,,,,,
158,0.15925781428813934,0.15925781428813934,MoE-sBOED,0.06916570663452148,10112,3.52789306640625,1.3845961093902588,0.0014338473556563258,0.2584892809391022,0.1208125650882721,,,,,,,,,,,
159,0.15855470299720764,0.15855470299720764,MoE-sBOED,0.0685281753540039,10176,3.4953598976135254,1.3844395875930786,0.0015296865021809936,0.25660261511802673,0.1207946389913559,,,,,,,,,,,
160,0.16312500834465027,0.16312500834465027,MoE-sBOED,0.06924319267272949,10240,3.518261671066284,1.384630799293518,0.001382799237035215,0.25491270422935486,0.12076739966869354,,,,,,,,,,,
161,0.15398436784744263,0.15398436784744263,MoE-sBOED,0.06863594055175781,10304,3.6214911937713623,1.384662389755249,0.001323461881838739,0.2583814561367035,0.12074444442987442,,,,,,,,,,,
162,0.15117187798023224,0.15117187798023224,MoE-sBOED,0.06893515586853027,10368,3.5804882049560547,1.3844866752624512,0.0014918007655069232,0.2582540214061737,0.120754674077034,,,,,,,,,,,
163,0.15644532442092896,0.15644532442092896,MoE-sBOED,0.06930828094482422,10432,3.5108280181884766,1.3844908475875854,0.0016556914197281003,0.25626102089881897,0.12077232450246811,,,,,,,,,,,
164,0.16101562976837158,0.16101562976837158,MoE-sBOED,0.06857037544250488,10496,3.5847649574279785,1.384716272354126,0.0018489600624889135,0.2544895112514496,0.1207527443766594,,,,,,,,,,,
165,0.15785156190395355,0.15785156190395355,MoE-sBOED,0.06860709190368652,10560,3.6478118896484375,1.3850879669189453,0.00167657935526222,0.2548024654388428,0.12069915980100632,,,,,,,,,,,
166,0.17261719703674316,0.17261719703674316,MoE-sBOED,0.0686044692993164,10624,3.621985673904419,1.384995460510254,0.0014686485519632697,0.25585854053497314,0.12063763290643692,,,,,,,,,,,
167,0.16277343034744263,0.16277343034744263,MoE-sBOED,0.06869101524353027,10688,3.622936248779297,1.3846514225006104,0.001680469373241067,0.2559607923030853,0.1206410825252533,,,,,,,,,,,
168,0.15292969346046448,0.15292969346046448,MoE-sBOED,0.06865310668945312,10752,3.7203242778778076,1.38503897190094,0.0017558587715029716,0.25399908423423767,0.1206551194190979,,,,,,,,,,,
169,0.1596093773841858,0.1596093773841858,MoE-sBOED,0.06911468505859375,10816,3.7269623279571533,1.3847121000289917,0.0019797689747065306,0.25529080629348755,0.12064318358898163,,,,,,,,,,,
170,0.1662890613079071,0.1662890613079071,MoE-sBOED,0.06862592697143555,10880,3.670222043991089,1.3842357397079468,0.00178434862755239,0.2561083137989044,0.1206497922539711,,,,,,,,,,,
171,0.15996094048023224,0.15996094048023224,MoE-sBOED,0.06844973564147949,10944,3.5934391021728516,1.3839844465255737,0.001559844589792192,0.2531944215297699,0.1206647977232933,,,,,,,,,,,
172,0.16066405177116394,0.16066405177116394,MoE-sBOED,0.06868839263916016,11008,3.5980072021484375,1.383730173110962,0.0009483072208240628,0.2537168562412262,0.12061484158039093,,,,,,,,,,,
173,0.16136717796325684,0.16136717796325684,MoE-sBOED,0.06886100769042969,11072,3.54766583442688,1.3835794925689697,0.0009575856383889914,0.2541651427745819,0.12056874483823776,,,,,,,,,,,
174,0.16207030415534973,0.16207030415534973,MoE-sBOED,0.06859946250915527,11136,3.54533314704895,1.3834121227264404,0.0013909656554460526,0.2615121901035309,0.12055442482233047,,,,,,,,,,,
175,0.15503905713558197,0.15503905713558197,MoE-sBOED,0.0690774917602539,11200,3.568657636642456,1.3831647634506226,0.0021387420129030943,0.26862725615501404,0.12057072669267654,0.1494140625,0.08128906250000001,8,1.4743849203608281,0.0625,0.078125,0,0.00263671875,1000.3625390625,0,diagnostic_only
176,0.15925781428813934,0.15925781428813934,MoE-sBOED,0.06828737258911133,11264,3.512375593185425,1.383244276046753,0.002329719252884388,0.26419997215270996,0.12056755274534225,,,,,,,,,,,
177,0.1574999988079071,0.1574999988079071,MoE-sBOED,0.06882095336914062,11328,3.3615715503692627,1.3829480409622192,0.00218017166480422,0.25729864835739136,0.12057964503765106,,,,,,,,,,,
178,0.15574219822883606,0.15574219822883606,MoE-sBOED,0.06861567497253418,11392,3.3562819957733154,1.383483648300171,0.0019359142752364278,0.2555491626262665,0.12060879170894623,,,,,,,,,,,
179,0.1508203148841858,0.1508203148841858,MoE-sBOED,0.0684657096862793,11456,3.398395299911499,1.384013056755066,0.0015559820458292961,0.25412946939468384,0.12059672921895981,,,,,,,,,,,
180,0.15046873688697815,0.15046873688697815,MoE-sBOED,0.06923103332519531,11520,3.4299309253692627,1.3841835260391235,0.0015081459423527122,0.2579926550388336,0.12053873389959335,,,,,,,,,,,
181,0.14976562559604645,0.14976562559604645,MoE-sBOED,0.07040810585021973,11584,3.4841201305389404,1.3841578960418701,0.0015551592223346233,0.26510247588157654,0.12043929100036621,,,,,,,,,,,
182,0.1589062511920929,0.1589062511920929,MoE-sBOED,0.07021880149841309,11648,3.5861146450042725,1.3842880725860596,0.0015298613579943776,0.26740941405296326,0.12037861347198486,,,,,,,,,,,
183,0.16171875596046448,0.16171875596046448,MoE-sBOED,0.06970667839050293,11712,3.6388328075408936,1.3850942850112915,0.0020059773232787848,0.2538735568523407,0.12040989845991135,,,,,,,,,,,
184,0.1589062511920929,0.1589062511920929,MoE-sBOED,0.07042336463928223,11776,3.6396491527557373,1.384669303894043,0.002515522763133049,0.2574506402015686,0.12050751596689224,,,,,,,,,,,
185,0.15644532442092896,0.15644532442092896,MoE-sBOED,0.0697178840637207,11840,3.5517640113830566,1.383789300918579,0.003059120150282979,0.2596603333950043,0.12059377133846283,,,,,,,,,,,
186,0.16136719286441803,0.16136719286441803,MoE-sBOED,0.06883573532104492,11904,3.5293846130371094,1.3837791681289673,0.0030919210985302925,0.2593887448310852,0.12064728885889053,,,,,,,,,,,
187,0.16101562976837158,0.16101562976837158,MoE-sBOED,0.06847858428955078,11968,3.522430896759033,1.3837260007858276,0.0029203719459474087,0.2653951346874237,0.12071949243545532,,,,,,,,,,,
188,0.16277344524860382,0.16277344524860382,MoE-sBOED,0.06867623329162598,12032,3.571305990219116,1.3842765092849731,0.002073482610285282,0.2618337571620941,0.12067442387342453,,,,,,,,,,,
189,0.15714843571186066,0.15714843571186066,MoE-sBOED,0.06957578659057617,12096,3.568561553955078,1.3842742443084717,0.0015868599293753505,0.2635398507118225,0.12051453441381454,,,,,,,,,,,
190,0.16804687678813934,0.16804687678813934,MoE-sBOED,0.07049775123596191,12160,3.5947320461273193,1.3843588829040527,0.0011776770697906613,0.26027312874794006,0.12042824923992157,,,,,,,,,,,
191,0.1508203148841858,0.1508203148841858,MoE-sBOED,0.06853556632995605,12224,3.6159229278564453,1.384677529335022,0.0008873464539647102,0.2552965581417084,0.12042827904224396,,,,,,,,,,,
192,0.16382811963558197,0.16382811963558197,MoE-sBOED,0.06900644302368164,12288,3.563230276107788,1.3842161893844604,0.0010539897484704852,0.2537781596183777,0.12049474567174911,,,,,,,,,,,
193,0.16734376549720764,0.16734376549720764,MoE-sBOED,0.06857085227966309,12352,3.4474549293518066,1.383768916130066,0.0010772647801786661,0.258037805557251,0.12056343257427216,,,,,,,,,,,
194,0.1508203148841858,0.1508203148841858,MoE-sBOED,0.06864094734191895,12416,3.476177215576172,1.383812665939331,0.0009410845232196152,0.2567691504955292,0.12055537849664688,,,,,,,,,,,
195,0.1596093773841858,0.16468751430511475,MoE-sBOED,0.06909561157226562,12480,3.4610557556152344,1.383673906326294,0.0012310768943279982,0.25496935844421387,0.12051694840192795,,,,,,,,,,,
196,0.15046875178813934,0.15046875178813934,MoE-sBOED,0.06833767890930176,12544,3.4682443141937256,1.3835833072662354,0.0020409799180924892,0.2531355321407318,0.12054245173931122,,,,,,,,,,,
197,0.16347657144069672,0.16855469346046448,MoE-sBOED,0.06926631927490234,12608,3.561300754547119,1.3834894895553589,0.0020024583209306,0.26158198714256287,0.12061757594347,,,,,,,,,,,
198,0.15925781428813934,0.15925781428813934,MoE-sBOED,0.06908035278320312,12672,3.5092408657073975,1.3832944631576538,0.0035857530310750008,0.25975534319877625,0.12064667791128159,,,,,,,,,,,
199,0.15855470299720764,0.15855470299720764,MoE-sBOED,0.06856846809387207,12736,3.4354634284973145,1.3834646940231323,0.00328732724301517,0.25242334604263306,0.12065989524126053,,,,,,,,,,,
200,0.1648828089237213,0.1648828089237213,MoE-sBOED,0.06931233406066895,12800,3.483808994293213,1.3838226795196533,0.002275473903864622,0.253966361284256,0.1206783652305603,0.14748046875,0.06724609375,6,1.560030024055524,0.046875,0.0625,0,0.00158203125,1000.19224609375,0,diagnostic_only
201,0.16312500834465027,0.16312500834465027,MoE-sBOED,0.06827020645141602,12864,3.452953338623047,1.3840968608856201,0.00173018011264503,0.25189873576164246,0.12066304683685303,,,,,,,,,,,
202,0.15925782918930054,0.15925782918930054,MoE-sBOED,0.07758498191833496,12928,3.56559681892395,1.3844823837280273,0.0016627046279609203,0.25492095947265625,0.12058810144662857,,,,,,,,,,,
203,0.16066406667232513,0.16066406667232513,MoE-sBOED,0.07098960876464844,12992,3.456042528152466,1.3836599588394165,0.0015273361932486296,0.25681763887405396,0.12051187455654144,,,,,,,,,,,
204,0.1574999988079071,0.1574999988079071,MoE-sBOED,0.06856656074523926,13056,3.489494800567627,1.3836276531219482,0.0018586840014904737,0.25800666213035583,0.12042564898729324,,,,,,,,,,,
205,0.15855470299720764,0.15855470299720764,MoE-sBOED,0.06857681274414062,13120,3.395998477935791,1.383113980293274,0.0017480452079325914,0.2569279968738556,0.12035993486642838,,,,,,,,,,,
206,0.15714843571186066,0.15714843571186066,MoE-sBOED,0.06856989860534668,13184,3.471888780593872,1.3837555646896362,0.001254429342225194,0.2551664710044861,0.12029261142015457,,,,,,,,,,,
207,0.16347655653953552,0.16347655653953552,MoE-sBOED,0.06870079040527344,13248,3.51263427734375,1.384692907333374,0.0010104432003572583,0.25355735421180725,0.12022442370653152,,,,,,,,,,,
208,0.15257813036441803,0.15257813036441803,MoE-sBOED,0.06871271133422852,13312,3.540517568588257,1.3848645687103271,0.0008694010903127491,0.2539733350276947,0.12016580998897552,,,,,,,,,,,
209,0.16593751311302185,0.16593751311302185,MoE-sBOED,0.0690774917602539,13376,3.5919747352600098,1.3850128650665283,0.0011324555380269885,0.2542497217655182,0.12011562287807465,,,,,,,,,,,
210,0.15117189288139343,0.15117189288139343,MoE-sBOED,0.06879997253417969,13440,3.58135986328125,1.3849691152572632,0.002043121727183461,0.25557681918144226,0.12005580216646194,,,,,,,,,,,
211,0.1508203148841858,0.1508203148841858,MoE-sBOED,0.06903600692749023,13504,3.6633622646331787,1.3852657079696655,0.003072655526921153,0.2536725103855133,0.11998134106397629,,,,,,,,,,,
212,0.1508203148841858,0.1508203148841858,MoE-sBOED,0.06863570213317871,13568,3.6883485317230225,1.3853566646575928,0.0030493398662656546,0.25292426347732544,0.11986799538135529,,,,,,,,,,,
213,0.1669921875,0.1669921875,MoE-sBOED,0.0688619613647461,13632,3.634451389312744,1.3852401971817017,0.0024210866540670395,0.2564297616481781,0.11974406242370605,,,,,,,,,,,
214,0.16066406667232513,0.16066406667232513,MoE-sBOED,0.07076096534729004,13696,3.5546493530273438,1.3849066495895386,0.00124119792599231,0.25728797912597656,0.11964533478021622,,,,,,,,,,,
215,0.15785157680511475,0.15785157680511475,MoE-sBOED,0.06899189949035645,13760,3.5033695697784424,1.3846362829208374,0.0011754640145227313,0.2580776810646057,0.11955641210079193,,,,,,,,,,,
216,0.16453126072883606,0.16453126072883606,MoE-sBOED,0.06852865219116211,13824,3.5663535594940186,1.3847253322601318,0.0014280356699600816,0.25855594873428345,0.11950243264436722,,,,,,,,,,,
217,0.16593749821186066,0.16593749821186066,MoE-sBOED,0.06929874420166016,13888,3.601634979248047,1.384917974472046,0.001230636378750205,0.25719696283340454,0.1194746121764183,,,,,,,,,,,
218,0.14765626192092896,0.14765626192092896,MoE-sBOED,0.07020711898803711,13952,3.571535110473633,1.3848987817764282,0.0009370467741973698,0.2546461820602417,0.1194797158241272,,,,,,,,,,,
219,0.1596093773841858,0.1596093773841858,MoE-sBOED,0.06965303421020508,14016,3.556021213531494,1.38487708568573,0.000866596179548651,0.2536314129829407,0.11947239190340042,,,,,,,,,,,
220,0.16382813453674316,0.16382813453674316,MoE-sBOED,0.06880831718444824,14080,3.687779188156128,1.3851462602615356,0.0009647029801271856,0.2511306703090668,0.11945120245218277,,,,,,,,,,,
221,0.15292969346046448,0.15292969346046448,MoE-sBOED,0.06884598731994629,14144,3.5881004333496094,1.3849533796310425,0.0007496264879591763,0.2508981227874756,0.11943497508764267,,,,,,,,,,,
222,0.1676953136920929,0.1676953136920929,MoE-sBOED,0.0693519115447998,14208,3.6253182888031006,1.3849247694015503,0.0009332293411716819,0.2540004253387451,0.11944038420915604,,,,,,,,,,,
223,0.1560937464237213,0.1560937464237213,MoE-sBOED,0.06882905960083008,14272,3.532503604888916,1.3846038579940796,0.0012781252153217793,0.254065603017807,0.11944324523210526,,,,,,,,,,,
224,0.15714845061302185,0.15714845061302185,MoE-sBOED,0.06851458549499512,14336,3.581166982650757,1.3848613500595093,0.0018576461588963866,0.2545028626918793,0.11942232400178909,,,,,,,,,,,
225,0.15222656726837158,0.15222656726837158,MoE-sBOED,0.0704655647277832,14400,3.490807294845581,1.3846439123153687,0.001505702966824174,0.2538178861141205,0.11941291391849518,0.14607421874999998,0.060761718750000006,33,3.1312709486104464,0.2578125,0.046875,1,0.0012304687500000002,0.060761718750000006,1,diagnostic_only
226,0.16136719286441803,0.16136719286441803,MoE-sBOED,0.06824660301208496,14464,3.48044753074646,1.3847687244415283,0.000954785558860749,0.2515854835510254,0.11942741274833679,,,,,,,,,,,
227,0.15996094048023224,0.15996094048023224,MoE-sBOED,0.06881380081176758,14528,3.5197913646698,1.3848618268966675,0.0005046204896643758,0.2543554902076721,0.11944721639156342,,,,,,,,,,,
228,0.15785156190395355,0.15785156190395355,MoE-sBOED,0.0687263011932373,14592,3.463963270187378,1.3845475912094116,0.00047521060332655907,0.25888845324516296,0.11943192780017853,,,,,,,,,,,
229,0.16207033395767212,0.16207033395767212,MoE-sBOED,0.06864404678344727,14656,3.5295753479003906,1.3846940994262695,0.0006335150101222098,0.260193407535553,0.119438536465168,,,,,,,,,,,
230,0.15714845061302185,0.15714845061302185,MoE-sBOED,0.06866288185119629,14720,3.5403640270233154,1.3847472667694092,0.0008572515798732638,0.2597482204437256,0.11946608126163483,,,,,,,,,,,
231,0.1473046988248825,0.1473046988248825,MoE-sBOED,0.06977152824401855,14784,3.580294370651245,1.3848764896392822,0.0011663743061944842,0.2563703954219818,0.11948634684085846,,,,,,,,,,,
232,0.15328124165534973,0.15328124165534973,MoE-sBOED,0.06870079040527344,14848,3.5969340801239014,1.385009527206421,0.0011786653194576502,0.25636526942253113,0.1194920539855957,,,,,,,,,,,
233,0.1596093773841858,0.1596093773841858,MoE-sBOED,0.06825828552246094,14912,3.63346529006958,1.3851908445358276,0.0012350418837741017,0.2568701505661011,0.119499571621418,,,,,,,,,,,
234,0.1480078101158142,0.1480078101158142,MoE-sBOED,0.06850123405456543,14976,3.5774567127227783,1.3849681615829468,0.0013703556032851338,0.2545156180858612,0.1194838285446167,,,,,,,,,,,
235,0.15433594584465027,0.15433594584465027,MoE-sBOED,0.0693058967590332,15040,3.535351276397705,1.385058879852295,0.001142023247666657,0.25164058804512024,0.11946682631969452,,,,,,,,,,,
236,0.16136719286441803,0.16136719286441803,MoE-sBOED,0.06858992576599121,15104,3.603867292404175,1.3850229978561401,0.001552433124743402,0.2544211447238922,0.1194462925195694,,,,,,,,,,,
237,0.16171875596046448,0.16171875596046448,MoE-sBOED,0.06854915618896484,15168,3.5849289894104004,1.3848079442977905,0.0020810808055102825,0.2563306391239166,0.1194194108247757,,,,,,,,,,,
238,0.15539062023162842,0.15539062023162842,MoE-sBOED,0.06835722923278809,15232,3.598468065261841,1.3848037719726562,0.0022621082607656717,0.25751233100891113,0.11939945071935654,,,,,,,,,,,
239,0.1560937464237213,0.1560937464237213,MoE-sBOED,0.06835579872131348,15296,3.6651134490966797,1.3848876953125,0.0023592552170157433,0.2578379809856415,0.11940260231494904,,,,,,,,,,,
240,0.1669921875,0.17207030951976776,MoE-sBOED,0.06867671012878418,15360,3.6401050090789795,1.3849754333496094,0.0021708712447434664,0.25644782185554504,0.11941209435462952,,,,,,,,,,,
241,0.16101562976837158,0.16101562976837158,MoE-sBOED,0.06833028793334961,15424,3.455822706222534,1.3845964670181274,0.001542575191706419,0.2548874616622925,0.11940423399209976,,,,,,,,,,,
242,0.16417968273162842,0.16417968273162842,MoE-sBOED,0.06849837303161621,15488,3.5674569606781006,1.3848870992660522,0.0009210964781232178,0.25638553500175476,0.11937697976827621,,,,,,,,,,,
243,0.16207031905651093,0.16207031905651093,MoE-sBOED,0.06895565986633301,15552,3.5328807830810547,1.384837031364441,0.0004453661968000233,0.2558874785900116,0.11936201900243759,,,,,,,,,,,
244,0.15714843571186066,0.15714843571186066,MoE-sBOED,0.06935739517211914,15616,3.5383224487304688,1.3848435878753662,0.00021301419474184513,0.2565982937812805,0.11932346969842911,,,,,,,,,,,
245,0.1648828089237213,0.1648828089237213,MoE-sBOED,0.07096314430236816,15680,3.5920350551605225,1.3848154544830322,0.000349444686435163,0.25736671686172485,0.1192738488316536,,,,,,,,,,,
246,0.1589062511920929,0.1589062511920929,MoE-sBOED,0.06901192665100098,15744,3.622837781906128,1.384968638420105,0.0007084431126713753,0.2558228373527527,0.11926193535327911,,,,,,,,,,,
247,0.1596093773841858,0.1596093773841858,MoE-sBOED,0.06865334510803223,15808,3.5916264057159424,1.3850452899932861,0.0010833664564415812,0.2531338632106781,0.11926649510860443,,,,,,,,,,,
248,0.15363281965255737,0.15363281965255737,MoE-sBOED,0.06904268264770508,15872,3.519775867462158,1.3851888179779053,0.001118506770581007,0.2515334486961365,0.1192929819226265,,,,,,,,,,,
249,0.15468749403953552,0.15468749403953552,MoE-sBOED,0.06901383399963379,15936,3.574512481689453,1.3852837085723877,0.0009161917841993272,0.25288987159729004,0.11932895332574844,,,,,,,,,,,
250,0.16242188215255737,0.16242188215255737,MoE-sBOED,0.0687110424041748,16000,3.504120349884033,1.3851202726364136,0.0008297031163237989,0.25473853945732117,0.11933327466249466,0.14291015625,0.06091796875,15,2.101409752450571,0.1171875,0.0625,0,0.0014062500000000002,1000.18591796875,0,diagnostic_only
251,0.15363281965255737,0.15363281965255737,MoE-sBOED,0.06833004951477051,16064,3.4936363697052,1.385050654411316,0.0008837830973789096,0.2549411654472351,0.11932135373353958,,,,,,,,,,,
252,0.15714843571186066,0.15714843571186066,MoE-sBOED,0.07037568092346191,16128,3.5711567401885986,1.385184645652771,0.0009221633663401008,0.25365331768989563,0.11931578814983368,,,,,,,,,,,
253,0.15785156190395355,0.15785156190395355,MoE-sBOED,0.07031846046447754,16192,3.631854295730591,1.3854120969772339,0.000927103974390775,0.2525652348995209,0.11932528764009476,,,,,,,,,,,
254,0.1655859351158142,0.1655859351158142,MoE-sBOED,0.06851792335510254,16256,3.6001479625701904,1.3854678869247437,0.0008688904927112162,0.251502126455307,0.11935698986053467,,,,,,,,,,,
255,0.14695313572883606,0.14695313572883606,MoE-sBOED,0.06885004043579102,16320,3.559650421142578,1.3854782581329346,0.000863670720718801,0.25248539447784424,0.11937438696622849,,,,,,,,,,,
256,0.15644532442092896,0.15644532442092896,MoE-sBOED,0.06989002227783203,16384,3.4814915657043457,1.3853973150253296,0.0007371307001449168,0.2549590766429901,0.1193767786026001,,,,,,,,,,,
257,0.16945312917232513,0.16945312917232513,MoE-sBOED,0.06845641136169434,16448,3.629430055618286,1.3855489492416382,0.0008140905410982668,0.25332266092300415,0.11938309669494629,,,,,,,,,,,
258,0.16453126072883606,0.16453126072883606,MoE-sBOED,0.06856226921081543,16512,3.570646047592163,1.3853484392166138,0.001066650846041739,0.2548818290233612,0.11939159035682678,,,,,,,,,,,
259,0.15996095538139343,0.15996095538139343,MoE-sBOED,0.0692591667175293,16576,3.596223831176758,1.3852691650390625,0.0016907828394323587,0.2571585178375244,0.11941253393888474,,,,,,,,,,,
260,0.16207030415534973,0.16207030415534973,MoE-sBOED,0.06908464431762695,16640,3.6015586853027344,1.3852885961532593,0.001926812925375998,0.2545240819454193,0.11936219781637192,,,,,,,,,,,
261,0.16207031905651093,0.16207031905651093,MoE-sBOED,0.06844449043273926,16704,3.57305908203125,1.3853657245635986,0.0015801488189026713,0.2535460889339447,0.11929040402173996,,,,,,,,,,,
262,0.1648828089237213,0.1648828089237213,MoE-sBOED,0.06924986839294434,16768,3.5201776027679443,1.385140061378479,0.0013304318999871612,0.2525939345359802,0.11925294250249863,,,,,,,,,,,
263,0.1501171886920929,0.1501171886920929,MoE-sBOED,0.06902122497558594,16832,3.493074893951416,1.3852099180221558,0.0012867191107943654,0.2515711486339569,0.11920434236526489,,,,,,,,,,,
264,0.1501171886920929,0.1501171886920929,MoE-sBOED,0.06885719299316406,16896,3.5457475185394287,1.3853274583816528,0.0014831747394055128,0.25464484095573425,0.11919452995061874,,,,,,,,,,,
265,0.16207031905651093,0.16207031905651093,MoE-sBOED,0.06855416297912598,16960,3.6285107135772705,1.3853858709335327,0.0017069941386580467,0.2568378448486328,0.11919686198234558,,,,,,,,,,,
266,0.15398438274860382,0.15398438274860382,MoE-sBOED,0.0688011646270752,17024,3.5327770709991455,1.385299563407898,0.002171756001189351,0.2559077739715576,0.11920813471078873,,,,,,,,,,,
267,0.1567968726158142,0.1567968726158142,MoE-sBOED,0.06857538223266602,17088,3.4722862243652344,1.3852684497833252,0.002492668805643916,0.254482239484787,0.11921599507331848,,,,,,,,,,,
268,0.16382813453674316,0.16382813453674316,MoE-sBOED,0.06878662109375,17152,3.429515838623047,1.3852674961090088,0.0023073526099324226,0.25700774788856506,0.119240403175354,,,,,,,,,,,
269,0.16101562976837158,0.16101562976837158,MoE-sBOED,0.06879377365112305,17216,3.454230546951294,1.3853003978729248,0.0019307512557134032,0.25790926814079285,0.11926449835300446,,,,,,,,,,,
270,0.14765626192092896,0.14765626192092896,MoE-sBOED,0.06913113594055176,17280,3.5508124828338623,1.3854626417160034,0.001356941764242947,0.2566429674625397,0.11922019720077515,,,,,,,,,,,
271,0.158203125,0.158203125,MoE-sBOED,0.06987190246582031,17344,3.55102276802063,1.3852943181991577,0.0009645115933381021,0.25894322991371155,0.1190975159406662,,,,,,,,,,,
272,0.158203125,0.158203125,MoE-sBOED,0.06891918182373047,17408,3.588063955307007,1.3854258060455322,0.0009414986707270145,0.25844094157218933,0.11895421892404556,,,,,,,,,,,
273,0.158203125,0.158203125,MoE-sBOED,0.06911754608154297,17472,3.523169755935669,1.3853241205215454,0.0017580781131982803,0.2608707845211029,0.1188567653298378,,,,,,,,,,,
274,0.15503907203674316,0.15503907203674316,MoE-sBOED,0.06876134872436523,17536,3.447950839996338,1.385312795639038,0.002461522351950407,0.2611008882522583,0.11878988146781921,,,,,,,,,,,
275,0.15046876668930054,0.15046876668930054,MoE-sBOED,0.0702829360961914,17600,3.325549840927124,1.385136604309082,0.003253551432862878,0.26217523217201233,0.11876274645328522,0.14888671875,0.05673828125,4,0.966252854314515,0.03125,0.03125,1,0.000703125,0.05673828125,0,diagnostic_only
276,0.14167968928813934,0.14167968928813934,MoE-sBOED,0.06946229934692383,17664,3.2528152465820312,1.38521409034729,0.0039836326614022255,0.2638319730758667,0.11878763884305954,,,,,,,,,,,
277,0.1648828238248825,0.1648828238248825,MoE-sBOED,0.06911444664001465,17728,3.2285354137420654,1.3847904205322266,0.004166292492300272,0.26777884364128113,0.11883647739887238,,,,,,,,,,,
278,0.16312500834465027,0.16312500834465027,MoE-sBOED,0.0687103271484375,17792,3.285771131515503,1.3849152326583862,0.003651848528534174,0.2672590911388397,0.11887858062982559,,,,,,,,,,,
279,0.1515234410762787,0.1515234410762787,MoE-sBOED,0.06880617141723633,17856,3.39451003074646,1.3852958679199219,0.0030712606385350227,0.26030388474464417,0.11887316405773163,,,,,,,,,,,
280,0.14906251430511475,0.14906251430511475,MoE-sBOED,0.06875205039978027,17920,3.3857266902923584,1.385538101196289,0.00237282388843596,0.253815621137619,0.11882241815328598,,,,,,,,,,,
281,0.15328125655651093,0.15328125655651093,MoE-sBOED,0.06846761703491211,17984,3.4898781776428223,1.3855748176574707,0.001883452758193016,0.2583636939525604,0.11874249577522278,,,,,,,,,,,
282,0.1567968726158142,0.1567968726158142,MoE-sBOED,0.06878924369812012,18048,3.5274369716644287,1.385520339012146,0.0017040478996932507,0.25953635573387146,0.11866824328899384,,,,,,,,,,,
283,0.15503907203674316,0.15503907203674316,MoE-sBOED,0.0687401294708252,18112,3.3904025554656982,1.3851873874664307,0.001337334862910211,0.26157331466674805,0.11862628161907196,,,,,,,,,,,
284,0.15503907203674316,0.15503907203674316,MoE-sBOED,0.06857824325561523,18176,3.3396942615509033,1.3852455615997314,0.0013304315507411957,0.2595592141151428,0.11861082166433334,,,,,,,,,,,
285,0.16277344524860382,0.16277344524860382,MoE-sBOED,0.06906962394714355,18240,3.430114507675171,1.3853466510772705,0.0017190342769026756,0.2561991214752197,0.11860670149326324,,,,,,,,,,,
286,0.15433593094348907,0.15941405296325684,MoE-sBOED,0.06978535652160645,18304,3.3519058227539062,1.3852647542953491,0.0015002116560935974,0.25959762930870056,0.11861603707075119,,,,,,,,,,,
287,0.1567968726158142,0.1567968726158142,MoE-sBOED,0.06955099105834961,18368,3.4745006561279297,1.3852458000183105,0.0014523601857945323,0.2607647478580475,0.11863541603088379,,,,,,,,,,,
288,0.15433594584465027,0.15433594584465027,MoE-sBOED,0.06971549987792969,18432,3.5039260387420654,1.3851226568222046,0.0014674213016405702,0.2585771679878235,0.11864648014307022,,,,,,,,,,,
289,0.15046876668930054,0.15046876668930054,MoE-sBOED,0.06851005554199219,18496,3.4932734966278076,1.385073184967041,0.0016070285346359015,0.2559523582458496,0.11867846548557281,,,,,,,,,,,
290,0.15257813036441803,0.15257813036441803,MoE-sBOED,0.06865692138671875,18560,3.4894893169403076,1.3851159811019897,0.0017608521739020944,0.25431764125823975,0.11869504302740097,,,,,,,,,,,
291,0.15996094048023224,0.15996094048023224,MoE-sBOED,0.06847882270812988,18624,3.466249465942383,1.3852816820144653,0.0015071831876412034,0.252803236246109,0.11861720681190491,,,,,,,,,,,
292,0.14238281548023224,0.14238281548023224,MoE-sBOED,0.0686037540435791,18688,3.4440293312072754,1.3854140043258667,0.0013124225661158562,0.2535739839076996,0.11855779588222504,,,,,,,,,,,
293,0.15187500417232513,0.15187500417232513,MoE-sBOED,0.06912779808044434,18752,3.4406731128692627,1.3854035139083862,0.0013861330226063728,0.2526732385158539,0.11856527626514435,,,,,,,,,,,
294,0.16101562976837158,0.16101562976837158,MoE-sBOED,0.06858253479003906,18816,3.4980227947235107,1.3853398561477661,0.0016421438194811344,0.2544252574443817,0.11858533322811127,,,,,,,,,,,
295,0.14343750476837158,0.14343750476837158,MoE-sBOED,0.06881546974182129,18880,3.4432175159454346,1.3853578567504883,0.0016276381211355329,0.254172146320343,0.11861862987279892,,,,,,,,,,,
296,0.16101562976837158,0.16101562976837158,MoE-sBOED,0.06853508949279785,18944,3.5080857276916504,1.3850964307785034,0.001977782230824232,0.2563190162181854,0.1186361312866211,,,,,,,,,,,
297,0.14414063096046448,0.14414063096046448,MoE-sBOED,0.06926584243774414,19008,3.4732167720794678,1.3840678930282593,0.0022217286750674248,0.2607467472553253,0.11861730366945267,,,,,,,,,,,
298,0.15292969346046448,0.15292969346046448,MoE-sBOED,0.06883907318115234,19072,3.5594756603240967,1.3836209774017334,0.0028040918987244368,0.26091858744621277,0.11861518025398254,,,,,,,,,,,
299,0.1589062511920929,0.1589062511920929,MoE-sBOED,0.06944465637207031,19136,3.5009942054748535,1.3829132318496704,0.002752371598035097,0.2626131772994995,0.11858859658241272,,,,,,,,,,,
300,0.15328125655651093,0.15328125655651093,MoE-sBOED,0.06917905807495117,19200,3.541527509689331,1.383823037147522,0.0025451278779655695,0.25616127252578735,0.1185486912727356,0.151171875,0.076015625,38,3.2645668439351265,0.296875,0.078125,0,0.00193359375,1000.357265625,1,diagnostic_only
301,0.1515234410762787,0.1515234410762787,MoE-sBOED,0.06846952438354492,19264,3.4591100215911865,1.3837990760803223,0.0023753857240080833,0.25546613335609436,0.11851377785205841,,,,,,,,,,,
302,0.1574999988079071,0.1574999988079071,MoE-sBOED,0.06855320930480957,19328,3.48081374168396,1.3843319416046143,0.0020652622915804386,0.25799790024757385,0.11850598454475403,,,,,,,,,,,
303,0.1567968726158142,0.1567968726158142,MoE-sBOED,0.06880760192871094,19392,3.546924591064453,1.3846607208251953,0.001960907829925418,0.25987860560417175,0.11854249984025955,,,,,,,,,,,
304,0.1589062511920929,0.1589062511920929,MoE-sBOED,0.06861138343811035,19456,3.5002212524414062,1.384748935699463,0.0021560434252023697,0.2611651122570038,0.11860918253660202,,,,,,,,,,,
305,0.15187498927116394,0.1569531261920929,MoE-sBOED,0.06895995140075684,19520,3.5590763092041016,1.3850719928741455,0.002268432639539242,0.25977623462677,0.1186503991484642,,,,,,,,,,,
306,0.16207031905651093,0.16207031905651093,MoE-sBOED,0.06855297088623047,19584,3.5433671474456787,1.3846725225448608,0.002150696236640215,0.2557288706302643,0.11863864213228226,,,,,,,,,,,
307,0.1473046839237213,0.1473046839237213,MoE-sBOED,0.0691385269165039,19648,3.521024465560913,1.3842480182647705,0.0021719953510910273,0.2531949579715729,0.1186215952038765,,,,,,,,,,,
308,0.1676953136920929,0.1676953136920929,MoE-sBOED,0.0688018798828125,19712,3.5227296352386475,1.3841205835342407,0.002024449408054352,0.2526463568210602,0.1185818761587143,,,,,,,,,,,
309,0.16347655653953552,0.16347655653953552,MoE-sBOED,0.06893777847290039,19776,3.5733132362365723,1.3847194910049438,0.0017757423920556903,0.2538275420665741,0.11853298544883728,,,,,,,,,,,
310,0.16382811963558197,0.16382811963558197,MoE-sBOED,0.06900334358215332,19840,3.5773911476135254,1.3848384618759155,0.0015515661798417568,0.2540615499019623,0.11850397288799286,,,,,,,,,,,
311,0.15503907203674316,0.15503907203674316,MoE-sBOED,0.0688328742980957,19904,3.5242955684661865,1.3848187923431396,0.001257720054127276,0.25250449776649475,0.11843601614236832,,,,,,,,,,,
312,0.16101562976837158,0.16101562976837158,MoE-sBOED,0.07010602951049805,19968,3.6418845653533936,1.3852590322494507,0.0009134231950156391,0.2573549747467041,0.11834652721881866,,,,,,,,,,,
313,0.1662890613079071,0.17136718332767487,MoE-sBOED,0.06963467597961426,20032,3.63604998588562,1.3851280212402344,0.0007419323083013296,0.260345995426178,0.1182846873998642,,,,,,,,,,,
314,0.15855470299720764,0.15855470299720764,MoE-sBOED,0.06899213790893555,20096,3.683589220046997,1.385672926902771,0.000767979770898819,0.2587617039680481,0.11823589354753494,,,,,,,,,,,
315,0.1596093773841858,0.1596093773841858,MoE-sBOED,0.06867361068725586,20160,3.5648200511932373,1.385589361190796,0.0011354066664353013,0.25312232971191406,0.11816539615392685,,,,,,,,,,,
316,0.14765626192092896,0.14765626192092896,MoE-sBOED,0.06841683387756348,20224,3.5367157459259033,1.3854458332061768,0.0015671075088903308,0.2554263770580292,0.11807780712842941,,,,,,,,,,,
317,0.16417968273162842,0.16417968273162842,MoE-sBOED,0.06889700889587402,20288,3.5464959144592285,1.3852317333221436,0.0021363345440477133,0.25599098205566406,0.11796262115240097,,,,,,,,,,,
318,0.15328125655651093,0.15328125655651093,MoE-sBOED,0.0691061019897461,20352,3.5093789100646973,1.3851603269577026,0.0025240269023925066,0.2579730451107025,0.11786629259586334,,,,,,,,,,,
319,0.15714845061302185,0.16222655773162842,MoE-sBOED,0.06864666938781738,20416,3.520643711090088,1.3851770162582397,0.0024621488992124796,0.2587827742099762,0.11783013492822647,,,,,,,,,,,
320,0.14554688334465027,0.14554688334465027,MoE-sBOED,0.06932973861694336,20480,3.581979513168335,1.3854382038116455,0.0021595521830022335,0.25836193561553955,0.11783835291862488,,,,,,,,,,,
321,0.1515234410762787,0.1515234410762787,MoE-sBOED,0.0691232681274414,20544,3.5164096355438232,1.3849543333053589,0.001881028525531292,0.26061272621154785,0.11786140501499176,,,,,,,,,,,
322,0.14765626192092896,0.14765626192092896,MoE-sBOED,0.06872010231018066,20608,3.530836582183838,1.3849501609802246,0.0017572387587279081,0.25983455777168274,0.11789251863956451,,,,,,,,,,,
323,0.1683984398841858,0.17699217796325684,MoE-sBOED,0.06934642791748047,20672,3.572850465774536,1.3850740194320679,0.0019430519314482808,0.2577735483646393,0.11791233718395233,,,,,,,,,,,
324,0.16207030415534973,0.16207030415534973,MoE-sBOED,0.07023453712463379,20736,3.571275472640991,1.3849786520004272,0.001937638153322041,0.2538709044456482,0.11790405213832855,,,,,,,,,,,
325,0.15925781428813934,0.15925781428813934,MoE-sBOED,0.06913423538208008,20800,3.6444435119628906,1.38519287109375,0.00177787896245718,0.2569936215877533,0.11786600202322006,0.14642578125,0.06287109375,29,2.989367711707403,0.2265625,0.046875,1,0.0014062500000000002,0.06287109375,0,diagnostic_only
326,0.14976562559604645,0.14976562559604645,MoE-sBOED,0.06966781616210938,20864,3.6528682708740234,1.3852643966674805,0.0014989565825089812,0.2579820156097412,0.11784046143293381,,,,,,,,,,,
327,0.14835938811302185,0.14835938811302185,MoE-sBOED,0.07114744186401367,20928,3.576251268386841,1.3849191665649414,0.000989554449915886,0.25682392716407776,0.11781308054924011,,,,,,,,,,,
328,0.15152345597743988,0.15152345597743988,MoE-sBOED,0.06848883628845215,20992,3.607680559158325,1.3851734399795532,0.0008241707109846175,0.2553466558456421,0.11777877807617188,,,,,,,,,,,
329,0.15996095538139343,0.15996095538139343,MoE-sBOED,0.0690762996673584,21056,3.5924603939056396,1.3851827383041382,0.0007303449674509466,0.2526540458202362,0.11775683611631393,,,,,,,,,,,
330,0.15996095538139343,0.15996095538139343,MoE-sBOED,0.06874990463256836,21120,3.5403077602386475,1.3852521181106567,0.0007484459201805294,0.2518150210380554,0.11776350438594818,,,,,,,,,,,
331,0.1648828089237213,0.1648828089237213,MoE-sBOED,0.06850457191467285,21184,3.5020179748535156,1.3850443363189697,0.0008001159294508398,0.25222185254096985,0.11776793003082275,,,,,,,,,,,
332,0.158203125,0.158203125,MoE-sBOED,0.0691978931427002,21248,3.5184860229492188,1.3849958181381226,0.0008848030120134354,0.25353431701660156,0.11776632070541382,,,,,,,,,,,
333,0.15503907203674316,0.15503907203674316,MoE-sBOED,0.07036447525024414,21312,3.536088705062866,1.3848506212234497,0.0008990417118184268,0.25565072894096375,0.1177726686000824,,,,,,,,,,,
334,0.1515234410762787,0.1515234410762787,MoE-sBOED,0.07012176513671875,21376,3.4879086017608643,1.384428858757019,0.001034673536196351,0.25841328501701355,0.11777428537607193,,,,,,,,,,,
335,0.15468750894069672,0.15468750894069672,MoE-sBOED,0.06849551200866699,21440,3.486348867416382,1.3844712972640991,0.0012954645790159702,0.2607834041118622,0.1177717000246048,,,,,,,,,,,
336,0.15714845061302185,0.15714845061302185,MoE-sBOED,0.06880497932434082,21504,3.404972791671753,1.3836746215820312,0.0008862077374942601,0.26043805480003357,0.1177704706788063,,,,,,,,,,,
337,0.16523437201976776,0.16523437201976776,MoE-sBOED,0.06835055351257324,21568,3.50079345703125,1.3838285207748413,0.0008303121430799365,0.2590298354625702,0.11777355521917343,,,,,,,,,,,
338,0.1567968726158142,0.1567968726158142,MoE-sBOED,0.06910061836242676,21632,3.4597060680389404,1.3835638761520386,0.0007695399690419436,0.2566908597946167,0.11777174472808838,,,,,,,,,,,
339,0.1515234410762787,0.1515234410762787,MoE-sBOED,0.06884431838989258,21696,3.4868786334991455,1.3832600116729736,0.0007549714064225554,0.2549230754375458,0.11775726079940796,,,,,,,,,,,
340,0.1473046839237213,0.1473046839237213,MoE-sBOED,0.07061195373535156,21760,3.5098907947540283,1.382927417755127,0.0007595333736389875,0.2539058029651642,0.11773737519979477,,,,,,,,,,,
341,0.15503907203674316,0.15503907203674316,MoE-sBOED,0.06852889060974121,21824,3.5385684967041016,1.3828972578048706,0.0008531460771337152,0.2540086805820465,0.11770878732204437,,,,,,,,,,,
342,0.1553906351327896,0.1553906351327896,MoE-sBOED,0.06888604164123535,21888,3.470109701156616,1.381935477256775,0.0009505113703198731,0.25297197699546814,0.11770178377628326,,,,,,,,,,,
343,0.15363281965255737,0.15363281965255737,MoE-sBOED,0.06894659996032715,21952,3.5510079860687256,1.382490873336792,0.0010025901719927788,0.2517216205596924,0.11769916862249374,,,,,,,,,,,
344,0.15257814526557922,0.15257814526557922,MoE-sBOED,0.06850671768188477,22016,3.4967408180236816,1.3815070390701294,0.0010359555017203093,0.25298449397087097,0.11768266558647156,,,,,,,,,,,
345,0.1596093624830246,0.1596093624830246,MoE-sBOED,0.06963014602661133,22080,3.5119004249572754,1.382371187210083,0.0009400434209965169,0.25346633791923523,0.11767430603504181,,,,,,,,,,,
346,0.16347657144069672,0.16347657144069672,MoE-sBOED,0.06956601142883301,22144,3.4451851844787598,1.3819302320480347,0.0007783498731441796,0.25332748889923096,0.1177004873752594,,,,,,,,,,,
347,0.15257811546325684,0.15257811546325684,MoE-sBOED,0.07034420967102051,22208,3.3979148864746094,1.3825513124465942,0.0005908770835958421,0.25492024421691895,0.11772842705249786,,,,,,,,,,,
348,0.15539062023162842,0.15539062023162842,MoE-sBOED,0.0684964656829834,22272,3.4414024353027344,1.3830702304840088,0.0005948320613242686,0.25526663661003113,0.11776941269636154,,,,,,,,,,,
349,0.16664062440395355,0.16664062440395355,MoE-sBOED,0.0690004825592041,22336,3.469139814376831,1.3836036920547485,0.0009084524353966117,0.25483623147010803,0.11783710867166519,,,,,,,,,,,
350,0.1567968726158142,0.1567968726158142,MoE-sBOED,0.06906533241271973,22400,3.3841216564178467,1.3832387924194336,0.0014977920800447464,0.2550118565559387,0.11794018745422363,0.14150390625,0.07767578125,31,3.0904649328912424,0.2421875,0.0859375,0,0.00298828125,1000.43705078125,0,diagnostic_only
351,0.15574219822883606,0.15574219822883606,MoE-sBOED,0.06874251365661621,22464,3.3522701263427734,1.383815050125122,0.001975988270714879,0.2555663287639618,0.11802533268928528,,,,,,,,,,,
352,0.16136719286441803,0.16136719286441803,MoE-sBOED,0.07013297080993652,22528,3.385094165802002,1.3841739892959595,0.0022546725813299417,0.25634023547172546,0.11805903166532516,,,,,,,,,,,
353,0.1603125035762787,0.1603125035762787,MoE-sBOED,0.06964659690856934,22592,3.4999654293060303,1.384725570678711,0.002717627678066492,0.256064236164093,0.11807990074157715,,,,,,,,,,,
354,0.15574219822883606,0.15574219822883606,MoE-sBOED,0.06927776336669922,22656,3.527116060256958,1.3853285312652588,0.003096409607678652,0.2538434565067291,0.11810259521007538,,,,,,,,,,,
355,0.15187500417232513,0.15187500417232513,MoE-sBOED,0.06883049011230469,22720,3.599487781524658,1.3854948282241821,0.0036583361215889454,0.2517676055431366,0.11811492592096329,,,,,,,,,,,
356,0.16207031905651093,0.16207031905651093,MoE-sBOED,0.07023334503173828,22784,3.5273988246917725,1.3848950862884521,0.0034468481317162514,0.2526402175426483,0.11810378730297089,,,,,,,,,,,
357,0.15328125655651093,0.15328125655651093,MoE-sBOED,0.06909298896789551,22848,3.558103561401367,1.3850256204605103,0.0026829573325812817,0.2545726001262665,0.11812833696603775,,,,,,,,,,,
358,0.1603125035762787,0.1603125035762787,MoE-sBOED,0.06917595863342285,22912,3.6182639598846436,1.3851721286773682,0.0019298825645819306,0.2554851472377777,0.118122898042202,,,,,,,,,,,
359,0.16382813453674316,0.16382813453674316,MoE-sBOED,0.06853985786437988,22976,3.4879348278045654,1.3844012022018433,0.0011375428875908256,0.25495409965515137,0.11809235066175461,,,,,,,,,,,
360,0.16242188215255737,0.16242188215255737,MoE-sBOED,0.06903815269470215,23040,3.5665643215179443,1.3842130899429321,0.0008765071979723871,0.2549876868724823,0.11805255711078644,,,,,,,,,,,
361,0.158203125,0.158203125,MoE-sBOED,0.06892156600952148,23104,3.5588302612304688,1.3834458589553833,0.0008904016576707363,0.25718846917152405,0.11801795661449432,,,,,,,,,,,
362,0.1729687601327896,0.1729687601327896,MoE-sBOED,0.06971049308776855,23168,3.5438592433929443,1.3835915327072144,0.001033059787005186,0.2576717734336853,0.11795441061258316,,,,,,,,,,,
363,0.1596093773841858,0.1596093773841858,MoE-sBOED,0.07028913497924805,23232,3.5142288208007812,1.3833385705947876,0.0009805195732042193,0.2575269341468811,0.11790397018194199,,,,,,,,,,,
364,0.16593749821186066,0.16593749821186066,MoE-sBOED,0.0690622329711914,23296,3.5557408332824707,1.3839027881622314,0.0008220580057241023,0.25713977217674255,0.11789141595363617,,,,,,,,,,,
365,0.15785156190395355,0.15785156190395355,MoE-sBOED,0.06853771209716797,23360,3.5465877056121826,1.3841081857681274,0.0007537619676440954,0.25867411494255066,0.11788912117481232,,,,,,,,,,,
366,0.16207031905651093,0.16207031905651093,MoE-sBOED,0.06928229331970215,23424,3.5065155029296875,1.3843021392822266,0.0006661196821369231,0.25937196612358093,0.11793264001607895,,,,,,,,,,,
367,0.15996092557907104,0.15996092557907104,MoE-sBOED,0.07021665573120117,23488,3.50482439994812,1.3848129510879517,0.000666341045871377,0.2591807544231415,0.1179802343249321,,,,,,,,,,,
368,0.15503907203674316,0.15503907203674316,MoE-sBOED,0.07006645202636719,23552,3.4877121448516846,1.3850646018981934,0.0006329488242045045,0.2593561112880707,0.1180495023727417,,,,,,,,,,,
369,0.1515234410762787,0.1515234410762787,MoE-sBOED,0.06858110427856445,23616,3.4637372493743896,1.3852704763412476,0.0006427478510886431,0.2578844428062439,0.11811613291501999,,,,,,,,,,,
370,0.15257813036441803,0.15257813036441803,MoE-sBOED,0.06862330436706543,23680,3.504145860671997,1.385555624961853,0.0007526007830165327,0.2534426152706146,0.11817283183336258,,,,,,,,,,,
371,0.15785157680511475,0.15785157680511475,MoE-sBOED,0.06978249549865723,23744,3.4723994731903076,1.3853994607925415,0.0008946897578425705,0.2568601071834564,0.11824744194746017,,,,,,,,,,,
372,0.16382813453674316,0.16382813453674316,MoE-sBOED,0.07033181190490723,23808,3.4841983318328857,1.3851207494735718,0.0011687383521348238,0.25593724846839905,0.11830288916826248,,,,,,,,,,,
373,0.14976562559604645,0.14976562559604645,MoE-sBOED,0.0688633918762207,23872,3.3972439765930176,1.3844534158706665,0.0012693395838141441,0.25524091720581055,0.11834631115198135,,,,,,,,,,,
374,0.15925779938697815,0.15925779938697815,MoE-sBOED,0.0690925121307373,23936,3.3546130657196045,1.3838683366775513,0.0011751774000003934,0.2583765685558319,0.11842197179794312,,,,,,,,,,,
375,0.15222656726837158,0.15222656726837158,MoE-sBOED,0.06960225105285645,24000,3.347942352294922,1.3831974267959595,0.0012734178453683853,0.27014729380607605,0.11854303628206253,0.1487109375,0.05753906250000001,20,2.579963680858984,0.15625,0.0234375,1,0.0008789062500000001,0.05753906250000001,0,diagnostic_only
376,0.1494140625,0.1494140625,MoE-sBOED,0.06842660903930664,24064,3.4160866737365723,1.3829679489135742,0.0014355435268953443,0.2757285535335541,0.11865577101707458,,,,,,,,,,,
377,0.15433594584465027,0.15433594584465027,MoE-sBOED,0.06845951080322266,24128,3.493065357208252,1.382406234741211,0.0014839119976386428,0.2787742018699646,0.11878900974988937,,,,,,,,,,,
378,0.15574218332767487,0.16785156726837158,MoE-sBOED,0.06889009475708008,24192,3.381793975830078,1.3822085857391357,0.00155628880020231,0.27672943472862244,0.11896874755620956,,,,,,,,,,,
379,0.1596093773841858,0.1596093773841858,MoE-sBOED,0.06859636306762695,24256,3.40606951713562,1.3822230100631714,0.0017612229567021132,0.2702001929283142,0.11914125084877014,,,,,,,,,,,
380,0.15328125655651093,0.15328125655651093,MoE-sBOED,0.06952404975891113,24320,3.4164841175079346,1.3818670511245728,0.0017025650013238192,0.26527437567710876,0.11921928077936172,,,,,,,,,,,
381,0.16171875596046448,0.16171875596046448,MoE-sBOED,0.07028770446777344,24384,3.4995479583740234,1.3825968503952026,0.0016566249541938305,0.2611750066280365,0.11932944506406784,,,,,,,,,,,
382,0.14625000953674316,0.14625000953674316,MoE-sBOED,0.06972384452819824,24448,3.543562412261963,1.3813453912734985,0.0015791463665664196,0.25287261605262756,0.11942097544670105,,,,,,,,,,,
383,0.15714843571186066,0.15714843571186066,MoE-sBOED,0.06857967376708984,24512,3.5670526027679443,1.3799333572387695,0.0013627659063786268,0.26038241386413574,0.1194235160946846,,,,,,,,,,,
384,0.1655859351158142,0.1655859351158142,MoE-sBOED,0.06855082511901855,24576,3.6363685131073,1.3795299530029297,0.0012271481100469828,0.26370957493782043,0.11935905367136002,,,,,,,,,,,
385,0.15785157680511475,0.15785157680511475,MoE-sBOED,0.06891393661499023,24640,3.650172472000122,1.3792222738265991,0.0011146212927997112,0.2653590440750122,0.11928828805685043,,,,,,,,,,,
386,0.1560937613248825,0.1560937613248825,MoE-sBOED,0.06888294219970703,24704,3.5743255615234375,1.3756293058395386,0.001121692592278123,0.2701948583126068,0.11919645965099335,,,,,,,,,,,
387,0.1655859351158142,0.17769530415534973,MoE-sBOED,0.06924653053283691,24768,3.5901906490325928,1.3767849206924438,0.0012108396040275693,0.266394704580307,0.11912096291780472,,,,,,,,,,,
388,0.16804687678813934,0.16804687678813934,MoE-sBOED,0.07055807113647461,24832,3.5388107299804688,1.3740984201431274,0.0013329153880476952,0.2660697400569916,0.11904988437891006,,,,,,,,,,,
389,0.15328125655651093,0.15328125655651093,MoE-sBOED,0.06917119026184082,24896,3.5591018199920654,1.375380516052246,0.0013157939538359642,0.2604805529117584,0.11898668855428696,,,,,,,,,,,
390,0.14835938811302185,0.14835938811302185,MoE-sBOED,0.0705561637878418,24960,3.511899709701538,1.3744628429412842,0.0009672960150055587,0.25982245802879333,0.11894882470369339,,,,,,,,,,,
391,0.16242188215255737,0.16242188215255737,MoE-sBOED,0.06957483291625977,25024,3.4968483448028564,1.3742183446884155,0.0007524644606746733,0.2584112882614136,0.1188892126083374,,,,,,,,,,,
392,0.16347655653953552,0.16347655653953552,MoE-sBOED,0.06896352767944336,25088,3.5172221660614014,1.3759952783584595,0.0006632493459619582,0.25753840804100037,0.11879169940948486,,,,,,,,,,,
393,0.1655859351158142,0.1655859351158142,MoE-sBOED,0.06861662864685059,25152,3.51642107963562,1.377636194229126,0.0007138685323297977,0.2572728097438812,0.11873570084571838,,,,,,,,,,,
394,0.1676953136920929,0.1676953136920929,MoE-sBOED,0.06858992576599121,25216,3.5747647285461426,1.3796180486679077,0.0007943896343931556,0.2528076767921448,0.11867320537567139,,,,,,,,,,,
395,0.1589062511920929,0.1589062511920929,MoE-sBOED,0.06858563423156738,25280,3.5825154781341553,1.380730390548706,0.0008572842343710363,0.25214990973472595,0.11859135329723358,,,,,,,,,,,
396,0.15539062023162842,0.15539062023162842,MoE-sBOED,0.06846475601196289,25344,3.522401809692383,1.3806322813034058,0.0010717380791902542,0.25528350472450256,0.11852513998746872,,,,,,,,,,,
397,0.17015625536441803,0.17015625536441803,MoE-sBOED,0.06917238235473633,25408,3.4972245693206787,1.3805012702941895,0.0013042180798947811,0.25635257363319397,0.11847136914730072,,,,,,,,,,,
398,0.16593751311302185,0.16593751311302185,MoE-sBOED,0.06877636909484863,25472,3.5039467811584473,1.381628394126892,0.0013104864628985524,0.2552088499069214,0.11845235526561737,,,,,,,,,,,
399,0.15187498927116394,0.15187498927116394,MoE-sBOED,0.06898260116577148,25536,3.4050209522247314,1.3814505338668823,0.0014287126250565052,0.25801989436149597,0.11840807646512985,,,,,,,,,,,
400,0.15328124165534973,0.15328124165534973,MoE-sBOED,0.06832337379455566,25600,3.5076282024383545,1.3831087350845337,0.0011455839267000556,0.25344401597976685,0.11830899864435196,0.1466015625,0.05875,8,1.771868227573417,0.0625,0.0390625,1,0.0010546875,0.05875,0,diagnostic_only
401,0.15257811546325684,0.15257811546325684,MoE-sBOED,0.06834197044372559,25664,3.4747231006622314,1.383548617362976,0.0012314249761402607,0.2543486952781677,0.11819399893283844,,,,,,,,,,,
402,0.14625000953674316,0.14625000953674316,MoE-sBOED,0.06834840774536133,25728,3.368123769760132,1.3821834325790405,0.001412740210071206,0.25787216424942017,0.1180783361196518,,,,,,,,,,,
403,0.15433594584465027,0.15433594584465027,MoE-sBOED,0.06876945495605469,25792,3.411034345626831,1.3820295333862305,0.0012233349261805415,0.2563624083995819,0.11799953877925873,,,,,,,,,,,
404,0.1560937464237213,0.1560937464237213,MoE-sBOED,0.06846809387207031,25856,3.4156997203826904,1.3823033571243286,0.001113420119509101,0.2577366828918457,0.11796621978282928,,,,,,,,,,,
405,0.15996094048023224,0.15996094048023224,MoE-sBOED,0.06859707832336426,25920,3.4101924896240234,1.3824394941329956,0.0011155994143337011,0.25867724418640137,0.11794595420360565,,,,,,,,,,,
406,0.16101562976837158,0.16101562976837158,MoE-sBOED,0.06930017471313477,25984,3.320218801498413,1.3818963766098022,0.0010676005622372031,0.2590607702732086,0.11794878542423248,,,,,,,,,,,
407,0.16312500834465027,0.16312500834465027,MoE-sBOED,0.06865930557250977,26048,3.3211047649383545,1.3827708959579468,0.000951459922362119,0.25679442286491394,0.11793617904186249,,,,,,,,,,,
408,0.1669921875,0.1669921875,MoE-sBOED,0.06862258911132812,26112,3.405778169631958,1.383379340171814,0.0011836205376312137,0.2540836036205292,0.11791342496871948,,,,,,,,,,,
409,0.16277343034744263,0.16277343034744263,MoE-sBOED,0.06850504875183105,26176,3.442591428756714,1.3840787410736084,0.0010340905282646418,0.2521461546421051,0.11790216714143753,,,,,,,,,,,
410,0.1560937464237213,0.1560937464237213,MoE-sBOED,0.06899785995483398,26240,3.3179283142089844,1.3834104537963867,0.0008856340427882969,0.2508581578731537,0.11790130287408829,,,,,,,,,,,
411,0.1515234410762787,0.1515234410762787,MoE-sBOED,0.0685274600982666,26304,3.2698254585266113,1.3834439516067505,0.0007222919957712293,0.25126516819000244,0.11790283024311066,,,,,,,,,,,
412,0.16277344524860382,0.16277344524860382,MoE-sBOED,0.06856107711791992,26368,3.5053863525390625,1.3843050003051758,0.0007406831136904657,0.25872060656547546,0.11789793521165848,,,,,,,,,,,
413,0.15644530951976776,0.15644530951976776,MoE-sBOED,0.0688774585723877,26432,3.3322465419769287,1.38303542137146,0.0005281723570078611,0.2541073262691498,0.11789102852344513,,,,,,,,,,,
414,0.15644532442092896,0.15644532442092896,MoE-sBOED,0.06856942176818848,26496,3.3942902088165283,1.3836437463760376,0.000567756884265691,0.2574097514152527,0.11791758239269257,,,,,,,,,,,
415,0.16066406667232513,0.16066406667232513,MoE-sBOED,0.06934928894042969,26560,3.4793641567230225,1.383641242980957,0.0006159863551147282,0.25884830951690674,0.11793917417526245,,,,,,,,,,,
416,0.1508203148841858,0.1508203148841858,MoE-sBOED,0.06855058670043945,26624,3.4730637073516846,1.3832262754440308,0.0010131043381989002,0.25569233298301697,0.11792517453432083,,,,,,,,,,,
417,0.1603125035762787,0.1603125035762787,MoE-sBOED,0.06919097900390625,26688,3.5252060890197754,1.3833650350570679,0.0017793189035728574,0.2546556890010834,0.11790213733911514,,,,,,,,,,,
418,0.1560937464237213,0.1560937464237213,MoE-sBOED,0.06887149810791016,26752,3.5857059955596924,1.3833225965499878,0.0010862648487091064,0.2537725865840912,0.11787079274654388,,,,,,,,,,,
419,0.16242188215255737,0.16242188215255737,MoE-sBOED,0.06895804405212402,26816,3.522552251815796,1.3827686309814453,0.0007619557436555624,0.25395655632019043,0.11786683648824692,,,,,,,,,,,
420,0.15714843571186066,0.15714843571186066,MoE-sBOED,0.06861710548400879,26880,3.6072871685028076,1.3830832242965698,0.0009228779235854745,0.255894273519516,0.11786117404699326,,,,,,,,,,,
421,0.15855468809604645,0.15855468809604645,MoE-sBOED,0.06844162940979004,26944,3.6408956050872803,1.3840583562850952,0.0008495538495481014,0.25538596510887146,0.11785752326250076,,,,,,,,,,,
422,0.1574999988079071,0.1574999988079071,MoE-sBOED,0.06926727294921875,27008,3.547689199447632,1.3828911781311035,0.0006955430144444108,0.25513219833374023,0.11783511191606522,,,,,,,,,,,
423,0.15855470299720764,0.15855470299720764,MoE-sBOED,0.06872034072875977,27072,3.483168125152588,1.3826206922531128,0.0006993879214860499,0.25462624430656433,0.11782047897577286,,,,,,,,,,,
424,0.15574219822883606,0.15574219822883606,MoE-sBOED,0.06904435157775879,27136,3.5387864112854004,1.382765769958496,0.0005659364396706223,0.25506001710891724,0.11781708896160126,,,,,,,,,,,
425,0.16312500834465027,0.16312500834465027,MoE-sBOED,0.06844639778137207,27200,3.6307990550994873,1.3836597204208374,0.0006114431307651103,0.2559375762939453,0.11781894415616989,0.14361328125,0.10205078125,32,3.1477659787285157,0.25,0.1328125,0,0.0047460937499999994,1000.93017578125,1,diagnostic_only
426,0.15046873688697815,0.15046873688697815,MoE-sBOED,0.06830072402954102,27264,3.647493839263916,1.3837026357650757,0.0008005477720871568,0.2545367479324341,0.1178121268749237,,,,,,,,,,,
427,0.16242188215255737,0.16242188215255737,MoE-sBOED,0.06792712211608887,27328,3.61553692817688,1.3827927112579346,0.0010410723043605685,0.2529958188533783,0.11779171973466873,,,,,,,,,,,
428,0.158203125,0.158203125,MoE-sBOED,0.06790399551391602,27392,3.5400211811065674,1.381463885307312,0.0008335732272826135,0.25420618057250977,0.11777026206254959,,,,,,,,,,,
429,0.15644530951976776,0.15644530951976776,MoE-sBOED,0.0681302547454834,27456,3.6371238231658936,1.3824571371078491,0.0006344708381220698,0.25289711356163025,0.11778076738119125,,,,,,,,,,,
430,0.1487109363079071,0.1487109363079071,MoE-sBOED,0.0684349536895752,27520,3.637892484664917,1.3828941583633423,0.0008982534054666758,0.25177136063575745,0.11781265586614609,,,,,,,,,,,
431,0.15503907203674316,0.15503907203674316,MoE-sBOED,0.06790542602539062,27584,3.584249973297119,1.3823647499084473,0.001261581783182919,0.2528608441352844,0.11783664673566818,,,,,,,,,,,
432,0.15925781428813934,0.15925781428813934,MoE-sBOED,0.07043123245239258,27648,3.573137044906616,1.382623314857483,0.001630605198442936,0.25407442450523376,0.11784782260656357,,,,,,,,,,,
433,0.15292969346046448,0.15292969346046448,MoE-sBOED,0.06795859336853027,27712,3.617807388305664,1.38394296169281,0.002105994848534465,0.25160059332847595,0.11786629259586334,,,,,,,,,,,
434,0.15574219822883606,0.15574219822883606,MoE-sBOED,0.06827616691589355,27776,3.647460699081421,1.3845566511154175,0.0026031341403722763,0.25525999069213867,0.11790011078119278,,,,,,,,,,,
435,0.15996094048023224,0.15996094048023224,MoE-sBOED,0.06819272041320801,27840,3.5592408180236816,1.3839963674545288,0.0029346244409680367,0.2572169005870819,0.11794233322143555,,,,,,,,,,,
436,0.15117187798023224,0.15117187798023224,MoE-sBOED,0.06815481185913086,27904,3.48307728767395,1.3837350606918335,0.0029051490128040314,0.26017844676971436,0.11799566447734833,,,,,,,,,,,
437,0.15398436784744263,0.15398436784744263,MoE-sBOED,0.0682365894317627,27968,3.5004520416259766,1.3840601444244385,0.002495420631021261,0.2667790949344635,0.1180906742811203,,,,,,,,,,,
438,0.16136717796325684,0.16136717796325684,MoE-sBOED,0.06789922714233398,28032,3.472827196121216,1.3835623264312744,0.0019600556697696447,0.2706737220287323,0.11820363998413086,,,,,,,,,,,
439,0.15785156190395355,0.15785156190395355,MoE-sBOED,0.06946396827697754,28096,3.405059814453125,1.3840031623840332,0.0013967612758278847,0.2644466459751129,0.11826921254396439,,,,,,,,,,,
440,0.1574999988079071,0.1574999988079071,MoE-sBOED,0.0704798698425293,28160,3.4845027923583984,1.3842281103134155,0.0015540499007329345,0.25902363657951355,0.11826175451278687,,,,,,,,,,,
441,0.15996092557907104,0.15996092557907104,MoE-sBOED,0.06787276268005371,28224,3.4626190662384033,1.3842337131500244,0.0015019484562799335,0.25975751876831055,0.11832136660814285,,,,,,,,,,,
442,0.14976562559604645,0.14976562559604645,MoE-sBOED,0.06801176071166992,28288,3.467397689819336,1.3838281631469727,0.0017742227064445615,0.2651765048503876,0.11843448132276535,,,,,,,,,,,
443,0.16171875596046448,0.16171875596046448,MoE-sBOED,0.06826257705688477,28352,3.4749507904052734,1.3840183019638062,0.0023311900440603495,0.2650950849056244,0.11850876361131668,,,,,,,,,,,
444,0.1501171886920929,0.1501171886920929,MoE-sBOED,0.06801199913024902,28416,3.5389230251312256,1.3845981359481812,0.0029677958227694035,0.2628059387207031,0.1185579001903534,,,,,,,,,,,
445,0.15222656726837158,0.15222656726837158,MoE-sBOED,0.06795263290405273,28480,3.4592926502227783,1.38455069065094,0.0028323731385171413,0.2606874406337738,0.1186540275812149,,,,,,,,,,,
446,0.15398438274860382,0.15398438274860382,MoE-sBOED,0.07420778274536133,28544,3.426671266555786,1.3844454288482666,0.003083606017753482,0.2618348300457001,0.11876606941223145,,,,,,,,,,,
447,0.1589062511920929,0.1589062511920929,MoE-sBOED,0.06829380989074707,28608,3.4263057708740234,1.3845654726028442,0.0030547480564564466,0.2567852735519409,0.11883875727653503,,,,,,,,,,,
448,0.15117187798023224,0.15117187798023224,MoE-sBOED,0.06874752044677734,28672,3.402167558670044,1.384411334991455,0.0027287944685667753,0.26038557291030884,0.11891467124223709,,,,,,,,,,,
449,0.14660155773162842,0.14660155773162842,MoE-sBOED,0.06980204582214355,28736,3.468090534210205,1.3843220472335815,0.0024593002162873745,0.2664739787578583,0.11896593868732452,,,,,,,,,,,
450,0.1508203148841858,0.1508203148841858,MoE-sBOED,0.0689229965209961,28800,3.46844482421875,1.3836692571640015,0.0021855104714632034,0.27259334921836853,0.11898883432149887,0.15275390625000002,0.05552734375,8,1.4720235679249123,0.0625,0.015625,1,0.0003515625000000002,0.05552734375,0,diagnostic_only
451,0.15855468809604645,0.15855468809604645,MoE-sBOED,0.0680546760559082,28864,3.4234039783477783,1.3830066919326782,0.00209857732988894,0.27465543150901794,0.11897581815719604,,,,,,,,,,,
452,0.1508203148841858,0.1508203148841858,MoE-sBOED,0.0724937915802002,28928,3.470921039581299,1.3833078145980835,0.0020594445522874594,0.27237722277641296,0.11894045770168304,,,,,,,,,,,
453,0.1574999988079071,0.1574999988079071,MoE-sBOED,0.06964111328125,28992,3.526301622390747,1.3840467929840088,0.0017756171291694045,0.26803484559059143,0.11892081797122955,,,,,,,,,,,
454,0.15222656726837158,0.15222656726837158,MoE-sBOED,0.0692899227142334,29056,3.508207082748413,1.3847461938858032,0.0015958548756316304,0.2620468735694885,0.11892641335725784,,,,,,,,,,,
455,0.15257813036441803,0.15257813036441803,MoE-sBOED,0.06972789764404297,29120,3.554447889328003,1.3853079080581665,0.0014861669624224305,0.2569769024848938,0.11892527341842651,,,,,,,,,,,
456,0.15503907203674316,0.15503907203674316,MoE-sBOED,0.0706017017364502,29184,3.6473114490509033,1.385586142539978,0.0015130016254261136,0.2540133595466614,0.11889760941267014,,,,,,,,,,,
457,0.16277344524860382,0.16277344524860382,MoE-sBOED,0.06857562065124512,29248,3.6465516090393066,1.3854875564575195,0.001530335284769535,0.2569635510444641,0.11885306984186172,,,,,,,,,,,
458,0.1567968726158142,0.1567968726158142,MoE-sBOED,0.0688164234161377,29312,3.670478582382202,1.3855236768722534,0.0015115648275241256,0.2576657831668854,0.11882971972227097,,,,,,,,,,,
459,0.15855468809604645,0.15855468809604645,MoE-sBOED,0.06916594505310059,29376,3.6584458351135254,1.3855059146881104,0.0014593078522011638,0.2568623721599579,0.11885173618793488,,,,,,,,,,,
460,0.1501171886920929,0.1501171886920929,MoE-sBOED,0.06864523887634277,29440,3.630242109298706,1.3852380514144897,0.001497394870966673,0.2591840922832489,0.1189294084906578,,,,,,,,,,,
461,0.16382813453674316,0.16382813453674316,MoE-sBOED,0.06896615028381348,29504,3.6138577461242676,1.384858250617981,0.0015841962303966284,0.2631400525569916,0.11900746822357178,,,,,,,,,,,
462,0.15539062023162842,0.15539062023162842,MoE-sBOED,0.07014346122741699,29568,3.505671262741089,1.3841495513916016,0.00154867151286453,0.2672329843044281,0.11915156990289688,,,,,,,,,,,
463,0.158203125,0.158203125,MoE-sBOED,0.07053589820861816,29632,3.5428624153137207,1.383323311805725,0.0014479391975328326,0.2733243703842163,0.1193324625492096,,,,,,,,,,,
464,0.1508203148841858,0.1508203148841858,MoE-sBOED,0.06886959075927734,29696,3.5126571655273438,1.3828223943710327,0.0014508635504171252,0.276673287153244,0.1194876953959465,,,,,,,,,,,
465,0.1574999988079071,0.1574999988079071,MoE-sBOED,0.06904888153076172,29760,3.447843551635742,1.3830468654632568,0.001580874901264906,0.27304506301879883,0.1195821464061737,,,,,,,,,,,
466,0.15996094048023224,0.15996094048023224,MoE-sBOED,0.07033801078796387,29824,3.551649808883667,1.3840728998184204,0.0015786966541782022,0.26656222343444824,0.11957280337810516,,,,,,,,,,,
467,0.1634765863418579,0.1634765863418579,MoE-sBOED,0.06969809532165527,29888,3.547941207885742,1.384529948234558,0.0014576594112440944,0.2582481801509857,0.11952389776706696,,,,,,,,,,,
468,0.15503905713558197,0.16011717915534973,MoE-sBOED,0.06873679161071777,29952,3.5217671394348145,1.384936809539795,0.0012967787915840745,0.25856760144233704,0.11946608126163483,,,,,,,,,,,
469,0.16136720776557922,0.16136720776557922,MoE-sBOED,0.06973648071289062,30016,3.547393798828125,1.3850497007369995,0.0013491847785189748,0.2598855197429657,0.11941403895616531,,,,,,,,,,,
470,0.16101562976837158,0.16101562976837158,MoE-sBOED,0.06841325759887695,30080,3.4924933910369873,1.3850294351577759,0.0013376940041780472,0.25986889004707336,0.1193762868642807,,,,,,,,,,,
471,0.1494140625,0.1494140625,MoE-sBOED,0.07066035270690918,30144,3.4518165588378906,1.3850783109664917,0.0014286410296335816,0.25761497020721436,0.11937557905912399,,,,,,,,,,,
472,0.16664062440395355,0.16664062440395355,MoE-sBOED,0.06874752044677734,30208,3.526348114013672,1.385076880455017,0.001270510838367045,0.2566666603088379,0.11934449523687363,,,,,,,,,,,
473,0.1589062511920929,0.1589062511920929,MoE-sBOED,0.06966996192932129,30272,3.441432237625122,1.3847579956054688,0.001070518046617508,0.25999489426612854,0.1193452700972557,,,,,,,,,,,
474,0.15855468809604645,0.15855468809604645,MoE-sBOED,0.06874728202819824,30336,3.4904026985168457,1.3845219612121582,0.0010311186779290438,0.2646041810512543,0.11939962953329086,,,,,,,,,,,
475,0.16277343034744263,0.16277343034744263,MoE-sBOED,0.06930279731750488,30400,3.429124593734741,1.3839937448501587,0.0010616832878440619,0.2704695165157318,0.11945343762636185,0.1494140625,0.0648828125,10,1.4509095659629643,0.078125,0.0546875,0,0.0012304687499999996,1000.1117578125,0,diagnostic_only
476,0.16277343034744263,0.16277343034744263,MoE-sBOED,0.06815361976623535,30464,3.3938655853271484,1.3840442895889282,0.0011081831762567163,0.26933541893959045,0.11948361247777939,,,,,,,,,,,
477,0.1574999988079071,0.1574999988079071,MoE-sBOED,0.06840038299560547,30528,3.3945343494415283,1.3843975067138672,0.0012115408899262547,0.26576271653175354,0.11948668956756592,,,,,,,,,,,
478,0.15187500417232513,0.15187500417232513,MoE-sBOED,0.06859517097473145,30592,3.325526475906372,1.3847025632858276,0.0012336272047832608,0.2617698013782501,0.11940482258796692,,,,,,,,,,,
479,0.16382813453674316,0.16382813453674316,MoE-sBOED,0.06932449340820312,30656,3.333254337310791,1.3850643634796143,0.0013551010051742196,0.2559887170791626,0.11928299069404602,,,,,,,,,,,
480,0.15539062023162842,0.15539062023162842,MoE-sBOED,0.06857132911682129,30720,3.3768181800842285,1.3852546215057373,0.0015469713835045695,0.2564687430858612,0.11923213303089142,,,,,,,,,,,
481,0.16207031905651093,0.16207031905651093,MoE-sBOED,0.06927323341369629,30784,3.310642719268799,1.3853152990341187,0.0018347264267504215,0.25433024764060974,0.11928969621658325,,,,,,,,,,,
482,0.16101562976837158,0.16101562976837158,MoE-sBOED,0.06851911544799805,30848,3.3722126483917236,1.3853963613510132,0.0016904381336644292,0.2547551095485687,0.1193561926484108,,,,,,,,,,,
483,0.16066406667232513,0.16066406667232513,MoE-sBOED,0.06942224502563477,30912,3.5139496326446533,1.3856656551361084,0.0013120643561705947,0.25188443064689636,0.11929348111152649,,,,,,,,,,,
484,0.15222656726837158,0.15222656726837158,MoE-sBOED,0.0685112476348877,30976,3.540881395339966,1.3856744766235352,0.001075978041626513,0.2528747022151947,0.11921129375696182,,,,,,,,,,,
485,0.16664060950279236,0.16664060950279236,MoE-sBOED,0.06831812858581543,31040,3.5441062450408936,1.3856346607208252,0.0010188767919316888,0.2535025179386139,0.1191641092300415,,,,,,,,,,,
486,0.15433593094348907,0.15433593094348907,MoE-sBOED,0.06851649284362793,31104,3.461890459060669,1.3854018449783325,0.0010282902512699366,0.25835347175598145,0.11908301711082458,,,,,,,,,,,
487,0.14589844644069672,0.14589844644069672,MoE-sBOED,0.06871914863586426,31168,3.5296363830566406,1.3850523233413696,0.001196637051180005,0.26240164041519165,0.1189427524805069,,,,,,,,,,,
488,0.16101562976837158,0.16101562976837158,MoE-sBOED,0.06850266456604004,31232,3.5689029693603516,1.3848744630813599,0.0009050841326825321,0.2647738754749298,0.11883499473333359,,,,,,,,,,,
489,0.1560937464237213,0.1560937464237213,MoE-sBOED,0.06923794746398926,31296,3.4878270626068115,1.384881854057312,0.0008295607985928655,0.2653530240058899,0.11879625916481018,,,,,,,,,,,
490,0.1508203148841858,0.1508203148841858,MoE-sBOED,0.07093000411987305,31360,3.4318337440490723,1.385035514831543,0.0008044751011766493,0.26409655809402466,0.11875120550394058,,,,,,,,,,,
491,0.16136719286441803,0.16136719286441803,MoE-sBOED,0.07015419006347656,31424,3.4753761291503906,1.3851628303527832,0.0008627355564385653,0.2624881863594055,0.11863649636507034,,,,,,,,,,,
492,0.1596093773841858,0.1596093773841858,MoE-sBOED,0.06897211074829102,31488,3.5393295288085938,1.3853563070297241,0.0008077480597421527,0.2603359520435333,0.11853154003620148,,,,,,,,,,,
493,0.15222656726837158,0.15222656726837158,MoE-sBOED,0.07022929191589355,31552,3.5789577960968018,1.3855774402618408,0.0008289659162983298,0.2576148211956024,0.11847519874572754,,,,,,,,,,,
494,0.1508203148841858,0.1508203148841858,MoE-sBOED,0.06860685348510742,31616,3.5910186767578125,1.385621428489685,0.0009550278773531318,0.2548082768917084,0.11841806769371033,,,,,,,,,,,
495,0.15996094048023224,0.15996094048023224,MoE-sBOED,0.06966829299926758,31680,3.556752920150757,1.3856210708618164,0.0010150853777304292,0.25326982140541077,0.11839765310287476,,,,,,,,,,,
496,0.16945312917232513,0.16945312917232513,MoE-sBOED,0.06862878799438477,31744,3.628305196762085,1.385804533958435,0.0008484130958095193,0.2515977919101715,0.1184157282114029,,,,,,,,,,,
497,0.16136719286441803,0.16136719286441803,MoE-sBOED,0.06867861747741699,31808,3.5818982124328613,1.3856531381607056,0.0007878015749156475,0.2547236979007721,0.11841243505477905,,,,,,,,,,,
498,0.158203125,0.158203125,MoE-sBOED,0.06891942024230957,31872,3.5960376262664795,1.3856220245361328,0.0008528066682629287,0.2549930512905121,0.11841170489788055,,,,,,,,,,,
499,0.14484375715255737,0.14484375715255737,MoE-sBOED,0.06948375701904297,31936,3.5428390502929688,1.3855535984039307,0.0009037603158503771,0.2528345286846161,0.11841463297605515,,,,,,,,,,,
500,0.1574999988079071,0.1574999988079071,MoE-sBOED,0.07058405876159668,32000,3.603597402572632,1.3856770992279053,0.0009984829230234027,0.251682847738266,0.11842922121286392,0.14994140625,0.07068359375,18,2.1881164980085477,0.140625,0.0546875,0,0.0017578124999999998,1000.11755859375,0,diagnostic_only
501,0.16312500834465027,0.16312500834465027,MoE-sBOED,0.06822562217712402,32064,3.5793747901916504,1.3856146335601807,0.0010227320017293096,0.2517075538635254,0.11845346540212631,,,,,,,,,,,
502,0.16136717796325684,0.16136717796325684,MoE-sBOED,0.0685417652130127,32128,3.501533269882202,1.385620355606079,0.0008817926282063127,0.2517881989479065,0.1184772178530693,,,,,,,,,,,
503,0.1589062511920929,0.1589062511920929,MoE-sBOED,0.06866931915283203,32192,3.439321279525757,1.3854695558547974,0.0008866834687069058,0.2521355152130127,0.11853017657995224,,,,,,,,,,,
504,0.14765626192092896,0.14765626192092896,MoE-sBOED,0.06861448287963867,32256,3.4785232543945312,1.3856152296066284,0.0009086655336432159,0.25236669182777405,0.11860644817352295,,,,,,,,,,,
505,0.15328124165534973,0.15328124165534973,MoE-sBOED,0.06839704513549805,32320,3.504004716873169,1.3855785131454468,0.0008868073928169906,0.25158557295799255,0.1185748353600502,,,,,,,,,,,
506,0.16136717796325684,0.16136717796325684,MoE-sBOED,0.0684363842010498,32384,3.610476016998291,1.385546088218689,0.000723294448107481,0.25341805815696716,0.11849644780158997,,,,,,,,,,,
507,0.1574999988079071,0.1574999988079071,MoE-sBOED,0.06959033012390137,32448,3.6548001766204834,1.3854467868804932,0.0006355337682180107,0.25473570823669434,0.11842682957649231,,,,,,,,,,,
508,0.14625000953674316,0.14625000953674316,MoE-sBOED,0.06919002532958984,32512,3.5785491466522217,1.385022521018982,0.0005898802191950381,0.2533513903617859,0.118348129093647,,,,,,,,,,,
509,0.16066406667232513,0.1657421886920929,MoE-sBOED,0.06891465187072754,32576,3.5911850929260254,1.3846321105957031,0.0005785358371213078,0.2509717345237732,0.11827925592660904,,,,,,,,,,,
510,0.16136717796325684,0.16136717796325684,MoE-sBOED,0.0685262680053711,32640,3.5846669673919678,1.3839492797851562,0.0005873733898624778,0.2547535002231598,0.11822056770324707,,,,,,,,,,,
511,0.16171875596046448,0.16171875596046448,MoE-sBOED,0.06840133666992188,32704,3.5063164234161377,1.3826076984405518,0.0006934185512363911,0.2607068717479706,0.11818408221006393,,,,,,,,,,,
512,0.16101562976837158,0.16101562976837158,MoE-sBOED,0.06874990463256836,32768,3.44433856010437,1.3815433979034424,0.0008948512258939445,0.2640487849712372,0.11817817389965057,,,,,,,,,,,
513,0.15574218332767487,0.15574218332767487,MoE-sBOED,0.06928205490112305,32832,3.5667152404785156,1.3825668096542358,0.0010672115022316575,0.2556096613407135,0.11817530542612076,,,,,,,,,,,
514,0.15785157680511475,0.15785157680511475,MoE-sBOED,0.06868934631347656,32896,3.5872299671173096,1.3828951120376587,0.001074891071766615,0.2547556161880493,0.11820206791162491,,,,,,,,,,,
515,0.16066405177116394,0.16066405177116394,MoE-sBOED,0.07086348533630371,32960,3.536128282546997,1.3828328847885132,0.0009553050622344017,0.25376299023628235,0.11823339015245438,,,,,,,,,,,
516,0.16101562976837158,0.16101562976837158,MoE-sBOED,0.06875085830688477,33024,3.526214361190796,1.3828283548355103,0.0008661561296321452,0.2533598840236664,0.11826916038990021,,,,,,,,,,,
517,0.15644532442092896,0.15644532442092896,MoE-sBOED,0.06950688362121582,33088,3.388033390045166,1.3826472759246826,0.0008352748700417578,0.2566989064216614,0.11833377182483673,,,,,,,,,,,
518,0.1515234410762787,0.1515234410762787,MoE-sBOED,0.06859970092773438,33152,3.3789780139923096,1.3833122253417969,0.0008700601756572723,0.2569613456726074,0.11836962401866913,,,,,,,,,,,
519,0.16136719286441803,0.16136719286441803,MoE-sBOED,0.06875443458557129,33216,3.390582323074341,1.3837627172470093,0.000776340370066464,0.25836536288261414,0.11834356933832169,,,,,,,,,,,
520,0.15433594584465027,0.15433594584465027,MoE-sBOED,0.06990694999694824,33280,3.431732177734375,1.383927583694458,0.0006586267845705152,0.25735703110694885,0.11827490478754044,,,,,,,,,,,
521,0.1560937464237213,0.1560937464237213,MoE-sBOED,0.06956768035888672,33344,3.483435869216919,1.3840327262878418,0.0006275764899328351,0.2571774125099182,0.1181442141532898,,,,,,,,,,,
522,0.16066408157348633,0.16066408157348633,MoE-sBOED,0.06974530220031738,33408,3.545886278152466,1.3835991621017456,0.0006692491588182747,0.2558785080909729,0.11803308874368668,,,,,,,,,,,
523,0.15925781428813934,0.15925781428813934,MoE-sBOED,0.06886720657348633,33472,3.5432584285736084,1.3835220336914062,0.0007734911632724106,0.25515204668045044,0.11797534674406052,,,,,,,,,,,
524,0.15292969346046448,0.15292969346046448,MoE-sBOED,0.0686655044555664,33536,3.548231840133667,1.3832529783248901,0.0008485475555062294,0.2551359236240387,0.11792667955160141,,,,,,,,,,,
525,0.16523437201976776,0.16523437201976776,MoE-sBOED,0.0691385269165039,33600,3.486862897872925,1.3832157850265503,0.0008948845788836479,0.25452908873558044,0.11789960414171219,0.1508203125,0.056132812500000004,9,1.5772838578590416,0.0703125,0.0234375,1,0.0005273437499999998,0.056132812500000004,0,diagnostic_only
526,0.16136719286441803,0.16136719286441803,MoE-sBOED,0.06848740577697754,33664,3.574725866317749,1.3841753005981445,0.0010052184807136655,0.25590911507606506,0.11788338422775269,,,,,,,,,,,
527,0.1648828238248825,0.1648828238248825,MoE-sBOED,0.06846046447753906,33728,3.539344072341919,1.384141206741333,0.0010062193032354116,0.25443151593208313,0.11785587668418884,,,,,,,,,,,
528,0.1515234410762787,0.1515234410762787,MoE-sBOED,0.06856226921081543,33792,3.5739967823028564,1.3844268321990967,0.0009499348234385252,0.2543015778064728,0.11783124506473541,,,,,,,,,,,
529,0.15714843571186066,0.15714843571186066,MoE-sBOED,0.06887269020080566,33856,3.5818047523498535,1.38462495803833,0.0009667365811765194,0.2544359862804413,0.11777372658252716,,,,,,,,,,,
530,0.15503907203674316,0.15503907203674316,MoE-sBOED,0.0687112808227539,33920,3.5363636016845703,1.3845934867858887,0.0009777230443432927,0.2564683258533478,0.11765865236520767,,,,,,,,,,,
531,0.15222656726837158,0.15222656726837158,MoE-sBOED,0.06916260719299316,33984,3.5404670238494873,1.384639024734497,0.0012174457078799605,0.26050883531570435,0.11756948381662369,,,,,,,,,,,
532,0.15433594584465027,0.15433594584465027,MoE-sBOED,0.0684671401977539,34048,3.482006549835205,1.384129524230957,0.0012625685194507241,0.2617587149143219,0.11750533431768417,,,,,,,,,,,
533,0.1596093773841858,0.1596093773841858,MoE-sBOED,0.06844735145568848,34112,3.389580488204956,1.3831981420516968,0.0012135899160057306,0.2604435384273529,0.11747119575738907,,,,,,,,,,,
534,0.14765624701976776,0.14765624701976776,MoE-sBOED,0.06878161430358887,34176,3.4272353649139404,1.382896900177002,0.0010916991159319878,0.2608504295349121,0.11745942384004593,,,,,,,,,,,
535,0.15644532442092896,0.15644532442092896,MoE-sBOED,0.06873202323913574,34240,3.587629795074463,1.3840183019638062,0.0010583291295915842,0.25963208079338074,0.11741460114717484,,,,,,,,,,,
536,0.15785157680511475,0.15785157680511475,MoE-sBOED,0.06888699531555176,34304,3.5728886127471924,1.382968783378601,0.0014090429758653045,0.2567000091075897,0.11737478524446487,,,,,,,,,,,
537,0.1662890613079071,0.1662890613079071,MoE-sBOED,0.0685582160949707,34368,3.493614912033081,1.3812371492385864,0.001550885383039713,0.2640365958213806,0.11732909828424454,,,,,,,,,,,
538,0.15503907203674316,0.15503907203674316,MoE-sBOED,0.06858420372009277,34432,3.5056397914886475,1.380441427230835,0.0018072528764605522,0.26195889711380005,0.11729990690946579,,,,,,,,,,,
539,0.16242188215255737,0.16242188215255737,MoE-sBOED,0.06885480880737305,34496,3.564870595932007,1.3807064294815063,0.002000165404751897,0.2559031546115875,0.11728113144636154,,,,,,,,,,,
540,0.15714843571186066,0.15714843571186066,MoE-sBOED,0.06871986389160156,34560,3.6208598613739014,1.3817640542984009,0.0021873172372579575,0.25429120659828186,0.11727212369441986,,,,,,,,,,,
541,0.15785156190395355,0.15785156190395355,MoE-sBOED,0.06855916976928711,34624,3.5654304027557373,1.3813655376434326,0.0023858279455453157,0.2521267831325531,0.11730987578630447,,,,,,,,,,,
542,0.16312500834465027,0.16820313036441803,MoE-sBOED,0.06862616539001465,34688,3.7095298767089844,1.3837908506393433,0.002847725758329034,0.25509166717529297,0.11735641211271286,,,,,,,,,,,
543,0.16207030415534973,0.16207030415534973,MoE-sBOED,0.06896615028381348,34752,3.5140254497528076,1.3822864294052124,0.0032327817752957344,0.2545333802700043,0.11738801747560501,,,,,,,,,,,
544,0.15925781428813934,0.15925781428813934,MoE-sBOED,0.06880831718444824,34816,3.594099760055542,1.3834842443466187,0.0034097207244485617,0.25524628162384033,0.11739613115787506,,,,,,,,,,,
545,0.16101562976837158,0.16101562976837158,MoE-sBOED,0.06873369216918945,34880,3.551720380783081,1.3833454847335815,0.003424988826736808,0.2542785704135895,0.11739004403352737,,,,,,,,,,,
546,0.16066405177116394,0.16066405177116394,MoE-sBOED,0.0685427188873291,34944,3.5834832191467285,1.3836158514022827,0.003658789675682783,0.2532264292240143,0.11732909828424454,,,,,,,,,,,
547,0.16734375059604645,0.16734375059604645,MoE-sBOED,0.06844758987426758,35008,3.555140256881714,1.3831924200057983,0.003744576359167695,0.25258249044418335,0.11726157367229462,,,,,,,,,,,
548,0.14835938811302185,0.14835938811302185,MoE-sBOED,0.06869196891784668,35072,3.5667569637298584,1.3835697174072266,0.0031753729563206434,0.25204169750213623,0.11715377867221832,,,,,,,,,,,
549,0.1743749976158142,0.1743749976158142,MoE-sBOED,0.06856322288513184,35136,3.607717990875244,1.384149432182312,0.002772803418338299,0.2534518837928772,0.11708661913871765,,,,,,,,,,,
550,0.16312500834465027,0.16312500834465027,MoE-sBOED,0.0691230297088623,35200,3.581624746322632,1.3840121030807495,0.0021081040613353252,0.25315961241722107,0.11707545071840286,0.1451953125,0.062421875,12,1.832072101570314,0.09375,0.0546875,0,0.0014062499999999997,1000.109296875,0,diagnostic_only
551,0.14835938811302185,0.14835938811302185,MoE-sBOED,0.06824159622192383,35264,3.5464932918548584,1.3835954666137695,0.0017617389094084501,0.2546505630016327,0.11705473810434341,,,,,,,,,,,
552,0.15292969346046448,0.15292969346046448,MoE-sBOED,0.0686192512512207,35328,3.5439369678497314,1.3835164308547974,0.0015699195209890604,0.25408947467803955,0.1170288622379303,,,,,,,,,,,
553,0.15925781428813934,0.15925781428813934,MoE-sBOED,0.06907153129577637,35392,3.531843662261963,1.3832663297653198,0.0014055605279281735,0.25559791922569275,0.11700348556041718,,,,,,,,,,,
554,0.1487109363079071,0.1487109363079071,MoE-sBOED,0.0687417984008789,35456,3.493168592453003,1.3831440210342407,0.0012259406503289938,0.2560840845108032,0.11695465445518494,,,,,,,,,,,
555,0.1515234410762787,0.1515234410762787,MoE-sBOED,0.068756103515625,35520,3.5026473999023438,1.3829275369644165,0.0013265392044559121,0.2555347979068756,0.11689937859773636,,,,,,,,,,,
556,0.16382813453674316,0.16382813453674316,MoE-sBOED,0.07053875923156738,35584,3.5445632934570312,1.3832403421401978,0.0013466913951560855,0.2569859027862549,0.11685436218976974,,,,,,,,,,,
557,0.15996094048023224,0.15996094048023224,MoE-sBOED,0.06910157203674316,35648,3.5439841747283936,1.3835443258285522,0.001278896233998239,0.25641068816185,0.1168084442615509,,,,,,,,,,,
558,0.15996092557907104,0.15996092557907104,MoE-sBOED,0.0684351921081543,35712,3.574836015701294,1.3838456869125366,0.0013117552734911442,0.2559700012207031,0.1167687326669693,,,,,,,,,,,
559,0.1589062511920929,0.1589062511920929,MoE-sBOED,0.06880021095275879,35776,3.6617889404296875,1.3843997716903687,0.0013819333398714662,0.2574416697025299,0.11673357337713242,,,,,,,,,,,
560,0.1560937464237213,0.1560937464237213,MoE-sBOED,0.06860685348510742,35840,3.6050479412078857,1.3839308023452759,0.0012290029553696513,0.2549000382423401,0.11671506613492966,,,,,,,,,,,
561,0.15503905713558197,0.15503905713558197,MoE-sBOED,0.06858444213867188,35904,3.6427254676818848,1.3843077421188354,0.0009854701347649097,0.2543090879917145,0.11669248342514038,,,,,,,,,,,
562,0.16874998807907104,0.16874998807907104,MoE-sBOED,0.0687410831451416,35968,3.622612714767456,1.3841034173965454,0.0010196951916441321,0.2545791566371918,0.11668451875448227,,,,,,,,,,,
563,0.1487109363079071,0.1487109363079071,MoE-sBOED,0.06857037544250488,36032,3.6022605895996094,1.3837454319000244,0.0009558435995131731,0.25519582629203796,0.11669871211051941,,,,,,,,,,,
564,0.1589062511920929,0.1589062511920929,MoE-sBOED,0.06847310066223145,36096,3.5622189044952393,1.3831619024276733,0.001002458855509758,0.2553010880947113,0.1167123019695282,,,,,,,,,,,
565,0.1574999988079071,0.1574999988079071,MoE-sBOED,0.06861090660095215,36160,3.5308902263641357,1.3832557201385498,0.0009993008570745587,0.25477147102355957,0.11668606847524643,,,,,,,,,,,
566,0.1480078101158142,0.1480078101158142,MoE-sBOED,0.06858396530151367,36224,3.4968132972717285,1.3828518390655518,0.0008530110353603959,0.2569739818572998,0.11662890762090683,,,,,,,,,,,
567,0.15328125655651093,0.16539062559604645,MoE-sBOED,0.06881213188171387,36288,3.4393680095672607,1.382685661315918,0.0012533346889540553,0.2570955455303192,0.11658724397420883,,,,,,,,,,,
568,0.15503907203674316,0.15503907203674316,MoE-sBOED,0.0686025619506836,36352,3.549079179763794,1.3841533660888672,0.0016449177637696266,0.2547841966152191,0.11657297611236572,,,,,,,,,,,
569,0.1676953136920929,0.1676953136920929,MoE-sBOED,0.06974291801452637,36416,3.518480062484741,1.383897066116333,0.001412693178281188,0.2528362274169922,0.11656833440065384,,,,,,,,,,,
570,0.15363280475139618,0.15363280475139618,MoE-sBOED,0.07049679756164551,36480,3.521538496017456,1.3839129209518433,0.0014423172688111663,0.2516849637031555,0.11655283719301224,,,,,,,,,,,
571,0.1669921875,0.1669921875,MoE-sBOED,0.06979560852050781,36544,3.51348876953125,1.3840328454971313,0.0012780297547578812,0.2511766850948334,0.1165328100323677,,,,,,,,,,,
572,0.15855470299720764,0.15855470299720764,MoE-sBOED,0.0689857006072998,36608,3.528831958770752,1.3844722509384155,0.00159937993157655,0.25101539492607117,0.1165299341082573,,,,,,,,,,,
573,0.16453124582767487,0.16453124582767487,MoE-sBOED,0.06861448287963867,36672,3.6039817333221436,1.3847891092300415,0.001703854650259018,0.25292307138442993,0.1165626049041748,,,,,,,,,,,
574,0.16382811963558197,0.16382811963558197,MoE-sBOED,0.06848025321960449,36736,3.608928680419922,1.3850994110107422,0.001716252532787621,0.25356993079185486,0.11660973727703094,,,,,,,,,,,
575,0.1669921875,0.1669921875,MoE-sBOED,0.06856966018676758,36800,3.5854995250701904,1.3850700855255127,0.001766821020282805,0.2529345452785492,0.11665009707212448,0.14642578125,0.05935546875,16,1.9213697759021364,0.125,0.046875,1,0.0010546875,0.05935546875,0,diagnostic_only
576,0.17332032322883606,0.17332032322883606,MoE-sBOED,0.06813907623291016,36864,3.5575013160705566,1.3848786354064941,0.001736392150633037,0.251958429813385,0.11667301505804062,,,,,,,,,,,
577,0.16523438692092896,0.16523438692092896,MoE-sBOED,0.06854701042175293,36928,3.5191848278045654,1.3845994472503662,0.001741678104735911,0.25321540236473083,0.11664643883705139,,,,,,,,,,,
578,0.15714845061302185,0.15714845061302185,MoE-sBOED,0.06899523735046387,36992,3.5454213619232178,1.3849190473556519,0.0016597388312220573,0.25371667742729187,0.11659975349903107,,,,,,,,,,,
579,0.1589062511920929,0.1589062511920929,MoE-sBOED,0.06902098655700684,37056,3.4872734546661377,1.3842681646347046,0.001500435872003436,0.25347790122032166,0.11657368391752243,,,,,,,,,,,
580,0.14976564049720764,0.14976564049720764,MoE-sBOED,0.06892657279968262,37120,3.529125928878784,1.384613275527954,0.0013199930544942617,0.25626829266548157,0.11651727557182312,,,,,,,,,,,
581,0.15222656726837158,0.15222656726837158,MoE-sBOED,0.06886172294616699,37184,3.576802968978882,1.3847414255142212,0.001332546817138791,0.2603733539581299,0.11642981320619583,,,,,,,,,,,
582,0.15046875178813934,0.15046875178813934,MoE-sBOED,0.06925225257873535,37248,3.578205108642578,1.3844444751739502,0.0012118524173274636,0.26136109232902527,0.1163659617304802,,,,,,,,,,,
583,0.15398439764976501,0.15398439764976501,MoE-sBOED,0.07051563262939453,37312,3.541597843170166,1.3842031955718994,0.0012402912834659219,0.2611949145793915,0.1163235530257225,,,,,,,,,,,
584,0.16312500834465027,0.16312500834465027,MoE-sBOED,0.06869912147521973,37376,3.5041825771331787,1.3843891620635986,0.0008677153382450342,0.2596200406551361,0.11628961563110352,,,,,,,,,,,
585,0.15996094048023224,0.15996094048023224,MoE-sBOED,0.06985855102539062,37440,3.474735975265503,1.3842939138412476,0.0008197244605980814,0.2576456069946289,0.11626219749450684,,,,,,,,,,,
586,0.15046875178813934,0.15046875178813934,MoE-sBOED,0.06843161582946777,37504,3.5393569469451904,1.384993553161621,0.0009041702724061906,0.2562013268470764,0.11624836176633835,,,,,,,,,,,
587,0.15363281965255737,0.15363281965255737,MoE-sBOED,0.06852531433105469,37568,3.554344892501831,1.3851613998413086,0.0009105384233407676,0.2555929124355316,0.11624458432197571,,,,,,,,,,,
588,0.16277343034744263,0.16277343034744263,MoE-sBOED,0.0684664249420166,37632,3.478182554244995,1.3849413394927979,0.0009653840679675341,0.252169668674469,0.11624304950237274,,,,,,,,,,,
589,0.16242188215255737,0.16242188215255737,MoE-sBOED,0.06990838050842285,37696,3.467989683151245,1.38511061668396,0.0011057849042117596,0.251869261264801,0.11625281721353531,,,,,,,,,,,
590,0.15714843571186066,0.16222655773162842,MoE-sBOED,0.07084989547729492,37760,3.389147996902466,1.3850148916244507,0.0010655649239197373,0.25429049134254456,0.11628904938697815,,,,,,,,,,,
591,0.16804689168930054,0.16804689168930054,MoE-sBOED,0.06908106803894043,37824,3.5016930103302,1.3853634595870972,0.001188704278320074,0.25492215156555176,0.11628931760787964,,,,,,,,,,,
592,0.14765626192092896,0.14765626192092896,MoE-sBOED,0.07105779647827148,37888,3.5246617794036865,1.3854484558105469,0.0009498063009232283,0.25959599018096924,0.11634908616542816,,,,,,,,,,,
593,0.15574218332767487,0.15574218332767487,MoE-sBOED,0.0699453353881836,37952,3.4649360179901123,1.3849912881851196,0.000872969045303762,0.2652819752693176,0.11648411303758621,,,,,,,,,,,
594,0.1669921875,0.1669921875,MoE-sBOED,0.06901311874389648,38016,3.4557511806488037,1.3849595785140991,0.0007993350736796856,0.2664198875427246,0.11657366156578064,,,,,,,,,,,
595,0.16207031905651093,0.16207031905651093,MoE-sBOED,0.07041788101196289,38080,3.5061898231506348,1.3850141763687134,0.0008618001593276858,0.26482096314430237,0.11661987751722336,,,,,,,,,,,
596,0.15996094048023224,0.15996094048023224,MoE-sBOED,0.07008099555969238,38144,3.5452167987823486,1.3851470947265625,0.0009872368536889553,0.2641189396381378,0.11664550006389618,,,,,,,,,,,
597,0.158203125,0.158203125,MoE-sBOED,0.07085728645324707,38208,3.5947105884552,1.3852617740631104,0.001051983330398798,0.26249533891677856,0.11663034558296204,,,,,,,,,,,
598,0.15117187798023224,0.15117187798023224,MoE-sBOED,0.0686194896697998,38272,3.577223300933838,1.3853791952133179,0.001037705922499299,0.2600345015525818,0.11657053977251053,,,,,,,,,,,
599,0.1648828089237213,0.1648828089237213,MoE-sBOED,0.06909036636352539,38336,3.5972137451171875,1.3854769468307495,0.0011673023691400886,0.2583266496658325,0.11654908210039139,,,,,,,,,,,
600,0.1560937464237213,0.1560937464237213,MoE-sBOED,0.06869816780090332,38400,3.451157808303833,1.3847887516021729,0.0011727401288226247,0.25846144556999207,0.11657837778329849,0.14748046875,0.05533203125,26,2.6683051705726264,0.203125,0.03125,1,0.0007031250000000002,0.05533203125,0,diagnostic_only
601,0.15855468809604645,0.15855468809604645,MoE-sBOED,0.06988310813903809,38464,3.521199941635132,1.3851003646850586,0.0013867667876183987,0.26080256700515747,0.116656094789505,,,,,,,,,,,
602,0.1494140625,0.1494140625,MoE-sBOED,0.06997084617614746,38528,3.6068503856658936,1.3852185010910034,0.0013931447174400091,0.26178649067878723,0.11667346954345703,,,,,,,,,,,
603,0.1589062511920929,0.1589062511920929,MoE-sBOED,0.06844949722290039,38592,3.5839920043945312,1.3848257064819336,0.0013793653342872858,0.2612253725528717,0.11667671799659729,,,,,,,,,,,
604,0.1567968875169754,0.1567968875169754,MoE-sBOED,0.06879186630249023,38656,3.4714787006378174,1.3838894367218018,0.0014063146663829684,0.26435643434524536,0.11680316179990768,,,,,,,,,,,
605,0.14343750476837158,0.14343750476837158,MoE-sBOED,0.06836247444152832,38720,3.562833547592163,1.3837833404541016,0.0014585907338187099,0.2688170373439789,0.1169649213552475,,,,,,,,,,,
606,0.15398436784744263,0.15398436784744263,MoE-sBOED,0.06888461112976074,38784,3.549497365951538,1.383355975151062,0.0012857373803853989,0.2688630521297455,0.11705312877893448,,,,,,,,,,,
607,0.15292969346046448,0.15292969346046448,MoE-sBOED,0.0687112808227539,38848,3.466341495513916,1.3827917575836182,0.0011929976753890514,0.26473063230514526,0.11699959635734558,,,,,,,,,,,
608,0.16171875596046448,0.16171875596046448,MoE-sBOED,0.06850028038024902,38912,3.332814931869507,1.3819059133529663,0.001075160689651966,0.26198622584342957,0.11700454354286194,,,,,,,,,,,
609,0.16382813453674316,0.16382813453674316,MoE-sBOED,0.06923198699951172,38976,3.46714448928833,1.3827627897262573,0.0009582051425240934,0.2626854181289673,0.11702556908130646,,,,,,,,,,,
610,0.15574219822883606,0.15574219822883606,MoE-sBOED,0.0688478946685791,39040,3.524669647216797,1.3830112218856812,0.0008185137994587421,0.26081106066703796,0.11698251217603683,,,,,,,,,,,
611,0.14519530534744263,0.14519530534744263,MoE-sBOED,0.06845521926879883,39104,3.6309115886688232,1.3837532997131348,0.0007757798302918673,0.2566377818584442,0.11684001237154007,,,,,,,,,,,
612,0.15257811546325684,0.15257811546325684,MoE-sBOED,0.06919717788696289,39168,3.591217517852783,1.3826978206634521,0.000785535725299269,0.25715088844299316,0.11665693670511246,,,,,,,,,,,
613,0.1567968726158142,0.1567968726158142,MoE-sBOED,0.06847763061523438,39232,3.5576958656311035,1.3821429014205933,0.0009230070863850415,0.2609564960002899,0.11651837080717087,,,,,,,,,,,
614,0.16523438692092896,0.16523438692092896,MoE-sBOED,0.06838750839233398,39296,3.5678508281707764,1.3813828229904175,0.0009768030140548944,0.26226362586021423,0.1164296343922615,,,,,,,,,,,
615,0.17015624046325684,0.17015624046325684,MoE-sBOED,0.06904864311218262,39360,3.5430908203125,1.381196141242981,0.0009743923437781632,0.26322802901268005,0.11638784408569336,,,,,,,,,,,
616,0.1508203148841858,0.1508203148841858,MoE-sBOED,0.06908273696899414,39424,3.5329887866973877,1.3813068866729736,0.0010231994092464447,0.2602151036262512,0.11641156673431396,,,,,,,,,,,
617,0.158203125,0.158203125,MoE-sBOED,0.07056450843811035,39488,3.5873754024505615,1.38250732421875,0.0010924102971330285,0.2595076262950897,0.11649445444345474,,,,,,,,,,,
618,0.15046875178813934,0.15046875178813934,MoE-sBOED,0.06894111633300781,39552,3.6188888549804688,1.3833895921707153,0.001238240860402584,0.2568001449108124,0.1166061982512474,,,,,,,,,,,
619,0.15574218332767487,0.15574218332767487,MoE-sBOED,0.06939983367919922,39616,3.4815785884857178,1.3822427988052368,0.0012201823992654681,0.25726014375686646,0.11672843992710114,,,,,,,,,,,
620,0.15292969346046448,0.15292969346046448,MoE-sBOED,0.0685112476348877,39680,3.514399290084839,1.3826359510421753,0.0012534991838037968,0.26223695278167725,0.11683391779661179,,,,,,,,,,,
621,0.1574999988079071,0.1574999988079071,MoE-sBOED,0.06921052932739258,39744,3.585157871246338,1.3829593658447266,0.0014653211692348123,0.26534610986709595,0.1169498935341835,,,,,,,,,,,
622,0.1596093773841858,0.1596093773841858,MoE-sBOED,0.0686492919921875,39808,3.5317885875701904,1.3824537992477417,0.0016868755919858813,0.27250969409942627,0.11712595820426941,,,,,,,,,,,
623,0.15996092557907104,0.15996092557907104,MoE-sBOED,0.06911492347717285,39872,3.543534517288208,1.3822811841964722,0.001826960826292634,0.276052862405777,0.11724170297384262,,,,,,,,,,,
624,0.15328124165534973,0.15328124165534973,MoE-sBOED,0.06969070434570312,39936,3.5728607177734375,1.3833602666854858,0.0017271869583055377,0.27082541584968567,0.11720772832632065,,,,,,,,,,,
625,0.15292969346046448,0.15292969346046448,MoE-sBOED,0.06872010231018066,40000,3.578556776046753,1.3846040964126587,0.0015628860564902425,0.26184576749801636,0.1170702651143074,0.14888671875000004,0.07392578124999999,16,2.310986905824322,0.125,0.0625,0,0.002109375,1000.19892578125,0,diagnostic_only
626,0.14765626192092896,0.14765626192092896,MoE-sBOED,0.0703134536743164,40064,3.575221300125122,1.3844777345657349,0.001383393071591854,0.2620859742164612,0.11688491702079773,,,,,,,,,,,
627,0.16207031905651093,0.16207031905651093,MoE-sBOED,0.06967496871948242,40128,3.637563467025757,1.384507179260254,0.001462046056985855,0.268700510263443,0.11671929061412811,,,,,,,,,,,
628,0.1567968726158142,0.1567968726158142,MoE-sBOED,0.06846046447753906,40192,3.5561318397521973,1.3842604160308838,0.001247753039933741,0.26768267154693604,0.11661754548549652,,,,,,,,,,,
629,0.15363281965255737,0.15363281965255737,MoE-sBOED,0.06845545768737793,40256,3.6026649475097656,1.3843934535980225,0.000975743227172643,0.2671739459037781,0.11654280126094818,,,,,,,,,,,
630,0.15222656726837158,0.15222656726837158,MoE-sBOED,0.06868624687194824,40320,3.516584873199463,1.3843644857406616,0.0009441793663427234,0.26388055086135864,0.1164807602763176,,,,,,,,,,,
631,0.15117186307907104,0.15117186307907104,MoE-sBOED,0.06870865821838379,40384,3.5429189205169678,1.3845404386520386,0.001058152294717729,0.261698454618454,0.11642695963382721,,,,,,,,,,,
632,0.15925782918930054,0.15925782918930054,MoE-sBOED,0.06859946250915527,40448,3.536550283432007,1.3841232061386108,0.0009705899865366518,0.25887972116470337,0.11638332158327103,,,,,,,,,,,
633,0.15855470299720764,0.15855470299720764,MoE-sBOED,0.0686194896697998,40512,3.539393663406372,1.384734869003296,0.000754722161218524,0.25758400559425354,0.11634144186973572,,,,,,,,,,,
634,0.1589062511920929,0.1589062511920929,MoE-sBOED,0.06856060028076172,40576,3.5573136806488037,1.3846882581710815,0.00068174913758412,0.2561398148536682,0.11631577461957932,,,,,,,,,,,
635,0.16593751311302185,0.16593751311302185,MoE-sBOED,0.06857109069824219,40640,3.597313404083252,1.38496994972229,0.0009043598547577858,0.25490638613700867,0.11629754304885864,,,,,,,,,,,
636,0.16207031905651093,0.16207031905651093,MoE-sBOED,0.06874799728393555,40704,3.552703619003296,1.3843010663986206,0.0012284575495868921,0.256409615278244,0.11629681289196014,,,,,,,,,,,
637,0.1610156148672104,0.1610156148672104,MoE-sBOED,0.06894922256469727,40768,3.5758049488067627,1.3849068880081177,0.0016904016956686974,0.2559695839881897,0.11630411446094513,,,,,,,,,,,
638,0.1560937464237213,0.1560937464237213,MoE-sBOED,0.06912398338317871,40832,3.409583330154419,1.3840084075927734,0.0019402489997446537,0.26018258929252625,0.11630649864673615,,,,,,,,,,,
639,0.16347657144069672,0.16347657144069672,MoE-sBOED,0.06850886344909668,40896,3.547863721847534,1.3852137327194214,0.0019587932620197535,0.25455084443092346,0.11633002012968063,,,,,,,,,,,
640,0.16136719286441803,0.16996094584465027,MoE-sBOED,0.06857752799987793,40960,3.468160629272461,1.3852967023849487,0.0020681966561824083,0.25273948907852173,0.11636626720428467,,,,,,,,,,,
641,0.1603125035762787,0.1603125035762787,MoE-sBOED,0.06921029090881348,41024,3.4906349182128906,1.3854191303253174,0.001982118934392929,0.2529354989528656,0.1164175346493721,,,,,,,,,,,
642,0.15398436784744263,0.15398436784744263,MoE-sBOED,0.06904339790344238,41088,3.4253196716308594,1.385076880455017,0.0019439015304669738,0.2541244924068451,0.1164587065577507,,,,,,,,,,,
643,0.15117187798023224,0.15117187798023224,MoE-sBOED,0.0691828727722168,41152,3.4385547637939453,1.3849016427993774,0.0015403603902086616,0.2534652352333069,0.11641069501638412,,,,,,,,,,,
644,0.15468749403953552,0.15468749403953552,MoE-sBOED,0.06965184211730957,41216,3.4087448120117188,1.384982705116272,0.0011310180416330695,0.2543916702270508,0.11630911380052567,,,,,,,,,,,
645,0.15257813036441803,0.15257813036441803,MoE-sBOED,0.06954550743103027,41280,3.403012990951538,1.3847544193267822,0.0008078521932475269,0.2568970322608948,0.1162244975566864,,,,,,,,,,,
646,0.1508203148841858,0.1508203148841858,MoE-sBOED,0.0687108039855957,41344,3.4854562282562256,1.3848994970321655,0.0006800391129218042,0.2608526945114136,0.11614114046096802,,,,,,,,,,,
647,0.15046875178813934,0.15046875178813934,MoE-sBOED,0.06869006156921387,41408,3.4414703845977783,1.384621024131775,0.0006493263063021004,0.263322651386261,0.11604934185743332,,,,,,,,,,,
648,0.1501171886920929,0.1501171886920929,MoE-sBOED,0.06847929954528809,41472,3.4710915088653564,1.3847283124923706,0.0005553929950110614,0.26504087448120117,0.11599774658679962,,,,,,,,,,,
649,0.14519532024860382,0.14519532024860382,MoE-sBOED,0.06985139846801758,41536,3.4161202907562256,1.3845043182373047,0.0006315561477094889,0.2634091377258301,0.11596202850341797,,,,,,,,,,,
650,0.1589062511920929,0.1589062511920929,MoE-sBOED,0.06871700286865234,41600,3.526959180831909,1.3850606679916382,0.0006347224698401988,0.26199814677238464,0.11593794077634811,0.14537109375,0.07373046875,10,1.2625973976852898,0.078125,0.078125,0,0.0022851562500000003,1000.35498046875,0,diagnostic_only
651,0.15398436784744263,0.15906250476837158,MoE-sBOED,0.06809139251708984,41664,3.451153516769409,1.3850860595703125,0.0008243446354754269,0.2580658495426178,0.11591062694787979,,,,,,,,,,,
652,0.16382811963558197,0.16382811963558197,MoE-sBOED,0.06863594055175781,41728,3.5336360931396484,1.3851850032806396,0.001157964114099741,0.25692152976989746,0.11590155959129333,,,,,,,,,,,
653,0.15855467319488525,0.15855467319488525,MoE-sBOED,0.07050395011901855,41792,3.535390853881836,1.3853724002838135,0.0014875950291752815,0.2557770311832428,0.11588234454393387,,,,,,,,,,,
654,0.15187498927116394,0.15187498927116394,MoE-sBOED,0.06840181350708008,41856,3.552076816558838,1.385351538658142,0.0016249674372375011,0.2562943696975708,0.11586134880781174,,,,,,,,,,,
655,0.15785157680511475,0.15785157680511475,MoE-sBOED,0.06851601600646973,41920,3.495823621749878,1.385453224182129,0.0013424749486148357,0.2540355324745178,0.11585746705532074,,,,,,,,,,,
656,0.15925781428813934,0.15925781428813934,MoE-sBOED,0.0685572624206543,41984,3.5407638549804688,1.3855937719345093,0.0012619153130799532,0.2541271150112152,0.11584826558828354,,,,,,,,,,,
657,0.16277344524860382,0.16277344524860382,MoE-sBOED,0.0684201717376709,42048,3.495251178741455,1.3857182264328003,0.0009615668095648289,0.25425055623054504,0.11586137115955353,,,,,,,,,,,
658,0.16523438692092896,0.16523438692092896,MoE-sBOED,0.0688164234161377,42112,3.444669485092163,1.385739803314209,0.0008754243026487529,0.25438863039016724,0.11590399593114853,,,,,,,,,,,
659,0.1501171886920929,0.1501171886920929,MoE-sBOED,0.06862258911132812,42176,3.3592116832733154,1.3857041597366333,0.0010265125893056393,0.25356245040893555,0.11592838913202286,,,,,,,,,,,
660,0.1487109363079071,0.1487109363079071,MoE-sBOED,0.06871366500854492,42240,3.4574716091156006,1.3858011960983276,0.0014056223444640636,0.25262150168418884,0.11593297868967056,,,,,,,,,,,
661,0.1494140625,0.1494140625,MoE-sBOED,0.06872701644897461,42304,3.4812638759613037,1.3859142065048218,0.0016894431319087744,0.25349804759025574,0.11592941731214523,,,,,,,,,,,
662,0.15257811546325684,0.15257811546325684,MoE-sBOED,0.0686945915222168,42368,3.53287935256958,1.3858669996261597,0.0018762167310342193,0.25585564970970154,0.1158800944685936,,,,,,,,,,,
663,0.14554686844348907,0.14554686844348907,MoE-sBOED,0.06870555877685547,42432,3.5904178619384766,1.385883092880249,0.002246048068627715,0.25758859515190125,0.11579883098602295,,,,,,,,,,,
664,0.1560937464237213,0.1560937464237213,MoE-sBOED,0.06860637664794922,42496,3.672466278076172,1.3859244585037231,0.002490321407094598,0.25802376866340637,0.11571213603019714,,,,,,,,,,,
665,0.1648828089237213,0.1648828089237213,MoE-sBOED,0.06874728202819824,42560,3.629972457885742,1.385823130607605,0.0021851465571671724,0.2584948241710663,0.11565110832452774,,,,,,,,,,,
666,0.1691015660762787,0.1691015660762787,MoE-sBOED,0.06878948211669922,42624,3.673595428466797,1.3859792947769165,0.001842889585532248,0.25671854615211487,0.1156223937869072,,,,,,,,,,,
667,0.14343750476837158,0.14343750476837158,MoE-sBOED,0.06883549690246582,42688,3.667449712753296,1.3860242366790771,0.0016983996611088514,0.2553175389766693,0.1156015396118164,,,,,,,,,,,
668,0.1501171886920929,0.1501171886920929,MoE-sBOED,0.07020354270935059,42752,3.6815850734710693,1.3860688209533691,0.0017504672287032008,0.25406792759895325,0.11557602882385254,,,,,,,,,,,
669,0.15187500417232513,0.15187500417232513,MoE-sBOED,0.07038712501525879,42816,3.66327166557312,1.386068344116211,0.0016758909914642572,0.2529946267604828,0.11557981371879578,,,,,,,,,,,
670,0.158203125,0.158203125,MoE-sBOED,0.06904172897338867,42880,3.565695285797119,1.385927438735962,0.0015403770375996828,0.25259456038475037,0.1155894324183464,,,,,,,,,,,
671,0.15468749403953552,0.15468749403953552,MoE-sBOED,0.0686182975769043,42944,3.5548439025878906,1.3858598470687866,0.0016694361111149192,0.25202280282974243,0.11555881798267365,,,,,,,,,,,
672,0.14976562559604645,0.14976562559604645,MoE-sBOED,0.06842470169067383,43008,3.573767900466919,1.3858851194381714,0.0018211507704108953,0.251270592212677,0.11549463123083115,,,,,,,,,,,
673,0.16453124582767487,0.16453124582767487,MoE-sBOED,0.06846237182617188,43072,3.5813186168670654,1.3859481811523438,0.0016630622558295727,0.25105300545692444,0.11545062065124512,,,,,,,,,,,
674,0.1494140625,0.1494140625,MoE-sBOED,0.06910276412963867,43136,3.525131940841675,1.3857513666152954,0.0014713052660226822,0.2520082890987396,0.11542549729347229,,,,,,,,,,,
675,0.15328124165534973,0.15328124165534973,MoE-sBOED,0.06860733032226562,43200,3.5293776988983154,1.3857678174972534,0.0014549922198057175,0.25144997239112854,0.11536651849746704,0.14994140625000002,0.07146484375,13,2.156223026590499,0.1015625,0.0625,0,0.0017578125000000003,1000.19646484375,0,diagnostic_only
676,0.15574219822883606,0.15574219822883606,MoE-sBOED,0.06816577911376953,43264,3.489119052886963,1.385598063468933,0.0014337399043142796,0.2518037259578705,0.11532045155763626,,,,,,,,,,,
677,0.15644532442092896,0.15644532442092896,MoE-sBOED,0.0686485767364502,43328,3.453357696533203,1.3855679035186768,0.00126953877042979,0.2524850368499756,0.11526993662118912,,,,,,,,,,,
678,0.1515234410762787,0.1515234410762787,MoE-sBOED,0.06826043128967285,43392,3.4820556640625,1.385587215423584,0.0010925204260274768,0.2524658441543579,0.11521118879318237,,,,,,,,,,,
679,0.16312500834465027,0.16312500834465027,MoE-sBOED,0.06863236427307129,43456,3.5112693309783936,1.3856250047683716,0.0009631080320104957,0.25240880250930786,0.11518129706382751,,,,,,,,,,,
680,0.15257811546325684,0.15257811546325684,MoE-sBOED,0.06840252876281738,43520,3.5210800170898438,1.3857779502868652,0.0008330827113240957,0.252821683883667,0.11518457531929016,,,,,,,,,,,
681,0.15363281965255737,0.15363281965255737,MoE-sBOED,0.06900215148925781,43584,3.53886342048645,1.3858150243759155,0.0007776126149110496,0.2530830502510071,0.11522375047206879,,,,,,,,,,,
682,0.15398436784744263,0.15398436784744263,MoE-sBOED,0.06863093376159668,43648,3.4345672130584717,1.3855583667755127,0.0007548383437097073,0.2548074722290039,0.11525125801563263,,,,,,,,,,,
683,0.14835938811302185,0.14835938811302185,MoE-sBOED,0.06835794448852539,43712,3.504990339279175,1.3857063055038452,0.0006043020985089242,0.25240203738212585,0.11520134657621384,,,,,,,,,,,
684,0.1515234410762787,0.1515234410762787,MoE-sBOED,0.06872391700744629,43776,3.55515456199646,1.385752558708191,0.000604158325586468,0.25378161668777466,0.11516211926937103,,,,,,,,,,,
685,0.16101562976837158,0.16101562976837158,MoE-sBOED,0.06840300559997559,43840,3.5592167377471924,1.3856929540634155,0.0005934207001700997,0.2547035813331604,0.11514712125062943,,,,,,,,,,,
686,0.16277343034744263,0.16277343034744263,MoE-sBOED,0.06859707832336426,43904,3.5350453853607178,1.3856490850448608,0.0006114874267950654,0.2559067904949188,0.11512067914009094,,,,,,,,,,,
687,0.14976562559604645,0.14976562559604645,MoE-sBOED,0.06868147850036621,43968,3.608689069747925,1.3856457471847534,0.0006920451996847987,0.2566438615322113,0.11508771032094955,,,,,,,,,,,
688,0.1596093773841858,0.1596093773841858,MoE-sBOED,0.06847429275512695,44032,3.5711944103240967,1.3854162693023682,0.0008084276923909783,0.2577866017818451,0.11504732072353363,,,,,,,,,,,
689,0.1508203148841858,0.1508203148841858,MoE-sBOED,0.06907010078430176,44096,3.566973924636841,1.385300874710083,0.0010947039118036628,0.2576814591884613,0.11501329392194748,,,,,,,,,,,
690,0.16066408157348633,0.16066408157348633,MoE-sBOED,0.06841444969177246,44160,3.710841417312622,1.385690689086914,0.00142726581543684,0.25429168343544006,0.11499030143022537,,,,,,,,,,,
691,0.15292969346046448,0.15292969346046448,MoE-sBOED,0.06921648979187012,44224,3.6409778594970703,1.3855302333831787,0.0010907608084380627,0.2546977400779724,0.11496765166521072,,,,,,,,,,,
692,0.15468749403953552,0.15468749403953552,MoE-sBOED,0.06917214393615723,44288,3.711843252182007,1.385664463043213,0.0011199386790394783,0.2528007924556732,0.11493311822414398,,,,,,,,,,,
693,0.15714845061302185,0.15714845061302185,MoE-sBOED,0.06895875930786133,44352,3.6159768104553223,1.3853260278701782,0.0011558816768229008,0.25449955463409424,0.11490444093942642,,,,,,,,,,,
694,0.16277343034744263,0.16277343034744263,MoE-sBOED,0.07030844688415527,44416,3.643049716949463,1.3853650093078613,0.0011315906886011362,0.25451913475990295,0.11488373577594757,,,,,,,,,,,
695,0.16312500834465027,0.16312500834465027,MoE-sBOED,0.06981921195983887,44480,3.5532150268554688,1.3851149082183838,0.0010947068221867085,0.2566886842250824,0.11487303674221039,,,,,,,,,,,
696,0.15187500417232513,0.15187500417232513,MoE-sBOED,0.06855154037475586,44544,3.611560106277466,1.3852267265319824,0.0009742628317326307,0.2561044692993164,0.11487074196338654,,,,,,,,,,,
697,0.16593749821186066,0.16593749821186066,MoE-sBOED,0.06906628608703613,44608,3.5995125770568848,1.3850997686386108,0.0010392421390861273,0.2564507722854614,0.11488300561904907,,,,,,,,,,,
698,0.15292969346046448,0.15292969346046448,MoE-sBOED,0.06864023208618164,44672,3.56877064704895,1.3850218057632446,0.0010343397734686732,0.2552078068256378,0.11490221321582794,,,,,,,,,,,
699,0.16066405177116394,0.16066405177116394,MoE-sBOED,0.06900382041931152,44736,3.5328681468963623,1.3849104642868042,0.0010097407503053546,0.25413084030151367,0.11492857336997986,,,,,,,,,,,
700,0.15644530951976776,0.15644530951976776,MoE-sBOED,0.06873822212219238,44800,3.5380935668945312,1.3848265409469604,0.0010722631122916937,0.2533917725086212,0.1149560809135437,0.14677734375,0.052089843749999996,29,2.8836062219784955,0.2265625,0.0234375,1,0.00052734375,0.052089843749999996,0,diagnostic_only
701,0.15574218332767487,0.15574218332767487,MoE-sBOED,0.0683283805847168,44864,3.4490647315979004,1.3846031427383423,0.0009958508890122175,0.25544264912605286,0.11496678739786148,,,,,,,,,,,
702,0.1560937464237213,0.1560937464237213,MoE-sBOED,0.0682229995727539,44928,3.581103563308716,1.3849247694015503,0.0010361119639128447,0.25288671255111694,0.11495698243379593,,,,,,,,,,,
703,0.1669922024011612,0.1669922024011612,MoE-sBOED,0.06856608390808105,44992,3.6201424598693848,1.385143518447876,0.0007542672101408243,0.2526392638683319,0.11495374888181686,,,,,,,,,,,
704,0.16066405177116394,0.16066405177116394,MoE-sBOED,0.06855106353759766,45056,3.510408878326416,1.3846644163131714,0.0006028102361597121,0.25236016511917114,0.11495395749807358,,,,,,,,,,,
705,0.16101562976837158,0.16101562976837158,MoE-sBOED,0.06869721412658691,45120,3.5941522121429443,1.3850467205047607,0.0005625568446703255,0.25248274207115173,0.11495748907327652,,,,,,,,,,,
706,0.14906249940395355,0.14906249940395355,MoE-sBOED,0.0699617862701416,45184,3.5507686138153076,1.3849539756774902,0.000505455827806145,0.2531451880931854,0.11495615541934967,,,,,,,,,,,
707,0.1669921875,0.1669921875,MoE-sBOED,0.0706014633178711,45248,3.6580231189727783,1.3854023218154907,0.0004944567335769534,0.2558448016643524,0.11495386064052582,,,,,,,,,,,
708,0.1648828089237213,0.1648828089237213,MoE-sBOED,0.06896424293518066,45312,3.600376844406128,1.3853185176849365,0.00047126354184001684,0.25505223870277405,0.11497583985328674,,,,,,,,,,,
709,0.15574219822883606,0.15574219822883606,MoE-sBOED,0.06988763809204102,45376,3.616239309310913,1.3856948614120483,0.00044639696716330945,0.2552623450756073,0.11497518420219421,,,,,,,,,,,
710,0.15292969346046448,0.15292969346046448,MoE-sBOED,0.06849098205566406,45440,3.5498101711273193,1.3853235244750977,0.0004326792259234935,0.25498390197753906,0.11496534198522568,,,,,,,,,,,
711,0.16382813453674316,0.16382813453674316,MoE-sBOED,0.06871414184570312,45504,3.586657762527466,1.385633111000061,0.0004711514338850975,0.25502705574035645,0.11497410386800766,,,,,,,,,,,
712,0.16277344524860382,0.16277344524860382,MoE-sBOED,0.0691072940826416,45568,3.5056214332580566,1.3856185674667358,0.0004895288730040193,0.2525083124637604,0.11501707881689072,,,,,,,,,,,
713,0.14449219405651093,0.14449219405651093,MoE-sBOED,0.06955242156982422,45632,3.423163652420044,1.3852500915527344,0.00048316482570953667,0.25344759225845337,0.11508331447839737,,,,,,,,,,,
714,0.1574999988079071,0.1574999988079071,MoE-sBOED,0.07039308547973633,45696,3.409294605255127,1.3854175806045532,0.0005239485763013363,0.25300318002700806,0.11511427909135818,,,,,,,,,,,
715,0.16066406667232513,0.16066406667232513,MoE-sBOED,0.06971573829650879,45760,3.4195785522460938,1.385628581047058,0.0005683842464350164,0.25333037972450256,0.11512479931116104,,,,,,,,,,,
716,0.15363281965255737,0.15363281965255737,MoE-sBOED,0.06871891021728516,45824,3.4965388774871826,1.3856219053268433,0.0007145936833694577,0.2527485489845276,0.11510594189167023,,,,,,,,,,,
717,0.158203125,0.158203125,MoE-sBOED,0.06874728202819824,45888,3.536170244216919,1.3856005668640137,0.000671953137498349,0.25232645869255066,0.11507005244493484,,,,,,,,,,,
718,0.14625000953674316,0.14625000953674316,MoE-sBOED,0.06854248046875,45952,3.567176103591919,1.3857152462005615,0.0006230504950508475,0.25154781341552734,0.11502707749605179,,,,,,,,,,,
719,0.15574219822883606,0.16082030534744263,MoE-sBOED,0.06902003288269043,46016,3.5490384101867676,1.3855375051498413,0.0006490708910860121,0.25119635462760925,0.11498523503541946,,,,,,,,,,,
720,0.16312500834465027,0.16312500834465027,MoE-sBOED,0.06865644454956055,46080,3.520402669906616,1.3853744268417358,0.000628631270956248,0.25098517537117004,0.11493384838104248,,,,,,,,,,,
721,0.15925781428813934,0.15925781428813934,MoE-sBOED,0.06895732879638672,46144,3.6091530323028564,1.385659098625183,0.0007248764741234481,0.25238242745399475,0.11488399654626846,,,,,,,,,,,
722,0.15433594584465027,0.15433594584465027,MoE-sBOED,0.06888413429260254,46208,3.459135055541992,1.38532292842865,0.000814950093626976,0.2519543468952179,0.11485622823238373,,,,,,,,,,,
723,0.1560937464237213,0.1560937464237213,MoE-sBOED,0.06871938705444336,46272,3.553954839706421,1.385501503944397,0.0009144741343334317,0.25101280212402344,0.11484046280384064,,,,,,,,,,,
724,0.16066408157348633,0.16066408157348633,MoE-sBOED,0.06856703758239746,46336,3.5766403675079346,1.3857237100601196,0.0009890715591609478,0.25143030285835266,0.11482445150613785,,,,,,,,,,,
725,0.15574218332767487,0.15574218332767487,MoE-sBOED,0.06909775733947754,46400,3.6038148403167725,1.3857393264770508,0.0012007646728307009,0.2519267797470093,0.11481411755084991,0.14677734375,0.06576171875,39,3.215630553438171,0.3046875,0.0546875,0,0.0015820312500000003,1000.11263671875,1,diagnostic_only
726,0.16207031905651093,0.16207031905651093,MoE-sBOED,0.06871771812438965,46464,3.5213449001312256,1.3855656385421753,0.0011381502263247967,0.2518364489078522,0.11481713503599167,,,,,,,,,,,
727,0.1589062511920929,0.1589062511920929,MoE-sBOED,0.06873846054077148,46528,3.533926486968994,1.3854808807373047,0.000976824900135398,0.2520503103733063,0.11482835561037064,,,,,,,,,,,
728,0.16593751311302185,0.16593751311302185,MoE-sBOED,0.06857037544250488,46592,3.4611260890960693,1.3853979110717773,0.0007916425820440054,0.252552330493927,0.11482582241296768,,,,,,,,,,,
729,0.1603125035762787,0.16539062559604645,MoE-sBOED,0.07044363021850586,46656,3.4557387828826904,1.3854726552963257,0.0006718059885315597,0.2526315748691559,0.11483167111873627,,,,,,,,,,,
730,0.1574999988079071,0.1574999988079071,MoE-sBOED,0.07000732421875,46720,3.428734540939331,1.3855171203613281,0.0005734195583499968,0.252960205078125,0.11485622823238373,,,,,,,,,,,
731,0.15574218332767487,0.15574218332767487,MoE-sBOED,0.07026028633117676,46784,3.486894369125366,1.3856737613677979,0.0005319972988218069,0.25347989797592163,0.11483828723430634,,,,,,,,,,,
732,0.15925781428813934,0.15925781428813934,MoE-sBOED,0.06875991821289062,46848,3.4988136291503906,1.385636329650879,0.0005878164665773511,0.25453612208366394,0.114811971783638,,,,,,,,,,,
733,0.15257813036441803,0.16117188334465027,MoE-sBOED,0.06861996650695801,46912,3.466388463973999,1.3856137990951538,0.0006993774441070855,0.25445038080215454,0.11479732394218445,,,,,,,,,,,
734,0.15398436784744263,0.15398436784744263,MoE-sBOED,0.06836366653442383,46976,3.516890287399292,1.3856204748153687,0.000665484054479748,0.2539597451686859,0.11479997634887695,,,,,,,,,,,
735,0.15257813036441803,0.15257813036441803,MoE-sBOED,0.06952428817749023,47040,3.5784199237823486,1.3857587575912476,0.0007097970810718834,0.2530441880226135,0.11479853093624115,,,,,,,,,,,
736,0.15363281965255737,0.15363281965255737,MoE-sBOED,0.06840634346008301,47104,3.6418540477752686,1.3858784437179565,0.0008561582071706653,0.2525915205478668,0.11480491608381271,,,,,,,,,,,
737,0.15714843571186066,0.15714843571186066,MoE-sBOED,0.06869149208068848,47168,3.622999668121338,1.3857866525650024,0.0007464155205525458,0.2512211501598358,0.11481797695159912,,,,,,,,,,,
738,0.14906251430511475,0.14906251430511475,MoE-sBOED,0.06878304481506348,47232,3.539783477783203,1.3856512308120728,0.0006907376227900386,0.25211048126220703,0.11479727923870087,,,,,,,,,,,
739,0.15433594584465027,0.15433594584465027,MoE-sBOED,0.06899070739746094,47296,3.574470281600952,1.385666847229004,0.0006861342117190361,0.25318825244903564,0.11475885659456253,,,,,,,,,,,
740,0.158203125,0.158203125,MoE-sBOED,0.06917643547058105,47360,3.523872137069702,1.3855959177017212,0.0007231642957776785,0.2530383765697479,0.11476320028305054,,,,,,,,,,,
741,0.15503907203674316,0.15503907203674316,MoE-sBOED,0.06874418258666992,47424,3.4838929176330566,1.3856481313705444,0.0008250480750575662,0.2522405982017517,0.11476583778858185,,,,,,,,,,,
742,0.15855467319488525,0.15855467319488525,MoE-sBOED,0.06852054595947266,47488,3.5544915199279785,1.3857697248458862,0.0008514220244251192,0.2530609369277954,0.11473263800144196,,,,,,,,,,,
743,0.1596093773841858,0.16820311546325684,MoE-sBOED,0.06891632080078125,47552,3.5715014934539795,1.3856357336044312,0.0008694941643625498,0.2537137269973755,0.11469590663909912,,,,,,,,,,,
744,0.16347657144069672,0.16347657144069672,MoE-sBOED,0.06981253623962402,47616,3.5963752269744873,1.385616660118103,0.0009541281033307314,0.25387439131736755,0.11467307806015015,,,,,,,,,,,
745,0.14343750476837158,0.14343750476837158,MoE-sBOED,0.0698699951171875,47680,3.525930166244507,1.3854252099990845,0.0010260256240144372,0.25305014848709106,0.11464174836874008,,,,,,,,,,,
746,0.1596093773841858,0.1596093773841858,MoE-sBOED,0.06833028793334961,47744,3.6064465045928955,1.3855841159820557,0.0010779493022710085,0.2540436387062073,0.11460385471582413,,,,,,,,,,,
747,0.15046876668930054,0.15046876668930054,MoE-sBOED,0.06831598281860352,47808,3.551114320755005,1.3855191469192505,0.001211003283970058,0.25320854783058167,0.1145951896905899,,,,,,,,,,,
748,0.15222656726837158,0.15222656726837158,MoE-sBOED,0.06842565536499023,47872,3.5919911861419678,1.3856735229492188,0.001106380601413548,0.25321733951568604,0.11459358781576157,,,,,,,,,,,
749,0.16523437201976776,0.16523437201976776,MoE-sBOED,0.06895828247070312,47936,3.549044132232666,1.385594129562378,0.001157380873337388,0.2521328032016754,0.11460357904434204,,,,,,,,,,,
750,0.16523438692092896,0.16523438692092896,MoE-sBOED,0.0686192512512207,48000,3.609290838241577,1.3856735229492188,0.001125008799135685,0.2522234618663788,0.1146063581109047,0.151171875,0.05394531250000001,45,3.4341015361526757,0.3515625,0.015625,1,0.0003515625000000002,0.05394531250000001,1,diagnostic_only
751,0.15117187798023224,0.15117187798023224,MoE-sBOED,0.06935954093933105,48064,3.6185669898986816,1.385710597038269,0.0011125075398012996,0.25229427218437195,0.11460290104150772,,,,,,,,,,,
752,0.1473046839237213,0.1473046839237213,MoE-sBOED,0.06839346885681152,48128,3.6766469478607178,1.385778784751892,0.0011036699870601296,0.2534123957157135,0.11462480574846268,,,,,,,,,,,
753,0.1567968726158142,0.1567968726158142,MoE-sBOED,0.06846952438354492,48192,3.574655532836914,1.3856080770492554,0.0013041406637057662,0.2513912320137024,0.11464688181877136,,,,,,,,,,,
754,0.15714843571186066,0.15714843571186066,MoE-sBOED,0.0687098503112793,48256,3.593724489212036,1.3855711221694946,0.0012818799586966634,0.2517176568508148,0.11462683230638504,,,,,,,,,,,
755,0.1574999988079071,0.1574999988079071,MoE-sBOED,0.06918931007385254,48320,3.5628509521484375,1.3856091499328613,0.0012121195904910564,0.2519752085208893,0.11459272354841232,,,,,,,,,,,
756,0.1603125035762787,0.1603125035762787,MoE-sBOED,0.06865382194519043,48384,3.5490689277648926,1.3856137990951538,0.0010862948838621378,0.25148287415504456,0.1145651638507843,,,,,,,,,,,
757,0.16066408157348633,0.16066408157348633,MoE-sBOED,0.06917643547058105,48448,3.597278594970703,1.385833740234375,0.0010059424676001072,0.252487450838089,0.11454202234745026,,,,,,,,,,,
758,0.16347655653953552,0.16347655653953552,MoE-sBOED,0.06852555274963379,48512,3.6094932556152344,1.3858528137207031,0.0009783145505934954,0.2530103623867035,0.11452048271894455,,,,,,,,,,,
759,0.15539062023162842,0.15539062023162842,MoE-sBOED,0.06897473335266113,48576,3.5232155323028564,1.385755181312561,0.000937840377446264,0.25217127799987793,0.11449801176786423,,,,,,,,,,,
760,0.1560937464237213,0.1560937464237213,MoE-sBOED,0.0699162483215332,48640,3.5930862426757812,1.3859118223190308,0.0008949859184212983,0.2527553141117096,0.11446672677993774,,,,,,,,,,,
761,0.15714843571186066,0.15714843571186066,MoE-sBOED,0.07001876831054688,48704,3.566756010055542,1.3859655857086182,0.0008434877381660044,0.2527289092540741,0.11446934193372726,,,,,,,,,,,
762,0.17261719703674316,0.17261719703674316,MoE-sBOED,0.06877517700195312,48768,3.4687106609344482,1.3858507871627808,0.0006744260899722576,0.25233399868011475,0.11447861045598984,,,,,,,,,,,
763,0.1560937464237213,0.1560937464237213,MoE-sBOED,0.06865787506103516,48832,3.4983882904052734,1.385919451713562,0.0006935512647032738,0.25262972712516785,0.1144658774137497,,,,,,,,,,,
764,0.15117189288139343,0.15117189288139343,MoE-sBOED,0.06877398490905762,48896,3.438112258911133,1.3859167098999023,0.0007831602706573904,0.251760870218277,0.1144823357462883,,,,,,,,,,,
765,0.14765624701976776,0.14765624701976776,MoE-sBOED,0.06847238540649414,48960,3.3196702003479004,1.38584566116333,0.0009732198668643832,0.2520610988140106,0.11451456695795059,,,,,,,,,,,
766,0.1494140625,0.1494140625,MoE-sBOED,0.06843209266662598,49024,3.3259809017181396,1.385948657989502,0.000996488961391151,0.25152331590652466,0.11454268544912338,,,,,,,,,,,
767,0.1648828238248825,0.1648828238248825,MoE-sBOED,0.06870746612548828,49088,3.4061086177825928,1.385989785194397,0.0009282214450649917,0.2510840594768524,0.11457359045743942,,,,,,,,,,,
768,0.1574999988079071,0.1574999988079071,MoE-sBOED,0.06860780715942383,49152,3.402491807937622,1.3860056400299072,0.0006478666327893734,0.25199270248413086,0.1145947277545929,,,,,,,,,,,
769,0.15433594584465027,0.15433594584465027,MoE-sBOED,0.06943035125732422,49216,3.426959753036499,1.3860307931900024,0.0005265626823529601,0.25313201546669006,0.11460918933153152,,,,,,,,,,,
770,0.16453126072883606,0.16453126072883606,MoE-sBOED,0.06839394569396973,49280,3.502815008163452,1.3860304355621338,0.0005633350810967386,0.2534213066101074,0.1146472617983818,,,,,,,,,,,
771,0.16207031905651093,0.16207031905651093,MoE-sBOED,0.06850552558898926,49344,3.5578598976135254,1.3860458135604858,0.0007112540770322084,0.2541390359401703,0.11465666443109512,,,,,,,,,,,
772,0.16453124582767487,0.16453124582767487,MoE-sBOED,0.06862068176269531,49408,3.599193572998047,1.3860647678375244,0.000937275995966047,0.2534346282482147,0.11467450857162476,,,,,,,,,,,
773,0.1567968726158142,0.1567968726158142,MoE-sBOED,0.06896424293518066,49472,3.531677007675171,1.3860548734664917,0.0013207463780418038,0.2542819380760193,0.11469794809818268,,,,,,,,,,,
774,0.15503907203674316,0.15503907203674316,MoE-sBOED,0.06859636306762695,49536,3.5899479389190674,1.386110544204712,0.001433021854609251,0.2546628415584564,0.11471694707870483,,,,,,,,,,,
775,0.1480078101158142,0.1480078101158142,MoE-sBOED,0.06900525093078613,49600,3.5225906372070312,1.3861182928085327,0.0012525811325758696,0.25478240847587585,0.11476635187864304,0.1487109375,0.0565625,17,2.5387520480810717,0.1328125,0.03125,1,0.000703125,0.0565625,0,diagnostic_only
776,0.16382813453674316,0.16382813453674316,MoE-sBOED,0.06852078437805176,49664,3.4422614574432373,1.3860825300216675,0.0011268309317529202,0.2554684579372406,0.11479640007019043,,,,,,,,,,,
777,0.14976564049720764,0.14976564049720764,MoE-sBOED,0.0683603286743164,49728,3.4256253242492676,1.3861072063446045,0.0010080385254696012,0.25376200675964355,0.11483174562454224,,,,,,,,,,,
778,0.15468749403953552,0.15468749403953552,MoE-sBOED,0.06873154640197754,49792,3.467672824859619,1.3861620426177979,0.0012264424003660679,0.25039249658584595,0.1148831769824028,,,,,,,,,,,
779,0.1480078101158142,0.1480078101158142,MoE-sBOED,0.06871199607849121,49856,3.498039960861206,1.3860918283462524,0.0012216310715302825,0.2532346844673157,0.1148931235074997,,,,,,,,,,,
780,0.15117186307907104,0.15117186307907104,MoE-sBOED,0.06855559349060059,49920,3.5784783363342285,1.386041283607483,0.0009436979307793081,0.2556169927120209,0.11489281803369522,,,,,,,,,,,
781,0.16277343034744263,0.16277343034744263,MoE-sBOED,0.06853914260864258,49984,3.6003053188323975,1.385962724685669,0.000959118246100843,0.2558102607727051,0.11489684879779816,,,,,,,,,,,
782,0.15328124165534973,0.15328124165534973,MoE-sBOED,0.06859827041625977,50048,3.6366660594940186,1.3859384059906006,0.0010504621313884854,0.2563908100128174,0.11490371078252792,,,,,,,,,,,
783,0.16734375059604645,0.16734375059604645,MoE-sBOED,0.06851720809936523,50112,3.6221179962158203,1.3858873844146729,0.001107555814087391,0.25598931312561035,0.11491445451974869,,,,,,,,,,,
784,0.15574219822883606,0.15574219822883606,MoE-sBOED,0.06859755516052246,50176,3.621622085571289,1.3859175443649292,0.0009929416701197624,0.25584062933921814,0.11493342369794846,,,,,,,,,,,
785,0.1487109363079071,0.1487109363079071,MoE-sBOED,0.06931447982788086,50240,3.536325216293335,1.3859285116195679,0.0010422485647723079,0.2524425983428955,0.11496822535991669,,,,,,,,,,,
786,0.15644530951976776,0.15644530951976776,MoE-sBOED,0.06856966018676758,50304,3.508955478668213,1.3859671354293823,0.0010246757883578539,0.2540682852268219,0.115030936896801,,,,,,,,,,,
787,0.14906251430511475,0.14906251430511475,MoE-sBOED,0.07018899917602539,50368,3.5614452362060547,1.3860095739364624,0.0009389836923219264,0.2544609010219574,0.11511923372745514,,,,,,,,,,,
788,0.16804686188697815,0.16804686188697815,MoE-sBOED,0.06972551345825195,50432,3.4549431800842285,1.3857759237289429,0.0009304906707257032,0.2575182020664215,0.11522591859102249,,,,,,,,,,,
789,0.1560937464237213,0.1560937464237213,MoE-sBOED,0.06870651245117188,50496,3.462034225463867,1.3857966661453247,0.0008583680028095841,0.2575608491897583,0.11529763787984848,,,,,,,,,,,
790,0.15468750894069672,0.15468750894069672,MoE-sBOED,0.06847548484802246,50560,3.3879356384277344,1.3857694864273071,0.0009565292275510728,0.2575981318950653,0.11531924456357956,,,,,,,,,,,
791,0.15785156190395355,0.15785156190395355,MoE-sBOED,0.06863522529602051,50624,3.461651563644409,1.385860562324524,0.0008831299492157996,0.2537740170955658,0.1152893528342247,,,,,,,,,,,
792,0.15855467319488525,0.15855467319488525,MoE-sBOED,0.06863164901733398,50688,3.548189878463745,1.3858553171157837,0.0008445578860118985,0.25789108872413635,0.11518404632806778,,,,,,,,,,,
793,0.17050781846046448,0.17050781846046448,MoE-sBOED,0.06955528259277344,50752,3.5179944038391113,1.3855432271957397,0.000829394964966923,0.26294419169425964,0.11504674702882767,,,,,,,,,,,
794,0.1589062511920929,0.1589062511920929,MoE-sBOED,0.06869339942932129,50816,3.5957467555999756,1.3854045867919922,0.0009983456693589687,0.26487070322036743,0.11491911113262177,,,,,,,,,,,
795,0.1648828089237213,0.1648828089237213,MoE-sBOED,0.06874346733093262,50880,3.5386979579925537,1.3852344751358032,0.0010543183889240026,0.2660253942012787,0.11481987684965134,,,,,,,,,,,
796,0.16277344524860382,0.16277344524860382,MoE-sBOED,0.06931662559509277,50944,3.5791070461273193,1.3851072788238525,0.0009381270501762629,0.2668156325817108,0.11475041508674622,,,,,,,,,,,
797,0.1574999988079071,0.1574999988079071,MoE-sBOED,0.06992101669311523,51008,3.400277853012085,1.3846721649169922,0.0008723832434043288,0.26983386278152466,0.11466661840677261,,,,,,,,,,,
798,0.15433594584465027,0.15433594584465027,MoE-sBOED,0.06867671012878418,51072,3.474478244781494,1.3846008777618408,0.0008777874754741788,0.2690684497356415,0.11461100727319717,,,,,,,,,,,
799,0.14625000953674316,0.14625000953674316,MoE-sBOED,0.06951522827148438,51136,3.537059783935547,1.384618878364563,0.0008414630428887904,0.2685353755950928,0.11457210034132004,,,,,,,,,,,
800,0.16171875596046448,0.16171875596046448,MoE-sBOED,0.06855058670043945,51200,3.5498032569885254,1.3847665786743164,0.000808221404440701,0.26599740982055664,0.11452822387218475,0.15046875,0.050703125,43,3.3361117180560496,0.3359375,0.0078125,1,0.00017578124999999994,0.050703125,1,diagnostic_only
801,0.17050781846046448,0.17050781846046448,MoE-sBOED,0.06828808784484863,51264,3.5786445140838623,1.3849953413009644,0.0007815203862264752,0.26173168420791626,0.11449664831161499,,,,,,,,,,,
802,0.15855468809604645,0.15855468809604645,MoE-sBOED,0.06868457794189453,51328,3.6298623085021973,1.3851426839828491,0.0006931888638064265,0.26097559928894043,0.11446124315261841,,,,,,,,,,,
803,0.1515234410762787,0.1515234410762787,MoE-sBOED,0.06900167465209961,51392,3.611518621444702,1.3852636814117432,0.0007367192301899195,0.2599965035915375,0.1144028753042221,,,,,,,,,,,
804,0.16417968273162842,0.16417968273162842,MoE-sBOED,0.06901264190673828,51456,3.6378753185272217,1.3853123188018799,0.0008851899765431881,0.2567669451236725,0.1143413558602333,,,,,,,,,,,
805,0.16664063930511475,0.16664063930511475,MoE-sBOED,0.06975460052490234,51520,3.58318829536438,1.3853994607925415,0.0011423968244343996,0.2554183900356293,0.11424726247787476,,,,,,,,,,,
806,0.15503907203674316,0.15503907203674316,MoE-sBOED,0.07048535346984863,51584,3.6114628314971924,1.3855966329574585,0.0015139145543798804,0.2528158128261566,0.1141870990395546,,,,,,,,,,,
807,0.1515234410762787,0.1515234410762787,MoE-sBOED,0.07027173042297363,51648,3.601952314376831,1.3855940103530884,0.0008978923433460295,0.25292059779167175,0.1141965463757515,,,,,,,,,,,
808,0.15503905713558197,0.15503905713558197,MoE-sBOED,0.06889104843139648,51712,3.5699679851531982,1.3855570554733276,0.0006590830162167549,0.25186967849731445,0.11422339081764221,,,,,,,,,,,
809,0.15714845061302185,0.15714845061302185,MoE-sBOED,0.06833505630493164,51776,3.4805703163146973,1.385512351989746,0.0005796388722956181,0.2536017596721649,0.11424732208251953,,,,,,,,,,,
810,0.15222656726837158,0.15222656726837158,MoE-sBOED,0.06923294067382812,51840,3.525378942489624,1.3855350017547607,0.0006043125758878887,0.25476497411727905,0.11426247656345367,,,,,,,,,,,
811,0.1603125035762787,0.1603125035762787,MoE-sBOED,0.07050251960754395,51904,3.591886281967163,1.3854650259017944,0.0007464821101166308,0.25297579169273376,0.11425495892763138,,,,,,,,,,,
812,0.15855468809604645,0.15855468809604645,MoE-sBOED,0.06905937194824219,51968,3.551515579223633,1.3853423595428467,0.0009200714994221926,0.255972295999527,0.11428055912256241,,,,,,,,,,,
813,0.16242188215255737,0.16242188215255737,MoE-sBOED,0.0686655044555664,52032,3.652758836746216,1.38528573513031,0.0010608999291434884,0.2550020217895508,0.11431733518838882,,,,,,,,,,,
814,0.1567968726158142,0.1567968726158142,MoE-sBOED,0.06877517700195312,52096,3.6966683864593506,1.3853667974472046,0.0010987850837409496,0.25520429015159607,0.11431016772985458,,,,,,,,,,,
815,0.17191407084465027,0.17191407084465027,MoE-sBOED,0.06834053993225098,52160,3.63932728767395,1.3854703903198242,0.001218325225636363,0.2563410699367523,0.11431972682476044,,,,,,,,,,,
816,0.15398438274860382,0.15398438274860382,MoE-sBOED,0.06911015510559082,52224,3.6292076110839844,1.3853249549865723,0.0013220772380009294,0.2588067054748535,0.11438777297735214,,,,,,,,,,,
817,0.15714845061302185,0.15714845061302185,MoE-sBOED,0.06896090507507324,52288,3.6006438732147217,1.3852624893188477,0.0012195458402857184,0.26019737124443054,0.1144813522696495,,,,,,,,,,,
818,0.15996094048023224,0.15996094048023224,MoE-sBOED,0.06916022300720215,52352,3.574033737182617,1.3852300643920898,0.0012535296846181154,0.2604934573173523,0.1145922839641571,,,,,,,,,,,
819,0.16066406667232513,0.16066406667232513,MoE-sBOED,0.0684361457824707,52416,3.550570011138916,1.3851265907287598,0.0013921719510108232,0.25926297903060913,0.11467194557189941,,,,,,,,,,,
820,0.15398436784744263,0.15398436784744263,MoE-sBOED,0.06891441345214844,52480,3.424459934234619,1.3849185705184937,0.0014130064519122243,0.2630426585674286,0.11474712938070297,,,,,,,,,,,
821,0.14765626192092896,0.14765626192092896,MoE-sBOED,0.06853699684143066,52544,3.3801910877227783,1.3847492933273315,0.0015488485805690289,0.2604432702064514,0.11481991410255432,,,,,,,,,,,
822,0.16980469226837158,0.16980469226837158,MoE-sBOED,0.06892919540405273,52608,3.427861452102661,1.3849157094955444,0.0016945013776421547,0.25412267446517944,0.11480891704559326,,,,,,,,,,,
823,0.16312500834465027,0.16312500834465027,MoE-sBOED,0.06862044334411621,52672,3.531097412109375,1.3850234746932983,0.001458231476135552,0.25402894616127014,0.11473733186721802,,,,,,,,,,,
824,0.15925781428813934,0.15925781428813934,MoE-sBOED,0.06914281845092773,52736,3.5407822132110596,1.3848609924316406,0.0010958396596834064,0.2561788260936737,0.11466529220342636,,,,,,,,,,,
825,0.15468750894069672,0.15468750894069672,MoE-sBOED,0.06847405433654785,52800,3.4931411743164062,1.3849691152572632,0.0011711547849699855,0.2556930482387543,0.11461321264505386,0.14818359375,0.04587890625,45,3.2777051838072677,0.3515625,0.0,1,0.0,0.04587890625,1,diagnostic_only
826,0.15539062023162842,0.15539062023162842,MoE-sBOED,0.06821489334106445,52864,3.661760091781616,1.38494074344635,0.0009261792292818427,0.2570490539073944,0.11451128870248795,,,,,,,,,,,
827,0.15503907203674316,0.16011717915534973,MoE-sBOED,0.0684046745300293,52928,3.6426217555999756,1.38499915599823,0.0008129061316139996,0.25598907470703125,0.11445686966180801,,,,,,,,,,,
828,0.16242188215255737,0.16242188215255737,MoE-sBOED,0.06840157508850098,52992,3.566805362701416,1.3849668502807617,0.0007976803462952375,0.25442925095558167,0.1144241914153099,,,,,,,,,,,
829,0.15468749403953552,0.15468749403953552,MoE-sBOED,0.06874370574951172,53056,3.6557044982910156,1.3852899074554443,0.0006535886786878109,0.2539049983024597,0.1143743246793747,,,,,,,,,,,
830,0.1515234410762787,0.1515234410762787,MoE-sBOED,0.06913566589355469,53120,3.6259467601776123,1.3855130672454834,0.0005922209238633513,0.25241363048553467,0.11430589854717255,,,,,,,,,,,
831,0.15328124165534973,0.15328124165534973,MoE-sBOED,0.0690011978149414,53184,3.621816396713257,1.385759711265564,0.000624678039457649,0.2517751157283783,0.11424165964126587,,,,,,,,,,,
832,0.15433594584465027,0.1629296839237213,MoE-sBOED,0.06867027282714844,53248,3.6034843921661377,1.385839581489563,0.0006138325552456081,0.25206828117370605,0.11419697105884552,,,,,,,,,,,
833,0.1596093773841858,0.1596093773841858,MoE-sBOED,0.06970810890197754,53312,3.488211154937744,1.3857495784759521,0.0006845802417956293,0.2547323405742645,0.11419078707695007,,,,,,,,,,,
834,0.15503905713558197,0.15503905713558197,MoE-sBOED,0.0690007209777832,53376,3.568319320678711,1.3857306241989136,0.0006762861157767475,0.25516924262046814,0.11418585479259491,,,,,,,,,,,
835,0.158203125,0.158203125,MoE-sBOED,0.06900548934936523,53440,3.4936301708221436,1.3855926990509033,0.0007621824042871594,0.25728583335876465,0.11420468240976334,,,,,,,,,,,
836,0.15363281965255737,0.15363281965255737,MoE-sBOED,0.07045102119445801,53504,3.5818932056427,1.3857048749923706,0.0008078760583885014,0.25491076707839966,0.11421336233615875,,,,,,,,,,,
837,0.15363281965255737,0.15363281965255737,MoE-sBOED,0.06961250305175781,53568,3.537842273712158,1.3856168985366821,0.001011890941299498,0.25539684295654297,0.11421896517276764,,,,,,,,,,,
838,0.15257813036441803,0.15257813036441803,MoE-sBOED,0.0686492919921875,53632,3.435304641723633,1.3854795694351196,0.0012377792736515403,0.25742363929748535,0.11427059769630432,,,,,,,,,,,
839,0.1603125035762787,0.1603125035762787,MoE-sBOED,0.06880712509155273,53696,3.4792213439941406,1.385411262512207,0.0013471405254676938,0.25802332162857056,0.11434059590101242,,,,,,,,,,,
840,0.1589062511920929,0.1589062511920929,MoE-sBOED,0.06841540336608887,53760,3.417456865310669,1.3853073120117188,0.001434333506040275,0.25920820236206055,0.11437934637069702,,,,,,,,,,,
841,0.15644532442092896,0.15644532442092896,MoE-sBOED,0.06914663314819336,53824,3.4582574367523193,1.3854042291641235,0.0014460030943155289,0.255990207195282,0.11439139395952225,,,,,,,,,,,
842,0.15117187798023224,0.15117187798023224,MoE-sBOED,0.06850576400756836,53888,3.4741623401641846,1.385381817817688,0.0014104061992838979,0.25587621331214905,0.11441905051469803,,,,,,,,,,,
843,0.1669921875,0.1669921875,MoE-sBOED,0.06874418258666992,53952,3.3377537727355957,1.3852953910827637,0.0013182524126023054,0.255368709564209,0.11447979509830475,,,,,,,,,,,
844,0.16101562976837158,0.16101562976837158,MoE-sBOED,0.06840324401855469,54016,3.381211042404175,1.3851686716079712,0.0010196464136242867,0.2554740607738495,0.11459127068519592,,,,,,,,,,,
845,0.15468750894069672,0.15468750894069672,MoE-sBOED,0.06880640983581543,54080,3.336721420288086,1.3849881887435913,0.001105909701436758,0.2573105990886688,0.11471190303564072,,,,,,,,,,,
846,0.16664063930511475,0.16664063930511475,MoE-sBOED,0.0687401294708252,54144,3.3427131175994873,1.3848730325698853,0.001029069535434246,0.2593310475349426,0.11485866457223892,,,,,,,,,,,
847,0.15539062023162842,0.15539062023162842,MoE-sBOED,0.06911563873291016,54208,3.312105655670166,1.3839658498764038,0.0012177570024505258,0.2645251154899597,0.11503449827432632,,,,,,,,,,,
848,0.15503907203674316,0.15503907203674316,MoE-sBOED,0.07035303115844727,54272,3.435471296310425,1.3839776515960693,0.0014426461420953274,0.2632790207862854,0.11514649540185928,,,,,,,,,,,
849,0.15433594584465027,0.15433594584465027,MoE-sBOED,0.07076001167297363,54336,3.3887317180633545,1.3835891485214233,0.0016985571710392833,0.26548272371292114,0.11522192507982254,,,,,,,,,,,
850,0.1508203148841858,0.1508203148841858,MoE-sBOED,0.06891727447509766,54400,3.4522793292999268,1.382799506187439,0.0018980414606630802,0.26649293303489685,0.11538896709680557,0.15064453125,0.05771484375,54,3.63282540604122,0.421875,0.0234375,1,0.0007031250000000001,0.05771484375,1,diagnostic_only
851,0.15187500417232513,0.15187500417232513,MoE-sBOED,0.06810760498046875,54464,3.4932854175567627,1.3822792768478394,0.0020337013993412256,0.26530522108078003,0.11547636985778809,,,,,,,,,,,
852,0.15046873688697815,0.15046873688697815,MoE-sBOED,0.06963014602661133,54528,3.438192129135132,1.3820197582244873,0.0020486440043896437,0.2682604491710663,0.11547186970710754,,,,,,,,,,,
853,0.15714843571186066,0.15714843571186066,MoE-sBOED,0.06990361213684082,54592,3.4377007484436035,1.3830699920654297,0.0017678465228527784,0.26941394805908203,0.11538869887590408,,,,,,,,,,,
854,0.15363281965255737,0.15363281965255737,MoE-sBOED,0.06956148147583008,54656,3.6222856044769287,1.3842915296554565,0.0014555534580722451,0.2573856711387634,0.1152561753988266,,,,,,,,,,,
855,0.1596093773841858,0.1596093773841858,MoE-sBOED,0.06894707679748535,54720,3.55061411857605,1.384149432182312,0.0013102727243676782,0.25716647505760193,0.11513730138540268,,,,,,,,,,,
856,0.15328125655651093,0.15328125655651093,MoE-sBOED,0.06850957870483398,54784,3.445443868637085,1.383364200592041,0.0013101805234327912,0.2610115706920624,0.11504758149385452,,,,,,,,,,,
857,0.15855468809604645,0.15855468809604645,MoE-sBOED,0.07081413269042969,54848,3.551898717880249,1.3837864398956299,0.0012434261152520776,0.2604076564311981,0.11495493352413177,,,,,,,,,,,
858,0.1480078101158142,0.1480078101158142,MoE-sBOED,0.07026100158691406,54912,3.4553372859954834,1.3827022314071655,0.001177225960418582,0.26444125175476074,0.11492578685283661,,,,,,,,,,,
859,0.1508203148841858,0.1508203148841858,MoE-sBOED,0.0696866512298584,54976,3.4229302406311035,1.3822894096374512,0.001058728783391416,0.26509353518486023,0.11492747813463211,,,,,,,,,,,
860,0.1567968726158142,0.16539064049720764,MoE-sBOED,0.06880617141723633,55040,3.4909579753875732,1.3831208944320679,0.0008929410832934082,0.25986698269844055,0.11492875963449478,,,,,,,,,,,
861,0.15925781428813934,0.15925781428813934,MoE-sBOED,0.06841635704040527,55104,3.529022693634033,1.3831274509429932,0.0009056468261405826,0.25562986731529236,0.11491568386554718,,,,,,,,,,,
862,0.15855468809604645,0.15855468809604645,MoE-sBOED,0.06925368309020996,55168,3.5558815002441406,1.3832343816757202,0.001119200955145061,0.25518813729286194,0.11488974839448929,,,,,,,,,,,
863,0.15292969346046448,0.15292969346046448,MoE-sBOED,0.06856608390808105,55232,3.490405321121216,1.382276177406311,0.0012775508221238852,0.2574039399623871,0.11487369239330292,,,,,,,,,,,
864,0.1574999988079071,0.1574999988079071,MoE-sBOED,0.06860232353210449,55296,3.4552197456359863,1.3817131519317627,0.0012784423306584358,0.25933530926704407,0.11485765874385834,,,,,,,,,,,
865,0.1515234410762787,0.1515234410762787,MoE-sBOED,0.06881451606750488,55360,3.396376132965088,1.3818764686584473,0.0012601636117324233,0.2596939504146576,0.11484906822443008,,,,,,,,,,,
866,0.1589062511920929,0.1589062511920929,MoE-sBOED,0.06858301162719727,55424,3.4842286109924316,1.3829320669174194,0.0012609416153281927,0.255350798368454,0.11478778719902039,,,,,,,,,,,
867,0.16277343034744263,0.16277343034744263,MoE-sBOED,0.06909441947937012,55488,3.532729387283325,1.3832485675811768,0.0011260726023465395,0.255230188369751,0.11467133462429047,,,,,,,,,,,
868,0.1560937464237213,0.1560937464237213,MoE-sBOED,0.06847238540649414,55552,3.556366443634033,1.3835505247116089,0.0009763449779711664,0.25418922305107117,0.114576555788517,,,,,,,,,,,
869,0.1676953136920929,0.1676953136920929,MoE-sBOED,0.06966805458068848,55616,3.4898548126220703,1.3835763931274414,0.0007610108004882932,0.2581305503845215,0.11451026797294617,,,,,,,,,,,
870,0.15855470299720764,0.15855470299720764,MoE-sBOED,0.07013940811157227,55680,3.4850425720214844,1.3838423490524292,0.0006593906437046826,0.2566588819026947,0.11445482075214386,,,,,,,,,,,
871,0.14835938811302185,0.14835938811302185,MoE-sBOED,0.06833600997924805,55744,3.5469086170196533,1.3844679594039917,0.0006191881257109344,0.25376519560813904,0.11441762745380402,,,,,,,,,,,
872,0.1501171886920929,0.1501171886920929,MoE-sBOED,0.0688481330871582,55808,3.4915683269500732,1.3847805261611938,0.0006676926859654486,0.25480228662490845,0.11438677459955215,,,,,,,,,,,
873,0.14695313572883606,0.14695313572883606,MoE-sBOED,0.06904268264770508,55872,3.48594069480896,1.3848192691802979,0.0007464676164090633,0.25417768955230713,0.11433020234107971,,,,,,,,,,,
874,0.14976562559604645,0.14976562559604645,MoE-sBOED,0.06898069381713867,55936,3.540975332260132,1.3849718570709229,0.000850786454975605,0.2549514174461365,0.11422202736139297,,,,,,,,,,,
875,0.15785157680511475,0.15785157680511475,MoE-sBOED,0.0695648193359375,56000,3.527080535888672,1.384719729423523,0.0009894520044326782,0.2567501962184906,0.1140889823436737,0.15046875000000004,0.0575390625,44,3.3633345273899984,0.34375,0.0234375,1,0.000703125,0.0575390625,1,diagnostic_only
876,0.1494140625,0.1494140625,MoE-sBOED,0.06981563568115234,56064,3.673877477645874,1.3849989175796509,0.0012255972251296043,0.2564365565776825,0.11396744847297668,,,,,,,,,,,
877,0.16593749821186066,0.16593749821186066,MoE-sBOED,0.07031846046447754,56128,3.5725200176239014,1.384729266166687,0.0015336499782279134,0.2559492886066437,0.11388615518808365,,,,,,,,,,,
878,0.1589062511920929,0.1589062511920929,MoE-sBOED,0.06885361671447754,56192,3.537372589111328,1.3846502304077148,0.0014755565207451582,0.2575756311416626,0.11385044455528259,,,,,,,,,,,
879,0.1574999988079071,0.1574999988079071,MoE-sBOED,0.0690314769744873,56256,3.482556104660034,1.3845348358154297,0.0013717408291995525,0.2601664066314697,0.11384326964616776,,,,,,,,,,,
880,0.1567968726158142,0.1567968726158142,MoE-sBOED,0.06882882118225098,56320,3.500436544418335,1.3847846984863281,0.001230248250067234,0.2610766589641571,0.11384105682373047,,,,,,,,,,,
881,0.15574219822883606,0.15574219822883606,MoE-sBOED,0.06935453414916992,56384,3.517444610595703,1.3849786520004272,0.0010819326853379607,0.25940635800361633,0.11386528611183167,,,,,,,,,,,
882,0.15574218332767487,0.15574218332767487,MoE-sBOED,0.0688626766204834,56448,3.533358335494995,1.3852509260177612,0.000814411963801831,0.2578504979610443,0.11391151696443558,,,,,,,,,,,
883,0.16312500834465027,0.16312500834465027,MoE-sBOED,0.06915712356567383,56512,3.5029659271240234,1.3852577209472656,0.000743840413633734,0.25682735443115234,0.11392533034086227,,,,,,,,,,,
884,0.15187500417232513,0.15187500417232513,MoE-sBOED,0.07084894180297852,56576,3.5175812244415283,1.3853782415390015,0.0007053732988424599,0.2536481022834778,0.1139005795121193,,,,,,,,,,,
885,0.15257811546325684,0.15257811546325684,MoE-sBOED,0.06887698173522949,56640,3.377558946609497,1.385251760482788,0.0006531693506985903,0.25531360507011414,0.11390933394432068,,,,,,,,,,,
886,0.16664063930511475,0.16664063930511475,MoE-sBOED,0.06897091865539551,56704,3.458625078201294,1.3852933645248413,0.0006911730743013322,0.25342556834220886,0.11393099278211594,,,,,,,,,,,
887,0.16171875596046448,0.16171875596046448,MoE-sBOED,0.06839990615844727,56768,3.4399678707122803,1.385358452796936,0.0007137922220863402,0.25361552834510803,0.11392510682344437,,,,,,,,,,,
888,0.15503907203674316,0.15503907203674316,MoE-sBOED,0.06855368614196777,56832,3.3572137355804443,1.3853098154067993,0.0007729106000624597,0.25446662306785583,0.11392626911401749,,,,,,,,,,,
889,0.15363281965255737,0.15363281965255737,MoE-sBOED,0.06832289695739746,56896,3.256706714630127,1.3852051496505737,0.0008710817201063037,0.2565487027168274,0.11395439505577087,,,,,,,,,,,
890,0.1567968726158142,0.1567968726158142,MoE-sBOED,0.06863689422607422,56960,3.4224853515625,1.3852529525756836,0.0009293371113017201,0.255187451839447,0.1139618530869484,,,,,,,,,,,
891,0.15292969346046448,0.15292969346046448,MoE-sBOED,0.06862020492553711,57024,3.5305397510528564,1.3853200674057007,0.0009763848502188921,0.25775110721588135,0.11395338177680969,,,,,,,,,,,
892,0.15292969346046448,0.15292969346046448,MoE-sBOED,0.06912851333618164,57088,3.525639295578003,1.3853005170822144,0.0010578192304819822,0.25594624876976013,0.11392408609390259,,,,,,,,,,,
893,0.15925781428813934,0.15925781428813934,MoE-sBOED,0.0690162181854248,57152,3.540086507797241,1.385035753250122,0.0011692256666719913,0.2529359459877014,0.11384604126214981,,,,,,,,,,,
894,0.15328125655651093,0.15328125655651093,MoE-sBOED,0.06854915618896484,57216,3.5530807971954346,1.3849022388458252,0.001038416987285018,0.25226834416389465,0.11375869810581207,,,,,,,,,,,
895,0.15292969346046448,0.15292969346046448,MoE-sBOED,0.06858277320861816,57280,3.4997527599334717,1.3846298456192017,0.0010002534836530685,0.25418615341186523,0.11371865123510361,,,,,,,,,,,
896,0.14660155773162842,0.14660155773162842,MoE-sBOED,0.06883859634399414,57344,3.506784200668335,1.3846523761749268,0.0010301143629476428,0.25491222739219666,0.11371566355228424,,,,,,,,,,,
897,0.16277343034744263,0.16277343034744263,MoE-sBOED,0.0686635971069336,57408,3.4797439575195312,1.3846687078475952,0.0011632514651864767,0.2564849555492401,0.11374296993017197,,,,,,,,,,,
898,0.15644532442092896,0.15644532442092896,MoE-sBOED,0.06868958473205566,57472,3.5646309852600098,1.384985089302063,0.0011297196615487337,0.25498324632644653,0.11373426020145416,,,,,,,,,,,
899,0.15363281965255737,0.15363281965255737,MoE-sBOED,0.06854534149169922,57536,3.4749038219451904,1.3846243619918823,0.001162601402029395,0.2598864734172821,0.1137474924325943,,,,,,,,,,,
900,0.15539062023162842,0.15539062023162842,MoE-sBOED,0.06829166412353516,57600,3.5147674083709717,1.3850637674331665,0.001380329136736691,0.2580937445163727,0.1138089969754219,0.1458984375,0.06312499999999999,14,2.3481719607352396,0.109375,0.0546875,0,0.00140625,1000.11,0,diagnostic_only
901,0.15644532442092896,0.15644532442092896,MoE-sBOED,0.06831097602844238,57664,3.5350983142852783,1.385056734085083,0.0015724357217550278,0.25714609026908875,0.11382231116294861,,,,,,,,,,,
902,0.16664062440395355,0.16664062440395355,MoE-sBOED,0.06863069534301758,57728,3.552727222442627,1.3852022886276245,0.0016723978333175182,0.2534392774105072,0.11380670219659805,,,,,,,,,,,
903,0.16347655653953552,0.16347655653953552,MoE-sBOED,0.06906580924987793,57792,3.6227409839630127,1.3852618932724,0.0016919303452596068,0.2537430226802826,0.11379275470972061,,,,,,,,,,,
904,0.16664063930511475,0.16664063930511475,MoE-sBOED,0.06837749481201172,57856,3.563662052154541,1.38490891456604,0.0016485861269757152,0.2541525065898895,0.1138003021478653,,,,,,,,,,,
905,0.17121094465255737,0.17628906667232513,MoE-sBOED,0.0688011646270752,57920,3.525279998779297,1.3846567869186401,0.001589361927472055,0.2537289559841156,0.11382319033145905,,,,,,,,,,,
906,0.16347655653953552,0.16347655653953552,MoE-sBOED,0.06935715675354004,57984,3.4876859188079834,1.3848294019699097,0.0016267450992017984,0.25117307901382446,0.11386117339134216,,,,,,,,,,,
907,0.15785156190395355,0.15785156190395355,MoE-sBOED,0.06914210319519043,58048,3.468198537826538,1.3848332166671753,0.0015577049925923347,0.25291216373443604,0.11392495781183243,,,,,,,,,,,
908,0.15328124165534973,0.15328124165534973,MoE-sBOED,0.06934142112731934,58112,3.4522621631622314,1.3846012353897095,0.001513159484602511,0.25513821840286255,0.11397478729486465,,,,,,,,,,,
909,0.16242188215255737,0.16242188215255737,MoE-sBOED,0.06888556480407715,58176,3.4363555908203125,1.384608507156372,0.0014291693223640323,0.25738129019737244,0.11399982869625092,,,,,,,,,,,
910,0.16101562976837158,0.16101562976837158,MoE-sBOED,0.07060647010803223,58240,3.4631943702697754,1.3845350742340088,0.0013572790194302797,0.25709372758865356,0.11400948464870453,,,,,,,,,,,
911,0.1487109363079071,0.1487109363079071,MoE-sBOED,0.0690617561340332,58304,3.370616912841797,1.3840941190719604,0.0013757185079157352,0.2595903277397156,0.1139867752790451,,,,,,,,,,,
912,0.15187500417232513,0.15187500417232513,MoE-sBOED,0.06896853446960449,58368,3.387934923171997,1.384081482887268,0.0013678479008376598,0.2554919719696045,0.11395261436700821,,,,,,,,,,,
913,0.15117187798023224,0.15117187798023224,MoE-sBOED,0.07028889656066895,58432,3.3544578552246094,1.3837300539016724,0.0012809118488803506,0.255474328994751,0.11395315825939178,,,,,,,,,,,
914,0.15328124165534973,0.15328124165534973,MoE-sBOED,0.06906318664550781,58496,3.4502358436584473,1.384167194366455,0.0012509031221270561,0.2580524981021881,0.11398264020681381,,,,,,,,,,,
915,0.14976562559604645,0.14976562559604645,MoE-sBOED,0.06994771957397461,58560,3.4835727214813232,1.383935809135437,0.0013020791811868548,0.2581826150417328,0.11399880051612854,,,,,,,,,,,
916,0.15222656726837158,0.15222656726837158,MoE-sBOED,0.0701904296875,58624,3.4284286499023438,1.3838551044464111,0.0013162718387320638,0.255919873714447,0.11395727097988129,,,,,,,,,,,
917,0.16066406667232513,0.16066406667232513,MoE-sBOED,0.06884074211120605,58688,3.4505298137664795,1.3839043378829956,0.0013580899685621262,0.2572518289089203,0.11393585801124573,,,,,,,,,,,
918,0.15925781428813934,0.15925781428813934,MoE-sBOED,0.06911301612854004,58752,3.4968326091766357,1.3840922117233276,0.0018084775656461716,0.25801971554756165,0.11393371969461441,,,,,,,,,,,
919,0.1596093773841858,0.1596093773841858,MoE-sBOED,0.06851387023925781,58816,3.488976240158081,1.3838804960250854,0.002696773037314415,0.25725579261779785,0.11393020302057266,,,,,,,,,,,
920,0.1553906351327896,0.1553906351327896,MoE-sBOED,0.0686330795288086,58880,3.485736608505249,1.3839342594146729,0.0016707294853404164,0.25717267394065857,0.11392185091972351,,,,,,,,,,,
921,0.15785156190395355,0.15785156190395355,MoE-sBOED,0.06879138946533203,58944,3.5519845485687256,1.3844033479690552,0.0012136102886870503,0.2567928731441498,0.11389092355966568,,,,,,,,,,,
922,0.15468750894069672,0.15468750894069672,MoE-sBOED,0.06849074363708496,59008,3.5544846057891846,1.384190559387207,0.0011550203198567033,0.2567574083805084,0.1138828843832016,,,,,,,,,,,
923,0.1522265523672104,0.1522265523672104,MoE-sBOED,0.06883549690246582,59072,3.4626100063323975,1.3837735652923584,0.0010906667448580265,0.25333529710769653,0.113901786506176,,,,,,,,,,,
924,0.15433594584465027,0.15433594584465027,MoE-sBOED,0.0689382553100586,59136,3.4796483516693115,1.384016752243042,0.0012286996934562922,0.2524060904979706,0.11392364650964737,,,,,,,,,,,
925,0.14765626192092896,0.14765626192092896,MoE-sBOED,0.0688483715057373,59200,3.444201707839966,1.3839510679244995,0.001314022927545011,0.2554048001766205,0.11392237991094589,0.14818359374999998,0.056035156249999996,25,2.7945616052760838,0.1953125,0.03125,1,0.000703125,0.056035156249999996,0,diagnostic_only
926,0.1655859351158142,0.17066405713558197,MoE-sBOED,0.06849288940429688,59264,3.5193841457366943,1.3843376636505127,0.0013232094934210181,0.25176605582237244,0.11391488462686539,,,,,,,,,,,
927,0.1508203148841858,0.1508203148841858,MoE-sBOED,0.06836557388305664,59328,3.360975742340088,1.3836028575897217,0.001140910666435957,0.2557314932346344,0.11392507702112198,,,,,,,,,,,
928,0.15433593094348907,0.15433593094348907,MoE-sBOED,0.06910347938537598,59392,3.3918983936309814,1.3838064670562744,0.0014351644786074758,0.25351107120513916,0.1139313206076622,,,,,,,,,,,
929,0.16066406667232513,0.16066406667232513,MoE-sBOED,0.06851077079772949,59456,3.5471882820129395,1.383920431137085,0.0014043314149603248,0.2548538148403168,0.11390258371829987,,,,,,,,,,,
930,0.1553906351327896,0.1553906351327896,MoE-sBOED,0.06871628761291504,59520,3.4641168117523193,1.3836737871170044,0.0015266072005033493,0.25382834672927856,0.11384201049804688,,,,,,,,,,,
931,0.16242188215255737,0.16242188215255737,MoE-sBOED,0.06961679458618164,59584,3.48823618888855,1.3838932514190674,0.001715941820293665,0.25610998272895813,0.11377248167991638,,,,,,,,,,,
932,0.1560937464237213,0.1560937464237213,MoE-sBOED,0.06885385513305664,59648,3.418891191482544,1.3838064670562744,0.0016721169231459498,0.2553577423095703,0.1137578934431076,,,,,,,,,,,
933,0.16277344524860382,0.16277344524860382,MoE-sBOED,0.06879901885986328,59712,3.380549669265747,1.3836313486099243,0.0017107577295973897,0.25544628500938416,0.11374746263027191,,,,,,,,,,,
934,0.1596093773841858,0.1596093773841858,MoE-sBOED,0.06902551651000977,59776,3.414860248565674,1.3836182355880737,0.001587814767844975,0.2565796971321106,0.1137402132153511,,,,,,,,,,,
935,0.16136717796325684,0.16136717796325684,MoE-sBOED,0.06883811950683594,59840,3.4499614238739014,1.383239984512329,0.001754361903294921,0.2582303583621979,0.11375133693218231,,,,,,,,,,,
936,0.16066406667232513,0.16066406667232513,MoE-sBOED,0.07067418098449707,59904,3.495302677154541,1.3832226991653442,0.0019998180214315653,0.25984153151512146,0.1137445792555809,,,,,,,,,,,
937,0.15046875178813934,0.15046875178813934,MoE-sBOED,0.06927347183227539,59968,3.511476516723633,1.3834160566329956,0.0019509629346430302,0.260243684053421,0.1137523353099823,,,,,,,,,,,
938,0.1487109363079071,0.1487109363079071,MoE-sBOED,0.06875967979431152,60032,3.5266926288604736,1.3837430477142334,0.0018732375465333462,0.2601284086704254,0.11376466602087021,,,,,,,,,,,
939,0.1691015660762787,0.1691015660762787,MoE-sBOED,0.07071995735168457,60096,3.464885711669922,1.383358359336853,0.0019289440242573619,0.2574159801006317,0.11376501619815826,,,,,,,,,,,
940,0.17050781846046448,0.17050781846046448,MoE-sBOED,0.06853318214416504,60160,3.4446353912353516,1.3835511207580566,0.0019543119706213474,0.2550688087940216,0.11376229673624039,,,,,,,,,,,
941,0.1641796976327896,0.1641796976327896,MoE-sBOED,0.069000244140625,60224,3.4565141201019287,1.3835850954055786,0.0021950146183371544,0.25337788462638855,0.11374112218618393,,,,,,,,,,,
942,0.1501171886920929,0.1501171886920929,MoE-sBOED,0.06876683235168457,60288,3.4853265285491943,1.3839730024337769,0.002598700113594532,0.2519308030605316,0.11372703313827515,,,,,,,,,,,
943,0.15714843571186066,0.15714843571186066,MoE-sBOED,0.06885361671447754,60352,3.4787354469299316,1.3838311433792114,0.0032340309116989374,0.25254377722740173,0.11372269690036774,,,,,,,,,,,
944,0.16417968273162842,0.16417968273162842,MoE-sBOED,0.06897592544555664,60416,3.5770440101623535,1.3842344284057617,0.0030627429950982332,0.2527913749217987,0.11372187733650208,,,,,,,,,,,
945,0.15222656726837158,0.15222656726837158,MoE-sBOED,0.06896305084228516,60480,3.5294463634490967,1.3840183019638062,0.003065283177420497,0.25232288241386414,0.11371751129627228,,,,,,,,,,,
946,0.14835938811302185,0.14835938811302185,MoE-sBOED,0.07286238670349121,60544,3.482393980026245,1.3833993673324585,0.003128955140709877,0.25635501742362976,0.11372338235378265,,,,,,,,,,,
947,0.1567968726158142,0.1567968726158142,MoE-sBOED,0.07018494606018066,60608,3.5202229022979736,1.3830845355987549,0.0032082179095596075,0.2551330029964447,0.11375056207180023,,,,,,,,,,,
948,0.15117187798023224,0.15117187798023224,MoE-sBOED,0.0691673755645752,60672,3.527358293533325,1.383218765258789,0.0034604505635797977,0.2550171911716461,0.11381614953279495,,,,,,,,,,,
949,0.15222656726837158,0.15222656726837158,MoE-sBOED,0.06837868690490723,60736,3.4661195278167725,1.3827775716781616,0.0034450264647603035,0.2594955861568451,0.11388078331947327,,,,,,,,,,,
950,0.1641796976327896,0.1641796976327896,MoE-sBOED,0.0691373348236084,60800,3.529317617416382,1.383207082748413,0.0037005615886300802,0.2537178695201874,0.11390438675880432,0.14994140625000002,0.05271484375,46,3.4333834405733006,0.359375,0.015625,1,0.0003515625000000002,0.05271484375,1,diagnostic_only
951,0.1641796976327896,0.1641796976327896,MoE-sBOED,0.06815981864929199,60864,3.6366512775421143,1.3835060596466064,0.0037692778278142214,0.2576640248298645,0.11387375742197037,,,,,,,,,,,
952,0.16207031905651093,0.16207031905651093,MoE-sBOED,0.06841659545898438,60928,3.6340534687042236,1.3838284015655518,0.003065065946429968,0.2575981318950653,0.11382405459880829,,,,,,,,,,,
953,0.14765626192092896,0.14765626192092896,MoE-sBOED,0.0688631534576416,60992,3.5594851970672607,1.3837660551071167,0.0021851470228284597,0.2546754777431488,0.11378377676010132,,,,,,,,,,,
954,0.1662890613079071,0.1662890613079071,MoE-sBOED,0.06877398490905762,61056,3.542583465576172,1.3839420080184937,0.0031285318545997143,0.25176844000816345,0.11375679075717926,,,,,,,,,,,
955,0.14308594167232513,0.14308594167232513,MoE-sBOED,0.06840229034423828,61120,3.6074376106262207,1.3842555284500122,0.0028364104218780994,0.25264593958854675,0.1137862503528595,,,,,,,,,,,
956,0.1494140625,0.1494140625,MoE-sBOED,0.06894922256469727,61184,3.5601449012756348,1.3841699361801147,0.0024518428836017847,0.2517589330673218,0.11384120583534241,,,,,,,,,,,
957,0.1567968726158142,0.1567968726158142,MoE-sBOED,0.0684347152709961,61248,3.498603582382202,1.3841898441314697,0.0024038460105657578,0.25196799635887146,0.11384215950965881,,,,,,,,,,,
958,0.1589062511920929,0.1589062511920929,MoE-sBOED,0.0691218376159668,61312,3.582047700881958,1.3847078084945679,0.002494074637070298,0.2532752454280853,0.11381658166646957,,,,,,,,,,,
959,0.15117189288139343,0.15117189288139343,MoE-sBOED,0.06859540939331055,61376,3.4137370586395264,1.3844901323318481,0.002345479093492031,0.2539256513118744,0.11380232870578766,,,,,,,,,,,
960,0.15292967855930328,0.15292967855930328,MoE-sBOED,0.06934165954589844,61440,3.416991949081421,1.3845391273498535,0.0024754160549491644,0.25427743792533875,0.11382889002561569,,,,,,,,,,,
961,0.1589062511920929,0.1589062511920929,MoE-sBOED,0.07048249244689941,61504,3.576366901397705,1.3850066661834717,0.002530080731958151,0.2535058259963989,0.11384962499141693,,,,,,,,,,,
962,0.16804689168930054,0.16804689168930054,MoE-sBOED,0.06878328323364258,61568,3.5514543056488037,1.384843111038208,0.0022591862361878157,0.25312575697898865,0.11385113000869751,,,,,,,,,,,
963,0.16171875596046448,0.16171875596046448,MoE-sBOED,0.06858515739440918,61632,3.393728017807007,1.3846148252487183,0.0018656381871551275,0.2521193325519562,0.1138526052236557,,,,,,,,,,,
964,0.1515234410762787,0.1515234410762787,MoE-sBOED,0.06872367858886719,61696,3.3679447174072266,1.3845601081848145,0.002001806627959013,0.25201615691185,0.1139051765203476,,,,,,,,,,,
965,0.1662890613079071,0.1662890613079071,MoE-sBOED,0.06969571113586426,61760,3.4618117809295654,1.3851419687271118,0.0021202017087489367,0.25449666380882263,0.11396168917417526,,,,,,,,,,,
966,0.1589062511920929,0.1589062511920929,MoE-sBOED,0.07596564292907715,61824,3.4393913745880127,1.385088562965393,0.0020452141761779785,0.25512048602104187,0.11397873610258102,,,,,,,,,,,
967,0.15785156190395355,0.15785156190395355,MoE-sBOED,0.0691227912902832,61888,3.448446750640869,1.3852256536483765,0.002015578793361783,0.2544670104980469,0.11397314816713333,,,,,,,,,,,
968,0.15539062023162842,0.15539062023162842,MoE-sBOED,0.06851363182067871,61952,3.4310531616210938,1.3851951360702515,0.001917378744110465,0.25252765417099,0.1139831691980362,,,,,,,,,,,
969,0.15714843571186066,0.15714843571186066,MoE-sBOED,0.06914329528808594,62016,3.4542553424835205,1.3849663734436035,0.001945870346389711,0.2512770891189575,0.1140327900648117,,,,,,,,,,,
970,0.15398438274860382,0.15398438274860382,MoE-sBOED,0.0688161849975586,62080,3.4120163917541504,1.384548544883728,0.0019266048911958933,0.2520059645175934,0.11413183808326721,,,,,,,,,,,
971,0.1567968726158142,0.1567968726158142,MoE-sBOED,0.07083702087402344,62144,3.4339332580566406,1.3849281072616577,0.0017708585364744067,0.25203877687454224,0.11421456187963486,,,,,,,,,,,
972,0.15925781428813934,0.15925781428813934,MoE-sBOED,0.07479214668273926,62208,3.382528781890869,1.3847277164459229,0.0014679372543469071,0.2525201439857483,0.11422474682331085,,,,,,,,,,,
973,0.16171875596046448,0.16171875596046448,MoE-sBOED,0.07648849487304688,62272,3.5446221828460693,1.3853094577789307,0.0013591846218332648,0.25442934036254883,0.11417747288942337,,,,,,,,,,,
974,0.15433594584465027,0.15433594584465027,MoE-sBOED,0.07012748718261719,62336,3.5317599773406982,1.3853024244308472,0.0012663777451962233,0.2555956542491913,0.11413514614105225,,,,,,,,,,,
975,0.15046873688697815,0.15046873688697815,MoE-sBOED,0.06843209266662598,62400,3.5075230598449707,1.3853901624679565,0.0011792749864980578,0.25630488991737366,0.11410465091466904,0.14712890625000002,0.06611328124999999,32,3.1170829264407374,0.25,0.0546875,0,0.00158203125,1000.11298828125,1,diagnostic_only
976,0.1508203148841858,0.1508203148841858,MoE-sBOED,0.06823086738586426,62464,3.497803211212158,1.3854058980941772,0.00109797902405262,0.25642523169517517,0.11406879127025604,,,,,,,,,,,
977,0.14906251430511475,0.14906251430511475,MoE-sBOED,0.06836295127868652,62528,3.5531280040740967,1.3855688571929932,0.001085652969777584,0.2562916874885559,0.11404045671224594,,,,,,,,,,,
978,0.1508203148841858,0.1508203148841858,MoE-sBOED,0.0696108341217041,62592,3.5391957759857178,1.385532259941101,0.0011716005392372608,0.2552367150783539,0.1140502318739891,,,,,,,,,,,
979,0.1487109512090683,0.1487109512090683,MoE-sBOED,0.07032942771911621,62656,3.544665575027466,1.3856090307235718,0.001135639613494277,0.2544325292110443,0.1140700951218605,,,,,,,,,,,
980,0.15468750894069672,0.15468750894069672,MoE-sBOED,0.06887364387512207,62720,3.484288454055786,1.3855386972427368,0.001212816103361547,0.2532098889350891,0.11406806856393814,,,,,,,,,,,
981,0.15503907203674316,0.15503907203674316,MoE-sBOED,0.07013916969299316,62784,3.558849334716797,1.385569453239441,0.0011748815886676311,0.25400233268737793,0.11403776705265045,,,,,,,,,,,
982,0.1603125035762787,0.1603125035762787,MoE-sBOED,0.06943106651306152,62848,3.5547993183135986,1.3856128454208374,0.0012045231414958835,0.2537580728530884,0.11403564363718033,,,,,,,,,,,
983,0.16347655653953552,0.16347655653953552,MoE-sBOED,0.06911039352416992,62912,3.5668835639953613,1.3855942487716675,0.0012297729263082147,0.25325360894203186,0.11403246968984604,,,,,,,,,,,
984,0.1648828238248825,0.1648828238248825,MoE-sBOED,0.07069993019104004,62976,3.490957260131836,1.3855342864990234,0.0010974386241286993,0.25495803356170654,0.1139877438545227,,,,,,,,,,,
985,0.1560937464237213,0.1560937464237213,MoE-sBOED,0.06959962844848633,63040,3.5350136756896973,1.3853548765182495,0.0009374684887006879,0.2553248405456543,0.1139717623591423,,,,,,,,,,,
986,0.14835938811302185,0.14835938811302185,MoE-sBOED,0.0689699649810791,63104,3.6024739742279053,1.3853522539138794,0.0009161041234619915,0.25384464859962463,0.11400293558835983,,,,,,,,,,,
987,0.16207030415534973,0.16207030415534973,MoE-sBOED,0.06878280639648438,63168,3.4592208862304688,1.3849109411239624,0.001007814658805728,0.25723621249198914,0.11405628174543381,,,,,,,,,,,
988,0.1560937464237213,0.1560937464237213,MoE-sBOED,0.06885361671447754,63232,3.4659745693206787,1.3847938776016235,0.0010852462146431208,0.25864118337631226,0.114143505692482,,,,,,,,,,,
989,0.15539062023162842,0.15539062023162842,MoE-sBOED,0.06864285469055176,63296,3.5101706981658936,1.3845239877700806,0.0011709517566487193,0.25850293040275574,0.11427225172519684,,,,,,,,,,,
990,0.16874998807907104,0.16874998807907104,MoE-sBOED,0.06856727600097656,63360,3.5157508850097656,1.3846817016601562,0.001232356415130198,0.25574779510498047,0.11435625702142715,,,,,,,,,,,
991,0.15046875178813934,0.15046875178813934,MoE-sBOED,0.06941795349121094,63424,3.591505527496338,1.3849375247955322,0.0013382616452872753,0.2527838349342346,0.11437858641147614,,,,,,,,,,,
992,0.15187500417232513,0.15187500417232513,MoE-sBOED,0.0717318058013916,63488,3.3958451747894287,1.3845113515853882,0.001664471230469644,0.2562274634838104,0.11438148468732834,,,,,,,,,,,
993,0.16277343034744263,0.16277343034744263,MoE-sBOED,0.0696554183959961,63552,3.481161594390869,1.384767770767212,0.0018364139832556248,0.2538162171840668,0.11438120901584625,,,,,,,,,,,
994,0.1515234410762787,0.1515234410762787,MoE-sBOED,0.06864118576049805,63616,3.435213804244995,1.3845986127853394,0.0015614869771525264,0.25663575530052185,0.1144038587808609,,,,,,,,,,,
995,0.16136719286441803,0.16136719286441803,MoE-sBOED,0.06920504570007324,63680,3.4483354091644287,1.3845949172973633,0.0014552692882716656,0.25857600569725037,0.11447037756443024,,,,,,,,,,,
996,0.15855468809604645,0.17066407203674316,MoE-sBOED,0.06907510757446289,63744,3.5214951038360596,1.3844407796859741,0.0015228291740640998,0.2597225606441498,0.11450463533401489,,,,,,,,,,,
997,0.15503907203674316,0.15503907203674316,MoE-sBOED,0.06838822364807129,63808,3.352308750152588,1.383139967918396,0.0015057469718158245,0.2658916413784027,0.11447588354349136,,,,,,,,,,,
998,0.16734376549720764,0.16734376549720764,MoE-sBOED,0.06896710395812988,63872,3.5525615215301514,1.3837140798568726,0.0015476600965484977,0.254992812871933,0.11441429704427719,,,,,,,,,,,
999,0.15925782918930054,0.15925782918930054,MoE-sBOED,0.06883454322814941,63936,3.5085418224334717,1.382895827293396,0.0013438269961625338,0.25830313563346863,0.11440982669591904,,,,,,,,,,,
1000,0.1574999988079071,0.1574999988079071,MoE-sBOED,0.07131576538085938,64000,3.384786605834961,1.3806785345077515,0.0011357755865901709,0.2707386016845703,0.11440439522266388,0.14958984375,0.05490234375,24,2.6655600106015855,0.1875,0.0234375,1,0.0005273437499999998,0.05490234375,0,diagnostic_only
